kind,make,line,model,year,url,http_status,bytes,sha256,retrieved_at,path,status,note
products_r,hyundai,,,2014,https://api.nhtsa.gov/products/vehicle/models?modelYear=2014&make=HYUNDAI&issueType=r,200,1093,b3ecc3e7d6ec32030c3b9e4d5c34d24e17b1236b63c66f5837802539425b7807,2026-10-02T08:25:36+00:00,nhtsa/products/hyundai/2014_r.json.gz,ok,
products_c,hyundai,,,2014,https://api.nhtsa.gov/products/vehicle/models?modelYear=2014&make=HYUNDAI&issueType=c,200,1093,b3ecc3e7d6ec32030c3b9e4d5c34d24e17b1236b63c66f5837802539425b7807,2026-10-02T08:25:38+00:00,nhtsa/products/hyundai/2014_c.json.gz,ok,
products_r,hyundai,,,2015,https://api.nhtsa.gov/products/vehicle/models?modelYear=2015&make=HYUNDAI&issueType=r,200,1214,5270c046d2fb1da0f4d05fd7aa2b502eea617675b8c7097f0e0bad2736621763,2026-10-02T08:25:40+00:00,nhtsa/products/hyundai/2015_r.json.gz,ok,
products_c,hyundai,,,2015,https://api.nhtsa.gov/products/vehicle/models?modelYear=2015&make=HYUNDAI&issueType=c,200,1214,5270c046d2fb1da0f4d05fd7aa2b502eea617675b8c7097f0e0bad2736621763,2026-10-02T08:25:42+00:00,nhtsa/products/hyundai/2015_c.json.gz,ok,
products_r,hyundai,,,2016,https://api.nhtsa.gov/products/vehicle/models?modelYear=2016&make=HYUNDAI&issueType=r,200,1283,7a16cf7fa9c45a21c4a2fae83997f968b319806a31abef0fccb2e93d799308ac,2026-10-02T08:25:44+00:00,nhtsa/products/hyundai/2016_r.json.gz,ok,
products_c,hyundai,,,2016,https://api.nhtsa.gov/products/vehicle/models?modelYear=2016&make=HYUNDAI&issueType=c,200,1283,7a16cf7fa9c45a21c4a2fae83997f968b319806a31abef0fccb2e93d799308ac,2026-10-02T08:25:46+00:00,nhtsa/products/hyundai/2016_c.json.gz,ok,
products_r,hyundai,,,2017,https://api.nhtsa.gov/products/vehicle/models?modelYear=2017&make=HYUNDAI&issueType=r,200,1179,db1f915512ce0219ecdbc2d5f94c8ff99256d45630b19a08b97b8866895a6b5e,2026-10-02T08:25:53+00:00,nhtsa/products/hyundai/2017_r.json.gz,ok,
products_c,hyundai,,,2017,https://api.nhtsa.gov/products/vehicle/models?modelYear=2017&make=HYUNDAI&issueType=c,200,1179,db1f915512ce0219ecdbc2d5f94c8ff99256d45630b19a08b97b8866895a6b5e,2026-10-02T08:25:55+00:00,nhtsa/products/hyundai/2017_c.json.gz,ok,
products_r,hyundai,,,2018,https://api.nhtsa.gov/products/vehicle/models?modelYear=2018&make=HYUNDAI&issueType=r,200,988,a463a35c3d3beda97ec8bfaa4c0f7d13d95509d209de28d76c123938a5700e5a,2026-10-02T08:25:57+00:00,nhtsa/products/hyundai/2018_r.json.gz,ok,
products_c,hyundai,,,2018,https://api.nhtsa.gov/products/vehicle/models?modelYear=2018&make=HYUNDAI&issueType=c,200,988,a463a35c3d3beda97ec8bfaa4c0f7d13d95509d209de28d76c123938a5700e5a,2026-10-02T08:25:59+00:00,nhtsa/products/hyundai/2018_c.json.gz,ok,
products_r,hyundai,,,2019,https://api.nhtsa.gov/products/vehicle/models?modelYear=2019&make=HYUNDAI&issueType=r,200,1342,eae124b8820073caab04a40493e13826fbd4a2433976b41ae92b64c1fed2f975,2026-10-02T08:26:00+00:00,nhtsa/products/hyundai/2019_r.json.gz,ok,
products_c,hyundai,,,2019,https://api.nhtsa.gov/products/vehicle/models?modelYear=2019&make=HYUNDAI&issueType=c,200,1342,eae124b8820073caab04a40493e13826fbd4a2433976b41ae92b64c1fed2f975,2026-10-02T08:26:02+00:00,nhtsa/products/hyundai/2019_c.json.gz,ok,
products_r,hyundai,,,2020,https://api.nhtsa.gov/products/vehicle/models?modelYear=2020&make=HYUNDAI&issueType=r,200,1326,d286491bc5ab0e1aa65961919f1f5f8a0161b6908d396758828e3057341c7d89,2026-10-02T08:26:04+00:00,nhtsa/products/hyundai/2020_r.json.gz,ok,
products_c,hyundai,,,2020,https://api.nhtsa.gov/products/vehicle/models?modelYear=2020&make=HYUNDAI&issueType=c,200,1326,d286491bc5ab0e1aa65961919f1f5f8a0161b6908d396758828e3057341c7d89,2026-10-02T08:26:06+00:00,nhtsa/products/hyundai/2020_c.json.gz,ok,
products_r,hyundai,,,2021,https://api.nhtsa.gov/products/vehicle/models?modelYear=2021&make=HYUNDAI&issueType=r,200,1565,a92127261fd3e264ddd052c7260e82730f4ee884ee54c60aaea2f17fde6022ef,2026-10-02T08:26:08+00:00,nhtsa/products/hyundai/2021_r.json.gz,ok,
products_c,hyundai,,,2021,https://api.nhtsa.gov/products/vehicle/models?modelYear=2021&make=HYUNDAI&issueType=c,200,1565,a92127261fd3e264ddd052c7260e82730f4ee884ee54c60aaea2f17fde6022ef,2026-10-02T08:26:10+00:00,nhtsa/products/hyundai/2021_c.json.gz,ok,
products_r,hyundai,,,2022,https://api.nhtsa.gov/products/vehicle/models?modelYear=2022&make=HYUNDAI&issueType=r,200,2136,8ff54a052b46d8ad710dc4d1b8c49929d99f8654adf0caf6f15138d83d3fcb2e,2026-10-02T08:26:11+00:00,nhtsa/products/hyundai/2022_r.json.gz,ok,
products_c,hyundai,,,2022,https://api.nhtsa.gov/products/vehicle/models?modelYear=2022&make=HYUNDAI&issueType=c,200,2136,8ff54a052b46d8ad710dc4d1b8c49929d99f8654adf0caf6f15138d83d3fcb2e,2026-10-02T08:26:13+00:00,nhtsa/products/hyundai/2022_c.json.gz,ok,
products_r,hyundai,,,2023,https://api.nhtsa.gov/products/vehicle/models?modelYear=2023&make=HYUNDAI&issueType=r,200,1609,b98e2b49b206e1f6085edf693bf0174b1b5f8bdedaa8ccea1fd3b8df0f7f3912,2026-10-02T08:26:15+00:00,nhtsa/products/hyundai/2023_r.json.gz,ok,
products_c,hyundai,,,2023,https://api.nhtsa.gov/products/vehicle/models?modelYear=2023&make=HYUNDAI&issueType=c,200,1609,b98e2b49b206e1f6085edf693bf0174b1b5f8bdedaa8ccea1fd3b8df0f7f3912,2026-10-02T08:26:17+00:00,nhtsa/products/hyundai/2023_c.json.gz,ok,
products_r,hyundai,,,2024,https://api.nhtsa.gov/products/vehicle/models?modelYear=2024&make=HYUNDAI&issueType=r,200,2131,1ec6c14837aad45ff7945b1dcf15ded3596485b4bd68769b8e70fbec2070b926,2026-10-02T08:26:19+00:00,nhtsa/products/hyundai/2024_r.json.gz,ok,
products_c,hyundai,,,2024,https://api.nhtsa.gov/products/vehicle/models?modelYear=2024&make=HYUNDAI&issueType=c,200,2131,1ec6c14837aad45ff7945b1dcf15ded3596485b4bd68769b8e70fbec2070b926,2026-10-02T08:26:21+00:00,nhtsa/products/hyundai/2024_c.json.gz,ok,
products_r,hyundai,,,2025,https://api.nhtsa.gov/products/vehicle/models?modelYear=2025&make=HYUNDAI&issueType=r,200,1635,200eafb278718ebfb43a941e01910a51fd0f6547180dd5de63dffddd47c06c21,2026-10-02T08:26:23+00:00,nhtsa/products/hyundai/2025_r.json.gz,ok,
products_c,hyundai,,,2025,https://api.nhtsa.gov/products/vehicle/models?modelYear=2025&make=HYUNDAI&issueType=c,200,1635,200eafb278718ebfb43a941e01910a51fd0f6547180dd5de63dffddd47c06c21,2026-10-02T08:26:25+00:00,nhtsa/products/hyundai/2025_c.json.gz,ok,
products_r,hyundai,,,2026,https://api.nhtsa.gov/products/vehicle/models?modelYear=2026&make=HYUNDAI&issueType=r,200,1685,8bff468586b0f4027af5ca8d85ae18c6257d0b625d2a164822f489b868bff181,2026-10-02T08:26:27+00:00,nhtsa/products/hyundai/2026_r.json.gz,ok,
products_c,hyundai,,,2026,https://api.nhtsa.gov/products/vehicle/models?modelYear=2026&make=HYUNDAI&issueType=c,200,1685,8bff468586b0f4027af5ca8d85ae18c6257d0b625d2a164822f489b868bff181,2026-10-02T08:26:29+00:00,nhtsa/products/hyundai/2026_c.json.gz,ok,
products_r,kia,,,2014,https://api.nhtsa.gov/products/vehicle/models?modelYear=2014&make=KIA&issueType=r,200,788,8fff857900a235cc0278c3c2b54cb54c71173568c98c4c25bbf84db01749c987,2026-10-02T08:26:31+00:00,nhtsa/products/kia/2014_r.json.gz,ok,
products_c,kia,,,2014,https://api.nhtsa.gov/products/vehicle/models?modelYear=2014&make=KIA&issueType=c,200,788,8fff857900a235cc0278c3c2b54cb54c71173568c98c4c25bbf84db01749c987,2026-10-02T08:26:33+00:00,nhtsa/products/kia/2014_c.json.gz,ok,
products_r,kia,,,2015,https://api.nhtsa.gov/products/vehicle/models?modelYear=2015&make=KIA&issueType=r,200,889,c37f93f9984d0f4875c5d1d087a01f63556d91ecb0ca18df67bcaa9d1acce50f,2026-10-02T08:26:34+00:00,nhtsa/products/kia/2015_r.json.gz,ok,
products_c,kia,,,2015,https://api.nhtsa.gov/products/vehicle/models?modelYear=2015&make=KIA&issueType=c,200,889,c37f93f9984d0f4875c5d1d087a01f63556d91ecb0ca18df67bcaa9d1acce50f,2026-10-02T08:26:37+00:00,nhtsa/products/kia/2015_c.json.gz,ok,
products_r,kia,,,2016,https://api.nhtsa.gov/products/vehicle/models?modelYear=2016&make=KIA&issueType=r,200,889,c9a39b53622b90ebb489ba080536bc913200b721e5db66d928e752d9a0c308bd,2026-10-02T08:26:39+00:00,nhtsa/products/kia/2016_r.json.gz,ok,
products_c,kia,,,2016,https://api.nhtsa.gov/products/vehicle/models?modelYear=2016&make=KIA&issueType=c,200,889,c9a39b53622b90ebb489ba080536bc913200b721e5db66d928e752d9a0c308bd,2026-10-02T08:26:40+00:00,nhtsa/products/kia/2016_c.json.gz,ok,
products_r,kia,,,2017,https://api.nhtsa.gov/products/vehicle/models?modelYear=2017&make=KIA&issueType=r,200,957,9a7b1631cc80e628641945bc05f18a6f24c39a4c46ac316730b0ec10837bf97a,2026-10-02T08:26:42+00:00,nhtsa/products/kia/2017_r.json.gz,ok,
products_c,kia,,,2017,https://api.nhtsa.gov/products/vehicle/models?modelYear=2017&make=KIA&issueType=c,200,957,9a7b1631cc80e628641945bc05f18a6f24c39a4c46ac316730b0ec10837bf97a,2026-10-02T08:26:44+00:00,nhtsa/products/kia/2017_c.json.gz,ok,
products_r,kia,,,2018,https://api.nhtsa.gov/products/vehicle/models?modelYear=2018&make=KIA&issueType=r,200,1076,745afcb80c27da45dc35bcc13e145d3126f89ec93d9c6816486f56b202b09e77,2026-10-02T08:26:45+00:00,nhtsa/products/kia/2018_r.json.gz,ok,
products_c,kia,,,2018,https://api.nhtsa.gov/products/vehicle/models?modelYear=2018&make=KIA&issueType=c,200,1076,745afcb80c27da45dc35bcc13e145d3126f89ec93d9c6816486f56b202b09e77,2026-10-02T08:26:47+00:00,nhtsa/products/kia/2018_c.json.gz,ok,
products_r,kia,,,2019,https://api.nhtsa.gov/products/vehicle/models?modelYear=2019&make=KIA&issueType=r,200,1125,005215da1d3b5444d05d145cd1d9cc06bf75e2e3554e38f53ce082d8aaf4964e,2026-10-02T08:26:48+00:00,nhtsa/products/kia/2019_r.json.gz,ok,
products_c,kia,,,2019,https://api.nhtsa.gov/products/vehicle/models?modelYear=2019&make=KIA&issueType=c,200,1125,005215da1d3b5444d05d145cd1d9cc06bf75e2e3554e38f53ce082d8aaf4964e,2026-10-02T08:26:49+00:00,nhtsa/products/kia/2019_c.json.gz,ok,
products_r,kia,,,2020,https://api.nhtsa.gov/products/vehicle/models?modelYear=2020&make=KIA&issueType=r,200,1087,51e9e8c1f155a83d3b2a1c7bf2b0ef9b2a21375d6328ceda2231a858a446916e,2026-10-02T08:26:51+00:00,nhtsa/products/kia/2020_r.json.gz,ok,
products_c,kia,,,2020,https://api.nhtsa.gov/products/vehicle/models?modelYear=2020&make=KIA&issueType=c,200,1087,51e9e8c1f155a83d3b2a1c7bf2b0ef9b2a21375d6328ceda2231a858a446916e,2026-10-02T08:26:53+00:00,nhtsa/products/kia/2020_c.json.gz,ok,
products_r,kia,,,2021,https://api.nhtsa.gov/products/vehicle/models?modelYear=2021&make=KIA&issueType=r,200,1275,46f48457e2b02df22001b458d4a34d4c2202b2af0e5503a17aface3771a58dff,2026-10-02T08:26:55+00:00,nhtsa/products/kia/2021_r.json.gz,ok,
products_c,kia,,,2021,https://api.nhtsa.gov/products/vehicle/models?modelYear=2021&make=KIA&issueType=c,200,1275,46f48457e2b02df22001b458d4a34d4c2202b2af0e5503a17aface3771a58dff,2026-10-02T08:26:56+00:00,nhtsa/products/kia/2021_c.json.gz,ok,
products_r,kia,,,2022,https://api.nhtsa.gov/products/vehicle/models?modelYear=2022&make=KIA&issueType=r,200,1327,d556f9db5ff5151731032525c1d9b6057e364deb8d28e23c1c6cee454edd6a3e,2026-10-02T08:26:58+00:00,nhtsa/products/kia/2022_r.json.gz,ok,
products_c,kia,,,2022,https://api.nhtsa.gov/products/vehicle/models?modelYear=2022&make=KIA&issueType=c,200,1327,d556f9db5ff5151731032525c1d9b6057e364deb8d28e23c1c6cee454edd6a3e,2026-10-02T08:27:00+00:00,nhtsa/products/kia/2022_c.json.gz,ok,
products_r,kia,,,2023,https://api.nhtsa.gov/products/vehicle/models?modelYear=2023&make=KIA&issueType=r,200,1592,b854e2ab7019f5db53c37b2801eae4c6b12c72b714d4069ce5b78351336657b1,2026-10-02T08:27:02+00:00,nhtsa/products/kia/2023_r.json.gz,ok,
products_c,kia,,,2023,https://api.nhtsa.gov/products/vehicle/models?modelYear=2023&make=KIA&issueType=c,200,1592,b854e2ab7019f5db53c37b2801eae4c6b12c72b714d4069ce5b78351336657b1,2026-10-02T08:27:03+00:00,nhtsa/products/kia/2023_c.json.gz,ok,
products_r,kia,,,2024,https://api.nhtsa.gov/products/vehicle/models?modelYear=2024&make=KIA&issueType=r,200,1583,30bfc3ef9a0f90973d2013c795e6fe4ea38b0a017fca1da521155649469234b3,2026-10-02T08:27:05+00:00,nhtsa/products/kia/2024_r.json.gz,ok,
products_c,kia,,,2024,https://api.nhtsa.gov/products/vehicle/models?modelYear=2024&make=KIA&issueType=c,200,1583,30bfc3ef9a0f90973d2013c795e6fe4ea38b0a017fca1da521155649469234b3,2026-10-02T08:27:09+00:00,nhtsa/products/kia/2024_c.json.gz,ok,
products_r,kia,,,2025,https://api.nhtsa.gov/products/vehicle/models?modelYear=2025&make=KIA&issueType=r,200,1584,ebbff5bd4c6bf2e5020622d8e17bc658317d71652675b37e323392737422a37f,2026-10-02T08:27:11+00:00,nhtsa/products/kia/2025_r.json.gz,ok,
products_c,kia,,,2025,https://api.nhtsa.gov/products/vehicle/models?modelYear=2025&make=KIA&issueType=c,200,1584,ebbff5bd4c6bf2e5020622d8e17bc658317d71652675b37e323392737422a37f,2026-10-02T08:27:12+00:00,nhtsa/products/kia/2025_c.json.gz,ok,
products_r,kia,,,2026,https://api.nhtsa.gov/products/vehicle/models?modelYear=2026&make=KIA&issueType=r,200,1205,c9e312c06147913b58922dfa4e4cfbc17c78150a9cfbd63562fca0420d290fdb,2026-10-02T08:27:15+00:00,nhtsa/products/kia/2026_r.json.gz,ok,
products_c,kia,,,2026,https://api.nhtsa.gov/products/vehicle/models?modelYear=2026&make=KIA&issueType=c,200,1205,c9e312c06147913b58922dfa4e4cfbc17c78150a9cfbd63562fca0420d290fdb,2026-10-02T08:27:16+00:00,nhtsa/products/kia/2026_c.json.gz,ok,
products_r,toyota,,,2014,https://api.nhtsa.gov/products/vehicle/models?modelYear=2014&make=TOYOTA&issueType=r,200,2619,f45417a09f05891c113d05354141638d81bade34eda02ea885cc85f996ad7046,2026-10-02T08:27:18+00:00,nhtsa/products/toyota/2014_r.json.gz,ok,
products_c,toyota,,,2014,https://api.nhtsa.gov/products/vehicle/models?modelYear=2014&make=TOYOTA&issueType=c,200,2619,f45417a09f05891c113d05354141638d81bade34eda02ea885cc85f996ad7046,2026-10-02T08:27:19+00:00,nhtsa/products/toyota/2014_c.json.gz,ok,
products_r,toyota,,,2015,https://api.nhtsa.gov/products/vehicle/models?modelYear=2015&make=TOYOTA&issueType=r,200,2219,d16234666d75f995977f1743e5bd0c224749e97aefbe6346cc5b04bfcb313b14,2026-10-02T08:27:21+00:00,nhtsa/products/toyota/2015_r.json.gz,ok,
products_c,toyota,,,2015,https://api.nhtsa.gov/products/vehicle/models?modelYear=2015&make=TOYOTA&issueType=c,200,2219,d16234666d75f995977f1743e5bd0c224749e97aefbe6346cc5b04bfcb313b14,2026-10-02T08:27:22+00:00,nhtsa/products/toyota/2015_c.json.gz,ok,
products_r,toyota,,,2016,https://api.nhtsa.gov/products/vehicle/models?modelYear=2016&make=TOYOTA&issueType=r,200,2122,f9ecb746e6bb6909168e243e93f9b8999325e4efba17cfdad7c3a02c37b5d45c,2026-10-02T08:27:25+00:00,nhtsa/products/toyota/2016_r.json.gz,ok,
products_c,toyota,,,2016,https://api.nhtsa.gov/products/vehicle/models?modelYear=2016&make=TOYOTA&issueType=c,200,2122,f9ecb746e6bb6909168e243e93f9b8999325e4efba17cfdad7c3a02c37b5d45c,2026-10-02T08:27:27+00:00,nhtsa/products/toyota/2016_c.json.gz,ok,
products_r,toyota,,,2017,https://api.nhtsa.gov/products/vehicle/models?modelYear=2017&make=TOYOTA&issueType=r,200,2160,f2520c37d999b920e1b7d3016f2a0caa7b4346ede997d1d8d9fdb0119d4fb731,2026-10-02T08:27:28+00:00,nhtsa/products/toyota/2017_r.json.gz,ok,
products_c,toyota,,,2017,https://api.nhtsa.gov/products/vehicle/models?modelYear=2017&make=TOYOTA&issueType=c,200,2160,f2520c37d999b920e1b7d3016f2a0caa7b4346ede997d1d8d9fdb0119d4fb731,2026-10-02T08:27:30+00:00,nhtsa/products/toyota/2017_c.json.gz,ok,
products_r,toyota,,,2018,https://api.nhtsa.gov/products/vehicle/models?modelYear=2018&make=TOYOTA&issueType=r,200,2110,4904d84d27d8481fe38c363376eda884da8bb07d9aeb0f2ffcd826ac537bff49,2026-10-02T08:27:32+00:00,nhtsa/products/toyota/2018_r.json.gz,ok,
products_c,toyota,,,2018,https://api.nhtsa.gov/products/vehicle/models?modelYear=2018&make=TOYOTA&issueType=c,200,2110,4904d84d27d8481fe38c363376eda884da8bb07d9aeb0f2ffcd826ac537bff49,2026-10-02T08:27:34+00:00,nhtsa/products/toyota/2018_c.json.gz,ok,
products_r,toyota,,,2019,https://api.nhtsa.gov/products/vehicle/models?modelYear=2019&make=TOYOTA&issueType=r,200,1990,3b346fbbb03b3464112b2617344ba4e136b2ee529aca66bfadd85b69a1921eae,2026-10-02T08:27:37+00:00,nhtsa/products/toyota/2019_r.json.gz,ok,
products_c,toyota,,,2019,https://api.nhtsa.gov/products/vehicle/models?modelYear=2019&make=TOYOTA&issueType=c,200,1990,3b346fbbb03b3464112b2617344ba4e136b2ee529aca66bfadd85b69a1921eae,2026-10-02T08:27:38+00:00,nhtsa/products/toyota/2019_c.json.gz,ok,
products_r,toyota,,,2020,https://api.nhtsa.gov/products/vehicle/models?modelYear=2020&make=TOYOTA&issueType=r,200,2116,6c8b4567a6ff0519dbb885e91e0e9d2b13b9f1307c71812f0a111f1c8cfc5912,2026-10-02T08:27:40+00:00,nhtsa/products/toyota/2020_r.json.gz,ok,
products_c,toyota,,,2020,https://api.nhtsa.gov/products/vehicle/models?modelYear=2020&make=TOYOTA&issueType=c,200,2116,6c8b4567a6ff0519dbb885e91e0e9d2b13b9f1307c71812f0a111f1c8cfc5912,2026-10-02T08:27:42+00:00,nhtsa/products/toyota/2020_c.json.gz,ok,
products_r,toyota,,,2021,https://api.nhtsa.gov/products/vehicle/models?modelYear=2021&make=TOYOTA&issueType=r,200,2319,5fe0e6d21c20e0f4ccb2d24db61f9b6cd94a1b936e9c8069e62660c3498a9511,2026-10-02T08:27:43+00:00,nhtsa/products/toyota/2021_r.json.gz,ok,
products_c,toyota,,,2021,https://api.nhtsa.gov/products/vehicle/models?modelYear=2021&make=TOYOTA&issueType=c,200,2319,5fe0e6d21c20e0f4ccb2d24db61f9b6cd94a1b936e9c8069e62660c3498a9511,2026-10-02T08:27:44+00:00,nhtsa/products/toyota/2021_c.json.gz,ok,
products_r,toyota,,,2022,https://api.nhtsa.gov/products/vehicle/models?modelYear=2022&make=TOYOTA&issueType=r,200,2452,929b883f407f74c62feb817369c92cda65446c97c9b68649432c6ecf424814fd,2026-10-02T08:27:47+00:00,nhtsa/products/toyota/2022_r.json.gz,ok,
products_c,toyota,,,2022,https://api.nhtsa.gov/products/vehicle/models?modelYear=2022&make=TOYOTA&issueType=c,200,2452,929b883f407f74c62feb817369c92cda65446c97c9b68649432c6ecf424814fd,2026-10-02T08:27:49+00:00,nhtsa/products/toyota/2022_c.json.gz,ok,
products_r,toyota,,,2023,https://api.nhtsa.gov/products/vehicle/models?modelYear=2023&make=TOYOTA&issueType=r,200,2617,24b7fd3e8ef02ce9ec91f11db7fdcbb09ba1ec52e53d4b518c27c6c44ec3ccfc,2026-10-02T08:27:50+00:00,nhtsa/products/toyota/2023_r.json.gz,ok,
products_c,toyota,,,2023,https://api.nhtsa.gov/products/vehicle/models?modelYear=2023&make=TOYOTA&issueType=c,200,2617,24b7fd3e8ef02ce9ec91f11db7fdcbb09ba1ec52e53d4b518c27c6c44ec3ccfc,2026-10-02T08:27:52+00:00,nhtsa/products/toyota/2023_c.json.gz,ok,
products_r,toyota,,,2024,https://api.nhtsa.gov/products/vehicle/models?modelYear=2024&make=TOYOTA&issueType=r,200,2805,7fef08e55c08da55fb49d60eb6bea2de558b5f5dfc1127ad23fe40ed8fa4901f,2026-10-02T08:27:54+00:00,nhtsa/products/toyota/2024_r.json.gz,ok,
products_c,toyota,,,2024,https://api.nhtsa.gov/products/vehicle/models?modelYear=2024&make=TOYOTA&issueType=c,200,2805,7fef08e55c08da55fb49d60eb6bea2de558b5f5dfc1127ad23fe40ed8fa4901f,2026-10-02T08:27:57+00:00,nhtsa/products/toyota/2024_c.json.gz,ok,
products_r,toyota,,,2025,https://api.nhtsa.gov/products/vehicle/models?modelYear=2025&make=TOYOTA&issueType=r,200,2865,56a44702627d6f0ea0c3fa6a24f633fb446764848debf275d5bb95a7e72bcfec,2026-10-02T08:27:59+00:00,nhtsa/products/toyota/2025_r.json.gz,ok,
products_c,toyota,,,2025,https://api.nhtsa.gov/products/vehicle/models?modelYear=2025&make=TOYOTA&issueType=c,200,2865,56a44702627d6f0ea0c3fa6a24f633fb446764848debf275d5bb95a7e72bcfec,2026-10-02T08:28:01+00:00,nhtsa/products/toyota/2025_c.json.gz,ok,
products_r,toyota,,,2026,https://api.nhtsa.gov/products/vehicle/models?modelYear=2026&make=TOYOTA&issueType=r,200,258,3a6597ffb839f28267b8ca6e40dfc0710f7735231bb28633ba94f3899c679429,2026-10-02T08:28:03+00:00,nhtsa/products/toyota/2026_r.json.gz,ok,
products_c,toyota,,,2026,https://api.nhtsa.gov/products/vehicle/models?modelYear=2026&make=TOYOTA&issueType=c,200,258,3a6597ffb839f28267b8ca6e40dfc0710f7735231bb28633ba94f3899c679429,2026-10-02T08:28:05+00:00,nhtsa/products/toyota/2026_c.json.gz,ok,
products_r,mercedes-benz,,,2014,https://api.nhtsa.gov/products/vehicle/models?modelYear=2014&make=MERCEDES-BENZ&issueType=r,200,2255,ea9bed6864631b340f601367bf52ed79a00905c1b1eac4953ddde292776e3cbb,2026-10-02T08:28:07+00:00,nhtsa/products/mercedes-benz/2014_r.json.gz,ok,
products_c,mercedes-benz,,,2014,https://api.nhtsa.gov/products/vehicle/models?modelYear=2014&make=MERCEDES-BENZ&issueType=c,200,2255,ea9bed6864631b340f601367bf52ed79a00905c1b1eac4953ddde292776e3cbb,2026-10-02T08:28:09+00:00,nhtsa/products/mercedes-benz/2014_c.json.gz,ok,
products_r,mercedes-benz,,,2015,https://api.nhtsa.gov/products/vehicle/models?modelYear=2015&make=MERCEDES-BENZ&issueType=r,200,3024,d9ce751b3f6bdc891d2bba73e62b6ce1c4b8f9a4746f5275f286aecb1ae28034,2026-10-02T08:28:12+00:00,nhtsa/products/mercedes-benz/2015_r.json.gz,ok,
products_c,mercedes-benz,,,2015,https://api.nhtsa.gov/products/vehicle/models?modelYear=2015&make=MERCEDES-BENZ&issueType=c,200,3024,d9ce751b3f6bdc891d2bba73e62b6ce1c4b8f9a4746f5275f286aecb1ae28034,2026-10-02T08:28:14+00:00,nhtsa/products/mercedes-benz/2015_c.json.gz,ok,
products_r,mercedes-benz,,,2016,https://api.nhtsa.gov/products/vehicle/models?modelYear=2016&make=MERCEDES-BENZ&issueType=r,200,2800,cf8a336c58693db99b77c6da61c11db0ff89a730a67a6326ee07c15cc40077c7,2026-10-02T08:28:15+00:00,nhtsa/products/mercedes-benz/2016_r.json.gz,ok,
products_c,mercedes-benz,,,2016,https://api.nhtsa.gov/products/vehicle/models?modelYear=2016&make=MERCEDES-BENZ&issueType=c,200,2800,cf8a336c58693db99b77c6da61c11db0ff89a730a67a6326ee07c15cc40077c7,2026-10-02T08:28:17+00:00,nhtsa/products/mercedes-benz/2016_c.json.gz,ok,
products_r,mercedes-benz,,,2017,https://api.nhtsa.gov/products/vehicle/models?modelYear=2017&make=MERCEDES-BENZ&issueType=r,200,3151,d395667412408ca76c48311ccf7f79bf275333ceca2948841361dcdc72b36808,2026-10-02T08:28:19+00:00,nhtsa/products/mercedes-benz/2017_r.json.gz,ok,
products_c,mercedes-benz,,,2017,https://api.nhtsa.gov/products/vehicle/models?modelYear=2017&make=MERCEDES-BENZ&issueType=c,200,3151,d395667412408ca76c48311ccf7f79bf275333ceca2948841361dcdc72b36808,2026-10-02T08:28:21+00:00,nhtsa/products/mercedes-benz/2017_c.json.gz,ok,
products_r,mercedes-benz,,,2018,https://api.nhtsa.gov/products/vehicle/models?modelYear=2018&make=MERCEDES-BENZ&issueType=r,200,3100,0d54bb9913a7f38030775d7324a808268d541b27851cd4d833ffe087a1719caa,2026-10-02T08:28:23+00:00,nhtsa/products/mercedes-benz/2018_r.json.gz,ok,
products_c,mercedes-benz,,,2018,https://api.nhtsa.gov/products/vehicle/models?modelYear=2018&make=MERCEDES-BENZ&issueType=c,200,3100,0d54bb9913a7f38030775d7324a808268d541b27851cd4d833ffe087a1719caa,2026-10-02T08:28:25+00:00,nhtsa/products/mercedes-benz/2018_c.json.gz,ok,
products_r,mercedes-benz,,,2019,https://api.nhtsa.gov/products/vehicle/models?modelYear=2019&make=MERCEDES-BENZ&issueType=r,200,4322,5f170dba0af64a97a0a1803fa1b65c210e82e2015a0d91512bca6cdacd093ec8,2026-10-02T08:28:27+00:00,nhtsa/products/mercedes-benz/2019_r.json.gz,ok,
products_c,mercedes-benz,,,2019,https://api.nhtsa.gov/products/vehicle/models?modelYear=2019&make=MERCEDES-BENZ&issueType=c,200,4322,5f170dba0af64a97a0a1803fa1b65c210e82e2015a0d91512bca6cdacd093ec8,2026-10-02T08:28:28+00:00,nhtsa/products/mercedes-benz/2019_c.json.gz,ok,
products_r,mercedes-benz,,,2020,https://api.nhtsa.gov/products/vehicle/models?modelYear=2020&make=MERCEDES-BENZ&issueType=r,200,4450,bdb7000958bae25c2794846721df8b2487155162947868acb6ac61e0b804f7d8,2026-10-02T08:28:30+00:00,nhtsa/products/mercedes-benz/2020_r.json.gz,ok,
products_c,mercedes-benz,,,2020,https://api.nhtsa.gov/products/vehicle/models?modelYear=2020&make=MERCEDES-BENZ&issueType=c,200,4450,bdb7000958bae25c2794846721df8b2487155162947868acb6ac61e0b804f7d8,2026-10-02T08:28:31+00:00,nhtsa/products/mercedes-benz/2020_c.json.gz,ok,
products_r,mercedes-benz,,,2021,https://api.nhtsa.gov/products/vehicle/models?modelYear=2021&make=MERCEDES-BENZ&issueType=r,200,4858,b30ea41b3350ec183bed06bb69482a23f3ac4b04064e8cc1c4d81158537b8acd,2026-10-02T08:28:33+00:00,nhtsa/products/mercedes-benz/2021_r.json.gz,ok,
products_c,mercedes-benz,,,2021,https://api.nhtsa.gov/products/vehicle/models?modelYear=2021&make=MERCEDES-BENZ&issueType=c,200,4858,b30ea41b3350ec183bed06bb69482a23f3ac4b04064e8cc1c4d81158537b8acd,2026-10-02T08:28:34+00:00,nhtsa/products/mercedes-benz/2021_c.json.gz,ok,
products_r,mercedes-benz,,,2022,https://api.nhtsa.gov/products/vehicle/models?modelYear=2022&make=MERCEDES-BENZ&issueType=r,200,4692,31b15aa501ee95bf2951e6f2950d49b0ade9a76020c09752247b28bb1dcf8f0e,2026-10-02T08:28:37+00:00,nhtsa/products/mercedes-benz/2022_r.json.gz,ok,
products_c,mercedes-benz,,,2022,https://api.nhtsa.gov/products/vehicle/models?modelYear=2022&make=MERCEDES-BENZ&issueType=c,200,4692,31b15aa501ee95bf2951e6f2950d49b0ade9a76020c09752247b28bb1dcf8f0e,2026-10-02T08:28:38+00:00,nhtsa/products/mercedes-benz/2022_c.json.gz,ok,
products_r,mercedes-benz,,,2023,https://api.nhtsa.gov/products/vehicle/models?modelYear=2023&make=MERCEDES-BENZ&issueType=r,200,4225,d2b2c4c6550eccbc139a4509ac2741d6cefdb3357a3f762a4f5010ba2e84a6b3,2026-10-02T08:28:40+00:00,nhtsa/products/mercedes-benz/2023_r.json.gz,ok,
products_c,mercedes-benz,,,2023,https://api.nhtsa.gov/products/vehicle/models?modelYear=2023&make=MERCEDES-BENZ&issueType=c,200,4225,d2b2c4c6550eccbc139a4509ac2741d6cefdb3357a3f762a4f5010ba2e84a6b3,2026-10-02T08:28:42+00:00,nhtsa/products/mercedes-benz/2023_c.json.gz,ok,
products_r,mercedes-benz,,,2024,https://api.nhtsa.gov/products/vehicle/models?modelYear=2024&make=MERCEDES-BENZ&issueType=r,200,4256,ce5aca6f11c765b1905b2577d80190b754ea9ffaaa5b945494794fd84e02769f,2026-10-02T08:28:45+00:00,nhtsa/products/mercedes-benz/2024_r.json.gz,ok,
products_c,mercedes-benz,,,2024,https://api.nhtsa.gov/products/vehicle/models?modelYear=2024&make=MERCEDES-BENZ&issueType=c,200,4256,ce5aca6f11c765b1905b2577d80190b754ea9ffaaa5b945494794fd84e02769f,2026-10-02T08:28:47+00:00,nhtsa/products/mercedes-benz/2024_c.json.gz,ok,
products_r,mercedes-benz,,,2025,https://api.nhtsa.gov/products/vehicle/models?modelYear=2025&make=MERCEDES-BENZ&issueType=r,200,3109,42a583a661b3d0a9e76553686120ebe9871288a4b74439023dd8817a5ce25e2c,2026-10-02T08:28:49+00:00,nhtsa/products/mercedes-benz/2025_r.json.gz,ok,
products_c,mercedes-benz,,,2025,https://api.nhtsa.gov/products/vehicle/models?modelYear=2025&make=MERCEDES-BENZ&issueType=c,200,3109,42a583a661b3d0a9e76553686120ebe9871288a4b74439023dd8817a5ce25e2c,2026-10-02T08:28:50+00:00,nhtsa/products/mercedes-benz/2025_c.json.gz,ok,
products_r,mercedes-benz,,,2026,https://api.nhtsa.gov/products/vehicle/models?modelYear=2026&make=MERCEDES-BENZ&issueType=r,200,1098,d6c711768ac4a5b45296bb930b1445ee4d819031601c55481b8a60c3e7b39583,2026-10-02T08:28:52+00:00,nhtsa/products/mercedes-benz/2026_r.json.gz,ok,
products_c,mercedes-benz,,,2026,https://api.nhtsa.gov/products/vehicle/models?modelYear=2026&make=MERCEDES-BENZ&issueType=c,200,1098,d6c711768ac4a5b45296bb930b1445ee4d819031601c55481b8a60c3e7b39583,2026-10-02T08:28:54+00:00,nhtsa/products/mercedes-benz/2026_c.json.gz,ok,
products_r,bmw,,,2014,https://api.nhtsa.gov/products/vehicle/models?modelYear=2014&make=BMW&issueType=r,200,4761,69a123bc84bae59ce53e3f89043d4ea60565302ad0183cee97fca77ca7197f09,2026-10-02T08:28:56+00:00,nhtsa/products/bmw/2014_r.json.gz,ok,
products_c,bmw,,,2014,https://api.nhtsa.gov/products/vehicle/models?modelYear=2014&make=BMW&issueType=c,200,4761,69a123bc84bae59ce53e3f89043d4ea60565302ad0183cee97fca77ca7197f09,2026-10-02T08:28:58+00:00,nhtsa/products/bmw/2014_c.json.gz,ok,
products_r,bmw,,,2015,https://api.nhtsa.gov/products/vehicle/models?modelYear=2015&make=BMW&issueType=r,200,5503,4cd8dc36dc1eefaccb815b39244697298974c5d93c1b7ce59d0051c4778186a5,2026-10-02T08:29:01+00:00,nhtsa/products/bmw/2015_r.json.gz,ok,
products_c,bmw,,,2015,https://api.nhtsa.gov/products/vehicle/models?modelYear=2015&make=BMW&issueType=c,200,5503,4cd8dc36dc1eefaccb815b39244697298974c5d93c1b7ce59d0051c4778186a5,2026-10-02T08:29:03+00:00,nhtsa/products/bmw/2015_c.json.gz,ok,
products_r,bmw,,,2016,https://api.nhtsa.gov/products/vehicle/models?modelYear=2016&make=BMW&issueType=r,200,3368,38a13b0c73c779fa9965dffefaf18924fcf4b4e10a04b0ff43ae28c31383d5c2,2026-10-02T08:29:05+00:00,nhtsa/products/bmw/2016_r.json.gz,ok,
products_c,bmw,,,2016,https://api.nhtsa.gov/products/vehicle/models?modelYear=2016&make=BMW&issueType=c,200,3368,38a13b0c73c779fa9965dffefaf18924fcf4b4e10a04b0ff43ae28c31383d5c2,2026-10-02T08:29:07+00:00,nhtsa/products/bmw/2016_c.json.gz,ok,
products_r,bmw,,,2017,https://api.nhtsa.gov/products/vehicle/models?modelYear=2017&make=BMW&issueType=r,200,2787,ca69ff0dfd30b96cf5465b7c1da20e3f52eba1f0231aa525834eac557a04102d,2026-10-02T08:29:09+00:00,nhtsa/products/bmw/2017_r.json.gz,ok,
products_c,bmw,,,2017,https://api.nhtsa.gov/products/vehicle/models?modelYear=2017&make=BMW&issueType=c,200,2787,ca69ff0dfd30b96cf5465b7c1da20e3f52eba1f0231aa525834eac557a04102d,2026-10-02T08:29:11+00:00,nhtsa/products/bmw/2017_c.json.gz,ok,
products_r,bmw,,,2018,https://api.nhtsa.gov/products/vehicle/models?modelYear=2018&make=BMW&issueType=r,200,3010,9c8d00b754d0fc410f5d234fc8c550b8c527dba5db20125794630e8cbd39dee4,2026-10-02T08:29:13+00:00,nhtsa/products/bmw/2018_r.json.gz,ok,
products_c,bmw,,,2018,https://api.nhtsa.gov/products/vehicle/models?modelYear=2018&make=BMW&issueType=c,200,3010,9c8d00b754d0fc410f5d234fc8c550b8c527dba5db20125794630e8cbd39dee4,2026-10-02T08:29:15+00:00,nhtsa/products/bmw/2018_c.json.gz,ok,
products_r,bmw,,,2019,https://api.nhtsa.gov/products/vehicle/models?modelYear=2019&make=BMW&issueType=r,200,2960,53d2fc3a5c2a24b1b2197a14d66211619add4e86442412a5052cef25ba5d2ad7,2026-10-02T08:29:17+00:00,nhtsa/products/bmw/2019_r.json.gz,ok,
products_c,bmw,,,2019,https://api.nhtsa.gov/products/vehicle/models?modelYear=2019&make=BMW&issueType=c,200,2960,53d2fc3a5c2a24b1b2197a14d66211619add4e86442412a5052cef25ba5d2ad7,2026-10-02T08:29:18+00:00,nhtsa/products/bmw/2019_c.json.gz,ok,
products_r,bmw,,,2020,https://api.nhtsa.gov/products/vehicle/models?modelYear=2020&make=BMW&issueType=r,200,3225,f2db05688551e3e1eeea73dbe6973a5398c4af250d7802998a16d9d5da211f8f,2026-10-02T08:29:20+00:00,nhtsa/products/bmw/2020_r.json.gz,ok,
products_c,bmw,,,2020,https://api.nhtsa.gov/products/vehicle/models?modelYear=2020&make=BMW&issueType=c,200,3225,f2db05688551e3e1eeea73dbe6973a5398c4af250d7802998a16d9d5da211f8f,2026-10-02T08:29:23+00:00,nhtsa/products/bmw/2020_c.json.gz,ok,
products_r,bmw,,,2021,https://api.nhtsa.gov/products/vehicle/models?modelYear=2021&make=BMW&issueType=r,200,2922,a72f1db404dac1b6e5793d95e5f7223b2697f8e3219599f48eddb119c1c5aed2,2026-10-02T08:29:25+00:00,nhtsa/products/bmw/2021_r.json.gz,ok,
products_c,bmw,,,2021,https://api.nhtsa.gov/products/vehicle/models?modelYear=2021&make=BMW&issueType=c,200,2922,a72f1db404dac1b6e5793d95e5f7223b2697f8e3219599f48eddb119c1c5aed2,2026-10-02T08:29:28+00:00,nhtsa/products/bmw/2021_c.json.gz,ok,
products_r,bmw,,,2022,https://api.nhtsa.gov/products/vehicle/models?modelYear=2022&make=BMW&issueType=r,200,3386,460b0f75be8bb4488e2940fe41db0f6aadcdf42566ec82466c009ab5f83bd42b,2026-10-02T08:29:30+00:00,nhtsa/products/bmw/2022_r.json.gz,ok,
products_c,bmw,,,2022,https://api.nhtsa.gov/products/vehicle/models?modelYear=2022&make=BMW&issueType=c,200,3386,460b0f75be8bb4488e2940fe41db0f6aadcdf42566ec82466c009ab5f83bd42b,2026-10-02T08:29:32+00:00,nhtsa/products/bmw/2022_c.json.gz,ok,
products_r,bmw,,,2023,https://api.nhtsa.gov/products/vehicle/models?modelYear=2023&make=BMW&issueType=r,200,2810,252f74958c945e7143a6329689cf3bd98cac33a7282519c7aaf9bc8a7c0c3ce9,2026-10-02T08:29:34+00:00,nhtsa/products/bmw/2023_r.json.gz,ok,
products_c,bmw,,,2023,https://api.nhtsa.gov/products/vehicle/models?modelYear=2023&make=BMW&issueType=c,200,2810,252f74958c945e7143a6329689cf3bd98cac33a7282519c7aaf9bc8a7c0c3ce9,2026-10-02T08:29:36+00:00,nhtsa/products/bmw/2023_c.json.gz,ok,
products_r,bmw,,,2024,https://api.nhtsa.gov/products/vehicle/models?modelYear=2024&make=BMW&issueType=r,200,3005,f917cc992b02ca200b666de8c1948a1e129df0ade24e8053cc93f95a8f0dd371,2026-10-02T08:29:37+00:00,nhtsa/products/bmw/2024_r.json.gz,ok,
products_c,bmw,,,2024,https://api.nhtsa.gov/products/vehicle/models?modelYear=2024&make=BMW&issueType=c,200,3005,f917cc992b02ca200b666de8c1948a1e129df0ade24e8053cc93f95a8f0dd371,2026-10-02T08:29:39+00:00,nhtsa/products/bmw/2024_c.json.gz,ok,
products_r,bmw,,,2025,https://api.nhtsa.gov/products/vehicle/models?modelYear=2025&make=BMW&issueType=r,200,1717,30585168828f4736d9ce49ebd8db74c4686978781b72d8fb1f2f7949e71670c2,2026-10-02T08:29:41+00:00,nhtsa/products/bmw/2025_r.json.gz,ok,
products_c,bmw,,,2025,https://api.nhtsa.gov/products/vehicle/models?modelYear=2025&make=BMW&issueType=c,200,1717,30585168828f4736d9ce49ebd8db74c4686978781b72d8fb1f2f7949e71670c2,2026-10-02T08:29:42+00:00,nhtsa/products/bmw/2025_c.json.gz,ok,
products_r,bmw,,,2026,https://api.nhtsa.gov/products/vehicle/models?modelYear=2026&make=BMW&issueType=r,200,1377,a581541f30487701028be977a40a87f5f7a9f95b5a0c45a6c1a01dca1c2aed35,2026-10-02T08:29:45+00:00,nhtsa/products/bmw/2026_r.json.gz,ok,
products_c,bmw,,,2026,https://api.nhtsa.gov/products/vehicle/models?modelYear=2026&make=BMW&issueType=c,200,1377,a581541f30487701028be977a40a87f5f7a9f95b5a0c45a6c1a01dca1c2aed35,2026-10-02T08:29:46+00:00,nhtsa/products/bmw/2026_c.json.gz,ok,
products_r,chevrolet,,,2014,https://api.nhtsa.gov/products/vehicle/models?modelYear=2014&make=CHEVROLET&issueType=r,200,3249,9ab7418e716ce4bfc273605485a3b870ad1af728be094a52e0e1e0d016046fcd,2026-10-02T08:29:48+00:00,nhtsa/products/chevrolet/2014_r.json.gz,ok,
products_c,chevrolet,,,2014,https://api.nhtsa.gov/products/vehicle/models?modelYear=2014&make=CHEVROLET&issueType=c,200,3249,9ab7418e716ce4bfc273605485a3b870ad1af728be094a52e0e1e0d016046fcd,2026-10-02T08:29:50+00:00,nhtsa/products/chevrolet/2014_c.json.gz,ok,
products_r,chevrolet,,,2015,https://api.nhtsa.gov/products/vehicle/models?modelYear=2015&make=CHEVROLET&issueType=r,200,3738,433972748513bb3dfb5ee3d0c0af198332b0c79641df174f44c49fe847ae7b7c,2026-10-02T08:29:51+00:00,nhtsa/products/chevrolet/2015_r.json.gz,ok,
products_c,chevrolet,,,2015,https://api.nhtsa.gov/products/vehicle/models?modelYear=2015&make=CHEVROLET&issueType=c,200,3738,433972748513bb3dfb5ee3d0c0af198332b0c79641df174f44c49fe847ae7b7c,2026-10-02T08:29:53+00:00,nhtsa/products/chevrolet/2015_c.json.gz,ok,
products_r,chevrolet,,,2016,https://api.nhtsa.gov/products/vehicle/models?modelYear=2016&make=CHEVROLET&issueType=r,200,4080,b75f5e0baf380638c1602f3adee4ed704ae747f5afb2c2660a02c6b79fd9f58a,2026-10-02T08:29:55+00:00,nhtsa/products/chevrolet/2016_r.json.gz,ok,
products_c,chevrolet,,,2016,https://api.nhtsa.gov/products/vehicle/models?modelYear=2016&make=CHEVROLET&issueType=c,200,4080,b75f5e0baf380638c1602f3adee4ed704ae747f5afb2c2660a02c6b79fd9f58a,2026-10-02T08:29:57+00:00,nhtsa/products/chevrolet/2016_c.json.gz,ok,
products_r,chevrolet,,,2017,https://api.nhtsa.gov/products/vehicle/models?modelYear=2017&make=CHEVROLET&issueType=r,200,4076,3f0706f58907692e4ed80c41f764cc95396fd587e490565792c0950d95c7d12b,2026-10-02T08:29:59+00:00,nhtsa/products/chevrolet/2017_r.json.gz,ok,
products_c,chevrolet,,,2017,https://api.nhtsa.gov/products/vehicle/models?modelYear=2017&make=CHEVROLET&issueType=c,200,4076,3f0706f58907692e4ed80c41f764cc95396fd587e490565792c0950d95c7d12b,2026-10-02T08:30:00+00:00,nhtsa/products/chevrolet/2017_c.json.gz,ok,
products_r,chevrolet,,,2018,https://api.nhtsa.gov/products/vehicle/models?modelYear=2018&make=CHEVROLET&issueType=r,200,4015,4f4937aaad29b4d0d62d45199ac40040be31021d11e084d2b83e547925ed82fe,2026-10-02T08:30:02+00:00,nhtsa/products/chevrolet/2018_r.json.gz,ok,
products_c,chevrolet,,,2018,https://api.nhtsa.gov/products/vehicle/models?modelYear=2018&make=CHEVROLET&issueType=c,200,4015,4f4937aaad29b4d0d62d45199ac40040be31021d11e084d2b83e547925ed82fe,2026-10-02T08:30:04+00:00,nhtsa/products/chevrolet/2018_c.json.gz,ok,
products_r,chevrolet,,,2019,https://api.nhtsa.gov/products/vehicle/models?modelYear=2019&make=CHEVROLET&issueType=r,200,3906,520c28b8f174e403c5f759476c2ca5f6bb98cb3432d2c0f705795773bda0a40f,2026-10-02T08:30:06+00:00,nhtsa/products/chevrolet/2019_r.json.gz,ok,
products_c,chevrolet,,,2019,https://api.nhtsa.gov/products/vehicle/models?modelYear=2019&make=CHEVROLET&issueType=c,200,3906,520c28b8f174e403c5f759476c2ca5f6bb98cb3432d2c0f705795773bda0a40f,2026-10-02T08:30:07+00:00,nhtsa/products/chevrolet/2019_c.json.gz,ok,
products_r,chevrolet,,,2020,https://api.nhtsa.gov/products/vehicle/models?modelYear=2020&make=CHEVROLET&issueType=r,200,3162,c48b0ca493c8a8417c7e2770c8490e412a4de9a9f699252164e34f408ee1e140,2026-10-02T08:30:10+00:00,nhtsa/products/chevrolet/2020_r.json.gz,ok,
products_c,chevrolet,,,2020,https://api.nhtsa.gov/products/vehicle/models?modelYear=2020&make=CHEVROLET&issueType=c,200,3162,c48b0ca493c8a8417c7e2770c8490e412a4de9a9f699252164e34f408ee1e140,2026-10-02T08:30:12+00:00,nhtsa/products/chevrolet/2020_c.json.gz,ok,
products_r,chevrolet,,,2021,https://api.nhtsa.gov/products/vehicle/models?modelYear=2021&make=CHEVROLET&issueType=r,200,3543,7329be7dfb2a940a96be542916e5625024883e4723acb99209c8593d068e9e73,2026-10-02T08:30:14+00:00,nhtsa/products/chevrolet/2021_r.json.gz,ok,
products_c,chevrolet,,,2021,https://api.nhtsa.gov/products/vehicle/models?modelYear=2021&make=CHEVROLET&issueType=c,200,3543,7329be7dfb2a940a96be542916e5625024883e4723acb99209c8593d068e9e73,2026-10-02T08:30:16+00:00,nhtsa/products/chevrolet/2021_c.json.gz,ok,
products_r,chevrolet,,,2022,https://api.nhtsa.gov/products/vehicle/models?modelYear=2022&make=CHEVROLET&issueType=r,200,3652,23d146e30b6d2270da7a31941fb903cf8d06125f987b92baed2bdc090dc7c66b,2026-10-02T08:30:17+00:00,nhtsa/products/chevrolet/2022_r.json.gz,ok,
products_c,chevrolet,,,2022,https://api.nhtsa.gov/products/vehicle/models?modelYear=2022&make=CHEVROLET&issueType=c,200,3652,23d146e30b6d2270da7a31941fb903cf8d06125f987b92baed2bdc090dc7c66b,2026-10-02T08:30:19+00:00,nhtsa/products/chevrolet/2022_c.json.gz,ok,
products_r,chevrolet,,,2023,https://api.nhtsa.gov/products/vehicle/models?modelYear=2023&make=CHEVROLET&issueType=r,200,3507,532ad1be03a3ed11817bcebfbec5a3fb1f737a55b05e5948891fa3f72f5a78b0,2026-10-02T08:30:21+00:00,nhtsa/products/chevrolet/2023_r.json.gz,ok,
products_c,chevrolet,,,2023,https://api.nhtsa.gov/products/vehicle/models?modelYear=2023&make=CHEVROLET&issueType=c,200,3507,532ad1be03a3ed11817bcebfbec5a3fb1f737a55b05e5948891fa3f72f5a78b0,2026-10-02T08:30:22+00:00,nhtsa/products/chevrolet/2023_c.json.gz,ok,
products_r,chevrolet,,,2024,https://api.nhtsa.gov/products/vehicle/models?modelYear=2024&make=CHEVROLET&issueType=r,200,4117,1859fa437dac94d30da83cb7799cc1d2228848d7210673b784ff33a0779ece6c,2026-10-02T08:30:24+00:00,nhtsa/products/chevrolet/2024_r.json.gz,ok,
products_c,chevrolet,,,2024,https://api.nhtsa.gov/products/vehicle/models?modelYear=2024&make=CHEVROLET&issueType=c,200,4117,1859fa437dac94d30da83cb7799cc1d2228848d7210673b784ff33a0779ece6c,2026-10-02T08:30:25+00:00,nhtsa/products/chevrolet/2024_c.json.gz,ok,
products_r,chevrolet,,,2025,https://api.nhtsa.gov/products/vehicle/models?modelYear=2025&make=CHEVROLET&issueType=r,200,2721,0cf03a03094eeebd340942eca506faa01c0588b551b8a66734e2bbeb48b1528f,2026-10-02T08:30:27+00:00,nhtsa/products/chevrolet/2025_r.json.gz,ok,
products_c,chevrolet,,,2025,https://api.nhtsa.gov/products/vehicle/models?modelYear=2025&make=CHEVROLET&issueType=c,200,2721,0cf03a03094eeebd340942eca506faa01c0588b551b8a66734e2bbeb48b1528f,2026-10-02T08:30:29+00:00,nhtsa/products/chevrolet/2025_c.json.gz,ok,
products_r,chevrolet,,,2026,https://api.nhtsa.gov/products/vehicle/models?modelYear=2026&make=CHEVROLET&issueType=r,200,2696,daa719f78b4f62b118873de0745d9ddfa2b1fa9cd3e6133cc109fed88e48e7c9,2026-10-02T08:30:31+00:00,nhtsa/products/chevrolet/2026_r.json.gz,ok,
products_c,chevrolet,,,2026,https://api.nhtsa.gov/products/vehicle/models?modelYear=2026&make=CHEVROLET&issueType=c,200,2696,daa719f78b4f62b118873de0745d9ddfa2b1fa9cd3e6133cc109fed88e48e7c9,2026-10-02T08:30:33+00:00,nhtsa/products/chevrolet/2026_c.json.gz,ok,
products_r,ford,,,2014,https://api.nhtsa.gov/products/vehicle/models?modelYear=2014&make=FORD&issueType=r,200,3707,996daa4a61c21edf40643dd363f0bcbc73e0d837aa6e3f46f1e55a9b6309d572,2026-10-02T08:30:34+00:00,nhtsa/products/ford/2014_r.json.gz,ok,
products_c,ford,,,2014,https://api.nhtsa.gov/products/vehicle/models?modelYear=2014&make=FORD&issueType=c,200,3707,996daa4a61c21edf40643dd363f0bcbc73e0d837aa6e3f46f1e55a9b6309d572,2026-10-02T08:30:36+00:00,nhtsa/products/ford/2014_c.json.gz,ok,
products_r,ford,,,2015,https://api.nhtsa.gov/products/vehicle/models?modelYear=2015&make=FORD&issueType=r,200,4052,fde6431aac569733f2ce3ec50564ccf4d2e8d71f63f3a0e6d6759091817daa32,2026-10-02T08:30:38+00:00,nhtsa/products/ford/2015_r.json.gz,ok,
products_c,ford,,,2015,https://api.nhtsa.gov/products/vehicle/models?modelYear=2015&make=FORD&issueType=c,200,4052,fde6431aac569733f2ce3ec50564ccf4d2e8d71f63f3a0e6d6759091817daa32,2026-10-02T08:30:40+00:00,nhtsa/products/ford/2015_c.json.gz,ok,
products_r,ford,,,2016,https://api.nhtsa.gov/products/vehicle/models?modelYear=2016&make=FORD&issueType=r,200,4426,49f87cd16a632ef56d7268042666f40b127befd4c8a36781e7b7242f85380b4e,2026-10-02T08:30:42+00:00,nhtsa/products/ford/2016_r.json.gz,ok,
products_c,ford,,,2016,https://api.nhtsa.gov/products/vehicle/models?modelYear=2016&make=FORD&issueType=c,200,4426,49f87cd16a632ef56d7268042666f40b127befd4c8a36781e7b7242f85380b4e,2026-10-02T08:30:43+00:00,nhtsa/products/ford/2016_c.json.gz,ok,
products_r,ford,,,2017,https://api.nhtsa.gov/products/vehicle/models?modelYear=2017&make=FORD&issueType=r,200,4104,c3e21a0e7a2d2fa3eabe4cd3932ec352bfb1620f1d8b8fe8b6e565a93a1c178c,2026-10-02T08:30:45+00:00,nhtsa/products/ford/2017_r.json.gz,ok,
products_c,ford,,,2017,https://api.nhtsa.gov/products/vehicle/models?modelYear=2017&make=FORD&issueType=c,200,4104,c3e21a0e7a2d2fa3eabe4cd3932ec352bfb1620f1d8b8fe8b6e565a93a1c178c,2026-10-02T08:30:47+00:00,nhtsa/products/ford/2017_c.json.gz,ok,
products_r,ford,,,2018,https://api.nhtsa.gov/products/vehicle/models?modelYear=2018&make=FORD&issueType=r,200,3814,26a19ab6806e30644dd449014d881a76a8c9e6c693c5c4c647629f0a9d62038d,2026-10-02T08:30:49+00:00,nhtsa/products/ford/2018_r.json.gz,ok,
products_c,ford,,,2018,https://api.nhtsa.gov/products/vehicle/models?modelYear=2018&make=FORD&issueType=c,200,3814,26a19ab6806e30644dd449014d881a76a8c9e6c693c5c4c647629f0a9d62038d,2026-10-02T08:30:51+00:00,nhtsa/products/ford/2018_c.json.gz,ok,
products_r,ford,,,2019,https://api.nhtsa.gov/products/vehicle/models?modelYear=2019&make=FORD&issueType=r,200,4395,176523db3935ebb626beea6e30d78dec10025f656b450a19908052ef60e36910,2026-10-02T08:30:53+00:00,nhtsa/products/ford/2019_r.json.gz,ok,
products_c,ford,,,2019,https://api.nhtsa.gov/products/vehicle/models?modelYear=2019&make=FORD&issueType=c,200,4395,176523db3935ebb626beea6e30d78dec10025f656b450a19908052ef60e36910,2026-10-02T08:30:55+00:00,nhtsa/products/ford/2019_c.json.gz,ok,
products_r,ford,,,2020,https://api.nhtsa.gov/products/vehicle/models?modelYear=2020&make=FORD&issueType=r,200,4193,95b5b27b9913b57902a8e57492d14177c76fc41de3ba05c116ee479443f25ad6,2026-10-02T08:30:56+00:00,nhtsa/products/ford/2020_r.json.gz,ok,
products_c,ford,,,2020,https://api.nhtsa.gov/products/vehicle/models?modelYear=2020&make=FORD&issueType=c,200,4193,95b5b27b9913b57902a8e57492d14177c76fc41de3ba05c116ee479443f25ad6,2026-10-02T08:30:58+00:00,nhtsa/products/ford/2020_c.json.gz,ok,
products_r,ford,,,2021,https://api.nhtsa.gov/products/vehicle/models?modelYear=2021&make=FORD&issueType=r,200,5318,53a47290c8b9965cb58360acb93edfb9d7edeb4d9c8f6850b0fc78bd034261ad,2026-10-02T08:31:00+00:00,nhtsa/products/ford/2021_r.json.gz,ok,
products_c,ford,,,2021,https://api.nhtsa.gov/products/vehicle/models?modelYear=2021&make=FORD&issueType=c,200,5318,53a47290c8b9965cb58360acb93edfb9d7edeb4d9c8f6850b0fc78bd034261ad,2026-10-02T08:31:03+00:00,nhtsa/products/ford/2021_c.json.gz,ok,
products_r,ford,,,2022,https://api.nhtsa.gov/products/vehicle/models?modelYear=2022&make=FORD&issueType=r,200,5388,655eb1076e65761101558e0227975d0aa761065cce642eeeac411a2c8a357a37,2026-10-02T08:31:05+00:00,nhtsa/products/ford/2022_r.json.gz,ok,
products_c,ford,,,2022,https://api.nhtsa.gov/products/vehicle/models?modelYear=2022&make=FORD&issueType=c,200,5388,655eb1076e65761101558e0227975d0aa761065cce642eeeac411a2c8a357a37,2026-10-02T08:31:06+00:00,nhtsa/products/ford/2022_c.json.gz,ok,
products_r,ford,,,2023,https://api.nhtsa.gov/products/vehicle/models?modelYear=2023&make=FORD&issueType=r,200,4755,cc4cc0aa0c5031b1d1180431b7075dc1d3b73283a4401a996ed4a152fa58e003,2026-10-02T08:31:08+00:00,nhtsa/products/ford/2023_r.json.gz,ok,
products_c,ford,,,2023,https://api.nhtsa.gov/products/vehicle/models?modelYear=2023&make=FORD&issueType=c,200,4755,cc4cc0aa0c5031b1d1180431b7075dc1d3b73283a4401a996ed4a152fa58e003,2026-10-02T08:31:09+00:00,nhtsa/products/ford/2023_c.json.gz,ok,
products_r,ford,,,2024,https://api.nhtsa.gov/products/vehicle/models?modelYear=2024&make=FORD&issueType=r,200,4423,b52394f60ad26651b43b552c9d7c84a7258bd0166061b55bff532abb5e5bdb96,2026-10-02T08:31:12+00:00,nhtsa/products/ford/2024_r.json.gz,ok,
products_c,ford,,,2024,https://api.nhtsa.gov/products/vehicle/models?modelYear=2024&make=FORD&issueType=c,200,4423,b52394f60ad26651b43b552c9d7c84a7258bd0166061b55bff532abb5e5bdb96,2026-10-02T08:31:14+00:00,nhtsa/products/ford/2024_c.json.gz,ok,
products_r,ford,,,2025,https://api.nhtsa.gov/products/vehicle/models?modelYear=2025&make=FORD&issueType=r,200,4792,4a4c0927db7168792c6d1c91573f2c22b9d8f6414c27920ca493a192c0f72f66,2026-10-02T08:31:16+00:00,nhtsa/products/ford/2025_r.json.gz,ok,
products_c,ford,,,2025,https://api.nhtsa.gov/products/vehicle/models?modelYear=2025&make=FORD&issueType=c,200,4792,4a4c0927db7168792c6d1c91573f2c22b9d8f6414c27920ca493a192c0f72f66,2026-10-02T08:31:17+00:00,nhtsa/products/ford/2025_c.json.gz,ok,
products_r,ford,,,2026,https://api.nhtsa.gov/products/vehicle/models?modelYear=2026&make=FORD&issueType=r,200,3897,3ba501b6f0ef1e201a50d50aa6dfcb6eb9eec7a6288e4439e8a734490004122b,2026-10-02T08:31:18+00:00,nhtsa/products/ford/2026_r.json.gz,ok,
products_c,ford,,,2026,https://api.nhtsa.gov/products/vehicle/models?modelYear=2026&make=FORD&issueType=c,200,3897,3ba501b6f0ef1e201a50d50aa6dfcb6eb9eec7a6288e4439e8a734490004122b,2026-10-02T08:31:20+00:00,nhtsa/products/ford/2026_c.json.gz,ok,
products_r,lexus,,,2014,https://api.nhtsa.gov/products/vehicle/models?modelYear=2014&make=LEXUS&issueType=r,200,1413,1ffb8d7bb3e755a40eb106a77740a6cab96503e6ca0bbcf43a3ec20bb76b7a36,2026-10-02T08:31:21+00:00,nhtsa/products/lexus/2014_r.json.gz,ok,
products_c,lexus,,,2014,https://api.nhtsa.gov/products/vehicle/models?modelYear=2014&make=LEXUS&issueType=c,200,1413,1ffb8d7bb3e755a40eb106a77740a6cab96503e6ca0bbcf43a3ec20bb76b7a36,2026-10-02T08:31:24+00:00,nhtsa/products/lexus/2014_c.json.gz,ok,
products_r,lexus,,,2015,https://api.nhtsa.gov/products/vehicle/models?modelYear=2015&make=LEXUS&issueType=r,200,1781,634c46665952951df9907b82a58c9af87fcea1236476393fdae1ffe680fc37c2,2026-10-02T08:31:26+00:00,nhtsa/products/lexus/2015_r.json.gz,ok,
products_c,lexus,,,2015,https://api.nhtsa.gov/products/vehicle/models?modelYear=2015&make=LEXUS&issueType=c,200,1781,634c46665952951df9907b82a58c9af87fcea1236476393fdae1ffe680fc37c2,2026-10-02T08:31:28+00:00,nhtsa/products/lexus/2015_c.json.gz,ok,
products_r,lexus,,,2016,https://api.nhtsa.gov/products/vehicle/models?modelYear=2016&make=LEXUS&issueType=r,200,2206,b337fe6261c6fc1393c6fd2432478fce4fbd9e88ce776d6ff8ee474a998ce702,2026-10-02T08:31:30+00:00,nhtsa/products/lexus/2016_r.json.gz,ok,
products_c,lexus,,,2016,https://api.nhtsa.gov/products/vehicle/models?modelYear=2016&make=LEXUS&issueType=c,200,2206,b337fe6261c6fc1393c6fd2432478fce4fbd9e88ce776d6ff8ee474a998ce702,2026-10-02T08:31:31+00:00,nhtsa/products/lexus/2016_c.json.gz,ok,
products_r,lexus,,,2017,https://api.nhtsa.gov/products/vehicle/models?modelYear=2017&make=LEXUS&issueType=r,200,1886,9e7fe1d9d8e8d21092c33fad76c8894a45acde57b5c4119f66e76b483bc3d02e,2026-10-02T08:31:34+00:00,nhtsa/products/lexus/2017_r.json.gz,ok,
products_c,lexus,,,2017,https://api.nhtsa.gov/products/vehicle/models?modelYear=2017&make=LEXUS&issueType=c,200,1886,9e7fe1d9d8e8d21092c33fad76c8894a45acde57b5c4119f66e76b483bc3d02e,2026-10-02T08:31:36+00:00,nhtsa/products/lexus/2017_c.json.gz,ok,
products_r,lexus,,,2018,https://api.nhtsa.gov/products/vehicle/models?modelYear=2018&make=LEXUS&issueType=r,200,1462,4f3a672d12ef262c21ae02671d30a62c895cf283b78a7579187bb09afa136bb8,2026-10-02T08:31:38+00:00,nhtsa/products/lexus/2018_r.json.gz,ok,
products_c,lexus,,,2018,https://api.nhtsa.gov/products/vehicle/models?modelYear=2018&make=LEXUS&issueType=c,200,1462,4f3a672d12ef262c21ae02671d30a62c895cf283b78a7579187bb09afa136bb8,2026-10-02T08:31:40+00:00,nhtsa/products/lexus/2018_c.json.gz,ok,
products_r,lexus,,,2019,https://api.nhtsa.gov/products/vehicle/models?modelYear=2019&make=LEXUS&issueType=r,200,1582,32a6c4edba390ceb22ecb589cfa7114c26ecb98195a8bd55ba1c5fef4cf562b7,2026-10-02T08:31:43+00:00,nhtsa/products/lexus/2019_r.json.gz,ok,
products_c,lexus,,,2019,https://api.nhtsa.gov/products/vehicle/models?modelYear=2019&make=LEXUS&issueType=c,200,1582,32a6c4edba390ceb22ecb589cfa7114c26ecb98195a8bd55ba1c5fef4cf562b7,2026-10-02T08:31:44+00:00,nhtsa/products/lexus/2019_c.json.gz,ok,
products_r,lexus,,,2020,https://api.nhtsa.gov/products/vehicle/models?modelYear=2020&make=LEXUS&issueType=r,200,1380,19ae2fad6a43f15374fc49f67eb4c75a28f007733b809af166684be8da0275d2,2026-10-02T08:31:46+00:00,nhtsa/products/lexus/2020_r.json.gz,ok,
products_c,lexus,,,2020,https://api.nhtsa.gov/products/vehicle/models?modelYear=2020&make=LEXUS&issueType=c,200,1380,19ae2fad6a43f15374fc49f67eb4c75a28f007733b809af166684be8da0275d2,2026-10-02T08:31:48+00:00,nhtsa/products/lexus/2020_c.json.gz,ok,
products_r,lexus,,,2021,https://api.nhtsa.gov/products/vehicle/models?modelYear=2021&make=LEXUS&issueType=r,200,1660,dc505e4add71ddd7618f7fe76dd21dbf3e502c726339a02ec9f57da976c3307d,2026-10-02T08:31:49+00:00,nhtsa/products/lexus/2021_r.json.gz,ok,
products_c,lexus,,,2021,https://api.nhtsa.gov/products/vehicle/models?modelYear=2021&make=LEXUS&issueType=c,200,1660,dc505e4add71ddd7618f7fe76dd21dbf3e502c726339a02ec9f57da976c3307d,2026-10-02T08:31:51+00:00,nhtsa/products/lexus/2021_c.json.gz,ok,
products_r,lexus,,,2022,https://api.nhtsa.gov/products/vehicle/models?modelYear=2022&make=LEXUS&issueType=r,200,1447,f956de7a3a72c29353b7fccdff0b9da6bb7f00c44156a599d1abfbc26a43c4d4,2026-10-02T08:31:53+00:00,nhtsa/products/lexus/2022_r.json.gz,ok,
products_c,lexus,,,2022,https://api.nhtsa.gov/products/vehicle/models?modelYear=2022&make=LEXUS&issueType=c,200,1447,f956de7a3a72c29353b7fccdff0b9da6bb7f00c44156a599d1abfbc26a43c4d4,2026-10-02T08:31:54+00:00,nhtsa/products/lexus/2022_c.json.gz,ok,
products_r,lexus,,,2023,https://api.nhtsa.gov/products/vehicle/models?modelYear=2023&make=LEXUS&issueType=r,200,1129,c4b3797b94ccfd29f3ed5de143b4413ee621d3ba00e6cac6532165d06d7d38c2,2026-10-02T08:31:56+00:00,nhtsa/products/lexus/2023_r.json.gz,ok,
products_c,lexus,,,2023,https://api.nhtsa.gov/products/vehicle/models?modelYear=2023&make=LEXUS&issueType=c,200,1129,c4b3797b94ccfd29f3ed5de143b4413ee621d3ba00e6cac6532165d06d7d38c2,2026-10-02T08:31:58+00:00,nhtsa/products/lexus/2023_c.json.gz,ok,
products_r,lexus,,,2024,https://api.nhtsa.gov/products/vehicle/models?modelYear=2024&make=LEXUS&issueType=r,200,1683,212a743ff2182763902d4bcf8bd5cfe565654e89d948d4981d9dcd5512696207,2026-10-02T08:32:00+00:00,nhtsa/products/lexus/2024_r.json.gz,ok,
products_c,lexus,,,2024,https://api.nhtsa.gov/products/vehicle/models?modelYear=2024&make=LEXUS&issueType=c,200,1683,212a743ff2182763902d4bcf8bd5cfe565654e89d948d4981d9dcd5512696207,2026-10-02T08:32:02+00:00,nhtsa/products/lexus/2024_c.json.gz,ok,
products_r,lexus,,,2025,https://api.nhtsa.gov/products/vehicle/models?modelYear=2025&make=LEXUS&issueType=r,200,1732,c59c7a678b491c29a93e9e01ef2168b3e127dc981d79cbd4cfcfbcf26d605342,2026-10-02T08:32:04+00:00,nhtsa/products/lexus/2025_r.json.gz,ok,
products_c,lexus,,,2025,https://api.nhtsa.gov/products/vehicle/models?modelYear=2025&make=LEXUS&issueType=c,200,1732,c59c7a678b491c29a93e9e01ef2168b3e127dc981d79cbd4cfcfbcf26d605342,2026-10-02T08:32:06+00:00,nhtsa/products/lexus/2025_c.json.gz,ok,
products_r,lexus,,,2026,https://api.nhtsa.gov/products/vehicle/models?modelYear=2026&make=LEXUS&issueType=r,200,753,32d3306ffa05d5686801389039f31a49cfd7250b54bf0714004b9eed2a865b9c,2026-10-02T08:32:08+00:00,nhtsa/products/lexus/2026_r.json.gz,ok,
products_c,lexus,,,2026,https://api.nhtsa.gov/products/vehicle/models?modelYear=2026&make=LEXUS&issueType=c,200,753,32d3306ffa05d5686801389039f31a49cfd7250b54bf0714004b9eed2a865b9c,2026-10-02T08:32:10+00:00,nhtsa/products/lexus/2026_c.json.gz,ok,
products_r,honda,,,2014,https://api.nhtsa.gov/products/vehicle/models?modelYear=2014&make=HONDA&issueType=r,200,2077,9a59c595b8088de2b5e8a125695b29b57b542d50484f60a0f8e2b483cd6a3195,2026-10-02T08:32:12+00:00,nhtsa/products/honda/2014_r.json.gz,ok,
products_c,honda,,,2014,https://api.nhtsa.gov/products/vehicle/models?modelYear=2014&make=HONDA&issueType=c,200,2077,9a59c595b8088de2b5e8a125695b29b57b542d50484f60a0f8e2b483cd6a3195,2026-10-02T08:32:14+00:00,nhtsa/products/honda/2014_c.json.gz,ok,
products_r,honda,,,2015,https://api.nhtsa.gov/products/vehicle/models?modelYear=2015&make=HONDA&issueType=r,200,1798,0f63dcaa06ce07e5448081f488da6c1f78420c21d5748760a4a193b582564651,2026-10-02T08:32:16+00:00,nhtsa/products/honda/2015_r.json.gz,ok,
products_c,honda,,,2015,https://api.nhtsa.gov/products/vehicle/models?modelYear=2015&make=HONDA&issueType=c,200,1798,0f63dcaa06ce07e5448081f488da6c1f78420c21d5748760a4a193b582564651,2026-10-02T08:32:17+00:00,nhtsa/products/honda/2015_c.json.gz,ok,
products_r,honda,,,2016,https://api.nhtsa.gov/products/vehicle/models?modelYear=2016&make=HONDA&issueType=r,200,1337,af1cc8df5f7fa1dd7b9049defc55ab63854a3b95449ffd31361a758b09140eac,2026-10-02T08:32:19+00:00,nhtsa/products/honda/2016_r.json.gz,ok,
products_c,honda,,,2016,https://api.nhtsa.gov/products/vehicle/models?modelYear=2016&make=HONDA&issueType=c,200,1337,af1cc8df5f7fa1dd7b9049defc55ab63854a3b95449ffd31361a758b09140eac,2026-10-02T08:32:21+00:00,nhtsa/products/honda/2016_c.json.gz,ok,
products_r,honda,,,2017,https://api.nhtsa.gov/products/vehicle/models?modelYear=2017&make=HONDA&issueType=r,200,1882,06da1bfa43478da8d546bd8299c5b2c7e9f501e96420b3165ebdb697fd613631,2026-10-02T08:32:23+00:00,nhtsa/products/honda/2017_r.json.gz,ok,
products_c,honda,,,2017,https://api.nhtsa.gov/products/vehicle/models?modelYear=2017&make=HONDA&issueType=c,200,1882,06da1bfa43478da8d546bd8299c5b2c7e9f501e96420b3165ebdb697fd613631,2026-10-02T08:32:26+00:00,nhtsa/products/honda/2017_c.json.gz,ok,
products_r,honda,,,2018,https://api.nhtsa.gov/products/vehicle/models?modelYear=2018&make=HONDA&issueType=r,200,1658,e17d408affd30a94bf8b0f41755ac1b80d48bd9047b235d0789cf736564d0f9e,2026-10-02T08:32:27+00:00,nhtsa/products/honda/2018_r.json.gz,ok,
products_c,honda,,,2018,https://api.nhtsa.gov/products/vehicle/models?modelYear=2018&make=HONDA&issueType=c,200,1658,e17d408affd30a94bf8b0f41755ac1b80d48bd9047b235d0789cf736564d0f9e,2026-10-02T08:32:29+00:00,nhtsa/products/honda/2018_c.json.gz,ok,
products_r,honda,,,2019,https://api.nhtsa.gov/products/vehicle/models?modelYear=2019&make=HONDA&issueType=r,200,1710,02bfd211853da8d73dd5cefabcda27fca99315e3587a3b731cdd4a9e21034a71,2026-10-02T08:32:31+00:00,nhtsa/products/honda/2019_r.json.gz,ok,
products_c,honda,,,2019,https://api.nhtsa.gov/products/vehicle/models?modelYear=2019&make=HONDA&issueType=c,200,1710,02bfd211853da8d73dd5cefabcda27fca99315e3587a3b731cdd4a9e21034a71,2026-10-02T08:32:33+00:00,nhtsa/products/honda/2019_c.json.gz,ok,
products_r,honda,,,2020,https://api.nhtsa.gov/products/vehicle/models?modelYear=2020&make=HONDA&issueType=r,200,1793,8471930a820d3e1a6a0440c6bb29638315ec7b673b68b5b6a5dc64fd6bdefb22,2026-10-02T08:32:35+00:00,nhtsa/products/honda/2020_r.json.gz,ok,
products_c,honda,,,2020,https://api.nhtsa.gov/products/vehicle/models?modelYear=2020&make=HONDA&issueType=c,200,1793,8471930a820d3e1a6a0440c6bb29638315ec7b673b68b5b6a5dc64fd6bdefb22,2026-10-02T08:32:36+00:00,nhtsa/products/honda/2020_c.json.gz,ok,
products_r,honda,,,2021,https://api.nhtsa.gov/products/vehicle/models?modelYear=2021&make=HONDA&issueType=r,200,1735,0092b47729dfb36fed61002abb7bea6aade0e8ffe1f38c404672f0cd1fc2da42,2026-10-02T08:32:38+00:00,nhtsa/products/honda/2021_r.json.gz,ok,
products_c,honda,,,2021,https://api.nhtsa.gov/products/vehicle/models?modelYear=2021&make=HONDA&issueType=c,200,1735,0092b47729dfb36fed61002abb7bea6aade0e8ffe1f38c404672f0cd1fc2da42,2026-10-02T08:32:39+00:00,nhtsa/products/honda/2021_c.json.gz,ok,
products_r,honda,,,2022,https://api.nhtsa.gov/products/vehicle/models?modelYear=2022&make=HONDA&issueType=r,200,1527,0fb8da7ca0d71976b37924b7a070f9ca4ca1ec1137655f880c2952a1cb4a8ec5,2026-10-02T08:32:42+00:00,nhtsa/products/honda/2022_r.json.gz,ok,
products_c,honda,,,2022,https://api.nhtsa.gov/products/vehicle/models?modelYear=2022&make=HONDA&issueType=c,200,1527,0fb8da7ca0d71976b37924b7a070f9ca4ca1ec1137655f880c2952a1cb4a8ec5,2026-10-02T08:32:44+00:00,nhtsa/products/honda/2022_c.json.gz,ok,
products_r,honda,,,2023,https://api.nhtsa.gov/products/vehicle/models?modelYear=2023&make=HONDA&issueType=r,200,1566,7d47929bf37eb6277d41114544fe2713b43c5f35f7464409e16f56f40fe16cbe,2026-10-02T08:32:45+00:00,nhtsa/products/honda/2023_r.json.gz,ok,
products_c,honda,,,2023,https://api.nhtsa.gov/products/vehicle/models?modelYear=2023&make=HONDA&issueType=c,200,1566,7d47929bf37eb6277d41114544fe2713b43c5f35f7464409e16f56f40fe16cbe,2026-10-02T08:32:47+00:00,nhtsa/products/honda/2023_c.json.gz,ok,
products_r,honda,,,2024,https://api.nhtsa.gov/products/vehicle/models?modelYear=2024&make=HONDA&issueType=r,200,1675,374e0ef7d07b6ea0716a2c99b89e9a5c80c25ade25214c46b2e4c5c4d2ab0123,2026-10-02T08:32:49+00:00,nhtsa/products/honda/2024_r.json.gz,ok,
products_c,honda,,,2024,https://api.nhtsa.gov/products/vehicle/models?modelYear=2024&make=HONDA&issueType=c,200,1675,374e0ef7d07b6ea0716a2c99b89e9a5c80c25ade25214c46b2e4c5c4d2ab0123,2026-10-02T08:32:51+00:00,nhtsa/products/honda/2024_c.json.gz,ok,
products_r,honda,,,2025,https://api.nhtsa.gov/products/vehicle/models?modelYear=2025&make=HONDA&issueType=r,200,1809,9e31a918268b85c9e36c98721589f870b1e352f87660a1efa120562157f8329a,2026-10-02T08:32:53+00:00,nhtsa/products/honda/2025_r.json.gz,ok,
products_c,honda,,,2025,https://api.nhtsa.gov/products/vehicle/models?modelYear=2025&make=HONDA&issueType=c,200,1809,9e31a918268b85c9e36c98721589f870b1e352f87660a1efa120562157f8329a,2026-10-02T08:32:55+00:00,nhtsa/products/honda/2025_c.json.gz,ok,
products_r,honda,,,2026,https://api.nhtsa.gov/products/vehicle/models?modelYear=2026&make=HONDA&issueType=r,200,1111,7d541138740a1e3778161266df51a304d396a7261d371db29dd67b94fefd4ca6,2026-10-02T08:32:57+00:00,nhtsa/products/honda/2026_r.json.gz,ok,
products_c,honda,,,2026,https://api.nhtsa.gov/products/vehicle/models?modelYear=2026&make=HONDA&issueType=c,200,1111,7d541138740a1e3778161266df51a304d396a7261d371db29dd67b94fefd4ca6,2026-10-02T08:32:59+00:00,nhtsa/products/honda/2026_c.json.gz,ok,
products_r,nissan,,,2014,https://api.nhtsa.gov/products/vehicle/models?modelYear=2014&make=NISSAN&issueType=r,200,2297,989bdb98d666a6082a87f09149e4df9640ebd9799577b7ed8a824de35cd41c52,2026-10-02T08:33:01+00:00,nhtsa/products/nissan/2014_r.json.gz,ok,
products_c,nissan,,,2014,https://api.nhtsa.gov/products/vehicle/models?modelYear=2014&make=NISSAN&issueType=c,200,2297,989bdb98d666a6082a87f09149e4df9640ebd9799577b7ed8a824de35cd41c52,2026-10-02T08:33:03+00:00,nhtsa/products/nissan/2014_c.json.gz,ok,
products_r,nissan,,,2015,https://api.nhtsa.gov/products/vehicle/models?modelYear=2015&make=NISSAN&issueType=r,200,1711,9093f3a8b46bbcd0ac83375dd4faaee09231c8cb8d17f19ffddc119f6d6d7ff7,2026-10-02T08:33:05+00:00,nhtsa/products/nissan/2015_r.json.gz,ok,
products_c,nissan,,,2015,https://api.nhtsa.gov/products/vehicle/models?modelYear=2015&make=NISSAN&issueType=c,200,1711,9093f3a8b46bbcd0ac83375dd4faaee09231c8cb8d17f19ffddc119f6d6d7ff7,2026-10-02T08:33:06+00:00,nhtsa/products/nissan/2015_c.json.gz,ok,
products_r,nissan,,,2016,https://api.nhtsa.gov/products/vehicle/models?modelYear=2016&make=NISSAN&issueType=r,200,1603,3efc6f7e3a54eee542e0effd374e66df88bfca1548c291f7966cddeacb98f33f,2026-10-02T08:33:08+00:00,nhtsa/products/nissan/2016_r.json.gz,ok,
products_c,nissan,,,2016,https://api.nhtsa.gov/products/vehicle/models?modelYear=2016&make=NISSAN&issueType=c,200,1603,3efc6f7e3a54eee542e0effd374e66df88bfca1548c291f7966cddeacb98f33f,2026-10-02T08:33:10+00:00,nhtsa/products/nissan/2016_c.json.gz,ok,
products_r,nissan,,,2017,https://api.nhtsa.gov/products/vehicle/models?modelYear=2017&make=NISSAN&issueType=r,200,2199,5a91f960a2e8fc4e322eb7cd7fd6da2e850604b27f837b8b11a0b341cbe85830,2026-10-02T08:33:11+00:00,nhtsa/products/nissan/2017_r.json.gz,ok,
products_c,nissan,,,2017,https://api.nhtsa.gov/products/vehicle/models?modelYear=2017&make=NISSAN&issueType=c,200,2199,5a91f960a2e8fc4e322eb7cd7fd6da2e850604b27f837b8b11a0b341cbe85830,2026-10-02T08:33:13+00:00,nhtsa/products/nissan/2017_c.json.gz,ok,
products_r,nissan,,,2018,https://api.nhtsa.gov/products/vehicle/models?modelYear=2018&make=NISSAN&issueType=r,200,2605,7b69c9102ae3b79faedc0d1a54ff1594f097db600ae14b31054c169e8f972879,2026-10-02T08:33:15+00:00,nhtsa/products/nissan/2018_r.json.gz,ok,
products_c,nissan,,,2018,https://api.nhtsa.gov/products/vehicle/models?modelYear=2018&make=NISSAN&issueType=c,200,2605,7b69c9102ae3b79faedc0d1a54ff1594f097db600ae14b31054c169e8f972879,2026-10-02T08:33:17+00:00,nhtsa/products/nissan/2018_c.json.gz,ok,
products_r,nissan,,,2019,https://api.nhtsa.gov/products/vehicle/models?modelYear=2019&make=NISSAN&issueType=r,200,2687,54d09b0bc9b1de4ec4c1a7313af8a2849e2a0d8e9bb63338bb8a6563164b77b7,2026-10-02T08:33:19+00:00,nhtsa/products/nissan/2019_r.json.gz,ok,
products_c,nissan,,,2019,https://api.nhtsa.gov/products/vehicle/models?modelYear=2019&make=NISSAN&issueType=c,200,2687,54d09b0bc9b1de4ec4c1a7313af8a2849e2a0d8e9bb63338bb8a6563164b77b7,2026-10-02T08:33:20+00:00,nhtsa/products/nissan/2019_c.json.gz,ok,
products_r,nissan,,,2020,https://api.nhtsa.gov/products/vehicle/models?modelYear=2020&make=NISSAN&issueType=r,200,1764,c0f02db63fd962dda5042d1efa9f64941a7b563dced5b6d1dc0b2a69d6f514e5,2026-10-02T08:33:22+00:00,nhtsa/products/nissan/2020_r.json.gz,ok,
products_c,nissan,,,2020,https://api.nhtsa.gov/products/vehicle/models?modelYear=2020&make=NISSAN&issueType=c,200,1764,c0f02db63fd962dda5042d1efa9f64941a7b563dced5b6d1dc0b2a69d6f514e5,2026-10-02T08:33:24+00:00,nhtsa/products/nissan/2020_c.json.gz,ok,
products_r,nissan,,,2021,https://api.nhtsa.gov/products/vehicle/models?modelYear=2021&make=NISSAN&issueType=r,200,1749,1f1632db437ec071876a2c5ce8fb6071d8bb611492078fb7c6ee44157dc75c28,2026-10-02T08:33:25+00:00,nhtsa/products/nissan/2021_r.json.gz,ok,
products_c,nissan,,,2021,https://api.nhtsa.gov/products/vehicle/models?modelYear=2021&make=NISSAN&issueType=c,200,1749,1f1632db437ec071876a2c5ce8fb6071d8bb611492078fb7c6ee44157dc75c28,2026-10-02T08:33:27+00:00,nhtsa/products/nissan/2021_c.json.gz,ok,
products_r,nissan,,,2022,https://api.nhtsa.gov/products/vehicle/models?modelYear=2022&make=NISSAN&issueType=r,200,1719,13f1402e9e2fe3bc93cdc749f1ca0e772f79f6902af6a7c8d1ce01a7a38ab7b3,2026-10-02T08:33:29+00:00,nhtsa/products/nissan/2022_r.json.gz,ok,
products_c,nissan,,,2022,https://api.nhtsa.gov/products/vehicle/models?modelYear=2022&make=NISSAN&issueType=c,200,1719,13f1402e9e2fe3bc93cdc749f1ca0e772f79f6902af6a7c8d1ce01a7a38ab7b3,2026-10-02T08:33:31+00:00,nhtsa/products/nissan/2022_c.json.gz,ok,
products_r,nissan,,,2023,https://api.nhtsa.gov/products/vehicle/models?modelYear=2023&make=NISSAN&issueType=r,200,1869,587568ca90bf643afc76ae801907966bce811fd47cb812bcfd8d9eecf795249d,2026-10-02T08:33:32+00:00,nhtsa/products/nissan/2023_r.json.gz,ok,
products_c,nissan,,,2023,https://api.nhtsa.gov/products/vehicle/models?modelYear=2023&make=NISSAN&issueType=c,200,1869,587568ca90bf643afc76ae801907966bce811fd47cb812bcfd8d9eecf795249d,2026-10-02T08:33:34+00:00,nhtsa/products/nissan/2023_c.json.gz,ok,
products_r,nissan,,,2024,https://api.nhtsa.gov/products/vehicle/models?modelYear=2024&make=NISSAN&issueType=r,200,1578,e73c152fe5795a3438ed22b653c76e81e550a0bf1bccf5db9abb7c90811ffa4e,2026-10-02T08:33:36+00:00,nhtsa/products/nissan/2024_r.json.gz,ok,
products_c,nissan,,,2024,https://api.nhtsa.gov/products/vehicle/models?modelYear=2024&make=NISSAN&issueType=c,200,1578,e73c152fe5795a3438ed22b653c76e81e550a0bf1bccf5db9abb7c90811ffa4e,2026-10-02T08:33:37+00:00,nhtsa/products/nissan/2024_c.json.gz,ok,
products_r,nissan,,,2025,https://api.nhtsa.gov/products/vehicle/models?modelYear=2025&make=NISSAN&issueType=r,200,1392,e76566206c2afc18b5f8d492f42daa8400a5660596e185b385e08dba0e32b871,2026-10-02T08:33:39+00:00,nhtsa/products/nissan/2025_r.json.gz,ok,
products_c,nissan,,,2025,https://api.nhtsa.gov/products/vehicle/models?modelYear=2025&make=NISSAN&issueType=c,200,1392,e76566206c2afc18b5f8d492f42daa8400a5660596e185b385e08dba0e32b871,2026-10-02T08:33:41+00:00,nhtsa/products/nissan/2025_c.json.gz,ok,
products_r,nissan,,,2026,https://api.nhtsa.gov/products/vehicle/models?modelYear=2026&make=NISSAN&issueType=r,200,1393,29bfff063a8f2b8f5bd6efd55476dc61d27cac04590fdfe75dd5cd7272f32be9,2026-10-02T08:33:43+00:00,nhtsa/products/nissan/2026_r.json.gz,ok,
products_c,nissan,,,2026,https://api.nhtsa.gov/products/vehicle/models?modelYear=2026&make=NISSAN&issueType=c,200,1393,29bfff063a8f2b8f5bd6efd55476dc61d27cac04590fdfe75dd5cd7272f32be9,2026-10-02T08:33:45+00:00,nhtsa/products/nissan/2026_c.json.gz,ok,
products_r,land-rover,,,2014,https://api.nhtsa.gov/products/vehicle/models?modelYear=2014&make=LAND+ROVER&issueType=r,200,700,8acab5d077c617eadf5a6e44579caaca32b1b72896ef47f28b2de050eb5e9c5c,2026-10-02T08:33:47+00:00,nhtsa/products/land-rover/2014_r.json.gz,ok,
products_c,land-rover,,,2014,https://api.nhtsa.gov/products/vehicle/models?modelYear=2014&make=LAND+ROVER&issueType=c,200,700,8acab5d077c617eadf5a6e44579caaca32b1b72896ef47f28b2de050eb5e9c5c,2026-10-02T08:33:48+00:00,nhtsa/products/land-rover/2014_c.json.gz,ok,
products_r,land-rover,,,2015,https://api.nhtsa.gov/products/vehicle/models?modelYear=2015&make=LAND+ROVER&issueType=r,200,789,6442f8ee8a6d7fcc346188bf50b0293183d4c6037a1ae7c8cb10877a2ee96bdb,2026-10-02T08:33:51+00:00,nhtsa/products/land-rover/2015_r.json.gz,ok,
products_c,land-rover,,,2015,https://api.nhtsa.gov/products/vehicle/models?modelYear=2015&make=LAND+ROVER&issueType=c,200,789,6442f8ee8a6d7fcc346188bf50b0293183d4c6037a1ae7c8cb10877a2ee96bdb,2026-10-02T08:33:53+00:00,nhtsa/products/land-rover/2015_c.json.gz,ok,
products_r,land-rover,,,2016,https://api.nhtsa.gov/products/vehicle/models?modelYear=2016&make=LAND+ROVER&issueType=r,200,795,9431bdaf5b37e5afe8eb84db73853a1b6d456d34da40aae996e069bc5b3b48e4,2026-10-02T08:33:55+00:00,nhtsa/products/land-rover/2016_r.json.gz,ok,
products_c,land-rover,,,2016,https://api.nhtsa.gov/products/vehicle/models?modelYear=2016&make=LAND+ROVER&issueType=c,200,795,9431bdaf5b37e5afe8eb84db73853a1b6d456d34da40aae996e069bc5b3b48e4,2026-10-02T08:33:56+00:00,nhtsa/products/land-rover/2016_c.json.gz,ok,
products_r,land-rover,,,2017,https://api.nhtsa.gov/products/vehicle/models?modelYear=2017&make=LAND+ROVER&issueType=r,200,753,919b590147bad5afc9947663ff4f33233c86d9fd85fb6b55e0edcfe2ad033e59,2026-10-02T08:33:58+00:00,nhtsa/products/land-rover/2017_r.json.gz,ok,
products_c,land-rover,,,2017,https://api.nhtsa.gov/products/vehicle/models?modelYear=2017&make=LAND+ROVER&issueType=c,200,753,919b590147bad5afc9947663ff4f33233c86d9fd85fb6b55e0edcfe2ad033e59,2026-10-02T08:34:00+00:00,nhtsa/products/land-rover/2017_c.json.gz,ok,
products_r,land-rover,,,2018,https://api.nhtsa.gov/products/vehicle/models?modelYear=2018&make=LAND+ROVER&issueType=r,200,805,a590877bccfdc883a3c788e9dd5f424fc8a266e96e85a11ce3416e4e9a63ee71,2026-10-02T08:34:01+00:00,nhtsa/products/land-rover/2018_r.json.gz,ok,
products_c,land-rover,,,2018,https://api.nhtsa.gov/products/vehicle/models?modelYear=2018&make=LAND+ROVER&issueType=c,200,805,a590877bccfdc883a3c788e9dd5f424fc8a266e96e85a11ce3416e4e9a63ee71,2026-10-02T08:34:04+00:00,nhtsa/products/land-rover/2018_c.json.gz,ok,
products_r,land-rover,,,2019,https://api.nhtsa.gov/products/vehicle/models?modelYear=2019&make=LAND+ROVER&issueType=r,200,772,976bfe8355d114fc549cf757d93aed84c0c3fb6dfb531ac4195d75c48f653533,2026-10-02T08:34:06+00:00,nhtsa/products/land-rover/2019_r.json.gz,ok,
products_c,land-rover,,,2019,https://api.nhtsa.gov/products/vehicle/models?modelYear=2019&make=LAND+ROVER&issueType=c,200,772,976bfe8355d114fc549cf757d93aed84c0c3fb6dfb531ac4195d75c48f653533,2026-10-02T08:34:07+00:00,nhtsa/products/land-rover/2019_c.json.gz,ok,
products_r,land-rover,,,2020,https://api.nhtsa.gov/products/vehicle/models?modelYear=2020&make=LAND+ROVER&issueType=r,200,604,92dd79718d9ec116a1831ecf09eb60f56cb4cafb3d7f7c0fad87e2c6d475955c,2026-10-02T08:34:09+00:00,nhtsa/products/land-rover/2020_r.json.gz,ok,
products_c,land-rover,,,2020,https://api.nhtsa.gov/products/vehicle/models?modelYear=2020&make=LAND+ROVER&issueType=c,200,604,92dd79718d9ec116a1831ecf09eb60f56cb4cafb3d7f7c0fad87e2c6d475955c,2026-10-02T08:34:11+00:00,nhtsa/products/land-rover/2020_c.json.gz,ok,
products_r,land-rover,,,2021,https://api.nhtsa.gov/products/vehicle/models?modelYear=2021&make=LAND+ROVER&issueType=r,200,833,147d0cc15d2aabca99bc29413e6844748844653485b74c9607cd670362dd3865,2026-10-02T08:34:13+00:00,nhtsa/products/land-rover/2021_r.json.gz,ok,
products_c,land-rover,,,2021,https://api.nhtsa.gov/products/vehicle/models?modelYear=2021&make=LAND+ROVER&issueType=c,200,833,147d0cc15d2aabca99bc29413e6844748844653485b74c9607cd670362dd3865,2026-10-02T08:34:14+00:00,nhtsa/products/land-rover/2021_c.json.gz,ok,
products_r,land-rover,,,2022,https://api.nhtsa.gov/products/vehicle/models?modelYear=2022&make=LAND+ROVER&issueType=r,200,671,c8b986eb19c40b1c37503e38129a8c2e0788aed61fe0e43993757fc97bf604ee,2026-10-02T08:34:16+00:00,nhtsa/products/land-rover/2022_r.json.gz,ok,
products_c,land-rover,,,2022,https://api.nhtsa.gov/products/vehicle/models?modelYear=2022&make=LAND+ROVER&issueType=c,200,671,c8b986eb19c40b1c37503e38129a8c2e0788aed61fe0e43993757fc97bf604ee,2026-10-02T08:34:18+00:00,nhtsa/products/land-rover/2022_c.json.gz,ok,
products_r,land-rover,,,2023,https://api.nhtsa.gov/products/vehicle/models?modelYear=2023&make=LAND+ROVER&issueType=r,200,723,07fc4ce698bb55b08814ecbfe307e372ebbe192f6a434d1418f922fee4e49034,2026-10-02T08:34:19+00:00,nhtsa/products/land-rover/2023_r.json.gz,ok,
products_c,land-rover,,,2023,https://api.nhtsa.gov/products/vehicle/models?modelYear=2023&make=LAND+ROVER&issueType=c,200,723,07fc4ce698bb55b08814ecbfe307e372ebbe192f6a434d1418f922fee4e49034,2026-10-02T08:34:21+00:00,nhtsa/products/land-rover/2023_c.json.gz,ok,
products_r,land-rover,,,2024,https://api.nhtsa.gov/products/vehicle/models?modelYear=2024&make=LAND+ROVER&issueType=r,200,655,ac4f3f55795786bf3f10a14c96e0d73e69fef1bed0510a63eeefdbc81cae6df2,2026-10-02T08:34:23+00:00,nhtsa/products/land-rover/2024_r.json.gz,ok,
products_c,land-rover,,,2024,https://api.nhtsa.gov/products/vehicle/models?modelYear=2024&make=LAND+ROVER&issueType=c,200,655,ac4f3f55795786bf3f10a14c96e0d73e69fef1bed0510a63eeefdbc81cae6df2,2026-10-02T08:34:25+00:00,nhtsa/products/land-rover/2024_c.json.gz,ok,
products_r,land-rover,,,2025,https://api.nhtsa.gov/products/vehicle/models?modelYear=2025&make=LAND+ROVER&issueType=r,200,670,f6192e8e373c6a5db87474b38573cd1eb1f61fa552377f5b4bd91e724584e870,2026-10-02T08:34:27+00:00,nhtsa/products/land-rover/2025_r.json.gz,ok,
products_c,land-rover,,,2025,https://api.nhtsa.gov/products/vehicle/models?modelYear=2025&make=LAND+ROVER&issueType=c,200,670,f6192e8e373c6a5db87474b38573cd1eb1f61fa552377f5b4bd91e724584e870,2026-10-02T08:34:28+00:00,nhtsa/products/land-rover/2025_c.json.gz,ok,
products_r,land-rover,,,2026,https://api.nhtsa.gov/products/vehicle/models?modelYear=2026&make=LAND+ROVER&issueType=r,200,490,9b5d1865c40c3a35f7fc55ae5343c4dc6a0e46a866e0acd2062d24690fef194a,2026-10-02T08:34:31+00:00,nhtsa/products/land-rover/2026_r.json.gz,ok,
products_c,land-rover,,,2026,https://api.nhtsa.gov/products/vehicle/models?modelYear=2026&make=LAND+ROVER&issueType=c,200,490,9b5d1865c40c3a35f7fc55ae5343c4dc6a0e46a866e0acd2062d24690fef194a,2026-10-02T08:34:32+00:00,nhtsa/products/land-rover/2026_c.json.gz,ok,
products_r,infiniti,,,2014,https://api.nhtsa.gov/products/vehicle/models?modelYear=2014&make=INFINITI&issueType=r,200,1171,a161f691eb402d009ad9353fe4fdbc34abaf857f664e752de25697e9bc74b946,2026-10-02T08:34:34+00:00,nhtsa/products/infiniti/2014_r.json.gz,ok,
products_c,infiniti,,,2014,https://api.nhtsa.gov/products/vehicle/models?modelYear=2014&make=INFINITI&issueType=c,200,1171,a161f691eb402d009ad9353fe4fdbc34abaf857f664e752de25697e9bc74b946,2026-10-02T08:34:36+00:00,nhtsa/products/infiniti/2014_c.json.gz,ok,
products_r,infiniti,,,2015,https://api.nhtsa.gov/products/vehicle/models?modelYear=2015&make=INFINITI&issueType=r,200,1438,400b211f563dcbcd765830d22b5523334716e29a049ae2b6e5b99ff7ccd8566b,2026-10-02T08:34:38+00:00,nhtsa/products/infiniti/2015_r.json.gz,ok,
products_c,infiniti,,,2015,https://api.nhtsa.gov/products/vehicle/models?modelYear=2015&make=INFINITI&issueType=c,200,1438,400b211f563dcbcd765830d22b5523334716e29a049ae2b6e5b99ff7ccd8566b,2026-10-02T08:34:40+00:00,nhtsa/products/infiniti/2015_c.json.gz,ok,
products_r,infiniti,,,2016,https://api.nhtsa.gov/products/vehicle/models?modelYear=2016&make=INFINITI&issueType=r,200,818,9542a06f5986aaed1456857e952139e06081347f8a1c739e0b1d70aea20766c4,2026-10-02T08:34:42+00:00,nhtsa/products/infiniti/2016_r.json.gz,ok,
products_c,infiniti,,,2016,https://api.nhtsa.gov/products/vehicle/models?modelYear=2016&make=INFINITI&issueType=c,200,818,9542a06f5986aaed1456857e952139e06081347f8a1c739e0b1d70aea20766c4,2026-10-02T08:34:44+00:00,nhtsa/products/infiniti/2016_c.json.gz,ok,
products_r,infiniti,,,2017,https://api.nhtsa.gov/products/vehicle/models?modelYear=2017&make=INFINITI&issueType=r,200,924,c2866861c1543d8c5f8a32644b89497a3c47c7506835848d45bb051420f27384,2026-10-02T08:34:46+00:00,nhtsa/products/infiniti/2017_r.json.gz,ok,
products_c,infiniti,,,2017,https://api.nhtsa.gov/products/vehicle/models?modelYear=2017&make=INFINITI&issueType=c,200,924,c2866861c1543d8c5f8a32644b89497a3c47c7506835848d45bb051420f27384,2026-10-02T08:34:48+00:00,nhtsa/products/infiniti/2017_c.json.gz,ok,
products_r,infiniti,,,2018,https://api.nhtsa.gov/products/vehicle/models?modelYear=2018&make=INFINITI&issueType=r,200,816,d06239cbc1a0850a590416f2c8ef284eb9b3584d2c6bfbb27bfab7a7106e0d01,2026-10-02T08:34:49+00:00,nhtsa/products/infiniti/2018_r.json.gz,ok,
products_c,infiniti,,,2018,https://api.nhtsa.gov/products/vehicle/models?modelYear=2018&make=INFINITI&issueType=c,200,816,d06239cbc1a0850a590416f2c8ef284eb9b3584d2c6bfbb27bfab7a7106e0d01,2026-10-02T08:34:51+00:00,nhtsa/products/infiniti/2018_c.json.gz,ok,
products_r,infiniti,,,2019,https://api.nhtsa.gov/products/vehicle/models?modelYear=2019&make=INFINITI&issueType=r,200,924,aacf1fa6e02de44dfe869025a03d9c9d528c9fc5f3ce8ccb1380713c1ac0e757,2026-10-02T08:34:53+00:00,nhtsa/products/infiniti/2019_r.json.gz,ok,
products_c,infiniti,,,2019,https://api.nhtsa.gov/products/vehicle/models?modelYear=2019&make=INFINITI&issueType=c,200,924,aacf1fa6e02de44dfe869025a03d9c9d528c9fc5f3ce8ccb1380713c1ac0e757,2026-10-02T08:34:54+00:00,nhtsa/products/infiniti/2019_c.json.gz,ok,
products_r,infiniti,,,2020,https://api.nhtsa.gov/products/vehicle/models?modelYear=2020&make=INFINITI&issueType=r,200,602,34bf42db0438e749a17fcc0ed4a656180486702be0ca84977bc689a2275875a4,2026-10-02T08:34:55+00:00,nhtsa/products/infiniti/2020_r.json.gz,ok,
products_c,infiniti,,,2020,https://api.nhtsa.gov/products/vehicle/models?modelYear=2020&make=INFINITI&issueType=c,200,602,34bf42db0438e749a17fcc0ed4a656180486702be0ca84977bc689a2275875a4,2026-10-02T08:34:57+00:00,nhtsa/products/infiniti/2020_c.json.gz,ok,
products_r,infiniti,,,2021,https://api.nhtsa.gov/products/vehicle/models?modelYear=2021&make=INFINITI&issueType=r,200,493,c0f651b048338e46d727c3b05074cd44c99d9ab7f7eef71c4619234fca4f58c5,2026-10-02T08:34:59+00:00,nhtsa/products/infiniti/2021_r.json.gz,ok,
products_c,infiniti,,,2021,https://api.nhtsa.gov/products/vehicle/models?modelYear=2021&make=INFINITI&issueType=c,200,493,c0f651b048338e46d727c3b05074cd44c99d9ab7f7eef71c4619234fca4f58c5,2026-10-02T08:35:01+00:00,nhtsa/products/infiniti/2021_c.json.gz,ok,
products_r,infiniti,,,2022,https://api.nhtsa.gov/products/vehicle/models?modelYear=2022&make=INFINITI&issueType=r,200,604,afd0373207e74b445fa515a77bd30ca654f3ea930f98d26f74b9714ac956b3fa,2026-10-02T08:35:03+00:00,nhtsa/products/infiniti/2022_r.json.gz,ok,
products_c,infiniti,,,2022,https://api.nhtsa.gov/products/vehicle/models?modelYear=2022&make=INFINITI&issueType=c,200,604,afd0373207e74b445fa515a77bd30ca654f3ea930f98d26f74b9714ac956b3fa,2026-10-02T08:35:05+00:00,nhtsa/products/infiniti/2022_c.json.gz,ok,
products_r,infiniti,,,2023,https://api.nhtsa.gov/products/vehicle/models?modelYear=2023&make=INFINITI&issueType=r,200,549,32f4795914e1cc70efba77fdc4d4cc53bd50c191efe81e8fa3d94b6a3b2ea1cd,2026-10-02T08:35:07+00:00,nhtsa/products/infiniti/2023_r.json.gz,ok,
products_c,infiniti,,,2023,https://api.nhtsa.gov/products/vehicle/models?modelYear=2023&make=INFINITI&issueType=c,200,549,32f4795914e1cc70efba77fdc4d4cc53bd50c191efe81e8fa3d94b6a3b2ea1cd,2026-10-02T08:35:09+00:00,nhtsa/products/infiniti/2023_c.json.gz,ok,
products_r,infiniti,,,2024,https://api.nhtsa.gov/products/vehicle/models?modelYear=2024&make=INFINITI&issueType=r,200,389,823aceffeb426d67bd6de024b7fb58b7b2548dabdf02543d8779d58a262fdd3f,2026-10-02T08:35:10+00:00,nhtsa/products/infiniti/2024_r.json.gz,ok,
products_c,infiniti,,,2024,https://api.nhtsa.gov/products/vehicle/models?modelYear=2024&make=INFINITI&issueType=c,200,389,823aceffeb426d67bd6de024b7fb58b7b2548dabdf02543d8779d58a262fdd3f,2026-10-02T08:35:13+00:00,nhtsa/products/infiniti/2024_c.json.gz,ok,
products_r,infiniti,,,2025,https://api.nhtsa.gov/products/vehicle/models?modelYear=2025&make=INFINITI&issueType=r,200,389,7e7b0d963402f436e01c8cb6cd194d1ce02f709aa437aad84fdfc34852a2d166,2026-10-02T08:35:15+00:00,nhtsa/products/infiniti/2025_r.json.gz,ok,
products_c,infiniti,,,2025,https://api.nhtsa.gov/products/vehicle/models?modelYear=2025&make=INFINITI&issueType=c,200,389,7e7b0d963402f436e01c8cb6cd194d1ce02f709aa437aad84fdfc34852a2d166,2026-10-02T08:35:16+00:00,nhtsa/products/infiniti/2025_c.json.gz,ok,
products_r,infiniti,,,2026,https://api.nhtsa.gov/products/vehicle/models?modelYear=2026&make=INFINITI&issueType=r,200,297,f3164617f07ee6d028079da75889ec7b1af1413cc9163077fa8068fccb773bdf,2026-10-02T08:35:18+00:00,nhtsa/products/infiniti/2026_r.json.gz,ok,
products_c,infiniti,,,2026,https://api.nhtsa.gov/products/vehicle/models?modelYear=2026&make=INFINITI&issueType=c,200,297,f3164617f07ee6d028079da75889ec7b1af1413cc9163077fa8068fccb773bdf,2026-10-02T08:35:19+00:00,nhtsa/products/infiniti/2026_c.json.gz,ok,
products_r,cadillac,,,2014,https://api.nhtsa.gov/products/vehicle/models?modelYear=2014&make=CADILLAC&issueType=r,200,1046,e187e23795a7366085d66ba3404887b4c6dcf3c50351954b1266b349ff8ac967,2026-10-02T08:35:21+00:00,nhtsa/products/cadillac/2014_r.json.gz,ok,
products_c,cadillac,,,2014,https://api.nhtsa.gov/products/vehicle/models?modelYear=2014&make=CADILLAC&issueType=c,200,1046,e187e23795a7366085d66ba3404887b4c6dcf3c50351954b1266b349ff8ac967,2026-10-02T08:35:23+00:00,nhtsa/products/cadillac/2014_c.json.gz,ok,
products_r,cadillac,,,2015,https://api.nhtsa.gov/products/vehicle/models?modelYear=2015&make=CADILLAC&issueType=r,200,785,eba3659747ca1f8ee167afa767fa230a3be97de6f6cd0e68e8f860feef2d9959,2026-10-02T08:35:25+00:00,nhtsa/products/cadillac/2015_r.json.gz,ok,
products_c,cadillac,,,2015,https://api.nhtsa.gov/products/vehicle/models?modelYear=2015&make=CADILLAC&issueType=c,200,785,eba3659747ca1f8ee167afa767fa230a3be97de6f6cd0e68e8f860feef2d9959,2026-10-02T08:35:27+00:00,nhtsa/products/cadillac/2015_c.json.gz,ok,
products_r,cadillac,,,2016,https://api.nhtsa.gov/products/vehicle/models?modelYear=2016&make=CADILLAC&issueType=r,200,1167,597ac77cc24eb173cc7b5e91560a8669f21af2df7d7d2c9019bc38977a06f1ca,2026-10-02T08:35:29+00:00,nhtsa/products/cadillac/2016_r.json.gz,ok,
products_c,cadillac,,,2016,https://api.nhtsa.gov/products/vehicle/models?modelYear=2016&make=CADILLAC&issueType=c,200,1167,597ac77cc24eb173cc7b5e91560a8669f21af2df7d7d2c9019bc38977a06f1ca,2026-10-02T08:35:31+00:00,nhtsa/products/cadillac/2016_c.json.gz,ok,
products_r,cadillac,,,2017,https://api.nhtsa.gov/products/vehicle/models?modelYear=2017&make=CADILLAC&issueType=r,200,1167,81b4e890c1b846f5a80e089dae726c2f1a401d449ea826b44b368e41551d6671,2026-10-02T08:35:33+00:00,nhtsa/products/cadillac/2017_r.json.gz,ok,
products_c,cadillac,,,2017,https://api.nhtsa.gov/products/vehicle/models?modelYear=2017&make=CADILLAC&issueType=c,200,1167,81b4e890c1b846f5a80e089dae726c2f1a401d449ea826b44b368e41551d6671,2026-10-02T08:35:35+00:00,nhtsa/products/cadillac/2017_c.json.gz,ok,
products_r,cadillac,,,2018,https://api.nhtsa.gov/products/vehicle/models?modelYear=2018&make=CADILLAC&issueType=r,200,947,be2b1fe06193539e3583950de740ffcfd38e3224c7ec1c2984f9ac600af083b9,2026-10-02T08:35:37+00:00,nhtsa/products/cadillac/2018_r.json.gz,ok,
products_c,cadillac,,,2018,https://api.nhtsa.gov/products/vehicle/models?modelYear=2018&make=CADILLAC&issueType=c,200,947,be2b1fe06193539e3583950de740ffcfd38e3224c7ec1c2984f9ac600af083b9,2026-10-02T08:35:39+00:00,nhtsa/products/cadillac/2018_c.json.gz,ok,
products_r,cadillac,,,2019,https://api.nhtsa.gov/products/vehicle/models?modelYear=2019&make=CADILLAC&issueType=r,200,1270,2829c1cf563d2f8e77cc47d8b4b95bdacf1dc83d8bd9978dd7247caf329d8733,2026-10-02T08:35:41+00:00,nhtsa/products/cadillac/2019_r.json.gz,ok,
products_c,cadillac,,,2019,https://api.nhtsa.gov/products/vehicle/models?modelYear=2019&make=CADILLAC&issueType=c,200,1270,2829c1cf563d2f8e77cc47d8b4b95bdacf1dc83d8bd9978dd7247caf329d8733,2026-10-02T08:35:43+00:00,nhtsa/products/cadillac/2019_c.json.gz,ok,
products_r,cadillac,,,2020,https://api.nhtsa.gov/products/vehicle/models?modelYear=2020&make=CADILLAC&issueType=r,200,1054,6897a5a1c143d687ad5e4ca27449dd0c86bca4fee53fb406cd33a7c95a835275,2026-10-02T08:35:45+00:00,nhtsa/products/cadillac/2020_r.json.gz,ok,
products_c,cadillac,,,2020,https://api.nhtsa.gov/products/vehicle/models?modelYear=2020&make=CADILLAC&issueType=c,200,1054,6897a5a1c143d687ad5e4ca27449dd0c86bca4fee53fb406cd33a7c95a835275,2026-10-02T08:35:47+00:00,nhtsa/products/cadillac/2020_c.json.gz,ok,
products_r,cadillac,,,2021,https://api.nhtsa.gov/products/vehicle/models?modelYear=2021&make=CADILLAC&issueType=r,200,946,77647b52c204b0cf3c84ab5a1319035f8ba087afa735a538da68ed6c862f6290,2026-10-02T08:35:48+00:00,nhtsa/products/cadillac/2021_r.json.gz,ok,
products_c,cadillac,,,2021,https://api.nhtsa.gov/products/vehicle/models?modelYear=2021&make=CADILLAC&issueType=c,200,946,77647b52c204b0cf3c84ab5a1319035f8ba087afa735a538da68ed6c862f6290,2026-10-02T08:35:50+00:00,nhtsa/products/cadillac/2021_c.json.gz,ok,
products_r,cadillac,,,2022,https://api.nhtsa.gov/products/vehicle/models?modelYear=2022&make=CADILLAC&issueType=r,200,1186,dea15171dec8e0053ead4c17b5a04ce56914847fe73440b6a4fc29fd70847ddd,2026-10-02T08:35:53+00:00,nhtsa/products/cadillac/2022_r.json.gz,ok,
products_c,cadillac,,,2022,https://api.nhtsa.gov/products/vehicle/models?modelYear=2022&make=CADILLAC&issueType=c,200,1186,dea15171dec8e0053ead4c17b5a04ce56914847fe73440b6a4fc29fd70847ddd,2026-10-02T08:35:55+00:00,nhtsa/products/cadillac/2022_c.json.gz,ok,
products_r,cadillac,,,2023,https://api.nhtsa.gov/products/vehicle/models?modelYear=2023&make=CADILLAC&issueType=r,200,1188,3d50a931a5af329934f2590795dbc32034e586b9852a4ba8c37012deebe1f532,2026-10-02T08:35:57+00:00,nhtsa/products/cadillac/2023_r.json.gz,ok,
products_c,cadillac,,,2023,https://api.nhtsa.gov/products/vehicle/models?modelYear=2023&make=CADILLAC&issueType=c,200,1188,3d50a931a5af329934f2590795dbc32034e586b9852a4ba8c37012deebe1f532,2026-10-02T08:35:59+00:00,nhtsa/products/cadillac/2023_c.json.gz,ok,
products_r,cadillac,,,2024,https://api.nhtsa.gov/products/vehicle/models?modelYear=2024&make=CADILLAC&issueType=r,200,946,0f0381d97fa3ed3d74de82cdfcee613ef7752aef239ed6a10639ad8bbf873083,2026-10-02T08:36:01+00:00,nhtsa/products/cadillac/2024_r.json.gz,ok,
products_c,cadillac,,,2024,https://api.nhtsa.gov/products/vehicle/models?modelYear=2024&make=CADILLAC&issueType=c,200,946,0f0381d97fa3ed3d74de82cdfcee613ef7752aef239ed6a10639ad8bbf873083,2026-10-02T08:36:03+00:00,nhtsa/products/cadillac/2024_c.json.gz,ok,
products_r,cadillac,,,2025,https://api.nhtsa.gov/products/vehicle/models?modelYear=2025&make=CADILLAC&issueType=r,200,1359,10121cf63e01655b48502f7f9cf77a66a1b0e6431cea69e280b333e189155710,2026-10-02T08:36:05+00:00,nhtsa/products/cadillac/2025_r.json.gz,ok,
products_c,cadillac,,,2025,https://api.nhtsa.gov/products/vehicle/models?modelYear=2025&make=CADILLAC&issueType=c,200,1359,10121cf63e01655b48502f7f9cf77a66a1b0e6431cea69e280b333e189155710,2026-10-02T08:36:07+00:00,nhtsa/products/cadillac/2025_c.json.gz,ok,
products_r,cadillac,,,2026,https://api.nhtsa.gov/products/vehicle/models?modelYear=2026&make=CADILLAC&issueType=r,200,1473,470ed7b24787edfbd481262dcd2706ba13bf2145a84d8f065d5abafd0b94eb3c,2026-10-02T08:36:08+00:00,nhtsa/products/cadillac/2026_r.json.gz,ok,
products_c,cadillac,,,2026,https://api.nhtsa.gov/products/vehicle/models?modelYear=2026&make=CADILLAC&issueType=c,200,1473,470ed7b24787edfbd481262dcd2706ba13bf2145a84d8f065d5abafd0b94eb3c,2026-10-02T08:36:10+00:00,nhtsa/products/cadillac/2026_c.json.gz,ok,
products_r,jeep,,,2014,https://api.nhtsa.gov/products/vehicle/models?modelYear=2014&make=JEEP&issueType=r,200,744,9d1a039d4b49c9ceadd1bd130ae4c219f67696d9fbb4dd9ea89fcd1082028ee0,2026-10-02T08:36:12+00:00,nhtsa/products/jeep/2014_r.json.gz,ok,
products_c,jeep,,,2014,https://api.nhtsa.gov/products/vehicle/models?modelYear=2014&make=JEEP&issueType=c,200,744,9d1a039d4b49c9ceadd1bd130ae4c219f67696d9fbb4dd9ea89fcd1082028ee0,2026-10-02T08:36:14+00:00,nhtsa/products/jeep/2014_c.json.gz,ok,
products_r,jeep,,,2015,https://api.nhtsa.gov/products/vehicle/models?modelYear=2015&make=JEEP&issueType=r,200,678,54b30d92c9905e07bd25043890fe64ecc185b6b4d7a40157c853bc08755e4f2e,2026-10-02T08:36:16+00:00,nhtsa/products/jeep/2015_r.json.gz,ok,
products_c,jeep,,,2015,https://api.nhtsa.gov/products/vehicle/models?modelYear=2015&make=JEEP&issueType=c,200,678,54b30d92c9905e07bd25043890fe64ecc185b6b4d7a40157c853bc08755e4f2e,2026-10-02T08:36:17+00:00,nhtsa/products/jeep/2015_c.json.gz,ok,
products_r,jeep,,,2016,https://api.nhtsa.gov/products/vehicle/models?modelYear=2016&make=JEEP&issueType=r,200,786,9fac9daa88b19eea08191345a46d31f35b59947c70c041cc2d6d3214fc3e08e1,2026-10-02T08:36:19+00:00,nhtsa/products/jeep/2016_r.json.gz,ok,
products_c,jeep,,,2016,https://api.nhtsa.gov/products/vehicle/models?modelYear=2016&make=JEEP&issueType=c,200,786,9fac9daa88b19eea08191345a46d31f35b59947c70c041cc2d6d3214fc3e08e1,2026-10-02T08:36:20+00:00,nhtsa/products/jeep/2016_c.json.gz,ok,
products_r,jeep,,,2017,https://api.nhtsa.gov/products/vehicle/models?modelYear=2017&make=JEEP&issueType=r,200,796,3f9b0ed9f672086f2f61f2e5e0e73994487f53ca9d2a9e4e2e703d97a3efca0a,2026-10-02T08:36:21+00:00,nhtsa/products/jeep/2017_r.json.gz,ok,
products_c,jeep,,,2017,https://api.nhtsa.gov/products/vehicle/models?modelYear=2017&make=JEEP&issueType=c,200,796,3f9b0ed9f672086f2f61f2e5e0e73994487f53ca9d2a9e4e2e703d97a3efca0a,2026-10-02T08:36:23+00:00,nhtsa/products/jeep/2017_c.json.gz,ok,
products_r,jeep,,,2018,https://api.nhtsa.gov/products/vehicle/models?modelYear=2018&make=JEEP&issueType=r,200,696,a4d97318fdf3a6adac9e2edc9d6d5cb390bbb80bb24096ce2872b450527bd3d7,2026-10-02T08:36:25+00:00,nhtsa/products/jeep/2018_r.json.gz,ok,
products_c,jeep,,,2018,https://api.nhtsa.gov/products/vehicle/models?modelYear=2018&make=JEEP&issueType=c,200,696,a4d97318fdf3a6adac9e2edc9d6d5cb390bbb80bb24096ce2872b450527bd3d7,2026-10-02T08:36:26+00:00,nhtsa/products/jeep/2018_c.json.gz,ok,
products_r,jeep,,,2019,https://api.nhtsa.gov/products/vehicle/models?modelYear=2019&make=JEEP&issueType=r,200,760,5d32a6faf90de97ed2294e13f5ceea0956481be09545142e1c9d2503046a9a4b,2026-10-02T08:36:28+00:00,nhtsa/products/jeep/2019_r.json.gz,ok,
products_c,jeep,,,2019,https://api.nhtsa.gov/products/vehicle/models?modelYear=2019&make=JEEP&issueType=c,200,760,5d32a6faf90de97ed2294e13f5ceea0956481be09545142e1c9d2503046a9a4b,2026-10-02T08:36:30+00:00,nhtsa/products/jeep/2019_c.json.gz,ok,
products_r,jeep,,,2020,https://api.nhtsa.gov/products/vehicle/models?modelYear=2020&make=JEEP&issueType=r,200,886,b7613a4ae383f7f281271e05aab6b0cb6793c004bdfe724791e0deefcde97e50,2026-10-02T08:36:32+00:00,nhtsa/products/jeep/2020_r.json.gz,ok,
products_c,jeep,,,2020,https://api.nhtsa.gov/products/vehicle/models?modelYear=2020&make=JEEP&issueType=c,200,886,b7613a4ae383f7f281271e05aab6b0cb6793c004bdfe724791e0deefcde97e50,2026-10-02T08:36:34+00:00,nhtsa/products/jeep/2020_c.json.gz,ok,
products_r,jeep,,,2021,https://api.nhtsa.gov/products/vehicle/models?modelYear=2021&make=JEEP&issueType=r,200,1277,80e2fc206de285c5401652acaf2b638b1056e7efe1b97bdcc159bc06fcc94824,2026-10-02T08:36:36+00:00,nhtsa/products/jeep/2021_r.json.gz,ok,
products_c,jeep,,,2021,https://api.nhtsa.gov/products/vehicle/models?modelYear=2021&make=JEEP&issueType=c,200,1277,80e2fc206de285c5401652acaf2b638b1056e7efe1b97bdcc159bc06fcc94824,2026-10-02T08:36:38+00:00,nhtsa/products/jeep/2021_c.json.gz,ok,
products_r,jeep,,,2022,https://api.nhtsa.gov/products/vehicle/models?modelYear=2022&make=JEEP&issueType=r,200,1562,2a73eeacc6a8819b80036c1a87f2e6fae7bdac000312d0ff95302fda5c9161f2,2026-10-02T08:36:39+00:00,nhtsa/products/jeep/2022_r.json.gz,ok,
products_c,jeep,,,2022,https://api.nhtsa.gov/products/vehicle/models?modelYear=2022&make=JEEP&issueType=c,200,1562,2a73eeacc6a8819b80036c1a87f2e6fae7bdac000312d0ff95302fda5c9161f2,2026-10-02T08:36:41+00:00,nhtsa/products/jeep/2022_c.json.gz,ok,
products_r,jeep,,,2023,https://api.nhtsa.gov/products/vehicle/models?modelYear=2023&make=JEEP&issueType=r,200,1511,5c7c4c66d1e827aa1c1c27387997df4dc554b12351d73f8a54c956662acd866b,2026-10-02T08:36:43+00:00,nhtsa/products/jeep/2023_r.json.gz,ok,
products_c,jeep,,,2023,https://api.nhtsa.gov/products/vehicle/models?modelYear=2023&make=JEEP&issueType=c,200,1511,5c7c4c66d1e827aa1c1c27387997df4dc554b12351d73f8a54c956662acd866b,2026-10-02T08:36:45+00:00,nhtsa/products/jeep/2023_c.json.gz,ok,
products_r,jeep,,,2024,https://api.nhtsa.gov/products/vehicle/models?modelYear=2024&make=JEEP&issueType=r,200,1319,5088885a2284822e066c2f33ad7aa4979921d60eb365eb5dfaafb3da09f24772,2026-10-02T08:36:46+00:00,nhtsa/products/jeep/2024_r.json.gz,ok,
products_c,jeep,,,2024,https://api.nhtsa.gov/products/vehicle/models?modelYear=2024&make=JEEP&issueType=c,200,1319,5088885a2284822e066c2f33ad7aa4979921d60eb365eb5dfaafb3da09f24772,2026-10-02T08:36:48+00:00,nhtsa/products/jeep/2024_c.json.gz,ok,
products_r,jeep,,,2025,https://api.nhtsa.gov/products/vehicle/models?modelYear=2025&make=JEEP&issueType=r,200,1195,ddaeeb461925a1a6e932d150a2d8b9332b8425bbec24299a03290ce6cdcbe344,2026-10-02T08:36:49+00:00,nhtsa/products/jeep/2025_r.json.gz,ok,
products_c,jeep,,,2025,https://api.nhtsa.gov/products/vehicle/models?modelYear=2025&make=JEEP&issueType=c,200,1195,ddaeeb461925a1a6e932d150a2d8b9332b8425bbec24299a03290ce6cdcbe344,2026-10-02T08:36:51+00:00,nhtsa/products/jeep/2025_c.json.gz,ok,
products_r,jeep,,,2026,https://api.nhtsa.gov/products/vehicle/models?modelYear=2026&make=JEEP&issueType=r,200,1300,1d7877e0ecd36da9db0e8fdad71fd3e03888c9fe7280956ba9cff748293d3741,2026-10-02T08:36:53+00:00,nhtsa/products/jeep/2026_r.json.gz,ok,
products_c,jeep,,,2026,https://api.nhtsa.gov/products/vehicle/models?modelYear=2026&make=JEEP&issueType=c,200,1300,1d7877e0ecd36da9db0e8fdad71fd3e03888c9fe7280956ba9cff748293d3741,2026-10-02T08:36:54+00:00,nhtsa/products/jeep/2026_c.json.gz,ok,
products_r,audi,,,2014,https://api.nhtsa.gov/products/vehicle/models?modelYear=2014&make=AUDI&issueType=r,200,1343,e2ffe204db7fdc8a24709e87fd70d5a89d0445adeb0f4df0e8a963d0b2426ae0,2026-10-02T08:36:57+00:00,nhtsa/products/audi/2014_r.json.gz,ok,
products_c,audi,,,2014,https://api.nhtsa.gov/products/vehicle/models?modelYear=2014&make=AUDI&issueType=c,200,1343,e2ffe204db7fdc8a24709e87fd70d5a89d0445adeb0f4df0e8a963d0b2426ae0,2026-10-02T08:36:59+00:00,nhtsa/products/audi/2014_c.json.gz,ok,
products_r,audi,,,2015,https://api.nhtsa.gov/products/vehicle/models?modelYear=2015&make=AUDI&issueType=r,200,1527,a025ccfe92976caab8fbeda30f82b1d377a391fcfaf99999471c6e9962a09685,2026-10-02T08:37:01+00:00,nhtsa/products/audi/2015_r.json.gz,ok,
products_c,audi,,,2015,https://api.nhtsa.gov/products/vehicle/models?modelYear=2015&make=AUDI&issueType=c,200,1527,a025ccfe92976caab8fbeda30f82b1d377a391fcfaf99999471c6e9962a09685,2026-10-02T08:37:02+00:00,nhtsa/products/audi/2015_c.json.gz,ok,
products_r,audi,,,2016,https://api.nhtsa.gov/products/vehicle/models?modelYear=2016&make=AUDI&issueType=r,200,1437,841d606b9a1a69a482e861441b616c96f325debbbdf68a46cea8bc67f96fbaad,2026-10-02T08:37:04+00:00,nhtsa/products/audi/2016_r.json.gz,ok,
products_c,audi,,,2016,https://api.nhtsa.gov/products/vehicle/models?modelYear=2016&make=AUDI&issueType=c,200,1437,841d606b9a1a69a482e861441b616c96f325debbbdf68a46cea8bc67f96fbaad,2026-10-02T08:37:07+00:00,nhtsa/products/audi/2016_c.json.gz,ok,
products_r,audi,,,2017,https://api.nhtsa.gov/products/vehicle/models?modelYear=2017&make=AUDI&issueType=r,200,1391,ae83781d46ba4da6d8ff9357d1cb9394502526421b7a50e2ffd71f8ff71fa6da,2026-10-02T08:37:09+00:00,nhtsa/products/audi/2017_r.json.gz,ok,
products_c,audi,,,2017,https://api.nhtsa.gov/products/vehicle/models?modelYear=2017&make=AUDI&issueType=c,200,1391,ae83781d46ba4da6d8ff9357d1cb9394502526421b7a50e2ffd71f8ff71fa6da,2026-10-02T08:37:10+00:00,nhtsa/products/audi/2017_c.json.gz,ok,
products_r,audi,,,2018,https://api.nhtsa.gov/products/vehicle/models?modelYear=2018&make=AUDI&issueType=r,200,1647,481ea4e26ca905b2df756c3df4f15d93565efff5fc0acbec5c7177a89d97ec72,2026-10-02T08:37:12+00:00,nhtsa/products/audi/2018_r.json.gz,ok,
products_c,audi,,,2018,https://api.nhtsa.gov/products/vehicle/models?modelYear=2018&make=AUDI&issueType=c,200,1647,481ea4e26ca905b2df756c3df4f15d93565efff5fc0acbec5c7177a89d97ec72,2026-10-02T08:37:14+00:00,nhtsa/products/audi/2018_c.json.gz,ok,
products_r,audi,,,2019,https://api.nhtsa.gov/products/vehicle/models?modelYear=2019&make=AUDI&issueType=r,200,1518,8f3840139cbf37ca3851bfc4e2efad866aee214cf01b9b9dd8754c15edca1e2c,2026-10-02T08:37:15+00:00,nhtsa/products/audi/2019_r.json.gz,ok,
products_c,audi,,,2019,https://api.nhtsa.gov/products/vehicle/models?modelYear=2019&make=AUDI&issueType=c,200,1518,8f3840139cbf37ca3851bfc4e2efad866aee214cf01b9b9dd8754c15edca1e2c,2026-10-02T08:37:17+00:00,nhtsa/products/audi/2019_c.json.gz,ok,
products_r,audi,,,2020,https://api.nhtsa.gov/products/vehicle/models?modelYear=2020&make=AUDI&issueType=r,200,2001,f4c5e9f6f474f1ebc4f8a7dc477def168e450bfee570e2d2e9e5a080b4c73170,2026-10-02T08:37:18+00:00,nhtsa/products/audi/2020_r.json.gz,ok,
products_c,audi,,,2020,https://api.nhtsa.gov/products/vehicle/models?modelYear=2020&make=AUDI&issueType=c,200,2001,f4c5e9f6f474f1ebc4f8a7dc477def168e450bfee570e2d2e9e5a080b4c73170,2026-10-02T08:37:20+00:00,nhtsa/products/audi/2020_c.json.gz,ok,
products_r,audi,,,2021,https://api.nhtsa.gov/products/vehicle/models?modelYear=2021&make=AUDI&issueType=r,200,1972,0ce00510a194f51b942a48a46a6882ecd12f9a4befa8dc9a3053f26d9b569f73,2026-10-02T08:37:22+00:00,nhtsa/products/audi/2021_r.json.gz,ok,
products_c,audi,,,2021,https://api.nhtsa.gov/products/vehicle/models?modelYear=2021&make=AUDI&issueType=c,200,1972,0ce00510a194f51b942a48a46a6882ecd12f9a4befa8dc9a3053f26d9b569f73,2026-10-02T08:37:24+00:00,nhtsa/products/audi/2021_c.json.gz,ok,
products_r,audi,,,2022,https://api.nhtsa.gov/products/vehicle/models?modelYear=2022&make=AUDI&issueType=r,200,1784,a83614db213507b2071350c511b8551aade6a80280ed2dc6b8430b04ab0787d5,2026-10-02T08:37:25+00:00,nhtsa/products/audi/2022_r.json.gz,ok,
products_c,audi,,,2022,https://api.nhtsa.gov/products/vehicle/models?modelYear=2022&make=AUDI&issueType=c,200,1784,a83614db213507b2071350c511b8551aade6a80280ed2dc6b8430b04ab0787d5,2026-10-02T08:37:27+00:00,nhtsa/products/audi/2022_c.json.gz,ok,
products_r,audi,,,2023,https://api.nhtsa.gov/products/vehicle/models?modelYear=2023&make=AUDI&issueType=r,200,1420,69c67ded76ca29332f36148b34a33653bad95dbffea7f30b8173a6d1ace90b80,2026-10-02T08:37:29+00:00,nhtsa/products/audi/2023_r.json.gz,ok,
products_c,audi,,,2023,https://api.nhtsa.gov/products/vehicle/models?modelYear=2023&make=AUDI&issueType=c,200,1420,69c67ded76ca29332f36148b34a33653bad95dbffea7f30b8173a6d1ace90b80,2026-10-02T08:37:31+00:00,nhtsa/products/audi/2023_c.json.gz,ok,
products_r,audi,,,2024,https://api.nhtsa.gov/products/vehicle/models?modelYear=2024&make=AUDI&issueType=r,200,1157,9c9092ae54bdae82952b6c9a2847764130d7e4f1f092978022f58172fc990179,2026-10-02T08:37:32+00:00,nhtsa/products/audi/2024_r.json.gz,ok,
products_c,audi,,,2024,https://api.nhtsa.gov/products/vehicle/models?modelYear=2024&make=AUDI&issueType=c,200,1157,9c9092ae54bdae82952b6c9a2847764130d7e4f1f092978022f58172fc990179,2026-10-02T08:37:34+00:00,nhtsa/products/audi/2024_c.json.gz,ok,
products_r,audi,,,2025,https://api.nhtsa.gov/products/vehicle/models?modelYear=2025&make=AUDI&issueType=r,200,1646,1de3ccd1705ec1b96b883c22c06675321aebdc6a4037ab08d48ecb3e45038974,2026-10-02T08:37:35+00:00,nhtsa/products/audi/2025_r.json.gz,ok,
products_c,audi,,,2025,https://api.nhtsa.gov/products/vehicle/models?modelYear=2025&make=AUDI&issueType=c,200,1646,1de3ccd1705ec1b96b883c22c06675321aebdc6a4037ab08d48ecb3e45038974,2026-10-02T08:37:37+00:00,nhtsa/products/audi/2025_c.json.gz,ok,
products_r,audi,,,2026,https://api.nhtsa.gov/products/vehicle/models?modelYear=2026&make=AUDI&issueType=r,200,883,330ac7a85cf7488c24971e16090d7fdb9789915a2de8bc03c023a2d72b0a21e1,2026-10-02T08:37:39+00:00,nhtsa/products/audi/2026_r.json.gz,ok,
products_c,audi,,,2026,https://api.nhtsa.gov/products/vehicle/models?modelYear=2026&make=AUDI&issueType=c,200,883,330ac7a85cf7488c24971e16090d7fdb9789915a2de8bc03c023a2d72b0a21e1,2026-10-02T08:37:41+00:00,nhtsa/products/audi/2026_c.json.gz,ok,
products_r,volkswagen,,,2014,https://api.nhtsa.gov/products/vehicle/models?modelYear=2014&make=VOLKSWAGEN&issueType=r,200,1110,fa2b8974d3485d480240a4d768b80a5a048737cdf2ac84e84512fdffafe7efe6,2026-10-02T08:37:43+00:00,nhtsa/products/volkswagen/2014_r.json.gz,ok,
products_c,volkswagen,,,2014,https://api.nhtsa.gov/products/vehicle/models?modelYear=2014&make=VOLKSWAGEN&issueType=c,200,1110,fa2b8974d3485d480240a4d768b80a5a048737cdf2ac84e84512fdffafe7efe6,2026-10-02T08:37:45+00:00,nhtsa/products/volkswagen/2014_c.json.gz,ok,
products_r,volkswagen,,,2015,https://api.nhtsa.gov/products/vehicle/models?modelYear=2015&make=VOLKSWAGEN&issueType=r,200,1291,2661da6521b1e807742b9f079e1b685ec8cf41ae9e42a3e7775f9142717c58c1,2026-10-02T08:37:47+00:00,nhtsa/products/volkswagen/2015_r.json.gz,ok,
products_c,volkswagen,,,2015,https://api.nhtsa.gov/products/vehicle/models?modelYear=2015&make=VOLKSWAGEN&issueType=c,200,1291,2661da6521b1e807742b9f079e1b685ec8cf41ae9e42a3e7775f9142717c58c1,2026-10-02T08:37:49+00:00,nhtsa/products/volkswagen/2015_c.json.gz,ok,
products_r,volkswagen,,,2016,https://api.nhtsa.gov/products/vehicle/models?modelYear=2016&make=VOLKSWAGEN&issueType=r,200,1228,448e7e55d8f57d521e5c04bbc9e735f9953731a9c6b08c0c4ca0ce2e4911484b,2026-10-02T08:37:50+00:00,nhtsa/products/volkswagen/2016_r.json.gz,ok,
products_c,volkswagen,,,2016,https://api.nhtsa.gov/products/vehicle/models?modelYear=2016&make=VOLKSWAGEN&issueType=c,200,1228,448e7e55d8f57d521e5c04bbc9e735f9953731a9c6b08c0c4ca0ce2e4911484b,2026-10-02T08:37:52+00:00,nhtsa/products/volkswagen/2016_c.json.gz,ok,
products_r,volkswagen,,,2017,https://api.nhtsa.gov/products/vehicle/models?modelYear=2017&make=VOLKSWAGEN&issueType=r,200,1127,d4a75c2029c6151203e2db9045cf08f9915fff90a0ad065249a94bac40e74a48,2026-10-02T08:37:54+00:00,nhtsa/products/volkswagen/2017_r.json.gz,ok,
products_c,volkswagen,,,2017,https://api.nhtsa.gov/products/vehicle/models?modelYear=2017&make=VOLKSWAGEN&issueType=c,200,1127,d4a75c2029c6151203e2db9045cf08f9915fff90a0ad065249a94bac40e74a48,2026-10-02T08:37:55+00:00,nhtsa/products/volkswagen/2017_c.json.gz,ok,
products_r,volkswagen,,,2018,https://api.nhtsa.gov/products/vehicle/models?modelYear=2018&make=VOLKSWAGEN&issueType=r,200,1308,c16674e80ebe15fdac6fd3c343ec01c1137e138e478c6b0a2b88f29c61fc0cb5,2026-10-02T08:37:57+00:00,nhtsa/products/volkswagen/2018_r.json.gz,ok,
products_c,volkswagen,,,2018,https://api.nhtsa.gov/products/vehicle/models?modelYear=2018&make=VOLKSWAGEN&issueType=c,200,1308,c16674e80ebe15fdac6fd3c343ec01c1137e138e478c6b0a2b88f29c61fc0cb5,2026-10-02T08:37:58+00:00,nhtsa/products/volkswagen/2018_c.json.gz,ok,
products_r,volkswagen,,,2019,https://api.nhtsa.gov/products/vehicle/models?modelYear=2019&make=VOLKSWAGEN&issueType=r,200,1057,74807a08b53d80aa84310936bbaab584fae1c2fbdfb808736bd50678805add10,2026-10-02T08:38:00+00:00,nhtsa/products/volkswagen/2019_r.json.gz,ok,
products_c,volkswagen,,,2019,https://api.nhtsa.gov/products/vehicle/models?modelYear=2019&make=VOLKSWAGEN&issueType=c,200,1057,74807a08b53d80aa84310936bbaab584fae1c2fbdfb808736bd50678805add10,2026-10-02T08:38:02+00:00,nhtsa/products/volkswagen/2019_c.json.gz,ok,
products_r,volkswagen,,,2020,https://api.nhtsa.gov/products/vehicle/models?modelYear=2020&make=VOLKSWAGEN&issueType=r,200,842,b32b911bfd20dc29bb4aab78dcf8659fc35dc4ecd20b38ff22b7cf9aa8222bab,2026-10-02T08:38:03+00:00,nhtsa/products/volkswagen/2020_r.json.gz,ok,
products_c,volkswagen,,,2020,https://api.nhtsa.gov/products/vehicle/models?modelYear=2020&make=VOLKSWAGEN&issueType=c,200,842,b32b911bfd20dc29bb4aab78dcf8659fc35dc4ecd20b38ff22b7cf9aa8222bab,2026-10-02T08:38:05+00:00,nhtsa/products/volkswagen/2020_c.json.gz,ok,
products_r,volkswagen,,,2021,https://api.nhtsa.gov/products/vehicle/models?modelYear=2021&make=VOLKSWAGEN&issueType=r,200,1246,e3ac3ac01dd9bcfab519f4fb2cd8784980fef15cf3d4cdfa0d579f6dc38db7b6,2026-10-02T08:38:07+00:00,nhtsa/products/volkswagen/2021_r.json.gz,ok,
products_c,volkswagen,,,2021,https://api.nhtsa.gov/products/vehicle/models?modelYear=2021&make=VOLKSWAGEN&issueType=c,200,1246,e3ac3ac01dd9bcfab519f4fb2cd8784980fef15cf3d4cdfa0d579f6dc38db7b6,2026-10-02T08:38:08+00:00,nhtsa/products/volkswagen/2021_c.json.gz,ok,
products_r,volkswagen,,,2022,https://api.nhtsa.gov/products/vehicle/models?modelYear=2022&make=VOLKSWAGEN&issueType=r,200,1305,584b23414f3c9dec16bce9a8a4a74d264b4077e139a3255856dd29ab8d4b7b6c,2026-10-02T08:38:10+00:00,nhtsa/products/volkswagen/2022_r.json.gz,ok,
products_c,volkswagen,,,2022,https://api.nhtsa.gov/products/vehicle/models?modelYear=2022&make=VOLKSWAGEN&issueType=c,200,1305,584b23414f3c9dec16bce9a8a4a74d264b4077e139a3255856dd29ab8d4b7b6c,2026-10-02T08:38:12+00:00,nhtsa/products/volkswagen/2022_c.json.gz,ok,
products_r,volkswagen,,,2023,https://api.nhtsa.gov/products/vehicle/models?modelYear=2023&make=VOLKSWAGEN&issueType=r,200,1157,01b4d8ff875bb7e28404d227a6efb8f00fe2b690d68f3d2b159ecb1074b0475c,2026-10-02T08:38:14+00:00,nhtsa/products/volkswagen/2023_r.json.gz,ok,
products_c,volkswagen,,,2023,https://api.nhtsa.gov/products/vehicle/models?modelYear=2023&make=VOLKSWAGEN&issueType=c,200,1157,01b4d8ff875bb7e28404d227a6efb8f00fe2b690d68f3d2b159ecb1074b0475c,2026-10-02T08:38:17+00:00,nhtsa/products/volkswagen/2023_c.json.gz,ok,
products_r,volkswagen,,,2024,https://api.nhtsa.gov/products/vehicle/models?modelYear=2024&make=VOLKSWAGEN&issueType=r,200,894,2affee50c43237d346170fc8f3961ffafe47d5447d24ee0b2b125a85a2b41ec8,2026-10-02T08:38:19+00:00,nhtsa/products/volkswagen/2024_r.json.gz,ok,
products_c,volkswagen,,,2024,https://api.nhtsa.gov/products/vehicle/models?modelYear=2024&make=VOLKSWAGEN&issueType=c,200,894,2affee50c43237d346170fc8f3961ffafe47d5447d24ee0b2b125a85a2b41ec8,2026-10-02T08:38:21+00:00,nhtsa/products/volkswagen/2024_c.json.gz,ok,
products_r,volkswagen,,,2025,https://api.nhtsa.gov/products/vehicle/models?modelYear=2025&make=VOLKSWAGEN&issueType=r,200,894,aa72048f9c6bdbf4452b7b1d40cb25ff20c296508e8ea7fa671f70a155b3d380,2026-10-02T08:38:22+00:00,nhtsa/products/volkswagen/2025_r.json.gz,ok,
products_c,volkswagen,,,2025,https://api.nhtsa.gov/products/vehicle/models?modelYear=2025&make=VOLKSWAGEN&issueType=c,200,894,aa72048f9c6bdbf4452b7b1d40cb25ff20c296508e8ea7fa671f70a155b3d380,2026-10-02T08:38:24+00:00,nhtsa/products/volkswagen/2025_c.json.gz,ok,
products_r,volkswagen,,,2026,https://api.nhtsa.gov/products/vehicle/models?modelYear=2026&make=VOLKSWAGEN&issueType=r,200,619,dd8778c242e11be8ae2a033e8bf5fe4ca6535f0877a5888f2619ca5e7b402c38,2026-10-02T08:38:26+00:00,nhtsa/products/volkswagen/2026_r.json.gz,ok,
products_c,volkswagen,,,2026,https://api.nhtsa.gov/products/vehicle/models?modelYear=2026&make=VOLKSWAGEN&issueType=c,200,619,dd8778c242e11be8ae2a033e8bf5fe4ca6535f0877a5888f2619ca5e7b402c38,2026-10-02T08:38:28+00:00,nhtsa/products/volkswagen/2026_c.json.gz,ok,
products_r,mitsubishi,,,2014,https://api.nhtsa.gov/products/vehicle/models?modelYear=2014&make=MITSUBISHI&issueType=r,200,766,7e63c7ad7506b655fedfbc0918f88a0805e492f3b45a4da237fbb22fb50475d0,2026-10-02T08:38:29+00:00,nhtsa/products/mitsubishi/2014_r.json.gz,ok,
products_c,mitsubishi,,,2014,https://api.nhtsa.gov/products/vehicle/models?modelYear=2014&make=MITSUBISHI&issueType=c,200,766,7e63c7ad7506b655fedfbc0918f88a0805e492f3b45a4da237fbb22fb50475d0,2026-10-02T08:38:31+00:00,nhtsa/products/mitsubishi/2014_c.json.gz,ok,
products_r,mitsubishi,,,2015,https://api.nhtsa.gov/products/vehicle/models?modelYear=2015&make=MITSUBISHI&issueType=r,200,563,3b4bbee37151b0be9b4bf4771fcace2fb54dc2fcf8d20ec8961622bfc1775f47,2026-10-02T08:38:34+00:00,nhtsa/products/mitsubishi/2015_r.json.gz,ok,
products_c,mitsubishi,,,2015,https://api.nhtsa.gov/products/vehicle/models?modelYear=2015&make=MITSUBISHI&issueType=c,200,563,3b4bbee37151b0be9b4bf4771fcace2fb54dc2fcf8d20ec8961622bfc1775f47,2026-10-02T08:38:35+00:00,nhtsa/products/mitsubishi/2015_c.json.gz,ok,
products_r,mitsubishi,,,2016,https://api.nhtsa.gov/products/vehicle/models?modelYear=2016&make=MITSUBISHI&issueType=r,200,495,161f31cb52fa29b0cbdf12726b5a73428850b3a056403a8867fe153e0fc50205,2026-10-02T08:38:38+00:00,nhtsa/products/mitsubishi/2016_r.json.gz,ok,
products_c,mitsubishi,,,2016,https://api.nhtsa.gov/products/vehicle/models?modelYear=2016&make=MITSUBISHI&issueType=c,200,495,161f31cb52fa29b0cbdf12726b5a73428850b3a056403a8867fe153e0fc50205,2026-10-02T08:38:40+00:00,nhtsa/products/mitsubishi/2016_c.json.gz,ok,
products_r,mitsubishi,,,2017,https://api.nhtsa.gov/products/vehicle/models?modelYear=2017&make=MITSUBISHI&issueType=r,200,613,d5cb2bc6a5ec8035dcb2a32a99aef23f6b0b1d67847af55e2bcf4e1d6d615191,2026-10-02T08:38:41+00:00,nhtsa/products/mitsubishi/2017_r.json.gz,ok,
products_c,mitsubishi,,,2017,https://api.nhtsa.gov/products/vehicle/models?modelYear=2017&make=MITSUBISHI&issueType=c,200,613,d5cb2bc6a5ec8035dcb2a32a99aef23f6b0b1d67847af55e2bcf4e1d6d615191,2026-10-02T08:38:43+00:00,nhtsa/products/mitsubishi/2017_c.json.gz,ok,
products_r,mitsubishi,,,2018,https://api.nhtsa.gov/products/vehicle/models?modelYear=2018&make=MITSUBISHI&issueType=r,200,636,ff826ca75f3ffc7993957d0217d3bbbea6bcb202f33a8d9c6c082d227fe9ba35,2026-10-02T08:38:45+00:00,nhtsa/products/mitsubishi/2018_r.json.gz,ok,
products_c,mitsubishi,,,2018,https://api.nhtsa.gov/products/vehicle/models?modelYear=2018&make=MITSUBISHI&issueType=c,200,636,ff826ca75f3ffc7993957d0217d3bbbea6bcb202f33a8d9c6c082d227fe9ba35,2026-10-02T08:38:47+00:00,nhtsa/products/mitsubishi/2018_c.json.gz,ok,
products_r,mitsubishi,,,2019,https://api.nhtsa.gov/products/vehicle/models?modelYear=2019&make=MITSUBISHI&issueType=r,200,698,71dda4e1c56dc30508403225f34b0b62bf7e7171e69915d2bed98c790e3c29b9,2026-10-02T08:38:49+00:00,nhtsa/products/mitsubishi/2019_r.json.gz,ok,
products_c,mitsubishi,,,2019,https://api.nhtsa.gov/products/vehicle/models?modelYear=2019&make=MITSUBISHI&issueType=c,200,698,71dda4e1c56dc30508403225f34b0b62bf7e7171e69915d2bed98c790e3c29b9,2026-10-02T08:38:50+00:00,nhtsa/products/mitsubishi/2019_c.json.gz,ok,
products_r,mitsubishi,,,2020,https://api.nhtsa.gov/products/vehicle/models?modelYear=2020&make=MITSUBISHI&issueType=r,200,570,aea73fc9fdd903deab6173ceb9723f0bc8ecc71a0896fa636eb1aa199ef68cc2,2026-10-02T08:38:52+00:00,nhtsa/products/mitsubishi/2020_r.json.gz,ok,
products_c,mitsubishi,,,2020,https://api.nhtsa.gov/products/vehicle/models?modelYear=2020&make=MITSUBISHI&issueType=c,200,570,aea73fc9fdd903deab6173ceb9723f0bc8ecc71a0896fa636eb1aa199ef68cc2,2026-10-02T08:38:54+00:00,nhtsa/products/mitsubishi/2020_c.json.gz,ok,
products_r,mitsubishi,,,2021,https://api.nhtsa.gov/products/vehicle/models?modelYear=2021&make=MITSUBISHI&issueType=r,200,318,c6a601c9f72d396b2bdf85f9c696ff03aaab2bcdfbd73016b51a41301db8a0e3,2026-10-02T08:38:55+00:00,nhtsa/products/mitsubishi/2021_r.json.gz,ok,
products_c,mitsubishi,,,2021,https://api.nhtsa.gov/products/vehicle/models?modelYear=2021&make=MITSUBISHI&issueType=c,200,318,c6a601c9f72d396b2bdf85f9c696ff03aaab2bcdfbd73016b51a41301db8a0e3,2026-10-02T08:38:57+00:00,nhtsa/products/mitsubishi/2021_c.json.gz,ok,
products_r,mitsubishi,,,2022,https://api.nhtsa.gov/products/vehicle/models?modelYear=2022&make=MITSUBISHI&issueType=r,200,636,e5ce6bfd3b322fea2bece5f555788014134c4018c96176fabb605f77a5b8b18e,2026-10-02T08:38:59+00:00,nhtsa/products/mitsubishi/2022_r.json.gz,ok,
products_c,mitsubishi,,,2022,https://api.nhtsa.gov/products/vehicle/models?modelYear=2022&make=MITSUBISHI&issueType=c,200,636,e5ce6bfd3b322fea2bece5f555788014134c4018c96176fabb605f77a5b8b18e,2026-10-02T08:39:01+00:00,nhtsa/products/mitsubishi/2022_c.json.gz,ok,
products_r,mitsubishi,,,2023,https://api.nhtsa.gov/products/vehicle/models?modelYear=2023&make=MITSUBISHI&issueType=r,200,578,be75146a79875a18fc4b69c87519c617166672ed36e2ccb9592e6713b3d08bd2,2026-10-02T08:39:02+00:00,nhtsa/products/mitsubishi/2023_r.json.gz,ok,
products_c,mitsubishi,,,2023,https://api.nhtsa.gov/products/vehicle/models?modelYear=2023&make=MITSUBISHI&issueType=c,200,578,be75146a79875a18fc4b69c87519c617166672ed36e2ccb9592e6713b3d08bd2,2026-10-02T08:39:04+00:00,nhtsa/products/mitsubishi/2023_c.json.gz,ok,
products_r,mitsubishi,,,2024,https://api.nhtsa.gov/products/vehicle/models?modelYear=2024&make=MITSUBISHI&issueType=r,200,570,34cd21b18987681e148c252d77d8de463969aeea5f0d955ba319c3f132b72135,2026-10-02T08:39:06+00:00,nhtsa/products/mitsubishi/2024_r.json.gz,ok,
products_c,mitsubishi,,,2024,https://api.nhtsa.gov/products/vehicle/models?modelYear=2024&make=MITSUBISHI&issueType=c,200,570,34cd21b18987681e148c252d77d8de463969aeea5f0d955ba319c3f132b72135,2026-10-02T08:39:08+00:00,nhtsa/products/mitsubishi/2024_c.json.gz,ok,
products_r,mitsubishi,,,2025,https://api.nhtsa.gov/products/vehicle/models?modelYear=2025&make=MITSUBISHI&issueType=r,200,385,318521d595d448f2a01b95a7f0767313f25c7c5e5feec4981b47358a1899b623,2026-10-02T08:39:11+00:00,nhtsa/products/mitsubishi/2025_r.json.gz,ok,
products_c,mitsubishi,,,2025,https://api.nhtsa.gov/products/vehicle/models?modelYear=2025&make=MITSUBISHI&issueType=c,200,385,318521d595d448f2a01b95a7f0767313f25c7c5e5feec4981b47358a1899b623,2026-10-02T08:39:13+00:00,nhtsa/products/mitsubishi/2025_c.json.gz,ok,
products_r,mitsubishi,,,2026,https://api.nhtsa.gov/products/vehicle/models?modelYear=2026&make=MITSUBISHI&issueType=r,200,268,a210a4971bc1d3e83a8fab5388a9e93b3eeaade00594435bc95b402ca98829c5,2026-10-02T08:39:15+00:00,nhtsa/products/mitsubishi/2026_r.json.gz,ok,
products_c,mitsubishi,,,2026,https://api.nhtsa.gov/products/vehicle/models?modelYear=2026&make=MITSUBISHI&issueType=c,200,268,a210a4971bc1d3e83a8fab5388a9e93b3eeaade00594435bc95b402ca98829c5,2026-10-02T08:39:16+00:00,nhtsa/products/mitsubishi/2026_c.json.gz,ok,
products_r,tesla,,,2014,https://api.nhtsa.gov/products/vehicle/models?modelYear=2014&make=TESLA&issueType=r,200,119,cbb5f5622da3f7f3d5aacc01ee2844da1fa5f0964063c7862d2a27e96513a281,2026-10-02T08:39:18+00:00,nhtsa/products/tesla/2014_r.json.gz,ok,
products_c,tesla,,,2014,https://api.nhtsa.gov/products/vehicle/models?modelYear=2014&make=TESLA&issueType=c,200,119,cbb5f5622da3f7f3d5aacc01ee2844da1fa5f0964063c7862d2a27e96513a281,2026-10-02T08:39:20+00:00,nhtsa/products/tesla/2014_c.json.gz,ok,
products_r,tesla,,,2015,https://api.nhtsa.gov/products/vehicle/models?modelYear=2015&make=TESLA&issueType=r,200,360,0fda535391621a38e3c64463eec8c837ac6c4c26fa80963574195b4b392ee551,2026-10-02T08:39:22+00:00,nhtsa/products/tesla/2015_r.json.gz,ok,
products_c,tesla,,,2015,https://api.nhtsa.gov/products/vehicle/models?modelYear=2015&make=TESLA&issueType=c,200,360,0fda535391621a38e3c64463eec8c837ac6c4c26fa80963574195b4b392ee551,2026-10-02T08:39:23+00:00,nhtsa/products/tesla/2015_c.json.gz,ok,
products_r,tesla,,,2016,https://api.nhtsa.gov/products/vehicle/models?modelYear=2016&make=TESLA&issueType=r,200,1812,4775c05e101e46616294c86db5beb7d8cd4e61bf269f98b159863e602d4aeec7,2026-10-02T08:39:25+00:00,nhtsa/products/tesla/2016_r.json.gz,ok,
products_c,tesla,,,2016,https://api.nhtsa.gov/products/vehicle/models?modelYear=2016&make=TESLA&issueType=c,200,1812,4775c05e101e46616294c86db5beb7d8cd4e61bf269f98b159863e602d4aeec7,2026-10-02T08:39:27+00:00,nhtsa/products/tesla/2016_c.json.gz,ok,
products_r,tesla,,,2017,https://api.nhtsa.gov/products/vehicle/models?modelYear=2017&make=TESLA&issueType=r,200,820,a4b78eec0bfded632aac6ea81449f11f27236fbe828398e6e3d33f4dc3ef9ab4,2026-10-02T08:39:28+00:00,nhtsa/products/tesla/2017_r.json.gz,ok,
products_c,tesla,,,2017,https://api.nhtsa.gov/products/vehicle/models?modelYear=2017&make=TESLA&issueType=c,200,820,a4b78eec0bfded632aac6ea81449f11f27236fbe828398e6e3d33f4dc3ef9ab4,2026-10-02T08:39:30+00:00,nhtsa/products/tesla/2017_c.json.gz,ok,
products_r,tesla,,,2018,https://api.nhtsa.gov/products/vehicle/models?modelYear=2018&make=TESLA&issueType=r,200,760,7ffb6a9b27b86d3338333d2b7e50483878d24b408ac1e13b777e0f7c59e02b6f,2026-10-02T08:39:32+00:00,nhtsa/products/tesla/2018_r.json.gz,ok,
products_c,tesla,,,2018,https://api.nhtsa.gov/products/vehicle/models?modelYear=2018&make=TESLA&issueType=c,200,760,7ffb6a9b27b86d3338333d2b7e50483878d24b408ac1e13b777e0f7c59e02b6f,2026-10-02T08:39:33+00:00,nhtsa/products/tesla/2018_c.json.gz,ok,
products_r,tesla,,,2019,https://api.nhtsa.gov/products/vehicle/models?modelYear=2019&make=TESLA&issueType=r,200,760,d8eae1f13202258c1fc600648feda274687dc330ed69b99d07addf8b1776c529,2026-10-02T08:39:35+00:00,nhtsa/products/tesla/2019_r.json.gz,ok,
products_c,tesla,,,2019,https://api.nhtsa.gov/products/vehicle/models?modelYear=2019&make=TESLA&issueType=c,200,760,d8eae1f13202258c1fc600648feda274687dc330ed69b99d07addf8b1776c529,2026-10-02T08:39:37+00:00,nhtsa/products/tesla/2019_c.json.gz,ok,
products_r,tesla,,,2020,https://api.nhtsa.gov/products/vehicle/models?modelYear=2020&make=TESLA&issueType=r,200,523,6d8dcc09bc47bb23ec173bb1242de23246bd0fa23dc369a102ee0d638a37daf0,2026-10-02T08:39:39+00:00,nhtsa/products/tesla/2020_r.json.gz,ok,
products_c,tesla,,,2020,https://api.nhtsa.gov/products/vehicle/models?modelYear=2020&make=TESLA&issueType=c,200,523,6d8dcc09bc47bb23ec173bb1242de23246bd0fa23dc369a102ee0d638a37daf0,2026-10-02T08:39:41+00:00,nhtsa/products/tesla/2020_c.json.gz,ok,
products_r,tesla,,,2021,https://api.nhtsa.gov/products/vehicle/models?modelYear=2021&make=TESLA&issueType=r,200,1192,f7c7c0fdf9f01bc671cf800e88ff2f0b5a3485836cf2b29dfa43c9db435dd02e,2026-10-02T08:39:43+00:00,nhtsa/products/tesla/2021_r.json.gz,ok,
products_c,tesla,,,2021,https://api.nhtsa.gov/products/vehicle/models?modelYear=2021&make=TESLA&issueType=c,200,1192,f7c7c0fdf9f01bc671cf800e88ff2f0b5a3485836cf2b29dfa43c9db435dd02e,2026-10-02T08:39:45+00:00,nhtsa/products/tesla/2021_c.json.gz,ok,
products_r,tesla,,,2022,https://api.nhtsa.gov/products/vehicle/models?modelYear=2022&make=TESLA&issueType=r,200,434,bb70d566748fb56baf8c8e36462b81c866dc0eb717a8ff60ee98047aeeb67118,2026-10-02T08:39:47+00:00,nhtsa/products/tesla/2022_r.json.gz,ok,
products_c,tesla,,,2022,https://api.nhtsa.gov/products/vehicle/models?modelYear=2022&make=TESLA&issueType=c,200,434,bb70d566748fb56baf8c8e36462b81c866dc0eb717a8ff60ee98047aeeb67118,2026-10-02T08:39:49+00:00,nhtsa/products/tesla/2022_c.json.gz,ok,
products_r,tesla,,,2023,https://api.nhtsa.gov/products/vehicle/models?modelYear=2023&make=TESLA&issueType=r,200,774,31f3b5fe3580776b22337e9b778f081a9cf6a4621fefcbe3cbed04fe3dbfb1d8,2026-10-02T08:39:50+00:00,nhtsa/products/tesla/2023_r.json.gz,ok,
products_c,tesla,,,2023,https://api.nhtsa.gov/products/vehicle/models?modelYear=2023&make=TESLA&issueType=c,200,774,31f3b5fe3580776b22337e9b778f081a9cf6a4621fefcbe3cbed04fe3dbfb1d8,2026-10-02T08:39:52+00:00,nhtsa/products/tesla/2023_c.json.gz,ok,
products_r,tesla,,,2024,https://api.nhtsa.gov/products/vehicle/models?modelYear=2024&make=TESLA&issueType=r,200,546,11d1a35ec2cfd5d3dafdc2f42a00cff98d8174b81c01242944c5bb3e1f0d5f00,2026-10-02T08:39:54+00:00,nhtsa/products/tesla/2024_r.json.gz,ok,
products_c,tesla,,,2024,https://api.nhtsa.gov/products/vehicle/models?modelYear=2024&make=TESLA&issueType=c,200,546,11d1a35ec2cfd5d3dafdc2f42a00cff98d8174b81c01242944c5bb3e1f0d5f00,2026-10-02T08:39:56+00:00,nhtsa/products/tesla/2024_c.json.gz,ok,
products_r,tesla,,,2025,https://api.nhtsa.gov/products/vehicle/models?modelYear=2025&make=TESLA&issueType=r,200,593,ab6f2bd1050d8efe9ba6bd97ca325ff3bb2127f15799495eabd2849af88cf540,2026-10-02T08:39:58+00:00,nhtsa/products/tesla/2025_r.json.gz,ok,
products_c,tesla,,,2025,https://api.nhtsa.gov/products/vehicle/models?modelYear=2025&make=TESLA&issueType=c,200,593,ab6f2bd1050d8efe9ba6bd97ca325ff3bb2127f15799495eabd2849af88cf540,2026-10-02T08:40:00+00:00,nhtsa/products/tesla/2025_c.json.gz,ok,
products_r,tesla,,,2026,https://api.nhtsa.gov/products/vehicle/models?modelYear=2026&make=TESLA&issueType=r,200,652,726cacb3e1da15c1f8d22f284237c4ad1d4123bce74b04e3da9a9d395bccae97,2026-10-02T08:40:01+00:00,nhtsa/products/tesla/2026_r.json.gz,ok,
products_c,tesla,,,2026,https://api.nhtsa.gov/products/vehicle/models?modelYear=2026&make=TESLA&issueType=c,200,652,726cacb3e1da15c1f8d22f284237c4ad1d4123bce74b04e3da9a9d395bccae97,2026-10-02T08:40:03+00:00,nhtsa/products/tesla/2026_c.json.gz,ok,
recalls,hyundai,hyundai/accent,ACCENT,2014,https://api.nhtsa.gov/recalls/recallsByVehicle?make=HYUNDAI&model=ACCENT&modelYear=2014,200,1488,cb0c3fc2f08ca637a4bafd6a0cb44ac0c6418829458e01b6b92901ead2b2e475,2026-10-02T08:40:04+00:00,nhtsa/recalls/hyundai/accent_2014.json.gz,ok,
recalls,hyundai,hyundai/elantra,ELANTRA,2014,https://api.nhtsa.gov/recalls/recallsByVehicle?make=HYUNDAI&model=ELANTRA&modelYear=2014,200,3170,8871c15f38f4f6481fb3e4e009d4bdfe38f2d09b4e0007fa1b0cde5b25947abc,2026-10-02T08:40:06+00:00,nhtsa/recalls/hyundai/elantra_2014.json.gz,ok,
recalls,hyundai,hyundai/elantra,ELANTRA GT,2014,https://api.nhtsa.gov/recalls/recallsByVehicle?make=HYUNDAI&model=ELANTRA+GT&modelYear=2014,400,66,74147c27e8c00a68fa4708025f0aa95a3dbb3bea68b4d5417efb2bef19d1e786,2026-10-02T08:40:08+00:00,nhtsa/recalls/hyundai/elantra-gt_2014.json.gz,ok,empty result (HTTP 400 for zero matches)
recalls,hyundai,hyundai/santa-fe-sport,SANTA FE SPORT,2014,https://api.nhtsa.gov/recalls/recallsByVehicle?make=HYUNDAI&model=SANTA+FE+SPORT&modelYear=2014,200,6302,4f6b8185c6cd0e55d41ce9113b074ff67b83e575ebb6729931b35b863f8dbbac,2026-10-02T08:40:10+00:00,nhtsa/recalls/hyundai/santa-fe-sport_2014.json.gz,ok,
recalls,hyundai,hyundai/sonata,SONATA,2014,https://api.nhtsa.gov/recalls/recallsByVehicle?make=HYUNDAI&model=SONATA&modelYear=2014,200,9066,62a78041c0a50899b2f91caae7d725e8b9eaac9417c66c1ecce99925a9ec560d,2026-10-02T08:40:12+00:00,nhtsa/recalls/hyundai/sonata_2014.json.gz,ok,
recalls,hyundai,hyundai/sonata,SONATA HYBRID,2014,https://api.nhtsa.gov/recalls/recallsByVehicle?make=HYUNDAI&model=SONATA+HYBRID&modelYear=2014,200,4003,ed4e0be689c68f685ca5980a94a47aa98edcf3cfdcc6eb89b418557e39ffa938,2026-10-02T08:40:13+00:00,nhtsa/recalls/hyundai/sonata-hybrid_2014.json.gz,ok,
recalls,hyundai,hyundai/accent,ACCENT 5,2014,https://api.nhtsa.gov/recalls/recallsByVehicle?make=HYUNDAI&model=ACCENT+5&modelYear=2014,400,66,74147c27e8c00a68fa4708025f0aa95a3dbb3bea68b4d5417efb2bef19d1e786,2026-10-02T08:40:15+00:00,nhtsa/recalls/hyundai/accent-5_2014.json.gz,ok,empty result (HTTP 400 for zero matches)
recalls,hyundai,hyundai/santa-fe,SANTA FE,2014,https://api.nhtsa.gov/recalls/recallsByVehicle?make=HYUNDAI&model=SANTA+FE&modelYear=2014,200,3850,92be3aa3bbdebf7d7dde684142cc9da76bfc4635bebbd39a3118c93bb71e9dfc,2026-10-02T08:40:17+00:00,nhtsa/recalls/hyundai/santa-fe_2014.json.gz,ok,
recalls,hyundai,hyundai/tucson,TUCSON,2014,https://api.nhtsa.gov/recalls/recallsByVehicle?make=HYUNDAI&model=TUCSON&modelYear=2014,200,2440,3b3cbfeee0878f0c39c842fc2a6b625713a657641f6977ac812c50b12eea62d2,2026-10-02T08:40:19+00:00,nhtsa/recalls/hyundai/tucson_2014.json.gz,ok,
complaints,hyundai,hyundai/accent,ACCENT,2014,https://api.nhtsa.gov/complaints/complaintsByVehicle?make=HYUNDAI&model=ACCENT&modelYear=2014,200,84562,cf76204d51bddc282c3e4deb2fa28be2f203b8e3815b55cc0d28396d8a2e9fde,2026-10-02T08:40:22+00:00,nhtsa/complaints/hyundai/accent_2014.json.gz,ok,
complaints,hyundai,hyundai/elantra,ELANTRA,2014,https://api.nhtsa.gov/complaints/complaintsByVehicle?make=HYUNDAI&model=ELANTRA&modelYear=2014,200,385354,52ba8fb338d79df23c50c47840a266f79f6089bd03dce40e2dc95d5777a65662,2026-10-02T08:40:25+00:00,nhtsa/complaints/hyundai/elantra_2014.json.gz,ok,
complaints,hyundai,hyundai/elantra,ELANTRA GT,2014,https://api.nhtsa.gov/complaints/complaintsByVehicle?make=HYUNDAI&model=ELANTRA+GT&modelYear=2014,200,377922,aef2ddc142ca5f44f7f3911a9074352590e2e6db594737e387989fea267e0da9,2026-10-02T08:40:28+00:00,nhtsa/complaints/hyundai/elantra-gt_2014.json.gz,ok,
complaints,hyundai,hyundai/santa-fe-sport,SANTA FE SPORT,2014,https://api.nhtsa.gov/complaints/complaintsByVehicle?make=HYUNDAI&model=SANTA+FE+SPORT&modelYear=2014,200,187725,8cf472f2588711a0912a53592226b97dcbdc35d59a5e2b4956dec9e66daa9a4c,2026-10-02T08:40:30+00:00,nhtsa/complaints/hyundai/santa-fe-sport_2014.json.gz,ok,
complaints,hyundai,hyundai/sonata,SONATA,2014,https://api.nhtsa.gov/complaints/complaintsByVehicle?make=HYUNDAI&model=SONATA&modelYear=2014,200,744786,32ff655043715db052c092cd201b5a3739c04b9733cdfee7b8a15dc7e5667b5d,2026-10-02T08:40:34+00:00,nhtsa/complaints/hyundai/sonata_2014.json.gz,ok,
complaints,hyundai,hyundai/sonata,SONATA HYBRID,2014,https://api.nhtsa.gov/complaints/complaintsByVehicle?make=HYUNDAI&model=SONATA+HYBRID&modelYear=2014,200,31947,4f72016d58737bffe2d3f823d6ed79a6257ffd9fd99baf69af93440d6a04feca,2026-10-02T08:40:36+00:00,nhtsa/complaints/hyundai/sonata-hybrid_2014.json.gz,ok,
complaints,hyundai,hyundai/accent,ACCENT 5,2014,https://api.nhtsa.gov/complaints/complaintsByVehicle?make=HYUNDAI&model=ACCENT+5&modelYear=2014,200,82290,be38b9b8d75a6200868ef3cdcac61b260cfde5dba3d52778012d88b25d860682,2026-10-02T08:40:38+00:00,nhtsa/complaints/hyundai/accent-5_2014.json.gz,ok,
complaints,hyundai,hyundai/santa-fe,SANTA FE,2014,https://api.nhtsa.gov/complaints/complaintsByVehicle?make=HYUNDAI&model=SANTA+FE&modelYear=2014,200,536472,1746fea025bb57a982f32b6558d8d2da71a95c5e2d291bc844363bf9138fb9d1,2026-10-02T08:40:41+00:00,nhtsa/complaints/hyundai/santa-fe_2014.json.gz,ok,
complaints,hyundai,hyundai/tucson,TUCSON,2014,https://api.nhtsa.gov/complaints/complaintsByVehicle?make=HYUNDAI&model=TUCSON&modelYear=2014,200,212312,8d044497082a8e911eaa9880863b96e1b05a34c51483cbb417f10b16ec32881d,2026-10-02T08:40:43+00:00,nhtsa/complaints/hyundai/tucson_2014.json.gz,ok,
recalls,hyundai,hyundai/elantra,ELANTRA,2015,https://api.nhtsa.gov/recalls/recallsByVehicle?make=HYUNDAI&model=ELANTRA&modelYear=2015,200,3772,b66198481d91925f5c20b7b533eab7d9c9612d5936f408d35f53087a591effa1,2026-10-02T08:40:45+00:00,nhtsa/recalls/hyundai/elantra_2015.json.gz,ok,
recalls,hyundai,hyundai/santa-fe-sport,SANTA FE SPORT,2015,https://api.nhtsa.gov/recalls/recallsByVehicle?make=HYUNDAI&model=SANTA+FE+SPORT&modelYear=2015,200,4023,c405fee159571c1969f308e7cd7e12defc59f3e9d077d9d348a59f579305a177,2026-10-02T08:40:47+00:00,nhtsa/recalls/hyundai/santa-fe-sport_2015.json.gz,ok,
recalls,hyundai,hyundai/sonata,SONATA HYBRID,2015,https://api.nhtsa.gov/recalls/recallsByVehicle?make=HYUNDAI&model=SONATA+HYBRID&modelYear=2015,200,5230,80633d936c53e812c93cecb24751f9be894d1c6246d3605d4bfecf98fc30f5e6,2026-10-02T08:40:49+00:00,nhtsa/recalls/hyundai/sonata-hybrid_2015.json.gz,ok,
recalls,hyundai,hyundai/tucson,TUCSON,2015,https://api.nhtsa.gov/recalls/recallsByVehicle?make=HYUNDAI&model=TUCSON&modelYear=2015,200,1308,fc3cbd4cb19a2cf2e7c874b6e9c6d024a0efc3b2c6a650f9ef7e41498531cca4,2026-10-02T08:40:51+00:00,nhtsa/recalls/hyundai/tucson_2015.json.gz,ok,
recalls,hyundai,hyundai/accent,ACCENT,2015,https://api.nhtsa.gov/recalls/recallsByVehicle?make=HYUNDAI&model=ACCENT&modelYear=2015,200,2766,b5af561878e8c0aee9c4a60e590e74fc8a0852ae9b403ee6d71e80768fea78c6,2026-10-02T08:40:53+00:00,nhtsa/recalls/hyundai/accent_2015.json.gz,ok,
recalls,hyundai,hyundai/accent,ACCENT 5,2015,https://api.nhtsa.gov/recalls/recallsByVehicle?make=HYUNDAI&model=ACCENT+5&modelYear=2015,400,66,74147c27e8c00a68fa4708025f0aa95a3dbb3bea68b4d5417efb2bef19d1e786,2026-10-02T08:40:54+00:00,nhtsa/recalls/hyundai/accent-5_2015.json.gz,ok,empty result (HTTP 400 for zero matches)
recalls,hyundai,hyundai/elantra,ELANTRA GT,2015,https://api.nhtsa.gov/recalls/recallsByVehicle?make=HYUNDAI&model=ELANTRA+GT&modelYear=2015,400,66,74147c27e8c00a68fa4708025f0aa95a3dbb3bea68b4d5417efb2bef19d1e786,2026-10-02T08:40:56+00:00,nhtsa/recalls/hyundai/elantra-gt_2015.json.gz,ok,empty result (HTTP 400 for zero matches)
recalls,hyundai,hyundai/santa-fe,SANTA FE,2015,https://api.nhtsa.gov/recalls/recallsByVehicle?make=HYUNDAI&model=SANTA+FE&modelYear=2015,200,2710,324e9b98ed460140beae5b27eec01111a2ba09168ef3027a7117d895dfcbe72f,2026-10-02T08:40:58+00:00,nhtsa/recalls/hyundai/santa-fe_2015.json.gz,ok,
recalls,hyundai,hyundai/sonata,SONATA,2015,https://api.nhtsa.gov/recalls/recallsByVehicle?make=HYUNDAI&model=SONATA&modelYear=2015,200,11574,c97cc3f69283411ef1072041f046a524f77a6ace43c1365ac1f3a44416c82397,2026-10-02T08:41:00+00:00,nhtsa/recalls/hyundai/sonata_2015.json.gz,ok,
complaints,hyundai,hyundai/elantra,ELANTRA,2015,https://api.nhtsa.gov/complaints/complaintsByVehicle?make=HYUNDAI&model=ELANTRA&modelYear=2015,200,261206,4dc52803902076a6b7aa174850ec1619ec036856174182e62158d61693757ec1,2026-10-02T08:41:03+00:00,nhtsa/complaints/hyundai/elantra_2015.json.gz,ok,
complaints,hyundai,hyundai/santa-fe-sport,SANTA FE SPORT,2015,https://api.nhtsa.gov/complaints/complaintsByVehicle?make=HYUNDAI&model=SANTA+FE+SPORT&modelYear=2015,200,86158,cd096389bf8d0f1b743fe91b2f4277c81ddccb5fffb44339d4109a08002a706e,2026-10-02T08:41:05+00:00,nhtsa/complaints/hyundai/santa-fe-sport_2015.json.gz,ok,
complaints,hyundai,hyundai/sonata,SONATA HYBRID,2015,https://api.nhtsa.gov/complaints/complaintsByVehicle?make=HYUNDAI&model=SONATA+HYBRID&modelYear=2015,200,61123,af57894462ef90558259a1273ac471b93e8745b01426f3d96a652472625270d0,2026-10-02T08:41:08+00:00,nhtsa/complaints/hyundai/sonata-hybrid_2015.json.gz,ok,
complaints,hyundai,hyundai/tucson,TUCSON,2015,https://api.nhtsa.gov/complaints/complaintsByVehicle?make=HYUNDAI&model=TUCSON&modelYear=2015,200,241490,b91d80e1e6178bee3b4f2bbc6963c337f3ac9415a7a2c02fd3f6ecb7a6559589,2026-10-02T08:41:10+00:00,nhtsa/complaints/hyundai/tucson_2015.json.gz,ok,
complaints,hyundai,hyundai/accent,ACCENT,2015,https://api.nhtsa.gov/complaints/complaintsByVehicle?make=HYUNDAI&model=ACCENT&modelYear=2015,200,69299,3bf192a4ea04db0ca731b23ac75b2173258270becf8ef1bf5be997003d2c01c4,2026-10-02T08:41:14+00:00,nhtsa/complaints/hyundai/accent_2015.json.gz,ok,
complaints,hyundai,hyundai/accent,ACCENT 5,2015,https://api.nhtsa.gov/complaints/complaintsByVehicle?make=HYUNDAI&model=ACCENT+5&modelYear=2015,200,64879,430f2a97851659757b0396d2ae18971e62f95fda3293cb7b5e7f3bcc6dc0fba7,2026-10-02T08:41:17+00:00,nhtsa/complaints/hyundai/accent-5_2015.json.gz,ok,
complaints,hyundai,hyundai/elantra,ELANTRA GT,2015,https://api.nhtsa.gov/complaints/complaintsByVehicle?make=HYUNDAI&model=ELANTRA+GT&modelYear=2015,200,245050,ccd86773096d7afb0b39048c7a13b1282443a88af1e32cb83ddc1cf0bf38ecef,2026-10-02T08:41:19+00:00,nhtsa/complaints/hyundai/elantra-gt_2015.json.gz,ok,
complaints,hyundai,hyundai/santa-fe,SANTA FE,2015,https://api.nhtsa.gov/complaints/complaintsByVehicle?make=HYUNDAI&model=SANTA+FE&modelYear=2015,200,260296,79c7b017973e9eef9931175cd4f3cabc91eaf17823d1f9f4445a60786ee2de0d,2026-10-02T08:41:22+00:00,nhtsa/complaints/hyundai/santa-fe_2015.json.gz,ok,
complaints,hyundai,hyundai/sonata,SONATA,2015,https://api.nhtsa.gov/complaints/complaintsByVehicle?make=HYUNDAI&model=SONATA&modelYear=2015,200,1161198,835ba2a72b4f55a9e3393a183f2a84ff1b28adeba20b63f380376b52f3a5c0e2,2026-10-02T08:41:28+00:00,nhtsa/complaints/hyundai/sonata_2015.json.gz,ok,
recalls,hyundai,hyundai/santa-fe-sport,SANTA FE SPORT,2016,https://api.nhtsa.gov/recalls/recallsByVehicle?make=HYUNDAI&model=SANTA+FE+SPORT&modelYear=2016,200,1291,616c315f8f5f28ece1263b42d13bcdb5706289b31872dd8898cb65b1671956b4,2026-10-02T08:41:31+00:00,nhtsa/recalls/hyundai/santa-fe-sport_2016.json.gz,ok,
recalls,hyundai,hyundai/sonata,SONATA HYBRID,2016,https://api.nhtsa.gov/recalls/recallsByVehicle?make=HYUNDAI&model=SONATA+HYBRID&modelYear=2016,200,6232,99fd2718667bff95076d2d36a80bceb253874c53c188c0390b42515f84bcce46,2026-10-02T08:41:32+00:00,nhtsa/recalls/hyundai/sonata-hybrid_2016.json.gz,ok,
recalls,hyundai,hyundai/sonata,SONATA,2016,https://api.nhtsa.gov/recalls/recallsByVehicle?make=HYUNDAI&model=SONATA&modelYear=2016,200,7819,0209cf6dd4ba6ac8544ac9cd7e712ccad7ab6ad0cf81aea6bcfd8524f0216eb4,2026-10-02T08:41:35+00:00,nhtsa/recalls/hyundai/sonata_2016.json.gz,ok,
recalls,hyundai,hyundai/accent,ACCENT,2016,https://api.nhtsa.gov/recalls/recallsByVehicle?make=HYUNDAI&model=ACCENT&modelYear=2016,400,66,74147c27e8c00a68fa4708025f0aa95a3dbb3bea68b4d5417efb2bef19d1e786,2026-10-02T08:41:36+00:00,nhtsa/recalls/hyundai/accent_2016.json.gz,ok,empty result (HTTP 400 for zero matches)
recalls,hyundai,hyundai/accent,ACCENT 5,2016,https://api.nhtsa.gov/recalls/recallsByVehicle?make=HYUNDAI&model=ACCENT+5&modelYear=2016,400,66,74147c27e8c00a68fa4708025f0aa95a3dbb3bea68b4d5417efb2bef19d1e786,2026-10-02T08:41:38+00:00,nhtsa/recalls/hyundai/accent-5_2016.json.gz,ok,empty result (HTTP 400 for zero matches)
recalls,hyundai,hyundai/elantra,ELANTRA,2016,https://api.nhtsa.gov/recalls/recallsByVehicle?make=HYUNDAI&model=ELANTRA&modelYear=2016,200,2348,ab2dcc0b2dd1df33927881039b22fa77027d6544b414f58c3a4c99ff7421c587,2026-10-02T08:41:40+00:00,nhtsa/recalls/hyundai/elantra_2016.json.gz,ok,
recalls,hyundai,hyundai/elantra,ELANTRA GT,2016,https://api.nhtsa.gov/recalls/recallsByVehicle?make=HYUNDAI&model=ELANTRA+GT&modelYear=2016,200,1226,e760d8efe10002d5ca1d49c98212c523e86f73de79e7047257f1ef8e71f2f0dd,2026-10-02T08:41:42+00:00,nhtsa/recalls/hyundai/elantra-gt_2016.json.gz,ok,
recalls,hyundai,hyundai/santa-fe,SANTA FE,2016,https://api.nhtsa.gov/recalls/recallsByVehicle?make=HYUNDAI&model=SANTA+FE&modelYear=2016,200,4075,a259d5d0c3ee5847ac6cc1883702a86956be84b2f100317327043e80ba0fbe1f,2026-10-02T08:41:43+00:00,nhtsa/recalls/hyundai/santa-fe_2016.json.gz,ok,
recalls,hyundai,hyundai/sonata,SONATA PLUG-IN,2016,https://api.nhtsa.gov/recalls/recallsByVehicle?make=HYUNDAI&model=SONATA+PLUG-IN&modelYear=2016,400,66,74147c27e8c00a68fa4708025f0aa95a3dbb3bea68b4d5417efb2bef19d1e786,2026-10-02T08:41:45+00:00,nhtsa/recalls/hyundai/sonata-plug-in_2016.json.gz,ok,empty result (HTTP 400 for zero matches)
recalls,hyundai,hyundai/tucson,TUCSON,2016,https://api.nhtsa.gov/recalls/recallsByVehicle?make=HYUNDAI&model=TUCSON&modelYear=2016,200,7033,38b9c6c63a95f52c6edbd9e2f919970aa8c91babc9e1f10e6f937825c38ae048,2026-10-02T08:41:47+00:00,nhtsa/recalls/hyundai/tucson_2016.json.gz,ok,
complaints,hyundai,hyundai/santa-fe-sport,SANTA FE SPORT,2016,https://api.nhtsa.gov/complaints/complaintsByVehicle?make=HYUNDAI&model=SANTA+FE+SPORT&modelYear=2016,200,71861,6496d51cd5c5114e18c035fe33f4b73e06fa56774e9f6908faa54ea410baf4a6,2026-10-02T08:41:48+00:00,nhtsa/complaints/hyundai/santa-fe-sport_2016.json.gz,ok,
complaints,hyundai,hyundai/sonata,SONATA HYBRID,2016,https://api.nhtsa.gov/complaints/complaintsByVehicle?make=HYUNDAI&model=SONATA+HYBRID&modelYear=2016,200,142052,2bfc27a92478b589a31b5ac75219c8d3fdf0c6ee5cd342f4b7be9fca2850130e,2026-10-02T08:41:52+00:00,nhtsa/complaints/hyundai/sonata-hybrid_2016.json.gz,ok,
complaints,hyundai,hyundai/sonata,SONATA,2016,https://api.nhtsa.gov/complaints/complaintsByVehicle?make=HYUNDAI&model=SONATA&modelYear=2016,200,748827,effca110940a07e4039fd674403d27fd872c732f8517ed642516a75e81c35348,2026-10-02T08:41:56+00:00,nhtsa/complaints/hyundai/sonata_2016.json.gz,ok,
complaints,hyundai,hyundai/accent,ACCENT,2016,https://api.nhtsa.gov/complaints/complaintsByVehicle?make=HYUNDAI&model=ACCENT&modelYear=2016,200,91297,bdff8c074b48c2ea0dd95723e3c023c2b9b63369fb8ac2721cd22621e479d032,2026-10-02T08:41:58+00:00,nhtsa/complaints/hyundai/accent_2016.json.gz,ok,
complaints,hyundai,hyundai/accent,ACCENT 5,2016,https://api.nhtsa.gov/complaints/complaintsByVehicle?make=HYUNDAI&model=ACCENT+5&modelYear=2016,200,84394,1823eda29962fec2c05227d34a6e2c951810e87e56e45d90cff90ba4c438396d,2026-10-02T08:42:00+00:00,nhtsa/complaints/hyundai/accent-5_2016.json.gz,ok,
complaints,hyundai,hyundai/elantra,ELANTRA,2016,https://api.nhtsa.gov/complaints/complaintsByVehicle?make=HYUNDAI&model=ELANTRA&modelYear=2016,200,284691,9a34c1bbd90678d29280652b0396f8f3751341d3a77fdf52d136903a8196b38c,2026-10-02T08:42:03+00:00,nhtsa/complaints/hyundai/elantra_2016.json.gz,ok,
complaints,hyundai,hyundai/elantra,ELANTRA GT,2016,https://api.nhtsa.gov/complaints/complaintsByVehicle?make=HYUNDAI&model=ELANTRA+GT&modelYear=2016,200,258388,6150de34a2b1011545d2b7b6b241b0f559a4d4d2ad4a7d1bc1563b8bd15d6bdd,2026-10-02T08:42:05+00:00,nhtsa/complaints/hyundai/elantra-gt_2016.json.gz,ok,
complaints,hyundai,hyundai/santa-fe,SANTA FE,2016,https://api.nhtsa.gov/complaints/complaintsByVehicle?make=HYUNDAI&model=SANTA+FE&modelYear=2016,200,256739,72d8202a37ed0e975bd1696dfa3d1f150ef0c272e6a0fbb3dec77816036ca3e1,2026-10-02T08:42:07+00:00,nhtsa/complaints/hyundai/santa-fe_2016.json.gz,ok,
complaints,hyundai,hyundai/sonata,SONATA PLUG-IN,2016,https://api.nhtsa.gov/complaints/complaintsByVehicle?make=HYUNDAI&model=SONATA+PLUG-IN&modelYear=2016,200,169953,227492d46dc72eecdd4b001162c62c6075433f67bd12393d5c460427ddfa0b17,2026-10-02T08:42:10+00:00,nhtsa/complaints/hyundai/sonata-plug-in_2016.json.gz,ok,
complaints,hyundai,hyundai/tucson,TUCSON,2016,https://api.nhtsa.gov/complaints/complaintsByVehicle?make=HYUNDAI&model=TUCSON&modelYear=2016,200,1655058,936ad158eaf10f317e227ac39f4a067f143ca0703f35563da01dda948c769e71,2026-10-02T08:42:16+00:00,nhtsa/complaints/hyundai/tucson_2016.json.gz,ok,
recalls,hyundai,hyundai/sonata,SONATA HYBRID,2017,https://api.nhtsa.gov/recalls/recallsByVehicle?make=HYUNDAI&model=SONATA+HYBRID&modelYear=2017,200,3689,fc3eb4b44562c527fce7baef742a6ae3f5c7670b4bf7153e3026f3797417d22a,2026-10-02T08:42:18+00:00,nhtsa/recalls/hyundai/sonata-hybrid_2017.json.gz,ok,
recalls,hyundai,hyundai/accent,ACCENT,2017,https://api.nhtsa.gov/recalls/recallsByVehicle?make=HYUNDAI&model=ACCENT&modelYear=2017,400,66,74147c27e8c00a68fa4708025f0aa95a3dbb3bea68b4d5417efb2bef19d1e786,2026-10-02T08:42:20+00:00,nhtsa/recalls/hyundai/accent_2017.json.gz,ok,empty result (HTTP 400 for zero matches)
recalls,hyundai,hyundai/accent,ACCENT 5,2017,https://api.nhtsa.gov/recalls/recallsByVehicle?make=HYUNDAI&model=ACCENT+5&modelYear=2017,400,66,74147c27e8c00a68fa4708025f0aa95a3dbb3bea68b4d5417efb2bef19d1e786,2026-10-02T08:42:23+00:00,nhtsa/recalls/hyundai/accent-5_2017.json.gz,ok,empty result (HTTP 400 for zero matches)
recalls,hyundai,hyundai/santa-fe,SANTA FE,2017,https://api.nhtsa.gov/recalls/recallsByVehicle?make=HYUNDAI&model=SANTA+FE&modelYear=2017,200,7897,421c68e45b7f12a453e4a4de17f89fc44f48cef27027a067facf5722a084c599,2026-10-02T08:42:25+00:00,nhtsa/recalls/hyundai/santa-fe_2017.json.gz,ok,
recalls,hyundai,hyundai/sonata,SONATA PLUG-IN,2017,https://api.nhtsa.gov/recalls/recallsByVehicle?make=HYUNDAI&model=SONATA+PLUG-IN&modelYear=2017,400,66,74147c27e8c00a68fa4708025f0aa95a3dbb3bea68b4d5417efb2bef19d1e786,2026-10-02T08:42:27+00:00,nhtsa/recalls/hyundai/sonata-plug-in_2017.json.gz,ok,empty result (HTTP 400 for zero matches)
recalls,hyundai,hyundai/elantra,ELANTRA,2017,https://api.nhtsa.gov/recalls/recallsByVehicle?make=HYUNDAI&model=ELANTRA&modelYear=2017,200,4735,f71a35dc2c59db79fe3af0627ef3a9138a100a004a5c40d39cb19558f8ac2567,2026-10-02T08:42:28+00:00,nhtsa/recalls/hyundai/elantra_2017.json.gz,ok,
recalls,hyundai,hyundai/tucson,TUCSON,2017,https://api.nhtsa.gov/recalls/recallsByVehicle?make=HYUNDAI&model=TUCSON&modelYear=2017,200,4297,47023606437adba12fdf7094d0611ce7076c278b90842f981b0add0863cac20e,2026-10-02T08:42:30+00:00,nhtsa/recalls/hyundai/tucson_2017.json.gz,ok,
recalls,hyundai,hyundai/sonata,SONATA,2017,https://api.nhtsa.gov/recalls/recallsByVehicle?make=HYUNDAI&model=SONATA&modelYear=2017,200,3670,da4efd2e73e655801cc03cd197fdb6a3c5bbc66d22733090dd1dfba8943b010d,2026-10-02T08:42:32+00:00,nhtsa/recalls/hyundai/sonata_2017.json.gz,ok,
recalls,hyundai,hyundai/santa-fe-sport,SANTA FE SPORT,2017,https://api.nhtsa.gov/recalls/recallsByVehicle?make=HYUNDAI&model=SANTA+FE+SPORT&modelYear=2017,200,3647,2fdf957c6923681716fc2335291ece7153a7ccc3d1c6ab84d50e20f1ac75cc3f,2026-10-02T08:42:33+00:00,nhtsa/recalls/hyundai/santa-fe-sport_2017.json.gz,ok,
recalls,hyundai,hyundai/elantra,ELANTRA GT,2017,https://api.nhtsa.gov/recalls/recallsByVehicle?make=HYUNDAI&model=ELANTRA+GT&modelYear=2017,400,66,74147c27e8c00a68fa4708025f0aa95a3dbb3bea68b4d5417efb2bef19d1e786,2026-10-02T08:42:34+00:00,nhtsa/recalls/hyundai/elantra-gt_2017.json.gz,ok,empty result (HTTP 400 for zero matches)
complaints,hyundai,hyundai/sonata,SONATA HYBRID,2017,https://api.nhtsa.gov/complaints/complaintsByVehicle?make=HYUNDAI&model=SONATA+HYBRID&modelYear=2017,200,93806,783fc45d727f61defa005a9281d64a506b25cae9340b1f7cf36fe5da7fe0f462,2026-10-02T08:42:37+00:00,nhtsa/complaints/hyundai/sonata-hybrid_2017.json.gz,ok,
complaints,hyundai,hyundai/accent,ACCENT,2017,https://api.nhtsa.gov/complaints/complaintsByVehicle?make=HYUNDAI&model=ACCENT&modelYear=2017,200,68753,f91e0b244a44717d1e6240659bde149547c8b00226cccb3bf3349c618a75419d,2026-10-02T08:42:38+00:00,nhtsa/complaints/hyundai/accent_2017.json.gz,ok,
complaints,hyundai,hyundai/accent,ACCENT 5,2017,https://api.nhtsa.gov/complaints/complaintsByVehicle?make=HYUNDAI&model=ACCENT+5&modelYear=2017,200,60717,ec6a60e0eb7c8e9f1734c18e7167d02d5cf9296b44f9f54d7e2cdff72030505c,2026-10-02T08:42:41+00:00,nhtsa/complaints/hyundai/accent-5_2017.json.gz,ok,
complaints,hyundai,hyundai/santa-fe,SANTA FE,2017,https://api.nhtsa.gov/complaints/complaintsByVehicle?make=HYUNDAI&model=SANTA+FE&modelYear=2017,200,1069233,bd340403a652d28cf759d16a985300f370d09868f8fed63b23684b17bcfc53c1,2026-10-02T08:42:45+00:00,nhtsa/complaints/hyundai/santa-fe_2017.json.gz,ok,
complaints,hyundai,hyundai/sonata,SONATA PLUG-IN,2017,https://api.nhtsa.gov/complaints/complaintsByVehicle?make=HYUNDAI&model=SONATA+PLUG-IN&modelYear=2017,200,46207,b187a167d5c610aec0617b4fb24205dfeaa350166ac5bf19ee08a29041df25dc,2026-10-02T08:42:47+00:00,nhtsa/complaints/hyundai/sonata-plug-in_2017.json.gz,ok,
complaints,hyundai,hyundai/elantra,ELANTRA,2017,https://api.nhtsa.gov/complaints/complaintsByVehicle?make=HYUNDAI&model=ELANTRA&modelYear=2017,200,734094,7edc0f6ba8c0a1be83ffc917101dd181fdf1d1cd77ce0b4554d7928ac88d800a,2026-10-02T08:42:50+00:00,nhtsa/complaints/hyundai/elantra_2017.json.gz,ok,
complaints,hyundai,hyundai/tucson,TUCSON,2017,https://api.nhtsa.gov/complaints/complaintsByVehicle?make=HYUNDAI&model=TUCSON&modelYear=2017,200,1157675,ce60f9753919ec19e5fb6f605b642bcdf53ad658b77b04a0601544b1c479e3a8,2026-10-02T08:42:54+00:00,nhtsa/complaints/hyundai/tucson_2017.json.gz,ok,
complaints,hyundai,hyundai/sonata,SONATA,2017,https://api.nhtsa.gov/complaints/complaintsByVehicle?make=HYUNDAI&model=SONATA&modelYear=2017,200,768370,4ba2605184fe98cb2944128cc19fc46ee3ddc01152658933a4d9a4f0f32a1744,2026-10-02T08:42:58+00:00,nhtsa/complaints/hyundai/sonata_2017.json.gz,ok,
complaints,hyundai,hyundai/santa-fe-sport,SANTA FE SPORT,2017,https://api.nhtsa.gov/complaints/complaintsByVehicle?make=HYUNDAI&model=SANTA+FE+SPORT&modelYear=2017,200,375354,7361aad77eaf58bf3c626a0b061d40d26c82db96ab46b94523c7d8c7184971cb,2026-10-02T08:43:01+00:00,nhtsa/complaints/hyundai/santa-fe-sport_2017.json.gz,ok,
complaints,hyundai,hyundai/elantra,ELANTRA GT,2017,https://api.nhtsa.gov/complaints/complaintsByVehicle?make=HYUNDAI&model=ELANTRA+GT&modelYear=2017,200,696376,a880abd34d05fa715d0fb3056f948fa7948e3fc37e3e0113ce87b0b1cec3cef6,2026-10-02T08:43:05+00:00,nhtsa/complaints/hyundai/elantra-gt_2017.json.gz,ok,
recalls,hyundai,hyundai/elantra,ELANTRA GT,2018,https://api.nhtsa.gov/recalls/recallsByVehicle?make=HYUNDAI&model=ELANTRA+GT&modelYear=2018,200,1128,32b2d45670bc2f291e4b66ca0d9272fc076078457aa569651013b44e85deba83,2026-10-02T08:43:07+00:00,nhtsa/recalls/hyundai/elantra-gt_2018.json.gz,ok,
recalls,hyundai,hyundai/sonata,SONATA HYBRID,2018,https://api.nhtsa.gov/recalls/recallsByVehicle?make=HYUNDAI&model=SONATA+HYBRID&modelYear=2018,200,1249,a10c0e53e0b164d05b631543985cf8261b80dece72853abcf71f07805b7822b8,2026-10-02T08:43:09+00:00,nhtsa/recalls/hyundai/sonata-hybrid_2018.json.gz,ok,
recalls,hyundai,hyundai/tucson,TUCSON,2018,https://api.nhtsa.gov/recalls/recallsByVehicle?make=HYUNDAI&model=TUCSON&modelYear=2018,200,1554,c455c6d8c4202f9b16862550c368584b09253bc5507b7ccd638057dfbbf33a7e,2026-10-02T08:43:11+00:00,nhtsa/recalls/hyundai/tucson_2018.json.gz,ok,
recalls,hyundai,hyundai/sonata,SONATA,2018,https://api.nhtsa.gov/recalls/recallsByVehicle?make=HYUNDAI&model=SONATA&modelYear=2018,200,1242,93f4940e1048fb7a1322c1cbbb2dea23db33548354b70d1985050ef573574d30,2026-10-02T08:43:13+00:00,nhtsa/recalls/hyundai/sonata_2018.json.gz,ok,
recalls,hyundai,hyundai/santa-fe,SANTA FE,2018,https://api.nhtsa.gov/recalls/recallsByVehicle?make=HYUNDAI&model=SANTA+FE&modelYear=2018,200,2441,fef91bec77fc50c06f1179c9c2eee259fb6525bb22636d84665706b98410142a,2026-10-02T08:43:15+00:00,nhtsa/recalls/hyundai/santa-fe_2018.json.gz,ok,
recalls,hyundai,hyundai/santa-fe-sport,SANTA FE SPORT,2018,https://api.nhtsa.gov/recalls/recallsByVehicle?make=HYUNDAI&model=SANTA+FE+SPORT&modelYear=2018,200,4943,ddcab8594948f17da7262ba39c84af98785a30cea8aac0308aa25828e0db95a2,2026-10-02T08:43:17+00:00,nhtsa/recalls/hyundai/santa-fe-sport_2018.json.gz,ok,
recalls,hyundai,hyundai/accent,ACCENT,2018,https://api.nhtsa.gov/recalls/recallsByVehicle?make=HYUNDAI&model=ACCENT&modelYear=2018,200,1242,7dfb23a0ab756d1e2e51d9b705a6611fd36db4b6c3a82a3197af83f3cc316360,2026-10-02T08:43:19+00:00,nhtsa/recalls/hyundai/accent_2018.json.gz,ok,
recalls,hyundai,hyundai/kona,KONA,2018,https://api.nhtsa.gov/recalls/recallsByVehicle?make=HYUNDAI&model=KONA&modelYear=2018,400,66,74147c27e8c00a68fa4708025f0aa95a3dbb3bea68b4d5417efb2bef19d1e786,2026-10-02T08:43:21+00:00,nhtsa/recalls/hyundai/kona_2018.json.gz,ok,empty result (HTTP 400 for zero matches)
recalls,hyundai,hyundai/elantra,ELANTRA,2018,https://api.nhtsa.gov/recalls/recallsByVehicle?make=HYUNDAI&model=ELANTRA&modelYear=2018,400,66,74147c27e8c00a68fa4708025f0aa95a3dbb3bea68b4d5417efb2bef19d1e786,2026-10-02T08:43:23+00:00,nhtsa/recalls/hyundai/elantra_2018.json.gz,ok,empty result (HTTP 400 for zero matches)
complaints,hyundai,hyundai/elantra,ELANTRA GT,2018,https://api.nhtsa.gov/complaints/complaintsByVehicle?make=HYUNDAI&model=ELANTRA+GT&modelYear=2018,200,53374,c501d23ce2c70ebbac617c87854fa1066e047664451c624feecae869731ea822,2026-10-02T08:43:25+00:00,nhtsa/complaints/hyundai/elantra-gt_2018.json.gz,ok,
complaints,hyundai,hyundai/sonata,SONATA HYBRID,2018,https://api.nhtsa.gov/complaints/complaintsByVehicle?make=HYUNDAI&model=SONATA+HYBRID&modelYear=2018,200,11347,7130501e432ff0ff64915f9c0ba1a2b7609c2035f00017d64dc1a95a1ae07856,2026-10-02T08:43:27+00:00,nhtsa/complaints/hyundai/sonata-hybrid_2018.json.gz,ok,
complaints,hyundai,hyundai/tucson,TUCSON,2018,https://api.nhtsa.gov/complaints/complaintsByVehicle?make=HYUNDAI&model=TUCSON&modelYear=2018,200,428610,a62bc04d560360031932c297673d0a244dd56435d15bdb09af616485b7484ce8,2026-10-02T08:43:29+00:00,nhtsa/complaints/hyundai/tucson_2018.json.gz,ok,
complaints,hyundai,hyundai/sonata,SONATA,2018,https://api.nhtsa.gov/complaints/complaintsByVehicle?make=HYUNDAI&model=SONATA&modelYear=2018,200,406044,151cb6aa5c86bdea41c625f388f241c7bac3926b37d1a8aed372a460ff1ed3d9,2026-10-02T08:43:32+00:00,nhtsa/complaints/hyundai/sonata_2018.json.gz,ok,
complaints,hyundai,hyundai/santa-fe,SANTA FE,2018,https://api.nhtsa.gov/complaints/complaintsByVehicle?make=HYUNDAI&model=SANTA+FE&modelYear=2018,200,107681,b77506cc411773ef81f243aac430f77a62169359b3740fc3e97d485da6f8f79a,2026-10-02T08:43:34+00:00,nhtsa/complaints/hyundai/santa-fe_2018.json.gz,ok,
complaints,hyundai,hyundai/santa-fe-sport,SANTA FE SPORT,2018,https://api.nhtsa.gov/complaints/complaintsByVehicle?make=HYUNDAI&model=SANTA+FE+SPORT&modelYear=2018,200,444131,b0d5bfb03ceac9e4c7f2f5db994fa99e36dce4871b03e171638afa8c86904f94,2026-10-02T08:43:37+00:00,nhtsa/complaints/hyundai/santa-fe-sport_2018.json.gz,ok,
complaints,hyundai,hyundai/accent,ACCENT,2018,https://api.nhtsa.gov/complaints/complaintsByVehicle?make=HYUNDAI&model=ACCENT&modelYear=2018,200,18381,57312dac6c052090cf0777543134c6e26f56c03801ab496b4731a1c128998634,2026-10-02T08:43:38+00:00,nhtsa/complaints/hyundai/accent_2018.json.gz,ok,
complaints,hyundai,hyundai/kona,KONA,2018,https://api.nhtsa.gov/complaints/complaintsByVehicle?make=HYUNDAI&model=KONA&modelYear=2018,200,87125,1ce0fbc31d8964810d88bec7ecb4cab41705a59af5263ea6d4a1a94e2bab4173,2026-10-02T08:43:41+00:00,nhtsa/complaints/hyundai/kona_2018.json.gz,ok,
complaints,hyundai,hyundai/elantra,ELANTRA,2018,https://api.nhtsa.gov/complaints/complaintsByVehicle?make=HYUNDAI&model=ELANTRA&modelYear=2018,200,286679,646285258be172a1886646a024cc29995391507a6180ce9e348fed89ed5a39f5,2026-10-02T08:43:44+00:00,nhtsa/complaints/hyundai/elantra_2018.json.gz,ok,
recalls,hyundai,hyundai/elantra,ELANTRA GT,2019,https://api.nhtsa.gov/recalls/recallsByVehicle?make=HYUNDAI&model=ELANTRA+GT&modelYear=2019,400,66,74147c27e8c00a68fa4708025f0aa95a3dbb3bea68b4d5417efb2bef19d1e786,2026-10-02T08:43:45+00:00,nhtsa/recalls/hyundai/elantra-gt_2019.json.gz,ok,empty result (HTTP 400 for zero matches)
recalls,hyundai,hyundai/santa-fe,SANTA FE XL,2019,https://api.nhtsa.gov/recalls/recallsByVehicle?make=HYUNDAI&model=SANTA+FE+XL&modelYear=2019,200,1313,221784d6fca6e8ffe4055a6ebdfc0a6b6f8cf7ae8e1689534f3dea458bee8bd9,2026-10-02T08:43:48+00:00,nhtsa/recalls/hyundai/santa-fe-xl_2019.json.gz,ok,
recalls,hyundai,hyundai/accent,ACCENT,2019,https://api.nhtsa.gov/recalls/recallsByVehicle?make=HYUNDAI&model=ACCENT&modelYear=2019,200,1242,9cfff6848605f2d034b729ebd569da1c8782805073dc2fea9ac6c1370ce6b9d8,2026-10-02T08:43:49+00:00,nhtsa/recalls/hyundai/accent_2019.json.gz,ok,
recalls,hyundai,hyundai/santa-fe,SANTA FE,2019,https://api.nhtsa.gov/recalls/recallsByVehicle?make=HYUNDAI&model=SANTA+FE&modelYear=2019,200,2515,d92844afbef95ce1f1514fba3f7e6ed9dd8a615a0978b55976f016b77967d5a5,2026-10-02T08:43:51+00:00,nhtsa/recalls/hyundai/santa-fe_2019.json.gz,ok,
recalls,hyundai,hyundai/elantra,ELANTRA,2019,https://api.nhtsa.gov/recalls/recallsByVehicle?make=HYUNDAI&model=ELANTRA&modelYear=2019,200,1195,175be18b6bddf637e3c19b97ecf9d2eabe980cf43eeaa3f8836025715cb424ff,2026-10-02T08:43:53+00:00,nhtsa/recalls/hyundai/elantra_2019.json.gz,ok,
recalls,hyundai,hyundai/sonata,SONATA HYBRID,2019,https://api.nhtsa.gov/recalls/recallsByVehicle?make=HYUNDAI&model=SONATA+HYBRID&modelYear=2019,400,66,74147c27e8c00a68fa4708025f0aa95a3dbb3bea68b4d5417efb2bef19d1e786,2026-10-02T08:43:54+00:00,nhtsa/recalls/hyundai/sonata-hybrid_2019.json.gz,ok,empty result (HTTP 400 for zero matches)
recalls,hyundai,hyundai/sonata,SONATA PLUG-IN,2019,https://api.nhtsa.gov/recalls/recallsByVehicle?make=HYUNDAI&model=SONATA+PLUG-IN&modelYear=2019,400,66,74147c27e8c00a68fa4708025f0aa95a3dbb3bea68b4d5417efb2bef19d1e786,2026-10-02T08:43:56+00:00,nhtsa/recalls/hyundai/sonata-plug-in_2019.json.gz,ok,empty result (HTTP 400 for zero matches)
recalls,hyundai,hyundai/kona,KONA,2019,https://api.nhtsa.gov/recalls/recallsByVehicle?make=HYUNDAI&model=KONA&modelYear=2019,200,1192,2d72cbd4ec42e00b0352a601e479c5f5f0ccda587289ca00a778370828a95699,2026-10-02T08:43:57+00:00,nhtsa/recalls/hyundai/kona_2019.json.gz,ok,
recalls,hyundai,hyundai/sonata,SONATA,2019,https://api.nhtsa.gov/recalls/recallsByVehicle?make=HYUNDAI&model=SONATA&modelYear=2019,400,66,74147c27e8c00a68fa4708025f0aa95a3dbb3bea68b4d5417efb2bef19d1e786,2026-10-02T08:43:59+00:00,nhtsa/recalls/hyundai/sonata_2019.json.gz,ok,empty result (HTTP 400 for zero matches)
recalls,hyundai,hyundai/tucson,TUCSON,2019,https://api.nhtsa.gov/recalls/recallsByVehicle?make=HYUNDAI&model=TUCSON&modelYear=2019,200,1554,2c210b2af4954f881f1d542475ee1b8f16f631d2bf5f0350c02d972bda062a20,2026-10-02T08:44:01+00:00,nhtsa/recalls/hyundai/tucson_2019.json.gz,ok,
recalls,hyundai,hyundai/kona,KONA ELECTRIC,2019,https://api.nhtsa.gov/recalls/recallsByVehicle?make=HYUNDAI&model=KONA+ELECTRIC&modelYear=2019,200,3911,653474af8fcf4f532bd520ed6611a9ca463ae9bd4c554b1e5a18c75bbfcea5f8,2026-10-02T08:44:03+00:00,nhtsa/recalls/hyundai/kona-electric_2019.json.gz,ok,
complaints,hyundai,hyundai/elantra,ELANTRA GT,2019,https://api.nhtsa.gov/complaints/complaintsByVehicle?make=HYUNDAI&model=ELANTRA+GT&modelYear=2019,200,178658,b19f14fba29d784325a590e4f1f931512bc568948b5b65bc1ca431a539b7a4a9,2026-10-02T08:44:05+00:00,nhtsa/complaints/hyundai/elantra-gt_2019.json.gz,ok,
complaints,hyundai,hyundai/santa-fe,SANTA FE XL,2019,https://api.nhtsa.gov/complaints/complaintsByVehicle?make=HYUNDAI&model=SANTA+FE+XL&modelYear=2019,200,27963,e6e1e1b8393a095fe5205816431add7abb1d94386e286264a213b48c71262c92,2026-10-02T08:44:08+00:00,nhtsa/complaints/hyundai/santa-fe-xl_2019.json.gz,ok,
complaints,hyundai,hyundai/accent,ACCENT,2019,https://api.nhtsa.gov/complaints/complaintsByVehicle?make=HYUNDAI&model=ACCENT&modelYear=2019,200,33564,1b1ecb27da0e4af893c582329b9443dcae103750265abd012307ab67108761d8,2026-10-02T08:44:11+00:00,nhtsa/complaints/hyundai/accent_2019.json.gz,ok,
complaints,hyundai,hyundai/santa-fe,SANTA FE,2019,https://api.nhtsa.gov/complaints/complaintsByVehicle?make=HYUNDAI&model=SANTA+FE&modelYear=2019,200,220047,0891e4237bb1255a918468cf691c552d0206b50374cd2c9590889fa2a2112f60,2026-10-02T08:44:13+00:00,nhtsa/complaints/hyundai/santa-fe_2019.json.gz,ok,
complaints,hyundai,hyundai/elantra,ELANTRA,2019,https://api.nhtsa.gov/complaints/complaintsByVehicle?make=HYUNDAI&model=ELANTRA&modelYear=2019,200,239567,a064507edc414fb9ea83e82fd7193ba38ab125c0d092d4edaf36d1ddef9f9206,2026-10-02T08:44:15+00:00,nhtsa/complaints/hyundai/elantra_2019.json.gz,ok,
complaints,hyundai,hyundai/sonata,SONATA HYBRID,2019,https://api.nhtsa.gov/complaints/complaintsByVehicle?make=HYUNDAI&model=SONATA+HYBRID&modelYear=2019,200,7886,21d45234cb7ee7f02cb9fc91bce1a89d49397cdb94038f437c92c6a4df751882,2026-10-02T08:44:17+00:00,nhtsa/complaints/hyundai/sonata-hybrid_2019.json.gz,ok,
complaints,hyundai,hyundai/sonata,SONATA PLUG-IN,2019,https://api.nhtsa.gov/complaints/complaintsByVehicle?make=HYUNDAI&model=SONATA+PLUG-IN&modelYear=2019,200,6546,12f706d9475c6f603013513ab10694a73d370cb2f190e1e2028a7317e04674df,2026-10-02T08:44:19+00:00,nhtsa/complaints/hyundai/sonata-plug-in_2019.json.gz,ok,
complaints,hyundai,hyundai/kona,KONA,2019,https://api.nhtsa.gov/complaints/complaintsByVehicle?make=HYUNDAI&model=KONA&modelYear=2019,200,207040,1c587a777f1d1cd7dc82f1765e91207b3b4dc7b01ea85c8655fbd27fe1826b2f,2026-10-02T08:44:21+00:00,nhtsa/complaints/hyundai/kona_2019.json.gz,ok,
complaints,hyundai,hyundai/sonata,SONATA,2019,https://api.nhtsa.gov/complaints/complaintsByVehicle?make=HYUNDAI&model=SONATA&modelYear=2019,200,171329,c551fa232a3bc65618220e759a26dcab6250e3769682834f51ba665b7c6f6298,2026-10-02T08:44:23+00:00,nhtsa/complaints/hyundai/sonata_2019.json.gz,ok,
complaints,hyundai,hyundai/tucson,TUCSON,2019,https://api.nhtsa.gov/complaints/complaintsByVehicle?make=HYUNDAI&model=TUCSON&modelYear=2019,200,409259,4bfc56e2797bce1b33105643f1dd29b8e2110a36d009ff479e16f8ae5e7baaac,2026-10-02T08:44:27+00:00,nhtsa/complaints/hyundai/tucson_2019.json.gz,ok,
complaints,hyundai,hyundai/kona,KONA ELECTRIC,2019,https://api.nhtsa.gov/complaints/complaintsByVehicle?make=HYUNDAI&model=KONA+ELECTRIC&modelYear=2019,200,54616,750854185c25ce4c43d1eca24735678c53f79db424f66409fd2ece981993d30e,2026-10-02T08:44:29+00:00,nhtsa/complaints/hyundai/kona-electric_2019.json.gz,ok,
recalls,hyundai,hyundai/tucson,TUCSON,2020,https://api.nhtsa.gov/recalls/recallsByVehicle?make=HYUNDAI&model=TUCSON&modelYear=2020,200,1554,5f2af3d228825d009826f792b393019489929f20d5364394f2d272ec006ffba2,2026-10-02T08:44:31+00:00,nhtsa/recalls/hyundai/tucson_2020.json.gz,ok,
recalls,hyundai,hyundai/santa-fe,SANTA FE,2020,https://api.nhtsa.gov/recalls/recallsByVehicle?make=HYUNDAI&model=SANTA+FE&modelYear=2020,200,2477,20d07f635a6c5bbaa1e9c8924e7bfa446c40ce4a6d65c6d081df0714769bd630,2026-10-02T08:44:33+00:00,nhtsa/recalls/hyundai/santa-fe_2020.json.gz,ok,
recalls,hyundai,hyundai/kona,KONA,2020,https://api.nhtsa.gov/recalls/recallsByVehicle?make=HYUNDAI&model=KONA&modelYear=2020,200,2400,a0d8a63e9af3e85eb1d58f420afd00615a243b4aabf0519e26a86a5ce0e624c0,2026-10-02T08:44:35+00:00,nhtsa/recalls/hyundai/kona_2020.json.gz,ok,
recalls,hyundai,hyundai/elantra,ELANTRA,2020,https://api.nhtsa.gov/recalls/recallsByVehicle?make=HYUNDAI&model=ELANTRA&modelYear=2020,200,3289,3046ffe5df104eef432a4d74f891a83c8d8eed78b38faddd8b4ef80f77bc82cd,2026-10-02T08:44:37+00:00,nhtsa/recalls/hyundai/elantra_2020.json.gz,ok,
recalls,hyundai,hyundai/elantra,ELANTRA GT,2020,https://api.nhtsa.gov/recalls/recallsByVehicle?make=HYUNDAI&model=ELANTRA+GT&modelYear=2020,400,66,74147c27e8c00a68fa4708025f0aa95a3dbb3bea68b4d5417efb2bef19d1e786,2026-10-02T08:44:39+00:00,nhtsa/recalls/hyundai/elantra-gt_2020.json.gz,ok,empty result (HTTP 400 for zero matches)
recalls,hyundai,hyundai/sonata,SONATA,2020,https://api.nhtsa.gov/recalls/recallsByVehicle?make=HYUNDAI&model=SONATA&modelYear=2020,200,4685,75c85baedb53c7bfe9bd806085cfe2d5fefb6e6cf7ff0c49f198e2a397bf9839,2026-10-02T08:44:41+00:00,nhtsa/recalls/hyundai/sonata_2020.json.gz,ok,
recalls,hyundai,hyundai/sonata,SONATA HEV,2020,https://api.nhtsa.gov/recalls/recallsByVehicle?make=HYUNDAI&model=SONATA+HEV&modelYear=2020,400,66,74147c27e8c00a68fa4708025f0aa95a3dbb3bea68b4d5417efb2bef19d1e786,2026-10-02T08:44:42+00:00,nhtsa/recalls/hyundai/sonata-hev_2020.json.gz,ok,empty result (HTTP 400 for zero matches)
recalls,hyundai,hyundai/kona,KONA ELECTRIC,2020,https://api.nhtsa.gov/recalls/recallsByVehicle?make=HYUNDAI&model=KONA+ELECTRIC&modelYear=2020,200,3911,4dbf6158c03d86dd03c6d3474ee0133ec1038a4743c2165ec02dffe99bb94aa1,2026-10-02T08:44:44+00:00,nhtsa/recalls/hyundai/kona-electric_2020.json.gz,ok,
recalls,hyundai,hyundai/accent,ACCENT,2020,https://api.nhtsa.gov/recalls/recallsByVehicle?make=HYUNDAI&model=ACCENT&modelYear=2020,200,5128,5836f469af26ffd7a182b08ca0e5df5bf295974dff0597bd66370f95c50ecb81,2026-10-02T08:44:46+00:00,nhtsa/recalls/hyundai/accent_2020.json.gz,ok,
complaints,hyundai,hyundai/tucson,TUCSON,2020,https://api.nhtsa.gov/complaints/complaintsByVehicle?make=HYUNDAI&model=TUCSON&modelYear=2020,200,187591,045cbd8b6e0d3e3454582a044bc9cbbccf6bf089d90606f65c404280f52ce6e1,2026-10-02T08:44:48+00:00,nhtsa/complaints/hyundai/tucson_2020.json.gz,ok,
complaints,hyundai,hyundai/santa-fe,SANTA FE,2020,https://api.nhtsa.gov/complaints/complaintsByVehicle?make=HYUNDAI&model=SANTA+FE&modelYear=2020,200,227058,42809c5a3e6bcb5e6ee9e4332c6632b8d47adb9e3da1c0bbc4d044e8f038ea84,2026-10-02T08:44:51+00:00,nhtsa/complaints/hyundai/santa-fe_2020.json.gz,ok,
complaints,hyundai,hyundai/kona,KONA,2020,https://api.nhtsa.gov/complaints/complaintsByVehicle?make=HYUNDAI&model=KONA&modelYear=2020,200,173617,9fdc3f1a78c39dd111617914c3d6b272ccd2a1e7fa53e2853a82d6ecbdc51050,2026-10-02T08:44:54+00:00,nhtsa/complaints/hyundai/kona_2020.json.gz,ok,
complaints,hyundai,hyundai/elantra,ELANTRA,2020,https://api.nhtsa.gov/complaints/complaintsByVehicle?make=HYUNDAI&model=ELANTRA&modelYear=2020,200,255130,7efc19ae71b9e9c27716f3addc4266d3f3eb9a9586ee1379ec52b6c233527df5,2026-10-02T08:44:57+00:00,nhtsa/complaints/hyundai/elantra_2020.json.gz,ok,
complaints,hyundai,hyundai/elantra,ELANTRA GT,2020,https://api.nhtsa.gov/complaints/complaintsByVehicle?make=HYUNDAI&model=ELANTRA+GT&modelYear=2020,200,183334,c39a40aa6b4ec857926326ff365c0ebb31e6de260f34223d505c1756feeed41e,2026-10-02T08:45:00+00:00,nhtsa/complaints/hyundai/elantra-gt_2020.json.gz,ok,
complaints,hyundai,hyundai/sonata,SONATA,2020,https://api.nhtsa.gov/complaints/complaintsByVehicle?make=HYUNDAI&model=SONATA&modelYear=2020,200,205349,e6bda42986d747ae1683fc9bf9252c95e4a58ade92c295a9e9c461b0322379c9,2026-10-02T08:45:02+00:00,nhtsa/complaints/hyundai/sonata_2020.json.gz,ok,
complaints,hyundai,hyundai/sonata,SONATA HEV,2020,https://api.nhtsa.gov/complaints/complaintsByVehicle?make=HYUNDAI&model=SONATA+HEV&modelYear=2020,200,21166,1d96c9e5054dc045b217be57c866326532cc6d10989f0f12d0dfadb82c342561,2026-10-02T08:45:05+00:00,nhtsa/complaints/hyundai/sonata-hev_2020.json.gz,ok,
complaints,hyundai,hyundai/kona,KONA ELECTRIC,2020,https://api.nhtsa.gov/complaints/complaintsByVehicle?make=HYUNDAI&model=KONA+ELECTRIC&modelYear=2020,200,204106,14b03f528311ad762a80b7bb106e7094d1467b9bf0feed337f8bd1940a4dee48,2026-10-02T08:45:07+00:00,nhtsa/complaints/hyundai/kona-electric_2020.json.gz,ok,
complaints,hyundai,hyundai/accent,ACCENT,2020,https://api.nhtsa.gov/complaints/complaintsByVehicle?make=HYUNDAI&model=ACCENT&modelYear=2020,200,12137,401209376ae0208b9984d097017798fce187a482964520f2c2a8e2a1ecd6af25,2026-10-02T08:45:09+00:00,nhtsa/complaints/hyundai/accent_2020.json.gz,ok,
recalls,hyundai,hyundai/kona,KONA,2021,https://api.nhtsa.gov/recalls/recallsByVehicle?make=HYUNDAI&model=KONA&modelYear=2021,200,1192,476d50cd3876fd4dda763944cedca218085cc05ae5d099c394caa6cb78d08dd0,2026-10-02T08:45:11+00:00,nhtsa/recalls/hyundai/kona_2021.json.gz,ok,
recalls,hyundai,hyundai/tucson,TUCSON,2021,https://api.nhtsa.gov/recalls/recallsByVehicle?make=HYUNDAI&model=TUCSON&modelYear=2021,200,1554,ae5f9ece91dd93600631474d52fbdc861af6f2bf836ef9abf01990a687753900,2026-10-02T08:45:13+00:00,nhtsa/recalls/hyundai/tucson_2021.json.gz,ok,
recalls,hyundai,hyundai/accent,ACCENT,2021,https://api.nhtsa.gov/recalls/recallsByVehicle?make=HYUNDAI&model=ACCENT&modelYear=2021,200,4826,c3962c93202e30d19c7d5bb528752180a88584546f2db6360f00a03581591d8b,2026-10-02T08:45:15+00:00,nhtsa/recalls/hyundai/accent_2021.json.gz,ok,
recalls,hyundai,hyundai/kona,KONA EV,2021,https://api.nhtsa.gov/recalls/recallsByVehicle?make=HYUNDAI&model=KONA+EV&modelYear=2021,400,66,74147c27e8c00a68fa4708025f0aa95a3dbb3bea68b4d5417efb2bef19d1e786,2026-10-02T08:45:17+00:00,nhtsa/recalls/hyundai/kona-ev_2021.json.gz,ok,empty result (HTTP 400 for zero matches)
recalls,hyundai,hyundai/sonata,SONATA,2021,https://api.nhtsa.gov/recalls/recallsByVehicle?make=HYUNDAI&model=SONATA&modelYear=2021,200,4461,ec62d1006e2767ec4c5dbec35f8aaa7b0d094e4047496805ca1b8d71917743a1,2026-10-02T08:45:19+00:00,nhtsa/recalls/hyundai/sonata_2021.json.gz,ok,
recalls,hyundai,hyundai/sonata,SONATA HYBRID,2021,https://api.nhtsa.gov/recalls/recallsByVehicle?make=HYUNDAI&model=SONATA+HYBRID&modelYear=2021,400,66,74147c27e8c00a68fa4708025f0aa95a3dbb3bea68b4d5417efb2bef19d1e786,2026-10-02T08:45:21+00:00,nhtsa/recalls/hyundai/sonata-hybrid_2021.json.gz,ok,empty result (HTTP 400 for zero matches)
recalls,hyundai,hyundai/sonata,SONATA N,2021,https://api.nhtsa.gov/recalls/recallsByVehicle?make=HYUNDAI&model=SONATA+N&modelYear=2021,400,66,74147c27e8c00a68fa4708025f0aa95a3dbb3bea68b4d5417efb2bef19d1e786,2026-10-02T08:45:23+00:00,nhtsa/recalls/hyundai/sonata-n_2021.json.gz,ok,empty result (HTTP 400 for zero matches)
recalls,hyundai,hyundai/elantra,ELANTRA,2021,https://api.nhtsa.gov/recalls/recallsByVehicle?make=HYUNDAI&model=ELANTRA&modelYear=2021,200,7350,deba9f686b793cdfaac0ea51a5e40981515cbe4d3d186e015ec2e51ce7baad7f,2026-10-02T08:45:25+00:00,nhtsa/recalls/hyundai/elantra_2021.json.gz,ok,
recalls,hyundai,hyundai/elantra,ELANTRA HYBRID,2021,https://api.nhtsa.gov/recalls/recallsByVehicle?make=HYUNDAI&model=ELANTRA+HYBRID&modelYear=2021,200,1267,c48bcc878e4e0609431851b6d74af241c372019a232b3a6b01dd3950b97ca584,2026-10-02T08:45:27+00:00,nhtsa/recalls/hyundai/elantra-hybrid_2021.json.gz,ok,
recalls,hyundai,hyundai/elantra,ELANTRA N-LINE,2021,https://api.nhtsa.gov/recalls/recallsByVehicle?make=HYUNDAI&model=ELANTRA+N-LINE&modelYear=2021,400,66,74147c27e8c00a68fa4708025f0aa95a3dbb3bea68b4d5417efb2bef19d1e786,2026-10-02T08:45:29+00:00,nhtsa/recalls/hyundai/elantra-n-line_2021.json.gz,ok,empty result (HTTP 400 for zero matches)
recalls,hyundai,hyundai/santa-fe,SANTA FE,2021,https://api.nhtsa.gov/recalls/recallsByVehicle?make=HYUNDAI&model=SANTA+FE&modelYear=2021,200,8279,ec5856e78521e15adb108c0712c13eb80bba2a47d3f9e2733a3b00f313a66d39,2026-10-02T08:45:30+00:00,nhtsa/recalls/hyundai/santa-fe_2021.json.gz,ok,
recalls,hyundai,hyundai/santa-fe,SANTA FE HYBRID,2021,https://api.nhtsa.gov/recalls/recallsByVehicle?make=HYUNDAI&model=SANTA+FE+HYBRID&modelYear=2021,200,3859,f4fce52718a6d24615fe4359890440e50f0818381605dd24b4fbcd062a2b7630,2026-10-02T08:45:33+00:00,nhtsa/recalls/hyundai/santa-fe-hybrid_2021.json.gz,ok,
complaints,hyundai,hyundai/kona,KONA,2021,https://api.nhtsa.gov/complaints/complaintsByVehicle?make=HYUNDAI&model=KONA&modelYear=2021,200,122577,aef480e43247a6e04c1a8200812e8ede7fa0f370563ea26fbb6e828f7f175a28,2026-10-02T08:45:34+00:00,nhtsa/complaints/hyundai/kona_2021.json.gz,ok,
complaints,hyundai,hyundai/tucson,TUCSON,2021,https://api.nhtsa.gov/complaints/complaintsByVehicle?make=HYUNDAI&model=TUCSON&modelYear=2021,200,85635,3cc4fad595afef2177954e0d96dc185ac20d1af7afc7a27e6a6380cec940e45c,2026-10-02T08:45:36+00:00,nhtsa/complaints/hyundai/tucson_2021.json.gz,ok,
complaints,hyundai,hyundai/accent,ACCENT,2021,https://api.nhtsa.gov/complaints/complaintsByVehicle?make=HYUNDAI&model=ACCENT&modelYear=2021,200,12999,e9d3c731b3923df0f23ccdfde51da83b165558b5e853d4c8aec502512b3d6f18,2026-10-02T08:45:38+00:00,nhtsa/complaints/hyundai/accent_2021.json.gz,ok,
complaints,hyundai,hyundai/kona,KONA EV,2021,https://api.nhtsa.gov/complaints/complaintsByVehicle?make=HYUNDAI&model=KONA+EV&modelYear=2021,200,153937,be5c23c24e6bfba5aeebaf590aab7923d6ec677b458ae3608d8e0a5f997615a1,2026-10-02T08:45:40+00:00,nhtsa/complaints/hyundai/kona-ev_2021.json.gz,ok,
complaints,hyundai,hyundai/sonata,SONATA,2021,https://api.nhtsa.gov/complaints/complaintsByVehicle?make=HYUNDAI&model=SONATA&modelYear=2021,200,145149,bdeb66395ba8f3bb6e5ab0d7cae164fc08a19589107fc0ec14acbaef489d64c9,2026-10-02T08:45:43+00:00,nhtsa/complaints/hyundai/sonata_2021.json.gz,ok,
complaints,hyundai,hyundai/sonata,SONATA HYBRID,2021,https://api.nhtsa.gov/complaints/complaintsByVehicle?make=HYUNDAI&model=SONATA+HYBRID&modelYear=2021,200,62266,1d1e528c9b56acd13fdef0ba7224154a0626686052f592fbe1acfdb95cc07137,2026-10-02T08:45:45+00:00,nhtsa/complaints/hyundai/sonata-hybrid_2021.json.gz,ok,
complaints,hyundai,hyundai/sonata,SONATA N,2021,https://api.nhtsa.gov/complaints/complaintsByVehicle?make=HYUNDAI&model=SONATA+N&modelYear=2021,200,11893,2079153b4724271f8d29c5db89e8a17a283fe81e6a70e17e675d364cb19a1092,2026-10-02T08:45:47+00:00,nhtsa/complaints/hyundai/sonata-n_2021.json.gz,ok,
complaints,hyundai,hyundai/elantra,ELANTRA,2021,https://api.nhtsa.gov/complaints/complaintsByVehicle?make=HYUNDAI&model=ELANTRA&modelYear=2021,200,129443,a2e636c9f9d552289551630fa36c1308ba87091be9efaf882f5d8d03739b7b1a,2026-10-02T08:45:50+00:00,nhtsa/complaints/hyundai/elantra_2021.json.gz,ok,
complaints,hyundai,hyundai/elantra,ELANTRA HYBRID,2021,https://api.nhtsa.gov/complaints/complaintsByVehicle?make=HYUNDAI&model=ELANTRA+HYBRID&modelYear=2021,200,31861,df8b8b97cd7d572f17739e105f452f527e6c88727778339f70d333b4072cee50,2026-10-02T08:45:52+00:00,nhtsa/complaints/hyundai/elantra-hybrid_2021.json.gz,ok,
complaints,hyundai,hyundai/elantra,ELANTRA N-LINE,2021,https://api.nhtsa.gov/complaints/complaintsByVehicle?make=HYUNDAI&model=ELANTRA+N-LINE&modelYear=2021,200,3073,3be28628caed548c193684c14124830a57da895cd0235ed4a29b2a4629b67825,2026-10-02T08:45:54+00:00,nhtsa/complaints/hyundai/elantra-n-line_2021.json.gz,ok,
complaints,hyundai,hyundai/santa-fe,SANTA FE,2021,https://api.nhtsa.gov/complaints/complaintsByVehicle?make=HYUNDAI&model=SANTA+FE&modelYear=2021,200,183406,7dc4388bb3e187123712e9c3228ddb0aa61dbd08fa9b049830c1586445313266,2026-10-02T08:45:56+00:00,nhtsa/complaints/hyundai/santa-fe_2021.json.gz,ok,
complaints,hyundai,hyundai/santa-fe,SANTA FE HYBRID,2021,https://api.nhtsa.gov/complaints/complaintsByVehicle?make=HYUNDAI&model=SANTA+FE+HYBRID&modelYear=2021,200,26434,5c5ffe7a34203a6e623ea46abbb05b64c70272c4f77e60b14e62f26bf417c083,2026-10-02T08:45:59+00:00,nhtsa/complaints/hyundai/santa-fe-hybrid_2021.json.gz,ok,
recalls,hyundai,hyundai/elantra,ELANTRA N,2022,https://api.nhtsa.gov/recalls/recallsByVehicle?make=HYUNDAI&model=ELANTRA+N&modelYear=2022,200,4743,4d5d5e4632fb75f1963dbf9a2bc3cd61c5993b1631a011b732ebc3c59fb9ee32,2026-10-02T08:46:01+00:00,nhtsa/recalls/hyundai/elantra-n_2022.json.gz,ok,
recalls,hyundai,hyundai/accent,ACCENT,2022,https://api.nhtsa.gov/recalls/recallsByVehicle?make=HYUNDAI&model=ACCENT&modelYear=2022,200,2472,46a027995b99b372ad0c30feb502c25d3479517ef4cc8d27bf73002f0c097bab,2026-10-02T08:46:02+00:00,nhtsa/recalls/hyundai/accent_2022.json.gz,ok,
recalls,hyundai,hyundai/tucson,TUCSON,2022,https://api.nhtsa.gov/recalls/recallsByVehicle?make=HYUNDAI&model=TUCSON&modelYear=2022,200,3356,319348ed915cbb11133bbba6745a6319010829fd9c5bb886ce5494962609b8ad,2026-10-02T08:46:04+00:00,nhtsa/recalls/hyundai/tucson_2022.json.gz,ok,
recalls,hyundai,hyundai/tucson,TUCSON HYBRID,2022,https://api.nhtsa.gov/recalls/recallsByVehicle?make=HYUNDAI&model=TUCSON+HYBRID&modelYear=2022,400,66,74147c27e8c00a68fa4708025f0aa95a3dbb3bea68b4d5417efb2bef19d1e786,2026-10-02T08:46:06+00:00,nhtsa/recalls/hyundai/tucson-hybrid_2022.json.gz,ok,empty result (HTTP 400 for zero matches)
recalls,hyundai,hyundai/tucson,TUCSON PLUG-IN HYBRID,2022,https://api.nhtsa.gov/recalls/recallsByVehicle?make=HYUNDAI&model=TUCSON+PLUG-IN+HYBRID&modelYear=2022,400,66,74147c27e8c00a68fa4708025f0aa95a3dbb3bea68b4d5417efb2bef19d1e786,2026-10-02T08:46:08+00:00,nhtsa/recalls/hyundai/tucson-plug-in-hybrid_2022.json.gz,ok,empty result (HTTP 400 for zero matches)
recalls,hyundai,hyundai/kona,KONA,2022,https://api.nhtsa.gov/recalls/recallsByVehicle?make=HYUNDAI&model=KONA&modelYear=2022,400,66,74147c27e8c00a68fa4708025f0aa95a3dbb3bea68b4d5417efb2bef19d1e786,2026-10-02T08:46:09+00:00,nhtsa/recalls/hyundai/kona_2022.json.gz,ok,empty result (HTTP 400 for zero matches)
recalls,hyundai,hyundai/kona,KONA ELECTRIC,2022,https://api.nhtsa.gov/recalls/recallsByVehicle?make=HYUNDAI&model=KONA+ELECTRIC&modelYear=2022,400,66,74147c27e8c00a68fa4708025f0aa95a3dbb3bea68b4d5417efb2bef19d1e786,2026-10-02T08:46:11+00:00,nhtsa/recalls/hyundai/kona-electric_2022.json.gz,ok,empty result (HTTP 400 for zero matches)
recalls,hyundai,hyundai/santa-fe,SANTA FE,2022,https://api.nhtsa.gov/recalls/recallsByVehicle?make=HYUNDAI&model=SANTA+FE&modelYear=2022,200,5945,9d12a73f7980b1791d889577d16cc248dfcf09cf840829d074151f6f9f99b473,2026-10-02T08:46:13+00:00,nhtsa/recalls/hyundai/santa-fe_2022.json.gz,ok,
recalls,hyundai,hyundai/elantra,ELANTRA,2022,https://api.nhtsa.gov/recalls/recallsByVehicle?make=HYUNDAI&model=ELANTRA&modelYear=2022,200,6176,06da1c5b291a779aab9240536108012094ead9cef258bf699eeec25077334b9e,2026-10-02T08:46:15+00:00,nhtsa/recalls/hyundai/elantra_2022.json.gz,ok,
recalls,hyundai,hyundai/elantra,ELANTRA HYBRID,2022,https://api.nhtsa.gov/recalls/recallsByVehicle?make=HYUNDAI&model=ELANTRA+HYBRID&modelYear=2022,200,1267,5a6cb79b3872cf48532228a5ec8b2b9ce2963f1e111d6972bf6b340323a0948a,2026-10-02T08:46:17+00:00,nhtsa/recalls/hyundai/elantra-hybrid_2022.json.gz,ok,
recalls,hyundai,hyundai/sonata,SONATA,2022,https://api.nhtsa.gov/recalls/recallsByVehicle?make=HYUNDAI&model=SONATA&modelYear=2022,200,3433,3fa503ccd31448064fbd649a22e8d90380e5738ad49f8d8e23fe86cf17262cb4,2026-10-02T08:46:19+00:00,nhtsa/recalls/hyundai/sonata_2022.json.gz,ok,
recalls,hyundai,hyundai/sonata,SONATA HYBRID,2022,https://api.nhtsa.gov/recalls/recallsByVehicle?make=HYUNDAI&model=SONATA+HYBRID&modelYear=2022,400,66,74147c27e8c00a68fa4708025f0aa95a3dbb3bea68b4d5417efb2bef19d1e786,2026-10-02T08:46:20+00:00,nhtsa/recalls/hyundai/sonata-hybrid_2022.json.gz,ok,empty result (HTTP 400 for zero matches)
recalls,hyundai,hyundai/santa-fe,SANTA FE HYBRID,2022,https://api.nhtsa.gov/recalls/recallsByVehicle?make=HYUNDAI&model=SANTA+FE+HYBRID&modelYear=2022,200,5113,2e7e44fffa6ba5cf61c87e3d90fa74400cf63b37a7da868fd7274f61009ecd36,2026-10-02T08:46:22+00:00,nhtsa/recalls/hyundai/santa-fe-hybrid_2022.json.gz,ok,
recalls,hyundai,hyundai/santa-fe,SANTA FE PLUG-IN HYBRID,2022,https://api.nhtsa.gov/recalls/recallsByVehicle?make=HYUNDAI&model=SANTA+FE+PLUG-IN+HYBRID&modelYear=2022,200,6149,4a70b6a6952a04905d6e614edc3ea39b987aee168ce4f5be50b6b4840cf4a3a0,2026-10-02T08:46:25+00:00,nhtsa/recalls/hyundai/santa-fe-plug-in-hybrid_2022.json.gz,ok,
recalls,hyundai,hyundai/kona,KONA N,2022,https://api.nhtsa.gov/recalls/recallsByVehicle?make=HYUNDAI&model=KONA+N&modelYear=2022,200,2509,73b254c6bb6ef5e3c5c5d1825b2bfaebc90ceb319e133f3b747ea65b9013f7f3,2026-10-02T08:46:26+00:00,nhtsa/recalls/hyundai/kona-n_2022.json.gz,ok,
complaints,hyundai,hyundai/elantra,ELANTRA N,2022,https://api.nhtsa.gov/complaints/complaintsByVehicle?make=HYUNDAI&model=ELANTRA+N&modelYear=2022,200,17144,5006a8b8a7c23ddc5cbdcb1eacd1ff3df87352c502c4bdf227be52be55b6c0a6,2026-10-02T08:46:28+00:00,nhtsa/complaints/hyundai/elantra-n_2022.json.gz,ok,
complaints,hyundai,hyundai/accent,ACCENT,2022,https://api.nhtsa.gov/complaints/complaintsByVehicle?make=HYUNDAI&model=ACCENT&modelYear=2022,200,20701,00cf41569673e6202c20118106626c3e70a611f5506880f23fb027c66a1cd88c,2026-10-02T08:46:30+00:00,nhtsa/complaints/hyundai/accent_2022.json.gz,ok,
complaints,hyundai,hyundai/tucson,TUCSON,2022,https://api.nhtsa.gov/complaints/complaintsByVehicle?make=HYUNDAI&model=TUCSON&modelYear=2022,200,429924,9ef341fb92eed74ef9fcdf9f8aefa04b995ea016c6782754442993a6d0a0c2a6,2026-10-02T08:46:33+00:00,nhtsa/complaints/hyundai/tucson_2022.json.gz,ok,
complaints,hyundai,hyundai/tucson,TUCSON HYBRID,2022,https://api.nhtsa.gov/complaints/complaintsByVehicle?make=HYUNDAI&model=TUCSON+HYBRID&modelYear=2022,200,135070,a179e874e9b605987c9836d367a67d9e82217e937288b09afbc51d3fb9f17839,2026-10-02T08:46:35+00:00,nhtsa/complaints/hyundai/tucson-hybrid_2022.json.gz,ok,
complaints,hyundai,hyundai/tucson,TUCSON PLUG-IN HYBRID,2022,https://api.nhtsa.gov/complaints/complaintsByVehicle?make=HYUNDAI&model=TUCSON+PLUG-IN+HYBRID&modelYear=2022,200,11788,52e3631eca356fb11e94899cea0e2ede410d7257b7f279b04ff5e65f04c9b3cb,2026-10-02T08:46:37+00:00,nhtsa/complaints/hyundai/tucson-plug-in-hybrid_2022.json.gz,ok,
complaints,hyundai,hyundai/kona,KONA,2022,https://api.nhtsa.gov/complaints/complaintsByVehicle?make=HYUNDAI&model=KONA&modelYear=2022,200,104715,cf68b6f0b54a4935f52a81a8fff44a3d042f08831e6c775e927a1ae6d436becf,2026-10-02T08:46:39+00:00,nhtsa/complaints/hyundai/kona_2022.json.gz,ok,
complaints,hyundai,hyundai/kona,KONA ELECTRIC,2022,https://api.nhtsa.gov/complaints/complaintsByVehicle?make=HYUNDAI&model=KONA+ELECTRIC&modelYear=2022,200,23981,e44a68a8b9120601f61f742883381874913356e956990449651ff86bf946a23e,2026-10-02T08:46:41+00:00,nhtsa/complaints/hyundai/kona-electric_2022.json.gz,ok,
complaints,hyundai,hyundai/santa-fe,SANTA FE,2022,https://api.nhtsa.gov/complaints/complaintsByVehicle?make=HYUNDAI&model=SANTA+FE&modelYear=2022,200,216203,edca6ac4a9c4d06215eef70aa0f07cdda7cf219466bd3029131f3692c450ef24,2026-10-02T08:46:44+00:00,nhtsa/complaints/hyundai/santa-fe_2022.json.gz,ok,
complaints,hyundai,hyundai/elantra,ELANTRA,2022,https://api.nhtsa.gov/complaints/complaintsByVehicle?make=HYUNDAI&model=ELANTRA&modelYear=2022,200,98734,f12d47fbbd010f5bf9eae0716d8fea7262a7e086f2bfb46bfd410e5e060b443e,2026-10-02T08:46:46+00:00,nhtsa/complaints/hyundai/elantra_2022.json.gz,ok,
complaints,hyundai,hyundai/elantra,ELANTRA HYBRID,2022,https://api.nhtsa.gov/complaints/complaintsByVehicle?make=HYUNDAI&model=ELANTRA+HYBRID&modelYear=2022,200,50031,c753f0ef7ed98aefb2c53e3cdedf57d29087b658e5709b64925c969c85437f96,2026-10-02T08:46:49+00:00,nhtsa/complaints/hyundai/elantra-hybrid_2022.json.gz,ok,
complaints,hyundai,hyundai/sonata,SONATA,2022,https://api.nhtsa.gov/complaints/complaintsByVehicle?make=HYUNDAI&model=SONATA&modelYear=2022,200,95624,df492801b090fdebc6850df65a4ce212fb04b1b8098985f6e72ceb5129fa576c,2026-10-02T08:46:51+00:00,nhtsa/complaints/hyundai/sonata_2022.json.gz,ok,
complaints,hyundai,hyundai/sonata,SONATA HYBRID,2022,https://api.nhtsa.gov/complaints/complaintsByVehicle?make=HYUNDAI&model=SONATA+HYBRID&modelYear=2022,200,20393,cac6ab60d27dce16d023529172e4a434fcc3c3fa62f95aa743d33f4f9f634d3a,2026-10-02T08:46:53+00:00,nhtsa/complaints/hyundai/sonata-hybrid_2022.json.gz,ok,
complaints,hyundai,hyundai/santa-fe,SANTA FE HYBRID,2022,https://api.nhtsa.gov/complaints/complaintsByVehicle?make=HYUNDAI&model=SANTA+FE+HYBRID&modelYear=2022,200,41424,f8f875069c764f47a79b208834ae96488bbfd1293557e75571b0dbae364b5e52,2026-10-02T08:46:54+00:00,nhtsa/complaints/hyundai/santa-fe-hybrid_2022.json.gz,ok,
complaints,hyundai,hyundai/santa-fe,SANTA FE PLUG-IN HYBRID,2022,https://api.nhtsa.gov/complaints/complaintsByVehicle?make=HYUNDAI&model=SANTA+FE+PLUG-IN+HYBRID&modelYear=2022,200,32437,9c03fa9cba24d13c8096116a336f71d6b1f6f47ad5fd2bf95afab700325e1ba2,2026-10-02T08:46:57+00:00,nhtsa/complaints/hyundai/santa-fe-plug-in-hybrid_2022.json.gz,ok,
complaints,hyundai,hyundai/kona,KONA N,2022,https://api.nhtsa.gov/complaints/complaintsByVehicle?make=HYUNDAI&model=KONA+N&modelYear=2022,200,6227,a27f737b1efc6412879742af18122bc17af86693d4a1b393b7f014bb0966ba43,2026-10-02T08:46:59+00:00,nhtsa/complaints/hyundai/kona-n_2022.json.gz,ok,
recalls,hyundai,hyundai/tucson,TUCSON,2023,https://api.nhtsa.gov/recalls/recallsByVehicle?make=HYUNDAI&model=TUCSON&modelYear=2023,200,2524,3db286b820fc275f88b26c3c36efad253901294915fd5c3ab5e5ef14dc9bc767,2026-10-02T08:47:01+00:00,nhtsa/recalls/hyundai/tucson_2023.json.gz,ok,
recalls,hyundai,hyundai/elantra,ELANTRA,2023,https://api.nhtsa.gov/recalls/recallsByVehicle?make=HYUNDAI&model=ELANTRA&modelYear=2023,200,2328,e0719524a2b6eb95d510f201bab2d4559e9f5f5a95e7a741e5aba52158809f5e,2026-10-02T08:47:02+00:00,nhtsa/recalls/hyundai/elantra_2023.json.gz,ok,
recalls,hyundai,hyundai/sonata,SONATA,2023,https://api.nhtsa.gov/recalls/recallsByVehicle?make=HYUNDAI&model=SONATA&modelYear=2023,200,2436,482cfdca07830cbf98278d21a965de0146326ff30475cb9000272bab4ea9af8d,2026-10-02T08:47:04+00:00,nhtsa/recalls/hyundai/sonata_2023.json.gz,ok,
recalls,hyundai,hyundai/tucson,TUCSON HYBRID,2023,https://api.nhtsa.gov/recalls/recallsByVehicle?make=HYUNDAI&model=TUCSON+HYBRID&modelYear=2023,400,66,74147c27e8c00a68fa4708025f0aa95a3dbb3bea68b4d5417efb2bef19d1e786,2026-10-02T08:47:06+00:00,nhtsa/recalls/hyundai/tucson-hybrid_2023.json.gz,ok,empty result (HTTP 400 for zero matches)
recalls,hyundai,hyundai/elantra,ELANTRA HEV,2023,https://api.nhtsa.gov/recalls/recallsByVehicle?make=HYUNDAI&model=ELANTRA+HEV&modelYear=2023,200,1042,75180c391cf7373ae1090e8dd902f386eb76fb9916c2021844794f5d55d589d6,2026-10-02T08:47:08+00:00,nhtsa/recalls/hyundai/elantra-hev_2023.json.gz,ok,
recalls,hyundai,hyundai/elantra,ELANTRA N,2023,https://api.nhtsa.gov/recalls/recallsByVehicle?make=HYUNDAI&model=ELANTRA+N&modelYear=2023,200,1315,e5b0302be9ff0ec254d378f07b4d23065969022a922eb56174d5bc2b76e21d0c,2026-10-02T08:47:09+00:00,nhtsa/recalls/hyundai/elantra-n_2023.json.gz,ok,
recalls,hyundai,hyundai/sonata,SONATA HEV,2023,https://api.nhtsa.gov/recalls/recallsByVehicle?make=HYUNDAI&model=SONATA+HEV&modelYear=2023,400,66,74147c27e8c00a68fa4708025f0aa95a3dbb3bea68b4d5417efb2bef19d1e786,2026-10-02T08:47:11+00:00,nhtsa/recalls/hyundai/sonata-hev_2023.json.gz,ok,empty result (HTTP 400 for zero matches)
recalls,hyundai,hyundai/kona,KONA,2023,https://api.nhtsa.gov/recalls/recallsByVehicle?make=HYUNDAI&model=KONA&modelYear=2023,200,1296,538796a50f039fb2d4f4629fe8b0c306dad25a5cfdfa887c337a55c2f81d2bfc,2026-10-02T08:47:12+00:00,nhtsa/recalls/hyundai/kona_2023.json.gz,ok,
recalls,hyundai,hyundai/kona,KONA ELECTRIC,2023,https://api.nhtsa.gov/recalls/recallsByVehicle?make=HYUNDAI&model=KONA+ELECTRIC&modelYear=2023,400,66,74147c27e8c00a68fa4708025f0aa95a3dbb3bea68b4d5417efb2bef19d1e786,2026-10-02T08:47:14+00:00,nhtsa/recalls/hyundai/kona-electric_2023.json.gz,ok,empty result (HTTP 400 for zero matches)
recalls,hyundai,hyundai/kona,KONA N,2023,https://api.nhtsa.gov/recalls/recallsByVehicle?make=HYUNDAI&model=KONA+N&modelYear=2023,200,1312,15111c9917172174cf9e6d73a5a5bc024272ecd80f0aa5381a632f628d6fbbd9,2026-10-02T08:47:15+00:00,nhtsa/recalls/hyundai/kona-n_2023.json.gz,ok,
recalls,hyundai,hyundai/tucson,TUCSON PHEV,2023,https://api.nhtsa.gov/recalls/recallsByVehicle?make=HYUNDAI&model=TUCSON+PHEV&modelYear=2023,400,66,74147c27e8c00a68fa4708025f0aa95a3dbb3bea68b4d5417efb2bef19d1e786,2026-10-02T08:47:17+00:00,nhtsa/recalls/hyundai/tucson-phev_2023.json.gz,ok,empty result (HTTP 400 for zero matches)
recalls,hyundai,hyundai/santa-fe,SANTA FE,2023,https://api.nhtsa.gov/recalls/recallsByVehicle?make=HYUNDAI&model=SANTA+FE&modelYear=2023,200,1447,521f60fc56119d37ee85f8ca3032ac9fd4c2d0e7df3057729b246c6a102cf629,2026-10-02T08:47:19+00:00,nhtsa/recalls/hyundai/santa-fe_2023.json.gz,ok,
recalls,hyundai,hyundai/santa-fe,SANTA FE HEV,2023,https://api.nhtsa.gov/recalls/recallsByVehicle?make=HYUNDAI&model=SANTA+FE+HEV&modelYear=2023,400,66,74147c27e8c00a68fa4708025f0aa95a3dbb3bea68b4d5417efb2bef19d1e786,2026-10-02T08:47:21+00:00,nhtsa/recalls/hyundai/santa-fe-hev_2023.json.gz,ok,empty result (HTTP 400 for zero matches)
recalls,hyundai,hyundai/santa-fe,SANTA FE PHEV,2023,https://api.nhtsa.gov/recalls/recallsByVehicle?make=HYUNDAI&model=SANTA+FE+PHEV&modelYear=2023,400,66,74147c27e8c00a68fa4708025f0aa95a3dbb3bea68b4d5417efb2bef19d1e786,2026-10-02T08:47:23+00:00,nhtsa/recalls/hyundai/santa-fe-phev_2023.json.gz,ok,empty result (HTTP 400 for zero matches)
complaints,hyundai,hyundai/tucson,TUCSON,2023,https://api.nhtsa.gov/complaints/complaintsByVehicle?make=HYUNDAI&model=TUCSON&modelYear=2023,200,149565,97cb29607132d84ba28b2d98aa6ed1af697c8a8b99dabc442c2e927e54ddfc39,2026-10-02T08:47:25+00:00,nhtsa/complaints/hyundai/tucson_2023.json.gz,ok,
complaints,hyundai,hyundai/elantra,ELANTRA,2023,https://api.nhtsa.gov/complaints/complaintsByVehicle?make=HYUNDAI&model=ELANTRA&modelYear=2023,200,105986,3a90f4550200f186623971f0b1ef4331a22a3205762a20ff7c2b8b02133c815d,2026-10-02T08:47:27+00:00,nhtsa/complaints/hyundai/elantra_2023.json.gz,ok,
complaints,hyundai,hyundai/sonata,SONATA,2023,https://api.nhtsa.gov/complaints/complaintsByVehicle?make=HYUNDAI&model=SONATA&modelYear=2023,200,112351,af21db9b909ed63ad7aaf5c89feac818815d2a26bb5953b316fc5019bf2fcb0d,2026-10-02T08:47:29+00:00,nhtsa/complaints/hyundai/sonata_2023.json.gz,ok,
complaints,hyundai,hyundai/tucson,TUCSON HYBRID,2023,https://api.nhtsa.gov/complaints/complaintsByVehicle?make=HYUNDAI&model=TUCSON+HYBRID&modelYear=2023,200,41638,fde99a9f5f714be18f41d50ffc3dbd1cccea71d81e6f2770b19e3a37a2aa1045,2026-10-02T08:47:31+00:00,nhtsa/complaints/hyundai/tucson-hybrid_2023.json.gz,ok,
complaints,hyundai,hyundai/elantra,ELANTRA HEV,2023,https://api.nhtsa.gov/complaints/complaintsByVehicle?make=HYUNDAI&model=ELANTRA+HEV&modelYear=2023,200,63482,32474ed57f6efa7e16727241dc3cc868b1a9158bd2cb4d6f424cc3f7d5c42f4c,2026-10-02T08:47:33+00:00,nhtsa/complaints/hyundai/elantra-hev_2023.json.gz,ok,
complaints,hyundai,hyundai/elantra,ELANTRA N,2023,https://api.nhtsa.gov/complaints/complaintsByVehicle?make=HYUNDAI&model=ELANTRA+N&modelYear=2023,200,14491,5c1e5a3850e4c7063bd393418f31401cc3ecb67a5a682b664167743098fee92d,2026-10-02T08:47:35+00:00,nhtsa/complaints/hyundai/elantra-n_2023.json.gz,ok,
complaints,hyundai,hyundai/sonata,SONATA HEV,2023,https://api.nhtsa.gov/complaints/complaintsByVehicle?make=HYUNDAI&model=SONATA+HEV&modelYear=2023,200,14407,9655d4d7a2bd4dd5aa4e424eabb56bf1a6e3faaba595f716b870ba08418b8bcb,2026-10-02T08:47:37+00:00,nhtsa/complaints/hyundai/sonata-hev_2023.json.gz,ok,
complaints,hyundai,hyundai/kona,KONA,2023,https://api.nhtsa.gov/complaints/complaintsByVehicle?make=HYUNDAI&model=KONA&modelYear=2023,200,64467,769707ee3e00c50e24df1a4d9cb1552bd2b530397a3de1241ede7b60966eb57b,2026-10-02T08:47:39+00:00,nhtsa/complaints/hyundai/kona_2023.json.gz,ok,
complaints,hyundai,hyundai/kona,KONA ELECTRIC,2023,https://api.nhtsa.gov/complaints/complaintsByVehicle?make=HYUNDAI&model=KONA+ELECTRIC&modelYear=2023,200,4529,8c93da14a35f6583ac610a3fa1fad5385ec9baf54f4b57c4a5f47a0a65648893,2026-10-02T08:47:41+00:00,nhtsa/complaints/hyundai/kona-electric_2023.json.gz,ok,
complaints,hyundai,hyundai/kona,KONA N,2023,https://api.nhtsa.gov/complaints/complaintsByVehicle?make=HYUNDAI&model=KONA+N&modelYear=2023,200,3821,e4ca813dba436dd1693623b622e93c1ceadb56e8dc66be4c23ae320557b8b722,2026-10-02T08:47:43+00:00,nhtsa/complaints/hyundai/kona-n_2023.json.gz,ok,
complaints,hyundai,hyundai/tucson,TUCSON PHEV,2023,https://api.nhtsa.gov/complaints/complaintsByVehicle?make=HYUNDAI&model=TUCSON+PHEV&modelYear=2023,200,11721,e0f96576e5d3a3b00772f761ea1d57b981300d2c360ded992f1c6a913df1d989,2026-10-02T08:47:45+00:00,nhtsa/complaints/hyundai/tucson-phev_2023.json.gz,ok,
complaints,hyundai,hyundai/santa-fe,SANTA FE,2023,https://api.nhtsa.gov/complaints/complaintsByVehicle?make=HYUNDAI&model=SANTA+FE&modelYear=2023,200,220769,ca9409d2d85d23d0b059ca728e30f88845bc8a71ad911c76cbc626c74335b15d,2026-10-02T08:47:48+00:00,nhtsa/complaints/hyundai/santa-fe_2023.json.gz,ok,
complaints,hyundai,hyundai/santa-fe,SANTA FE HEV,2023,https://api.nhtsa.gov/complaints/complaintsByVehicle?make=HYUNDAI&model=SANTA+FE+HEV&modelYear=2023,200,72833,262860077902bff1ddc26487733fdbe5306f44fc1237c6d1f0b0a1ca5768134d,2026-10-02T08:47:50+00:00,nhtsa/complaints/hyundai/santa-fe-hev_2023.json.gz,ok,
complaints,hyundai,hyundai/santa-fe,SANTA FE PHEV,2023,https://api.nhtsa.gov/complaints/complaintsByVehicle?make=HYUNDAI&model=SANTA+FE+PHEV&modelYear=2023,200,22998,d58ef342efba03c4f187cf3e0e62b442730c52d612f0308c4d46bf48ebfcb566,2026-10-02T08:47:52+00:00,nhtsa/complaints/hyundai/santa-fe-phev_2023.json.gz,ok,
recalls,hyundai,hyundai/tucson,TUCSON,2024,https://api.nhtsa.gov/recalls/recallsByVehicle?make=HYUNDAI&model=TUCSON&modelYear=2024,200,4787,d24f4d55a6f4d8fb4030bde72848bd3c59779c8a515ead96e1c760e5f7e31906,2026-10-02T08:47:54+00:00,nhtsa/recalls/hyundai/tucson_2024.json.gz,ok,
recalls,hyundai,hyundai/tucson,TUCSON HYBRID,2024,https://api.nhtsa.gov/recalls/recallsByVehicle?make=HYUNDAI&model=TUCSON+HYBRID&modelYear=2024,400,66,74147c27e8c00a68fa4708025f0aa95a3dbb3bea68b4d5417efb2bef19d1e786,2026-10-02T08:47:55+00:00,nhtsa/recalls/hyundai/tucson-hybrid_2024.json.gz,ok,empty result (HTTP 400 for zero matches)
recalls,hyundai,hyundai/kona,KONA,2024,https://api.nhtsa.gov/recalls/recallsByVehicle?make=HYUNDAI&model=KONA&modelYear=2024,200,4374,4594523b1dc81650343c06c544233c75fa81a3cf7dc7015fa291a6dcfd856985,2026-10-02T08:47:57+00:00,nhtsa/recalls/hyundai/kona_2024.json.gz,ok,
recalls,hyundai,hyundai/kona,KONA ELECTRIC,2024,https://api.nhtsa.gov/recalls/recallsByVehicle?make=HYUNDAI&model=KONA+ELECTRIC&modelYear=2024,200,1147,d09fce2186d0040447f474048a8c5ee44ac99909a5106555bfc2700ab8f59d29,2026-10-02T08:47:59+00:00,nhtsa/recalls/hyundai/kona-electric_2024.json.gz,ok,
recalls,hyundai,hyundai/santa-fe,SANTA FE,2024,https://api.nhtsa.gov/recalls/recallsByVehicle?make=HYUNDAI&model=SANTA+FE&modelYear=2024,200,8071,9bdea9c11668eb2879443e5f4ef7546c53daf96c062c1ae50794148928f03495,2026-10-02T08:48:01+00:00,nhtsa/recalls/hyundai/santa-fe_2024.json.gz,ok,
recalls,hyundai,hyundai/santa-fe,SANTA FE HEV,2024,https://api.nhtsa.gov/recalls/recallsByVehicle?make=HYUNDAI&model=SANTA+FE+HEV&modelYear=2024,400,66,74147c27e8c00a68fa4708025f0aa95a3dbb3bea68b4d5417efb2bef19d1e786,2026-10-02T08:48:03+00:00,nhtsa/recalls/hyundai/santa-fe-hev_2024.json.gz,ok,empty result (HTTP 400 for zero matches)
recalls,hyundai,hyundai/elantra,ELANTRA,2024,https://api.nhtsa.gov/recalls/recallsByVehicle?make=HYUNDAI&model=ELANTRA&modelYear=2024,200,1134,725ec82a9b53097ef3f65678cc1e8281c18b90a42e432d7a5aa270f415f73fd1,2026-10-02T08:48:05+00:00,nhtsa/recalls/hyundai/elantra_2024.json.gz,ok,
recalls,hyundai,hyundai/elantra,ELANTRA N,2024,https://api.nhtsa.gov/recalls/recallsByVehicle?make=HYUNDAI&model=ELANTRA+N&modelYear=2024,400,66,74147c27e8c00a68fa4708025f0aa95a3dbb3bea68b4d5417efb2bef19d1e786,2026-10-02T08:48:07+00:00,nhtsa/recalls/hyundai/elantra-n_2024.json.gz,ok,empty result (HTTP 400 for zero matches)
recalls,hyundai,hyundai/elantra,ELANTRA HEV,2024,https://api.nhtsa.gov/recalls/recallsByVehicle?make=HYUNDAI&model=ELANTRA+HEV&modelYear=2024,400,66,74147c27e8c00a68fa4708025f0aa95a3dbb3bea68b4d5417efb2bef19d1e786,2026-10-02T08:48:09+00:00,nhtsa/recalls/hyundai/elantra-hev_2024.json.gz,ok,empty result (HTTP 400 for zero matches)
recalls,hyundai,hyundai/sonata,SONATA,2024,https://api.nhtsa.gov/recalls/recallsByVehicle?make=HYUNDAI&model=SONATA&modelYear=2024,200,1319,9e849e40a52dd46fe245390f9810ed3a0cae1e5a5627316b61a777f2e4d5be87,2026-10-02T08:48:11+00:00,nhtsa/recalls/hyundai/sonata_2024.json.gz,ok,
recalls,hyundai,hyundai/sonata,SONATA HEV,2024,https://api.nhtsa.gov/recalls/recallsByVehicle?make=HYUNDAI&model=SONATA+HEV&modelYear=2024,400,66,74147c27e8c00a68fa4708025f0aa95a3dbb3bea68b4d5417efb2bef19d1e786,2026-10-02T08:48:13+00:00,nhtsa/recalls/hyundai/sonata-hev_2024.json.gz,ok,empty result (HTTP 400 for zero matches)
recalls,hyundai,hyundai/tucson,TUCSON PHEV,2024,https://api.nhtsa.gov/recalls/recallsByVehicle?make=HYUNDAI&model=TUCSON+PHEV&modelYear=2024,400,66,74147c27e8c00a68fa4708025f0aa95a3dbb3bea68b4d5417efb2bef19d1e786,2026-10-02T08:48:15+00:00,nhtsa/recalls/hyundai/tucson-phev_2024.json.gz,ok,empty result (HTTP 400 for zero matches)
complaints,hyundai,hyundai/tucson,TUCSON,2024,https://api.nhtsa.gov/complaints/complaintsByVehicle?make=HYUNDAI&model=TUCSON&modelYear=2024,200,115119,11d904381cf4f5cdc8d85394d3745662855f4b45e493f890b29a8c28e9b1c0b8,2026-10-02T08:48:17+00:00,nhtsa/complaints/hyundai/tucson_2024.json.gz,ok,
complaints,hyundai,hyundai/tucson,TUCSON HYBRID,2024,https://api.nhtsa.gov/complaints/complaintsByVehicle?make=HYUNDAI&model=TUCSON+HYBRID&modelYear=2024,200,55594,4321f224b5f55a8a7563e39e7257ae17a25744a5acb80af5f0b95947e22358e2,2026-10-02T08:48:19+00:00,nhtsa/complaints/hyundai/tucson-hybrid_2024.json.gz,ok,
complaints,hyundai,hyundai/kona,KONA,2024,https://api.nhtsa.gov/complaints/complaintsByVehicle?make=HYUNDAI&model=KONA&modelYear=2024,200,53624,01e41f40a7e44f706feed04a1fab019076f0f2107bca296a3a8448d22dcb7e6e,2026-10-02T08:48:21+00:00,nhtsa/complaints/hyundai/kona_2024.json.gz,ok,
complaints,hyundai,hyundai/kona,KONA ELECTRIC,2024,https://api.nhtsa.gov/complaints/complaintsByVehicle?make=HYUNDAI&model=KONA+ELECTRIC&modelYear=2024,200,14121,522b2ed2f894ed11c7ba948495a2e8c5be505fe35d85b67cbf1c51df7b06199a,2026-10-02T08:48:23+00:00,nhtsa/complaints/hyundai/kona-electric_2024.json.gz,ok,
complaints,hyundai,hyundai/santa-fe,SANTA FE,2024,https://api.nhtsa.gov/complaints/complaintsByVehicle?make=HYUNDAI&model=SANTA+FE&modelYear=2024,200,176334,58a6469bbdfd36850e55564ca3ca4d8c6cba171c1945cedfabaa4c576e574754,2026-10-02T08:48:26+00:00,nhtsa/complaints/hyundai/santa-fe_2024.json.gz,ok,
complaints,hyundai,hyundai/santa-fe,SANTA FE HEV,2024,https://api.nhtsa.gov/complaints/complaintsByVehicle?make=HYUNDAI&model=SANTA+FE+HEV&modelYear=2024,200,42456,d0eb025d0a232fd681486d507a600ce04bb15d455fadea8430131d1cc59f380c,2026-10-02T08:48:28+00:00,nhtsa/complaints/hyundai/santa-fe-hev_2024.json.gz,ok,
complaints,hyundai,hyundai/elantra,ELANTRA,2024,https://api.nhtsa.gov/complaints/complaintsByVehicle?make=HYUNDAI&model=ELANTRA&modelYear=2024,200,58498,4de243415dc7514b51e3756bb45f71c325572811c457a44f7bc43c3a7fb66fc4,2026-10-02T08:48:30+00:00,nhtsa/complaints/hyundai/elantra_2024.json.gz,ok,
complaints,hyundai,hyundai/elantra,ELANTRA N,2024,https://api.nhtsa.gov/complaints/complaintsByVehicle?make=HYUNDAI&model=ELANTRA+N&modelYear=2024,200,840,9061c31d450528ec807294575a3b493ab707beada6ee327c4e20c8308ff56da3,2026-10-02T08:48:32+00:00,nhtsa/complaints/hyundai/elantra-n_2024.json.gz,ok,
complaints,hyundai,hyundai/elantra,ELANTRA HEV,2024,https://api.nhtsa.gov/complaints/complaintsByVehicle?make=HYUNDAI&model=ELANTRA+HEV&modelYear=2024,200,6861,c0c76fe3d1063a9a5da945065fedf58c4f31071b834941f066d5694b6d878167,2026-10-02T08:48:34+00:00,nhtsa/complaints/hyundai/elantra-hev_2024.json.gz,ok,
complaints,hyundai,hyundai/sonata,SONATA,2024,https://api.nhtsa.gov/complaints/complaintsByVehicle?make=HYUNDAI&model=SONATA&modelYear=2024,200,51369,1fac9bb3c6e041195c15b46e17f9314064fb6b0f73197c5baab14f208340db4a,2026-10-02T08:48:36+00:00,nhtsa/complaints/hyundai/sonata_2024.json.gz,ok,
complaints,hyundai,hyundai/sonata,SONATA HEV,2024,https://api.nhtsa.gov/complaints/complaintsByVehicle?make=HYUNDAI&model=SONATA+HEV&modelYear=2024,200,10299,5713a753f2952264aaecfbffcb7dc5e2ef06dabe0a710e36ceeeea89dc8c3788,2026-10-02T08:48:39+00:00,nhtsa/complaints/hyundai/sonata-hev_2024.json.gz,ok,
complaints,hyundai,hyundai/tucson,TUCSON PHEV,2024,https://api.nhtsa.gov/complaints/complaintsByVehicle?make=HYUNDAI&model=TUCSON+PHEV&modelYear=2024,200,3283,3d7bf5b3bb545648f4b55a003df825aca40862b5cd31e32e46e59f9990abe297,2026-10-02T08:48:41+00:00,nhtsa/complaints/hyundai/tucson-phev_2024.json.gz,ok,
recalls,hyundai,hyundai/tucson,TUCSON HYBRID,2025,https://api.nhtsa.gov/recalls/recallsByVehicle?make=HYUNDAI&model=TUCSON+HYBRID&modelYear=2025,200,3653,fb7334b6a9b8d0114ef1d9e87078df7dc40f473d6e985e91466d814b8204be09,2026-10-02T08:48:43+00:00,nhtsa/recalls/hyundai/tucson-hybrid_2025.json.gz,ok,
recalls,hyundai,hyundai/santa-fe,SANTA FE,2025,https://api.nhtsa.gov/recalls/recallsByVehicle?make=HYUNDAI&model=SANTA+FE&modelYear=2025,200,5329,4d72fcb8fd0b9eb51ef62438d3d1c697aa2a71f48404d2ad94f95ab4ad0f7f90,2026-10-02T08:48:44+00:00,nhtsa/recalls/hyundai/santa-fe_2025.json.gz,ok,
recalls,hyundai,hyundai/sonata,SONATA,2025,https://api.nhtsa.gov/recalls/recallsByVehicle?make=HYUNDAI&model=SONATA&modelYear=2025,400,66,74147c27e8c00a68fa4708025f0aa95a3dbb3bea68b4d5417efb2bef19d1e786,2026-10-02T08:48:46+00:00,nhtsa/recalls/hyundai/sonata_2025.json.gz,ok,empty result (HTTP 400 for zero matches)
recalls,hyundai,hyundai/tucson,TUCSON,2025,https://api.nhtsa.gov/recalls/recallsByVehicle?make=HYUNDAI&model=TUCSON&modelYear=2025,200,6629,44d72b618e7a8a5ba0935e66df2fa48718d8f58f968fd9d02c2017c73e2e6700,2026-10-02T08:48:48+00:00,nhtsa/recalls/hyundai/tucson_2025.json.gz,ok,
recalls,hyundai,hyundai/tucson,TUCSON PLUG-IN HYBRID,2025,https://api.nhtsa.gov/recalls/recallsByVehicle?make=HYUNDAI&model=TUCSON+PLUG-IN+HYBRID&modelYear=2025,200,3677,de9bd175fec0271744712eb3e674b4199db1d9637c593d575464c723cb30a299,2026-10-02T08:48:49+00:00,nhtsa/recalls/hyundai/tucson-plug-in-hybrid_2025.json.gz,ok,
recalls,hyundai,hyundai/kona,KONA,2025,https://api.nhtsa.gov/recalls/recallsByVehicle?make=HYUNDAI&model=KONA&modelYear=2025,200,1138,dd797b17b993bebd7e42a34e36b0d7a8bce5da46ceb733a3d7088835b3696fd3,2026-10-02T08:48:51+00:00,nhtsa/recalls/hyundai/kona_2025.json.gz,ok,
recalls,hyundai,hyundai/kona,KONA ELECTRIC,2025,https://api.nhtsa.gov/recalls/recallsByVehicle?make=HYUNDAI&model=KONA+ELECTRIC&modelYear=2025,200,1147,03be18a141f74e657e3efad771fca6ac1d1714432a02a7e9f110073bb9a0a96b,2026-10-02T08:48:53+00:00,nhtsa/recalls/hyundai/kona-electric_2025.json.gz,ok,
recalls,hyundai,hyundai/santa-fe,SANTA FE HYBRID,2025,https://api.nhtsa.gov/recalls/recallsByVehicle?make=HYUNDAI&model=SANTA+FE+HYBRID&modelYear=2025,200,3404,1cb3034397eef67754a5b293fb7264306927c804303aec8698a21d98b6cd8dd7,2026-10-02T08:48:55+00:00,nhtsa/recalls/hyundai/santa-fe-hybrid_2025.json.gz,ok,
recalls,hyundai,hyundai/elantra,ELANTRA,2025,https://api.nhtsa.gov/recalls/recallsByVehicle?make=HYUNDAI&model=ELANTRA&modelYear=2025,400,66,74147c27e8c00a68fa4708025f0aa95a3dbb3bea68b4d5417efb2bef19d1e786,2026-10-02T08:48:57+00:00,nhtsa/recalls/hyundai/elantra_2025.json.gz,ok,empty result (HTTP 400 for zero matches)
recalls,hyundai,hyundai/elantra,ELANTRA N,2025,https://api.nhtsa.gov/recalls/recallsByVehicle?make=HYUNDAI&model=ELANTRA+N&modelYear=2025,200,1069,8129b3b73ee749e8d5d79d836a9a13a0dd411b1ee1828e8f82f9a2d29486b3da,2026-10-02T08:48:58+00:00,nhtsa/recalls/hyundai/elantra-n_2025.json.gz,ok,
recalls,hyundai,hyundai/elantra,ELANTRA HYBRID,2025,https://api.nhtsa.gov/recalls/recallsByVehicle?make=HYUNDAI&model=ELANTRA+HYBRID&modelYear=2025,200,972,fd2e0a9a2a0455cbe0c8d36efc1529f968b1346eafed1a42d2c3c04c939072fd,2026-10-02T08:49:00+00:00,nhtsa/recalls/hyundai/elantra-hybrid_2025.json.gz,ok,
recalls,hyundai,hyundai/sonata,SONATA HYBRID,2025,https://api.nhtsa.gov/recalls/recallsByVehicle?make=HYUNDAI&model=SONATA+HYBRID&modelYear=2025,400,66,74147c27e8c00a68fa4708025f0aa95a3dbb3bea68b4d5417efb2bef19d1e786,2026-10-02T08:49:02+00:00,nhtsa/recalls/hyundai/sonata-hybrid_2025.json.gz,ok,empty result (HTTP 400 for zero matches)
complaints,hyundai,hyundai/tucson,TUCSON HYBRID,2025,https://api.nhtsa.gov/complaints/complaintsByVehicle?make=HYUNDAI&model=TUCSON+HYBRID&modelYear=2025,200,166465,e3dc27a0c7d9a963d76cd5aecd56207e0a29ec76a8e76b40eda21154ba004921,2026-10-02T08:49:04+00:00,nhtsa/complaints/hyundai/tucson-hybrid_2025.json.gz,ok,
complaints,hyundai,hyundai/santa-fe,SANTA FE,2025,https://api.nhtsa.gov/complaints/complaintsByVehicle?make=HYUNDAI&model=SANTA+FE&modelYear=2025,200,173735,2dffeea59dcab86de13d9fc5b57587dbac1f99c88548e8642c236be2b67b42b9,2026-10-02T08:49:06+00:00,nhtsa/complaints/hyundai/santa-fe_2025.json.gz,ok,
complaints,hyundai,hyundai/sonata,SONATA,2025,https://api.nhtsa.gov/complaints/complaintsByVehicle?make=HYUNDAI&model=SONATA&modelYear=2025,200,15976,7a6a9a432a2e6cfccafd5d00f93a1feb4c2a0cc5d3a5395d5d94bd04f6efca78,2026-10-02T08:49:08+00:00,nhtsa/complaints/hyundai/sonata_2025.json.gz,ok,
complaints,hyundai,hyundai/tucson,TUCSON,2025,https://api.nhtsa.gov/complaints/complaintsByVehicle?make=HYUNDAI&model=TUCSON&modelYear=2025,200,325700,2a6021e269b879302557e9076ddf6e2847a65cbb5497658eda6bcb258d3e0472,2026-10-02T08:49:09+00:00,nhtsa/complaints/hyundai/tucson_2025.json.gz,ok,
complaints,hyundai,hyundai/tucson,TUCSON PLUG-IN HYBRID,2025,https://api.nhtsa.gov/complaints/complaintsByVehicle?make=HYUNDAI&model=TUCSON+PLUG-IN+HYBRID&modelYear=2025,200,5706,2743a581486f65592dfd5b7a90ac8d473724f7ad70386b79f268a10ae6effbd0,2026-10-02T08:49:12+00:00,nhtsa/complaints/hyundai/tucson-plug-in-hybrid_2025.json.gz,ok,
complaints,hyundai,hyundai/kona,KONA,2025,https://api.nhtsa.gov/complaints/complaintsByVehicle?make=HYUNDAI&model=KONA&modelYear=2025,200,31242,3af6dcd04dcf12a2ba2588ecdc8367d59070e6ee9eacc60a293dd0f08f5db54b,2026-10-02T08:49:13+00:00,nhtsa/complaints/hyundai/kona_2025.json.gz,ok,
complaints,hyundai,hyundai/kona,KONA ELECTRIC,2025,https://api.nhtsa.gov/complaints/complaintsByVehicle?make=HYUNDAI&model=KONA+ELECTRIC&modelYear=2025,200,1163,c965e8cdc050fb9d650e5257b58fdf43d08ecd473fef8f60783f8f803fae7372,2026-10-02T08:49:15+00:00,nhtsa/complaints/hyundai/kona-electric_2025.json.gz,ok,
complaints,hyundai,hyundai/santa-fe,SANTA FE HYBRID,2025,https://api.nhtsa.gov/complaints/complaintsByVehicle?make=HYUNDAI&model=SANTA+FE+HYBRID&modelYear=2025,200,115976,dea4689f870022f50c5ee298336e920cc514c7ac55d7f45a7aebc53d9087520b,2026-10-02T08:49:17+00:00,nhtsa/complaints/hyundai/santa-fe-hybrid_2025.json.gz,ok,
complaints,hyundai,hyundai/elantra,ELANTRA,2025,https://api.nhtsa.gov/complaints/complaintsByVehicle?make=HYUNDAI&model=ELANTRA&modelYear=2025,200,26751,884c8b9b750fcc3a1e7e41b0ccec81003e59d6a4351f4b0911169c7ce6307c74,2026-10-02T08:49:19+00:00,nhtsa/complaints/hyundai/elantra_2025.json.gz,ok,
complaints,hyundai,hyundai/elantra,ELANTRA N,2025,https://api.nhtsa.gov/complaints/complaintsByVehicle?make=HYUNDAI&model=ELANTRA+N&modelYear=2025,200,8493,9d2c3f5b3a468e7f600245856de92fe63f6e2b2b565321a84deca2a73e030441,2026-10-02T08:49:20+00:00,nhtsa/complaints/hyundai/elantra-n_2025.json.gz,ok,
complaints,hyundai,hyundai/elantra,ELANTRA HYBRID,2025,https://api.nhtsa.gov/complaints/complaintsByVehicle?make=HYUNDAI&model=ELANTRA+HYBRID&modelYear=2025,200,5489,0d38ec793fc0a41268462f0d7617a74fe6d6af5b402ff3952649e14ee79b9148,2026-10-02T08:49:22+00:00,nhtsa/complaints/hyundai/elantra-hybrid_2025.json.gz,ok,
complaints,hyundai,hyundai/sonata,SONATA HYBRID,2025,https://api.nhtsa.gov/complaints/complaintsByVehicle?make=HYUNDAI&model=SONATA+HYBRID&modelYear=2025,200,14248,6d8bc68138d7ca277dcdab5a2baa110e2574e29248eff617dd7e03e8c92cc71e,2026-10-02T08:49:24+00:00,nhtsa/complaints/hyundai/sonata-hybrid_2025.json.gz,ok,
recalls,hyundai,hyundai/santa-fe,SANTA FE ICE,2026,https://api.nhtsa.gov/recalls/recallsByVehicle?make=HYUNDAI&model=SANTA+FE+ICE&modelYear=2026,400,66,74147c27e8c00a68fa4708025f0aa95a3dbb3bea68b4d5417efb2bef19d1e786,2026-10-02T08:49:25+00:00,nhtsa/recalls/hyundai/santa-fe-ice_2026.json.gz,ok,empty result (HTTP 400 for zero matches)
recalls,hyundai,hyundai/santa-fe,SANTA FE HYBRID HEV,2026,https://api.nhtsa.gov/recalls/recallsByVehicle?make=HYUNDAI&model=SANTA+FE+HYBRID+HEV&modelYear=2026,400,66,74147c27e8c00a68fa4708025f0aa95a3dbb3bea68b4d5417efb2bef19d1e786,2026-10-02T08:49:27+00:00,nhtsa/recalls/hyundai/santa-fe-hybrid-hev_2026.json.gz,ok,empty result (HTTP 400 for zero matches)
recalls,hyundai,hyundai/tucson,TUCSON HYBRID HEV,2026,https://api.nhtsa.gov/recalls/recallsByVehicle?make=HYUNDAI&model=TUCSON+HYBRID+HEV&modelYear=2026,400,66,74147c27e8c00a68fa4708025f0aa95a3dbb3bea68b4d5417efb2bef19d1e786,2026-10-02T08:49:28+00:00,nhtsa/recalls/hyundai/tucson-hybrid-hev_2026.json.gz,ok,empty result (HTTP 400 for zero matches)
recalls,hyundai,hyundai/tucson,TUCSON PLUG-IN HYBRID PHEV,2026,https://api.nhtsa.gov/recalls/recallsByVehicle?make=HYUNDAI&model=TUCSON+PLUG-IN+HYBRID+PHEV&modelYear=2026,400,66,74147c27e8c00a68fa4708025f0aa95a3dbb3bea68b4d5417efb2bef19d1e786,2026-10-02T08:49:30+00:00,nhtsa/recalls/hyundai/tucson-plug-in-hybrid-phev_2026.json.gz,ok,empty result (HTTP 400 for zero matches)
recalls,hyundai,hyundai/kona,KONA ICE,2026,https://api.nhtsa.gov/recalls/recallsByVehicle?make=HYUNDAI&model=KONA+ICE&modelYear=2026,400,66,74147c27e8c00a68fa4708025f0aa95a3dbb3bea68b4d5417efb2bef19d1e786,2026-10-02T08:49:32+00:00,nhtsa/recalls/hyundai/kona-ice_2026.json.gz,ok,empty result (HTTP 400 for zero matches)
recalls,hyundai,hyundai/elantra,ELANTRA ICE,2026,https://api.nhtsa.gov/recalls/recallsByVehicle?make=HYUNDAI&model=ELANTRA+ICE&modelYear=2026,400,66,74147c27e8c00a68fa4708025f0aa95a3dbb3bea68b4d5417efb2bef19d1e786,2026-10-02T08:49:34+00:00,nhtsa/recalls/hyundai/elantra-ice_2026.json.gz,ok,empty result (HTTP 400 for zero matches)
recalls,hyundai,hyundai/elantra,ELANTRA N ICE,2026,https://api.nhtsa.gov/recalls/recallsByVehicle?make=HYUNDAI&model=ELANTRA+N+ICE&modelYear=2026,400,66,74147c27e8c00a68fa4708025f0aa95a3dbb3bea68b4d5417efb2bef19d1e786,2026-10-02T08:49:37+00:00,nhtsa/recalls/hyundai/elantra-n-ice_2026.json.gz,ok,empty result (HTTP 400 for zero matches)
recalls,hyundai,hyundai/sonata,SONATA ICE,2026,https://api.nhtsa.gov/recalls/recallsByVehicle?make=HYUNDAI&model=SONATA+ICE&modelYear=2026,400,66,74147c27e8c00a68fa4708025f0aa95a3dbb3bea68b4d5417efb2bef19d1e786,2026-10-02T08:49:39+00:00,nhtsa/recalls/hyundai/sonata-ice_2026.json.gz,ok,empty result (HTTP 400 for zero matches)
recalls,hyundai,hyundai/sonata,SONATA HYBRID HEV,2026,https://api.nhtsa.gov/recalls/recallsByVehicle?make=HYUNDAI&model=SONATA+HYBRID+HEV&modelYear=2026,400,66,74147c27e8c00a68fa4708025f0aa95a3dbb3bea68b4d5417efb2bef19d1e786,2026-10-02T08:49:40+00:00,nhtsa/recalls/hyundai/sonata-hybrid-hev_2026.json.gz,ok,empty result (HTTP 400 for zero matches)
recalls,hyundai,hyundai/tucson,TUCSON ICE,2026,https://api.nhtsa.gov/recalls/recallsByVehicle?make=HYUNDAI&model=TUCSON+ICE&modelYear=2026,400,66,74147c27e8c00a68fa4708025f0aa95a3dbb3bea68b4d5417efb2bef19d1e786,2026-10-02T08:49:41+00:00,nhtsa/recalls/hyundai/tucson-ice_2026.json.gz,ok,empty result (HTTP 400 for zero matches)
complaints,hyundai,hyundai/santa-fe,SANTA FE ICE,2026,https://api.nhtsa.gov/complaints/complaintsByVehicle?make=HYUNDAI&model=SANTA+FE+ICE&modelYear=2026,200,44691,52461b010b2ca7a78bc875152f58bbe53db7a7e30d1e83d2093f4b3d1d047ffa,2026-10-02T08:49:43+00:00,nhtsa/complaints/hyundai/santa-fe-ice_2026.json.gz,ok,
complaints,hyundai,hyundai/santa-fe,SANTA FE HYBRID HEV,2026,https://api.nhtsa.gov/complaints/complaintsByVehicle?make=HYUNDAI&model=SANTA+FE+HYBRID+HEV&modelYear=2026,200,22311,7011b2d091d05ad77ffc2577d35e384b3c00c79cedf3d5f98a1fe6afcd7890eb,2026-10-02T08:49:44+00:00,nhtsa/complaints/hyundai/santa-fe-hybrid-hev_2026.json.gz,ok,
complaints,hyundai,hyundai/tucson,TUCSON HYBRID HEV,2026,https://api.nhtsa.gov/complaints/complaintsByVehicle?make=HYUNDAI&model=TUCSON+HYBRID+HEV&modelYear=2026,200,27111,a80d5166ed91267c3218027945a921d5638ab85bfa4d057f96da9d917783b4ce,2026-10-02T08:49:46+00:00,nhtsa/complaints/hyundai/tucson-hybrid-hev_2026.json.gz,ok,
complaints,hyundai,hyundai/tucson,TUCSON PLUG-IN HYBRID PHEV,2026,https://api.nhtsa.gov/complaints/complaintsByVehicle?make=HYUNDAI&model=TUCSON+PLUG-IN+HYBRID+PHEV&modelYear=2026,200,992,4d62e5d990292221310a5cb1dd606582bbf23ce8216e08eb3edb607b53e82d0a,2026-10-02T08:49:47+00:00,nhtsa/complaints/hyundai/tucson-plug-in-hybrid-phev_2026.json.gz,ok,
complaints,hyundai,hyundai/kona,KONA ICE,2026,https://api.nhtsa.gov/complaints/complaintsByVehicle?make=HYUNDAI&model=KONA+ICE&modelYear=2026,200,11162,9086b7dbe3d89a63ff55d375cc7acb13bc891f7d020ff05e2d07bbe8d08a55fc,2026-10-02T08:49:49+00:00,nhtsa/complaints/hyundai/kona-ice_2026.json.gz,ok,
complaints,hyundai,hyundai/elantra,ELANTRA ICE,2026,https://api.nhtsa.gov/complaints/complaintsByVehicle?make=HYUNDAI&model=ELANTRA+ICE&modelYear=2026,200,3005,0e8bfaab42ae307952370b9b367a6d9fdacf18bed742f3dcc016b30eefeca91e,2026-10-02T08:49:51+00:00,nhtsa/complaints/hyundai/elantra-ice_2026.json.gz,ok,
complaints,hyundai,hyundai/elantra,ELANTRA N ICE,2026,https://api.nhtsa.gov/complaints/complaintsByVehicle?make=HYUNDAI&model=ELANTRA+N+ICE&modelYear=2026,200,658,8268b05678e48d9abf3a598ebc38e5eea96360ef3a18f705ebe1e438e2f6a30c,2026-10-02T08:49:53+00:00,nhtsa/complaints/hyundai/elantra-n-ice_2026.json.gz,ok,
complaints,hyundai,hyundai/sonata,SONATA ICE,2026,https://api.nhtsa.gov/complaints/complaintsByVehicle?make=HYUNDAI&model=SONATA+ICE&modelYear=2026,200,2385,0fb556f7dc5402d588d4a47f6496e57ea013a9348607c94659cd6aa283055e53,2026-10-02T08:49:54+00:00,nhtsa/complaints/hyundai/sonata-ice_2026.json.gz,ok,
complaints,hyundai,hyundai/sonata,SONATA HYBRID HEV,2026,https://api.nhtsa.gov/complaints/complaintsByVehicle?make=HYUNDAI&model=SONATA+HYBRID+HEV&modelYear=2026,200,3721,e50442dc09fa32e265c58f44cc2aa0b5d58a09bcae0e15c0b9dbfd5622f2043b,2026-10-02T08:49:56+00:00,nhtsa/complaints/hyundai/sonata-hybrid-hev_2026.json.gz,ok,
complaints,hyundai,hyundai/tucson,TUCSON ICE,2026,https://api.nhtsa.gov/complaints/complaintsByVehicle?make=HYUNDAI&model=TUCSON+ICE&modelYear=2026,200,71799,ae1e3cab537c2745ddf249a275fb2b698efb44c5e839d7f424487d4795cfc65a,2026-10-02T08:49:58+00:00,nhtsa/complaints/hyundai/tucson-ice_2026.json.gz,ok,
recalls,kia,kia/forte,FORTE KOUP,2014,https://api.nhtsa.gov/recalls/recallsByVehicle?make=KIA&model=FORTE+KOUP&modelYear=2014,200,2892,0944390e373d0f45a2bfd42f05a5fbbbd311bcd1555e571509dac65cc27d5bd7,2026-10-02T08:50:00+00:00,nhtsa/recalls/kia/forte-koup_2014.json.gz,ok,
recalls,kia,kia/forte,FORTE,2014,https://api.nhtsa.gov/recalls/recallsByVehicle?make=KIA&model=FORTE&modelYear=2014,200,4150,32f470bed1a373ef002e93c765acf31fdccf919bcfac5a781b6b6b9d39273f53,2026-10-02T08:50:02+00:00,nhtsa/recalls/kia/forte_2014.json.gz,ok,
recalls,kia,kia/sorento,SORENTO,2014,https://api.nhtsa.gov/recalls/recallsByVehicle?make=KIA&model=SORENTO&modelYear=2014,200,7692,e163829bc9a7f44f1bd76abda382e276d86f68677dae9bffdffceb51afcb91c0,2026-10-02T08:50:04+00:00,nhtsa/recalls/kia/sorento_2014.json.gz,ok,
recalls,kia,kia/sportage,SPORTAGE,2014,https://api.nhtsa.gov/recalls/recallsByVehicle?make=KIA&model=SPORTAGE&modelYear=2014,200,3933,bdbeba348375a358dabf57e3380d73c51658a4652799bc5c4d0ee94821a02e5b,2026-10-02T08:50:06+00:00,nhtsa/recalls/kia/sportage_2014.json.gz,ok,
recalls,kia,kia/optima-k5,OPTIMA HYBRID,2014,https://api.nhtsa.gov/recalls/recallsByVehicle?make=KIA&model=OPTIMA+HYBRID&modelYear=2014,400,66,74147c27e8c00a68fa4708025f0aa95a3dbb3bea68b4d5417efb2bef19d1e786,2026-10-02T08:50:07+00:00,nhtsa/recalls/kia/optima-hybrid_2014.json.gz,ok,empty result (HTTP 400 for zero matches)
recalls,kia,kia/optima-k5,OPTIMA,2014,https://api.nhtsa.gov/recalls/recallsByVehicle?make=KIA&model=OPTIMA&modelYear=2014,200,8809,f473c4389a4e07d3cc80344ad94127e67f19d68d15c43cf36bea65b0f463e454,2026-10-02T08:50:09+00:00,nhtsa/recalls/kia/optima_2014.json.gz,ok,
recalls,kia,kia/rio,RIO,2014,https://api.nhtsa.gov/recalls/recallsByVehicle?make=KIA&model=RIO&modelYear=2014,200,1512,dec1ab219788c30f95daefeb9deb64e5aab6b7fd0281f9e3e1faef07fcc97dae,2026-10-02T08:50:11+00:00,nhtsa/recalls/kia/rio_2014.json.gz,ok,
complaints,kia,kia/forte,FORTE KOUP,2014,https://api.nhtsa.gov/complaints/complaintsByVehicle?make=KIA&model=FORTE+KOUP&modelYear=2014,200,420217,369979d3dde4c6b8bf892863c86f273aea1d9c3906f8dd86b1458a99e7c4f7b9,2026-10-02T08:50:15+00:00,nhtsa/complaints/kia/forte-koup_2014.json.gz,ok,
complaints,kia,kia/forte,FORTE,2014,https://api.nhtsa.gov/complaints/complaintsByVehicle?make=KIA&model=FORTE&modelYear=2014,200,418141,b15cc382f326204260e848c34f7dba4a4dfab2a0219c5fdb40e6b8bf7993f497,2026-10-02T08:50:17+00:00,nhtsa/complaints/kia/forte_2014.json.gz,ok,
complaints,kia,kia/sorento,SORENTO,2014,https://api.nhtsa.gov/complaints/complaintsByVehicle?make=KIA&model=SORENTO&modelYear=2014,200,932251,dc48f95db8dd3783416f66c70842356661a3e9e3fd89453e191bc24787769cc4,2026-10-02T08:50:21+00:00,nhtsa/complaints/kia/sorento_2014.json.gz,ok,
complaints,kia,kia/sportage,SPORTAGE,2014,https://api.nhtsa.gov/complaints/complaintsByVehicle?make=KIA&model=SPORTAGE&modelYear=2014,200,114565,986b7052b48cf7a12ec19f70ccb7717e03d111d5bdc877dc03b53cfca6e50734,2026-10-02T08:50:23+00:00,nhtsa/complaints/kia/sportage_2014.json.gz,ok,
complaints,kia,kia/optima-k5,OPTIMA HYBRID,2014,https://api.nhtsa.gov/complaints/complaintsByVehicle?make=KIA&model=OPTIMA+HYBRID&modelYear=2014,200,33262,ccdbede9786290ca79d37c683ccd476eacbeb80e6f43602a2233b61129896e28,2026-10-02T08:50:25+00:00,nhtsa/complaints/kia/optima-hybrid_2014.json.gz,ok,
complaints,kia,kia/optima-k5,OPTIMA,2014,https://api.nhtsa.gov/complaints/complaintsByVehicle?make=KIA&model=OPTIMA&modelYear=2014,200,554081,1100eb15554dfc93ab65dfa58802698b8b8a4cb74f9d296abbfc843944feff96,2026-10-02T08:50:29+00:00,nhtsa/complaints/kia/optima_2014.json.gz,ok,
complaints,kia,kia/rio,RIO,2014,https://api.nhtsa.gov/complaints/complaintsByVehicle?make=KIA&model=RIO&modelYear=2014,200,50019,a6de662e8bd2561e6c26acc760ba4ca0ef1efc57c9fc556125818fc7949a188f,2026-10-02T08:50:31+00:00,nhtsa/complaints/kia/rio_2014.json.gz,ok,
recalls,kia,kia/rio,RIO,2015,https://api.nhtsa.gov/recalls/recallsByVehicle?make=KIA&model=RIO&modelYear=2015,200,1512,f35dd6e646ebcb15a2397333a16e3d57bad3234db3b4ad1716383d7ad8a9d14c,2026-10-02T08:50:33+00:00,nhtsa/recalls/kia/rio_2015.json.gz,ok,
recalls,kia,kia/optima-k5,OPTIMA HYBRID,2015,https://api.nhtsa.gov/recalls/recallsByVehicle?make=KIA&model=OPTIMA+HYBRID&modelYear=2015,400,66,74147c27e8c00a68fa4708025f0aa95a3dbb3bea68b4d5417efb2bef19d1e786,2026-10-02T08:50:34+00:00,nhtsa/recalls/kia/optima-hybrid_2015.json.gz,ok,empty result (HTTP 400 for zero matches)
recalls,kia,kia/optima-k5,OPTIMA,2015,https://api.nhtsa.gov/recalls/recallsByVehicle?make=KIA&model=OPTIMA&modelYear=2015,200,5465,a5dc2715e06608402417683a6f098d99b55a54e35c6771d67bb222340b933cce,2026-10-02T08:50:36+00:00,nhtsa/recalls/kia/optima_2015.json.gz,ok,
recalls,kia,kia/forte,FORTE,2015,https://api.nhtsa.gov/recalls/recallsByVehicle?make=KIA&model=FORTE&modelYear=2015,200,1272,9f4de4c2a82b400cf38586b88cd7f175f5a54ba1e9b274bdadd8ee04c8107052,2026-10-02T08:50:37+00:00,nhtsa/recalls/kia/forte_2015.json.gz,ok,
recalls,kia,kia/sportage,SPORTAGE,2015,https://api.nhtsa.gov/recalls/recallsByVehicle?make=KIA&model=SPORTAGE&modelYear=2015,200,2600,200963b8e311e67778ca8881018e4a7bc814de32f5b90addb50f611e9f2108ac,2026-10-02T08:50:39+00:00,nhtsa/recalls/kia/sportage_2015.json.gz,ok,
recalls,kia,kia/sorento,SORENTO,2015,https://api.nhtsa.gov/recalls/recallsByVehicle?make=KIA&model=SORENTO&modelYear=2015,200,4018,2cb43bcd2f1bdc94c8953ae3221f7e8d33012c15d1618b886dc8934236d7de0d,2026-10-02T08:50:40+00:00,nhtsa/recalls/kia/sorento_2015.json.gz,ok,
recalls,kia,kia/forte,FORTE KOUP,2015,https://api.nhtsa.gov/recalls/recallsByVehicle?make=KIA&model=FORTE+KOUP&modelYear=2015,200,1277,40c71573769902e611d545d48bfa7a9bcb5152da545a20e5d84bfcaa5418c8cf,2026-10-02T08:50:42+00:00,nhtsa/recalls/kia/forte-koup_2015.json.gz,ok,
complaints,kia,kia/rio,RIO,2015,https://api.nhtsa.gov/complaints/complaintsByVehicle?make=KIA&model=RIO&modelYear=2015,200,50034,bec3e07a8fbbecab2ca9b9e1216734bc076316fffde15e814a8974bac5c9342c,2026-10-02T08:50:45+00:00,nhtsa/complaints/kia/rio_2015.json.gz,ok,
complaints,kia,kia/optima-k5,OPTIMA HYBRID,2015,https://api.nhtsa.gov/complaints/complaintsByVehicle?make=KIA&model=OPTIMA+HYBRID&modelYear=2015,200,12173,638bce666b2b72561dc34c4763a52eebe343125b07ae450b3c7c1c3ca18bd84e,2026-10-02T08:50:47+00:00,nhtsa/complaints/kia/optima-hybrid_2015.json.gz,ok,
complaints,kia,kia/optima-k5,OPTIMA,2015,https://api.nhtsa.gov/complaints/complaintsByVehicle?make=KIA&model=OPTIMA&modelYear=2015,200,972150,e7b21551de3910b1302bacfd09b86a543f14c30aad7f1f3a0813608f1519e24a,2026-10-02T08:50:51+00:00,nhtsa/complaints/kia/optima_2015.json.gz,ok,
complaints,kia,kia/forte,FORTE,2015,https://api.nhtsa.gov/complaints/complaintsByVehicle?make=KIA&model=FORTE&modelYear=2015,200,246162,470a3eb4112998bc774c299271b81aa9d9899231ac714a56d0a65cecc1085db5,2026-10-02T08:50:53+00:00,nhtsa/complaints/kia/forte_2015.json.gz,ok,
complaints,kia,kia/sportage,SPORTAGE,2015,https://api.nhtsa.gov/complaints/complaintsByVehicle?make=KIA&model=SPORTAGE&modelYear=2015,200,150060,b76d935ec2608e108516f5646e08df2113259d028a0bdd278c2ac65360250368,2026-10-02T08:50:55+00:00,nhtsa/complaints/kia/sportage_2015.json.gz,ok,
complaints,kia,kia/sorento,SORENTO,2015,https://api.nhtsa.gov/complaints/complaintsByVehicle?make=KIA&model=SORENTO&modelYear=2015,200,720164,0ffdd78f4354aae36d2d895aa9dee124d8799e54093c040024d7ec6d55a17d04,2026-10-02T08:50:59+00:00,nhtsa/complaints/kia/sorento_2015.json.gz,ok,
complaints,kia,kia/forte,FORTE KOUP,2015,https://api.nhtsa.gov/complaints/complaintsByVehicle?make=KIA&model=FORTE+KOUP&modelYear=2015,200,246162,470a3eb4112998bc774c299271b81aa9d9899231ac714a56d0a65cecc1085db5,2026-10-02T08:51:02+00:00,nhtsa/complaints/kia/forte-koup_2015.json.gz,ok,
recalls,kia,kia/forte,FORTE,2016,https://api.nhtsa.gov/recalls/recallsByVehicle?make=KIA&model=FORTE&modelYear=2016,200,1216,47ef1c07b47d252c578ccada0a14480843da098d8356a39591186e3f75fed4f6,2026-10-02T08:51:04+00:00,nhtsa/recalls/kia/forte_2016.json.gz,ok,
recalls,kia,kia/rio,RIO,2016,https://api.nhtsa.gov/recalls/recallsByVehicle?make=KIA&model=RIO&modelYear=2016,200,2674,c5bd13aa5b3174a8e7524aaded8faa63975e432abbece8fa31698a5437031422,2026-10-02T08:51:05+00:00,nhtsa/recalls/kia/rio_2016.json.gz,ok,
recalls,kia,kia/sportage,SPORTAGE,2016,https://api.nhtsa.gov/recalls/recallsByVehicle?make=KIA&model=SPORTAGE&modelYear=2016,200,2600,53a2581e366652b7f85b7a4c575fd20773edd416515658b1b3120cf02fb671fa,2026-10-02T08:51:07+00:00,nhtsa/recalls/kia/sportage_2016.json.gz,ok,
recalls,kia,kia/sorento,SORENTO,2016,https://api.nhtsa.gov/recalls/recallsByVehicle?make=KIA&model=SORENTO&modelYear=2016,200,9672,bbd888fc108ad4931b9f60e23e908832ed8a76902b6a29612f9a458b3b57135f,2026-10-02T08:51:09+00:00,nhtsa/recalls/kia/sorento_2016.json.gz,ok,
recalls,kia,kia/optima-k5,OPTIMA HYBRID,2016,https://api.nhtsa.gov/recalls/recallsByVehicle?make=KIA&model=OPTIMA+HYBRID&modelYear=2016,400,66,74147c27e8c00a68fa4708025f0aa95a3dbb3bea68b4d5417efb2bef19d1e786,2026-10-02T08:51:10+00:00,nhtsa/recalls/kia/optima-hybrid_2016.json.gz,ok,empty result (HTTP 400 for zero matches)
recalls,kia,kia/forte,FORTE KOUP,2016,https://api.nhtsa.gov/recalls/recallsByVehicle?make=KIA&model=FORTE+KOUP&modelYear=2016,400,66,74147c27e8c00a68fa4708025f0aa95a3dbb3bea68b4d5417efb2bef19d1e786,2026-10-02T08:51:13+00:00,nhtsa/recalls/kia/forte-koup_2016.json.gz,ok,empty result (HTTP 400 for zero matches)
recalls,kia,kia/optima-k5,OPTIMA,2016,https://api.nhtsa.gov/recalls/recallsByVehicle?make=KIA&model=OPTIMA&modelYear=2016,200,5853,dd93e9c6ed9965b38a7c1c46b1b47fd2281c338b8c0cfdba4ede7adf52a99abe,2026-10-02T08:51:14+00:00,nhtsa/recalls/kia/optima_2016.json.gz,ok,
complaints,kia,kia/forte,FORTE,2016,https://api.nhtsa.gov/complaints/complaintsByVehicle?make=KIA&model=FORTE&modelYear=2016,200,2074,dbcc71c7d5366b93e5afee003cc109f552d1b478a66f2c6c5352d98327231a00,2026-10-02T08:51:17+00:00,nhtsa/complaints/kia/forte_2016.json.gz,ok,
complaints,kia,kia/rio,RIO,2016,https://api.nhtsa.gov/complaints/complaintsByVehicle?make=KIA&model=RIO&modelYear=2016,200,69177,12b37a1bf61cd8da4d7f91987a00e575a828a1e41c2fde08490541f6f56ba760,2026-10-02T08:51:19+00:00,nhtsa/complaints/kia/rio_2016.json.gz,ok,
complaints,kia,kia/sportage,SPORTAGE,2016,https://api.nhtsa.gov/complaints/complaintsByVehicle?make=KIA&model=SPORTAGE&modelYear=2016,200,128438,d312cdb32644237a6196efb7a4fa4b6dc8e3e94b1c001cca1d61de6b8af2fc34,2026-10-02T08:51:22+00:00,nhtsa/complaints/kia/sportage_2016.json.gz,ok,
complaints,kia,kia/sorento,SORENTO,2016,https://api.nhtsa.gov/complaints/complaintsByVehicle?make=KIA&model=SORENTO&modelYear=2016,200,1207894,c30fd3f124bec4f5ee9050ab69ad59afa6fd22bbce1232f6d102c51898c3e4e1,2026-10-02T08:51:24+00:00,nhtsa/complaints/kia/sorento_2016.json.gz,ok,
complaints,kia,kia/optima-k5,OPTIMA HYBRID,2016,https://api.nhtsa.gov/complaints/complaintsByVehicle?make=KIA&model=OPTIMA+HYBRID&modelYear=2016,200,5671,4b1631c1c546cd7066f5cc255ebfb2c8e7d7b6248f3241c93cccf162cfae0569,2026-10-02T08:51:26+00:00,nhtsa/complaints/kia/optima-hybrid_2016.json.gz,ok,
complaints,kia,kia/forte,FORTE KOUP,2016,https://api.nhtsa.gov/complaints/complaintsByVehicle?make=KIA&model=FORTE+KOUP&modelYear=2016,200,128735,c3fe0a622cac43747f9be8e13745b75eb34e8213857d6e9500486b726efb57bf,2026-10-02T08:51:28+00:00,nhtsa/complaints/kia/forte-koup_2016.json.gz,ok,
complaints,kia,kia/optima-k5,OPTIMA,2016,https://api.nhtsa.gov/complaints/complaintsByVehicle?make=KIA&model=OPTIMA&modelYear=2016,200,732984,923d9d414ea6eed8d34440cd75d812fe255d9850ab97ef468b49566c809735ef,2026-10-02T08:51:31+00:00,nhtsa/complaints/kia/optima_2016.json.gz,ok,
recalls,kia,kia/sportage,SPORTAGE,2017,https://api.nhtsa.gov/recalls/recallsByVehicle?make=KIA&model=SPORTAGE&modelYear=2017,200,5472,d28b883685c38465a4811e6940aa222e5e00428bfc4f0b5a7398e73a1a812fc9,2026-10-02T08:51:33+00:00,nhtsa/recalls/kia/sportage_2017.json.gz,ok,
recalls,kia,kia/forte,FORTE,2017,https://api.nhtsa.gov/recalls/recallsByVehicle?make=KIA&model=FORTE&modelYear=2017,200,3371,d76d56d88ba7d903c4bf1905efae1198fef5f1b8fb3b91a6c702df8a7dfdb901,2026-10-02T08:51:35+00:00,nhtsa/recalls/kia/forte_2017.json.gz,ok,
recalls,kia,kia/optima-k5,OPTIMA PLUG-IN HYBRID,2017,https://api.nhtsa.gov/recalls/recallsByVehicle?make=KIA&model=OPTIMA+PLUG-IN+HYBRID&modelYear=2017,400,66,74147c27e8c00a68fa4708025f0aa95a3dbb3bea68b4d5417efb2bef19d1e786,2026-10-02T08:51:37+00:00,nhtsa/recalls/kia/optima-plug-in-hybrid_2017.json.gz,ok,empty result (HTTP 400 for zero matches)
recalls,kia,kia/rio,RIO,2017,https://api.nhtsa.gov/recalls/recallsByVehicle?make=KIA&model=RIO&modelYear=2017,200,2674,59c736a8676aacd62d8493e5eb303284114a3fa8fc75c3aaa646a621bb4f52a4,2026-10-02T08:51:39+00:00,nhtsa/recalls/kia/rio_2017.json.gz,ok,
recalls,kia,kia/sorento,SORENTO,2017,https://api.nhtsa.gov/recalls/recallsByVehicle?make=KIA&model=SORENTO&modelYear=2017,200,5205,bf2483321d3ae7c3eb6e4d20784934b964da9619c48786ee74d9e5a6dd79ecd7,2026-10-02T08:51:41+00:00,nhtsa/recalls/kia/sorento_2017.json.gz,ok,
recalls,kia,kia/optima-k5,OPTIMA HYBRID,2017,https://api.nhtsa.gov/recalls/recallsByVehicle?make=KIA&model=OPTIMA+HYBRID&modelYear=2017,200,2434,22c364cdfb973fa94f9f7a57028f3bd0b87007d86db72766c8981e7d011b705b,2026-10-02T08:51:44+00:00,nhtsa/recalls/kia/optima-hybrid_2017.json.gz,ok,
recalls,kia,kia/forte,FORTE5,2017,https://api.nhtsa.gov/recalls/recallsByVehicle?make=KIA&model=FORTE5&modelYear=2017,400,66,74147c27e8c00a68fa4708025f0aa95a3dbb3bea68b4d5417efb2bef19d1e786,2026-10-02T08:51:45+00:00,nhtsa/recalls/kia/forte5_2017.json.gz,ok,empty result (HTTP 400 for zero matches)
recalls,kia,kia/optima-k5,OPTIMA,2017,https://api.nhtsa.gov/recalls/recallsByVehicle?make=KIA&model=OPTIMA&modelYear=2017,200,3757,0303405c4117e81bf1d83a397a70995df3ab382f4e5ceb4e659bfa13db311151,2026-10-02T08:51:47+00:00,nhtsa/recalls/kia/optima_2017.json.gz,ok,
complaints,kia,kia/sportage,SPORTAGE,2017,https://api.nhtsa.gov/complaints/complaintsByVehicle?make=KIA&model=SPORTAGE&modelYear=2017,200,401301,fa96887a748c562af59fd74bacf629c62d8dc8ce0098b579783cf99544393436,2026-10-02T08:51:50+00:00,nhtsa/complaints/kia/sportage_2017.json.gz,ok,
complaints,kia,kia/forte,FORTE,2017,https://api.nhtsa.gov/complaints/complaintsByVehicle?make=KIA&model=FORTE&modelYear=2017,200,289068,a5d5c2221661938ee89d3915e3a27e995abb1e39d46eee1e753aa9b30f7f29ac,2026-10-02T08:51:52+00:00,nhtsa/complaints/kia/forte_2017.json.gz,ok,
complaints,kia,kia/optima-k5,OPTIMA PLUG-IN HYBRID,2017,https://api.nhtsa.gov/complaints/complaintsByVehicle?make=KIA&model=OPTIMA+PLUG-IN+HYBRID&modelYear=2017,200,27326,144c17a1e56a033f4b98fc845efe090087a40bf8f346e5e4847f015fbceeb56a,2026-10-02T08:51:54+00:00,nhtsa/complaints/kia/optima-plug-in-hybrid_2017.json.gz,ok,
complaints,kia,kia/rio,RIO,2017,https://api.nhtsa.gov/complaints/complaintsByVehicle?make=KIA&model=RIO&modelYear=2017,200,25103,7671bc657b2f7ee0d02cb2c417b434bfbf4fd78eed6b84af087937feb611fc19,2026-10-02T08:51:56+00:00,nhtsa/complaints/kia/rio_2017.json.gz,ok,
complaints,kia,kia/sorento,SORENTO,2017,https://api.nhtsa.gov/complaints/complaintsByVehicle?make=KIA&model=SORENTO&modelYear=2017,200,828144,559cf647400820740b71ec3a6096ab53cd12c82642890ee3fd0e9d917d9076f6,2026-10-02T08:51:57+00:00,nhtsa/complaints/kia/sorento_2017.json.gz,ok,
complaints,kia,kia/optima-k5,OPTIMA HYBRID,2017,https://api.nhtsa.gov/complaints/complaintsByVehicle?make=KIA&model=OPTIMA+HYBRID&modelYear=2017,200,27591,53bafd2d6ccfb0b23ef09d41a91415468ba8a0e8d2eb7e1cd4abc3747ce085ea,2026-10-02T08:51:59+00:00,nhtsa/complaints/kia/optima-hybrid_2017.json.gz,ok,
complaints,kia,kia/forte,FORTE5,2017,https://api.nhtsa.gov/complaints/complaintsByVehicle?make=KIA&model=FORTE5&modelYear=2017,200,1411,18ed236dbd1365f70b8ab18caa2a204e17477b44a9f33379e5cba9ff7c2a5040,2026-10-02T08:52:02+00:00,nhtsa/complaints/kia/forte5_2017.json.gz,ok,
complaints,kia,kia/optima-k5,OPTIMA,2017,https://api.nhtsa.gov/complaints/complaintsByVehicle?make=KIA&model=OPTIMA&modelYear=2017,200,263404,93c8528a7df04684c631acb27dd9abe42296b04c1e3590ef87a8487ab973384c,2026-10-02T08:52:04+00:00,nhtsa/complaints/kia/optima_2017.json.gz,ok,
recalls,kia,kia/sportage,SPORTAGE,2018,https://api.nhtsa.gov/recalls/recallsByVehicle?make=KIA&model=SPORTAGE&modelYear=2018,200,4054,ae579230d8ea0b7a817c134739f4d08b352b43b4ac1cb1c00e337c5b717efe05,2026-10-02T08:52:06+00:00,nhtsa/recalls/kia/sportage_2018.json.gz,ok,
recalls,kia,kia/sorento,SORENTO,2018,https://api.nhtsa.gov/recalls/recallsByVehicle?make=KIA&model=SORENTO&modelYear=2018,200,3526,45f2e8cb5a974d5bd237fdb2c63fb22f2e56fb5ab13319fa17aed781b4b93a6d,2026-10-02T08:52:08+00:00,nhtsa/recalls/kia/sorento_2018.json.gz,ok,
recalls,kia,kia/optima-k5,OPTIMA,2018,https://api.nhtsa.gov/recalls/recallsByVehicle?make=KIA&model=OPTIMA&modelYear=2018,200,2425,250381a17c93f084d31e710a17afbc4e9c150c1a31f06e7b241feeb699a6fd86,2026-10-02T08:52:09+00:00,nhtsa/recalls/kia/optima_2018.json.gz,ok,
recalls,kia,kia/forte,FORTE,2018,https://api.nhtsa.gov/recalls/recallsByVehicle?make=KIA&model=FORTE&modelYear=2018,200,3371,b2007abf1231feb380bd4d64c809a21255728add3b3c670da9f2d5933dbee5e4,2026-10-02T08:52:11+00:00,nhtsa/recalls/kia/forte_2018.json.gz,ok,
recalls,kia,kia/optima-k5,OPTIMA PLUG-IN HYBRID,2018,https://api.nhtsa.gov/recalls/recallsByVehicle?make=KIA&model=OPTIMA+PLUG-IN+HYBRID&modelYear=2018,400,66,74147c27e8c00a68fa4708025f0aa95a3dbb3bea68b4d5417efb2bef19d1e786,2026-10-02T08:52:13+00:00,nhtsa/recalls/kia/optima-plug-in-hybrid_2018.json.gz,ok,empty result (HTTP 400 for zero matches)
recalls,kia,kia/rio,RIO,2018,https://api.nhtsa.gov/recalls/recallsByVehicle?make=KIA&model=RIO&modelYear=2018,200,1214,9fd5844420294ca74a17cba82a2e5a20c8504b78c696342830b175bc9bd69257,2026-10-02T08:52:15+00:00,nhtsa/recalls/kia/rio_2018.json.gz,ok,
recalls,kia,kia/forte,FORTE5,2018,https://api.nhtsa.gov/recalls/recallsByVehicle?make=KIA&model=FORTE5&modelYear=2018,400,66,74147c27e8c00a68fa4708025f0aa95a3dbb3bea68b4d5417efb2bef19d1e786,2026-10-02T08:52:17+00:00,nhtsa/recalls/kia/forte5_2018.json.gz,ok,empty result (HTTP 400 for zero matches)
recalls,kia,kia/optima-k5,OPTIMA HYBRID,2018,https://api.nhtsa.gov/recalls/recallsByVehicle?make=KIA&model=OPTIMA+HYBRID&modelYear=2018,200,2434,6f486feaec0f666bbc0cf13bba7a6abf0b50d814dbdc073ba64ae2a306ac64ba,2026-10-02T08:52:18+00:00,nhtsa/recalls/kia/optima-hybrid_2018.json.gz,ok,
complaints,kia,kia/sportage,SPORTAGE,2018,https://api.nhtsa.gov/complaints/complaintsByVehicle?make=KIA&model=SPORTAGE&modelYear=2018,200,170655,37f1bc13931c21808b2983ee53d15319e496034c4da4101d5e93c471225d8658,2026-10-02T08:52:21+00:00,nhtsa/complaints/kia/sportage_2018.json.gz,ok,
complaints,kia,kia/sorento,SORENTO,2018,https://api.nhtsa.gov/complaints/complaintsByVehicle?make=KIA&model=SORENTO&modelYear=2018,200,252210,42295133d06113db1c866f39c94a840b6a505de9595be1d8277802290f260943,2026-10-02T08:52:23+00:00,nhtsa/complaints/kia/sorento_2018.json.gz,ok,
complaints,kia,kia/optima-k5,OPTIMA,2018,https://api.nhtsa.gov/complaints/complaintsByVehicle?make=KIA&model=OPTIMA&modelYear=2018,200,230544,cb2beedb94598ef7c036c29de80ca013790dfd87fda16c8841d7d34fd4f2b7fd,2026-10-02T08:52:26+00:00,nhtsa/complaints/kia/optima_2018.json.gz,ok,
complaints,kia,kia/forte,FORTE,2018,https://api.nhtsa.gov/complaints/complaintsByVehicle?make=KIA&model=FORTE&modelYear=2018,200,133004,891ec38a5fa5467b017e9ae24a84ad5162bd38373005ab8d4e0f1b64cb458957,2026-10-02T08:52:28+00:00,nhtsa/complaints/kia/forte_2018.json.gz,ok,
complaints,kia,kia/optima-k5,OPTIMA PLUG-IN HYBRID,2018,https://api.nhtsa.gov/complaints/complaintsByVehicle?make=KIA&model=OPTIMA+PLUG-IN+HYBRID&modelYear=2018,200,242293,462742d6d42c128cb399654bf9511bf6fb97c1a68b65baa405c7de9f915a7d05,2026-10-02T08:52:30+00:00,nhtsa/complaints/kia/optima-plug-in-hybrid_2018.json.gz,ok,
complaints,kia,kia/rio,RIO,2018,https://api.nhtsa.gov/complaints/complaintsByVehicle?make=KIA&model=RIO&modelYear=2018,200,28640,1c75eb52f48a474c7d92b11e5fe6305f84a237ec0a5d9b90dd63f84edcc515d7,2026-10-02T08:52:32+00:00,nhtsa/complaints/kia/rio_2018.json.gz,ok,
complaints,kia,kia/forte,FORTE5,2018,https://api.nhtsa.gov/complaints/complaintsByVehicle?make=KIA&model=FORTE5&modelYear=2018,200,1943,127b9e2c7759ccf280efea5da2d52ce79d1335d498dad27e3c6a31a219c510b2,2026-10-02T08:52:34+00:00,nhtsa/complaints/kia/forte5_2018.json.gz,ok,
complaints,kia,kia/optima-k5,OPTIMA HYBRID,2018,https://api.nhtsa.gov/complaints/complaintsByVehicle?make=KIA&model=OPTIMA+HYBRID&modelYear=2018,200,3700,b1561aceec5c29d18a2975cb811ae3a267f2e0f5d04e6885a942e0e5d93bdc47,2026-10-02T08:52:36+00:00,nhtsa/complaints/kia/optima-hybrid_2018.json.gz,ok,
recalls,kia,kia/optima-k5,OPTIMA HYBRID,2019,https://api.nhtsa.gov/recalls/recallsByVehicle?make=KIA&model=OPTIMA+HYBRID&modelYear=2019,400,66,74147c27e8c00a68fa4708025f0aa95a3dbb3bea68b4d5417efb2bef19d1e786,2026-10-02T08:52:38+00:00,nhtsa/recalls/kia/optima-hybrid_2019.json.gz,ok,empty result (HTTP 400 for zero matches)
recalls,kia,kia/optima-k5,OPTIMA,2019,https://api.nhtsa.gov/recalls/recallsByVehicle?make=KIA&model=OPTIMA&modelYear=2019,200,1182,346746e464bf707e8b09ae21e3d9afa516c645061612ff4caa209e9f42ee45b4,2026-10-02T08:52:40+00:00,nhtsa/recalls/kia/optima_2019.json.gz,ok,
recalls,kia,kia/optima-k5,OPTIMA PLUG-IN HYBRID,2019,https://api.nhtsa.gov/recalls/recallsByVehicle?make=KIA&model=OPTIMA+PLUG-IN+HYBRID&modelYear=2019,400,66,74147c27e8c00a68fa4708025f0aa95a3dbb3bea68b4d5417efb2bef19d1e786,2026-10-02T08:52:42+00:00,nhtsa/recalls/kia/optima-plug-in-hybrid_2019.json.gz,ok,empty result (HTTP 400 for zero matches)
recalls,kia,kia/sportage,SPORTAGE,2019,https://api.nhtsa.gov/recalls/recallsByVehicle?make=KIA&model=SPORTAGE&modelYear=2019,200,2720,862f117a168127464cbd5654ee18c704ac1d6a2caee70dcd9f2c55799ebc58a2,2026-10-02T08:52:44+00:00,nhtsa/recalls/kia/sportage_2019.json.gz,ok,
recalls,kia,kia/sorento,SORENTO,2019,https://api.nhtsa.gov/recalls/recallsByVehicle?make=KIA&model=SORENTO&modelYear=2019,200,2656,81c94212d9ad5ba68c0406e65fe0e58dff55a076c7af73056af04b9d731d06bd,2026-10-02T08:52:46+00:00,nhtsa/recalls/kia/sorento_2019.json.gz,ok,
recalls,kia,kia/forte,FORTE,2019,https://api.nhtsa.gov/recalls/recallsByVehicle?make=KIA&model=FORTE&modelYear=2019,200,2323,70732f5309a15a68faf63a842d2ebe51a7fc322926cde6d3e9817fdd0af68bb0,2026-10-02T08:52:47+00:00,nhtsa/recalls/kia/forte_2019.json.gz,ok,
recalls,kia,kia/rio,RIO,2019,https://api.nhtsa.gov/recalls/recallsByVehicle?make=KIA&model=RIO&modelYear=2019,200,1214,e048d9343479c3dd4f5051d07fc7132a6ad12660c67f3bd0da4a9b93d228d9ab,2026-10-02T08:52:49+00:00,nhtsa/recalls/kia/rio_2019.json.gz,ok,
recalls,kia,kia/optima-k5,OPTIMA PHEV,2019,https://api.nhtsa.gov/recalls/recallsByVehicle?make=KIA&model=OPTIMA+PHEV&modelYear=2019,400,66,74147c27e8c00a68fa4708025f0aa95a3dbb3bea68b4d5417efb2bef19d1e786,2026-10-02T08:52:51+00:00,nhtsa/recalls/kia/optima-phev_2019.json.gz,ok,empty result (HTTP 400 for zero matches)
complaints,kia,kia/optima-k5,OPTIMA HYBRID,2019,https://api.nhtsa.gov/complaints/complaintsByVehicle?make=KIA&model=OPTIMA+HYBRID&modelYear=2019,200,201381,d90e85b8fff56ec02ced41770661928356fc0b03e1e70e29007836df509166ea,2026-10-02T08:52:54+00:00,nhtsa/complaints/kia/optima-hybrid_2019.json.gz,ok,
complaints,kia,kia/optima-k5,OPTIMA,2019,https://api.nhtsa.gov/complaints/complaintsByVehicle?make=KIA&model=OPTIMA&modelYear=2019,200,201381,d90e85b8fff56ec02ced41770661928356fc0b03e1e70e29007836df509166ea,2026-10-02T08:52:57+00:00,nhtsa/complaints/kia/optima_2019.json.gz,ok,
complaints,kia,kia/optima-k5,OPTIMA PLUG-IN HYBRID,2019,https://api.nhtsa.gov/complaints/complaintsByVehicle?make=KIA&model=OPTIMA+PLUG-IN+HYBRID&modelYear=2019,200,201381,d90e85b8fff56ec02ced41770661928356fc0b03e1e70e29007836df509166ea,2026-10-02T08:52:59+00:00,nhtsa/complaints/kia/optima-plug-in-hybrid_2019.json.gz,ok,
complaints,kia,kia/sportage,SPORTAGE,2019,https://api.nhtsa.gov/complaints/complaintsByVehicle?make=KIA&model=SPORTAGE&modelYear=2019,200,70955,09885dc45300be68be8bcbd08c12d9b88f887f2208c3369eabfeb217419a8a55,2026-10-02T08:53:01+00:00,nhtsa/complaints/kia/sportage_2019.json.gz,ok,
complaints,kia,kia/sorento,SORENTO,2019,https://api.nhtsa.gov/complaints/complaintsByVehicle?make=KIA&model=SORENTO&modelYear=2019,200,431020,af0987ca389f5bad1f4b5f0427762a45e2e1300975404fe13b968a3bb3fec74e,2026-10-02T08:53:03+00:00,nhtsa/complaints/kia/sorento_2019.json.gz,ok,
complaints,kia,kia/forte,FORTE,2019,https://api.nhtsa.gov/complaints/complaintsByVehicle?make=KIA&model=FORTE&modelYear=2019,200,148158,6d68cb29c55bdd2eb94f90981d31f4fff1be93541efc8aa44a9595ffa652cb63,2026-10-02T08:53:06+00:00,nhtsa/complaints/kia/forte_2019.json.gz,ok,
complaints,kia,kia/rio,RIO,2019,https://api.nhtsa.gov/complaints/complaintsByVehicle?make=KIA&model=RIO&modelYear=2019,200,18690,5fab8de3675d9c0d6e9d30c7e63c656168083c9de8b263b68b8b62f9dfce68f5,2026-10-02T08:53:07+00:00,nhtsa/complaints/kia/rio_2019.json.gz,ok,
complaints,kia,kia/optima-k5,OPTIMA PHEV,2019,https://api.nhtsa.gov/complaints/complaintsByVehicle?make=KIA&model=OPTIMA+PHEV&modelYear=2019,200,936,b3b05b331017320f9191a13675e79d9846ffd236e8158e36ada69dfd81e1302b,2026-10-02T08:53:10+00:00,nhtsa/complaints/kia/optima-phev_2019.json.gz,ok,
recalls,kia,kia/sportage,SPORTAGE,2020,https://api.nhtsa.gov/recalls/recallsByVehicle?make=KIA&model=SPORTAGE&modelYear=2020,200,2720,2c89e9ac1f7605adb856d9d2ffc79cc339d476d2ac2eebfc968f710dbb0e3f53,2026-10-02T08:53:12+00:00,nhtsa/recalls/kia/sportage_2020.json.gz,ok,
recalls,kia,kia/optima-k5,OPTIMA HYBRID,2020,https://api.nhtsa.gov/recalls/recallsByVehicle?make=KIA&model=OPTIMA+HYBRID&modelYear=2020,400,66,74147c27e8c00a68fa4708025f0aa95a3dbb3bea68b4d5417efb2bef19d1e786,2026-10-02T08:53:14+00:00,nhtsa/recalls/kia/optima-hybrid_2020.json.gz,ok,empty result (HTTP 400 for zero matches)
recalls,kia,kia/sorento,SORENTO,2020,https://api.nhtsa.gov/recalls/recallsByVehicle?make=KIA&model=SORENTO&modelYear=2020,200,1402,77a59df2b399aa19ebd588a24b6800ff51d292955d726ce9fc0015936c2e7faf,2026-10-02T08:53:16+00:00,nhtsa/recalls/kia/sorento_2020.json.gz,ok,
recalls,kia,kia/rio,RIO,2020,https://api.nhtsa.gov/recalls/recallsByVehicle?make=KIA&model=RIO&modelYear=2020,200,1153,ade20b476d920ee83ec4a4f1ebfb549d640ca00ce368e1324146bcb82c131018,2026-10-02T08:53:18+00:00,nhtsa/recalls/kia/rio_2020.json.gz,ok,
recalls,kia,kia/optima-k5,OPTIMA,2020,https://api.nhtsa.gov/recalls/recallsByVehicle?make=KIA&model=OPTIMA&modelYear=2020,400,66,74147c27e8c00a68fa4708025f0aa95a3dbb3bea68b4d5417efb2bef19d1e786,2026-10-02T08:53:20+00:00,nhtsa/recalls/kia/optima_2020.json.gz,ok,empty result (HTTP 400 for zero matches)
recalls,kia,kia/optima-k5,OPTIMA PLUG-IN HYBRID,2020,https://api.nhtsa.gov/recalls/recallsByVehicle?make=KIA&model=OPTIMA+PLUG-IN+HYBRID&modelYear=2020,400,66,74147c27e8c00a68fa4708025f0aa95a3dbb3bea68b4d5417efb2bef19d1e786,2026-10-02T08:53:22+00:00,nhtsa/recalls/kia/optima-plug-in-hybrid_2020.json.gz,ok,empty result (HTTP 400 for zero matches)
recalls,kia,kia/forte,FORTE,2020,https://api.nhtsa.gov/recalls/recallsByVehicle?make=KIA&model=FORTE&modelYear=2020,400,66,74147c27e8c00a68fa4708025f0aa95a3dbb3bea68b4d5417efb2bef19d1e786,2026-10-02T08:53:24+00:00,nhtsa/recalls/kia/forte_2020.json.gz,ok,empty result (HTTP 400 for zero matches)
complaints,kia,kia/sportage,SPORTAGE,2020,https://api.nhtsa.gov/complaints/complaintsByVehicle?make=KIA&model=SPORTAGE&modelYear=2020,200,178532,14eb97a7468f2b28110ed6ca3ac36f7ca09b6e879041d502dad2e917a04ede5b,2026-10-02T08:53:26+00:00,nhtsa/complaints/kia/sportage_2020.json.gz,ok,
complaints,kia,kia/optima-k5,OPTIMA HYBRID,2020,https://api.nhtsa.gov/complaints/complaintsByVehicle?make=KIA&model=OPTIMA+HYBRID&modelYear=2020,200,1117,b8b20c5d788fe9124501e41a8b81048e89d5d945c62014af165293bb7038aea0,2026-10-02T08:53:29+00:00,nhtsa/complaints/kia/optima-hybrid_2020.json.gz,ok,
complaints,kia,kia/sorento,SORENTO,2020,https://api.nhtsa.gov/complaints/complaintsByVehicle?make=KIA&model=SORENTO&modelYear=2020,200,134885,e06f458363420971f1c439e3c749760df75b28c3be06b92f47013f57646144a7,2026-10-02T08:53:30+00:00,nhtsa/complaints/kia/sorento_2020.json.gz,ok,
complaints,kia,kia/rio,RIO,2020,https://api.nhtsa.gov/complaints/complaintsByVehicle?make=KIA&model=RIO&modelYear=2020,200,25292,8114500d21a60248a149f591ed998dd9f8e8bb557df9061354140706c12e8727,2026-10-02T08:53:32+00:00,nhtsa/complaints/kia/rio_2020.json.gz,ok,
complaints,kia,kia/optima-k5,OPTIMA,2020,https://api.nhtsa.gov/complaints/complaintsByVehicle?make=KIA&model=OPTIMA&modelYear=2020,200,135442,cfbe2918f99bcf1d9639ca76c054fd57ec8296fa50a2c7a1bdef03fd660b77ab,2026-10-02T08:53:34+00:00,nhtsa/complaints/kia/optima_2020.json.gz,ok,
complaints,kia,kia/optima-k5,OPTIMA PLUG-IN HYBRID,2020,https://api.nhtsa.gov/complaints/complaintsByVehicle?make=KIA&model=OPTIMA+PLUG-IN+HYBRID&modelYear=2020,200,889,efee246b5662180c119ec18eb08f1ab1b016588ebcc1c70ef06368a28ef91415,2026-10-02T08:53:36+00:00,nhtsa/complaints/kia/optima-plug-in-hybrid_2020.json.gz,ok,
complaints,kia,kia/forte,FORTE,2020,https://api.nhtsa.gov/complaints/complaintsByVehicle?make=KIA&model=FORTE&modelYear=2020,200,81182,d3d460e2f19c568b91ad103d7c058753ed558500d5c107bad70ddbd956524127,2026-10-02T08:53:39+00:00,nhtsa/complaints/kia/forte_2020.json.gz,ok,
recalls,kia,kia/optima-k5,K5,2021,https://api.nhtsa.gov/recalls/recallsByVehicle?make=KIA&model=K5&modelYear=2021,200,6594,949e0dde19936ebc61fbbf72d004d9d8ec89ab16107987850cd53697daee915e,2026-10-02T08:53:40+00:00,nhtsa/recalls/kia/k5_2021.json.gz,ok,
recalls,kia,kia/sorento,SORENTO,2021,https://api.nhtsa.gov/recalls/recallsByVehicle?make=KIA&model=SORENTO&modelYear=2021,200,4468,4a256567d00bdf05f8b39ae8ec0535a18e815bb2e91a9ec10735eb78b27f9898,2026-10-02T08:53:42+00:00,nhtsa/recalls/kia/sorento_2021.json.gz,ok,
recalls,kia,kia/sportage,SPORTAGE,2021,https://api.nhtsa.gov/recalls/recallsByVehicle?make=KIA&model=SPORTAGE&modelYear=2021,200,2720,1d1b30876a3b238837a3db2d19520ac6ea43290c60e639d7a5395614f5c85d06,2026-10-02T08:53:44+00:00,nhtsa/recalls/kia/sportage_2021.json.gz,ok,
recalls,kia,kia/forte,FORTE,2021,https://api.nhtsa.gov/recalls/recallsByVehicle?make=KIA&model=FORTE&modelYear=2021,200,2300,5b5ed3fd2590b0c7e89a773f7f644e77527c1bdfdb2d704ae7a18024ca319c64,2026-10-02T08:53:46+00:00,nhtsa/recalls/kia/forte_2021.json.gz,ok,
recalls,kia,kia/sorento,SORENTO HYBRID,2021,https://api.nhtsa.gov/recalls/recallsByVehicle?make=KIA&model=SORENTO+HYBRID&modelYear=2021,200,2639,eef0b0841b43232d9ad04610ec17debb8c1fd46e397545874c75c55829fa8eec,2026-10-02T08:53:48+00:00,nhtsa/recalls/kia/sorento-hybrid_2021.json.gz,ok,
recalls,kia,kia/rio,RIO,2021,https://api.nhtsa.gov/recalls/recallsByVehicle?make=KIA&model=RIO&modelYear=2021,200,2154,fe0bad1d57087d6eef4092b7e19b68697621904dda3ab83eb801077eeb6ae0e4,2026-10-02T08:53:50+00:00,nhtsa/recalls/kia/rio_2021.json.gz,ok,
recalls,kia,kia/rio,RIO 5,2021,https://api.nhtsa.gov/recalls/recallsByVehicle?make=KIA&model=RIO+5&modelYear=2021,400,66,74147c27e8c00a68fa4708025f0aa95a3dbb3bea68b4d5417efb2bef19d1e786,2026-10-02T08:53:52+00:00,nhtsa/recalls/kia/rio-5_2021.json.gz,ok,empty result (HTTP 400 for zero matches)
complaints,kia,kia/optima-k5,K5,2021,https://api.nhtsa.gov/complaints/complaintsByVehicle?make=KIA&model=K5&modelYear=2021,200,167686,c1470e3d7f186360a1b1aa3d6696dc14ffd38f26e0ca711a57de4e827a5eb340,2026-10-02T08:53:54+00:00,nhtsa/complaints/kia/k5_2021.json.gz,ok,
complaints,kia,kia/sorento,SORENTO,2021,https://api.nhtsa.gov/complaints/complaintsByVehicle?make=KIA&model=SORENTO&modelYear=2021,200,21741,6ca2f3c493c586d165d6fc389834927edb95c0098c929540f778304b5585be40,2026-10-02T08:53:55+00:00,nhtsa/complaints/kia/sorento_2021.json.gz,ok,
complaints,kia,kia/sportage,SPORTAGE,2021,https://api.nhtsa.gov/complaints/complaintsByVehicle?make=KIA&model=SPORTAGE&modelYear=2021,200,51966,875e2adbe0c9e72045551487ba679dc24d4defb249e9a4bacc0eb4ac8b5818d3,2026-10-02T08:53:57+00:00,nhtsa/complaints/kia/sportage_2021.json.gz,ok,
complaints,kia,kia/forte,FORTE,2021,https://api.nhtsa.gov/complaints/complaintsByVehicle?make=KIA&model=FORTE&modelYear=2021,200,69158,43780fd7240de33ac0336c4398ead271743e31d2696b1566455fd17baf8f2768,2026-10-02T08:53:59+00:00,nhtsa/complaints/kia/forte_2021.json.gz,ok,
complaints,kia,kia/sorento,SORENTO HYBRID,2021,https://api.nhtsa.gov/complaints/complaintsByVehicle?make=KIA&model=SORENTO+HYBRID&modelYear=2021,200,18701,028c97f82467357c04aee1947810ef2923331ef6cb7289e5a186100b76fd2451,2026-10-02T08:54:00+00:00,nhtsa/complaints/kia/sorento-hybrid_2021.json.gz,ok,
complaints,kia,kia/rio,RIO,2021,https://api.nhtsa.gov/complaints/complaintsByVehicle?make=KIA&model=RIO&modelYear=2021,200,12626,6731c501afbf9f0dc6870d5dc384138ba7a2fe27d7395f4addea93cc6e70e485,2026-10-02T08:54:03+00:00,nhtsa/complaints/kia/rio_2021.json.gz,ok,
complaints,kia,kia/rio,RIO 5,2021,https://api.nhtsa.gov/complaints/complaintsByVehicle?make=KIA&model=RIO+5&modelYear=2021,200,12626,6731c501afbf9f0dc6870d5dc384138ba7a2fe27d7395f4addea93cc6e70e485,2026-10-02T08:54:05+00:00,nhtsa/complaints/kia/rio-5_2021.json.gz,ok,
recalls,kia,kia/rio,RIO,2022,https://api.nhtsa.gov/recalls/recallsByVehicle?make=KIA&model=RIO&modelYear=2022,200,1066,8902c2fdfde81511b84792f29b35bbd292a22470ac39d71494cbc9b371397764,2026-10-02T08:54:07+00:00,nhtsa/recalls/kia/rio_2022.json.gz,ok,
recalls,kia,kia/sportage,SPORTAGE,2022,https://api.nhtsa.gov/recalls/recallsByVehicle?make=KIA&model=SPORTAGE&modelYear=2022,200,1403,7cdf3e42a45bafbc4237a4df8deba310221f12c3dd4537f9aa247c5fa554f0dd,2026-10-02T08:54:09+00:00,nhtsa/recalls/kia/sportage_2022.json.gz,ok,
recalls,kia,kia/sorento,SORENTO,2022,https://api.nhtsa.gov/recalls/recallsByVehicle?make=KIA&model=SORENTO&modelYear=2022,200,6948,f6f65a2b1c7437c78538c0221cc9607e169eb5b7c4e4534867940bfaed1f1695,2026-10-02T08:54:11+00:00,nhtsa/recalls/kia/sorento_2022.json.gz,ok,
recalls,kia,kia/sorento,SORENTO HYBRID,2022,https://api.nhtsa.gov/recalls/recallsByVehicle?make=KIA&model=SORENTO+HYBRID&modelYear=2022,200,5095,50a6712d10903a1364d9d91524a28a85002030fd82673f435517bbf35c82fb83,2026-10-02T08:54:13+00:00,nhtsa/recalls/kia/sorento-hybrid_2022.json.gz,ok,
recalls,kia,kia/sorento,SORENTO PLUG-IN HYBRID,2022,https://api.nhtsa.gov/recalls/recallsByVehicle?make=KIA&model=SORENTO+PLUG-IN+HYBRID&modelYear=2022,400,66,74147c27e8c00a68fa4708025f0aa95a3dbb3bea68b4d5417efb2bef19d1e786,2026-10-02T08:54:14+00:00,nhtsa/recalls/kia/sorento-plug-in-hybrid_2022.json.gz,ok,empty result (HTTP 400 for zero matches)
recalls,kia,kia/forte,FORTE,2022,https://api.nhtsa.gov/recalls/recallsByVehicle?make=KIA&model=FORTE&modelYear=2022,200,1068,c81a5f4c1360d3b7e4c3fc4400a868de20a34f49561fe80711b3e1a7c3e1a6ab,2026-10-02T08:54:16+00:00,nhtsa/recalls/kia/forte_2022.json.gz,ok,
recalls,kia,kia/optima-k5,K5,2022,https://api.nhtsa.gov/recalls/recallsByVehicle?make=KIA&model=K5&modelYear=2022,200,5365,5817149dee02a8f9c3a4b954bdd2819f4dd30932bbb503bd7c8ce964cf5166aa,2026-10-02T08:54:18+00:00,nhtsa/recalls/kia/k5_2022.json.gz,ok,
complaints,kia,kia/rio,RIO,2022,https://api.nhtsa.gov/complaints/complaintsByVehicle?make=KIA&model=RIO&modelYear=2022,200,10791,9181556995115d01387d8314b3c4395846fc0eabce5cade37c1c4f45d7d4ce79,2026-10-02T08:54:20+00:00,nhtsa/complaints/kia/rio_2022.json.gz,ok,
complaints,kia,kia/sportage,SPORTAGE,2022,https://api.nhtsa.gov/complaints/complaintsByVehicle?make=KIA&model=SPORTAGE&modelYear=2022,200,49543,235f8daa60b918dc6dbd0fd1b87b44bd52e7fa0db5d0d3c822a56a4dfa1074de,2026-10-02T08:54:23+00:00,nhtsa/complaints/kia/sportage_2022.json.gz,ok,
complaints,kia,kia/sorento,SORENTO,2022,https://api.nhtsa.gov/complaints/complaintsByVehicle?make=KIA&model=SORENTO&modelYear=2022,200,211413,1c6ac1377cacdff2fc8bc6a09a6b31d0fedfa7ff2b291accd2cf9dc7439998b9,2026-10-02T08:54:26+00:00,nhtsa/complaints/kia/sorento_2022.json.gz,ok,
complaints,kia,kia/sorento,SORENTO HYBRID,2022,https://api.nhtsa.gov/complaints/complaintsByVehicle?make=KIA&model=SORENTO+HYBRID&modelYear=2022,200,15152,704a482a275efdca5734420d1f25ad903aa46cc01f84b0fab4e3285055c7ba8e,2026-10-02T08:54:28+00:00,nhtsa/complaints/kia/sorento-hybrid_2022.json.gz,ok,
complaints,kia,kia/sorento,SORENTO PLUG-IN HYBRID,2022,https://api.nhtsa.gov/complaints/complaintsByVehicle?make=KIA&model=SORENTO+PLUG-IN+HYBRID&modelYear=2022,200,24731,917712208dab8a01cc19eb7abfa6f6439ebdab9ef80c0ef8e9f6693c12b6fa28,2026-10-02T08:54:30+00:00,nhtsa/complaints/kia/sorento-plug-in-hybrid_2022.json.gz,ok,
complaints,kia,kia/forte,FORTE,2022,https://api.nhtsa.gov/complaints/complaintsByVehicle?make=KIA&model=FORTE&modelYear=2022,200,31774,6e1f597d62ee9a8287e5ee9ff9de97a7763f41977f03d241194f183e32366663,2026-10-02T08:54:33+00:00,nhtsa/complaints/kia/forte_2022.json.gz,ok,
complaints,kia,kia/optima-k5,K5,2022,https://api.nhtsa.gov/complaints/complaintsByVehicle?make=KIA&model=K5&modelYear=2022,200,147764,dbb0dbc0a611f89bf1e1ab1f3150e5c944bb6f98ec64147144d38850a6da990b,2026-10-02T08:54:36+00:00,nhtsa/complaints/kia/k5_2022.json.gz,ok,
recalls,kia,kia/sportage,SPORTAGE,2023,https://api.nhtsa.gov/recalls/recallsByVehicle?make=KIA&model=SPORTAGE&modelYear=2023,200,6629,05464f7f542c073b23fd2f6f0c21d01b917f5351524aaf63412f56ff6f994926,2026-10-02T08:54:37+00:00,nhtsa/recalls/kia/sportage_2023.json.gz,ok,
recalls,kia,kia/forte,FORTE,2023,https://api.nhtsa.gov/recalls/recallsByVehicle?make=KIA&model=FORTE&modelYear=2023,200,3223,04b3d9b99e6d85ee273d472d879a94c30730e141b5bdbbf78222425ab1957181,2026-10-02T08:54:39+00:00,nhtsa/recalls/kia/forte_2023.json.gz,ok,
recalls,kia,kia/optima-k5,K5,2023,https://api.nhtsa.gov/recalls/recallsByVehicle?make=KIA&model=K5&modelYear=2023,200,3956,5e5bd16129014113081057ba11e404684f1dcd0591a3803872919ac28a9df00e,2026-10-02T08:54:41+00:00,nhtsa/recalls/kia/k5_2023.json.gz,ok,
recalls,kia,kia/sorento,SORENTO,2023,https://api.nhtsa.gov/recalls/recallsByVehicle?make=KIA&model=SORENTO&modelYear=2023,200,3414,52eb05566d6c43d87537ed83e0ba8fcde0f3e13bb821cbb0e281318bc9466333,2026-10-02T08:54:43+00:00,nhtsa/recalls/kia/sorento_2023.json.gz,ok,
recalls,kia,kia/sorento,SORENTO HEV,2023,https://api.nhtsa.gov/recalls/recallsByVehicle?make=KIA&model=SORENTO+HEV&modelYear=2023,400,66,74147c27e8c00a68fa4708025f0aa95a3dbb3bea68b4d5417efb2bef19d1e786,2026-10-02T08:54:44+00:00,nhtsa/recalls/kia/sorento-hev_2023.json.gz,ok,empty result (HTTP 400 for zero matches)
recalls,kia,kia/sorento,SORENTO PHEV,2023,https://api.nhtsa.gov/recalls/recallsByVehicle?make=KIA&model=SORENTO+PHEV&modelYear=2023,200,2668,f0813395136b27fd7ceac0c31a774947daf73c7c1752387c17622228f9adc53e,2026-10-02T08:54:46+00:00,nhtsa/recalls/kia/sorento-phev_2023.json.gz,ok,
recalls,kia,kia/rio,RIO,2023,https://api.nhtsa.gov/recalls/recallsByVehicle?make=KIA&model=RIO&modelYear=2023,400,66,74147c27e8c00a68fa4708025f0aa95a3dbb3bea68b4d5417efb2bef19d1e786,2026-10-02T08:54:47+00:00,nhtsa/recalls/kia/rio_2023.json.gz,ok,empty result (HTTP 400 for zero matches)
recalls,kia,kia/sportage,SPORTAGE HEV,2023,https://api.nhtsa.gov/recalls/recallsByVehicle?make=KIA&model=SPORTAGE+HEV&modelYear=2023,400,66,74147c27e8c00a68fa4708025f0aa95a3dbb3bea68b4d5417efb2bef19d1e786,2026-10-02T08:54:49+00:00,nhtsa/recalls/kia/sportage-hev_2023.json.gz,ok,empty result (HTTP 400 for zero matches)
recalls,kia,kia/sportage,SPORTAGE PHEV,2023,https://api.nhtsa.gov/recalls/recallsByVehicle?make=KIA&model=SPORTAGE+PHEV&modelYear=2023,200,2699,76217665c35084639d9be3a269ac5f756c797dfda07a529a1c41ebe422170a75,2026-10-02T08:54:51+00:00,nhtsa/recalls/kia/sportage-phev_2023.json.gz,ok,
complaints,kia,kia/sportage,SPORTAGE,2023,https://api.nhtsa.gov/complaints/complaintsByVehicle?make=KIA&model=SPORTAGE&modelYear=2023,200,194213,813d2fbce8169e2344f991f2b6ce3302439fb6ebd05c3dc4f8ae986194314cbe,2026-10-02T08:54:56+00:00,nhtsa/complaints/kia/sportage_2023.json.gz,ok,
complaints,kia,kia/forte,FORTE,2023,https://api.nhtsa.gov/complaints/complaintsByVehicle?make=KIA&model=FORTE&modelYear=2023,200,68145,1e3d090a66d4d7d94060e341193c266d80a70b4a8ef7af0513a2add1f8c3298c,2026-10-02T08:54:59+00:00,nhtsa/complaints/kia/forte_2023.json.gz,ok,
complaints,kia,kia/optima-k5,K5,2023,https://api.nhtsa.gov/complaints/complaintsByVehicle?make=KIA&model=K5&modelYear=2023,200,126302,73b83e82e2463e03fa0438fd5ae06c97605cd691d3863180c5eaa37c35eb3b80,2026-10-02T08:55:02+00:00,nhtsa/complaints/kia/k5_2023.json.gz,ok,
complaints,kia,kia/sorento,SORENTO,2023,https://api.nhtsa.gov/complaints/complaintsByVehicle?make=KIA&model=SORENTO&modelYear=2023,200,135994,bc3943c7cab960d8a2cce3639d03d521add0dd60db837bce1befc4ef0284bded,2026-10-02T08:55:04+00:00,nhtsa/complaints/kia/sorento_2023.json.gz,ok,
complaints,kia,kia/sorento,SORENTO HEV,2023,https://api.nhtsa.gov/complaints/complaintsByVehicle?make=KIA&model=SORENTO+HEV&modelYear=2023,200,34305,8a754452d75607dcfcb511a39d0d3fb60deb991b77087d6c48900007e681fef2,2026-10-02T08:55:06+00:00,nhtsa/complaints/kia/sorento-hev_2023.json.gz,ok,
complaints,kia,kia/sorento,SORENTO PHEV,2023,https://api.nhtsa.gov/complaints/complaintsByVehicle?make=KIA&model=SORENTO+PHEV&modelYear=2023,200,11232,c6b0c9f08af0862d7a4376453f58a42287abebe0888e57587786d32fe5f2a0e8,2026-10-02T08:55:08+00:00,nhtsa/complaints/kia/sorento-phev_2023.json.gz,ok,
complaints,kia,kia/rio,RIO,2023,https://api.nhtsa.gov/complaints/complaintsByVehicle?make=KIA&model=RIO&modelYear=2023,200,12959,9a4e997cd40c852d25a949eb5d3a6c4b5086299a9c039373e008c4e94db58412,2026-10-02T08:55:11+00:00,nhtsa/complaints/kia/rio_2023.json.gz,ok,
complaints,kia,kia/sportage,SPORTAGE HEV,2023,https://api.nhtsa.gov/complaints/complaintsByVehicle?make=KIA&model=SPORTAGE+HEV&modelYear=2023,200,113078,dfe1eb7c7c5f3cdd3328c5964f776a16d9a2b00f516a38ad3c6aafaa382b4e4a,2026-10-02T08:55:14+00:00,nhtsa/complaints/kia/sportage-hev_2023.json.gz,ok,
complaints,kia,kia/sportage,SPORTAGE PHEV,2023,https://api.nhtsa.gov/complaints/complaintsByVehicle?make=KIA&model=SPORTAGE+PHEV&modelYear=2023,200,17155,b60e48ba721e105ef7eaa8b75371243f6f34e3122f687abc9625d64ad50b668c,2026-10-02T08:55:16+00:00,nhtsa/complaints/kia/sportage-phev_2023.json.gz,ok,
recalls,kia,kia/sportage,SPORTAGE PLUG-IN HYBRID,2024,https://api.nhtsa.gov/recalls/recallsByVehicle?make=KIA&model=SPORTAGE+PLUG-IN+HYBRID&modelYear=2024,400,66,74147c27e8c00a68fa4708025f0aa95a3dbb3bea68b4d5417efb2bef19d1e786,2026-10-02T08:55:17+00:00,nhtsa/recalls/kia/sportage-plug-in-hybrid_2024.json.gz,ok,empty result (HTTP 400 for zero matches)
recalls,kia,kia/sorento,SORENTO,2024,https://api.nhtsa.gov/recalls/recallsByVehicle?make=KIA&model=SORENTO&modelYear=2024,200,2248,948676d57af93446ffb47de45b2ba4d671acc5e1c77fc8cd037b754806ed1e06,2026-10-02T08:55:19+00:00,nhtsa/recalls/kia/sorento_2024.json.gz,ok,
recalls,kia,kia/forte,FORTE,2024,https://api.nhtsa.gov/recalls/recallsByVehicle?make=KIA&model=FORTE&modelYear=2024,400,66,74147c27e8c00a68fa4708025f0aa95a3dbb3bea68b4d5417efb2bef19d1e786,2026-10-02T08:55:20+00:00,nhtsa/recalls/kia/forte_2024.json.gz,ok,empty result (HTTP 400 for zero matches)
recalls,kia,kia/optima-k5,K5,2024,https://api.nhtsa.gov/recalls/recallsByVehicle?make=KIA&model=K5&modelYear=2024,200,1842,dfeb4bc80bbce886896ac82c8b4db6da4a19785cf5b28376851d18b68199f06e,2026-10-02T08:55:22+00:00,nhtsa/recalls/kia/k5_2024.json.gz,ok,
recalls,kia,kia/sportage,SPORTAGE,2024,https://api.nhtsa.gov/recalls/recallsByVehicle?make=KIA&model=SPORTAGE&modelYear=2024,200,3232,405d6b916eab625826a494e56f3e43844516aa0b342bfcce1a930c25d16e520c,2026-10-02T08:55:23+00:00,nhtsa/recalls/kia/sportage_2024.json.gz,ok,
recalls,kia,kia/sportage,SPORTAGE HYBRID,2024,https://api.nhtsa.gov/recalls/recallsByVehicle?make=KIA&model=SPORTAGE+HYBRID&modelYear=2024,400,66,74147c27e8c00a68fa4708025f0aa95a3dbb3bea68b4d5417efb2bef19d1e786,2026-10-02T08:55:25+00:00,nhtsa/recalls/kia/sportage-hybrid_2024.json.gz,ok,empty result (HTTP 400 for zero matches)
recalls,kia,kia/sorento,SORENTO HYBRID,2024,https://api.nhtsa.gov/recalls/recallsByVehicle?make=KIA&model=SORENTO+HYBRID&modelYear=2024,400,66,74147c27e8c00a68fa4708025f0aa95a3dbb3bea68b4d5417efb2bef19d1e786,2026-10-02T08:55:27+00:00,nhtsa/recalls/kia/sorento-hybrid_2024.json.gz,ok,empty result (HTTP 400 for zero matches)
recalls,kia,kia/sorento,SORENTO PLUG-IN HYBRID,2024,https://api.nhtsa.gov/recalls/recallsByVehicle?make=KIA&model=SORENTO+PLUG-IN+HYBRID&modelYear=2024,400,66,74147c27e8c00a68fa4708025f0aa95a3dbb3bea68b4d5417efb2bef19d1e786,2026-10-02T08:55:28+00:00,nhtsa/recalls/kia/sorento-plug-in-hybrid_2024.json.gz,ok,empty result (HTTP 400 for zero matches)
complaints,kia,kia/sportage,SPORTAGE PLUG-IN HYBRID,2024,https://api.nhtsa.gov/complaints/complaintsByVehicle?make=KIA&model=SPORTAGE+PLUG-IN+HYBRID&modelYear=2024,200,13926,0e4d117bd8078cbb1be6826d1bc496257a38a56063b9b78d89f7986e2815fa4a,2026-10-02T08:55:31+00:00,nhtsa/complaints/kia/sportage-plug-in-hybrid_2024.json.gz,ok,
complaints,kia,kia/sorento,SORENTO,2024,https://api.nhtsa.gov/complaints/complaintsByVehicle?make=KIA&model=SORENTO&modelYear=2024,200,40422,b732919de37d58f6f238ad2dc957f0dbd00fe33f6db19c670dbe294cdc469ccd,2026-10-02T08:55:34+00:00,nhtsa/complaints/kia/sorento_2024.json.gz,ok,
complaints,kia,kia/forte,FORTE,2024,https://api.nhtsa.gov/complaints/complaintsByVehicle?make=KIA&model=FORTE&modelYear=2024,200,23606,ea359c26796ba376c0bba3e6c840b89887e2472261c032c3300c57ee379b96e9,2026-10-02T08:55:36+00:00,nhtsa/complaints/kia/forte_2024.json.gz,ok,
complaints,kia,kia/optima-k5,K5,2024,https://api.nhtsa.gov/complaints/complaintsByVehicle?make=KIA&model=K5&modelYear=2024,200,35891,6dba81e0884255ddfc660b7c772d6c76dfa233890f61552540b41f7d528e7af5,2026-10-02T08:55:38+00:00,nhtsa/complaints/kia/k5_2024.json.gz,ok,
complaints,kia,kia/sportage,SPORTAGE,2024,https://api.nhtsa.gov/complaints/complaintsByVehicle?make=KIA&model=SPORTAGE&modelYear=2024,200,75637,2a71b53e7dbf80534b62fc43fd062c04705a37bf2d0154ddd4632117ccd4cad2,2026-10-02T08:55:41+00:00,nhtsa/complaints/kia/sportage_2024.json.gz,ok,
complaints,kia,kia/sportage,SPORTAGE HYBRID,2024,https://api.nhtsa.gov/complaints/complaintsByVehicle?make=KIA&model=SPORTAGE+HYBRID&modelYear=2024,200,25702,5ab067211f4cd0001bc9575ea2190a5519c2debb7dddc35fc4ac2ad39c88e82d,2026-10-02T08:55:44+00:00,nhtsa/complaints/kia/sportage-hybrid_2024.json.gz,ok,
complaints,kia,kia/sorento,SORENTO HYBRID,2024,https://api.nhtsa.gov/complaints/complaintsByVehicle?make=KIA&model=SORENTO+HYBRID&modelYear=2024,200,6328,d7749b1319d3cc42024f5c7fdf29d00fbd064e6010e0b07775b0cef3e4557322,2026-10-02T08:55:46+00:00,nhtsa/complaints/kia/sorento-hybrid_2024.json.gz,ok,
complaints,kia,kia/sorento,SORENTO PLUG-IN HYBRID,2024,https://api.nhtsa.gov/complaints/complaintsByVehicle?make=KIA&model=SORENTO+PLUG-IN+HYBRID&modelYear=2024,200,3817,eb7658cd9991f10d8761fa3d19051d543cee4d1270cd9ef863c1f86ec9161ab7,2026-10-02T08:55:49+00:00,nhtsa/complaints/kia/sorento-plug-in-hybrid_2024.json.gz,ok,
recalls,kia,kia/sorento,SORENTO HYBRID,2025,https://api.nhtsa.gov/recalls/recallsByVehicle?make=KIA&model=SORENTO+HYBRID&modelYear=2025,200,2648,65d7f882ee1ea3b507c08d242d332d8f1535c0161a6a479010f8c37416f25128,2026-10-02T08:55:50+00:00,nhtsa/recalls/kia/sorento-hybrid_2025.json.gz,ok,
recalls,kia,kia/optima-k5,K5,2025,https://api.nhtsa.gov/recalls/recallsByVehicle?make=KIA&model=K5&modelYear=2025,200,1870,87768ee403b569eb0a100ca490dffac6cc0ab1af77db6bb26dbc50e8a844a33d,2026-10-02T08:55:52+00:00,nhtsa/recalls/kia/k5_2025.json.gz,ok,
recalls,kia,kia/sportage,SPORTAGE,2025,https://api.nhtsa.gov/recalls/recallsByVehicle?make=KIA&model=SPORTAGE&modelYear=2025,200,1280,0fdc6866e1581331ff1f0e0f7767acc7083f777baeba38109e185a7f35b9117d,2026-10-02T08:55:53+00:00,nhtsa/recalls/kia/sportage_2025.json.gz,ok,
recalls,kia,kia/sportage,SPORTAGE HYBRID,2025,https://api.nhtsa.gov/recalls/recallsByVehicle?make=KIA&model=SPORTAGE+HYBRID&modelYear=2025,400,66,74147c27e8c00a68fa4708025f0aa95a3dbb3bea68b4d5417efb2bef19d1e786,2026-10-02T08:55:55+00:00,nhtsa/recalls/kia/sportage-hybrid_2025.json.gz,ok,empty result (HTTP 400 for zero matches)
recalls,kia,kia/sportage,SPORTAGE PLUG-IN HYBRID,2025,https://api.nhtsa.gov/recalls/recallsByVehicle?make=KIA&model=SPORTAGE+PLUG-IN+HYBRID&modelYear=2025,400,66,74147c27e8c00a68fa4708025f0aa95a3dbb3bea68b4d5417efb2bef19d1e786,2026-10-02T08:55:57+00:00,nhtsa/recalls/kia/sportage-plug-in-hybrid_2025.json.gz,ok,empty result (HTTP 400 for zero matches)
recalls,kia,kia/sorento,SORENTO,2025,https://api.nhtsa.gov/recalls/recallsByVehicle?make=KIA&model=SORENTO&modelYear=2025,200,3433,52bdaee269af9ae4105c9bf791cc29136e9d150685defc1d8c18d43a726acdeb,2026-10-02T08:55:58+00:00,nhtsa/recalls/kia/sorento_2025.json.gz,ok,
recalls,kia,kia/sorento,SORENTO PLUG-IN HYBRID,2025,https://api.nhtsa.gov/recalls/recallsByVehicle?make=KIA&model=SORENTO+PLUG-IN+HYBRID&modelYear=2025,400,66,74147c27e8c00a68fa4708025f0aa95a3dbb3bea68b4d5417efb2bef19d1e786,2026-10-02T08:56:01+00:00,nhtsa/recalls/kia/sorento-plug-in-hybrid_2025.json.gz,ok,empty result (HTTP 400 for zero matches)
complaints,kia,kia/sorento,SORENTO HYBRID,2025,https://api.nhtsa.gov/complaints/complaintsByVehicle?make=KIA&model=SORENTO+HYBRID&modelYear=2025,200,58978,f23960c3da0113632e9507c574e969e15df952f8b2e2c1550f4522874a042289,2026-10-02T08:56:03+00:00,nhtsa/complaints/kia/sorento-hybrid_2025.json.gz,ok,
complaints,kia,kia/optima-k5,K5,2025,https://api.nhtsa.gov/complaints/complaintsByVehicle?make=KIA&model=K5&modelYear=2025,200,54611,d42b03afbec717a4e908e04e93db05477d50576fb2acdfcde4f96522ce48858c,2026-10-02T08:56:06+00:00,nhtsa/complaints/kia/k5_2025.json.gz,ok,
complaints,kia,kia/sportage,SPORTAGE,2025,https://api.nhtsa.gov/complaints/complaintsByVehicle?make=KIA&model=SPORTAGE&modelYear=2025,200,56255,38b4c6b0726435965e7b83470fc3c18ced9a03d0481e51a8b9bfcd3e05ec6636,2026-10-02T08:56:08+00:00,nhtsa/complaints/kia/sportage_2025.json.gz,ok,
complaints,kia,kia/sportage,SPORTAGE HYBRID,2025,https://api.nhtsa.gov/complaints/complaintsByVehicle?make=KIA&model=SPORTAGE+HYBRID&modelYear=2025,200,14966,d6d0d716982df8b3c4b5cd03add7ba63d78b5e48200464d4eabbc85aa9d58f1a,2026-10-02T08:56:09+00:00,nhtsa/complaints/kia/sportage-hybrid_2025.json.gz,ok,
complaints,kia,kia/sportage,SPORTAGE PLUG-IN HYBRID,2025,https://api.nhtsa.gov/complaints/complaintsByVehicle?make=KIA&model=SPORTAGE+PLUG-IN+HYBRID&modelYear=2025,200,9314,90da593c7cb3d1a4e5e98b72a83235ba703c48c33991b6908fb2f61cbc5577a1,2026-10-02T08:56:11+00:00,nhtsa/complaints/kia/sportage-plug-in-hybrid_2025.json.gz,ok,
complaints,kia,kia/sorento,SORENTO,2025,https://api.nhtsa.gov/complaints/complaintsByVehicle?make=KIA&model=SORENTO&modelYear=2025,200,85497,f3f0b1cb0c457d75f4964a05e9b5fb92e2015e41b1d53d33ddc8d961858cc217,2026-10-02T08:56:13+00:00,nhtsa/complaints/kia/sorento_2025.json.gz,ok,
complaints,kia,kia/sorento,SORENTO PLUG-IN HYBRID,2025,https://api.nhtsa.gov/complaints/complaintsByVehicle?make=KIA&model=SORENTO+PLUG-IN+HYBRID&modelYear=2025,200,15128,af12fbf244589c2462eebbc50338e621da66a1220fedc5bb3c25bf8ec99183a1,2026-10-02T08:56:15+00:00,nhtsa/complaints/kia/sorento-plug-in-hybrid_2025.json.gz,ok,
recalls,kia,kia/optima-k5,K5 ICE,2026,https://api.nhtsa.gov/recalls/recallsByVehicle?make=KIA&model=K5+ICE&modelYear=2026,400,66,74147c27e8c00a68fa4708025f0aa95a3dbb3bea68b4d5417efb2bef19d1e786,2026-10-02T08:56:17+00:00,nhtsa/recalls/kia/k5-ice_2026.json.gz,ok,empty result (HTTP 400 for zero matches)
recalls,kia,kia/sorento,SORENTO ICE,2026,https://api.nhtsa.gov/recalls/recallsByVehicle?make=KIA&model=SORENTO+ICE&modelYear=2026,400,66,74147c27e8c00a68fa4708025f0aa95a3dbb3bea68b4d5417efb2bef19d1e786,2026-10-02T08:56:18+00:00,nhtsa/recalls/kia/sorento-ice_2026.json.gz,ok,empty result (HTTP 400 for zero matches)
recalls,kia,kia/sorento,SORENTO HYBRID HEV,2026,https://api.nhtsa.gov/recalls/recallsByVehicle?make=KIA&model=SORENTO+HYBRID+HEV&modelYear=2026,400,66,74147c27e8c00a68fa4708025f0aa95a3dbb3bea68b4d5417efb2bef19d1e786,2026-10-02T08:56:20+00:00,nhtsa/recalls/kia/sorento-hybrid-hev_2026.json.gz,ok,empty result (HTTP 400 for zero matches)
recalls,kia,kia/sportage,SPORTAGE ICE,2026,https://api.nhtsa.gov/recalls/recallsByVehicle?make=KIA&model=SPORTAGE+ICE&modelYear=2026,400,66,74147c27e8c00a68fa4708025f0aa95a3dbb3bea68b4d5417efb2bef19d1e786,2026-10-02T08:56:21+00:00,nhtsa/recalls/kia/sportage-ice_2026.json.gz,ok,empty result (HTTP 400 for zero matches)
recalls,kia,kia/sportage,SPORTAGE HYBRID HEV,2026,https://api.nhtsa.gov/recalls/recallsByVehicle?make=KIA&model=SPORTAGE+HYBRID+HEV&modelYear=2026,400,66,74147c27e8c00a68fa4708025f0aa95a3dbb3bea68b4d5417efb2bef19d1e786,2026-10-02T08:56:23+00:00,nhtsa/recalls/kia/sportage-hybrid-hev_2026.json.gz,ok,empty result (HTTP 400 for zero matches)
recalls,kia,kia/sportage,SPORTAGE PHEV PHEV,2026,https://api.nhtsa.gov/recalls/recallsByVehicle?make=KIA&model=SPORTAGE+PHEV+PHEV&modelYear=2026,400,66,74147c27e8c00a68fa4708025f0aa95a3dbb3bea68b4d5417efb2bef19d1e786,2026-10-02T08:56:25+00:00,nhtsa/recalls/kia/sportage-phev-phev_2026.json.gz,ok,empty result (HTTP 400 for zero matches)
complaints,kia,kia/optima-k5,K5 ICE,2026,https://api.nhtsa.gov/complaints/complaintsByVehicle?make=KIA&model=K5+ICE&modelYear=2026,200,12326,3ffe2a30c70a50ed9155d3dc480ea4f654bf0e7aadda2e44fdd8719a29d4e8ed,2026-10-02T08:56:27+00:00,nhtsa/complaints/kia/k5-ice_2026.json.gz,ok,
complaints,kia,kia/sorento,SORENTO ICE,2026,https://api.nhtsa.gov/complaints/complaintsByVehicle?make=KIA&model=SORENTO+ICE&modelYear=2026,200,6884,5598bacf91a13f61e942d1f44fbecb187e0e971ab1b6190ef2250e89b2aa9289,2026-10-02T08:56:29+00:00,nhtsa/complaints/kia/sorento-ice_2026.json.gz,ok,
complaints,kia,kia/sorento,SORENTO HYBRID HEV,2026,https://api.nhtsa.gov/complaints/complaintsByVehicle?make=KIA&model=SORENTO+HYBRID+HEV&modelYear=2026,200,2512,935954970576752f329b26a93b7fefea63ea4b5f78b57baf6fb0a08f236c54cb,2026-10-02T08:56:31+00:00,nhtsa/complaints/kia/sorento-hybrid-hev_2026.json.gz,ok,
complaints,kia,kia/sportage,SPORTAGE ICE,2026,https://api.nhtsa.gov/complaints/complaintsByVehicle?make=KIA&model=SPORTAGE+ICE&modelYear=2026,200,33073,93cecc5ef1353b5a2f48be42ee889ac4c3b83171b103d545c9968845d743efd2,2026-10-02T08:56:34+00:00,nhtsa/complaints/kia/sportage-ice_2026.json.gz,ok,
complaints,kia,kia/sportage,SPORTAGE HYBRID HEV,2026,https://api.nhtsa.gov/complaints/complaintsByVehicle?make=KIA&model=SPORTAGE+HYBRID+HEV&modelYear=2026,200,9980,f2a14b5937f191a7afe83c82cf6b293617380b9e2562cf944d2ba825d9dd1fe9,2026-10-02T08:56:37+00:00,nhtsa/complaints/kia/sportage-hybrid-hev_2026.json.gz,ok,
complaints,kia,kia/sportage,SPORTAGE PHEV PHEV,2026,https://api.nhtsa.gov/complaints/complaintsByVehicle?make=KIA&model=SPORTAGE+PHEV+PHEV&modelYear=2026,200,2781,a1ea830221760064c5576092ece1501f169c0459593ec83888aca5a9260eb5d7,2026-10-02T08:56:40+00:00,nhtsa/complaints/kia/sportage-phev-phev_2026.json.gz,ok,
recalls,toyota,toyota/prius,PRIUS PLUG-IN HYBRID,2014,https://api.nhtsa.gov/recalls/recallsByVehicle?make=TOYOTA&model=PRIUS+PLUG-IN+HYBRID&modelYear=2014,200,1238,ca0b406a8359ca1c20f851c48949a11ffc24edfbdc556b0edec8b463e34c9de4,2026-10-02T08:56:41+00:00,nhtsa/recalls/toyota/prius-plug-in-hybrid_2014.json.gz,ok,
recalls,toyota,toyota/rav4,RAV4,2014,https://api.nhtsa.gov/recalls/recallsByVehicle?make=TOYOTA&model=RAV4&modelYear=2014,200,5133,aeef3e1cc344a2b2d942fa58c2e9371d8f0f2858edd1ca23c6e1237c304f24ca,2026-10-02T08:56:44+00:00,nhtsa/recalls/toyota/rav4_2014.json.gz,ok,
recalls,toyota,toyota/prius,PRIUS,2014,https://api.nhtsa.gov/recalls/recallsByVehicle?make=TOYOTA&model=PRIUS&modelYear=2014,200,4377,f99fc45936c4c14f7920b2ff9c1683799da64fe1922084efa15ed8982c849e2d,2026-10-02T08:56:46+00:00,nhtsa/recalls/toyota/prius_2014.json.gz,ok,
recalls,toyota,toyota/highlander,HIGHLANDER,2014,https://api.nhtsa.gov/recalls/recallsByVehicle?make=TOYOTA&model=HIGHLANDER&modelYear=2014,200,6334,d2d149d26fcf0b1eb6fb36068295c6f042b9bb94a9cee0a6619b96f7d0e88295,2026-10-02T08:56:48+00:00,nhtsa/recalls/toyota/highlander_2014.json.gz,ok,
recalls,toyota,toyota/highlander,HIGHLANDER HV,2014,https://api.nhtsa.gov/recalls/recallsByVehicle?make=TOYOTA&model=HIGHLANDER+HV&modelYear=2014,400,66,74147c27e8c00a68fa4708025f0aa95a3dbb3bea68b4d5417efb2bef19d1e786,2026-10-02T08:56:50+00:00,nhtsa/recalls/toyota/highlander-hv_2014.json.gz,ok,empty result (HTTP 400 for zero matches)
recalls,toyota,toyota/rav4,RAV4 EV,2014,https://api.nhtsa.gov/recalls/recallsByVehicle?make=TOYOTA&model=RAV4+EV&modelYear=2014,200,3934,b458b041bb9cd1be6b6e9c7987784c82ec558945445aa8ee4920457fa872aa19,2026-10-02T08:56:52+00:00,nhtsa/recalls/toyota/rav4-ev_2014.json.gz,ok,
recalls,toyota,toyota/corolla,COROLLA,2014,https://api.nhtsa.gov/recalls/recallsByVehicle?make=TOYOTA&model=COROLLA&modelYear=2014,200,2812,ce98bd893ea04a4b1659dd169ea3d33cece5a7b32e04fac77cc0cefed6b09ccd,2026-10-02T08:56:53+00:00,nhtsa/recalls/toyota/corolla_2014.json.gz,ok,
complaints,toyota,toyota/prius,PRIUS PLUG-IN HYBRID,2014,https://api.nhtsa.gov/complaints/complaintsByVehicle?make=TOYOTA&model=PRIUS+PLUG-IN+HYBRID&modelYear=2014,200,204330,cd8e2af784960bf24a49fa2d011eec5dbf2a2a948229530d0924dcfe2089be3a,2026-10-02T08:56:56+00:00,nhtsa/complaints/toyota/prius-plug-in-hybrid_2014.json.gz,ok,
complaints,toyota,toyota/rav4,RAV4,2014,https://api.nhtsa.gov/complaints/complaintsByVehicle?make=TOYOTA&model=RAV4&modelYear=2014,200,208294,74c414676b4a9b1dfa949cf9fdd163f56566fef94781deca8117da9e9bf9cca7,2026-10-02T08:56:57+00:00,nhtsa/complaints/toyota/rav4_2014.json.gz,ok,
complaints,toyota,toyota/prius,PRIUS,2014,https://api.nhtsa.gov/complaints/complaintsByVehicle?make=TOYOTA&model=PRIUS&modelYear=2014,200,257150,a2694d1bfa34bd6404d8ae9fb59e30c16d0d85a1defbeb5e751bd1ce59b3f1be,2026-10-02T08:57:00+00:00,nhtsa/complaints/toyota/prius_2014.json.gz,ok,
complaints,toyota,toyota/highlander,HIGHLANDER,2014,https://api.nhtsa.gov/complaints/complaintsByVehicle?make=TOYOTA&model=HIGHLANDER&modelYear=2014,200,126597,2ce6ad3762d06c727698359dd60afd355c6c1f0453c1a3387604ec9e7f9f7a7a,2026-10-02T08:57:02+00:00,nhtsa/complaints/toyota/highlander_2014.json.gz,ok,
complaints,toyota,toyota/highlander,HIGHLANDER HV,2014,https://api.nhtsa.gov/complaints/complaintsByVehicle?make=TOYOTA&model=HIGHLANDER+HV&modelYear=2014,200,120199,8af2b88e50175cbb9346a80a7e4791063706e60dab261bf434c147f2787b8c34,2026-10-02T08:57:05+00:00,nhtsa/complaints/toyota/highlander-hv_2014.json.gz,ok,
complaints,toyota,toyota/rav4,RAV4 EV,2014,https://api.nhtsa.gov/complaints/complaintsByVehicle?make=TOYOTA&model=RAV4+EV&modelYear=2014,200,191585,f460f715f7d8f4e31d343fb12bcc59c734902b11431922eafc9c253bc311649f,2026-10-02T08:57:07+00:00,nhtsa/complaints/toyota/rav4-ev_2014.json.gz,ok,
complaints,toyota,toyota/corolla,COROLLA,2014,https://api.nhtsa.gov/complaints/complaintsByVehicle?make=TOYOTA&model=COROLLA&modelYear=2014,200,264771,cc7c7ec71b8b6f3a41a23d85232457036f3c1ebed26724c0caebbb20a066685b,2026-10-02T08:57:08+00:00,nhtsa/complaints/toyota/corolla_2014.json.gz,ok,
recalls,toyota,toyota/corolla,COROLLA,2015,https://api.nhtsa.gov/recalls/recallsByVehicle?make=TOYOTA&model=COROLLA&modelYear=2015,200,1547,5e7c76be42b7bcae8e70b959537314c2fc99a3830e860cc8a1f4732cb5b1c2c6,2026-10-02T08:57:10+00:00,nhtsa/recalls/toyota/corolla_2015.json.gz,ok,
recalls,toyota,toyota/prius,PRIUS,2015,https://api.nhtsa.gov/recalls/recallsByVehicle?make=TOYOTA&model=PRIUS&modelYear=2015,200,1444,365e4fea7767be93c597ff7c521d7bc9a79049b583c1977d67e679ed43b232fa,2026-10-02T08:57:12+00:00,nhtsa/recalls/toyota/prius_2015.json.gz,ok,
recalls,toyota,toyota/prius,PRIUS PLUG-IN HYBRID,2015,https://api.nhtsa.gov/recalls/recallsByVehicle?make=TOYOTA&model=PRIUS+PLUG-IN+HYBRID&modelYear=2015,200,1238,f039f41b82ca8b30b087e38b17e1773816e5c0b9790befeb4e3a8631aac86ddc,2026-10-02T08:57:13+00:00,nhtsa/recalls/toyota/prius-plug-in-hybrid_2015.json.gz,ok,
recalls,toyota,toyota/rav4,RAV4,2015,https://api.nhtsa.gov/recalls/recallsByVehicle?make=TOYOTA&model=RAV4&modelYear=2015,200,5133,c6092e4e93e762c0ebf1f4664a657d0996c6b4cf773520e637ccd92e6f1ff23d,2026-10-02T08:57:15+00:00,nhtsa/recalls/toyota/rav4_2015.json.gz,ok,
recalls,toyota,toyota/highlander,HIGHLANDER,2015,https://api.nhtsa.gov/recalls/recallsByVehicle?make=TOYOTA&model=HIGHLANDER&modelYear=2015,200,2408,8537beee3b17862c5146ef8d2ccccbdd56d07ee7ab406bcb822ddbccd60f9bc0,2026-10-02T08:57:17+00:00,nhtsa/recalls/toyota/highlander_2015.json.gz,ok,
recalls,toyota,toyota/highlander,HIGHLANDER HYBRID,2015,https://api.nhtsa.gov/recalls/recallsByVehicle?make=TOYOTA&model=HIGHLANDER+HYBRID&modelYear=2015,400,66,74147c27e8c00a68fa4708025f0aa95a3dbb3bea68b4d5417efb2bef19d1e786,2026-10-02T08:57:19+00:00,nhtsa/recalls/toyota/highlander-hybrid_2015.json.gz,ok,empty result (HTTP 400 for zero matches)
complaints,toyota,toyota/corolla,COROLLA,2015,https://api.nhtsa.gov/complaints/complaintsByVehicle?make=TOYOTA&model=COROLLA&modelYear=2015,200,209188,6bc0c3a47156908bc37e2b3fd98f05848428a57aba31d57771b1904cd82404b1,2026-10-02T08:57:21+00:00,nhtsa/complaints/toyota/corolla_2015.json.gz,ok,
complaints,toyota,toyota/prius,PRIUS,2015,https://api.nhtsa.gov/complaints/complaintsByVehicle?make=TOYOTA&model=PRIUS&modelYear=2015,200,176421,e3f0c498934a86b25ea35ae2f000687f8f1a798ec99490dfa9a33cc139343b09,2026-10-02T08:57:24+00:00,nhtsa/complaints/toyota/prius_2015.json.gz,ok,
complaints,toyota,toyota/prius,PRIUS PLUG-IN HYBRID,2015,https://api.nhtsa.gov/complaints/complaintsByVehicle?make=TOYOTA&model=PRIUS+PLUG-IN+HYBRID&modelYear=2015,200,120441,b9260b579591b7823a8e4fa065b05ad6d494c7356c6629f2d7021ac8a663ec1d,2026-10-02T08:57:26+00:00,nhtsa/complaints/toyota/prius-plug-in-hybrid_2015.json.gz,ok,
complaints,toyota,toyota/rav4,RAV4,2015,https://api.nhtsa.gov/complaints/complaintsByVehicle?make=TOYOTA&model=RAV4&modelYear=2015,200,288272,58aedde2e11a3de7f4158682c2489ee5a1e287a75d25e5d66edcf6e9650df4f2,2026-10-02T08:57:28+00:00,nhtsa/complaints/toyota/rav4_2015.json.gz,ok,
complaints,toyota,toyota/highlander,HIGHLANDER,2015,https://api.nhtsa.gov/complaints/complaintsByVehicle?make=TOYOTA&model=HIGHLANDER&modelYear=2015,200,194114,f2ddf8577b1b8015847116b4cd32ba50f4b416d732257e40bb4b2225112c6a52,2026-10-02T08:57:29+00:00,nhtsa/complaints/toyota/highlander_2015.json.gz,ok,
complaints,toyota,toyota/highlander,HIGHLANDER HYBRID,2015,https://api.nhtsa.gov/complaints/complaintsByVehicle?make=TOYOTA&model=HIGHLANDER+HYBRID&modelYear=2015,200,182993,67144a84a2bdac9c56b21ac3ca440c63842001598da1a6e7fa9ee37d524fdde8,2026-10-02T08:57:32+00:00,nhtsa/complaints/toyota/highlander-hybrid_2015.json.gz,ok,
recalls,toyota,toyota/corolla,COROLLA,2016,https://api.nhtsa.gov/recalls/recallsByVehicle?make=TOYOTA&model=COROLLA&modelYear=2016,200,1547,19c4619c78a3cb6dd6c188a91762f856d8ddaa9f65dd273f2e9fbb60e99959ff,2026-10-02T08:57:34+00:00,nhtsa/recalls/toyota/corolla_2016.json.gz,ok,
recalls,toyota,toyota/prius,PRIUS,2016,https://api.nhtsa.gov/recalls/recallsByVehicle?make=TOYOTA&model=PRIUS&modelYear=2016,200,6112,86f538e95157522214baa9aeee5448fee3dbfa86d7d259dcf376226f8dc84713,2026-10-02T08:57:36+00:00,nhtsa/recalls/toyota/prius_2016.json.gz,ok,
recalls,toyota,toyota/highlander,HIGHLANDER,2016,https://api.nhtsa.gov/recalls/recallsByVehicle?make=TOYOTA&model=HIGHLANDER&modelYear=2016,200,3694,c3bab7b2e0e5228b23e065fb72298b842895f6f13a9b0da0318c0044215b5974,2026-10-02T08:57:38+00:00,nhtsa/recalls/toyota/highlander_2016.json.gz,ok,
recalls,toyota,toyota/highlander,HIGHLANDER HYBRID,2016,https://api.nhtsa.gov/recalls/recallsByVehicle?make=TOYOTA&model=HIGHLANDER+HYBRID&modelYear=2016,400,66,74147c27e8c00a68fa4708025f0aa95a3dbb3bea68b4d5417efb2bef19d1e786,2026-10-02T08:57:39+00:00,nhtsa/recalls/toyota/highlander-hybrid_2016.json.gz,ok,empty result (HTTP 400 for zero matches)
recalls,toyota,toyota/rav4,RAV4 HYBRID,2016,https://api.nhtsa.gov/recalls/recallsByVehicle?make=TOYOTA&model=RAV4+HYBRID&modelYear=2016,400,66,74147c27e8c00a68fa4708025f0aa95a3dbb3bea68b4d5417efb2bef19d1e786,2026-10-02T08:57:41+00:00,nhtsa/recalls/toyota/rav4-hybrid_2016.json.gz,ok,empty result (HTTP 400 for zero matches)
recalls,toyota,toyota/rav4,RAV4,2016,https://api.nhtsa.gov/recalls/recallsByVehicle?make=TOYOTA&model=RAV4&modelYear=2016,200,4282,22082f3416182b0f5a170cd8deaf983e0ada83f1f20212c13205fee8b68bedfd,2026-10-02T08:57:43+00:00,nhtsa/recalls/toyota/rav4_2016.json.gz,ok,
complaints,toyota,toyota/corolla,COROLLA,2016,https://api.nhtsa.gov/complaints/complaintsByVehicle?make=TOYOTA&model=COROLLA&modelYear=2016,200,212386,d6af66159674951320b64665bdbf066a7f3ed46036b90377f1a50bfac6ee91b6,2026-10-02T08:57:45+00:00,nhtsa/complaints/toyota/corolla_2016.json.gz,ok,
complaints,toyota,toyota/prius,PRIUS,2016,https://api.nhtsa.gov/complaints/complaintsByVehicle?make=TOYOTA&model=PRIUS&modelYear=2016,200,183617,c1c011010417b4f635aa7823d33225429459cbb19b442556bdc61b89c6c4d7e5,2026-10-02T08:57:47+00:00,nhtsa/complaints/toyota/prius_2016.json.gz,ok,
complaints,toyota,toyota/highlander,HIGHLANDER,2016,https://api.nhtsa.gov/complaints/complaintsByVehicle?make=TOYOTA&model=HIGHLANDER&modelYear=2016,200,112037,c8c164ba67cad86b6ec5d438cada126e6c0a1c52c2904688e9a3a7f799bedad5,2026-10-02T08:57:48+00:00,nhtsa/complaints/toyota/highlander_2016.json.gz,ok,
complaints,toyota,toyota/highlander,HIGHLANDER HYBRID,2016,https://api.nhtsa.gov/complaints/complaintsByVehicle?make=TOYOTA&model=HIGHLANDER+HYBRID&modelYear=2016,200,105116,52a2288f6e5f903a5818e0e30d2d72def246cebab684e6086cbbad6a8554ccc2,2026-10-02T08:57:51+00:00,nhtsa/complaints/toyota/highlander-hybrid_2016.json.gz,ok,
complaints,toyota,toyota/rav4,RAV4 HYBRID,2016,https://api.nhtsa.gov/complaints/complaintsByVehicle?make=TOYOTA&model=RAV4+HYBRID&modelYear=2016,200,17697,8310aa8896741d39621f8a1252de52f1d50452070a0df3f6d18ee047df39c682,2026-10-02T08:57:53+00:00,nhtsa/complaints/toyota/rav4-hybrid_2016.json.gz,ok,
complaints,toyota,toyota/rav4,RAV4,2016,https://api.nhtsa.gov/complaints/complaintsByVehicle?make=TOYOTA&model=RAV4&modelYear=2016,200,241355,cb52f8b6a1be8ad1ba98478e32cfcf4ca4c6ac660b72796369292dc48c3b3582,2026-10-02T08:57:55+00:00,nhtsa/complaints/toyota/rav4_2016.json.gz,ok,
recalls,toyota,toyota/corolla,COROLLA,2017,https://api.nhtsa.gov/recalls/recallsByVehicle?make=TOYOTA&model=COROLLA&modelYear=2017,200,3985,954de55bf4789c78cc6ab1501a4430124729524ebd01a59dfe1d24ac9d908087,2026-10-02T08:57:56+00:00,nhtsa/recalls/toyota/corolla_2017.json.gz,ok,
recalls,toyota,toyota/prius,PRIUS,2017,https://api.nhtsa.gov/recalls/recallsByVehicle?make=TOYOTA&model=PRIUS&modelYear=2017,200,3786,c9d3c0bdba49f58b7262f6f37ee4c782473e6e0fabc6f2b4f68ed42ebebede7b,2026-10-02T08:57:58+00:00,nhtsa/recalls/toyota/prius_2017.json.gz,ok,
recalls,toyota,toyota/rav4,RAV4,2017,https://api.nhtsa.gov/recalls/recallsByVehicle?make=TOYOTA&model=RAV4&modelYear=2017,200,3795,9f3d2e76273b487423bb6e95dcaa5b58d361eb59f9dd4756e23990083b3b901f,2026-10-02T08:58:00+00:00,nhtsa/recalls/toyota/rav4_2017.json.gz,ok,
recalls,toyota,toyota/rav4,RAV4 HYBRID,2017,https://api.nhtsa.gov/recalls/recallsByVehicle?make=TOYOTA&model=RAV4+HYBRID&modelYear=2017,400,66,74147c27e8c00a68fa4708025f0aa95a3dbb3bea68b4d5417efb2bef19d1e786,2026-10-02T08:58:01+00:00,nhtsa/recalls/toyota/rav4-hybrid_2017.json.gz,ok,empty result (HTTP 400 for zero matches)
recalls,toyota,toyota/highlander,HIGHLANDER,2017,https://api.nhtsa.gov/recalls/recallsByVehicle?make=TOYOTA&model=HIGHLANDER&modelYear=2017,200,5398,517cecba9b80c2727653fffa7077728783ea83c6b45ffeaecbc6f0e6eaf50ce5,2026-10-02T08:58:03+00:00,nhtsa/recalls/toyota/highlander_2017.json.gz,ok,
recalls,toyota,toyota/highlander,HIGHLANDER HYBRID,2017,https://api.nhtsa.gov/recalls/recallsByVehicle?make=TOYOTA&model=HIGHLANDER+HYBRID&modelYear=2017,200,2330,616b24a6b168740e8d0f3dbcc47aba35879e591c9e3177f6e52d7d04f244cf2f,2026-10-02T08:58:05+00:00,nhtsa/recalls/toyota/highlander-hybrid_2017.json.gz,ok,
recalls,toyota,toyota/prius,PRIUS PRIME,2017,https://api.nhtsa.gov/recalls/recallsByVehicle?make=TOYOTA&model=PRIUS+PRIME&modelYear=2017,400,66,74147c27e8c00a68fa4708025f0aa95a3dbb3bea68b4d5417efb2bef19d1e786,2026-10-02T08:58:07+00:00,nhtsa/recalls/toyota/prius-prime_2017.json.gz,ok,empty result (HTTP 400 for zero matches)
complaints,toyota,toyota/corolla,COROLLA,2017,https://api.nhtsa.gov/complaints/complaintsByVehicle?make=TOYOTA&model=COROLLA&modelYear=2017,200,181386,fd5dbd2929806e00f906f77b5177e3367fb3f0c5a7d82c84ac9eea4696a57721,2026-10-02T08:58:10+00:00,nhtsa/complaints/toyota/corolla_2017.json.gz,ok,
complaints,toyota,toyota/prius,PRIUS,2017,https://api.nhtsa.gov/complaints/complaintsByVehicle?make=TOYOTA&model=PRIUS&modelYear=2017,200,100774,352215225ed15498f3e7539d50cb740133827a66b073638b0ba3c57cef28645f,2026-10-02T08:58:12+00:00,nhtsa/complaints/toyota/prius_2017.json.gz,ok,
complaints,toyota,toyota/rav4,RAV4,2017,https://api.nhtsa.gov/complaints/complaintsByVehicle?make=TOYOTA&model=RAV4&modelYear=2017,200,315004,7c1fa7506f6048c74b9c5b59ea44f7cc0cc978b9c789809fb8b185bb12619a13,2026-10-02T08:58:14+00:00,nhtsa/complaints/toyota/rav4_2017.json.gz,ok,
complaints,toyota,toyota/rav4,RAV4 HYBRID,2017,https://api.nhtsa.gov/complaints/complaintsByVehicle?make=TOYOTA&model=RAV4+HYBRID&modelYear=2017,200,309745,16ec7386ebaa9d553077b6154c6ef424e6741c61ed9cce0f412fcae3ad1e41a0,2026-10-02T08:58:17+00:00,nhtsa/complaints/toyota/rav4-hybrid_2017.json.gz,ok,
complaints,toyota,toyota/highlander,HIGHLANDER,2017,https://api.nhtsa.gov/complaints/complaintsByVehicle?make=TOYOTA&model=HIGHLANDER&modelYear=2017,200,290096,0b4cc47ea2db810f604bec7e566c23ccbdc1b8b03264729c6b01d9f9573f6ac0,2026-10-02T08:58:19+00:00,nhtsa/complaints/toyota/highlander_2017.json.gz,ok,
complaints,toyota,toyota/highlander,HIGHLANDER HYBRID,2017,https://api.nhtsa.gov/complaints/complaintsByVehicle?make=TOYOTA&model=HIGHLANDER+HYBRID&modelYear=2017,200,240917,c363f3bab939744672b6302c01af71236d7e706097b99eb6b7e7a09bf2f0ca8f,2026-10-02T08:58:22+00:00,nhtsa/complaints/toyota/highlander-hybrid_2017.json.gz,ok,
complaints,toyota,toyota/prius,PRIUS PRIME,2017,https://api.nhtsa.gov/complaints/complaintsByVehicle?make=TOYOTA&model=PRIUS+PRIME&modelYear=2017,200,152797,ec887678b8c0e749837c599b572d53e3b2d1db0b020f1d3ef1a30a32d130d16b,2026-10-02T08:58:25+00:00,nhtsa/complaints/toyota/prius-prime_2017.json.gz,ok,
recalls,toyota,toyota/corolla,COROLLA,2018,https://api.nhtsa.gov/recalls/recallsByVehicle?make=TOYOTA&model=COROLLA&modelYear=2018,200,4729,c965b7ac36e53d880bfd8101fd248650f7545cf27cb0501d85273ec5fbe0546c,2026-10-02T08:58:26+00:00,nhtsa/recalls/toyota/corolla_2018.json.gz,ok,
recalls,toyota,toyota/corolla,COROLLA IM,2018,https://api.nhtsa.gov/recalls/recallsByVehicle?make=TOYOTA&model=COROLLA+IM&modelYear=2018,400,66,74147c27e8c00a68fa4708025f0aa95a3dbb3bea68b4d5417efb2bef19d1e786,2026-10-02T08:58:28+00:00,nhtsa/recalls/toyota/corolla-im_2018.json.gz,ok,empty result (HTTP 400 for zero matches)
recalls,toyota,toyota/prius,PRIUS,2018,https://api.nhtsa.gov/recalls/recallsByVehicle?make=TOYOTA&model=PRIUS&modelYear=2018,200,1288,314555110156406eb82fb8f8c1f08a11a7261298f54f551679a0a00d253c89a7,2026-10-02T08:58:30+00:00,nhtsa/recalls/toyota/prius_2018.json.gz,ok,
recalls,toyota,toyota/prius,PRIUS PRIME,2018,https://api.nhtsa.gov/recalls/recallsByVehicle?make=TOYOTA&model=PRIUS+PRIME&modelYear=2018,400,66,74147c27e8c00a68fa4708025f0aa95a3dbb3bea68b4d5417efb2bef19d1e786,2026-10-02T08:58:32+00:00,nhtsa/recalls/toyota/prius-prime_2018.json.gz,ok,empty result (HTTP 400 for zero matches)
recalls,toyota,toyota/rav4,RAV4,2018,https://api.nhtsa.gov/recalls/recallsByVehicle?make=TOYOTA&model=RAV4&modelYear=2018,200,3906,123f6ac55f4086ae4da5606aebfb2178f1f6ba7c6cb514436d3cd0ad52a12608,2026-10-02T08:58:34+00:00,nhtsa/recalls/toyota/rav4_2018.json.gz,ok,
recalls,toyota,toyota/rav4,RAV4 HYBRID,2018,https://api.nhtsa.gov/recalls/recallsByVehicle?make=TOYOTA&model=RAV4+HYBRID&modelYear=2018,400,66,74147c27e8c00a68fa4708025f0aa95a3dbb3bea68b4d5417efb2bef19d1e786,2026-10-02T08:58:35+00:00,nhtsa/recalls/toyota/rav4-hybrid_2018.json.gz,ok,empty result (HTTP 400 for zero matches)
recalls,toyota,toyota/highlander,HIGHLANDER,2018,https://api.nhtsa.gov/recalls/recallsByVehicle?make=TOYOTA&model=HIGHLANDER&modelYear=2018,200,7671,f100783da4d6e8bc28ec45138af5df96ea34db73badbfecc37d9d3ef11e57ff3,2026-10-02T08:58:37+00:00,nhtsa/recalls/toyota/highlander_2018.json.gz,ok,
recalls,toyota,toyota/highlander,HIGHLANDER HYBRID,2018,https://api.nhtsa.gov/recalls/recallsByVehicle?make=TOYOTA&model=HIGHLANDER+HYBRID&modelYear=2018,400,66,74147c27e8c00a68fa4708025f0aa95a3dbb3bea68b4d5417efb2bef19d1e786,2026-10-02T08:58:39+00:00,nhtsa/recalls/toyota/highlander-hybrid_2018.json.gz,ok,empty result (HTTP 400 for zero matches)
complaints,toyota,toyota/corolla,COROLLA,2018,https://api.nhtsa.gov/complaints/complaintsByVehicle?make=TOYOTA&model=COROLLA&modelYear=2018,200,134530,5cc6fce5cdfe0391f2d1255dec174eef01149b9d82ef6a9a1207f1d3148b00dc,2026-10-02T08:58:42+00:00,nhtsa/complaints/toyota/corolla_2018.json.gz,ok,
complaints,toyota,toyota/corolla,COROLLA IM,2018,https://api.nhtsa.gov/complaints/complaintsByVehicle?make=TOYOTA&model=COROLLA+IM&modelYear=2018,200,8051,32b5bd1659857edb47cd44ffe8cab2c3e5749f21b7ca74f0e40756696c88a3bb,2026-10-02T08:58:45+00:00,nhtsa/complaints/toyota/corolla-im_2018.json.gz,ok,
complaints,toyota,toyota/prius,PRIUS,2018,https://api.nhtsa.gov/complaints/complaintsByVehicle?make=TOYOTA&model=PRIUS&modelYear=2018,200,35767,7967f62d0d3685db9d9a1bb96811ece36f2e360e069b1f89ba203a50d88d98a2,2026-10-02T08:58:48+00:00,nhtsa/complaints/toyota/prius_2018.json.gz,ok,
complaints,toyota,toyota/prius,PRIUS PRIME,2018,https://api.nhtsa.gov/complaints/complaintsByVehicle?make=TOYOTA&model=PRIUS+PRIME&modelYear=2018,200,18281,727dc4766088b49928b815fa234cc878d717b4a7fc23489f897b07e3e7222690,2026-10-02T08:58:50+00:00,nhtsa/complaints/toyota/prius-prime_2018.json.gz,ok,
complaints,toyota,toyota/rav4,RAV4,2018,https://api.nhtsa.gov/complaints/complaintsByVehicle?make=TOYOTA&model=RAV4&modelYear=2018,200,338778,1aae8a6909e3e178c717f9fef680d0ae4a7c29705b00eda9489752af40172b10,2026-10-02T08:58:52+00:00,nhtsa/complaints/toyota/rav4_2018.json.gz,ok,
complaints,toyota,toyota/rav4,RAV4 HYBRID,2018,https://api.nhtsa.gov/complaints/complaintsByVehicle?make=TOYOTA&model=RAV4+HYBRID&modelYear=2018,200,14531,d974641ae196803cc414f2e06101d3b8789bfb594e4c73bdeeac120c73806211,2026-10-02T08:58:55+00:00,nhtsa/complaints/toyota/rav4-hybrid_2018.json.gz,ok,
complaints,toyota,toyota/highlander,HIGHLANDER,2018,https://api.nhtsa.gov/complaints/complaintsByVehicle?make=TOYOTA&model=HIGHLANDER&modelYear=2018,200,270616,0a7c3b6c3e8284fd44608087c702f7d49b9cb5eae64a8d52bc24585ad4ef36ce,2026-10-02T08:58:57+00:00,nhtsa/complaints/toyota/highlander_2018.json.gz,ok,
complaints,toyota,toyota/highlander,HIGHLANDER HYBRID,2018,https://api.nhtsa.gov/complaints/complaintsByVehicle?make=TOYOTA&model=HIGHLANDER+HYBRID&modelYear=2018,200,4891,dcb844c9edffd090f4fcd1e22d797061c4c6417ac5a0a9428a6bea20ef0ed506,2026-10-02T08:58:59+00:00,nhtsa/complaints/toyota/highlander-hybrid_2018.json.gz,ok,
recalls,toyota,toyota/highlander,HIGHLANDER,2019,https://api.nhtsa.gov/recalls/recallsByVehicle?make=TOYOTA&model=HIGHLANDER&modelYear=2019,200,5285,792669f2e5a76a1ff23e9a3b50842d72ac108442b201bcf353e2a22ddea44dfa,2026-10-02T08:59:01+00:00,nhtsa/recalls/toyota/highlander_2019.json.gz,ok,
recalls,toyota,toyota/highlander,HIGHLANDER HYBRID,2019,https://api.nhtsa.gov/recalls/recallsByVehicle?make=TOYOTA&model=HIGHLANDER+HYBRID&modelYear=2019,400,66,74147c27e8c00a68fa4708025f0aa95a3dbb3bea68b4d5417efb2bef19d1e786,2026-10-02T08:59:03+00:00,nhtsa/recalls/toyota/highlander-hybrid_2019.json.gz,ok,empty result (HTTP 400 for zero matches)
recalls,toyota,toyota/corolla,COROLLA,2019,https://api.nhtsa.gov/recalls/recallsByVehicle?make=TOYOTA&model=COROLLA&modelYear=2019,200,7148,c5b5b24e42e71373b999bb1b550dd2491c74e0bd64ed663bac51c9c345d2024f,2026-10-02T08:59:05+00:00,nhtsa/recalls/toyota/corolla_2019.json.gz,ok,
recalls,toyota,toyota/prius,PRIUS,2019,https://api.nhtsa.gov/recalls/recallsByVehicle?make=TOYOTA&model=PRIUS&modelYear=2019,200,4209,e504b8f48a606f2c5bc5f9ad464062ed53f96b596436f017ef71ffa144661379,2026-10-02T08:59:07+00:00,nhtsa/recalls/toyota/prius_2019.json.gz,ok,
recalls,toyota,toyota/prius,PRIUS PRIME,2019,https://api.nhtsa.gov/recalls/recallsByVehicle?make=TOYOTA&model=PRIUS+PRIME&modelYear=2019,200,1568,3b017fbf2d7f14a4b14fe42a9035caaab026c4f58e37209a5f06c4669e9d1ac4,2026-10-02T08:59:09+00:00,nhtsa/recalls/toyota/prius-prime_2019.json.gz,ok,
recalls,toyota,toyota/rav4,RAV4,2019,https://api.nhtsa.gov/recalls/recallsByVehicle?make=TOYOTA&model=RAV4&modelYear=2019,200,9550,a041252753e4ce3abffd773bc834028071ca899577bc670c0e94f9941856e686,2026-10-02T08:59:10+00:00,nhtsa/recalls/toyota/rav4_2019.json.gz,ok,
recalls,toyota,toyota/rav4,RAV4 HYBRID,2019,https://api.nhtsa.gov/recalls/recallsByVehicle?make=TOYOTA&model=RAV4+HYBRID&modelYear=2019,200,4170,d9d2ed5244f57fc20eb5c73defe57cb1f39f2585c3386698c4c492c4113aea22,2026-10-02T08:59:12+00:00,nhtsa/recalls/toyota/rav4-hybrid_2019.json.gz,ok,
complaints,toyota,toyota/highlander,HIGHLANDER,2019,https://api.nhtsa.gov/complaints/complaintsByVehicle?make=TOYOTA&model=HIGHLANDER&modelYear=2019,200,489734,acbb5b943a2887328d7c7dd40d4c71e1a7595bc0b8a628bbbd8a5680ab771adc,2026-10-02T08:59:14+00:00,nhtsa/complaints/toyota/highlander_2019.json.gz,ok,
complaints,toyota,toyota/highlander,HIGHLANDER HYBRID,2019,https://api.nhtsa.gov/complaints/complaintsByVehicle?make=TOYOTA&model=HIGHLANDER+HYBRID&modelYear=2019,200,8110,92886676950855139dec71a3b2dda621f0c7a61a5640e8a4b941554cb01648c6,2026-10-02T08:59:16+00:00,nhtsa/complaints/toyota/highlander-hybrid_2019.json.gz,ok,
complaints,toyota,toyota/corolla,COROLLA,2019,https://api.nhtsa.gov/complaints/complaintsByVehicle?make=TOYOTA&model=COROLLA&modelYear=2019,200,192915,622feef3a4aae5bb8c147e26cc570883dcc3eec90863bb2e89af5b8b5b0f7041,2026-10-02T08:59:20+00:00,nhtsa/complaints/toyota/corolla_2019.json.gz,ok,
complaints,toyota,toyota/prius,PRIUS,2019,https://api.nhtsa.gov/complaints/complaintsByVehicle?make=TOYOTA&model=PRIUS&modelYear=2019,200,31625,47bcc5715748ee4bb1477b6d42e75e06a56bdc444b987851c3a1669cf747a47a,2026-10-02T08:59:23+00:00,nhtsa/complaints/toyota/prius_2019.json.gz,ok,
complaints,toyota,toyota/prius,PRIUS PRIME,2019,https://api.nhtsa.gov/complaints/complaintsByVehicle?make=TOYOTA&model=PRIUS+PRIME&modelYear=2019,200,8392,401b5cacacf9d2e84757744d1fd84d62ec8c460ceadb605aefc180485d2d0acc,2026-10-02T08:59:26+00:00,nhtsa/complaints/toyota/prius-prime_2019.json.gz,ok,
complaints,toyota,toyota/rav4,RAV4,2019,https://api.nhtsa.gov/complaints/complaintsByVehicle?make=TOYOTA&model=RAV4&modelYear=2019,200,816422,ea13a4a7180c99702ce8c2375330ab476e7b22adbd9d48cff26ee55be08057ac,2026-10-02T08:59:28+00:00,nhtsa/complaints/toyota/rav4_2019.json.gz,ok,
complaints,toyota,toyota/rav4,RAV4 HYBRID,2019,https://api.nhtsa.gov/complaints/complaintsByVehicle?make=TOYOTA&model=RAV4+HYBRID&modelYear=2019,200,21157,359561f951e99d0229bd70555f3564c478d6ce30907a83467d7483088cbc3e47,2026-10-02T08:59:30+00:00,nhtsa/complaints/toyota/rav4-hybrid_2019.json.gz,ok,
recalls,toyota,toyota/highlander,HIGHLANDER,2020,https://api.nhtsa.gov/recalls/recallsByVehicle?make=TOYOTA&model=HIGHLANDER&modelYear=2020,200,4817,4b160d0797f433ecfa9f0bf7fd03aa7696f9c0cf6e56381508a84c3f760470cb,2026-10-02T08:59:32+00:00,nhtsa/recalls/toyota/highlander_2020.json.gz,ok,
recalls,toyota,toyota/highlander,HIGHLANDER HYBRID,2020,https://api.nhtsa.gov/recalls/recallsByVehicle?make=TOYOTA&model=HIGHLANDER+HYBRID&modelYear=2020,200,5186,ae0cf2d4554d25c42f789a52fea0a869259b0de76d8fc1212ebe93ab632ece28,2026-10-02T08:59:34+00:00,nhtsa/recalls/toyota/highlander-hybrid_2020.json.gz,ok,
recalls,toyota,toyota/corolla,COROLLA,2020,https://api.nhtsa.gov/recalls/recallsByVehicle?make=TOYOTA&model=COROLLA&modelYear=2020,200,4739,655a4ac092c2335fc415604fed999676a6d5ec1b6554a372ebe9ece9622308be,2026-10-02T08:59:36+00:00,nhtsa/recalls/toyota/corolla_2020.json.gz,ok,
recalls,toyota,toyota/prius,PRIUS PRIME,2020,https://api.nhtsa.gov/recalls/recallsByVehicle?make=TOYOTA&model=PRIUS+PRIME&modelYear=2020,200,1568,f6c14b1c103658d9ff62d7be4756fba9acc846ba9c7bcf56f9b5a294b05e2334,2026-10-02T08:59:38+00:00,nhtsa/recalls/toyota/prius-prime_2020.json.gz,ok,
recalls,toyota,toyota/corolla,COROLLA HYBRID,2020,https://api.nhtsa.gov/recalls/recallsByVehicle?make=TOYOTA&model=COROLLA+HYBRID&modelYear=2020,200,2816,61be56ec287c2c6ef4c3ff003569646eb14de421ed2b2f611000285a5f015657,2026-10-02T08:59:39+00:00,nhtsa/recalls/toyota/corolla-hybrid_2020.json.gz,ok,
recalls,toyota,toyota/prius,PRIUS,2020,https://api.nhtsa.gov/recalls/recallsByVehicle?make=TOYOTA&model=PRIUS&modelYear=2020,400,66,74147c27e8c00a68fa4708025f0aa95a3dbb3bea68b4d5417efb2bef19d1e786,2026-10-02T08:59:41+00:00,nhtsa/recalls/toyota/prius_2020.json.gz,ok,empty result (HTTP 400 for zero matches)
recalls,toyota,toyota/rav4,RAV4,2020,https://api.nhtsa.gov/recalls/recallsByVehicle?make=TOYOTA&model=RAV4&modelYear=2020,200,8573,abebc85d0c89f8f93dcb8b677ced326ba00027a352c1758d896467bd4322ddf0,2026-10-02T08:59:43+00:00,nhtsa/recalls/toyota/rav4_2020.json.gz,ok,
recalls,toyota,toyota/rav4,RAV4 HYBRID,2020,https://api.nhtsa.gov/recalls/recallsByVehicle?make=TOYOTA&model=RAV4+HYBRID&modelYear=2020,200,6601,23ccf94ba67f832ff3c1e87c99a18110d7c4e04a677f87d434052a2028296c94,2026-10-02T08:59:44+00:00,nhtsa/recalls/toyota/rav4-hybrid_2020.json.gz,ok,
complaints,toyota,toyota/highlander,HIGHLANDER,2020,https://api.nhtsa.gov/complaints/complaintsByVehicle?make=TOYOTA&model=HIGHLANDER&modelYear=2020,200,307355,19ffcf1890fb391292fef70ad33eabd807a1398dc226023ebb7474ccbb899465,2026-10-02T08:59:46+00:00,nhtsa/complaints/toyota/highlander_2020.json.gz,ok,
complaints,toyota,toyota/highlander,HIGHLANDER HYBRID,2020,https://api.nhtsa.gov/complaints/complaintsByVehicle?make=TOYOTA&model=HIGHLANDER+HYBRID&modelYear=2020,200,8675,0520ea61ade5ee8e65c5c00f36c6ac875124c711e3a1f9d51bdaa04fb1922c7f,2026-10-02T08:59:48+00:00,nhtsa/complaints/toyota/highlander-hybrid_2020.json.gz,ok,
complaints,toyota,toyota/corolla,COROLLA,2020,https://api.nhtsa.gov/complaints/complaintsByVehicle?make=TOYOTA&model=COROLLA&modelYear=2020,200,277408,ebe6c5eca15a5b64dd2aed6242c7258622990161079add71fb1544caebdc0b14,2026-10-02T08:59:52+00:00,nhtsa/complaints/toyota/corolla_2020.json.gz,ok,
complaints,toyota,toyota/prius,PRIUS PRIME,2020,https://api.nhtsa.gov/complaints/complaintsByVehicle?make=TOYOTA&model=PRIUS+PRIME&modelYear=2020,200,15876,4dd04013bffd8ff5d57c4762f414b7219874f3b19ed2697ca1b967bec6e6f91f,2026-10-02T08:59:54+00:00,nhtsa/complaints/toyota/prius-prime_2020.json.gz,ok,
complaints,toyota,toyota/corolla,COROLLA HYBRID,2020,https://api.nhtsa.gov/complaints/complaintsByVehicle?make=TOYOTA&model=COROLLA+HYBRID&modelYear=2020,200,835,33ec83977576a85076569262719850330ed2c947d41455b232172eb0ec3207ac,2026-10-02T08:59:56+00:00,nhtsa/complaints/toyota/corolla-hybrid_2020.json.gz,ok,
complaints,toyota,toyota/prius,PRIUS,2020,https://api.nhtsa.gov/complaints/complaintsByVehicle?make=TOYOTA&model=PRIUS&modelYear=2020,200,13429,eb24ee4a6618e9660679bab11d8d134e255a87d293d8f25176872d4f9e6e26ed,2026-10-02T08:59:59+00:00,nhtsa/complaints/toyota/prius_2020.json.gz,ok,
complaints,toyota,toyota/rav4,RAV4,2020,https://api.nhtsa.gov/complaints/complaintsByVehicle?make=TOYOTA&model=RAV4&modelYear=2020,200,580409,028f5c1d40fcf45d0209d2881752f10910244c213ca8935adcccf6428a40b87c,2026-10-02T09:00:01+00:00,nhtsa/complaints/toyota/rav4_2020.json.gz,ok,
complaints,toyota,toyota/rav4,RAV4 HYBRID,2020,https://api.nhtsa.gov/complaints/complaintsByVehicle?make=TOYOTA&model=RAV4+HYBRID&modelYear=2020,200,12916,c5bd9c998371c7c5fa923d67010269f3c12cdd4adcce3369121d1d47018f3478,2026-10-02T09:00:03+00:00,nhtsa/complaints/toyota/rav4-hybrid_2020.json.gz,ok,
recalls,toyota,toyota/prius,PRIUS,2021,https://api.nhtsa.gov/recalls/recallsByVehicle?make=TOYOTA&model=PRIUS&modelYear=2021,400,66,74147c27e8c00a68fa4708025f0aa95a3dbb3bea68b4d5417efb2bef19d1e786,2026-10-02T09:00:05+00:00,nhtsa/recalls/toyota/prius_2021.json.gz,ok,empty result (HTTP 400 for zero matches)
recalls,toyota,toyota/rav4,RAV4,2021,https://api.nhtsa.gov/recalls/recallsByVehicle?make=TOYOTA&model=RAV4&modelYear=2021,200,1488,7bda8ad44441f16a5fe980474ff11e610aaf5db70771e3a604b8c5636c86f2a1,2026-10-02T09:00:06+00:00,nhtsa/recalls/toyota/rav4_2021.json.gz,ok,
recalls,toyota,toyota/rav4,RAV4 HYBRID,2021,https://api.nhtsa.gov/recalls/recallsByVehicle?make=TOYOTA&model=RAV4+HYBRID&modelYear=2021,200,1495,388951f33e31745d150676a7429fb60cac949b55478717bae636fcab0dbd0c40,2026-10-02T09:00:08+00:00,nhtsa/recalls/toyota/rav4-hybrid_2021.json.gz,ok,
recalls,toyota,toyota/rav4,RAV4 PRIME,2021,https://api.nhtsa.gov/recalls/recallsByVehicle?make=TOYOTA&model=RAV4+PRIME&modelYear=2021,200,5379,48a454bf726808f4c31d1a96e9879d67d617c34c13dfefb8bee763d825ccab54,2026-10-02T09:00:10+00:00,nhtsa/recalls/toyota/rav4-prime_2021.json.gz,ok,
recalls,toyota,toyota/highlander,HIGHLANDER,2021,https://api.nhtsa.gov/recalls/recallsByVehicle?make=TOYOTA&model=HIGHLANDER&modelYear=2021,200,4728,e4a9a1c5e5dc008c4fdd79b326ee220ac9caf7de0b61d2e1d4b9dff51db3af7b,2026-10-02T09:00:12+00:00,nhtsa/recalls/toyota/highlander_2021.json.gz,ok,
recalls,toyota,toyota/highlander,HIGHLANDER HYBRID,2021,https://api.nhtsa.gov/recalls/recallsByVehicle?make=TOYOTA&model=HIGHLANDER+HYBRID&modelYear=2021,200,5024,cd1796c60f5e1cf4a7da7bf435895316ad99a1efb1c284ea1ee22ecc8890edb6,2026-10-02T09:00:14+00:00,nhtsa/recalls/toyota/highlander-hybrid_2021.json.gz,ok,
recalls,toyota,toyota/prius,PRIUS PRIME,2021,https://api.nhtsa.gov/recalls/recallsByVehicle?make=TOYOTA&model=PRIUS+PRIME&modelYear=2021,400,66,74147c27e8c00a68fa4708025f0aa95a3dbb3bea68b4d5417efb2bef19d1e786,2026-10-02T09:00:16+00:00,nhtsa/recalls/toyota/prius-prime_2021.json.gz,ok,empty result (HTTP 400 for zero matches)
recalls,toyota,toyota/corolla,COROLLA,2021,https://api.nhtsa.gov/recalls/recallsByVehicle?make=TOYOTA&model=COROLLA&modelYear=2021,200,1491,664e0f8338cf2b5ca21371d7d454615965ef79b24407034c25cfde629b93f1cb,2026-10-02T09:00:17+00:00,nhtsa/recalls/toyota/corolla_2021.json.gz,ok,
complaints,toyota,toyota/prius,PRIUS,2021,https://api.nhtsa.gov/complaints/complaintsByVehicle?make=TOYOTA&model=PRIUS&modelYear=2021,200,5410,b183abe39ff751f37259c03a5b92fb5a057bd969b6909d03436a44f4df806bbd,2026-10-02T09:00:20+00:00,nhtsa/complaints/toyota/prius_2021.json.gz,ok,
complaints,toyota,toyota/rav4,RAV4,2021,https://api.nhtsa.gov/complaints/complaintsByVehicle?make=TOYOTA&model=RAV4&modelYear=2021,200,409586,0cae3a0433efca678c984435d221fbcb197cc6ba90ba0797ff7af000d809a6c0,2026-10-02T09:00:22+00:00,nhtsa/complaints/toyota/rav4_2021.json.gz,ok,
complaints,toyota,toyota/rav4,RAV4 HYBRID,2021,https://api.nhtsa.gov/complaints/complaintsByVehicle?make=TOYOTA&model=RAV4+HYBRID&modelYear=2021,200,20570,74ec1ab461f72be699d6fc17895ad857bf468391c640cb67345ff71b9a7c693d,2026-10-02T09:00:24+00:00,nhtsa/complaints/toyota/rav4-hybrid_2021.json.gz,ok,
complaints,toyota,toyota/rav4,RAV4 PRIME,2021,https://api.nhtsa.gov/complaints/complaintsByVehicle?make=TOYOTA&model=RAV4+PRIME&modelYear=2021,200,107241,a8a866e0f631f28413dc99ecc577e859c4d05fa34b5f31fc1c99f9870058b6db,2026-10-02T09:00:26+00:00,nhtsa/complaints/toyota/rav4-prime_2021.json.gz,ok,
complaints,toyota,toyota/highlander,HIGHLANDER,2021,https://api.nhtsa.gov/complaints/complaintsByVehicle?make=TOYOTA&model=HIGHLANDER&modelYear=2021,200,528241,1534040d48cacb90855ee8e817e36b329ef508e11cd6ef4f44b3c20cfe4f6b00,2026-10-02T09:00:28+00:00,nhtsa/complaints/toyota/highlander_2021.json.gz,ok,
complaints,toyota,toyota/highlander,HIGHLANDER HYBRID,2021,https://api.nhtsa.gov/complaints/complaintsByVehicle?make=TOYOTA&model=HIGHLANDER+HYBRID&modelYear=2021,200,14517,b3ac27fbf61506e6253c594c5f3f97a263753ab32592d6b7763609a870f81155,2026-10-02T09:00:30+00:00,nhtsa/complaints/toyota/highlander-hybrid_2021.json.gz,ok,
complaints,toyota,toyota/prius,PRIUS PRIME,2021,https://api.nhtsa.gov/complaints/complaintsByVehicle?make=TOYOTA&model=PRIUS+PRIME&modelYear=2021,200,9932,be9d0a9ce85493b1bcf41babe829d1f4e144cdac5e16093f5129041cb2dcafd5,2026-10-02T09:00:31+00:00,nhtsa/complaints/toyota/prius-prime_2021.json.gz,ok,
complaints,toyota,toyota/corolla,COROLLA,2021,https://api.nhtsa.gov/complaints/complaintsByVehicle?make=TOYOTA&model=COROLLA&modelYear=2021,200,179813,875759fbe5370fd0655992fb9b812abdf95cff684392995800a23b2787573785,2026-10-02T09:00:34+00:00,nhtsa/complaints/toyota/corolla_2021.json.gz,ok,
recalls,toyota,toyota/corolla,COROLLA,2022,https://api.nhtsa.gov/recalls/recallsByVehicle?make=TOYOTA&model=COROLLA&modelYear=2022,400,66,74147c27e8c00a68fa4708025f0aa95a3dbb3bea68b4d5417efb2bef19d1e786,2026-10-02T09:00:36+00:00,nhtsa/recalls/toyota/corolla_2022.json.gz,ok,empty result (HTTP 400 for zero matches)
recalls,toyota,toyota/corolla,COROLLA HYBRID,2022,https://api.nhtsa.gov/recalls/recallsByVehicle?make=TOYOTA&model=COROLLA+HYBRID&modelYear=2022,400,66,74147c27e8c00a68fa4708025f0aa95a3dbb3bea68b4d5417efb2bef19d1e786,2026-10-02T09:00:37+00:00,nhtsa/recalls/toyota/corolla-hybrid_2022.json.gz,ok,empty result (HTTP 400 for zero matches)
recalls,toyota,toyota/corolla,COROLLA HATCHBACK,2022,https://api.nhtsa.gov/recalls/recallsByVehicle?make=TOYOTA&model=COROLLA+HATCHBACK&modelYear=2022,400,66,74147c27e8c00a68fa4708025f0aa95a3dbb3bea68b4d5417efb2bef19d1e786,2026-10-02T09:00:39+00:00,nhtsa/recalls/toyota/corolla-hatchback_2022.json.gz,ok,empty result (HTTP 400 for zero matches)
recalls,toyota,toyota/prius,PRIUS,2022,https://api.nhtsa.gov/recalls/recallsByVehicle?make=TOYOTA&model=PRIUS&modelYear=2022,200,1123,7f8eb18986dbf74ee6baca01ed31cfbaa1730cf496a517c657ff83b10486412b,2026-10-02T09:00:41+00:00,nhtsa/recalls/toyota/prius_2022.json.gz,ok,
recalls,toyota,toyota/prius,PRIUS PRIME,2022,https://api.nhtsa.gov/recalls/recallsByVehicle?make=TOYOTA&model=PRIUS+PRIME&modelYear=2022,200,1129,b3acee52573e78504acd2233e34a22595bb03d4f041beae43d366cde3e178aec,2026-10-02T09:00:43+00:00,nhtsa/recalls/toyota/prius-prime_2022.json.gz,ok,
recalls,toyota,toyota/rav4,RAV4,2022,https://api.nhtsa.gov/recalls/recallsByVehicle?make=TOYOTA&model=RAV4&modelYear=2022,200,1420,4b18df7ab5c5b7f5e60106fcf348ef4897f74cff4a8bfc7fba675c05f357a309,2026-10-02T09:00:45+00:00,nhtsa/recalls/toyota/rav4_2022.json.gz,ok,
recalls,toyota,toyota/rav4,RAV4 HYBRID,2022,https://api.nhtsa.gov/recalls/recallsByVehicle?make=TOYOTA&model=RAV4+HYBRID&modelYear=2022,200,2882,ba614e63c8a07a1c4565120062f0bd149bfb49faf63b77b995a52a351610629c,2026-10-02T09:00:47+00:00,nhtsa/recalls/toyota/rav4-hybrid_2022.json.gz,ok,
recalls,toyota,toyota/highlander,HIGHLANDER,2022,https://api.nhtsa.gov/recalls/recallsByVehicle?make=TOYOTA&model=HIGHLANDER&modelYear=2022,200,5789,14350dbfcf20d4b483b46766b68fe7a020c268af1a4d735b73fd4ba3360e0456,2026-10-02T09:00:48+00:00,nhtsa/recalls/toyota/highlander_2022.json.gz,ok,
recalls,toyota,toyota/highlander,HIGHLANDER HYBRID,2022,https://api.nhtsa.gov/recalls/recallsByVehicle?make=TOYOTA&model=HIGHLANDER+HYBRID&modelYear=2022,200,4852,101d4aaa324769c6c0723b68e2e714608dc3137412d18c5c6dd8316aeb3674f0,2026-10-02T09:00:51+00:00,nhtsa/recalls/toyota/highlander-hybrid_2022.json.gz,ok,
recalls,toyota,toyota/rav4,RAV4 PRIME,2022,https://api.nhtsa.gov/recalls/recallsByVehicle?make=TOYOTA&model=RAV4+PRIME&modelYear=2022,200,4215,9efbb0cb8149f90e4351d248866d83cc302e0e71ce856ae9195b6c86151dc052,2026-10-02T09:00:52+00:00,nhtsa/recalls/toyota/rav4-prime_2022.json.gz,ok,
complaints,toyota,toyota/corolla,COROLLA,2022,https://api.nhtsa.gov/complaints/complaintsByVehicle?make=TOYOTA&model=COROLLA&modelYear=2022,200,102298,b8b3430eba5bdfb640091b1a7b9b1508f156749c5f49d924e5540adfbc74092f,2026-10-02T09:00:54+00:00,nhtsa/complaints/toyota/corolla_2022.json.gz,ok,
complaints,toyota,toyota/corolla,COROLLA HYBRID,2022,https://api.nhtsa.gov/complaints/complaintsByVehicle?make=TOYOTA&model=COROLLA+HYBRID&modelYear=2022,200,1147,143f10720bd21793479b0dc2052e19cb9e4816c0e1272e14a78248f267853d97,2026-10-02T09:00:56+00:00,nhtsa/complaints/toyota/corolla-hybrid_2022.json.gz,ok,
complaints,toyota,toyota/corolla,COROLLA HATCHBACK,2022,https://api.nhtsa.gov/complaints/complaintsByVehicle?make=TOYOTA&model=COROLLA+HATCHBACK&modelYear=2022,200,2382,c45dc7cd8137d05b70a5409258fc78488571f159733b74cbafd08c21908f20ea,2026-10-02T09:00:58+00:00,nhtsa/complaints/toyota/corolla-hatchback_2022.json.gz,ok,
complaints,toyota,toyota/prius,PRIUS,2022,https://api.nhtsa.gov/complaints/complaintsByVehicle?make=TOYOTA&model=PRIUS&modelYear=2022,200,23369,340280dea1147bab3cb75dd2f1502f17136d239e20795ef463da5d78cc1e40c9,2026-10-02T09:01:01+00:00,nhtsa/complaints/toyota/prius_2022.json.gz,ok,
complaints,toyota,toyota/prius,PRIUS PRIME,2022,https://api.nhtsa.gov/complaints/complaintsByVehicle?make=TOYOTA&model=PRIUS+PRIME&modelYear=2022,200,8564,28dff2a8d5fe99e75a9147c3e1e25e8c3259caad2dd5b3b62fae3288411ef7e3,2026-10-02T09:01:05+00:00,nhtsa/complaints/toyota/prius-prime_2022.json.gz,ok,
complaints,toyota,toyota/rav4,RAV4,2022,https://api.nhtsa.gov/complaints/complaintsByVehicle?make=TOYOTA&model=RAV4&modelYear=2022,200,149754,c0ebea7b987875ddc7651d5cdcf8cd44cb37ca4bbb7603e125e90ce42c44ec48,2026-10-02T09:01:07+00:00,nhtsa/complaints/toyota/rav4_2022.json.gz,ok,
complaints,toyota,toyota/rav4,RAV4 HYBRID,2022,https://api.nhtsa.gov/complaints/complaintsByVehicle?make=TOYOTA&model=RAV4+HYBRID&modelYear=2022,200,6274,44a471a38d090d7a7a0b1efaf82107f8f240f6a5791b7f6a1ca9654eae53045a,2026-10-02T09:01:09+00:00,nhtsa/complaints/toyota/rav4-hybrid_2022.json.gz,ok,
complaints,toyota,toyota/highlander,HIGHLANDER,2022,https://api.nhtsa.gov/complaints/complaintsByVehicle?make=TOYOTA&model=HIGHLANDER&modelYear=2022,200,252575,8a4234ce3596e28e1f69f932a78eee62d073dfe943f377161b82dd6ff2815e34,2026-10-02T09:01:11+00:00,nhtsa/complaints/toyota/highlander_2022.json.gz,ok,
complaints,toyota,toyota/highlander,HIGHLANDER HYBRID,2022,https://api.nhtsa.gov/complaints/complaintsByVehicle?make=TOYOTA&model=HIGHLANDER+HYBRID&modelYear=2022,200,7481,936fd9bfaaa1213f95a41f7ca1176bf689773aa7074fe771d4e4fbac6bcdc88c,2026-10-02T09:01:13+00:00,nhtsa/complaints/toyota/highlander-hybrid_2022.json.gz,ok,
complaints,toyota,toyota/rav4,RAV4 PRIME,2022,https://api.nhtsa.gov/complaints/complaintsByVehicle?make=TOYOTA&model=RAV4+PRIME&modelYear=2022,200,24053,a6e52c7bb144b8b0d63182b10764a29a9ddcdab79de621f75601c97987e3c310,2026-10-02T09:01:15+00:00,nhtsa/complaints/toyota/rav4-prime_2022.json.gz,ok,
recalls,toyota,toyota/corolla,COROLLA,2023,https://api.nhtsa.gov/recalls/recallsByVehicle?make=TOYOTA&model=COROLLA&modelYear=2023,200,4167,966ed459542592a9f9c328503448301661821a68af5a70096fc0a08dc49cc02e,2026-10-02T09:01:17+00:00,nhtsa/recalls/toyota/corolla_2023.json.gz,ok,
recalls,toyota,toyota/corolla,GR COROLLA,2023,https://api.nhtsa.gov/recalls/recallsByVehicle?make=TOYOTA&model=GR+COROLLA&modelYear=2023,200,3020,42dfdb3369f93548de1b9797dc077e967a8e2d15cc2d0d0bc9c1dd73f3d79cf1,2026-10-02T09:01:19+00:00,nhtsa/recalls/toyota/gr-corolla_2023.json.gz,ok,
recalls,toyota,toyota/prius,PRIUS,2023,https://api.nhtsa.gov/recalls/recallsByVehicle?make=TOYOTA&model=PRIUS&modelYear=2023,200,4951,0e5ca5e48c81273913fe488094555a028c17ed342efdc6468d9d2e0c48736d9b,2026-10-02T09:01:21+00:00,nhtsa/recalls/toyota/prius_2023.json.gz,ok,
recalls,toyota,toyota/rav4,RAV4,2023,https://api.nhtsa.gov/recalls/recallsByVehicle?make=TOYOTA&model=RAV4&modelYear=2023,200,4166,7c70d904e35fecb736b129170e8dda436169e4dfbf1d5b991d0492531784a26b,2026-10-02T09:01:23+00:00,nhtsa/recalls/toyota/rav4_2023.json.gz,ok,
recalls,toyota,toyota/rav4,RAV4 HYBRID,2023,https://api.nhtsa.gov/recalls/recallsByVehicle?make=TOYOTA&model=RAV4+HYBRID&modelYear=2023,200,1310,5855e019ce1d9c0ec7cb8843eff7e0cbbceda7c53a71758e0478eea553861da4,2026-10-02T09:01:24+00:00,nhtsa/recalls/toyota/rav4-hybrid_2023.json.gz,ok,
recalls,toyota,toyota/rav4,RAV4 PRIME,2023,https://api.nhtsa.gov/recalls/recallsByVehicle?make=TOYOTA&model=RAV4+PRIME&modelYear=2023,200,2801,b2492ef6dee39d87a40740506d84012c8fef576db4572cc912f8564d7b86d6a6,2026-10-02T09:01:26+00:00,nhtsa/recalls/toyota/rav4-prime_2023.json.gz,ok,
recalls,toyota,toyota/highlander,HIGHLANDER,2023,https://api.nhtsa.gov/recalls/recallsByVehicle?make=TOYOTA&model=HIGHLANDER&modelYear=2023,200,11722,f172dc30d239ffc209984821fffaf9096a4660f6552d84230395640fd78fd827,2026-10-02T09:01:28+00:00,nhtsa/recalls/toyota/highlander_2023.json.gz,ok,
recalls,toyota,toyota/highlander,HIGHLANDER HYBRID,2023,https://api.nhtsa.gov/recalls/recallsByVehicle?make=TOYOTA&model=HIGHLANDER+HYBRID&modelYear=2023,200,7853,34356379529f26ca3de04cf382aa3378ce2dc181a7c90de6a1ec0e685c5d08fe,2026-10-02T09:01:30+00:00,nhtsa/recalls/toyota/highlander-hybrid_2023.json.gz,ok,
recalls,toyota,toyota/prius,PRIUS PRIME,2023,https://api.nhtsa.gov/recalls/recallsByVehicle?make=TOYOTA&model=PRIUS+PRIME&modelYear=2023,200,4975,640017021a04d8c05b38e1b1dab1fb289f5f25515c6eadbd8829d7f541d9d384,2026-10-02T09:01:32+00:00,nhtsa/recalls/toyota/prius-prime_2023.json.gz,ok,
complaints,toyota,toyota/corolla,COROLLA,2023,https://api.nhtsa.gov/complaints/complaintsByVehicle?make=TOYOTA&model=COROLLA&modelYear=2023,200,80159,4b5c78113e4088f3022e741790faab0088b1518abb75d01eea5d550e549b9161,2026-10-02T09:01:34+00:00,nhtsa/complaints/toyota/corolla_2023.json.gz,ok,
complaints,toyota,toyota/corolla,GR COROLLA,2023,https://api.nhtsa.gov/complaints/complaintsByVehicle?make=TOYOTA&model=GR+COROLLA&modelYear=2023,200,14385,31b33cb66e44b611cc89dac63da2fa7dd9326ea2417271c723e805b2ee17f4ec,2026-10-02T09:01:36+00:00,nhtsa/complaints/toyota/gr-corolla_2023.json.gz,ok,
complaints,toyota,toyota/prius,PRIUS,2023,https://api.nhtsa.gov/complaints/complaintsByVehicle?make=TOYOTA&model=PRIUS&modelYear=2023,200,21814,1bda3f292f7c8179d3117ef3aa05e469285b7ed5f5001a32d4e124d80f0fc916,2026-10-02T09:01:37+00:00,nhtsa/complaints/toyota/prius_2023.json.gz,ok,
complaints,toyota,toyota/rav4,RAV4,2023,https://api.nhtsa.gov/complaints/complaintsByVehicle?make=TOYOTA&model=RAV4&modelYear=2023,200,175440,bb80530efe5eb3ad69395463ee84095425548a993c302cf0754e3ab20732c8e0,2026-10-02T09:01:39+00:00,nhtsa/complaints/toyota/rav4_2023.json.gz,ok,
complaints,toyota,toyota/rav4,RAV4 HYBRID,2023,https://api.nhtsa.gov/complaints/complaintsByVehicle?make=TOYOTA&model=RAV4+HYBRID&modelYear=2023,200,9691,912e0636ea4f2ff9ec6ea5a3b4abfcb1e8a5cf1cb35407b79864e7bd209b6451,2026-10-02T09:01:41+00:00,nhtsa/complaints/toyota/rav4-hybrid_2023.json.gz,ok,
complaints,toyota,toyota/rav4,RAV4 PRIME,2023,https://api.nhtsa.gov/complaints/complaintsByVehicle?make=TOYOTA&model=RAV4+PRIME&modelYear=2023,200,75491,f4cdf9fc4aea6bf79fb4914fd038d94ffe70fe50de780003b0c76d5aef11c37a,2026-10-02T09:01:43+00:00,nhtsa/complaints/toyota/rav4-prime_2023.json.gz,ok,
complaints,toyota,toyota/highlander,HIGHLANDER,2023,https://api.nhtsa.gov/complaints/complaintsByVehicle?make=TOYOTA&model=HIGHLANDER&modelYear=2023,200,180044,4b9bcc3728826b30422429c691ec16e9a9db3f835d6ef7f1e17f998cfe98e89f,2026-10-02T09:01:45+00:00,nhtsa/complaints/toyota/highlander_2023.json.gz,ok,
complaints,toyota,toyota/highlander,HIGHLANDER HYBRID,2023,https://api.nhtsa.gov/complaints/complaintsByVehicle?make=TOYOTA&model=HIGHLANDER+HYBRID&modelYear=2023,200,9201,b36146d1758fb3b64b00ce66927a418924c803145d8b9f7b496f809400407f8d,2026-10-02T09:01:46+00:00,nhtsa/complaints/toyota/highlander-hybrid_2023.json.gz,ok,
complaints,toyota,toyota/prius,PRIUS PRIME,2023,https://api.nhtsa.gov/complaints/complaintsByVehicle?make=TOYOTA&model=PRIUS+PRIME&modelYear=2023,200,9285,ef6f3f17b244817e78843c94d9eda790d801ae5c78907e447d0eca93745a51e7,2026-10-02T09:01:48+00:00,nhtsa/complaints/toyota/prius-prime_2023.json.gz,ok,
recalls,toyota,toyota/prius,PRIUS,2024,https://api.nhtsa.gov/recalls/recallsByVehicle?make=TOYOTA&model=PRIUS&modelYear=2024,200,4951,0bbc4660563a398451b66eb1109d93db3130cd70db10ca92fe2f8533d94d694c,2026-10-02T09:01:50+00:00,nhtsa/recalls/toyota/prius_2024.json.gz,ok,
recalls,toyota,toyota/rav4,RAV4,2024,https://api.nhtsa.gov/recalls/recallsByVehicle?make=TOYOTA&model=RAV4&modelYear=2024,200,4211,2aa828f6268a17eb93034af7c5ca4762d67d48891bba45e9efee978ae6d311bf,2026-10-02T09:01:52+00:00,nhtsa/recalls/toyota/rav4_2024.json.gz,ok,
recalls,toyota,toyota/corolla,COROLLA,2024,https://api.nhtsa.gov/recalls/recallsByVehicle?make=TOYOTA&model=COROLLA&modelYear=2024,200,2642,736d5dba08089f5fdac2a744f8e7e3c42b1ae90e16b2f418b8216615c1f62d16,2026-10-02T09:01:53+00:00,nhtsa/recalls/toyota/corolla_2024.json.gz,ok,
recalls,toyota,toyota/corolla,COROLLA HYBRID,2024,https://api.nhtsa.gov/recalls/recallsByVehicle?make=TOYOTA&model=COROLLA+HYBRID&modelYear=2024,200,2413,ea71d68aedaed808d10d20adef06b2aa1d4f0f788a00340c25c0f8e0941ed08f,2026-10-02T09:01:55+00:00,nhtsa/recalls/toyota/corolla-hybrid_2024.json.gz,ok,
recalls,toyota,toyota/corolla,GR COROLLA,2024,https://api.nhtsa.gov/recalls/recallsByVehicle?make=TOYOTA&model=GR+COROLLA&modelYear=2024,200,3020,152b0f34353b90bd1275b6642a974367e687bc1fbefc5560c685fa1f31cb9460,2026-10-02T09:01:57+00:00,nhtsa/recalls/toyota/gr-corolla_2024.json.gz,ok,
recalls,toyota,toyota/prius,PRIUS PRIME,2024,https://api.nhtsa.gov/recalls/recallsByVehicle?make=TOYOTA&model=PRIUS+PRIME&modelYear=2024,200,4975,4d85fa9b10d24d9d4a09e02633eb22c4a1e9776d0748d352697fc24c29bd4dca,2026-10-02T09:01:59+00:00,nhtsa/recalls/toyota/prius-prime_2024.json.gz,ok,
recalls,toyota,toyota/rav4,RAV4 HYBRID,2024,https://api.nhtsa.gov/recalls/recallsByVehicle?make=TOYOTA&model=RAV4+HYBRID&modelYear=2024,200,2600,1d0b7e5a5a39dd38d9821b0ff745a2fdf3413f7bd8dc928da98a9489f97538bf,2026-10-02T09:02:01+00:00,nhtsa/recalls/toyota/rav4-hybrid_2024.json.gz,ok,
recalls,toyota,toyota/rav4,RAV4 PRIME,2024,https://api.nhtsa.gov/recalls/recallsByVehicle?make=TOYOTA&model=RAV4+PRIME&modelYear=2024,200,2801,30323a42d74b0d1ae6cab2f1372a2ecffe49644dcde57d41e134d2d17bc77776,2026-10-02T09:02:03+00:00,nhtsa/recalls/toyota/rav4-prime_2024.json.gz,ok,
recalls,toyota,toyota/highlander,HIGHLANDER,2024,https://api.nhtsa.gov/recalls/recallsByVehicle?make=TOYOTA&model=HIGHLANDER&modelYear=2024,200,8602,22145dca666be5bf088c5132a4e34da822b1164dab0a5909fdbc5d79a0fc9e73,2026-10-02T09:02:05+00:00,nhtsa/recalls/toyota/highlander_2024.json.gz,ok,
complaints,toyota,toyota/prius,PRIUS,2024,https://api.nhtsa.gov/complaints/complaintsByVehicle?make=TOYOTA&model=PRIUS&modelYear=2024,200,31706,3005caa4a2b763526895f3c6e7a0ea7d121512d13013e862bc12831414ff047e,2026-10-02T09:02:07+00:00,nhtsa/complaints/toyota/prius_2024.json.gz,ok,
complaints,toyota,toyota/rav4,RAV4,2024,https://api.nhtsa.gov/complaints/complaintsByVehicle?make=TOYOTA&model=RAV4&modelYear=2024,200,187789,4f8798891bee457943214331b1cb46e69f9bc89cef2873316571a58146eebe2d,2026-10-02T09:02:09+00:00,nhtsa/complaints/toyota/rav4_2024.json.gz,ok,
complaints,toyota,toyota/corolla,COROLLA,2024,https://api.nhtsa.gov/complaints/complaintsByVehicle?make=TOYOTA&model=COROLLA&modelYear=2024,200,77731,1b0bf1b15d9823d115e78a145d16564ef0d89360b38b701a25e8446fbff9d393,2026-10-02T09:02:11+00:00,nhtsa/complaints/toyota/corolla_2024.json.gz,ok,
complaints,toyota,toyota/corolla,COROLLA HYBRID,2024,https://api.nhtsa.gov/complaints/complaintsByVehicle?make=TOYOTA&model=COROLLA+HYBRID&modelYear=2024,200,2453,f11f438238f2f0d4c88b624d05b948354255c4e09b11312f6fd5dd944fb4c2e5,2026-10-02T09:02:13+00:00,nhtsa/complaints/toyota/corolla-hybrid_2024.json.gz,ok,
complaints,toyota,toyota/corolla,GR COROLLA,2024,https://api.nhtsa.gov/complaints/complaintsByVehicle?make=TOYOTA&model=GR+COROLLA&modelYear=2024,200,4158,bcb8ac0ccb96d4a1ea4ed7d489103dfc87cc6c30a9689dc8efe838e9a8a17ebb,2026-10-02T09:02:15+00:00,nhtsa/complaints/toyota/gr-corolla_2024.json.gz,ok,
complaints,toyota,toyota/prius,PRIUS PRIME,2024,https://api.nhtsa.gov/complaints/complaintsByVehicle?make=TOYOTA&model=PRIUS+PRIME&modelYear=2024,200,15314,9e2f9a6054950521a3896b7fc6ebd8827d2d46d9b76f791dbfc2ae221380dbd4,2026-10-02T09:02:18+00:00,nhtsa/complaints/toyota/prius-prime_2024.json.gz,ok,
complaints,toyota,toyota/rav4,RAV4 HYBRID,2024,https://api.nhtsa.gov/complaints/complaintsByVehicle?make=TOYOTA&model=RAV4+HYBRID&modelYear=2024,200,1538,84f4a74d6d2936054ff72ceaa74a52942e942cc3e37a06b0fa6d570ecff5432a,2026-10-02T09:02:20+00:00,nhtsa/complaints/toyota/rav4-hybrid_2024.json.gz,ok,
complaints,toyota,toyota/rav4,RAV4 PRIME,2024,https://api.nhtsa.gov/complaints/complaintsByVehicle?make=TOYOTA&model=RAV4+PRIME&modelYear=2024,200,30807,6cd599fa3f348f2f6261a9263a31dbe48bffe4caa45ec2c406d61f9b695232c6,2026-10-02T09:02:22+00:00,nhtsa/complaints/toyota/rav4-prime_2024.json.gz,ok,
complaints,toyota,toyota/highlander,HIGHLANDER,2024,https://api.nhtsa.gov/complaints/complaintsByVehicle?make=TOYOTA&model=HIGHLANDER&modelYear=2024,200,48447,487d1226ede87cfbdf2278a0fa5a7ac70ae5edd5a2db01eea1eefc05f3de00bc,2026-10-02T09:02:23+00:00,nhtsa/complaints/toyota/highlander_2024.json.gz,ok,
recalls,toyota,toyota/corolla,COROLLA,2025,https://api.nhtsa.gov/recalls/recallsByVehicle?make=TOYOTA&model=COROLLA&modelYear=2025,400,66,74147c27e8c00a68fa4708025f0aa95a3dbb3bea68b4d5417efb2bef19d1e786,2026-10-02T09:02:25+00:00,nhtsa/recalls/toyota/corolla_2025.json.gz,ok,empty result (HTTP 400 for zero matches)
recalls,toyota,toyota/corolla,COROLLA HYBRID,2025,https://api.nhtsa.gov/recalls/recallsByVehicle?make=TOYOTA&model=COROLLA+HYBRID&modelYear=2025,200,1289,dc09a915b59e33d8bd05eefd538deb20f09288ea35e23d6ae692cc9f764c4d20,2026-10-02T09:02:27+00:00,nhtsa/recalls/toyota/corolla-hybrid_2025.json.gz,ok,
recalls,toyota,toyota/corolla,COROLLA HATCHBACK,2025,https://api.nhtsa.gov/recalls/recallsByVehicle?make=TOYOTA&model=COROLLA+HATCHBACK&modelYear=2025,400,66,74147c27e8c00a68fa4708025f0aa95a3dbb3bea68b4d5417efb2bef19d1e786,2026-10-02T09:02:29+00:00,nhtsa/recalls/toyota/corolla-hatchback_2025.json.gz,ok,empty result (HTTP 400 for zero matches)
recalls,toyota,toyota/corolla,GR COROLLA,2025,https://api.nhtsa.gov/recalls/recallsByVehicle?make=TOYOTA&model=GR+COROLLA&modelYear=2025,200,1557,f3de776edd4618e1d399cdf4ef5d3ef9dd7297ee26019913a1b18a873f49f1aa,2026-10-02T09:02:31+00:00,nhtsa/recalls/toyota/gr-corolla_2025.json.gz,ok,
recalls,toyota,toyota/prius,PRIUS,2025,https://api.nhtsa.gov/recalls/recallsByVehicle?make=TOYOTA&model=PRIUS&modelYear=2025,200,2396,ee75f09c82b3dd1ce67f0a66fe9514e9761a76a1d89ebe8618c056e40808bd75,2026-10-02T09:02:32+00:00,nhtsa/recalls/toyota/prius_2025.json.gz,ok,
recalls,toyota,toyota/prius,PRIUS PHEV,2025,https://api.nhtsa.gov/recalls/recallsByVehicle?make=TOYOTA&model=PRIUS+PHEV&modelYear=2025,400,66,74147c27e8c00a68fa4708025f0aa95a3dbb3bea68b4d5417efb2bef19d1e786,2026-10-02T09:02:33+00:00,nhtsa/recalls/toyota/prius-phev_2025.json.gz,ok,empty result (HTTP 400 for zero matches)
recalls,toyota,toyota/rav4,RAV4,2025,https://api.nhtsa.gov/recalls/recallsByVehicle?make=TOYOTA&model=RAV4&modelYear=2025,200,3678,3ad50990c7ed9e7ec33e90e4f6974f8be318d216e501e399be0ed143ebefeddc,2026-10-02T09:02:35+00:00,nhtsa/recalls/toyota/rav4_2025.json.gz,ok,
recalls,toyota,toyota/rav4,RAV4 HYBRID,2025,https://api.nhtsa.gov/recalls/recallsByVehicle?make=TOYOTA&model=RAV4+HYBRID&modelYear=2025,200,2600,9da2602c3ec9608d2ef25e60c7237d17dd4b9fd042974ead517ea155d50e07f4,2026-10-02T09:02:37+00:00,nhtsa/recalls/toyota/rav4-hybrid_2025.json.gz,ok,
recalls,toyota,toyota/highlander,HIGHLANDER,2025,https://api.nhtsa.gov/recalls/recallsByVehicle?make=TOYOTA&model=HIGHLANDER&modelYear=2025,200,4720,4e23c01a2ea73d0adb781941da91107cea818dd3cef1aee70219dbab2daf96d0,2026-10-02T09:02:38+00:00,nhtsa/recalls/toyota/highlander_2025.json.gz,ok,
recalls,toyota,toyota/rav4,RAV4 PHEV,2025,https://api.nhtsa.gov/recalls/recallsByVehicle?make=TOYOTA&model=RAV4+PHEV&modelYear=2025,400,66,74147c27e8c00a68fa4708025f0aa95a3dbb3bea68b4d5417efb2bef19d1e786,2026-10-02T09:02:41+00:00,nhtsa/recalls/toyota/rav4-phev_2025.json.gz,ok,empty result (HTTP 400 for zero matches)
complaints,toyota,toyota/corolla,COROLLA,2025,https://api.nhtsa.gov/complaints/complaintsByVehicle?make=TOYOTA&model=COROLLA&modelYear=2025,200,33931,3fd14a1a2d5cbdabe181e8850f48252dd84b2cac18778126f2a5e026aef7c61a,2026-10-02T09:02:44+00:00,nhtsa/complaints/toyota/corolla_2025.json.gz,ok,
complaints,toyota,toyota/corolla,COROLLA HYBRID,2025,https://api.nhtsa.gov/complaints/complaintsByVehicle?make=TOYOTA&model=COROLLA+HYBRID&modelYear=2025,200,895,90d5c48ab75f4829f5ff52fbcc49af0faf24bc34542d3ef9cfd6bbf664cc3ac1,2026-10-02T09:02:46+00:00,nhtsa/complaints/toyota/corolla-hybrid_2025.json.gz,ok,
complaints,toyota,toyota/corolla,COROLLA HATCHBACK,2025,https://api.nhtsa.gov/complaints/complaintsByVehicle?make=TOYOTA&model=COROLLA+HATCHBACK&modelYear=2025,200,1373,84786c378df30d2760c11339a6cf448e1cf8b7b217e6894ae5b49f1c00bf07b4,2026-10-02T09:02:48+00:00,nhtsa/complaints/toyota/corolla-hatchback_2025.json.gz,ok,
complaints,toyota,toyota/corolla,GR COROLLA,2025,https://api.nhtsa.gov/complaints/complaintsByVehicle?make=TOYOTA&model=GR+COROLLA&modelYear=2025,200,10925,ce2713b6772723358d16ed7dbd72fdb50b5c542b355435517c3ce5d8601c9530,2026-10-02T09:02:50+00:00,nhtsa/complaints/toyota/gr-corolla_2025.json.gz,ok,
complaints,toyota,toyota/prius,PRIUS,2025,https://api.nhtsa.gov/complaints/complaintsByVehicle?make=TOYOTA&model=PRIUS&modelYear=2025,200,19663,88977e52525ffd8014bb7feb3b12acb8cedf9bebffcb1448666f41584e739cd8,2026-10-02T09:02:53+00:00,nhtsa/complaints/toyota/prius_2025.json.gz,ok,
complaints,toyota,toyota/prius,PRIUS PHEV,2025,https://api.nhtsa.gov/complaints/complaintsByVehicle?make=TOYOTA&model=PRIUS+PHEV&modelYear=2025,200,3442,b71f3b911872453bcd2412794adbb9c7bf3754473f4d847449ab14316c84e9d4,2026-10-02T09:02:54+00:00,nhtsa/complaints/toyota/prius-phev_2025.json.gz,ok,
complaints,toyota,toyota/rav4,RAV4,2025,https://api.nhtsa.gov/complaints/complaintsByVehicle?make=TOYOTA&model=RAV4&modelYear=2025,200,95423,6626724cfef946fb431c03501322717eedeb18de34fa9fd24a9baadb30125422,2026-10-02T09:02:56+00:00,nhtsa/complaints/toyota/rav4_2025.json.gz,ok,
complaints,toyota,toyota/rav4,RAV4 HYBRID,2025,https://api.nhtsa.gov/complaints/complaintsByVehicle?make=TOYOTA&model=RAV4+HYBRID&modelYear=2025,200,5352,150c92a25c5ffdf73a56d8c962f2e889445c8399e745a982e4e86fd800a59d2b,2026-10-02T09:02:58+00:00,nhtsa/complaints/toyota/rav4-hybrid_2025.json.gz,ok,
complaints,toyota,toyota/highlander,HIGHLANDER,2025,https://api.nhtsa.gov/complaints/complaintsByVehicle?make=TOYOTA&model=HIGHLANDER&modelYear=2025,200,11755,31887ab6cd91e122d6eb3d427b4d670c2d922c00a4792a31a8f1497f8a60f529,2026-10-02T09:03:00+00:00,nhtsa/complaints/toyota/highlander_2025.json.gz,ok,
complaints,toyota,toyota/rav4,RAV4 PHEV,2025,https://api.nhtsa.gov/complaints/complaintsByVehicle?make=TOYOTA&model=RAV4+PHEV&modelYear=2025,200,14244,3918a51b2e1d5b59e17d677fcbfd425a91810c58bab021ebac5b660794feb7af,2026-10-02T09:03:02+00:00,nhtsa/complaints/toyota/rav4-phev_2025.json.gz,ok,
recalls,toyota,toyota/rav4,RAV4 HYBRID,2026,https://api.nhtsa.gov/recalls/recallsByVehicle?make=TOYOTA&model=RAV4+HYBRID&modelYear=2026,200,1197,77cbaa45b9ceea7efe99bd13fa981048b6a4958644caf19be98bc39c4a432a84,2026-10-02T09:03:03+00:00,nhtsa/recalls/toyota/rav4-hybrid_2026.json.gz,ok,
recalls,toyota,toyota/rav4,RAV4 PLUG-IN HYBRID,2026,https://api.nhtsa.gov/recalls/recallsByVehicle?make=TOYOTA&model=RAV4+PLUG-IN+HYBRID&modelYear=2026,400,66,74147c27e8c00a68fa4708025f0aa95a3dbb3bea68b4d5417efb2bef19d1e786,2026-10-02T09:03:05+00:00,nhtsa/recalls/toyota/rav4-plug-in-hybrid_2026.json.gz,ok,empty result (HTTP 400 for zero matches)
complaints,toyota,toyota/rav4,RAV4 HYBRID,2026,https://api.nhtsa.gov/complaints/complaintsByVehicle?make=TOYOTA&model=RAV4+HYBRID&modelYear=2026,200,22792,86152febcdef059846e9d1c2e7da8ea30ce19103ec57fa3d2c059a0d721c11f1,2026-10-02T09:03:06+00:00,nhtsa/complaints/toyota/rav4-hybrid_2026.json.gz,ok,
complaints,toyota,toyota/rav4,RAV4 PLUG-IN HYBRID,2026,https://api.nhtsa.gov/complaints/complaintsByVehicle?make=TOYOTA&model=RAV4+PLUG-IN+HYBRID&modelYear=2026,200,20777,b9376c7c7067d515f6d9553bc08e8e33ac132bbd63ad6f69f7367c635fbed9cf,2026-10-02T09:03:08+00:00,nhtsa/complaints/toyota/rav4-plug-in-hybrid_2026.json.gz,ok,
recalls,mercedes-benz,mercedes-benz/cla,CLA-CLASS,2014,https://api.nhtsa.gov/recalls/recallsByVehicle?make=MERCEDES-BENZ&model=CLA-CLASS&modelYear=2014,400,66,74147c27e8c00a68fa4708025f0aa95a3dbb3bea68b4d5417efb2bef19d1e786,2026-10-02T09:03:10+00:00,nhtsa/recalls/mercedes-benz/cla-class_2014.json.gz,ok,empty result (HTTP 400 for zero matches)
recalls,mercedes-benz,mercedes-benz/c-class,C-CLASS,2014,https://api.nhtsa.gov/recalls/recallsByVehicle?make=MERCEDES-BENZ&model=C-CLASS&modelYear=2014,400,66,74147c27e8c00a68fa4708025f0aa95a3dbb3bea68b4d5417efb2bef19d1e786,2026-10-02T09:03:12+00:00,nhtsa/recalls/mercedes-benz/c-class_2014.json.gz,ok,empty result (HTTP 400 for zero matches)
recalls,mercedes-benz,mercedes-benz/cls,CLS-CLASS,2014,https://api.nhtsa.gov/recalls/recallsByVehicle?make=MERCEDES-BENZ&model=CLS-CLASS&modelYear=2014,400,66,74147c27e8c00a68fa4708025f0aa95a3dbb3bea68b4d5417efb2bef19d1e786,2026-10-02T09:03:14+00:00,nhtsa/recalls/mercedes-benz/cls-class_2014.json.gz,ok,empty result (HTTP 400 for zero matches)
recalls,mercedes-benz,mercedes-benz/s-class,S-CLASS,2014,https://api.nhtsa.gov/recalls/recallsByVehicle?make=MERCEDES-BENZ&model=S-CLASS&modelYear=2014,400,66,74147c27e8c00a68fa4708025f0aa95a3dbb3bea68b4d5417efb2bef19d1e786,2026-10-02T09:03:16+00:00,nhtsa/recalls/mercedes-benz/s-class_2014.json.gz,ok,empty result (HTTP 400 for zero matches)
recalls,mercedes-benz,mercedes-benz/e-class,E-CLASS,2014,https://api.nhtsa.gov/recalls/recallsByVehicle?make=MERCEDES-BENZ&model=E-CLASS&modelYear=2014,400,66,74147c27e8c00a68fa4708025f0aa95a3dbb3bea68b4d5417efb2bef19d1e786,2026-10-02T09:03:17+00:00,nhtsa/recalls/mercedes-benz/e-class_2014.json.gz,ok,empty result (HTTP 400 for zero matches)
recalls,mercedes-benz,mercedes-benz/e-class,E-CLASS CABRIOLET,2014,https://api.nhtsa.gov/recalls/recallsByVehicle?make=MERCEDES-BENZ&model=E-CLASS+CABRIOLET&modelYear=2014,400,66,74147c27e8c00a68fa4708025f0aa95a3dbb3bea68b4d5417efb2bef19d1e786,2026-10-02T09:03:19+00:00,nhtsa/recalls/mercedes-benz/e-class-cabriolet_2014.json.gz,ok,empty result (HTTP 400 for zero matches)
recalls,mercedes-benz,mercedes-benz/glc,GLK-CLASS,2014,https://api.nhtsa.gov/recalls/recallsByVehicle?make=MERCEDES-BENZ&model=GLK-CLASS&modelYear=2014,400,66,74147c27e8c00a68fa4708025f0aa95a3dbb3bea68b4d5417efb2bef19d1e786,2026-10-02T09:03:21+00:00,nhtsa/recalls/mercedes-benz/glk-class_2014.json.gz,ok,empty result (HTTP 400 for zero matches)
recalls,mercedes-benz,mercedes-benz/gls,GL-CLASS,2014,https://api.nhtsa.gov/recalls/recallsByVehicle?make=MERCEDES-BENZ&model=GL-CLASS&modelYear=2014,400,66,74147c27e8c00a68fa4708025f0aa95a3dbb3bea68b4d5417efb2bef19d1e786,2026-10-02T09:03:23+00:00,nhtsa/recalls/mercedes-benz/gl-class_2014.json.gz,ok,empty result (HTTP 400 for zero matches)
recalls,mercedes-benz,mercedes-benz/e-class,E-CLASS HYBRID,2014,https://api.nhtsa.gov/recalls/recallsByVehicle?make=MERCEDES-BENZ&model=E-CLASS+HYBRID&modelYear=2014,400,66,74147c27e8c00a68fa4708025f0aa95a3dbb3bea68b4d5417efb2bef19d1e786,2026-10-02T09:03:25+00:00,nhtsa/recalls/mercedes-benz/e-class-hybrid_2014.json.gz,ok,empty result (HTTP 400 for zero matches)
recalls,mercedes-benz,mercedes-benz/gle,ML-CLASS,2014,https://api.nhtsa.gov/recalls/recallsByVehicle?make=MERCEDES-BENZ&model=ML-CLASS&modelYear=2014,400,66,74147c27e8c00a68fa4708025f0aa95a3dbb3bea68b4d5417efb2bef19d1e786,2026-10-02T09:03:27+00:00,nhtsa/recalls/mercedes-benz/ml-class_2014.json.gz,ok,empty result (HTTP 400 for zero matches)
recalls,mercedes-benz,mercedes-benz/gla,AMG GLA45,2014,https://api.nhtsa.gov/recalls/recallsByVehicle?make=MERCEDES-BENZ&model=AMG+GLA45&modelYear=2014,400,66,74147c27e8c00a68fa4708025f0aa95a3dbb3bea68b4d5417efb2bef19d1e786,2026-10-02T09:03:29+00:00,nhtsa/recalls/mercedes-benz/amg-gla45_2014.json.gz,ok,empty result (HTTP 400 for zero matches)
recalls,mercedes-benz,mercedes-benz/gla,GLA 250,2014,https://api.nhtsa.gov/recalls/recallsByVehicle?make=MERCEDES-BENZ&model=GLA+250&modelYear=2014,400,66,74147c27e8c00a68fa4708025f0aa95a3dbb3bea68b4d5417efb2bef19d1e786,2026-10-02T09:03:31+00:00,nhtsa/recalls/mercedes-benz/gla-250_2014.json.gz,ok,empty result (HTTP 400 for zero matches)
complaints,mercedes-benz,mercedes-benz/cla,CLA-CLASS,2014,https://api.nhtsa.gov/complaints/complaintsByVehicle?make=MERCEDES-BENZ&model=CLA-CLASS&modelYear=2014,200,205100,b788031d89fcd8a4731b575cf70114f8cfb5d899d956a5ff21bf60cb521f75bc,2026-10-02T09:03:34+00:00,nhtsa/complaints/mercedes-benz/cla-class_2014.json.gz,ok,
complaints,mercedes-benz,mercedes-benz/c-class,C-CLASS,2014,https://api.nhtsa.gov/complaints/complaintsByVehicle?make=MERCEDES-BENZ&model=C-CLASS&modelYear=2014,200,274273,6dc7469227f68cc2f4aec64c3c2465cc54459035ed82142bc12510805b77b5b0,2026-10-02T09:03:37+00:00,nhtsa/complaints/mercedes-benz/c-class_2014.json.gz,ok,
complaints,mercedes-benz,mercedes-benz/cls,CLS-CLASS,2014,https://api.nhtsa.gov/complaints/complaintsByVehicle?make=MERCEDES-BENZ&model=CLS-CLASS&modelYear=2014,200,16916,ea6b534a758399c4992297f58662785025e907b3bdaddce66b3b097ee2a6f1f4,2026-10-02T09:03:39+00:00,nhtsa/complaints/mercedes-benz/cls-class_2014.json.gz,ok,
complaints,mercedes-benz,mercedes-benz/s-class,S-CLASS,2014,https://api.nhtsa.gov/complaints/complaintsByVehicle?make=MERCEDES-BENZ&model=S-CLASS&modelYear=2014,200,25134,3e262fd14868bc4b52a635e8d5fd4036cc59887f2672513110a66474a1d6d314,2026-10-02T09:03:41+00:00,nhtsa/complaints/mercedes-benz/s-class_2014.json.gz,ok,
complaints,mercedes-benz,mercedes-benz/e-class,E-CLASS,2014,https://api.nhtsa.gov/complaints/complaintsByVehicle?make=MERCEDES-BENZ&model=E-CLASS&modelYear=2014,200,292100,dad8349750269010c24798d8436a37f33cf8b3c0dc4d67251835c76b8b2f1feb,2026-10-02T09:03:43+00:00,nhtsa/complaints/mercedes-benz/e-class_2014.json.gz,ok,
complaints,mercedes-benz,mercedes-benz/e-class,E-CLASS CABRIOLET,2014,https://api.nhtsa.gov/complaints/complaintsByVehicle?make=MERCEDES-BENZ&model=E-CLASS+CABRIOLET&modelYear=2014,200,292100,dad8349750269010c24798d8436a37f33cf8b3c0dc4d67251835c76b8b2f1feb,2026-10-02T09:03:45+00:00,nhtsa/complaints/mercedes-benz/e-class-cabriolet_2014.json.gz,ok,
complaints,mercedes-benz,mercedes-benz/glc,GLK-CLASS,2014,https://api.nhtsa.gov/complaints/complaintsByVehicle?make=MERCEDES-BENZ&model=GLK-CLASS&modelYear=2014,200,122357,58916aa2d4c94167b3e1e71aceadd828b5d199eb389b31ba847fc58b0759a1e8,2026-10-02T09:03:47+00:00,nhtsa/complaints/mercedes-benz/glk-class_2014.json.gz,ok,
complaints,mercedes-benz,mercedes-benz/gls,GL-CLASS,2014,https://api.nhtsa.gov/complaints/complaintsByVehicle?make=MERCEDES-BENZ&model=GL-CLASS&modelYear=2014,200,41824,3b11d8778e2bc24857a0eaa0044b2f4d1d1205dd437550935324ce29fb6c4d01,2026-10-02T09:03:49+00:00,nhtsa/complaints/mercedes-benz/gl-class_2014.json.gz,ok,
complaints,mercedes-benz,mercedes-benz/e-class,E-CLASS HYBRID,2014,https://api.nhtsa.gov/complaints/complaintsByVehicle?make=MERCEDES-BENZ&model=E-CLASS+HYBRID&modelYear=2014,200,292100,dad8349750269010c24798d8436a37f33cf8b3c0dc4d67251835c76b8b2f1feb,2026-10-02T09:03:52+00:00,nhtsa/complaints/mercedes-benz/e-class-hybrid_2014.json.gz,ok,
complaints,mercedes-benz,mercedes-benz/gle,ML-CLASS,2014,https://api.nhtsa.gov/complaints/complaintsByVehicle?make=MERCEDES-BENZ&model=ML-CLASS&modelYear=2014,200,73854,8d0e2a388a45f68bb934d1a3ff8325edfddafc85948bec3bcda0ca1667e712ef,2026-10-02T09:03:54+00:00,nhtsa/complaints/mercedes-benz/ml-class_2014.json.gz,ok,
complaints,mercedes-benz,mercedes-benz/gla,AMG GLA45,2014,https://api.nhtsa.gov/complaints/complaintsByVehicle?make=MERCEDES-BENZ&model=AMG+GLA45&modelYear=2014,200,1044,9eb6941d5c96da5a4a5b0b6eecaeffa8f2031b9c02e3a47c5ae15103a2efe27e,2026-10-02T09:03:56+00:00,nhtsa/complaints/mercedes-benz/amg-gla45_2014.json.gz,ok,
complaints,mercedes-benz,mercedes-benz/gla,GLA 250,2014,https://api.nhtsa.gov/complaints/complaintsByVehicle?make=MERCEDES-BENZ&model=GLA+250&modelYear=2014,200,603,0041d2aa178c95bdb8b6602267ee6b909794abd01b36069023d2cad8dc2def68,2026-10-02T09:03:58+00:00,nhtsa/complaints/mercedes-benz/gla-250_2014.json.gz,ok,
recalls,mercedes-benz,mercedes-benz/e-class,E-CLASS,2015,https://api.nhtsa.gov/recalls/recallsByVehicle?make=MERCEDES-BENZ&model=E-CLASS&modelYear=2015,400,66,74147c27e8c00a68fa4708025f0aa95a3dbb3bea68b4d5417efb2bef19d1e786,2026-10-02T09:04:00+00:00,nhtsa/recalls/mercedes-benz/e-class_2015.json.gz,ok,empty result (HTTP 400 for zero matches)
recalls,mercedes-benz,mercedes-benz/e-class,E-CLASS HYBRID,2015,https://api.nhtsa.gov/recalls/recallsByVehicle?make=MERCEDES-BENZ&model=E-CLASS+HYBRID&modelYear=2015,400,66,74147c27e8c00a68fa4708025f0aa95a3dbb3bea68b4d5417efb2bef19d1e786,2026-10-02T09:04:01+00:00,nhtsa/recalls/mercedes-benz/e-class-hybrid_2015.json.gz,ok,empty result (HTTP 400 for zero matches)
recalls,mercedes-benz,mercedes-benz/gle,ML-CLASS,2015,https://api.nhtsa.gov/recalls/recallsByVehicle?make=MERCEDES-BENZ&model=ML-CLASS&modelYear=2015,400,66,74147c27e8c00a68fa4708025f0aa95a3dbb3bea68b4d5417efb2bef19d1e786,2026-10-02T09:04:03+00:00,nhtsa/recalls/mercedes-benz/ml-class_2015.json.gz,ok,empty result (HTTP 400 for zero matches)
recalls,mercedes-benz,mercedes-benz/c-class,C-CLASS,2015,https://api.nhtsa.gov/recalls/recallsByVehicle?make=MERCEDES-BENZ&model=C-CLASS&modelYear=2015,400,66,74147c27e8c00a68fa4708025f0aa95a3dbb3bea68b4d5417efb2bef19d1e786,2026-10-02T09:04:06+00:00,nhtsa/recalls/mercedes-benz/c-class_2015.json.gz,ok,empty result (HTTP 400 for zero matches)
recalls,mercedes-benz,mercedes-benz/cla,CLA-CLASS,2015,https://api.nhtsa.gov/recalls/recallsByVehicle?make=MERCEDES-BENZ&model=CLA-CLASS&modelYear=2015,400,66,74147c27e8c00a68fa4708025f0aa95a3dbb3bea68b4d5417efb2bef19d1e786,2026-10-02T09:04:07+00:00,nhtsa/recalls/mercedes-benz/cla-class_2015.json.gz,ok,empty result (HTTP 400 for zero matches)
recalls,mercedes-benz,mercedes-benz/cls,CLS-CLASS,2015,https://api.nhtsa.gov/recalls/recallsByVehicle?make=MERCEDES-BENZ&model=CLS-CLASS&modelYear=2015,400,66,74147c27e8c00a68fa4708025f0aa95a3dbb3bea68b4d5417efb2bef19d1e786,2026-10-02T09:04:09+00:00,nhtsa/recalls/mercedes-benz/cls-class_2015.json.gz,ok,empty result (HTTP 400 for zero matches)
recalls,mercedes-benz,mercedes-benz/e-class,E-CLASS  CABRIO,2015,https://api.nhtsa.gov/recalls/recallsByVehicle?make=MERCEDES-BENZ&model=E-CLASS++CABRIO&modelYear=2015,400,66,74147c27e8c00a68fa4708025f0aa95a3dbb3bea68b4d5417efb2bef19d1e786,2026-10-02T09:04:11+00:00,nhtsa/recalls/mercedes-benz/e-class-cabrio_2015.json.gz,ok,empty result (HTTP 400 for zero matches)
recalls,mercedes-benz,mercedes-benz/gls,GL-CLASS,2015,https://api.nhtsa.gov/recalls/recallsByVehicle?make=MERCEDES-BENZ&model=GL-CLASS&modelYear=2015,400,66,74147c27e8c00a68fa4708025f0aa95a3dbb3bea68b4d5417efb2bef19d1e786,2026-10-02T09:04:13+00:00,nhtsa/recalls/mercedes-benz/gl-class_2015.json.gz,ok,empty result (HTTP 400 for zero matches)
recalls,mercedes-benz,mercedes-benz/gla,GLA-CLASS,2015,https://api.nhtsa.gov/recalls/recallsByVehicle?make=MERCEDES-BENZ&model=GLA-CLASS&modelYear=2015,400,66,74147c27e8c00a68fa4708025f0aa95a3dbb3bea68b4d5417efb2bef19d1e786,2026-10-02T09:04:14+00:00,nhtsa/recalls/mercedes-benz/gla-class_2015.json.gz,ok,empty result (HTTP 400 for zero matches)
recalls,mercedes-benz,mercedes-benz/glc,GLK-CLASS,2015,https://api.nhtsa.gov/recalls/recallsByVehicle?make=MERCEDES-BENZ&model=GLK-CLASS&modelYear=2015,400,66,74147c27e8c00a68fa4708025f0aa95a3dbb3bea68b4d5417efb2bef19d1e786,2026-10-02T09:04:16+00:00,nhtsa/recalls/mercedes-benz/glk-class_2015.json.gz,ok,empty result (HTTP 400 for zero matches)
recalls,mercedes-benz,mercedes-benz/s-class,S-CLASS,2015,https://api.nhtsa.gov/recalls/recallsByVehicle?make=MERCEDES-BENZ&model=S-CLASS&modelYear=2015,400,66,74147c27e8c00a68fa4708025f0aa95a3dbb3bea68b4d5417efb2bef19d1e786,2026-10-02T09:04:18+00:00,nhtsa/recalls/mercedes-benz/s-class_2015.json.gz,ok,empty result (HTTP 400 for zero matches)
recalls,mercedes-benz,mercedes-benz/c-class,C-CLASS SAB,2015,https://api.nhtsa.gov/recalls/recallsByVehicle?make=MERCEDES-BENZ&model=C-CLASS+SAB&modelYear=2015,400,66,74147c27e8c00a68fa4708025f0aa95a3dbb3bea68b4d5417efb2bef19d1e786,2026-10-02T09:04:19+00:00,nhtsa/recalls/mercedes-benz/c-class-sab_2015.json.gz,ok,empty result (HTTP 400 for zero matches)
recalls,mercedes-benz,mercedes-benz/glc,GLC,2015,https://api.nhtsa.gov/recalls/recallsByVehicle?make=MERCEDES-BENZ&model=GLC&modelYear=2015,400,66,74147c27e8c00a68fa4708025f0aa95a3dbb3bea68b4d5417efb2bef19d1e786,2026-10-02T09:04:21+00:00,nhtsa/recalls/mercedes-benz/glc_2015.json.gz,ok,empty result (HTTP 400 for zero matches)
recalls,mercedes-benz,mercedes-benz/s-class,S-CLASS HYBRID,2015,https://api.nhtsa.gov/recalls/recallsByVehicle?make=MERCEDES-BENZ&model=S-CLASS+HYBRID&modelYear=2015,400,66,74147c27e8c00a68fa4708025f0aa95a3dbb3bea68b4d5417efb2bef19d1e786,2026-10-02T09:04:22+00:00,nhtsa/recalls/mercedes-benz/s-class-hybrid_2015.json.gz,ok,empty result (HTTP 400 for zero matches)
complaints,mercedes-benz,mercedes-benz/e-class,E-CLASS,2015,https://api.nhtsa.gov/complaints/complaintsByVehicle?make=MERCEDES-BENZ&model=E-CLASS&modelYear=2015,200,52560,1e6d456fd7995a072cd2185e5aa9787e2c184ca53424e1677b3b9f2ecb253d40,2026-10-02T09:04:25+00:00,nhtsa/complaints/mercedes-benz/e-class_2015.json.gz,ok,
complaints,mercedes-benz,mercedes-benz/e-class,E-CLASS HYBRID,2015,https://api.nhtsa.gov/complaints/complaintsByVehicle?make=MERCEDES-BENZ&model=E-CLASS+HYBRID&modelYear=2015,200,52560,1e6d456fd7995a072cd2185e5aa9787e2c184ca53424e1677b3b9f2ecb253d40,2026-10-02T09:04:27+00:00,nhtsa/complaints/mercedes-benz/e-class-hybrid_2015.json.gz,ok,
complaints,mercedes-benz,mercedes-benz/gle,ML-CLASS,2015,https://api.nhtsa.gov/complaints/complaintsByVehicle?make=MERCEDES-BENZ&model=ML-CLASS&modelYear=2015,200,63819,e9c8b0a7ce3d182ad04ad77f2d89dd465e9a06009a756483f49bc576e0f25fd9,2026-10-02T09:04:29+00:00,nhtsa/complaints/mercedes-benz/ml-class_2015.json.gz,ok,
complaints,mercedes-benz,mercedes-benz/c-class,C-CLASS,2015,https://api.nhtsa.gov/complaints/complaintsByVehicle?make=MERCEDES-BENZ&model=C-CLASS&modelYear=2015,200,427190,68ded4c474df4a73af242a86af57761bb6896e96ee497a5d4d841f13775f2e07,2026-10-02T09:04:30+00:00,nhtsa/complaints/mercedes-benz/c-class_2015.json.gz,ok,
complaints,mercedes-benz,mercedes-benz/cla,CLA-CLASS,2015,https://api.nhtsa.gov/complaints/complaintsByVehicle?make=MERCEDES-BENZ&model=CLA-CLASS&modelYear=2015,200,151524,83a2b92a871e1280edd7abebfac23c16f97df94fe9f4ff969f2a4254d8e62972,2026-10-02T09:04:33+00:00,nhtsa/complaints/mercedes-benz/cla-class_2015.json.gz,ok,
complaints,mercedes-benz,mercedes-benz/cls,CLS-CLASS,2015,https://api.nhtsa.gov/complaints/complaintsByVehicle?make=MERCEDES-BENZ&model=CLS-CLASS&modelYear=2015,200,7983,cbb8c60adaa27738f350dd3e6ff9d09cc2d47034aeaee3d9aa6813a5efabca1e,2026-10-02T09:04:35+00:00,nhtsa/complaints/mercedes-benz/cls-class_2015.json.gz,ok,
complaints,mercedes-benz,mercedes-benz/e-class,E-CLASS  CABRIO,2015,https://api.nhtsa.gov/complaints/complaintsByVehicle?make=MERCEDES-BENZ&model=E-CLASS++CABRIO&modelYear=2015,200,52560,1e6d456fd7995a072cd2185e5aa9787e2c184ca53424e1677b3b9f2ecb253d40,2026-10-02T09:04:37+00:00,nhtsa/complaints/mercedes-benz/e-class-cabrio_2015.json.gz,ok,
complaints,mercedes-benz,mercedes-benz/gls,GL-CLASS,2015,https://api.nhtsa.gov/complaints/complaintsByVehicle?make=MERCEDES-BENZ&model=GL-CLASS&modelYear=2015,200,36372,63630111ae25400ae1246fe889128bba18f8752dbff79c23ad9573ff628de08b,2026-10-02T09:04:39+00:00,nhtsa/complaints/mercedes-benz/gl-class_2015.json.gz,ok,
complaints,mercedes-benz,mercedes-benz/gla,GLA-CLASS,2015,https://api.nhtsa.gov/complaints/complaintsByVehicle?make=MERCEDES-BENZ&model=GLA-CLASS&modelYear=2015,200,98197,5bc9f33b220b9c531f63755fbab6dcd5ced435d014cc37c0c8742772917040f9,2026-10-02T09:04:40+00:00,nhtsa/complaints/mercedes-benz/gla-class_2015.json.gz,ok,
complaints,mercedes-benz,mercedes-benz/glc,GLK-CLASS,2015,https://api.nhtsa.gov/complaints/complaintsByVehicle?make=MERCEDES-BENZ&model=GLK-CLASS&modelYear=2015,200,119328,d235257867f7a3e489e051a3ab517fbeaa40e7050d2cbb150606d69710423c47,2026-10-02T09:04:43+00:00,nhtsa/complaints/mercedes-benz/glk-class_2015.json.gz,ok,
complaints,mercedes-benz,mercedes-benz/s-class,S-CLASS,2015,https://api.nhtsa.gov/complaints/complaintsByVehicle?make=MERCEDES-BENZ&model=S-CLASS&modelYear=2015,200,51366,90be1a91772c561080de5c91858f33a0da21c02a5d27b4bd8faaecef4feb4526,2026-10-02T09:04:45+00:00,nhtsa/complaints/mercedes-benz/s-class_2015.json.gz,ok,
complaints,mercedes-benz,mercedes-benz/c-class,C-CLASS SAB,2015,https://api.nhtsa.gov/complaints/complaintsByVehicle?make=MERCEDES-BENZ&model=C-CLASS+SAB&modelYear=2015,200,427190,68ded4c474df4a73af242a86af57761bb6896e96ee497a5d4d841f13775f2e07,2026-10-02T09:04:48+00:00,nhtsa/complaints/mercedes-benz/c-class-sab_2015.json.gz,ok,
complaints,mercedes-benz,mercedes-benz/glc,GLC,2015,https://api.nhtsa.gov/complaints/complaintsByVehicle?make=MERCEDES-BENZ&model=GLC&modelYear=2015,200,1271,6756294ff4b5dc1a8479c55621d1028e17b2e75a368a0d8d3c1ddb529b574315,2026-10-02T09:04:49+00:00,nhtsa/complaints/mercedes-benz/glc_2015.json.gz,ok,
complaints,mercedes-benz,mercedes-benz/s-class,S-CLASS HYBRID,2015,https://api.nhtsa.gov/complaints/complaintsByVehicle?make=MERCEDES-BENZ&model=S-CLASS+HYBRID&modelYear=2015,200,9769,7ae8c545348593e3f55c019aba23867e22fcb1b3000eec2b5a26a9eee7928d9f,2026-10-02T09:04:51+00:00,nhtsa/complaints/mercedes-benz/s-class-hybrid_2015.json.gz,ok,
recalls,mercedes-benz,mercedes-benz/e-class,E-CLASS,2016,https://api.nhtsa.gov/recalls/recallsByVehicle?make=MERCEDES-BENZ&model=E-CLASS&modelYear=2016,400,66,74147c27e8c00a68fa4708025f0aa95a3dbb3bea68b4d5417efb2bef19d1e786,2026-10-02T09:04:52+00:00,nhtsa/recalls/mercedes-benz/e-class_2016.json.gz,ok,empty result (HTTP 400 for zero matches)
recalls,mercedes-benz,mercedes-benz/gle,GLE-CLASS,2016,https://api.nhtsa.gov/recalls/recallsByVehicle?make=MERCEDES-BENZ&model=GLE-CLASS&modelYear=2016,400,66,74147c27e8c00a68fa4708025f0aa95a3dbb3bea68b4d5417efb2bef19d1e786,2026-10-02T09:04:54+00:00,nhtsa/recalls/mercedes-benz/gle-class_2016.json.gz,ok,empty result (HTTP 400 for zero matches)
recalls,mercedes-benz,mercedes-benz/cla,CLA-CLASS,2016,https://api.nhtsa.gov/recalls/recallsByVehicle?make=MERCEDES-BENZ&model=CLA-CLASS&modelYear=2016,400,66,74147c27e8c00a68fa4708025f0aa95a3dbb3bea68b4d5417efb2bef19d1e786,2026-10-02T09:04:56+00:00,nhtsa/recalls/mercedes-benz/cla-class_2016.json.gz,ok,empty result (HTTP 400 for zero matches)
recalls,mercedes-benz,mercedes-benz/c-class,C-CLASS,2016,https://api.nhtsa.gov/recalls/recallsByVehicle?make=MERCEDES-BENZ&model=C-CLASS&modelYear=2016,400,66,74147c27e8c00a68fa4708025f0aa95a3dbb3bea68b4d5417efb2bef19d1e786,2026-10-02T09:04:57+00:00,nhtsa/recalls/mercedes-benz/c-class_2016.json.gz,ok,empty result (HTTP 400 for zero matches)
recalls,mercedes-benz,mercedes-benz/c-class,C-CLASS PHEV,2016,https://api.nhtsa.gov/recalls/recallsByVehicle?make=MERCEDES-BENZ&model=C-CLASS+PHEV&modelYear=2016,400,66,74147c27e8c00a68fa4708025f0aa95a3dbb3bea68b4d5417efb2bef19d1e786,2026-10-02T09:04:59+00:00,nhtsa/recalls/mercedes-benz/c-class-phev_2016.json.gz,ok,empty result (HTTP 400 for zero matches)
recalls,mercedes-benz,mercedes-benz/e-class,E-CLASS  CABRIO,2016,https://api.nhtsa.gov/recalls/recallsByVehicle?make=MERCEDES-BENZ&model=E-CLASS++CABRIO&modelYear=2016,400,66,74147c27e8c00a68fa4708025f0aa95a3dbb3bea68b4d5417efb2bef19d1e786,2026-10-02T09:05:01+00:00,nhtsa/recalls/mercedes-benz/e-class-cabrio_2016.json.gz,ok,empty result (HTTP 400 for zero matches)
recalls,mercedes-benz,mercedes-benz/s-class,S-CLASS,2016,https://api.nhtsa.gov/recalls/recallsByVehicle?make=MERCEDES-BENZ&model=S-CLASS&modelYear=2016,400,66,74147c27e8c00a68fa4708025f0aa95a3dbb3bea68b4d5417efb2bef19d1e786,2026-10-02T09:05:03+00:00,nhtsa/recalls/mercedes-benz/s-class_2016.json.gz,ok,empty result (HTTP 400 for zero matches)
recalls,mercedes-benz,mercedes-benz/s-class,S-CLASS HYBRID,2016,https://api.nhtsa.gov/recalls/recallsByVehicle?make=MERCEDES-BENZ&model=S-CLASS+HYBRID&modelYear=2016,400,66,74147c27e8c00a68fa4708025f0aa95a3dbb3bea68b4d5417efb2bef19d1e786,2026-10-02T09:05:04+00:00,nhtsa/recalls/mercedes-benz/s-class-hybrid_2016.json.gz,ok,empty result (HTTP 400 for zero matches)
recalls,mercedes-benz,mercedes-benz/gla,GLA-CLASS,2016,https://api.nhtsa.gov/recalls/recallsByVehicle?make=MERCEDES-BENZ&model=GLA-CLASS&modelYear=2016,400,66,74147c27e8c00a68fa4708025f0aa95a3dbb3bea68b4d5417efb2bef19d1e786,2026-10-02T09:05:06+00:00,nhtsa/recalls/mercedes-benz/gla-class_2016.json.gz,ok,empty result (HTTP 400 for zero matches)
recalls,mercedes-benz,mercedes-benz/glc,GLC-CLASS,2016,https://api.nhtsa.gov/recalls/recallsByVehicle?make=MERCEDES-BENZ&model=GLC-CLASS&modelYear=2016,400,66,74147c27e8c00a68fa4708025f0aa95a3dbb3bea68b4d5417efb2bef19d1e786,2026-10-02T09:05:08+00:00,nhtsa/recalls/mercedes-benz/glc-class_2016.json.gz,ok,empty result (HTTP 400 for zero matches)
recalls,mercedes-benz,mercedes-benz/gls,GL-CLASS,2016,https://api.nhtsa.gov/recalls/recallsByVehicle?make=MERCEDES-BENZ&model=GL-CLASS&modelYear=2016,400,66,74147c27e8c00a68fa4708025f0aa95a3dbb3bea68b4d5417efb2bef19d1e786,2026-10-02T09:05:10+00:00,nhtsa/recalls/mercedes-benz/gl-class_2016.json.gz,ok,empty result (HTTP 400 for zero matches)
recalls,mercedes-benz,mercedes-benz/gle,GLE-CLASS COUPE,2016,https://api.nhtsa.gov/recalls/recallsByVehicle?make=MERCEDES-BENZ&model=GLE-CLASS+COUPE&modelYear=2016,400,66,74147c27e8c00a68fa4708025f0aa95a3dbb3bea68b4d5417efb2bef19d1e786,2026-10-02T09:05:11+00:00,nhtsa/recalls/mercedes-benz/gle-class-coupe_2016.json.gz,ok,empty result (HTTP 400 for zero matches)
recalls,mercedes-benz,mercedes-benz/gle,GLE-CLASS HYBRID,2016,https://api.nhtsa.gov/recalls/recallsByVehicle?make=MERCEDES-BENZ&model=GLE-CLASS+HYBRID&modelYear=2016,400,66,74147c27e8c00a68fa4708025f0aa95a3dbb3bea68b4d5417efb2bef19d1e786,2026-10-02T09:05:13+00:00,nhtsa/recalls/mercedes-benz/gle-class-hybrid_2016.json.gz,ok,empty result (HTTP 400 for zero matches)
recalls,mercedes-benz,mercedes-benz/s-class,S-CLASS COUPE,2016,https://api.nhtsa.gov/recalls/recallsByVehicle?make=MERCEDES-BENZ&model=S-CLASS+COUPE&modelYear=2016,400,66,74147c27e8c00a68fa4708025f0aa95a3dbb3bea68b4d5417efb2bef19d1e786,2026-10-02T09:05:14+00:00,nhtsa/recalls/mercedes-benz/s-class-coupe_2016.json.gz,ok,empty result (HTTP 400 for zero matches)
recalls,mercedes-benz,mercedes-benz/glc,GLC,2016,https://api.nhtsa.gov/recalls/recallsByVehicle?make=MERCEDES-BENZ&model=GLC&modelYear=2016,400,66,74147c27e8c00a68fa4708025f0aa95a3dbb3bea68b4d5417efb2bef19d1e786,2026-10-02T09:05:16+00:00,nhtsa/recalls/mercedes-benz/glc_2016.json.gz,ok,empty result (HTTP 400 for zero matches)
complaints,mercedes-benz,mercedes-benz/e-class,E-CLASS,2016,https://api.nhtsa.gov/complaints/complaintsByVehicle?make=MERCEDES-BENZ&model=E-CLASS&modelYear=2016,200,84060,63437469a277f13874dfd67bb7296540f4dcd4e6e2e6850c82fc173093e83ccc,2026-10-02T09:05:18+00:00,nhtsa/complaints/mercedes-benz/e-class_2016.json.gz,ok,
complaints,mercedes-benz,mercedes-benz/gle,GLE-CLASS,2016,https://api.nhtsa.gov/complaints/complaintsByVehicle?make=MERCEDES-BENZ&model=GLE-CLASS&modelYear=2016,200,108315,8240f3332b67a1fef511fffd1554d96b731a9f9cdfc062299bf96859fcee30cb,2026-10-02T09:05:20+00:00,nhtsa/complaints/mercedes-benz/gle-class_2016.json.gz,ok,
complaints,mercedes-benz,mercedes-benz/cla,CLA-CLASS,2016,https://api.nhtsa.gov/complaints/complaintsByVehicle?make=MERCEDES-BENZ&model=CLA-CLASS&modelYear=2016,200,74017,cce198b68b73fda9fcba372a51171e104f007c87489945008fb7ba467cd065ac,2026-10-02T09:05:22+00:00,nhtsa/complaints/mercedes-benz/cla-class_2016.json.gz,ok,
complaints,mercedes-benz,mercedes-benz/c-class,C-CLASS,2016,https://api.nhtsa.gov/complaints/complaintsByVehicle?make=MERCEDES-BENZ&model=C-CLASS&modelYear=2016,200,272429,b2d58fdca0c69eaf59629a0e672ecabd0f1819bf02f2c3ba67b5aa0e726e7af9,2026-10-02T09:05:24+00:00,nhtsa/complaints/mercedes-benz/c-class_2016.json.gz,ok,
complaints,mercedes-benz,mercedes-benz/c-class,C-CLASS PHEV,2016,https://api.nhtsa.gov/complaints/complaintsByVehicle?make=MERCEDES-BENZ&model=C-CLASS+PHEV&modelYear=2016,200,274798,4defed48fc73cbb25ad94900d1ea8337b43c75db3aced1629d602cfb8a290ef5,2026-10-02T09:05:27+00:00,nhtsa/complaints/mercedes-benz/c-class-phev_2016.json.gz,ok,
complaints,mercedes-benz,mercedes-benz/e-class,E-CLASS  CABRIO,2016,https://api.nhtsa.gov/complaints/complaintsByVehicle?make=MERCEDES-BENZ&model=E-CLASS++CABRIO&modelYear=2016,200,84060,63437469a277f13874dfd67bb7296540f4dcd4e6e2e6850c82fc173093e83ccc,2026-10-02T09:05:29+00:00,nhtsa/complaints/mercedes-benz/e-class-cabrio_2016.json.gz,ok,
complaints,mercedes-benz,mercedes-benz/s-class,S-CLASS,2016,https://api.nhtsa.gov/complaints/complaintsByVehicle?make=MERCEDES-BENZ&model=S-CLASS&modelYear=2016,200,33663,7e1e4f6afa8660b68a0747b05b84accd4189851553029c029f50ec3fe0de929c,2026-10-02T09:05:31+00:00,nhtsa/complaints/mercedes-benz/s-class_2016.json.gz,ok,
complaints,mercedes-benz,mercedes-benz/s-class,S-CLASS HYBRID,2016,https://api.nhtsa.gov/complaints/complaintsByVehicle?make=MERCEDES-BENZ&model=S-CLASS+HYBRID&modelYear=2016,200,33663,7e1e4f6afa8660b68a0747b05b84accd4189851553029c029f50ec3fe0de929c,2026-10-02T09:05:33+00:00,nhtsa/complaints/mercedes-benz/s-class-hybrid_2016.json.gz,ok,
complaints,mercedes-benz,mercedes-benz/gla,GLA-CLASS,2016,https://api.nhtsa.gov/complaints/complaintsByVehicle?make=MERCEDES-BENZ&model=GLA-CLASS&modelYear=2016,200,49016,3dca50790e6992a8a38d84b81ebcb00993a0067c417856a2d553d024a6931700,2026-10-02T09:05:35+00:00,nhtsa/complaints/mercedes-benz/gla-class_2016.json.gz,ok,
complaints,mercedes-benz,mercedes-benz/glc,GLC-CLASS,2016,https://api.nhtsa.gov/complaints/complaintsByVehicle?make=MERCEDES-BENZ&model=GLC-CLASS&modelYear=2016,200,135485,f9357de2b2ae58ea377462ee5f138dd9b9ea145a6670cbebaf74902f502d636a,2026-10-02T09:05:39+00:00,nhtsa/complaints/mercedes-benz/glc-class_2016.json.gz,ok,
complaints,mercedes-benz,mercedes-benz/gls,GL-CLASS,2016,https://api.nhtsa.gov/complaints/complaintsByVehicle?make=MERCEDES-BENZ&model=GL-CLASS&modelYear=2016,200,21247,00960cdf788d53f937314cf81db6648bac8d52001dad7c985fa0f5db67727b99,2026-10-02T09:05:40+00:00,nhtsa/complaints/mercedes-benz/gl-class_2016.json.gz,ok,
complaints,mercedes-benz,mercedes-benz/gle,GLE-CLASS COUPE,2016,https://api.nhtsa.gov/complaints/complaintsByVehicle?make=MERCEDES-BENZ&model=GLE-CLASS+COUPE&modelYear=2016,200,108315,8240f3332b67a1fef511fffd1554d96b731a9f9cdfc062299bf96859fcee30cb,2026-10-02T09:05:42+00:00,nhtsa/complaints/mercedes-benz/gle-class-coupe_2016.json.gz,ok,
complaints,mercedes-benz,mercedes-benz/gle,GLE-CLASS HYBRID,2016,https://api.nhtsa.gov/complaints/complaintsByVehicle?make=MERCEDES-BENZ&model=GLE-CLASS+HYBRID&modelYear=2016,200,108315,8240f3332b67a1fef511fffd1554d96b731a9f9cdfc062299bf96859fcee30cb,2026-10-02T09:05:44+00:00,nhtsa/complaints/mercedes-benz/gle-class-hybrid_2016.json.gz,ok,
complaints,mercedes-benz,mercedes-benz/s-class,S-CLASS COUPE,2016,https://api.nhtsa.gov/complaints/complaintsByVehicle?make=MERCEDES-BENZ&model=S-CLASS+COUPE&modelYear=2016,200,33663,7e1e4f6afa8660b68a0747b05b84accd4189851553029c029f50ec3fe0de929c,2026-10-02T09:05:46+00:00,nhtsa/complaints/mercedes-benz/s-class-coupe_2016.json.gz,ok,
complaints,mercedes-benz,mercedes-benz/glc,GLC,2016,https://api.nhtsa.gov/complaints/complaintsByVehicle?make=MERCEDES-BENZ&model=GLC&modelYear=2016,200,1014,1bba0ed1f1c6f15ad65fcbbd7d975e2643f5bf8beb5155f2009d5d401cac6e76,2026-10-02T09:05:48+00:00,nhtsa/complaints/mercedes-benz/glc_2016.json.gz,ok,
recalls,mercedes-benz,mercedes-benz/c-class,C-CLASS,2017,https://api.nhtsa.gov/recalls/recallsByVehicle?make=MERCEDES-BENZ&model=C-CLASS&modelYear=2017,400,66,74147c27e8c00a68fa4708025f0aa95a3dbb3bea68b4d5417efb2bef19d1e786,2026-10-02T09:05:50+00:00,nhtsa/recalls/mercedes-benz/c-class_2017.json.gz,ok,empty result (HTTP 400 for zero matches)
recalls,mercedes-benz,mercedes-benz/gle,GLE-CLASS,2017,https://api.nhtsa.gov/recalls/recallsByVehicle?make=MERCEDES-BENZ&model=GLE-CLASS&modelYear=2017,400,66,74147c27e8c00a68fa4708025f0aa95a3dbb3bea68b4d5417efb2bef19d1e786,2026-10-02T09:05:51+00:00,nhtsa/recalls/mercedes-benz/gle-class_2017.json.gz,ok,empty result (HTTP 400 for zero matches)
recalls,mercedes-benz,mercedes-benz/e-class,E-CLASS,2017,https://api.nhtsa.gov/recalls/recallsByVehicle?make=MERCEDES-BENZ&model=E-CLASS&modelYear=2017,400,66,74147c27e8c00a68fa4708025f0aa95a3dbb3bea68b4d5417efb2bef19d1e786,2026-10-02T09:05:53+00:00,nhtsa/recalls/mercedes-benz/e-class_2017.json.gz,ok,empty result (HTTP 400 for zero matches)
recalls,mercedes-benz,mercedes-benz/cls,CLS-CLASS,2017,https://api.nhtsa.gov/recalls/recallsByVehicle?make=MERCEDES-BENZ&model=CLS-CLASS&modelYear=2017,400,66,74147c27e8c00a68fa4708025f0aa95a3dbb3bea68b4d5417efb2bef19d1e786,2026-10-02T09:05:56+00:00,nhtsa/recalls/mercedes-benz/cls-class_2017.json.gz,ok,empty result (HTTP 400 for zero matches)
recalls,mercedes-benz,mercedes-benz/s-class,S-CLASS,2017,https://api.nhtsa.gov/recalls/recallsByVehicle?make=MERCEDES-BENZ&model=S-CLASS&modelYear=2017,400,66,74147c27e8c00a68fa4708025f0aa95a3dbb3bea68b4d5417efb2bef19d1e786,2026-10-02T09:05:58+00:00,nhtsa/recalls/mercedes-benz/s-class_2017.json.gz,ok,empty result (HTTP 400 for zero matches)
recalls,mercedes-benz,mercedes-benz/s-class,S-CLASS HYBRID,2017,https://api.nhtsa.gov/recalls/recallsByVehicle?make=MERCEDES-BENZ&model=S-CLASS+HYBRID&modelYear=2017,400,66,74147c27e8c00a68fa4708025f0aa95a3dbb3bea68b4d5417efb2bef19d1e786,2026-10-02T09:06:00+00:00,nhtsa/recalls/mercedes-benz/s-class-hybrid_2017.json.gz,ok,empty result (HTTP 400 for zero matches)
recalls,mercedes-benz,mercedes-benz/cla,CLA-CLASS,2017,https://api.nhtsa.gov/recalls/recallsByVehicle?make=MERCEDES-BENZ&model=CLA-CLASS&modelYear=2017,400,66,74147c27e8c00a68fa4708025f0aa95a3dbb3bea68b4d5417efb2bef19d1e786,2026-10-02T09:06:02+00:00,nhtsa/recalls/mercedes-benz/cla-class_2017.json.gz,ok,empty result (HTTP 400 for zero matches)
recalls,mercedes-benz,mercedes-benz/gla,GLA-CLASS,2017,https://api.nhtsa.gov/recalls/recallsByVehicle?make=MERCEDES-BENZ&model=GLA-CLASS&modelYear=2017,400,66,74147c27e8c00a68fa4708025f0aa95a3dbb3bea68b4d5417efb2bef19d1e786,2026-10-02T09:06:04+00:00,nhtsa/recalls/mercedes-benz/gla-class_2017.json.gz,ok,empty result (HTTP 400 for zero matches)
recalls,mercedes-benz,mercedes-benz/glc,GLC-CLASS,2017,https://api.nhtsa.gov/recalls/recallsByVehicle?make=MERCEDES-BENZ&model=GLC-CLASS&modelYear=2017,400,66,74147c27e8c00a68fa4708025f0aa95a3dbb3bea68b4d5417efb2bef19d1e786,2026-10-02T09:06:05+00:00,nhtsa/recalls/mercedes-benz/glc-class_2017.json.gz,ok,empty result (HTTP 400 for zero matches)
recalls,mercedes-benz,mercedes-benz/glc,GLC-CLASS COUPE,2017,https://api.nhtsa.gov/recalls/recallsByVehicle?make=MERCEDES-BENZ&model=GLC-CLASS+COUPE&modelYear=2017,400,66,74147c27e8c00a68fa4708025f0aa95a3dbb3bea68b4d5417efb2bef19d1e786,2026-10-02T09:06:06+00:00,nhtsa/recalls/mercedes-benz/glc-class-coupe_2017.json.gz,ok,empty result (HTTP 400 for zero matches)
recalls,mercedes-benz,mercedes-benz/gle,GLE-CLASS HYBRID,2017,https://api.nhtsa.gov/recalls/recallsByVehicle?make=MERCEDES-BENZ&model=GLE-CLASS+HYBRID&modelYear=2017,400,66,74147c27e8c00a68fa4708025f0aa95a3dbb3bea68b4d5417efb2bef19d1e786,2026-10-02T09:06:08+00:00,nhtsa/recalls/mercedes-benz/gle-class-hybrid_2017.json.gz,ok,empty result (HTTP 400 for zero matches)
recalls,mercedes-benz,mercedes-benz/gle,GLE-CLASS COUPE,2017,https://api.nhtsa.gov/recalls/recallsByVehicle?make=MERCEDES-BENZ&model=GLE-CLASS+COUPE&modelYear=2017,400,66,74147c27e8c00a68fa4708025f0aa95a3dbb3bea68b4d5417efb2bef19d1e786,2026-10-02T09:06:09+00:00,nhtsa/recalls/mercedes-benz/gle-class-coupe_2017.json.gz,ok,empty result (HTTP 400 for zero matches)
recalls,mercedes-benz,mercedes-benz/gls,GLS-CLASS,2017,https://api.nhtsa.gov/recalls/recallsByVehicle?make=MERCEDES-BENZ&model=GLS-CLASS&modelYear=2017,400,66,74147c27e8c00a68fa4708025f0aa95a3dbb3bea68b4d5417efb2bef19d1e786,2026-10-02T09:06:11+00:00,nhtsa/recalls/mercedes-benz/gls-class_2017.json.gz,ok,empty result (HTTP 400 for zero matches)
recalls,mercedes-benz,mercedes-benz/c-class,C-CLASS HYBRID,2017,https://api.nhtsa.gov/recalls/recallsByVehicle?make=MERCEDES-BENZ&model=C-CLASS+HYBRID&modelYear=2017,400,66,74147c27e8c00a68fa4708025f0aa95a3dbb3bea68b4d5417efb2bef19d1e786,2026-10-02T09:06:12+00:00,nhtsa/recalls/mercedes-benz/c-class-hybrid_2017.json.gz,ok,empty result (HTTP 400 for zero matches)
recalls,mercedes-benz,mercedes-benz/gls,GL450,2017,https://api.nhtsa.gov/recalls/recallsByVehicle?make=MERCEDES-BENZ&model=GL450&modelYear=2017,400,66,74147c27e8c00a68fa4708025f0aa95a3dbb3bea68b4d5417efb2bef19d1e786,2026-10-02T09:06:14+00:00,nhtsa/recalls/mercedes-benz/gl450_2017.json.gz,ok,empty result (HTTP 400 for zero matches)
recalls,mercedes-benz,mercedes-benz/gls,GL350,2017,https://api.nhtsa.gov/recalls/recallsByVehicle?make=MERCEDES-BENZ&model=GL350&modelYear=2017,400,66,74147c27e8c00a68fa4708025f0aa95a3dbb3bea68b4d5417efb2bef19d1e786,2026-10-02T09:06:16+00:00,nhtsa/recalls/mercedes-benz/gl350_2017.json.gz,ok,empty result (HTTP 400 for zero matches)
complaints,mercedes-benz,mercedes-benz/c-class,C-CLASS,2017,https://api.nhtsa.gov/complaints/complaintsByVehicle?make=MERCEDES-BENZ&model=C-CLASS&modelYear=2017,200,222832,513a6a6f6a3a7a0ef135831d20c99018ecf2f0ba30083f4eac9a67fadc305581,2026-10-02T09:06:18+00:00,nhtsa/complaints/mercedes-benz/c-class_2017.json.gz,ok,
complaints,mercedes-benz,mercedes-benz/gle,GLE-CLASS,2017,https://api.nhtsa.gov/complaints/complaintsByVehicle?make=MERCEDES-BENZ&model=GLE-CLASS&modelYear=2017,200,91038,d6570a581cfe99887e55888fd3a77a3a99e90adc546e619afe1eef3aad151009,2026-10-02T09:06:20+00:00,nhtsa/complaints/mercedes-benz/gle-class_2017.json.gz,ok,
complaints,mercedes-benz,mercedes-benz/e-class,E-CLASS,2017,https://api.nhtsa.gov/complaints/complaintsByVehicle?make=MERCEDES-BENZ&model=E-CLASS&modelYear=2017,200,155730,fd09aa2bf420ed5c977dbaf1f6e8ff4f7d537abe74fbfac81b3b9fc8fc8eb7b3,2026-10-02T09:06:23+00:00,nhtsa/complaints/mercedes-benz/e-class_2017.json.gz,ok,
complaints,mercedes-benz,mercedes-benz/cls,CLS-CLASS,2017,https://api.nhtsa.gov/complaints/complaintsByVehicle?make=MERCEDES-BENZ&model=CLS-CLASS&modelYear=2017,200,1405,47361623b6addce985860895a459886fee2fa3b1344f7af0ff69517260e3bc23,2026-10-02T09:06:24+00:00,nhtsa/complaints/mercedes-benz/cls-class_2017.json.gz,ok,
complaints,mercedes-benz,mercedes-benz/s-class,S-CLASS,2017,https://api.nhtsa.gov/complaints/complaintsByVehicle?make=MERCEDES-BENZ&model=S-CLASS&modelYear=2017,200,23333,29053aed8a11bc609e80d82610026b1de8e93ec38de5dff638a753e11bb0b82c,2026-10-02T09:06:26+00:00,nhtsa/complaints/mercedes-benz/s-class_2017.json.gz,ok,
complaints,mercedes-benz,mercedes-benz/s-class,S-CLASS HYBRID,2017,https://api.nhtsa.gov/complaints/complaintsByVehicle?make=MERCEDES-BENZ&model=S-CLASS+HYBRID&modelYear=2017,200,23333,29053aed8a11bc609e80d82610026b1de8e93ec38de5dff638a753e11bb0b82c,2026-10-02T09:06:29+00:00,nhtsa/complaints/mercedes-benz/s-class-hybrid_2017.json.gz,ok,
complaints,mercedes-benz,mercedes-benz/cla,CLA-CLASS,2017,https://api.nhtsa.gov/complaints/complaintsByVehicle?make=MERCEDES-BENZ&model=CLA-CLASS&modelYear=2017,200,27583,2b9bccec3065190f0dfdf2376ba6f3aac31ff9fb654e2534c29b90ff6c25a178,2026-10-02T09:06:30+00:00,nhtsa/complaints/mercedes-benz/cla-class_2017.json.gz,ok,
complaints,mercedes-benz,mercedes-benz/gla,GLA-CLASS,2017,https://api.nhtsa.gov/complaints/complaintsByVehicle?make=MERCEDES-BENZ&model=GLA-CLASS&modelYear=2017,200,35758,6311f2f763c52d78695b6b683d6609810ff3be5cc08281c3acaae639519dfe9c,2026-10-02T09:06:32+00:00,nhtsa/complaints/mercedes-benz/gla-class_2017.json.gz,ok,
complaints,mercedes-benz,mercedes-benz/glc,GLC-CLASS,2017,https://api.nhtsa.gov/complaints/complaintsByVehicle?make=MERCEDES-BENZ&model=GLC-CLASS&modelYear=2017,200,105140,8362e1464eae7a808fc43bdd28e926ec7fb8084a2bd879a72662af8da2332966,2026-10-02T09:06:34+00:00,nhtsa/complaints/mercedes-benz/glc-class_2017.json.gz,ok,
complaints,mercedes-benz,mercedes-benz/glc,GLC-CLASS COUPE,2017,https://api.nhtsa.gov/complaints/complaintsByVehicle?make=MERCEDES-BENZ&model=GLC-CLASS+COUPE&modelYear=2017,200,105140,8362e1464eae7a808fc43bdd28e926ec7fb8084a2bd879a72662af8da2332966,2026-10-02T09:06:36+00:00,nhtsa/complaints/mercedes-benz/glc-class-coupe_2017.json.gz,ok,
complaints,mercedes-benz,mercedes-benz/gle,GLE-CLASS HYBRID,2017,https://api.nhtsa.gov/complaints/complaintsByVehicle?make=MERCEDES-BENZ&model=GLE-CLASS+HYBRID&modelYear=2017,200,91038,d6570a581cfe99887e55888fd3a77a3a99e90adc546e619afe1eef3aad151009,2026-10-02T09:06:38+00:00,nhtsa/complaints/mercedes-benz/gle-class-hybrid_2017.json.gz,ok,
complaints,mercedes-benz,mercedes-benz/gle,GLE-CLASS COUPE,2017,https://api.nhtsa.gov/complaints/complaintsByVehicle?make=MERCEDES-BENZ&model=GLE-CLASS+COUPE&modelYear=2017,200,91038,d6570a581cfe99887e55888fd3a77a3a99e90adc546e619afe1eef3aad151009,2026-10-02T09:06:41+00:00,nhtsa/complaints/mercedes-benz/gle-class-coupe_2017.json.gz,ok,
complaints,mercedes-benz,mercedes-benz/gls,GLS-CLASS,2017,https://api.nhtsa.gov/complaints/complaintsByVehicle?make=MERCEDES-BENZ&model=GLS-CLASS&modelYear=2017,200,46278,147c0f979cec5d50715c15d1800f925aeb0f6440029aac20ba58a1e72f95bcdd,2026-10-02T09:06:43+00:00,nhtsa/complaints/mercedes-benz/gls-class_2017.json.gz,ok,
complaints,mercedes-benz,mercedes-benz/c-class,C-CLASS HYBRID,2017,https://api.nhtsa.gov/complaints/complaintsByVehicle?make=MERCEDES-BENZ&model=C-CLASS+HYBRID&modelYear=2017,200,222832,513a6a6f6a3a7a0ef135831d20c99018ecf2f0ba30083f4eac9a67fadc305581,2026-10-02T09:06:45+00:00,nhtsa/complaints/mercedes-benz/c-class-hybrid_2017.json.gz,ok,
complaints,mercedes-benz,mercedes-benz/gls,GL450,2017,https://api.nhtsa.gov/complaints/complaintsByVehicle?make=MERCEDES-BENZ&model=GL450&modelYear=2017,200,1137,a98fdeec3cf6a0d04cd99e05c3284cef6d51c8756a8f4c18110e1162e22aaf81,2026-10-02T09:06:47+00:00,nhtsa/complaints/mercedes-benz/gl450_2017.json.gz,ok,
complaints,mercedes-benz,mercedes-benz/gls,GL350,2017,https://api.nhtsa.gov/complaints/complaintsByVehicle?make=MERCEDES-BENZ&model=GL350&modelYear=2017,200,2358,16e46559a4464507470d85fd1618e6560d69e794ee1ad309ee3bd231607494df,2026-10-02T09:06:49+00:00,nhtsa/complaints/mercedes-benz/gl350_2017.json.gz,ok,
recalls,mercedes-benz,mercedes-benz/gle,GLE-CLASS PHEV,2018,https://api.nhtsa.gov/recalls/recallsByVehicle?make=MERCEDES-BENZ&model=GLE-CLASS+PHEV&modelYear=2018,400,66,74147c27e8c00a68fa4708025f0aa95a3dbb3bea68b4d5417efb2bef19d1e786,2026-10-02T09:06:50+00:00,nhtsa/recalls/mercedes-benz/gle-class-phev_2018.json.gz,ok,empty result (HTTP 400 for zero matches)
recalls,mercedes-benz,mercedes-benz/c-class,C-CLASS,2018,https://api.nhtsa.gov/recalls/recallsByVehicle?make=MERCEDES-BENZ&model=C-CLASS&modelYear=2018,400,66,74147c27e8c00a68fa4708025f0aa95a3dbb3bea68b4d5417efb2bef19d1e786,2026-10-02T09:06:52+00:00,nhtsa/recalls/mercedes-benz/c-class_2018.json.gz,ok,empty result (HTTP 400 for zero matches)
recalls,mercedes-benz,mercedes-benz/e-class,E-CLASS,2018,https://api.nhtsa.gov/recalls/recallsByVehicle?make=MERCEDES-BENZ&model=E-CLASS&modelYear=2018,400,66,74147c27e8c00a68fa4708025f0aa95a3dbb3bea68b4d5417efb2bef19d1e786,2026-10-02T09:06:53+00:00,nhtsa/recalls/mercedes-benz/e-class_2018.json.gz,ok,empty result (HTTP 400 for zero matches)
recalls,mercedes-benz,mercedes-benz/s-class,S-CLASS,2018,https://api.nhtsa.gov/recalls/recallsByVehicle?make=MERCEDES-BENZ&model=S-CLASS&modelYear=2018,400,66,74147c27e8c00a68fa4708025f0aa95a3dbb3bea68b4d5417efb2bef19d1e786,2026-10-02T09:06:55+00:00,nhtsa/recalls/mercedes-benz/s-class_2018.json.gz,ok,empty result (HTTP 400 for zero matches)
recalls,mercedes-benz,mercedes-benz/cla,CLA-CLASS,2018,https://api.nhtsa.gov/recalls/recallsByVehicle?make=MERCEDES-BENZ&model=CLA-CLASS&modelYear=2018,400,66,74147c27e8c00a68fa4708025f0aa95a3dbb3bea68b4d5417efb2bef19d1e786,2026-10-02T09:06:56+00:00,nhtsa/recalls/mercedes-benz/cla-class_2018.json.gz,ok,empty result (HTTP 400 for zero matches)
recalls,mercedes-benz,mercedes-benz/gla,GLA-CLASS,2018,https://api.nhtsa.gov/recalls/recallsByVehicle?make=MERCEDES-BENZ&model=GLA-CLASS&modelYear=2018,400,66,74147c27e8c00a68fa4708025f0aa95a3dbb3bea68b4d5417efb2bef19d1e786,2026-10-02T09:06:58+00:00,nhtsa/recalls/mercedes-benz/gla-class_2018.json.gz,ok,empty result (HTTP 400 for zero matches)
recalls,mercedes-benz,mercedes-benz/gle,GLE-CLASS,2018,https://api.nhtsa.gov/recalls/recallsByVehicle?make=MERCEDES-BENZ&model=GLE-CLASS&modelYear=2018,400,66,74147c27e8c00a68fa4708025f0aa95a3dbb3bea68b4d5417efb2bef19d1e786,2026-10-02T09:07:00+00:00,nhtsa/recalls/mercedes-benz/gle-class_2018.json.gz,ok,empty result (HTTP 400 for zero matches)
recalls,mercedes-benz,mercedes-benz/gle,GLE-CLASS COUPE,2018,https://api.nhtsa.gov/recalls/recallsByVehicle?make=MERCEDES-BENZ&model=GLE-CLASS+COUPE&modelYear=2018,400,66,74147c27e8c00a68fa4708025f0aa95a3dbb3bea68b4d5417efb2bef19d1e786,2026-10-02T09:07:01+00:00,nhtsa/recalls/mercedes-benz/gle-class-coupe_2018.json.gz,ok,empty result (HTTP 400 for zero matches)
recalls,mercedes-benz,mercedes-benz/gls,GLS-CLASS,2018,https://api.nhtsa.gov/recalls/recallsByVehicle?make=MERCEDES-BENZ&model=GLS-CLASS&modelYear=2018,400,66,74147c27e8c00a68fa4708025f0aa95a3dbb3bea68b4d5417efb2bef19d1e786,2026-10-02T09:07:03+00:00,nhtsa/recalls/mercedes-benz/gls-class_2018.json.gz,ok,empty result (HTTP 400 for zero matches)
recalls,mercedes-benz,mercedes-benz/s-class,S-CLASS COUPE,2018,https://api.nhtsa.gov/recalls/recallsByVehicle?make=MERCEDES-BENZ&model=S-CLASS+COUPE&modelYear=2018,400,66,74147c27e8c00a68fa4708025f0aa95a3dbb3bea68b4d5417efb2bef19d1e786,2026-10-02T09:07:04+00:00,nhtsa/recalls/mercedes-benz/s-class-coupe_2018.json.gz,ok,empty result (HTTP 400 for zero matches)
recalls,mercedes-benz,mercedes-benz/glc,GLC-CLASS,2018,https://api.nhtsa.gov/recalls/recallsByVehicle?make=MERCEDES-BENZ&model=GLC-CLASS&modelYear=2018,400,66,74147c27e8c00a68fa4708025f0aa95a3dbb3bea68b4d5417efb2bef19d1e786,2026-10-02T09:07:06+00:00,nhtsa/recalls/mercedes-benz/glc-class_2018.json.gz,ok,empty result (HTTP 400 for zero matches)
recalls,mercedes-benz,mercedes-benz/glc,GLC-CLASS COUPE,2018,https://api.nhtsa.gov/recalls/recallsByVehicle?make=MERCEDES-BENZ&model=GLC-CLASS+COUPE&modelYear=2018,400,66,74147c27e8c00a68fa4708025f0aa95a3dbb3bea68b4d5417efb2bef19d1e786,2026-10-02T09:07:08+00:00,nhtsa/recalls/mercedes-benz/glc-class-coupe_2018.json.gz,ok,empty result (HTTP 400 for zero matches)
recalls,mercedes-benz,mercedes-benz/glc,GLC-CLASS PHEV,2018,https://api.nhtsa.gov/recalls/recallsByVehicle?make=MERCEDES-BENZ&model=GLC-CLASS+PHEV&modelYear=2018,400,66,74147c27e8c00a68fa4708025f0aa95a3dbb3bea68b4d5417efb2bef19d1e786,2026-10-02T09:07:10+00:00,nhtsa/recalls/mercedes-benz/glc-class-phev_2018.json.gz,ok,empty result (HTTP 400 for zero matches)
recalls,mercedes-benz,mercedes-benz/c-class,C-CLASS PHEV,2018,https://api.nhtsa.gov/recalls/recallsByVehicle?make=MERCEDES-BENZ&model=C-CLASS+PHEV&modelYear=2018,400,66,74147c27e8c00a68fa4708025f0aa95a3dbb3bea68b4d5417efb2bef19d1e786,2026-10-02T09:07:13+00:00,nhtsa/recalls/mercedes-benz/c-class-phev_2018.json.gz,ok,empty result (HTTP 400 for zero matches)
recalls,mercedes-benz,mercedes-benz/s-class,S 560 4MATIC,2018,https://api.nhtsa.gov/recalls/recallsByVehicle?make=MERCEDES-BENZ&model=S+560+4MATIC&modelYear=2018,200,1266,c4c0bee17dfa6288a58cc67643a64310b8979255ded53a517db9f541b0f354ec,2026-10-02T09:07:14+00:00,nhtsa/recalls/mercedes-benz/s-560-4matic_2018.json.gz,ok,
recalls,mercedes-benz,mercedes-benz/e-class,E 400 4MATIC,2018,https://api.nhtsa.gov/recalls/recallsByVehicle?make=MERCEDES-BENZ&model=E+400+4MATIC&modelYear=2018,200,1266,dfaad3584a994a8ec88c400b737cfc316863298047fe7bcf8d5955e6d58b0d59,2026-10-02T09:07:16+00:00,nhtsa/recalls/mercedes-benz/e-400-4matic_2018.json.gz,ok,
complaints,mercedes-benz,mercedes-benz/gle,GLE-CLASS PHEV,2018,https://api.nhtsa.gov/complaints/complaintsByVehicle?make=MERCEDES-BENZ&model=GLE-CLASS+PHEV&modelYear=2018,200,59625,cd1621b88fa419d09abe807dc2323e25e69c181916120c5f3ac8e6b73b8b1fcb,2026-10-02T09:07:17+00:00,nhtsa/complaints/mercedes-benz/gle-class-phev_2018.json.gz,ok,
complaints,mercedes-benz,mercedes-benz/c-class,C-CLASS,2018,https://api.nhtsa.gov/complaints/complaintsByVehicle?make=MERCEDES-BENZ&model=C-CLASS&modelYear=2018,200,116523,7de41ee9262cb3c51561313f77a20d17e7cc67ca523305f7c2407ef69443c369,2026-10-02T09:07:20+00:00,nhtsa/complaints/mercedes-benz/c-class_2018.json.gz,ok,
complaints,mercedes-benz,mercedes-benz/e-class,E-CLASS,2018,https://api.nhtsa.gov/complaints/complaintsByVehicle?make=MERCEDES-BENZ&model=E-CLASS&modelYear=2018,200,75678,85470067ef514339b4b91206e4e04ca747c89fa96a140969e8778b865122e109,2026-10-02T09:07:22+00:00,nhtsa/complaints/mercedes-benz/e-class_2018.json.gz,ok,
complaints,mercedes-benz,mercedes-benz/s-class,S-CLASS,2018,https://api.nhtsa.gov/complaints/complaintsByVehicle?make=MERCEDES-BENZ&model=S-CLASS&modelYear=2018,200,28344,9b175340efa9e691ab3741eb4bae6d015fa58e5e7b934d8e8e01e3213e01d572,2026-10-02T09:07:24+00:00,nhtsa/complaints/mercedes-benz/s-class_2018.json.gz,ok,
complaints,mercedes-benz,mercedes-benz/cla,CLA-CLASS,2018,https://api.nhtsa.gov/complaints/complaintsByVehicle?make=MERCEDES-BENZ&model=CLA-CLASS&modelYear=2018,200,44363,c6bc3c338e9d545e850a55dc885860b262a550eed548d37fd961e7430280a20d,2026-10-02T09:07:26+00:00,nhtsa/complaints/mercedes-benz/cla-class_2018.json.gz,ok,
complaints,mercedes-benz,mercedes-benz/gla,GLA-CLASS,2018,https://api.nhtsa.gov/complaints/complaintsByVehicle?make=MERCEDES-BENZ&model=GLA-CLASS&modelYear=2018,200,60102,1744637ad042e47a83bbc154828f04262ed0bd531fb24efd9b4ed71ba8c71f1d,2026-10-02T09:07:28+00:00,nhtsa/complaints/mercedes-benz/gla-class_2018.json.gz,ok,
complaints,mercedes-benz,mercedes-benz/gle,GLE-CLASS,2018,https://api.nhtsa.gov/complaints/complaintsByVehicle?make=MERCEDES-BENZ&model=GLE-CLASS&modelYear=2018,200,59625,cd1621b88fa419d09abe807dc2323e25e69c181916120c5f3ac8e6b73b8b1fcb,2026-10-02T09:07:30+00:00,nhtsa/complaints/mercedes-benz/gle-class_2018.json.gz,ok,
complaints,mercedes-benz,mercedes-benz/gle,GLE-CLASS COUPE,2018,https://api.nhtsa.gov/complaints/complaintsByVehicle?make=MERCEDES-BENZ&model=GLE-CLASS+COUPE&modelYear=2018,200,59625,cd1621b88fa419d09abe807dc2323e25e69c181916120c5f3ac8e6b73b8b1fcb,2026-10-02T09:07:32+00:00,nhtsa/complaints/mercedes-benz/gle-class-coupe_2018.json.gz,ok,
complaints,mercedes-benz,mercedes-benz/gls,GLS-CLASS,2018,https://api.nhtsa.gov/complaints/complaintsByVehicle?make=MERCEDES-BENZ&model=GLS-CLASS&modelYear=2018,200,26084,02d9b17d736b5806aa43ec4bc911dd3cbc95f306df2e690a6e2fdff0420fa2ba,2026-10-02T09:07:35+00:00,nhtsa/complaints/mercedes-benz/gls-class_2018.json.gz,ok,
complaints,mercedes-benz,mercedes-benz/s-class,S-CLASS COUPE,2018,https://api.nhtsa.gov/complaints/complaintsByVehicle?make=MERCEDES-BENZ&model=S-CLASS+COUPE&modelYear=2018,200,28344,9b175340efa9e691ab3741eb4bae6d015fa58e5e7b934d8e8e01e3213e01d572,2026-10-02T09:07:37+00:00,nhtsa/complaints/mercedes-benz/s-class-coupe_2018.json.gz,ok,
complaints,mercedes-benz,mercedes-benz/glc,GLC-CLASS,2018,https://api.nhtsa.gov/complaints/complaintsByVehicle?make=MERCEDES-BENZ&model=GLC-CLASS&modelYear=2018,200,91030,463d34dea7e2e22b54e171912c89f0d246f73fe561e91fa0633b5917ac12d357,2026-10-02T09:07:39+00:00,nhtsa/complaints/mercedes-benz/glc-class_2018.json.gz,ok,
complaints,mercedes-benz,mercedes-benz/glc,GLC-CLASS COUPE,2018,https://api.nhtsa.gov/complaints/complaintsByVehicle?make=MERCEDES-BENZ&model=GLC-CLASS+COUPE&modelYear=2018,200,91030,463d34dea7e2e22b54e171912c89f0d246f73fe561e91fa0633b5917ac12d357,2026-10-02T09:07:41+00:00,nhtsa/complaints/mercedes-benz/glc-class-coupe_2018.json.gz,ok,
complaints,mercedes-benz,mercedes-benz/glc,GLC-CLASS PHEV,2018,https://api.nhtsa.gov/complaints/complaintsByVehicle?make=MERCEDES-BENZ&model=GLC-CLASS+PHEV&modelYear=2018,200,88602,528a9cb16139a9e088ba1573e0ffaa074bcdff8df67ed67f4d4a121a3d67fd15,2026-10-02T09:07:43+00:00,nhtsa/complaints/mercedes-benz/glc-class-phev_2018.json.gz,ok,
complaints,mercedes-benz,mercedes-benz/c-class,C-CLASS PHEV,2018,https://api.nhtsa.gov/complaints/complaintsByVehicle?make=MERCEDES-BENZ&model=C-CLASS+PHEV&modelYear=2018,200,116523,7de41ee9262cb3c51561313f77a20d17e7cc67ca523305f7c2407ef69443c369,2026-10-02T09:07:46+00:00,nhtsa/complaints/mercedes-benz/c-class-phev_2018.json.gz,ok,
complaints,mercedes-benz,mercedes-benz/s-class,S 560 4MATIC,2018,https://api.nhtsa.gov/complaints/complaintsByVehicle?make=MERCEDES-BENZ&model=S+560+4MATIC&modelYear=2018,200,3370,4552ec953092ffe226c9fef3c9f1b46a568ebb04b3b5d84f12378abebf382ad7,2026-10-02T09:07:47+00:00,nhtsa/complaints/mercedes-benz/s-560-4matic_2018.json.gz,ok,
complaints,mercedes-benz,mercedes-benz/e-class,E 400 4MATIC,2018,https://api.nhtsa.gov/complaints/complaintsByVehicle?make=MERCEDES-BENZ&model=E+400+4MATIC&modelYear=2018,200,3263,d7c6b355e31d66706c76c8e80e7c950a1af29fdca68ae205fb6f5672975a1add,2026-10-02T09:07:49+00:00,nhtsa/complaints/mercedes-benz/e-400-4matic_2018.json.gz,ok,
recalls,mercedes-benz,mercedes-benz/c-class,C-CLASS CABRIOLET,2019,https://api.nhtsa.gov/recalls/recallsByVehicle?make=MERCEDES-BENZ&model=C-CLASS+CABRIOLET&modelYear=2019,400,66,74147c27e8c00a68fa4708025f0aa95a3dbb3bea68b4d5417efb2bef19d1e786,2026-10-02T09:07:51+00:00,nhtsa/recalls/mercedes-benz/c-class-cabriolet_2019.json.gz,ok,empty result (HTTP 400 for zero matches)
recalls,mercedes-benz,mercedes-benz/c-class,C-CLASS,2019,https://api.nhtsa.gov/recalls/recallsByVehicle?make=MERCEDES-BENZ&model=C-CLASS&modelYear=2019,400,66,74147c27e8c00a68fa4708025f0aa95a3dbb3bea68b4d5417efb2bef19d1e786,2026-10-02T09:07:52+00:00,nhtsa/recalls/mercedes-benz/c-class_2019.json.gz,ok,empty result (HTTP 400 for zero matches)
recalls,mercedes-benz,mercedes-benz/cla,CLA-CLASS,2019,https://api.nhtsa.gov/recalls/recallsByVehicle?make=MERCEDES-BENZ&model=CLA-CLASS&modelYear=2019,400,66,74147c27e8c00a68fa4708025f0aa95a3dbb3bea68b4d5417efb2bef19d1e786,2026-10-02T09:07:54+00:00,nhtsa/recalls/mercedes-benz/cla-class_2019.json.gz,ok,empty result (HTTP 400 for zero matches)
recalls,mercedes-benz,mercedes-benz/cls,CLS-CLASS,2019,https://api.nhtsa.gov/recalls/recallsByVehicle?make=MERCEDES-BENZ&model=CLS-CLASS&modelYear=2019,400,66,74147c27e8c00a68fa4708025f0aa95a3dbb3bea68b4d5417efb2bef19d1e786,2026-10-02T09:07:56+00:00,nhtsa/recalls/mercedes-benz/cls-class_2019.json.gz,ok,empty result (HTTP 400 for zero matches)
recalls,mercedes-benz,mercedes-benz/e-class,E-CLASS CABRIOLET,2019,https://api.nhtsa.gov/recalls/recallsByVehicle?make=MERCEDES-BENZ&model=E-CLASS+CABRIOLET&modelYear=2019,400,66,74147c27e8c00a68fa4708025f0aa95a3dbb3bea68b4d5417efb2bef19d1e786,2026-10-02T09:07:58+00:00,nhtsa/recalls/mercedes-benz/e-class-cabriolet_2019.json.gz,ok,empty result (HTTP 400 for zero matches)
recalls,mercedes-benz,mercedes-benz/e-class,E-CLASS,2019,https://api.nhtsa.gov/recalls/recallsByVehicle?make=MERCEDES-BENZ&model=E-CLASS&modelYear=2019,400,66,74147c27e8c00a68fa4708025f0aa95a3dbb3bea68b4d5417efb2bef19d1e786,2026-10-02T09:07:59+00:00,nhtsa/recalls/mercedes-benz/e-class_2019.json.gz,ok,empty result (HTTP 400 for zero matches)
recalls,mercedes-benz,mercedes-benz/gla,GLA-CLASS,2019,https://api.nhtsa.gov/recalls/recallsByVehicle?make=MERCEDES-BENZ&model=GLA-CLASS&modelYear=2019,400,66,74147c27e8c00a68fa4708025f0aa95a3dbb3bea68b4d5417efb2bef19d1e786,2026-10-02T09:08:01+00:00,nhtsa/recalls/mercedes-benz/gla-class_2019.json.gz,ok,empty result (HTTP 400 for zero matches)
recalls,mercedes-benz,mercedes-benz/gle,GLE-CLASS COUPE,2019,https://api.nhtsa.gov/recalls/recallsByVehicle?make=MERCEDES-BENZ&model=GLE-CLASS+COUPE&modelYear=2019,400,66,74147c27e8c00a68fa4708025f0aa95a3dbb3bea68b4d5417efb2bef19d1e786,2026-10-02T09:08:03+00:00,nhtsa/recalls/mercedes-benz/gle-class-coupe_2019.json.gz,ok,empty result (HTTP 400 for zero matches)
recalls,mercedes-benz,mercedes-benz/s-class,S-CLASS,2019,https://api.nhtsa.gov/recalls/recallsByVehicle?make=MERCEDES-BENZ&model=S-CLASS&modelYear=2019,400,66,74147c27e8c00a68fa4708025f0aa95a3dbb3bea68b4d5417efb2bef19d1e786,2026-10-02T09:08:04+00:00,nhtsa/recalls/mercedes-benz/s-class_2019.json.gz,ok,empty result (HTTP 400 for zero matches)
recalls,mercedes-benz,mercedes-benz/s-class,S-CLASS CABRIOLET,2019,https://api.nhtsa.gov/recalls/recallsByVehicle?make=MERCEDES-BENZ&model=S-CLASS+CABRIOLET&modelYear=2019,400,66,74147c27e8c00a68fa4708025f0aa95a3dbb3bea68b4d5417efb2bef19d1e786,2026-10-02T09:08:06+00:00,nhtsa/recalls/mercedes-benz/s-class-cabriolet_2019.json.gz,ok,empty result (HTTP 400 for zero matches)
recalls,mercedes-benz,mercedes-benz/gla,AMG GLA45,2019,https://api.nhtsa.gov/recalls/recallsByVehicle?make=MERCEDES-BENZ&model=AMG+GLA45&modelYear=2019,200,3041,7d1be0cdefd60d6cd711b39b29b9b4a78cdcb4309e1cc2367ce61bfcf5453120,2026-10-02T09:08:08+00:00,nhtsa/recalls/mercedes-benz/amg-gla45_2019.json.gz,ok,
recalls,mercedes-benz,mercedes-benz/s-class,S560E,2019,https://api.nhtsa.gov/recalls/recallsByVehicle?make=MERCEDES-BENZ&model=S560E&modelYear=2019,400,66,74147c27e8c00a68fa4708025f0aa95a3dbb3bea68b4d5417efb2bef19d1e786,2026-10-02T09:08:10+00:00,nhtsa/recalls/mercedes-benz/s560e_2019.json.gz,ok,empty result (HTTP 400 for zero matches)
recalls,mercedes-benz,mercedes-benz/gle,GLE-CLASS,2019,https://api.nhtsa.gov/recalls/recallsByVehicle?make=MERCEDES-BENZ&model=GLE-CLASS&modelYear=2019,400,66,74147c27e8c00a68fa4708025f0aa95a3dbb3bea68b4d5417efb2bef19d1e786,2026-10-02T09:08:11+00:00,nhtsa/recalls/mercedes-benz/gle-class_2019.json.gz,ok,empty result (HTTP 400 for zero matches)
recalls,mercedes-benz,mercedes-benz/glc,GLC-CLASS COUPE,2019,https://api.nhtsa.gov/recalls/recallsByVehicle?make=MERCEDES-BENZ&model=GLC-CLASS+COUPE&modelYear=2019,400,66,74147c27e8c00a68fa4708025f0aa95a3dbb3bea68b4d5417efb2bef19d1e786,2026-10-02T09:08:12+00:00,nhtsa/recalls/mercedes-benz/glc-class-coupe_2019.json.gz,ok,empty result (HTTP 400 for zero matches)
recalls,mercedes-benz,mercedes-benz/glc,GLC-CLASS,2019,https://api.nhtsa.gov/recalls/recallsByVehicle?make=MERCEDES-BENZ&model=GLC-CLASS&modelYear=2019,400,66,74147c27e8c00a68fa4708025f0aa95a3dbb3bea68b4d5417efb2bef19d1e786,2026-10-02T09:08:14+00:00,nhtsa/recalls/mercedes-benz/glc-class_2019.json.gz,ok,empty result (HTTP 400 for zero matches)
recalls,mercedes-benz,mercedes-benz/glc,GLC350E,2019,https://api.nhtsa.gov/recalls/recallsByVehicle?make=MERCEDES-BENZ&model=GLC350E&modelYear=2019,200,7580,206b72bd2236b51e70b80e502f63706c70e648b88ff1c88d1decd18631590d9c,2026-10-02T09:08:16+00:00,nhtsa/recalls/mercedes-benz/glc350e_2019.json.gz,ok,
recalls,mercedes-benz,mercedes-benz/gls,GLS-CLASS,2019,https://api.nhtsa.gov/recalls/recallsByVehicle?make=MERCEDES-BENZ&model=GLS-CLASS&modelYear=2019,400,66,74147c27e8c00a68fa4708025f0aa95a3dbb3bea68b4d5417efb2bef19d1e786,2026-10-02T09:08:17+00:00,nhtsa/recalls/mercedes-benz/gls-class_2019.json.gz,ok,empty result (HTTP 400 for zero matches)
recalls,mercedes-benz,mercedes-benz/s-class,S 560 4MATIC,2019,https://api.nhtsa.gov/recalls/recallsByVehicle?make=MERCEDES-BENZ&model=S+560+4MATIC&modelYear=2019,200,1266,faa30bca2166d953af689681d55b2bc97a7f155a4c4442dc1b1dbe64151e4d17,2026-10-02T09:08:19+00:00,nhtsa/recalls/mercedes-benz/s-560-4matic_2019.json.gz,ok,
recalls,mercedes-benz,mercedes-benz/e-class,E 450 4MATIC,2019,https://api.nhtsa.gov/recalls/recallsByVehicle?make=MERCEDES-BENZ&model=E+450+4MATIC&modelYear=2019,200,1266,c65bc25c28ba41d577d725b47778e7e337b09414eb1de8a69a55e648394d337b,2026-10-02T09:08:20+00:00,nhtsa/recalls/mercedes-benz/e-450-4matic_2019.json.gz,ok,
recalls,mercedes-benz,mercedes-benz/e-class,E 450 4MATIC COUPE,2019,https://api.nhtsa.gov/recalls/recallsByVehicle?make=MERCEDES-BENZ&model=E+450+4MATIC+COUPE&modelYear=2019,200,1272,a1cf72eefecda293552c7f27c19ea7cc1714418fca14a5cade8d0c4b8ff91f06,2026-10-02T09:08:22+00:00,nhtsa/recalls/mercedes-benz/e-450-4matic-coupe_2019.json.gz,ok,
complaints,mercedes-benz,mercedes-benz/c-class,C-CLASS CABRIOLET,2019,https://api.nhtsa.gov/complaints/complaintsByVehicle?make=MERCEDES-BENZ&model=C-CLASS+CABRIOLET&modelYear=2019,200,90050,310fa22e18ddbc377523433791351e9618e3c9e67f59335c3db275d84db836b5,2026-10-02T09:08:25+00:00,nhtsa/complaints/mercedes-benz/c-class-cabriolet_2019.json.gz,ok,
complaints,mercedes-benz,mercedes-benz/c-class,C-CLASS,2019,https://api.nhtsa.gov/complaints/complaintsByVehicle?make=MERCEDES-BENZ&model=C-CLASS&modelYear=2019,200,90050,310fa22e18ddbc377523433791351e9618e3c9e67f59335c3db275d84db836b5,2026-10-02T09:08:26+00:00,nhtsa/complaints/mercedes-benz/c-class_2019.json.gz,ok,
complaints,mercedes-benz,mercedes-benz/cla,CLA-CLASS,2019,https://api.nhtsa.gov/complaints/complaintsByVehicle?make=MERCEDES-BENZ&model=CLA-CLASS&modelYear=2019,200,56647,9dee5f2ccac323606556ec48bf3b6a2e085bc405480d10942a9bd4c050ff7a6d,2026-10-02T09:08:28+00:00,nhtsa/complaints/mercedes-benz/cla-class_2019.json.gz,ok,
complaints,mercedes-benz,mercedes-benz/cls,CLS-CLASS,2019,https://api.nhtsa.gov/complaints/complaintsByVehicle?make=MERCEDES-BENZ&model=CLS-CLASS&modelYear=2019,200,21583,4544779340c976a7bd17c32d533f4bf90bc8cba67396bf0a978b0873c166b6bb,2026-10-02T09:08:31+00:00,nhtsa/complaints/mercedes-benz/cls-class_2019.json.gz,ok,
complaints,mercedes-benz,mercedes-benz/e-class,E-CLASS CABRIOLET,2019,https://api.nhtsa.gov/complaints/complaintsByVehicle?make=MERCEDES-BENZ&model=E-CLASS+CABRIOLET&modelYear=2019,200,48831,04e72350b4c0cd3194cbb9a7648bec26cf24bcec6b7110ea4ba5c014b29bc298,2026-10-02T09:08:33+00:00,nhtsa/complaints/mercedes-benz/e-class-cabriolet_2019.json.gz,ok,
complaints,mercedes-benz,mercedes-benz/e-class,E-CLASS,2019,https://api.nhtsa.gov/complaints/complaintsByVehicle?make=MERCEDES-BENZ&model=E-CLASS&modelYear=2019,200,48831,04e72350b4c0cd3194cbb9a7648bec26cf24bcec6b7110ea4ba5c014b29bc298,2026-10-02T09:08:35+00:00,nhtsa/complaints/mercedes-benz/e-class_2019.json.gz,ok,
complaints,mercedes-benz,mercedes-benz/gla,GLA-CLASS,2019,https://api.nhtsa.gov/complaints/complaintsByVehicle?make=MERCEDES-BENZ&model=GLA-CLASS&modelYear=2019,200,32935,6abb06afb7fab96842d7b7128b65bac16f24b608c45412ef46f4791724829afa,2026-10-02T09:08:37+00:00,nhtsa/complaints/mercedes-benz/gla-class_2019.json.gz,ok,
complaints,mercedes-benz,mercedes-benz/gle,GLE-CLASS COUPE,2019,https://api.nhtsa.gov/complaints/complaintsByVehicle?make=MERCEDES-BENZ&model=GLE-CLASS+COUPE&modelYear=2019,200,27070,1a6b7fa200ea3ab9ef9c6278000f48b1978c3f0387910cc415eaa7e98198b804,2026-10-02T09:08:39+00:00,nhtsa/complaints/mercedes-benz/gle-class-coupe_2019.json.gz,ok,
complaints,mercedes-benz,mercedes-benz/s-class,S-CLASS,2019,https://api.nhtsa.gov/complaints/complaintsByVehicle?make=MERCEDES-BENZ&model=S-CLASS&modelYear=2019,200,17690,c79cf4f6d077a1e00dc5f53f9f388919633f48bb293a7ec1bc793d860a1e9aac,2026-10-02T09:08:41+00:00,nhtsa/complaints/mercedes-benz/s-class_2019.json.gz,ok,
complaints,mercedes-benz,mercedes-benz/s-class,S-CLASS CABRIOLET,2019,https://api.nhtsa.gov/complaints/complaintsByVehicle?make=MERCEDES-BENZ&model=S-CLASS+CABRIOLET&modelYear=2019,200,17690,c79cf4f6d077a1e00dc5f53f9f388919633f48bb293a7ec1bc793d860a1e9aac,2026-10-02T09:08:43+00:00,nhtsa/complaints/mercedes-benz/s-class-cabriolet_2019.json.gz,ok,
complaints,mercedes-benz,mercedes-benz/gla,AMG GLA45,2019,https://api.nhtsa.gov/complaints/complaintsByVehicle?make=MERCEDES-BENZ&model=AMG+GLA45&modelYear=2019,200,731,95541fbc553b4be9f79fa602d972db1892720352435882bbc0b8a8b86c3f6a12,2026-10-02T09:08:45+00:00,nhtsa/complaints/mercedes-benz/amg-gla45_2019.json.gz,ok,
complaints,mercedes-benz,mercedes-benz/s-class,S560E,2019,https://api.nhtsa.gov/complaints/complaintsByVehicle?make=MERCEDES-BENZ&model=S560E&modelYear=2019,200,11741,4a20000ddd72ecba6083c9a348524ffcd7af845ba685327d085bd5cec7321fa8,2026-10-02T09:08:47+00:00,nhtsa/complaints/mercedes-benz/s560e_2019.json.gz,ok,
complaints,mercedes-benz,mercedes-benz/gle,GLE-CLASS,2019,https://api.nhtsa.gov/complaints/complaintsByVehicle?make=MERCEDES-BENZ&model=GLE-CLASS&modelYear=2019,200,32259,a9aaef42fda11ec377746010a3a663bc1cf63ddc78c941fc27aaf951e662174b,2026-10-02T09:08:49+00:00,nhtsa/complaints/mercedes-benz/gle-class_2019.json.gz,ok,
complaints,mercedes-benz,mercedes-benz/glc,GLC-CLASS COUPE,2019,https://api.nhtsa.gov/complaints/complaintsByVehicle?make=MERCEDES-BENZ&model=GLC-CLASS+COUPE&modelYear=2019,200,74301,420c79c91d28e264c84d36c52078e9bcaab75de791e73748214e2838cd56559a,2026-10-02T09:08:51+00:00,nhtsa/complaints/mercedes-benz/glc-class-coupe_2019.json.gz,ok,
complaints,mercedes-benz,mercedes-benz/glc,GLC-CLASS,2019,https://api.nhtsa.gov/complaints/complaintsByVehicle?make=MERCEDES-BENZ&model=GLC-CLASS&modelYear=2019,200,74301,420c79c91d28e264c84d36c52078e9bcaab75de791e73748214e2838cd56559a,2026-10-02T09:08:53+00:00,nhtsa/complaints/mercedes-benz/glc-class_2019.json.gz,ok,
complaints,mercedes-benz,mercedes-benz/glc,GLC350E,2019,https://api.nhtsa.gov/complaints/complaintsByVehicle?make=MERCEDES-BENZ&model=GLC350E&modelYear=2019,200,69362,e3e67d5aea2ffe4932953f3ac814e13c421f5f7e321da062f2f5029791306f79,2026-10-02T09:08:55+00:00,nhtsa/complaints/mercedes-benz/glc350e_2019.json.gz,ok,
complaints,mercedes-benz,mercedes-benz/gls,GLS-CLASS,2019,https://api.nhtsa.gov/complaints/complaintsByVehicle?make=MERCEDES-BENZ&model=GLS-CLASS&modelYear=2019,200,30032,adf420eee7e1e589d49aab5283a7417ffc7a6fc577a4592dceb17e538f0c41b0,2026-10-02T09:08:57+00:00,nhtsa/complaints/mercedes-benz/gls-class_2019.json.gz,ok,
complaints,mercedes-benz,mercedes-benz/s-class,S 560 4MATIC,2019,https://api.nhtsa.gov/complaints/complaintsByVehicle?make=MERCEDES-BENZ&model=S+560+4MATIC&modelYear=2019,200,2103,91d5523e0b2e07566539960b6db9ef28abd6a04b05678f5c64dad230fd7541ec,2026-10-02T09:08:58+00:00,nhtsa/complaints/mercedes-benz/s-560-4matic_2019.json.gz,ok,
complaints,mercedes-benz,mercedes-benz/e-class,E 450 4MATIC,2019,https://api.nhtsa.gov/complaints/complaintsByVehicle?make=MERCEDES-BENZ&model=E+450+4MATIC&modelYear=2019,200,5843,dc02375bb4e6895e2aee946cf31c208b400df9164c21362f25fd725d43a83beb,2026-10-02T09:09:00+00:00,nhtsa/complaints/mercedes-benz/e-450-4matic_2019.json.gz,ok,
complaints,mercedes-benz,mercedes-benz/e-class,E 450 4MATIC COUPE,2019,https://api.nhtsa.gov/complaints/complaintsByVehicle?make=MERCEDES-BENZ&model=E+450+4MATIC+COUPE&modelYear=2019,200,1010,2c017c3461dc2bd0b6cba5409139c943d03908ba6c6c3afbe477930f98db0c15,2026-10-02T09:09:02+00:00,nhtsa/complaints/mercedes-benz/e-450-4matic-coupe_2019.json.gz,ok,
recalls,mercedes-benz,mercedes-benz/c-class,C-CLASS,2020,https://api.nhtsa.gov/recalls/recallsByVehicle?make=MERCEDES-BENZ&model=C-CLASS&modelYear=2020,400,66,74147c27e8c00a68fa4708025f0aa95a3dbb3bea68b4d5417efb2bef19d1e786,2026-10-02T09:09:04+00:00,nhtsa/recalls/mercedes-benz/c-class_2020.json.gz,ok,empty result (HTTP 400 for zero matches)
recalls,mercedes-benz,mercedes-benz/c-class,C-CLASS CABRIOLET,2020,https://api.nhtsa.gov/recalls/recallsByVehicle?make=MERCEDES-BENZ&model=C-CLASS+CABRIOLET&modelYear=2020,400,66,74147c27e8c00a68fa4708025f0aa95a3dbb3bea68b4d5417efb2bef19d1e786,2026-10-02T09:09:06+00:00,nhtsa/recalls/mercedes-benz/c-class-cabriolet_2020.json.gz,ok,empty result (HTTP 400 for zero matches)
recalls,mercedes-benz,mercedes-benz/e-class,E-CLASS,2020,https://api.nhtsa.gov/recalls/recallsByVehicle?make=MERCEDES-BENZ&model=E-CLASS&modelYear=2020,400,66,74147c27e8c00a68fa4708025f0aa95a3dbb3bea68b4d5417efb2bef19d1e786,2026-10-02T09:09:08+00:00,nhtsa/recalls/mercedes-benz/e-class_2020.json.gz,ok,empty result (HTTP 400 for zero matches)
recalls,mercedes-benz,mercedes-benz/e-class,E-CLASS STATION WAGON,2020,https://api.nhtsa.gov/recalls/recallsByVehicle?make=MERCEDES-BENZ&model=E-CLASS+STATION+WAGON&modelYear=2020,400,66,74147c27e8c00a68fa4708025f0aa95a3dbb3bea68b4d5417efb2bef19d1e786,2026-10-02T09:09:09+00:00,nhtsa/recalls/mercedes-benz/e-class-station-wagon_2020.json.gz,ok,empty result (HTTP 400 for zero matches)
recalls,mercedes-benz,mercedes-benz/e-class,E-CLASS CABRIOLET,2020,https://api.nhtsa.gov/recalls/recallsByVehicle?make=MERCEDES-BENZ&model=E-CLASS+CABRIOLET&modelYear=2020,400,66,74147c27e8c00a68fa4708025f0aa95a3dbb3bea68b4d5417efb2bef19d1e786,2026-10-02T09:09:11+00:00,nhtsa/recalls/mercedes-benz/e-class-cabriolet_2020.json.gz,ok,empty result (HTTP 400 for zero matches)
recalls,mercedes-benz,mercedes-benz/s-class,S-CLASS,2020,https://api.nhtsa.gov/recalls/recallsByVehicle?make=MERCEDES-BENZ&model=S-CLASS&modelYear=2020,400,66,74147c27e8c00a68fa4708025f0aa95a3dbb3bea68b4d5417efb2bef19d1e786,2026-10-02T09:09:13+00:00,nhtsa/recalls/mercedes-benz/s-class_2020.json.gz,ok,empty result (HTTP 400 for zero matches)
recalls,mercedes-benz,mercedes-benz/s-class,S-CLASS HYBRID,2020,https://api.nhtsa.gov/recalls/recallsByVehicle?make=MERCEDES-BENZ&model=S-CLASS+HYBRID&modelYear=2020,400,66,74147c27e8c00a68fa4708025f0aa95a3dbb3bea68b4d5417efb2bef19d1e786,2026-10-02T09:09:15+00:00,nhtsa/recalls/mercedes-benz/s-class-hybrid_2020.json.gz,ok,empty result (HTTP 400 for zero matches)
recalls,mercedes-benz,mercedes-benz/s-class,S-CLASS CABRIOLET,2020,https://api.nhtsa.gov/recalls/recallsByVehicle?make=MERCEDES-BENZ&model=S-CLASS+CABRIOLET&modelYear=2020,400,66,74147c27e8c00a68fa4708025f0aa95a3dbb3bea68b4d5417efb2bef19d1e786,2026-10-02T09:09:17+00:00,nhtsa/recalls/mercedes-benz/s-class-cabriolet_2020.json.gz,ok,empty result (HTTP 400 for zero matches)
recalls,mercedes-benz,mercedes-benz/cla,CLA-CLASS,2020,https://api.nhtsa.gov/recalls/recallsByVehicle?make=MERCEDES-BENZ&model=CLA-CLASS&modelYear=2020,400,66,74147c27e8c00a68fa4708025f0aa95a3dbb3bea68b4d5417efb2bef19d1e786,2026-10-02T09:09:18+00:00,nhtsa/recalls/mercedes-benz/cla-class_2020.json.gz,ok,empty result (HTTP 400 for zero matches)
recalls,mercedes-benz,mercedes-benz/gla,GLA-CLASS,2020,https://api.nhtsa.gov/recalls/recallsByVehicle?make=MERCEDES-BENZ&model=GLA-CLASS&modelYear=2020,400,66,74147c27e8c00a68fa4708025f0aa95a3dbb3bea68b4d5417efb2bef19d1e786,2026-10-02T09:09:20+00:00,nhtsa/recalls/mercedes-benz/gla-class_2020.json.gz,ok,empty result (HTTP 400 for zero matches)
recalls,mercedes-benz,mercedes-benz/glb,GLB-CLASS,2020,https://api.nhtsa.gov/recalls/recallsByVehicle?make=MERCEDES-BENZ&model=GLB-CLASS&modelYear=2020,400,66,74147c27e8c00a68fa4708025f0aa95a3dbb3bea68b4d5417efb2bef19d1e786,2026-10-02T09:09:21+00:00,nhtsa/recalls/mercedes-benz/glb-class_2020.json.gz,ok,empty result (HTTP 400 for zero matches)
recalls,mercedes-benz,mercedes-benz/glc,GLC-CLASS HYBRID,2020,https://api.nhtsa.gov/recalls/recallsByVehicle?make=MERCEDES-BENZ&model=GLC-CLASS+HYBRID&modelYear=2020,400,66,74147c27e8c00a68fa4708025f0aa95a3dbb3bea68b4d5417efb2bef19d1e786,2026-10-02T09:09:23+00:00,nhtsa/recalls/mercedes-benz/glc-class-hybrid_2020.json.gz,ok,empty result (HTTP 400 for zero matches)
recalls,mercedes-benz,mercedes-benz/gle,GLE-CLASS,2020,https://api.nhtsa.gov/recalls/recallsByVehicle?make=MERCEDES-BENZ&model=GLE-CLASS&modelYear=2020,400,66,74147c27e8c00a68fa4708025f0aa95a3dbb3bea68b4d5417efb2bef19d1e786,2026-10-02T09:09:24+00:00,nhtsa/recalls/mercedes-benz/gle-class_2020.json.gz,ok,empty result (HTTP 400 for zero matches)
recalls,mercedes-benz,mercedes-benz/cls,CLS-CLASS,2020,https://api.nhtsa.gov/recalls/recallsByVehicle?make=MERCEDES-BENZ&model=CLS-CLASS&modelYear=2020,400,66,74147c27e8c00a68fa4708025f0aa95a3dbb3bea68b4d5417efb2bef19d1e786,2026-10-02T09:09:26+00:00,nhtsa/recalls/mercedes-benz/cls-class_2020.json.gz,ok,empty result (HTTP 400 for zero matches)
recalls,mercedes-benz,mercedes-benz/glc,GLC-CLASS,2020,https://api.nhtsa.gov/recalls/recallsByVehicle?make=MERCEDES-BENZ&model=GLC-CLASS&modelYear=2020,400,66,74147c27e8c00a68fa4708025f0aa95a3dbb3bea68b4d5417efb2bef19d1e786,2026-10-02T09:09:28+00:00,nhtsa/recalls/mercedes-benz/glc-class_2020.json.gz,ok,empty result (HTTP 400 for zero matches)
recalls,mercedes-benz,mercedes-benz/glc,GLC-CLASS COUPE,2020,https://api.nhtsa.gov/recalls/recallsByVehicle?make=MERCEDES-BENZ&model=GLC-CLASS+COUPE&modelYear=2020,400,66,74147c27e8c00a68fa4708025f0aa95a3dbb3bea68b4d5417efb2bef19d1e786,2026-10-02T09:09:30+00:00,nhtsa/recalls/mercedes-benz/glc-class-coupe_2020.json.gz,ok,empty result (HTTP 400 for zero matches)
recalls,mercedes-benz,mercedes-benz/gls,GLS-CLASS,2020,https://api.nhtsa.gov/recalls/recallsByVehicle?make=MERCEDES-BENZ&model=GLS-CLASS&modelYear=2020,400,66,74147c27e8c00a68fa4708025f0aa95a3dbb3bea68b4d5417efb2bef19d1e786,2026-10-02T09:09:31+00:00,nhtsa/recalls/mercedes-benz/gls-class_2020.json.gz,ok,empty result (HTTP 400 for zero matches)
recalls,mercedes-benz,mercedes-benz/s-class,S 560 4MATIC,2020,https://api.nhtsa.gov/recalls/recallsByVehicle?make=MERCEDES-BENZ&model=S+560+4MATIC&modelYear=2020,200,1266,da0a472ca323e0214c78427637a65fac0072935df21d07ea1ab90374d742bc4f,2026-10-02T09:09:32+00:00,nhtsa/recalls/mercedes-benz/s-560-4matic_2020.json.gz,ok,
recalls,mercedes-benz,mercedes-benz/e-class,E 450 4MATIC,2020,https://api.nhtsa.gov/recalls/recallsByVehicle?make=MERCEDES-BENZ&model=E+450+4MATIC&modelYear=2020,200,1266,9d8f831b89fde764512381b5094fa93079747ab4d5109fae097b06906b2e29fb,2026-10-02T09:09:34+00:00,nhtsa/recalls/mercedes-benz/e-450-4matic_2020.json.gz,ok,
complaints,mercedes-benz,mercedes-benz/c-class,C-CLASS,2020,https://api.nhtsa.gov/complaints/complaintsByVehicle?make=MERCEDES-BENZ&model=C-CLASS&modelYear=2020,200,51581,98ea053591273d872a1968455cf030d69b69d3e1478316589cc5b22c5ce5e632,2026-10-02T09:09:36+00:00,nhtsa/complaints/mercedes-benz/c-class_2020.json.gz,ok,
complaints,mercedes-benz,mercedes-benz/c-class,C-CLASS CABRIOLET,2020,https://api.nhtsa.gov/complaints/complaintsByVehicle?make=MERCEDES-BENZ&model=C-CLASS+CABRIOLET&modelYear=2020,200,51581,98ea053591273d872a1968455cf030d69b69d3e1478316589cc5b22c5ce5e632,2026-10-02T09:09:39+00:00,nhtsa/complaints/mercedes-benz/c-class-cabriolet_2020.json.gz,ok,
complaints,mercedes-benz,mercedes-benz/e-class,E-CLASS,2020,https://api.nhtsa.gov/complaints/complaintsByVehicle?make=MERCEDES-BENZ&model=E-CLASS&modelYear=2020,200,20920,63a71a3f5a3801d4f68b78edfe8cb2bb0f021e42fe189ade2cf75405cb140136,2026-10-02T09:09:41+00:00,nhtsa/complaints/mercedes-benz/e-class_2020.json.gz,ok,
complaints,mercedes-benz,mercedes-benz/e-class,E-CLASS STATION WAGON,2020,https://api.nhtsa.gov/complaints/complaintsByVehicle?make=MERCEDES-BENZ&model=E-CLASS+STATION+WAGON&modelYear=2020,200,17657,86e7c84f02dcc5582e52d41f5f60835c9e44d50620a74bf00353e68fcb8bac75,2026-10-02T09:09:44+00:00,nhtsa/complaints/mercedes-benz/e-class-station-wagon_2020.json.gz,ok,
complaints,mercedes-benz,mercedes-benz/e-class,E-CLASS CABRIOLET,2020,https://api.nhtsa.gov/complaints/complaintsByVehicle?make=MERCEDES-BENZ&model=E-CLASS+CABRIOLET&modelYear=2020,200,20920,63a71a3f5a3801d4f68b78edfe8cb2bb0f021e42fe189ade2cf75405cb140136,2026-10-02T09:09:45+00:00,nhtsa/complaints/mercedes-benz/e-class-cabriolet_2020.json.gz,ok,
complaints,mercedes-benz,mercedes-benz/s-class,S-CLASS,2020,https://api.nhtsa.gov/complaints/complaintsByVehicle?make=MERCEDES-BENZ&model=S-CLASS&modelYear=2020,200,6224,adc560bb9afdf8b1b24eb36f4bc114caca318d2474791f7fd576ad962828b9d8,2026-10-02T09:09:48+00:00,nhtsa/complaints/mercedes-benz/s-class_2020.json.gz,ok,
complaints,mercedes-benz,mercedes-benz/s-class,S-CLASS HYBRID,2020,https://api.nhtsa.gov/complaints/complaintsByVehicle?make=MERCEDES-BENZ&model=S-CLASS+HYBRID&modelYear=2020,200,4364,fc19602ee966f6d37512f9ba598f6de95475a5f7e50923ed037c2abb193369f6,2026-10-02T09:09:49+00:00,nhtsa/complaints/mercedes-benz/s-class-hybrid_2020.json.gz,ok,
complaints,mercedes-benz,mercedes-benz/s-class,S-CLASS CABRIOLET,2020,https://api.nhtsa.gov/complaints/complaintsByVehicle?make=MERCEDES-BENZ&model=S-CLASS+CABRIOLET&modelYear=2020,200,6224,adc560bb9afdf8b1b24eb36f4bc114caca318d2474791f7fd576ad962828b9d8,2026-10-02T09:09:51+00:00,nhtsa/complaints/mercedes-benz/s-class-cabriolet_2020.json.gz,ok,
complaints,mercedes-benz,mercedes-benz/cla,CLA-CLASS,2020,https://api.nhtsa.gov/complaints/complaintsByVehicle?make=MERCEDES-BENZ&model=CLA-CLASS&modelYear=2020,200,21563,4fceaa23316d9a125a869b1db049216e386bdf8aa9f1cca03063ebfcfc01df1d,2026-10-02T09:09:54+00:00,nhtsa/complaints/mercedes-benz/cla-class_2020.json.gz,ok,
complaints,mercedes-benz,mercedes-benz/gla,GLA-CLASS,2020,https://api.nhtsa.gov/complaints/complaintsByVehicle?make=MERCEDES-BENZ&model=GLA-CLASS&modelYear=2020,200,9578,0f325ab37dff8b4d51caabc0f15c7f620a392079f906439528f413b666cb40ff,2026-10-02T09:09:56+00:00,nhtsa/complaints/mercedes-benz/gla-class_2020.json.gz,ok,
complaints,mercedes-benz,mercedes-benz/glb,GLB-CLASS,2020,https://api.nhtsa.gov/complaints/complaintsByVehicle?make=MERCEDES-BENZ&model=GLB-CLASS&modelYear=2020,200,61291,4fd7986993f203e6b0b98d5d10ba4c6259ffae2631adcaff9562aa3fd4973b2b,2026-10-02T09:09:58+00:00,nhtsa/complaints/mercedes-benz/glb-class_2020.json.gz,ok,
complaints,mercedes-benz,mercedes-benz/glc,GLC-CLASS HYBRID,2020,https://api.nhtsa.gov/complaints/complaintsByVehicle?make=MERCEDES-BENZ&model=GLC-CLASS+HYBRID&modelYear=2020,200,86753,530397a2624ab72c0bdfd7203f9eeebea743209fc394d89c6ca7c42b1c70003d,2026-10-02T09:10:01+00:00,nhtsa/complaints/mercedes-benz/glc-class-hybrid_2020.json.gz,ok,
complaints,mercedes-benz,mercedes-benz/gle,GLE-CLASS,2020,https://api.nhtsa.gov/complaints/complaintsByVehicle?make=MERCEDES-BENZ&model=GLE-CLASS&modelYear=2020,200,135459,4255cb5d14895a568d060c36212e7a44e60219f7b0825228803243a29e502241,2026-10-02T09:10:03+00:00,nhtsa/complaints/mercedes-benz/gle-class_2020.json.gz,ok,
complaints,mercedes-benz,mercedes-benz/cls,CLS-CLASS,2020,https://api.nhtsa.gov/complaints/complaintsByVehicle?make=MERCEDES-BENZ&model=CLS-CLASS&modelYear=2020,200,7653,93d642064502a66ca2214c2cff5cb449629c1e628e4d027f45d976f2c19ec849,2026-10-02T09:10:05+00:00,nhtsa/complaints/mercedes-benz/cls-class_2020.json.gz,ok,
complaints,mercedes-benz,mercedes-benz/glc,GLC-CLASS,2020,https://api.nhtsa.gov/complaints/complaintsByVehicle?make=MERCEDES-BENZ&model=GLC-CLASS&modelYear=2020,200,94842,20ef9b51ebe1c19fda3730d921f49ff56e7f1119872e2239d307bfefb77f737f,2026-10-02T09:10:07+00:00,nhtsa/complaints/mercedes-benz/glc-class_2020.json.gz,ok,
complaints,mercedes-benz,mercedes-benz/glc,GLC-CLASS COUPE,2020,https://api.nhtsa.gov/complaints/complaintsByVehicle?make=MERCEDES-BENZ&model=GLC-CLASS+COUPE&modelYear=2020,200,90155,28a88f8deb7d455a91c66e47fd2b9a94bdd6904e6313351e2ef8e2dd8074a93f,2026-10-02T09:10:09+00:00,nhtsa/complaints/mercedes-benz/glc-class-coupe_2020.json.gz,ok,
complaints,mercedes-benz,mercedes-benz/gls,GLS-CLASS,2020,https://api.nhtsa.gov/complaints/complaintsByVehicle?make=MERCEDES-BENZ&model=GLS-CLASS&modelYear=2020,200,46735,4010b2b2796c27d65c9181c09c995b990c08ba41fc475939c5beaea7cae6e223,2026-10-02T09:10:12+00:00,nhtsa/complaints/mercedes-benz/gls-class_2020.json.gz,ok,
complaints,mercedes-benz,mercedes-benz/s-class,S 560 4MATIC,2020,https://api.nhtsa.gov/complaints/complaintsByVehicle?make=MERCEDES-BENZ&model=S+560+4MATIC&modelYear=2020,200,760,2a0064392268ebc7c41bff9bc09b957323aa45807206c2586b0c55c53a3d49c0,2026-10-02T09:10:13+00:00,nhtsa/complaints/mercedes-benz/s-560-4matic_2020.json.gz,ok,
complaints,mercedes-benz,mercedes-benz/e-class,E 450 4MATIC,2020,https://api.nhtsa.gov/complaints/complaintsByVehicle?make=MERCEDES-BENZ&model=E+450+4MATIC&modelYear=2020,200,4180,879ca9663b0c0ce4dcb2f15243df9c6d47253ad7b0f3a3ebc8b3f19e598a37f7,2026-10-02T09:10:15+00:00,nhtsa/complaints/mercedes-benz/e-450-4matic_2020.json.gz,ok,
recalls,mercedes-benz,mercedes-benz/c-class,C-CLASS,2021,https://api.nhtsa.gov/recalls/recallsByVehicle?make=MERCEDES-BENZ&model=C-CLASS&modelYear=2021,400,66,74147c27e8c00a68fa4708025f0aa95a3dbb3bea68b4d5417efb2bef19d1e786,2026-10-02T09:10:17+00:00,nhtsa/recalls/mercedes-benz/c-class_2021.json.gz,ok,empty result (HTTP 400 for zero matches)
recalls,mercedes-benz,mercedes-benz/c-class,C-CLASS CABRIOLET,2021,https://api.nhtsa.gov/recalls/recallsByVehicle?make=MERCEDES-BENZ&model=C-CLASS+CABRIOLET&modelYear=2021,400,66,74147c27e8c00a68fa4708025f0aa95a3dbb3bea68b4d5417efb2bef19d1e786,2026-10-02T09:10:19+00:00,nhtsa/recalls/mercedes-benz/c-class-cabriolet_2021.json.gz,ok,empty result (HTTP 400 for zero matches)
recalls,mercedes-benz,mercedes-benz/e-class,E-CLASS,2021,https://api.nhtsa.gov/recalls/recallsByVehicle?make=MERCEDES-BENZ&model=E-CLASS&modelYear=2021,400,66,74147c27e8c00a68fa4708025f0aa95a3dbb3bea68b4d5417efb2bef19d1e786,2026-10-02T09:10:20+00:00,nhtsa/recalls/mercedes-benz/e-class_2021.json.gz,ok,empty result (HTTP 400 for zero matches)
recalls,mercedes-benz,mercedes-benz/e-class,E-CLASS CABRIOLET,2021,https://api.nhtsa.gov/recalls/recallsByVehicle?make=MERCEDES-BENZ&model=E-CLASS+CABRIOLET&modelYear=2021,400,66,74147c27e8c00a68fa4708025f0aa95a3dbb3bea68b4d5417efb2bef19d1e786,2026-10-02T09:10:22+00:00,nhtsa/recalls/mercedes-benz/e-class-cabriolet_2021.json.gz,ok,empty result (HTTP 400 for zero matches)
recalls,mercedes-benz,mercedes-benz/cls,CLS-CLASS,2021,https://api.nhtsa.gov/recalls/recallsByVehicle?make=MERCEDES-BENZ&model=CLS-CLASS&modelYear=2021,400,66,74147c27e8c00a68fa4708025f0aa95a3dbb3bea68b4d5417efb2bef19d1e786,2026-10-02T09:10:24+00:00,nhtsa/recalls/mercedes-benz/cls-class_2021.json.gz,ok,empty result (HTTP 400 for zero matches)
recalls,mercedes-benz,mercedes-benz/s-class,S-CLASS,2021,https://api.nhtsa.gov/recalls/recallsByVehicle?make=MERCEDES-BENZ&model=S-CLASS&modelYear=2021,400,66,74147c27e8c00a68fa4708025f0aa95a3dbb3bea68b4d5417efb2bef19d1e786,2026-10-02T09:10:26+00:00,nhtsa/recalls/mercedes-benz/s-class_2021.json.gz,ok,empty result (HTTP 400 for zero matches)
recalls,mercedes-benz,mercedes-benz/s-class,S-CLASS CABRIOLET,2021,https://api.nhtsa.gov/recalls/recallsByVehicle?make=MERCEDES-BENZ&model=S-CLASS+CABRIOLET&modelYear=2021,400,66,74147c27e8c00a68fa4708025f0aa95a3dbb3bea68b4d5417efb2bef19d1e786,2026-10-02T09:10:27+00:00,nhtsa/recalls/mercedes-benz/s-class-cabriolet_2021.json.gz,ok,empty result (HTTP 400 for zero matches)
recalls,mercedes-benz,mercedes-benz/cla,CLA-CLASS,2021,https://api.nhtsa.gov/recalls/recallsByVehicle?make=MERCEDES-BENZ&model=CLA-CLASS&modelYear=2021,400,66,74147c27e8c00a68fa4708025f0aa95a3dbb3bea68b4d5417efb2bef19d1e786,2026-10-02T09:10:30+00:00,nhtsa/recalls/mercedes-benz/cla-class_2021.json.gz,ok,empty result (HTTP 400 for zero matches)
recalls,mercedes-benz,mercedes-benz/gla,GLA-CLASS,2021,https://api.nhtsa.gov/recalls/recallsByVehicle?make=MERCEDES-BENZ&model=GLA-CLASS&modelYear=2021,400,66,74147c27e8c00a68fa4708025f0aa95a3dbb3bea68b4d5417efb2bef19d1e786,2026-10-02T09:10:31+00:00,nhtsa/recalls/mercedes-benz/gla-class_2021.json.gz,ok,empty result (HTTP 400 for zero matches)
recalls,mercedes-benz,mercedes-benz/glb,GLB-CLASS,2021,https://api.nhtsa.gov/recalls/recallsByVehicle?make=MERCEDES-BENZ&model=GLB-CLASS&modelYear=2021,400,66,74147c27e8c00a68fa4708025f0aa95a3dbb3bea68b4d5417efb2bef19d1e786,2026-10-02T09:10:33+00:00,nhtsa/recalls/mercedes-benz/glb-class_2021.json.gz,ok,empty result (HTTP 400 for zero matches)
recalls,mercedes-benz,mercedes-benz/glc,GLC,2021,https://api.nhtsa.gov/recalls/recallsByVehicle?make=MERCEDES-BENZ&model=GLC&modelYear=2021,400,66,74147c27e8c00a68fa4708025f0aa95a3dbb3bea68b4d5417efb2bef19d1e786,2026-10-02T09:10:35+00:00,nhtsa/recalls/mercedes-benz/glc_2021.json.gz,ok,empty result (HTTP 400 for zero matches)
recalls,mercedes-benz,mercedes-benz/glc,GLC-CLASS COUPE,2021,https://api.nhtsa.gov/recalls/recallsByVehicle?make=MERCEDES-BENZ&model=GLC-CLASS+COUPE&modelYear=2021,400,66,74147c27e8c00a68fa4708025f0aa95a3dbb3bea68b4d5417efb2bef19d1e786,2026-10-02T09:10:37+00:00,nhtsa/recalls/mercedes-benz/glc-class-coupe_2021.json.gz,ok,empty result (HTTP 400 for zero matches)
recalls,mercedes-benz,mercedes-benz/gle,GLE CLASS,2021,https://api.nhtsa.gov/recalls/recallsByVehicle?make=MERCEDES-BENZ&model=GLE+CLASS&modelYear=2021,400,66,74147c27e8c00a68fa4708025f0aa95a3dbb3bea68b4d5417efb2bef19d1e786,2026-10-02T09:10:38+00:00,nhtsa/recalls/mercedes-benz/gle-class_2021.json.gz,ok,empty result (HTTP 400 for zero matches)
recalls,mercedes-benz,mercedes-benz/gle,GLE-CLASS COUPE,2021,https://api.nhtsa.gov/recalls/recallsByVehicle?make=MERCEDES-BENZ&model=GLE-CLASS+COUPE&modelYear=2021,400,66,74147c27e8c00a68fa4708025f0aa95a3dbb3bea68b4d5417efb2bef19d1e786,2026-10-02T09:10:39+00:00,nhtsa/recalls/mercedes-benz/gle-class-coupe_2021.json.gz,ok,empty result (HTTP 400 for zero matches)
recalls,mercedes-benz,mercedes-benz/gls,GLS-CLASS,2021,https://api.nhtsa.gov/recalls/recallsByVehicle?make=MERCEDES-BENZ&model=GLS-CLASS&modelYear=2021,400,66,74147c27e8c00a68fa4708025f0aa95a3dbb3bea68b4d5417efb2bef19d1e786,2026-10-02T09:10:41+00:00,nhtsa/recalls/mercedes-benz/gls-class_2021.json.gz,ok,empty result (HTTP 400 for zero matches)
recalls,mercedes-benz,mercedes-benz/amg-gt-4-door,AMG GT-CLASS 4 DOOR,2021,https://api.nhtsa.gov/recalls/recallsByVehicle?make=MERCEDES-BENZ&model=AMG+GT-CLASS+4+DOOR&modelYear=2021,400,66,74147c27e8c00a68fa4708025f0aa95a3dbb3bea68b4d5417efb2bef19d1e786,2026-10-02T09:10:43+00:00,nhtsa/recalls/mercedes-benz/amg-gt-class-4-door_2021.json.gz,ok,empty result (HTTP 400 for zero matches)
recalls,mercedes-benz,mercedes-benz/glb,AMG GLB35,2021,https://api.nhtsa.gov/recalls/recallsByVehicle?make=MERCEDES-BENZ&model=AMG+GLB35&modelYear=2021,200,10345,321d96135f6b3a20763042d37e4ffe8582be29b1a07bada7fd4cdb90f3f9edb1,2026-10-02T09:10:45+00:00,nhtsa/recalls/mercedes-benz/amg-glb35_2021.json.gz,ok,
recalls,mercedes-benz,mercedes-benz/c-class,AMG C43,2021,https://api.nhtsa.gov/recalls/recallsByVehicle?make=MERCEDES-BENZ&model=AMG+C43&modelYear=2021,200,7728,27e68e20d9a37474e243598f4e1ebc5ffaf8bc1c4ffefc096773e749e2cea901,2026-10-02T09:10:46+00:00,nhtsa/recalls/mercedes-benz/amg-c43_2021.json.gz,ok,
recalls,mercedes-benz,mercedes-benz/glc,AMG GLC43,2021,https://api.nhtsa.gov/recalls/recallsByVehicle?make=MERCEDES-BENZ&model=AMG+GLC43&modelYear=2021,200,9146,714fa0970c79ca1576ddece35a6a117c7c066d36bf586aa6feed717c36e181a4,2026-10-02T09:10:48+00:00,nhtsa/recalls/mercedes-benz/amg-glc43_2021.json.gz,ok,
recalls,mercedes-benz,mercedes-benz/cla,AMG CLA45,2021,https://api.nhtsa.gov/recalls/recallsByVehicle?make=MERCEDES-BENZ&model=AMG+CLA45&modelYear=2021,200,7149,675415efa5fd6322214483d015044b2db2b0fd254d395ac08d84935dbc619b60,2026-10-02T09:10:50+00:00,nhtsa/recalls/mercedes-benz/amg-cla45_2021.json.gz,ok,
recalls,mercedes-benz,mercedes-benz/cla,AMG CLA35,2021,https://api.nhtsa.gov/recalls/recallsByVehicle?make=MERCEDES-BENZ&model=AMG+CLA35&modelYear=2021,200,7149,f1131c953b2b1c40fa6283cabe77e4b6f66345a7625780116d301c7871897ded,2026-10-02T09:10:52+00:00,nhtsa/recalls/mercedes-benz/amg-cla35_2021.json.gz,ok,
recalls,mercedes-benz,mercedes-benz/glc,AMG GLC63,2021,https://api.nhtsa.gov/recalls/recallsByVehicle?make=MERCEDES-BENZ&model=AMG+GLC63&modelYear=2021,200,7953,4c386bb7ef9937cfba33dfa2f2828c15d36ff6e0b251fe7fedaf963eabf16f92,2026-10-02T09:10:54+00:00,nhtsa/recalls/mercedes-benz/amg-glc63_2021.json.gz,ok,
recalls,mercedes-benz,mercedes-benz/c-class,AMG C63 S,2021,https://api.nhtsa.gov/recalls/recallsByVehicle?make=MERCEDES-BENZ&model=AMG+C63+S&modelYear=2021,200,4764,ff23705245720a30cc5b449c3550ceeb49b6d4f67a160cfeaa38e747d7230ed2,2026-10-02T09:10:55+00:00,nhtsa/recalls/mercedes-benz/amg-c63-s_2021.json.gz,ok,
recalls,mercedes-benz,mercedes-benz/cls,AMG CLS53,2021,https://api.nhtsa.gov/recalls/recallsByVehicle?make=MERCEDES-BENZ&model=AMG+CLS53&modelYear=2021,200,13404,b1d988b7a28f1d38526fd98def4fc4b6a56d88dc3bc097bb5c065d8b9c584867,2026-10-02T09:10:57+00:00,nhtsa/recalls/mercedes-benz/amg-cls53_2021.json.gz,ok,
recalls,mercedes-benz,mercedes-benz/e-class,AMG E53,2021,https://api.nhtsa.gov/recalls/recallsByVehicle?make=MERCEDES-BENZ&model=AMG+E53&modelYear=2021,200,19488,261079bb22bd6a3623f661b5f57003cc020566b94984ee76e951b7b913164e7b,2026-10-02T09:10:58+00:00,nhtsa/recalls/mercedes-benz/amg-e53_2021.json.gz,ok,
recalls,mercedes-benz,mercedes-benz/gle,GLE 350 4MATIC,2021,https://api.nhtsa.gov/recalls/recallsByVehicle?make=MERCEDES-BENZ&model=GLE+350+4MATIC&modelYear=2021,400,66,74147c27e8c00a68fa4708025f0aa95a3dbb3bea68b4d5417efb2bef19d1e786,2026-10-02T09:11:00+00:00,nhtsa/recalls/mercedes-benz/gle-350-4matic_2021.json.gz,ok,empty result (HTTP 400 for zero matches)
complaints,mercedes-benz,mercedes-benz/c-class,C-CLASS,2021,https://api.nhtsa.gov/complaints/complaintsByVehicle?make=MERCEDES-BENZ&model=C-CLASS&modelYear=2021,200,14448,1c70b2168f71cf084a0fa6cb3e9f1ccdc6ffe410cd5051ecf3b8ab2dcb971ef6,2026-10-02T09:11:02+00:00,nhtsa/complaints/mercedes-benz/c-class_2021.json.gz,ok,
complaints,mercedes-benz,mercedes-benz/c-class,C-CLASS CABRIOLET,2021,https://api.nhtsa.gov/complaints/complaintsByVehicle?make=MERCEDES-BENZ&model=C-CLASS+CABRIOLET&modelYear=2021,200,13916,eeac5c83e7b09920355ede665cdd3905eb8fc6d393ce95ae608685233700753e,2026-10-02T09:11:04+00:00,nhtsa/complaints/mercedes-benz/c-class-cabriolet_2021.json.gz,ok,
complaints,mercedes-benz,mercedes-benz/e-class,E-CLASS,2021,https://api.nhtsa.gov/complaints/complaintsByVehicle?make=MERCEDES-BENZ&model=E-CLASS&modelYear=2021,200,20334,f646e24292dc4c55fc2a7f837d6bb235597e904f0ad02e99657ca0da4f5f682c,2026-10-02T09:11:06+00:00,nhtsa/complaints/mercedes-benz/e-class_2021.json.gz,ok,
complaints,mercedes-benz,mercedes-benz/e-class,E-CLASS CABRIOLET,2021,https://api.nhtsa.gov/complaints/complaintsByVehicle?make=MERCEDES-BENZ&model=E-CLASS+CABRIOLET&modelYear=2021,200,20334,f646e24292dc4c55fc2a7f837d6bb235597e904f0ad02e99657ca0da4f5f682c,2026-10-02T09:11:08+00:00,nhtsa/complaints/mercedes-benz/e-class-cabriolet_2021.json.gz,ok,
complaints,mercedes-benz,mercedes-benz/cls,CLS-CLASS,2021,https://api.nhtsa.gov/complaints/complaintsByVehicle?make=MERCEDES-BENZ&model=CLS-CLASS&modelYear=2021,200,1664,12664c23f936ace677a138d168da9dbb4efc5417409171709facfe3a4b4cef33,2026-10-02T09:11:10+00:00,nhtsa/complaints/mercedes-benz/cls-class_2021.json.gz,ok,
complaints,mercedes-benz,mercedes-benz/s-class,S-CLASS,2021,https://api.nhtsa.gov/complaints/complaintsByVehicle?make=MERCEDES-BENZ&model=S-CLASS&modelYear=2021,200,37736,8b1984fefb67e1bf4fd21e4984a6a353df0c30f05da8d85091dddf8d73c0f94a,2026-10-02T09:11:11+00:00,nhtsa/complaints/mercedes-benz/s-class_2021.json.gz,ok,
complaints,mercedes-benz,mercedes-benz/s-class,S-CLASS CABRIOLET,2021,https://api.nhtsa.gov/complaints/complaintsByVehicle?make=MERCEDES-BENZ&model=S-CLASS+CABRIOLET&modelYear=2021,200,37736,8b1984fefb67e1bf4fd21e4984a6a353df0c30f05da8d85091dddf8d73c0f94a,2026-10-02T09:11:13+00:00,nhtsa/complaints/mercedes-benz/s-class-cabriolet_2021.json.gz,ok,
complaints,mercedes-benz,mercedes-benz/cla,CLA-CLASS,2021,https://api.nhtsa.gov/complaints/complaintsByVehicle?make=MERCEDES-BENZ&model=CLA-CLASS&modelYear=2021,200,11129,efe8ce966a4bcbd4481ea57e120760e3028f6cc892481bb0145586508ce4ae1f,2026-10-02T09:11:15+00:00,nhtsa/complaints/mercedes-benz/cla-class_2021.json.gz,ok,
complaints,mercedes-benz,mercedes-benz/gla,GLA-CLASS,2021,https://api.nhtsa.gov/complaints/complaintsByVehicle?make=MERCEDES-BENZ&model=GLA-CLASS&modelYear=2021,200,29501,087091975115666f052e7943067a420bacc89e7bae705dac0f6aa39190a33a8b,2026-10-02T09:11:17+00:00,nhtsa/complaints/mercedes-benz/gla-class_2021.json.gz,ok,
complaints,mercedes-benz,mercedes-benz/glb,GLB-CLASS,2021,https://api.nhtsa.gov/complaints/complaintsByVehicle?make=MERCEDES-BENZ&model=GLB-CLASS&modelYear=2021,200,2978,3a684c49f231f77c1e2c3ba1f146721aaaf804f380c7952da23228a705906ba5,2026-10-02T09:11:20+00:00,nhtsa/complaints/mercedes-benz/glb-class_2021.json.gz,ok,
complaints,mercedes-benz,mercedes-benz/glc,GLC,2021,https://api.nhtsa.gov/complaints/complaintsByVehicle?make=MERCEDES-BENZ&model=GLC&modelYear=2021,200,69451,2d645ae9631b4233b7c95a7bd81c69c23d152c79e1b13effeb3eaecdaf7134ff,2026-10-02T09:11:21+00:00,nhtsa/complaints/mercedes-benz/glc_2021.json.gz,ok,
complaints,mercedes-benz,mercedes-benz/glc,GLC-CLASS COUPE,2021,https://api.nhtsa.gov/complaints/complaintsByVehicle?make=MERCEDES-BENZ&model=GLC-CLASS+COUPE&modelYear=2021,200,69451,2d645ae9631b4233b7c95a7bd81c69c23d152c79e1b13effeb3eaecdaf7134ff,2026-10-02T09:11:24+00:00,nhtsa/complaints/mercedes-benz/glc-class-coupe_2021.json.gz,ok,
complaints,mercedes-benz,mercedes-benz/gle,GLE CLASS,2021,https://api.nhtsa.gov/complaints/complaintsByVehicle?make=MERCEDES-BENZ&model=GLE+CLASS&modelYear=2021,200,94074,27373b21cc5a5cfe73fbbc49ad8fbda541e3f6b982551a0b10c0d4e3c0630c9b,2026-10-02T09:11:26+00:00,nhtsa/complaints/mercedes-benz/gle-class_2021.json.gz,ok,
complaints,mercedes-benz,mercedes-benz/gle,GLE-CLASS COUPE,2021,https://api.nhtsa.gov/complaints/complaintsByVehicle?make=MERCEDES-BENZ&model=GLE-CLASS+COUPE&modelYear=2021,200,94764,b972731dea25e93414292a9d9d636512dc148de825e5c678a7c3140819d2b1ea,2026-10-02T09:11:27+00:00,nhtsa/complaints/mercedes-benz/gle-class-coupe_2021.json.gz,ok,
complaints,mercedes-benz,mercedes-benz/gls,GLS-CLASS,2021,https://api.nhtsa.gov/complaints/complaintsByVehicle?make=MERCEDES-BENZ&model=GLS-CLASS&modelYear=2021,200,41121,d533b37657837629df955a567e7c84096fcb4c4459191740ef18b3bafaf4eade,2026-10-02T09:11:29+00:00,nhtsa/complaints/mercedes-benz/gls-class_2021.json.gz,ok,
complaints,mercedes-benz,mercedes-benz/amg-gt-4-door,AMG GT-CLASS 4 DOOR,2021,https://api.nhtsa.gov/complaints/complaintsByVehicle?make=MERCEDES-BENZ&model=AMG+GT-CLASS+4+DOOR&modelYear=2021,200,4123,26ce85914a7224cf7f18367f89c260cf06d21f633219cb77c56ebca27f50276d,2026-10-02T09:11:31+00:00,nhtsa/complaints/mercedes-benz/amg-gt-class-4-door_2021.json.gz,ok,
complaints,mercedes-benz,mercedes-benz/glb,AMG GLB35,2021,https://api.nhtsa.gov/complaints/complaintsByVehicle?make=MERCEDES-BENZ&model=AMG+GLB35&modelYear=2021,200,7237,d6ed991e11cf808a37dd15d7ff512e7d850ae9ed964ca4a1a600d98158699d36,2026-10-02T09:11:33+00:00,nhtsa/complaints/mercedes-benz/amg-glb35_2021.json.gz,ok,
complaints,mercedes-benz,mercedes-benz/c-class,AMG C43,2021,https://api.nhtsa.gov/complaints/complaintsByVehicle?make=MERCEDES-BENZ&model=AMG+C43&modelYear=2021,200,1402,b5a8820687f29f24e9f1296aafc5db0441921135aadad6c1354c893423d62c11,2026-10-02T09:11:35+00:00,nhtsa/complaints/mercedes-benz/amg-c43_2021.json.gz,ok,
complaints,mercedes-benz,mercedes-benz/glc,AMG GLC43,2021,https://api.nhtsa.gov/complaints/complaintsByVehicle?make=MERCEDES-BENZ&model=AMG+GLC43&modelYear=2021,200,7518,4abc436b8b1a89fdd04ed04101974db9671f20f31e607336b3993cce6112d912,2026-10-02T09:11:37+00:00,nhtsa/complaints/mercedes-benz/amg-glc43_2021.json.gz,ok,
complaints,mercedes-benz,mercedes-benz/cla,AMG CLA45,2021,https://api.nhtsa.gov/complaints/complaintsByVehicle?make=MERCEDES-BENZ&model=AMG+CLA45&modelYear=2021,200,591,11dcbf29f44fa9acb8fe95dee0efd356a56f402ea3b01a6d290134582d6ecefa,2026-10-02T09:11:39+00:00,nhtsa/complaints/mercedes-benz/amg-cla45_2021.json.gz,ok,
complaints,mercedes-benz,mercedes-benz/cla,AMG CLA35,2021,https://api.nhtsa.gov/complaints/complaintsByVehicle?make=MERCEDES-BENZ&model=AMG+CLA35&modelYear=2021,200,615,f1c89d587e87c4869b506e3934a369f832411f356a41d56bb90653cc62060c15,2026-10-02T09:11:42+00:00,nhtsa/complaints/mercedes-benz/amg-cla35_2021.json.gz,ok,
complaints,mercedes-benz,mercedes-benz/glc,AMG GLC63,2021,https://api.nhtsa.gov/complaints/complaintsByVehicle?make=MERCEDES-BENZ&model=AMG+GLC63&modelYear=2021,200,3588,ecce350f0b91d92034c8de5c54f38f6cb2d0d292d0154f97cb1936bb5c01f7fe,2026-10-02T09:11:44+00:00,nhtsa/complaints/mercedes-benz/amg-glc63_2021.json.gz,ok,
complaints,mercedes-benz,mercedes-benz/c-class,AMG C63 S,2021,https://api.nhtsa.gov/complaints/complaintsByVehicle?make=MERCEDES-BENZ&model=AMG+C63+S&modelYear=2021,200,1044,e79fe1530af0640bfc63ec4505910d6dd45cad56640ed4f0e64a25d1cb1fc5ce,2026-10-02T09:11:45+00:00,nhtsa/complaints/mercedes-benz/amg-c63-s_2021.json.gz,ok,
complaints,mercedes-benz,mercedes-benz/cls,AMG CLS53,2021,https://api.nhtsa.gov/complaints/complaintsByVehicle?make=MERCEDES-BENZ&model=AMG+CLS53&modelYear=2021,200,1180,a0092ff7a568be9a328e5d2fa960874372c35ae097c30a90b86f09f993053230,2026-10-02T09:11:47+00:00,nhtsa/complaints/mercedes-benz/amg-cls53_2021.json.gz,ok,
complaints,mercedes-benz,mercedes-benz/e-class,AMG E53,2021,https://api.nhtsa.gov/complaints/complaintsByVehicle?make=MERCEDES-BENZ&model=AMG+E53&modelYear=2021,200,5550,d60e6196265b51d58cb36fafc0abbbcc3ee7e4347325c0277bc540bdeeae3c13,2026-10-02T09:11:49+00:00,nhtsa/complaints/mercedes-benz/amg-e53_2021.json.gz,ok,
complaints,mercedes-benz,mercedes-benz/gle,GLE 350 4MATIC,2021,https://api.nhtsa.gov/complaints/complaintsByVehicle?make=MERCEDES-BENZ&model=GLE+350+4MATIC&modelYear=2021,200,7183,da631c9eef9705a2840f2dbc5af30599937c1654caf8808fe2afbf771984b985,2026-10-02T09:11:51+00:00,nhtsa/complaints/mercedes-benz/gle-350-4matic_2021.json.gz,ok,
recalls,mercedes-benz,mercedes-benz/cla,CLA-CLASS,2022,https://api.nhtsa.gov/recalls/recallsByVehicle?make=MERCEDES-BENZ&model=CLA-CLASS&modelYear=2022,400,66,74147c27e8c00a68fa4708025f0aa95a3dbb3bea68b4d5417efb2bef19d1e786,2026-10-02T09:11:53+00:00,nhtsa/recalls/mercedes-benz/cla-class_2022.json.gz,ok,empty result (HTTP 400 for zero matches)
recalls,mercedes-benz,mercedes-benz/gla,GLA-CLASS,2022,https://api.nhtsa.gov/recalls/recallsByVehicle?make=MERCEDES-BENZ&model=GLA-CLASS&modelYear=2022,400,66,74147c27e8c00a68fa4708025f0aa95a3dbb3bea68b4d5417efb2bef19d1e786,2026-10-02T09:11:55+00:00,nhtsa/recalls/mercedes-benz/gla-class_2022.json.gz,ok,empty result (HTTP 400 for zero matches)
recalls,mercedes-benz,mercedes-benz/glb,GLB-CLASS,2022,https://api.nhtsa.gov/recalls/recallsByVehicle?make=MERCEDES-BENZ&model=GLB-CLASS&modelYear=2022,400,66,74147c27e8c00a68fa4708025f0aa95a3dbb3bea68b4d5417efb2bef19d1e786,2026-10-02T09:11:56+00:00,nhtsa/recalls/mercedes-benz/glb-class_2022.json.gz,ok,empty result (HTTP 400 for zero matches)
recalls,mercedes-benz,mercedes-benz/glc,GLC-CLASS,2022,https://api.nhtsa.gov/recalls/recallsByVehicle?make=MERCEDES-BENZ&model=GLC-CLASS&modelYear=2022,400,66,74147c27e8c00a68fa4708025f0aa95a3dbb3bea68b4d5417efb2bef19d1e786,2026-10-02T09:11:59+00:00,nhtsa/recalls/mercedes-benz/glc-class_2022.json.gz,ok,empty result (HTTP 400 for zero matches)
recalls,mercedes-benz,mercedes-benz/glc,GLC-CLASS COUPE,2022,https://api.nhtsa.gov/recalls/recallsByVehicle?make=MERCEDES-BENZ&model=GLC-CLASS+COUPE&modelYear=2022,400,66,74147c27e8c00a68fa4708025f0aa95a3dbb3bea68b4d5417efb2bef19d1e786,2026-10-02T09:12:00+00:00,nhtsa/recalls/mercedes-benz/glc-class-coupe_2022.json.gz,ok,empty result (HTTP 400 for zero matches)
recalls,mercedes-benz,mercedes-benz/gle,GLE-CLASS,2022,https://api.nhtsa.gov/recalls/recallsByVehicle?make=MERCEDES-BENZ&model=GLE-CLASS&modelYear=2022,400,66,74147c27e8c00a68fa4708025f0aa95a3dbb3bea68b4d5417efb2bef19d1e786,2026-10-02T09:12:02+00:00,nhtsa/recalls/mercedes-benz/gle-class_2022.json.gz,ok,empty result (HTTP 400 for zero matches)
recalls,mercedes-benz,mercedes-benz/gle,GLE-CLASS COUPE,2022,https://api.nhtsa.gov/recalls/recallsByVehicle?make=MERCEDES-BENZ&model=GLE-CLASS+COUPE&modelYear=2022,400,66,74147c27e8c00a68fa4708025f0aa95a3dbb3bea68b4d5417efb2bef19d1e786,2026-10-02T09:12:03+00:00,nhtsa/recalls/mercedes-benz/gle-class-coupe_2022.json.gz,ok,empty result (HTTP 400 for zero matches)
recalls,mercedes-benz,mercedes-benz/gls,GLS-CLASS,2022,https://api.nhtsa.gov/recalls/recallsByVehicle?make=MERCEDES-BENZ&model=GLS-CLASS&modelYear=2022,400,66,74147c27e8c00a68fa4708025f0aa95a3dbb3bea68b4d5417efb2bef19d1e786,2026-10-02T09:12:05+00:00,nhtsa/recalls/mercedes-benz/gls-class_2022.json.gz,ok,empty result (HTTP 400 for zero matches)
recalls,mercedes-benz,mercedes-benz/c-class,C-CLASS,2022,https://api.nhtsa.gov/recalls/recallsByVehicle?make=MERCEDES-BENZ&model=C-CLASS&modelYear=2022,400,66,74147c27e8c00a68fa4708025f0aa95a3dbb3bea68b4d5417efb2bef19d1e786,2026-10-02T09:12:07+00:00,nhtsa/recalls/mercedes-benz/c-class_2022.json.gz,ok,empty result (HTTP 400 for zero matches)
recalls,mercedes-benz,mercedes-benz/c-class,C-CLASS COUPE,2022,https://api.nhtsa.gov/recalls/recallsByVehicle?make=MERCEDES-BENZ&model=C-CLASS+COUPE&modelYear=2022,400,66,74147c27e8c00a68fa4708025f0aa95a3dbb3bea68b4d5417efb2bef19d1e786,2026-10-02T09:12:09+00:00,nhtsa/recalls/mercedes-benz/c-class-coupe_2022.json.gz,ok,empty result (HTTP 400 for zero matches)
recalls,mercedes-benz,mercedes-benz/c-class,C-CLASS CABRIOLET,2022,https://api.nhtsa.gov/recalls/recallsByVehicle?make=MERCEDES-BENZ&model=C-CLASS+CABRIOLET&modelYear=2022,400,66,74147c27e8c00a68fa4708025f0aa95a3dbb3bea68b4d5417efb2bef19d1e786,2026-10-02T09:12:12+00:00,nhtsa/recalls/mercedes-benz/c-class-cabriolet_2022.json.gz,ok,empty result (HTTP 400 for zero matches)
recalls,mercedes-benz,mercedes-benz/e-class,E-CLASS STATION WAGON,2022,https://api.nhtsa.gov/recalls/recallsByVehicle?make=MERCEDES-BENZ&model=E-CLASS+STATION+WAGON&modelYear=2022,400,66,74147c27e8c00a68fa4708025f0aa95a3dbb3bea68b4d5417efb2bef19d1e786,2026-10-02T09:12:13+00:00,nhtsa/recalls/mercedes-benz/e-class-station-wagon_2022.json.gz,ok,empty result (HTTP 400 for zero matches)
recalls,mercedes-benz,mercedes-benz/cls,CLS-CLASS,2022,https://api.nhtsa.gov/recalls/recallsByVehicle?make=MERCEDES-BENZ&model=CLS-CLASS&modelYear=2022,400,66,74147c27e8c00a68fa4708025f0aa95a3dbb3bea68b4d5417efb2bef19d1e786,2026-10-02T09:12:15+00:00,nhtsa/recalls/mercedes-benz/cls-class_2022.json.gz,ok,empty result (HTTP 400 for zero matches)
recalls,mercedes-benz,mercedes-benz/s-class,S-CLASS,2022,https://api.nhtsa.gov/recalls/recallsByVehicle?make=MERCEDES-BENZ&model=S-CLASS&modelYear=2022,400,66,74147c27e8c00a68fa4708025f0aa95a3dbb3bea68b4d5417efb2bef19d1e786,2026-10-02T09:12:17+00:00,nhtsa/recalls/mercedes-benz/s-class_2022.json.gz,ok,empty result (HTTP 400 for zero matches)
recalls,mercedes-benz,mercedes-benz/eqs,EQS,2022,https://api.nhtsa.gov/recalls/recallsByVehicle?make=MERCEDES-BENZ&model=EQS&modelYear=2022,400,66,74147c27e8c00a68fa4708025f0aa95a3dbb3bea68b4d5417efb2bef19d1e786,2026-10-02T09:12:19+00:00,nhtsa/recalls/mercedes-benz/eqs_2022.json.gz,ok,empty result (HTTP 400 for zero matches)
recalls,mercedes-benz,mercedes-benz/eqb,EQB 300 4MATIC,2022,https://api.nhtsa.gov/recalls/recallsByVehicle?make=MERCEDES-BENZ&model=EQB+300+4MATIC&modelYear=2022,200,6302,569f01e9e9c6ca2d4a2289531df90792e87c4f251a6ff76b6b6d96aaaf2c3faf,2026-10-02T09:12:20+00:00,nhtsa/recalls/mercedes-benz/eqb-300-4matic_2022.json.gz,ok,
recalls,mercedes-benz,mercedes-benz/eqb,EQB 350 4MATIC,2022,https://api.nhtsa.gov/recalls/recallsByVehicle?make=MERCEDES-BENZ&model=EQB+350+4MATIC&modelYear=2022,200,6302,e4ddde07991a3db474260ad283630bae1b18901c0f36b045193687e685368f9b,2026-10-02T09:12:22+00:00,nhtsa/recalls/mercedes-benz/eqb-350-4matic_2022.json.gz,ok,
recalls,mercedes-benz,mercedes-benz/e-class,E-CLASS,2022,https://api.nhtsa.gov/recalls/recallsByVehicle?make=MERCEDES-BENZ&model=E-CLASS&modelYear=2022,400,66,74147c27e8c00a68fa4708025f0aa95a3dbb3bea68b4d5417efb2bef19d1e786,2026-10-02T09:12:24+00:00,nhtsa/recalls/mercedes-benz/e-class_2022.json.gz,ok,empty result (HTTP 400 for zero matches)
recalls,mercedes-benz,mercedes-benz/e-class,E-CLASS COUPE,2022,https://api.nhtsa.gov/recalls/recallsByVehicle?make=MERCEDES-BENZ&model=E-CLASS+COUPE&modelYear=2022,400,66,74147c27e8c00a68fa4708025f0aa95a3dbb3bea68b4d5417efb2bef19d1e786,2026-10-02T09:12:26+00:00,nhtsa/recalls/mercedes-benz/e-class-coupe_2022.json.gz,ok,empty result (HTTP 400 for zero matches)
recalls,mercedes-benz,mercedes-benz/e-class,E-CLASS CABRIOLET,2022,https://api.nhtsa.gov/recalls/recallsByVehicle?make=MERCEDES-BENZ&model=E-CLASS+CABRIOLET&modelYear=2022,400,66,74147c27e8c00a68fa4708025f0aa95a3dbb3bea68b4d5417efb2bef19d1e786,2026-10-02T09:12:27+00:00,nhtsa/recalls/mercedes-benz/e-class-cabriolet_2022.json.gz,ok,empty result (HTTP 400 for zero matches)
recalls,mercedes-benz,mercedes-benz/gle,GLE 350 4MATIC,2022,https://api.nhtsa.gov/recalls/recallsByVehicle?make=MERCEDES-BENZ&model=GLE+350+4MATIC&modelYear=2022,400,66,74147c27e8c00a68fa4708025f0aa95a3dbb3bea68b4d5417efb2bef19d1e786,2026-10-02T09:12:29+00:00,nhtsa/recalls/mercedes-benz/gle-350-4matic_2022.json.gz,ok,empty result (HTTP 400 for zero matches)
recalls,mercedes-benz,mercedes-benz/gle,GLE 450 4MATIC,2022,https://api.nhtsa.gov/recalls/recallsByVehicle?make=MERCEDES-BENZ&model=GLE+450+4MATIC&modelYear=2022,400,66,74147c27e8c00a68fa4708025f0aa95a3dbb3bea68b4d5417efb2bef19d1e786,2026-10-02T09:12:31+00:00,nhtsa/recalls/mercedes-benz/gle-450-4matic_2022.json.gz,ok,empty result (HTTP 400 for zero matches)
recalls,mercedes-benz,mercedes-benz/cla,CLA 250 4MATIC,2022,https://api.nhtsa.gov/recalls/recallsByVehicle?make=MERCEDES-BENZ&model=CLA+250+4MATIC&modelYear=2022,400,66,74147c27e8c00a68fa4708025f0aa95a3dbb3bea68b4d5417efb2bef19d1e786,2026-10-02T09:12:32+00:00,nhtsa/recalls/mercedes-benz/cla-250-4matic_2022.json.gz,ok,empty result (HTTP 400 for zero matches)
recalls,mercedes-benz,mercedes-benz/gla,GLA 250 4MATIC,2022,https://api.nhtsa.gov/recalls/recallsByVehicle?make=MERCEDES-BENZ&model=GLA+250+4MATIC&modelYear=2022,200,1348,bfbff2241211675e61aa848b4d8bde97100e19d81723c8026bb402284676882a,2026-10-02T09:12:34+00:00,nhtsa/recalls/mercedes-benz/gla-250-4matic_2022.json.gz,ok,
recalls,mercedes-benz,mercedes-benz/glb,GLB 250 4MATIC,2022,https://api.nhtsa.gov/recalls/recallsByVehicle?make=MERCEDES-BENZ&model=GLB+250+4MATIC&modelYear=2022,200,1348,4f525a3af87db17edf978c813f6fb3aa55e04f159c868ec06fb41269c4014022,2026-10-02T09:12:36+00:00,nhtsa/recalls/mercedes-benz/glb-250-4matic_2022.json.gz,ok,
complaints,mercedes-benz,mercedes-benz/cla,CLA-CLASS,2022,https://api.nhtsa.gov/complaints/complaintsByVehicle?make=MERCEDES-BENZ&model=CLA-CLASS&modelYear=2022,200,4100,1ad5e136797a35691f2b42a54914488e70b41c3b326de4fcb69617728cf0c447,2026-10-02T09:12:39+00:00,nhtsa/complaints/mercedes-benz/cla-class_2022.json.gz,ok,
complaints,mercedes-benz,mercedes-benz/gla,GLA-CLASS,2022,https://api.nhtsa.gov/complaints/complaintsByVehicle?make=MERCEDES-BENZ&model=GLA-CLASS&modelYear=2022,200,5793,ba90cbd38dfa9d2005a3419e23d13c99dc435df27bdc162cc54b9d6cc108f8df,2026-10-02T09:12:41+00:00,nhtsa/complaints/mercedes-benz/gla-class_2022.json.gz,ok,
complaints,mercedes-benz,mercedes-benz/glb,GLB-CLASS,2022,https://api.nhtsa.gov/complaints/complaintsByVehicle?make=MERCEDES-BENZ&model=GLB-CLASS&modelYear=2022,200,15136,9f5796e1127e3cb37261c5f02f543fd4103624e1b16ba8d037ba9fdc0d18d702,2026-10-02T09:12:43+00:00,nhtsa/complaints/mercedes-benz/glb-class_2022.json.gz,ok,
complaints,mercedes-benz,mercedes-benz/glc,GLC-CLASS,2022,https://api.nhtsa.gov/complaints/complaintsByVehicle?make=MERCEDES-BENZ&model=GLC-CLASS&modelYear=2022,200,68806,c3b4b5459132b94093f49d89d8d7b56cc1c499fd0a5dad884f56a6e52086e178,2026-10-02T09:12:45+00:00,nhtsa/complaints/mercedes-benz/glc-class_2022.json.gz,ok,
complaints,mercedes-benz,mercedes-benz/glc,GLC-CLASS COUPE,2022,https://api.nhtsa.gov/complaints/complaintsByVehicle?make=MERCEDES-BENZ&model=GLC-CLASS+COUPE&modelYear=2022,200,68806,c3b4b5459132b94093f49d89d8d7b56cc1c499fd0a5dad884f56a6e52086e178,2026-10-02T09:12:47+00:00,nhtsa/complaints/mercedes-benz/glc-class-coupe_2022.json.gz,ok,
complaints,mercedes-benz,mercedes-benz/gle,GLE-CLASS,2022,https://api.nhtsa.gov/complaints/complaintsByVehicle?make=MERCEDES-BENZ&model=GLE-CLASS&modelYear=2022,200,71125,a9d89a556b409e53f008f42ca0272d4e84f133a7b4d2d0b4120a1f50aa1aeb80,2026-10-02T09:12:48+00:00,nhtsa/complaints/mercedes-benz/gle-class_2022.json.gz,ok,
complaints,mercedes-benz,mercedes-benz/gle,GLE-CLASS COUPE,2022,https://api.nhtsa.gov/complaints/complaintsByVehicle?make=MERCEDES-BENZ&model=GLE-CLASS+COUPE&modelYear=2022,200,71125,a9d89a556b409e53f008f42ca0272d4e84f133a7b4d2d0b4120a1f50aa1aeb80,2026-10-02T09:12:50+00:00,nhtsa/complaints/mercedes-benz/gle-class-coupe_2022.json.gz,ok,
complaints,mercedes-benz,mercedes-benz/gls,GLS-CLASS,2022,https://api.nhtsa.gov/complaints/complaintsByVehicle?make=MERCEDES-BENZ&model=GLS-CLASS&modelYear=2022,200,19892,901e2155019ae2ff4dcc9b2af1c418cace39bb2fb1bd43b170339b5c497b8386,2026-10-02T09:12:52+00:00,nhtsa/complaints/mercedes-benz/gls-class_2022.json.gz,ok,
complaints,mercedes-benz,mercedes-benz/c-class,C-CLASS,2022,https://api.nhtsa.gov/complaints/complaintsByVehicle?make=MERCEDES-BENZ&model=C-CLASS&modelYear=2022,200,30617,bb1a261b96a1d9d3000c206e109fc7a0905894a108027da5c2b8b61bd5d96bbd,2026-10-02T09:12:54+00:00,nhtsa/complaints/mercedes-benz/c-class_2022.json.gz,ok,
complaints,mercedes-benz,mercedes-benz/c-class,C-CLASS COUPE,2022,https://api.nhtsa.gov/complaints/complaintsByVehicle?make=MERCEDES-BENZ&model=C-CLASS+COUPE&modelYear=2022,200,29631,fb7aaf2f2d1bcc798bfed4359f2f249197fd3969d436d90ff7e0f6209963419a,2026-10-02T09:12:56+00:00,nhtsa/complaints/mercedes-benz/c-class-coupe_2022.json.gz,ok,
complaints,mercedes-benz,mercedes-benz/c-class,C-CLASS CABRIOLET,2022,https://api.nhtsa.gov/complaints/complaintsByVehicle?make=MERCEDES-BENZ&model=C-CLASS+CABRIOLET&modelYear=2022,200,29631,fb7aaf2f2d1bcc798bfed4359f2f249197fd3969d436d90ff7e0f6209963419a,2026-10-02T09:12:58+00:00,nhtsa/complaints/mercedes-benz/c-class-cabriolet_2022.json.gz,ok,
complaints,mercedes-benz,mercedes-benz/e-class,E-CLASS STATION WAGON,2022,https://api.nhtsa.gov/complaints/complaintsByVehicle?make=MERCEDES-BENZ&model=E-CLASS+STATION+WAGON&modelYear=2022,200,23965,f841828f476d86d84c65ec848870ce49ad9f0d9aaf4a2f885903674cadc0a650,2026-10-02T09:13:00+00:00,nhtsa/complaints/mercedes-benz/e-class-station-wagon_2022.json.gz,ok,
complaints,mercedes-benz,mercedes-benz/cls,CLS-CLASS,2022,https://api.nhtsa.gov/complaints/complaintsByVehicle?make=MERCEDES-BENZ&model=CLS-CLASS&modelYear=2022,200,3718,508aa68258efe960812ad64d0dab01146ae5a4e3b22c81933bef21ce49df06b8,2026-10-02T09:13:02+00:00,nhtsa/complaints/mercedes-benz/cls-class_2022.json.gz,ok,
complaints,mercedes-benz,mercedes-benz/s-class,S-CLASS,2022,https://api.nhtsa.gov/complaints/complaintsByVehicle?make=MERCEDES-BENZ&model=S-CLASS&modelYear=2022,200,62360,070a67bfd57bbb07f30b15c5056fa2f01b483ee58f8d0495230c480b270018ad,2026-10-02T09:13:04+00:00,nhtsa/complaints/mercedes-benz/s-class_2022.json.gz,ok,
complaints,mercedes-benz,mercedes-benz/eqs,EQS,2022,https://api.nhtsa.gov/complaints/complaintsByVehicle?make=MERCEDES-BENZ&model=EQS&modelYear=2022,200,58050,58f60a788ebd942d4fe70bbb37598ef5c67d8b0852397ab28852b24747d6579a,2026-10-02T09:13:06+00:00,nhtsa/complaints/mercedes-benz/eqs_2022.json.gz,ok,
complaints,mercedes-benz,mercedes-benz/eqb,EQB 300 4MATIC,2022,https://api.nhtsa.gov/complaints/complaintsByVehicle?make=MERCEDES-BENZ&model=EQB+300+4MATIC&modelYear=2022,200,11183,2e8d0bf85f055a63401f0d97ad82121403c2face0686fd7bbfcf8158cb81d691,2026-10-02T09:13:08+00:00,nhtsa/complaints/mercedes-benz/eqb-300-4matic_2022.json.gz,ok,
complaints,mercedes-benz,mercedes-benz/eqb,EQB 350 4MATIC,2022,https://api.nhtsa.gov/complaints/complaintsByVehicle?make=MERCEDES-BENZ&model=EQB+350+4MATIC&modelYear=2022,200,12629,714e361b635c05af684955eeee0641878292e2cf342d8009f23a0cfe41dabeb2,2026-10-02T09:13:10+00:00,nhtsa/complaints/mercedes-benz/eqb-350-4matic_2022.json.gz,ok,
complaints,mercedes-benz,mercedes-benz/e-class,E-CLASS,2022,https://api.nhtsa.gov/complaints/complaintsByVehicle?make=MERCEDES-BENZ&model=E-CLASS&modelYear=2022,200,23965,f841828f476d86d84c65ec848870ce49ad9f0d9aaf4a2f885903674cadc0a650,2026-10-02T09:13:12+00:00,nhtsa/complaints/mercedes-benz/e-class_2022.json.gz,ok,
complaints,mercedes-benz,mercedes-benz/e-class,E-CLASS COUPE,2022,https://api.nhtsa.gov/complaints/complaintsByVehicle?make=MERCEDES-BENZ&model=E-CLASS+COUPE&modelYear=2022,200,23965,f841828f476d86d84c65ec848870ce49ad9f0d9aaf4a2f885903674cadc0a650,2026-10-02T09:13:15+00:00,nhtsa/complaints/mercedes-benz/e-class-coupe_2022.json.gz,ok,
complaints,mercedes-benz,mercedes-benz/e-class,E-CLASS CABRIOLET,2022,https://api.nhtsa.gov/complaints/complaintsByVehicle?make=MERCEDES-BENZ&model=E-CLASS+CABRIOLET&modelYear=2022,200,23965,f841828f476d86d84c65ec848870ce49ad9f0d9aaf4a2f885903674cadc0a650,2026-10-02T09:13:17+00:00,nhtsa/complaints/mercedes-benz/e-class-cabriolet_2022.json.gz,ok,
complaints,mercedes-benz,mercedes-benz/gle,GLE 350 4MATIC,2022,https://api.nhtsa.gov/complaints/complaintsByVehicle?make=MERCEDES-BENZ&model=GLE+350+4MATIC&modelYear=2022,200,7367,236d9465b425a7822ff2536f4832ba40dc9c4dea492ae1a54468123b21fed2e8,2026-10-02T09:13:20+00:00,nhtsa/complaints/mercedes-benz/gle-350-4matic_2022.json.gz,ok,
complaints,mercedes-benz,mercedes-benz/gle,GLE 450 4MATIC,2022,https://api.nhtsa.gov/complaints/complaintsByVehicle?make=MERCEDES-BENZ&model=GLE+450+4MATIC&modelYear=2022,200,1541,53be6d72188884be645a5839f6859a8927c946c952539e26351afa22e734750c,2026-10-02T09:13:21+00:00,nhtsa/complaints/mercedes-benz/gle-450-4matic_2022.json.gz,ok,
complaints,mercedes-benz,mercedes-benz/cla,CLA 250 4MATIC,2022,https://api.nhtsa.gov/complaints/complaintsByVehicle?make=MERCEDES-BENZ&model=CLA+250+4MATIC&modelYear=2022,200,2276,e7b3f7743253daaff39290406702314c3206d5306e693c56fb1188bcb2e6c830,2026-10-02T09:13:23+00:00,nhtsa/complaints/mercedes-benz/cla-250-4matic_2022.json.gz,ok,
complaints,mercedes-benz,mercedes-benz/gla,GLA 250 4MATIC,2022,https://api.nhtsa.gov/complaints/complaintsByVehicle?make=MERCEDES-BENZ&model=GLA+250+4MATIC&modelYear=2022,200,545,918e7172134a461cb6564d8259b6003f8d49df3b8d28e3714fb66276ca86fde1,2026-10-02T09:13:25+00:00,nhtsa/complaints/mercedes-benz/gla-250-4matic_2022.json.gz,ok,
complaints,mercedes-benz,mercedes-benz/glb,GLB 250 4MATIC,2022,https://api.nhtsa.gov/complaints/complaintsByVehicle?make=MERCEDES-BENZ&model=GLB+250+4MATIC&modelYear=2022,200,2536,aba05de36c18995a63ed6f89a82d8ff69bd3e8b1b320a7d2f82c7569e73d8da3,2026-10-02T09:13:28+00:00,nhtsa/complaints/mercedes-benz/glb-250-4matic_2022.json.gz,ok,
recalls,mercedes-benz,mercedes-benz/c-class,C-CLASS,2023,https://api.nhtsa.gov/recalls/recallsByVehicle?make=MERCEDES-BENZ&model=C-CLASS&modelYear=2023,400,66,74147c27e8c00a68fa4708025f0aa95a3dbb3bea68b4d5417efb2bef19d1e786,2026-10-02T09:13:30+00:00,nhtsa/recalls/mercedes-benz/c-class_2023.json.gz,ok,empty result (HTTP 400 for zero matches)
recalls,mercedes-benz,mercedes-benz/c-class,C-CLASS COUPE,2023,https://api.nhtsa.gov/recalls/recallsByVehicle?make=MERCEDES-BENZ&model=C-CLASS+COUPE&modelYear=2023,400,66,74147c27e8c00a68fa4708025f0aa95a3dbb3bea68b4d5417efb2bef19d1e786,2026-10-02T09:13:31+00:00,nhtsa/recalls/mercedes-benz/c-class-coupe_2023.json.gz,ok,empty result (HTTP 400 for zero matches)
recalls,mercedes-benz,mercedes-benz/c-class,C-CLASS CABRIOLET,2023,https://api.nhtsa.gov/recalls/recallsByVehicle?make=MERCEDES-BENZ&model=C-CLASS+CABRIOLET&modelYear=2023,400,66,74147c27e8c00a68fa4708025f0aa95a3dbb3bea68b4d5417efb2bef19d1e786,2026-10-02T09:13:33+00:00,nhtsa/recalls/mercedes-benz/c-class-cabriolet_2023.json.gz,ok,empty result (HTTP 400 for zero matches)
recalls,mercedes-benz,mercedes-benz/e-class,E-CLASS STATION WAGON,2023,https://api.nhtsa.gov/recalls/recallsByVehicle?make=MERCEDES-BENZ&model=E-CLASS+STATION+WAGON&modelYear=2023,400,66,74147c27e8c00a68fa4708025f0aa95a3dbb3bea68b4d5417efb2bef19d1e786,2026-10-02T09:13:35+00:00,nhtsa/recalls/mercedes-benz/e-class-station-wagon_2023.json.gz,ok,empty result (HTTP 400 for zero matches)
recalls,mercedes-benz,mercedes-benz/cls,CLS-CLASS,2023,https://api.nhtsa.gov/recalls/recallsByVehicle?make=MERCEDES-BENZ&model=CLS-CLASS&modelYear=2023,400,66,74147c27e8c00a68fa4708025f0aa95a3dbb3bea68b4d5417efb2bef19d1e786,2026-10-02T09:13:37+00:00,nhtsa/recalls/mercedes-benz/cls-class_2023.json.gz,ok,empty result (HTTP 400 for zero matches)
recalls,mercedes-benz,mercedes-benz/s-class,S-CLASS,2023,https://api.nhtsa.gov/recalls/recallsByVehicle?make=MERCEDES-BENZ&model=S-CLASS&modelYear=2023,400,66,74147c27e8c00a68fa4708025f0aa95a3dbb3bea68b4d5417efb2bef19d1e786,2026-10-02T09:13:40+00:00,nhtsa/recalls/mercedes-benz/s-class_2023.json.gz,ok,empty result (HTTP 400 for zero matches)
recalls,mercedes-benz,mercedes-benz/eqs,EQS,2023,https://api.nhtsa.gov/recalls/recallsByVehicle?make=MERCEDES-BENZ&model=EQS&modelYear=2023,400,66,74147c27e8c00a68fa4708025f0aa95a3dbb3bea68b4d5417efb2bef19d1e786,2026-10-02T09:13:42+00:00,nhtsa/recalls/mercedes-benz/eqs_2023.json.gz,ok,empty result (HTTP 400 for zero matches)
recalls,mercedes-benz,mercedes-benz/cla,CLA-CLASS,2023,https://api.nhtsa.gov/recalls/recallsByVehicle?make=MERCEDES-BENZ&model=CLA-CLASS&modelYear=2023,400,66,74147c27e8c00a68fa4708025f0aa95a3dbb3bea68b4d5417efb2bef19d1e786,2026-10-02T09:13:43+00:00,nhtsa/recalls/mercedes-benz/cla-class_2023.json.gz,ok,empty result (HTTP 400 for zero matches)
recalls,mercedes-benz,mercedes-benz/gla,GLA-CLASS,2023,https://api.nhtsa.gov/recalls/recallsByVehicle?make=MERCEDES-BENZ&model=GLA-CLASS&modelYear=2023,400,66,74147c27e8c00a68fa4708025f0aa95a3dbb3bea68b4d5417efb2bef19d1e786,2026-10-02T09:13:45+00:00,nhtsa/recalls/mercedes-benz/gla-class_2023.json.gz,ok,empty result (HTTP 400 for zero matches)
recalls,mercedes-benz,mercedes-benz/glb,GLB-CLASS,2023,https://api.nhtsa.gov/recalls/recallsByVehicle?make=MERCEDES-BENZ&model=GLB-CLASS&modelYear=2023,400,66,74147c27e8c00a68fa4708025f0aa95a3dbb3bea68b4d5417efb2bef19d1e786,2026-10-02T09:13:47+00:00,nhtsa/recalls/mercedes-benz/glb-class_2023.json.gz,ok,empty result (HTTP 400 for zero matches)
recalls,mercedes-benz,mercedes-benz/glc,GLC-CLASS,2023,https://api.nhtsa.gov/recalls/recallsByVehicle?make=MERCEDES-BENZ&model=GLC-CLASS&modelYear=2023,400,66,74147c27e8c00a68fa4708025f0aa95a3dbb3bea68b4d5417efb2bef19d1e786,2026-10-02T09:13:48+00:00,nhtsa/recalls/mercedes-benz/glc-class_2023.json.gz,ok,empty result (HTTP 400 for zero matches)
recalls,mercedes-benz,mercedes-benz/glc,GLC-CLASS COUPE,2023,https://api.nhtsa.gov/recalls/recallsByVehicle?make=MERCEDES-BENZ&model=GLC-CLASS+COUPE&modelYear=2023,400,66,74147c27e8c00a68fa4708025f0aa95a3dbb3bea68b4d5417efb2bef19d1e786,2026-10-02T09:13:50+00:00,nhtsa/recalls/mercedes-benz/glc-class-coupe_2023.json.gz,ok,empty result (HTTP 400 for zero matches)
recalls,mercedes-benz,mercedes-benz/gle,GLE-CLASS,2023,https://api.nhtsa.gov/recalls/recallsByVehicle?make=MERCEDES-BENZ&model=GLE-CLASS&modelYear=2023,400,66,74147c27e8c00a68fa4708025f0aa95a3dbb3bea68b4d5417efb2bef19d1e786,2026-10-02T09:13:51+00:00,nhtsa/recalls/mercedes-benz/gle-class_2023.json.gz,ok,empty result (HTTP 400 for zero matches)
recalls,mercedes-benz,mercedes-benz/gle,GLE-CLASS COUPE,2023,https://api.nhtsa.gov/recalls/recallsByVehicle?make=MERCEDES-BENZ&model=GLE-CLASS+COUPE&modelYear=2023,400,66,74147c27e8c00a68fa4708025f0aa95a3dbb3bea68b4d5417efb2bef19d1e786,2026-10-02T09:13:53+00:00,nhtsa/recalls/mercedes-benz/gle-class-coupe_2023.json.gz,ok,empty result (HTTP 400 for zero matches)
recalls,mercedes-benz,mercedes-benz/gls,GLS-CLASS,2023,https://api.nhtsa.gov/recalls/recallsByVehicle?make=MERCEDES-BENZ&model=GLS-CLASS&modelYear=2023,400,66,74147c27e8c00a68fa4708025f0aa95a3dbb3bea68b4d5417efb2bef19d1e786,2026-10-02T09:13:54+00:00,nhtsa/recalls/mercedes-benz/gls-class_2023.json.gz,ok,empty result (HTTP 400 for zero matches)
recalls,mercedes-benz,mercedes-benz/eqb,EQB,2023,https://api.nhtsa.gov/recalls/recallsByVehicle?make=MERCEDES-BENZ&model=EQB&modelYear=2023,400,66,74147c27e8c00a68fa4708025f0aa95a3dbb3bea68b4d5417efb2bef19d1e786,2026-10-02T09:13:56+00:00,nhtsa/recalls/mercedes-benz/eqb_2023.json.gz,ok,empty result (HTTP 400 for zero matches)
recalls,mercedes-benz,mercedes-benz/s-class,S-CLASS HYBRID,2023,https://api.nhtsa.gov/recalls/recallsByVehicle?make=MERCEDES-BENZ&model=S-CLASS+HYBRID&modelYear=2023,400,66,74147c27e8c00a68fa4708025f0aa95a3dbb3bea68b4d5417efb2bef19d1e786,2026-10-02T09:13:59+00:00,nhtsa/recalls/mercedes-benz/s-class-hybrid_2023.json.gz,ok,empty result (HTTP 400 for zero matches)
recalls,mercedes-benz,mercedes-benz/e-class,E-CLASS,2023,https://api.nhtsa.gov/recalls/recallsByVehicle?make=MERCEDES-BENZ&model=E-CLASS&modelYear=2023,400,66,74147c27e8c00a68fa4708025f0aa95a3dbb3bea68b4d5417efb2bef19d1e786,2026-10-02T09:14:00+00:00,nhtsa/recalls/mercedes-benz/e-class_2023.json.gz,ok,empty result (HTTP 400 for zero matches)
recalls,mercedes-benz,mercedes-benz/e-class,E-CLASS COUPE,2023,https://api.nhtsa.gov/recalls/recallsByVehicle?make=MERCEDES-BENZ&model=E-CLASS+COUPE&modelYear=2023,400,66,74147c27e8c00a68fa4708025f0aa95a3dbb3bea68b4d5417efb2bef19d1e786,2026-10-02T09:14:01+00:00,nhtsa/recalls/mercedes-benz/e-class-coupe_2023.json.gz,ok,empty result (HTTP 400 for zero matches)
recalls,mercedes-benz,mercedes-benz/e-class,E-CLASS CABRIOLET,2023,https://api.nhtsa.gov/recalls/recallsByVehicle?make=MERCEDES-BENZ&model=E-CLASS+CABRIOLET&modelYear=2023,400,66,74147c27e8c00a68fa4708025f0aa95a3dbb3bea68b4d5417efb2bef19d1e786,2026-10-02T09:14:03+00:00,nhtsa/recalls/mercedes-benz/e-class-cabriolet_2023.json.gz,ok,empty result (HTTP 400 for zero matches)
recalls,mercedes-benz,mercedes-benz/gle,GLE 450 4MATIC,2023,https://api.nhtsa.gov/recalls/recallsByVehicle?make=MERCEDES-BENZ&model=GLE+450+4MATIC&modelYear=2023,400,66,74147c27e8c00a68fa4708025f0aa95a3dbb3bea68b4d5417efb2bef19d1e786,2026-10-02T09:14:05+00:00,nhtsa/recalls/mercedes-benz/gle-450-4matic_2023.json.gz,ok,empty result (HTTP 400 for zero matches)
complaints,mercedes-benz,mercedes-benz/c-class,C-CLASS,2023,https://api.nhtsa.gov/complaints/complaintsByVehicle?make=MERCEDES-BENZ&model=C-CLASS&modelYear=2023,200,34254,bb9aa373f40ddc31df09120c400a3cb93360687abb8a19adcca743635f2216bc,2026-10-02T09:14:07+00:00,nhtsa/complaints/mercedes-benz/c-class_2023.json.gz,ok,
complaints,mercedes-benz,mercedes-benz/c-class,C-CLASS COUPE,2023,https://api.nhtsa.gov/complaints/complaintsByVehicle?make=MERCEDES-BENZ&model=C-CLASS+COUPE&modelYear=2023,200,32182,e7e2db5e9bf79f821cec6cfbf2abf1c77d3fe3bd61e2ca5b270664311cf403ae,2026-10-02T09:14:09+00:00,nhtsa/complaints/mercedes-benz/c-class-coupe_2023.json.gz,ok,
complaints,mercedes-benz,mercedes-benz/c-class,C-CLASS CABRIOLET,2023,https://api.nhtsa.gov/complaints/complaintsByVehicle?make=MERCEDES-BENZ&model=C-CLASS+CABRIOLET&modelYear=2023,200,32182,e7e2db5e9bf79f821cec6cfbf2abf1c77d3fe3bd61e2ca5b270664311cf403ae,2026-10-02T09:14:11+00:00,nhtsa/complaints/mercedes-benz/c-class-cabriolet_2023.json.gz,ok,
complaints,mercedes-benz,mercedes-benz/e-class,E-CLASS STATION WAGON,2023,https://api.nhtsa.gov/complaints/complaintsByVehicle?make=MERCEDES-BENZ&model=E-CLASS+STATION+WAGON&modelYear=2023,200,35023,d3f47d400c72c94ae86ec65c6c3c7c142b9e208b5294be20928751cfacebc316,2026-10-02T09:14:12+00:00,nhtsa/complaints/mercedes-benz/e-class-station-wagon_2023.json.gz,ok,
complaints,mercedes-benz,mercedes-benz/cls,CLS-CLASS,2023,https://api.nhtsa.gov/complaints/complaintsByVehicle?make=MERCEDES-BENZ&model=CLS-CLASS&modelYear=2023,200,3543,8f2333ecf93532b09cad69dd9b426d3313bf21b0ee7f53ab122b1df3ecb5e6ad,2026-10-02T09:14:14+00:00,nhtsa/complaints/mercedes-benz/cls-class_2023.json.gz,ok,
complaints,mercedes-benz,mercedes-benz/s-class,S-CLASS,2023,https://api.nhtsa.gov/complaints/complaintsByVehicle?make=MERCEDES-BENZ&model=S-CLASS&modelYear=2023,200,11979,e9088ae0b43e180a14784ac63683b861c96e3ce521c188f525da7cda87227e60,2026-10-02T09:14:16+00:00,nhtsa/complaints/mercedes-benz/s-class_2023.json.gz,ok,
complaints,mercedes-benz,mercedes-benz/eqs,EQS,2023,https://api.nhtsa.gov/complaints/complaintsByVehicle?make=MERCEDES-BENZ&model=EQS&modelYear=2023,200,88033,53a038b57cbe02c4d5d025eb768c7adabf74727073e10cec8987db071ece80bb,2026-10-02T09:14:18+00:00,nhtsa/complaints/mercedes-benz/eqs_2023.json.gz,ok,
complaints,mercedes-benz,mercedes-benz/cla,CLA-CLASS,2023,https://api.nhtsa.gov/complaints/complaintsByVehicle?make=MERCEDES-BENZ&model=CLA-CLASS&modelYear=2023,200,4565,9671caa541ba606df9294e126facf3ec5e492497e602e37e50e264000f0afa7d,2026-10-02T09:14:21+00:00,nhtsa/complaints/mercedes-benz/cla-class_2023.json.gz,ok,
complaints,mercedes-benz,mercedes-benz/gla,GLA-CLASS,2023,https://api.nhtsa.gov/complaints/complaintsByVehicle?make=MERCEDES-BENZ&model=GLA-CLASS&modelYear=2023,200,11752,953290a8922240cf8bc7462d9d3a4359a5a9e1de46adce5fdb63f770d5f28265,2026-10-02T09:14:22+00:00,nhtsa/complaints/mercedes-benz/gla-class_2023.json.gz,ok,
complaints,mercedes-benz,mercedes-benz/glb,GLB-CLASS,2023,https://api.nhtsa.gov/complaints/complaintsByVehicle?make=MERCEDES-BENZ&model=GLB-CLASS&modelYear=2023,200,11879,3d58c129b5b0635f16b2e8e065b3743b00c610faf12929c882219cb856671c31,2026-10-02T09:14:24+00:00,nhtsa/complaints/mercedes-benz/glb-class_2023.json.gz,ok,
complaints,mercedes-benz,mercedes-benz/glc,GLC-CLASS,2023,https://api.nhtsa.gov/complaints/complaintsByVehicle?make=MERCEDES-BENZ&model=GLC-CLASS&modelYear=2023,200,79605,7b1c326a0adb0f026b82151ad2e8f5e811b22a5b387bf25f887adc1611a030ef,2026-10-02T09:14:26+00:00,nhtsa/complaints/mercedes-benz/glc-class_2023.json.gz,ok,
complaints,mercedes-benz,mercedes-benz/glc,GLC-CLASS COUPE,2023,https://api.nhtsa.gov/complaints/complaintsByVehicle?make=MERCEDES-BENZ&model=GLC-CLASS+COUPE&modelYear=2023,200,68066,d2834e8383597b7def302338fd76de852b46677124581cfeb6610854f10d54f2,2026-10-02T09:14:27+00:00,nhtsa/complaints/mercedes-benz/glc-class-coupe_2023.json.gz,ok,
complaints,mercedes-benz,mercedes-benz/gle,GLE-CLASS,2023,https://api.nhtsa.gov/complaints/complaintsByVehicle?make=MERCEDES-BENZ&model=GLE-CLASS&modelYear=2023,200,35346,65f53a215d8e3de946a2eb5dbe5ceb9bdd47df4e97247634bbe2a680e7cdfa58,2026-10-02T09:14:30+00:00,nhtsa/complaints/mercedes-benz/gle-class_2023.json.gz,ok,
complaints,mercedes-benz,mercedes-benz/gle,GLE-CLASS COUPE,2023,https://api.nhtsa.gov/complaints/complaintsByVehicle?make=MERCEDES-BENZ&model=GLE-CLASS+COUPE&modelYear=2023,200,35346,65f53a215d8e3de946a2eb5dbe5ceb9bdd47df4e97247634bbe2a680e7cdfa58,2026-10-02T09:14:31+00:00,nhtsa/complaints/mercedes-benz/gle-class-coupe_2023.json.gz,ok,
complaints,mercedes-benz,mercedes-benz/gls,GLS-CLASS,2023,https://api.nhtsa.gov/complaints/complaintsByVehicle?make=MERCEDES-BENZ&model=GLS-CLASS&modelYear=2023,200,9653,dcac6149551ebe88b2874d0304556d5be1981ec5eb95ac7b075e9881c35aad76,2026-10-02T09:14:33+00:00,nhtsa/complaints/mercedes-benz/gls-class_2023.json.gz,ok,
complaints,mercedes-benz,mercedes-benz/eqb,EQB,2023,https://api.nhtsa.gov/complaints/complaintsByVehicle?make=MERCEDES-BENZ&model=EQB&modelYear=2023,200,117199,12a69a9ddc829d30ff2d4f1f2728e391e5f17389d53467cf0e106d1f3ef4966a,2026-10-02T09:14:35+00:00,nhtsa/complaints/mercedes-benz/eqb_2023.json.gz,ok,
complaints,mercedes-benz,mercedes-benz/s-class,S-CLASS HYBRID,2023,https://api.nhtsa.gov/complaints/complaintsByVehicle?make=MERCEDES-BENZ&model=S-CLASS+HYBRID&modelYear=2023,200,2207,b6708f5c3042a90a67e0e3abfd81ec74d71c740c0cddb1aba5844015662a9fb0,2026-10-02T09:14:37+00:00,nhtsa/complaints/mercedes-benz/s-class-hybrid_2023.json.gz,ok,
complaints,mercedes-benz,mercedes-benz/e-class,E-CLASS,2023,https://api.nhtsa.gov/complaints/complaintsByVehicle?make=MERCEDES-BENZ&model=E-CLASS&modelYear=2023,200,35023,052e3b6a6e3456c2113deca0f7eb55981214e44897bf9a61501aa3597d806134,2026-10-02T09:14:39+00:00,nhtsa/complaints/mercedes-benz/e-class_2023.json.gz,ok,
complaints,mercedes-benz,mercedes-benz/e-class,E-CLASS COUPE,2023,https://api.nhtsa.gov/complaints/complaintsByVehicle?make=MERCEDES-BENZ&model=E-CLASS+COUPE&modelYear=2023,200,35023,052e3b6a6e3456c2113deca0f7eb55981214e44897bf9a61501aa3597d806134,2026-10-02T09:14:40+00:00,nhtsa/complaints/mercedes-benz/e-class-coupe_2023.json.gz,ok,
complaints,mercedes-benz,mercedes-benz/e-class,E-CLASS CABRIOLET,2023,https://api.nhtsa.gov/complaints/complaintsByVehicle?make=MERCEDES-BENZ&model=E-CLASS+CABRIOLET&modelYear=2023,200,35023,052e3b6a6e3456c2113deca0f7eb55981214e44897bf9a61501aa3597d806134,2026-10-02T09:14:42+00:00,nhtsa/complaints/mercedes-benz/e-class-cabriolet_2023.json.gz,ok,
complaints,mercedes-benz,mercedes-benz/gle,GLE 450 4MATIC,2023,https://api.nhtsa.gov/complaints/complaintsByVehicle?make=MERCEDES-BENZ&model=GLE+450+4MATIC&modelYear=2023,200,819,e15a0e8eaf07ddb287957bff7e8c927675c25a1522420122b72d188686e5b440,2026-10-02T09:14:44+00:00,nhtsa/complaints/mercedes-benz/gle-450-4matic_2023.json.gz,ok,
recalls,mercedes-benz,mercedes-benz/gls,GLS,2024,https://api.nhtsa.gov/recalls/recallsByVehicle?make=MERCEDES-BENZ&model=GLS&modelYear=2024,400,66,74147c27e8c00a68fa4708025f0aa95a3dbb3bea68b4d5417efb2bef19d1e786,2026-10-02T09:14:45+00:00,nhtsa/recalls/mercedes-benz/gls_2024.json.gz,ok,empty result (HTTP 400 for zero matches)
recalls,mercedes-benz,mercedes-benz/amg-gt-4-door,GT 4-DOOR COUPE,2024,https://api.nhtsa.gov/recalls/recallsByVehicle?make=MERCEDES-BENZ&model=GT+4-DOOR+COUPE&modelYear=2024,400,66,74147c27e8c00a68fa4708025f0aa95a3dbb3bea68b4d5417efb2bef19d1e786,2026-10-02T09:14:48+00:00,nhtsa/recalls/mercedes-benz/gt-4-door-coupe_2024.json.gz,ok,empty result (HTTP 400 for zero matches)
recalls,mercedes-benz,mercedes-benz/glc,GLC COUPE,2024,https://api.nhtsa.gov/recalls/recallsByVehicle?make=MERCEDES-BENZ&model=GLC+COUPE&modelYear=2024,400,66,74147c27e8c00a68fa4708025f0aa95a3dbb3bea68b4d5417efb2bef19d1e786,2026-10-02T09:14:49+00:00,nhtsa/recalls/mercedes-benz/glc-coupe_2024.json.gz,ok,empty result (HTTP 400 for zero matches)
recalls,mercedes-benz,mercedes-benz/c-class,C-CLASS,2024,https://api.nhtsa.gov/recalls/recallsByVehicle?make=MERCEDES-BENZ&model=C-CLASS&modelYear=2024,400,66,74147c27e8c00a68fa4708025f0aa95a3dbb3bea68b4d5417efb2bef19d1e786,2026-10-02T09:14:51+00:00,nhtsa/recalls/mercedes-benz/c-class_2024.json.gz,ok,empty result (HTTP 400 for zero matches)
recalls,mercedes-benz,mercedes-benz/c-class,C-CLASS PHEV,2024,https://api.nhtsa.gov/recalls/recallsByVehicle?make=MERCEDES-BENZ&model=C-CLASS+PHEV&modelYear=2024,400,66,74147c27e8c00a68fa4708025f0aa95a3dbb3bea68b4d5417efb2bef19d1e786,2026-10-02T09:14:53+00:00,nhtsa/recalls/mercedes-benz/c-class-phev_2024.json.gz,ok,empty result (HTTP 400 for zero matches)
recalls,mercedes-benz,mercedes-benz/cle,CLE,2024,https://api.nhtsa.gov/recalls/recallsByVehicle?make=MERCEDES-BENZ&model=CLE&modelYear=2024,400,66,74147c27e8c00a68fa4708025f0aa95a3dbb3bea68b4d5417efb2bef19d1e786,2026-10-02T09:14:55+00:00,nhtsa/recalls/mercedes-benz/cle_2024.json.gz,ok,empty result (HTTP 400 for zero matches)
recalls,mercedes-benz,mercedes-benz/cle,CLE CABRIOLET,2024,https://api.nhtsa.gov/recalls/recallsByVehicle?make=MERCEDES-BENZ&model=CLE+CABRIOLET&modelYear=2024,400,66,74147c27e8c00a68fa4708025f0aa95a3dbb3bea68b4d5417efb2bef19d1e786,2026-10-02T09:14:57+00:00,nhtsa/recalls/mercedes-benz/cle-cabriolet_2024.json.gz,ok,empty result (HTTP 400 for zero matches)
recalls,mercedes-benz,mercedes-benz/e-class,E-CLASS WAGON,2024,https://api.nhtsa.gov/recalls/recallsByVehicle?make=MERCEDES-BENZ&model=E-CLASS+WAGON&modelYear=2024,400,66,74147c27e8c00a68fa4708025f0aa95a3dbb3bea68b4d5417efb2bef19d1e786,2026-10-02T09:14:58+00:00,nhtsa/recalls/mercedes-benz/e-class-wagon_2024.json.gz,ok,empty result (HTTP 400 for zero matches)
recalls,mercedes-benz,mercedes-benz/eqb,EQB,2024,https://api.nhtsa.gov/recalls/recallsByVehicle?make=MERCEDES-BENZ&model=EQB&modelYear=2024,400,66,74147c27e8c00a68fa4708025f0aa95a3dbb3bea68b4d5417efb2bef19d1e786,2026-10-02T09:15:00+00:00,nhtsa/recalls/mercedes-benz/eqb_2024.json.gz,ok,empty result (HTTP 400 for zero matches)
recalls,mercedes-benz,mercedes-benz/s-class,S-CLASS,2024,https://api.nhtsa.gov/recalls/recallsByVehicle?make=MERCEDES-BENZ&model=S-CLASS&modelYear=2024,400,66,74147c27e8c00a68fa4708025f0aa95a3dbb3bea68b4d5417efb2bef19d1e786,2026-10-02T09:15:02+00:00,nhtsa/recalls/mercedes-benz/s-class_2024.json.gz,ok,empty result (HTTP 400 for zero matches)
recalls,mercedes-benz,mercedes-benz/s-class,S-CLASS PHEV,2024,https://api.nhtsa.gov/recalls/recallsByVehicle?make=MERCEDES-BENZ&model=S-CLASS+PHEV&modelYear=2024,400,66,74147c27e8c00a68fa4708025f0aa95a3dbb3bea68b4d5417efb2bef19d1e786,2026-10-02T09:15:03+00:00,nhtsa/recalls/mercedes-benz/s-class-phev_2024.json.gz,ok,empty result (HTTP 400 for zero matches)
recalls,mercedes-benz,mercedes-benz/eqs,EQS,2024,https://api.nhtsa.gov/recalls/recallsByVehicle?make=MERCEDES-BENZ&model=EQS&modelYear=2024,400,66,74147c27e8c00a68fa4708025f0aa95a3dbb3bea68b4d5417efb2bef19d1e786,2026-10-02T09:15:05+00:00,nhtsa/recalls/mercedes-benz/eqs_2024.json.gz,ok,empty result (HTTP 400 for zero matches)
recalls,mercedes-benz,mercedes-benz/cla,CLA,2024,https://api.nhtsa.gov/recalls/recallsByVehicle?make=MERCEDES-BENZ&model=CLA&modelYear=2024,400,66,74147c27e8c00a68fa4708025f0aa95a3dbb3bea68b4d5417efb2bef19d1e786,2026-10-02T09:15:08+00:00,nhtsa/recalls/mercedes-benz/cla_2024.json.gz,ok,empty result (HTTP 400 for zero matches)
recalls,mercedes-benz,mercedes-benz/gla,GLA,2024,https://api.nhtsa.gov/recalls/recallsByVehicle?make=MERCEDES-BENZ&model=GLA&modelYear=2024,400,66,74147c27e8c00a68fa4708025f0aa95a3dbb3bea68b4d5417efb2bef19d1e786,2026-10-02T09:15:09+00:00,nhtsa/recalls/mercedes-benz/gla_2024.json.gz,ok,empty result (HTTP 400 for zero matches)
recalls,mercedes-benz,mercedes-benz/glb,GLB,2024,https://api.nhtsa.gov/recalls/recallsByVehicle?make=MERCEDES-BENZ&model=GLB&modelYear=2024,400,66,74147c27e8c00a68fa4708025f0aa95a3dbb3bea68b4d5417efb2bef19d1e786,2026-10-02T09:15:11+00:00,nhtsa/recalls/mercedes-benz/glb_2024.json.gz,ok,empty result (HTTP 400 for zero matches)
recalls,mercedes-benz,mercedes-benz/glc,GLC,2024,https://api.nhtsa.gov/recalls/recallsByVehicle?make=MERCEDES-BENZ&model=GLC&modelYear=2024,400,66,74147c27e8c00a68fa4708025f0aa95a3dbb3bea68b4d5417efb2bef19d1e786,2026-10-02T09:15:13+00:00,nhtsa/recalls/mercedes-benz/glc_2024.json.gz,ok,empty result (HTTP 400 for zero matches)
recalls,mercedes-benz,mercedes-benz/gle,GLE,2024,https://api.nhtsa.gov/recalls/recallsByVehicle?make=MERCEDES-BENZ&model=GLE&modelYear=2024,400,66,74147c27e8c00a68fa4708025f0aa95a3dbb3bea68b4d5417efb2bef19d1e786,2026-10-02T09:15:15+00:00,nhtsa/recalls/mercedes-benz/gle_2024.json.gz,ok,empty result (HTTP 400 for zero matches)
recalls,mercedes-benz,mercedes-benz/gle,GLE COUPE,2024,https://api.nhtsa.gov/recalls/recallsByVehicle?make=MERCEDES-BENZ&model=GLE+COUPE&modelYear=2024,400,66,74147c27e8c00a68fa4708025f0aa95a3dbb3bea68b4d5417efb2bef19d1e786,2026-10-02T09:15:17+00:00,nhtsa/recalls/mercedes-benz/gle-coupe_2024.json.gz,ok,empty result (HTTP 400 for zero matches)
recalls,mercedes-benz,mercedes-benz/e-class,E-CLASS,2024,https://api.nhtsa.gov/recalls/recallsByVehicle?make=MERCEDES-BENZ&model=E-CLASS&modelYear=2024,400,66,74147c27e8c00a68fa4708025f0aa95a3dbb3bea68b4d5417efb2bef19d1e786,2026-10-02T09:15:19+00:00,nhtsa/recalls/mercedes-benz/e-class_2024.json.gz,ok,empty result (HTTP 400 for zero matches)
recalls,mercedes-benz,mercedes-benz/gle,GLE PHEV,2024,https://api.nhtsa.gov/recalls/recallsByVehicle?make=MERCEDES-BENZ&model=GLE+PHEV&modelYear=2024,400,66,74147c27e8c00a68fa4708025f0aa95a3dbb3bea68b4d5417efb2bef19d1e786,2026-10-02T09:15:21+00:00,nhtsa/recalls/mercedes-benz/gle-phev_2024.json.gz,ok,empty result (HTTP 400 for zero matches)
recalls,mercedes-benz,mercedes-benz/glb,GLB 250 4MATIC,2024,https://api.nhtsa.gov/recalls/recallsByVehicle?make=MERCEDES-BENZ&model=GLB+250+4MATIC&modelYear=2024,200,1348,d7a12783b49793a241586c3718f4303c7d5104b228b7d0dda457bb83b6e18cfd,2026-10-02T09:15:23+00:00,nhtsa/recalls/mercedes-benz/glb-250-4matic_2024.json.gz,ok,
recalls,mercedes-benz,mercedes-benz/gle,GLE 450 4MATIC,2024,https://api.nhtsa.gov/recalls/recallsByVehicle?make=MERCEDES-BENZ&model=GLE+450+4MATIC&modelYear=2024,400,66,74147c27e8c00a68fa4708025f0aa95a3dbb3bea68b4d5417efb2bef19d1e786,2026-10-02T09:15:24+00:00,nhtsa/recalls/mercedes-benz/gle-450-4matic_2024.json.gz,ok,empty result (HTTP 400 for zero matches)
complaints,mercedes-benz,mercedes-benz/gls,GLS,2024,https://api.nhtsa.gov/complaints/complaintsByVehicle?make=MERCEDES-BENZ&model=GLS&modelYear=2024,200,25714,8154057e3e09614af5e7420f13b76763fe886ee0782f8c2ebb77391b94898a4f,2026-10-02T09:15:27+00:00,nhtsa/complaints/mercedes-benz/gls_2024.json.gz,ok,
complaints,mercedes-benz,mercedes-benz/amg-gt-4-door,GT 4-DOOR COUPE,2024,https://api.nhtsa.gov/complaints/complaintsByVehicle?make=MERCEDES-BENZ&model=GT+4-DOOR+COUPE&modelYear=2024,200,620,fd5e2fa10adf5247d67ef272e3a97f0a986dd39433e7a60012ede590a51af90d,2026-10-02T09:15:29+00:00,nhtsa/complaints/mercedes-benz/gt-4-door-coupe_2024.json.gz,ok,
complaints,mercedes-benz,mercedes-benz/glc,GLC COUPE,2024,https://api.nhtsa.gov/complaints/complaintsByVehicle?make=MERCEDES-BENZ&model=GLC+COUPE&modelYear=2024,200,31028,7aacc4687166e863df30be08a9e6785d5523f3fba0cc152bf1fb8f56a0816343,2026-10-02T09:15:30+00:00,nhtsa/complaints/mercedes-benz/glc-coupe_2024.json.gz,ok,
complaints,mercedes-benz,mercedes-benz/c-class,C-CLASS,2024,https://api.nhtsa.gov/complaints/complaintsByVehicle?make=MERCEDES-BENZ&model=C-CLASS&modelYear=2024,200,21603,c376545eafc0bc95bcd48a8a7e1502981211eb42c32edee6e6253c37dbac91d2,2026-10-02T09:15:45+00:00,nhtsa/complaints/mercedes-benz/c-class_2024.json.gz,ok,
complaints,mercedes-benz,mercedes-benz/c-class,C-CLASS PHEV,2024,https://api.nhtsa.gov/complaints/complaintsByVehicle?make=MERCEDES-BENZ&model=C-CLASS+PHEV&modelYear=2024,200,9919,8179af283fe4371cf6f0bb963a9746ee6934072aaca252db371eb03494104035,2026-10-02T09:16:52+00:00,nhtsa/complaints/mercedes-benz/c-class-phev_2024.json.gz,ok,
complaints,mercedes-benz,mercedes-benz/cle,CLE,2024,https://api.nhtsa.gov/complaints/complaintsByVehicle?make=MERCEDES-BENZ&model=CLE&modelYear=2024,200,10326,5ade1c55f657c8369d02613b52cbfe456964daec2a502fe17b0ea48c503f5b02,2026-10-02T09:17:45+00:00,nhtsa/complaints/mercedes-benz/cle_2024.json.gz,ok,
complaints,mercedes-benz,mercedes-benz/cle,CLE CABRIOLET,2024,https://api.nhtsa.gov/complaints/complaintsByVehicle?make=MERCEDES-BENZ&model=CLE+CABRIOLET&modelYear=2024,200,6640,798dfaf7d4e76c1394f63e234d4b53c4183d31f35f808c0d8bc3e1df012e8403,2026-10-02T09:17:46+00:00,nhtsa/complaints/mercedes-benz/cle-cabriolet_2024.json.gz,ok,
complaints,mercedes-benz,mercedes-benz/e-class,E-CLASS WAGON,2024,https://api.nhtsa.gov/complaints/complaintsByVehicle?make=MERCEDES-BENZ&model=E-CLASS+WAGON&modelYear=2024,200,9105,0283b273fb59ce0e89bd3189877bc7884bb06f6adeba05c1e82c892f86505df7,2026-10-02T09:17:49+00:00,nhtsa/complaints/mercedes-benz/e-class-wagon_2024.json.gz,ok,
complaints,mercedes-benz,mercedes-benz/eqb,EQB,2024,https://api.nhtsa.gov/complaints/complaintsByVehicle?make=MERCEDES-BENZ&model=EQB&modelYear=2024,200,15534,16dd9a95e3624210fcd8134725eb0829fbb6e247019af01fa4a5cb766b1a64aa,2026-10-02T09:17:51+00:00,nhtsa/complaints/mercedes-benz/eqb_2024.json.gz,ok,
complaints,mercedes-benz,mercedes-benz/s-class,S-CLASS,2024,https://api.nhtsa.gov/complaints/complaintsByVehicle?make=MERCEDES-BENZ&model=S-CLASS&modelYear=2024,200,7338,e2301c0d5aca6eb5c4bad0a4e882e5cb0fa9803d05bf0db0d7ba2a2a9cbbeca0,2026-10-02T09:17:53+00:00,nhtsa/complaints/mercedes-benz/s-class_2024.json.gz,ok,
complaints,mercedes-benz,mercedes-benz/s-class,S-CLASS PHEV,2024,https://api.nhtsa.gov/complaints/complaintsByVehicle?make=MERCEDES-BENZ&model=S-CLASS+PHEV&modelYear=2024,200,7338,e2301c0d5aca6eb5c4bad0a4e882e5cb0fa9803d05bf0db0d7ba2a2a9cbbeca0,2026-10-02T09:17:55+00:00,nhtsa/complaints/mercedes-benz/s-class-phev_2024.json.gz,ok,
complaints,mercedes-benz,mercedes-benz/eqs,EQS,2024,https://api.nhtsa.gov/complaints/complaintsByVehicle?make=MERCEDES-BENZ&model=EQS&modelYear=2024,200,19383,dd1d99024269ad964f48d6a7120f43767f1688ff877549c31653875319d4ff7d,2026-10-02T09:17:57+00:00,nhtsa/complaints/mercedes-benz/eqs_2024.json.gz,ok,
complaints,mercedes-benz,mercedes-benz/cla,CLA,2024,https://api.nhtsa.gov/complaints/complaintsByVehicle?make=MERCEDES-BENZ&model=CLA&modelYear=2024,200,4843,8ecf4045bb43e2c9d32cf37ce33092ca946354a0a651c1441c637e23157cbf2a,2026-10-02T09:17:59+00:00,nhtsa/complaints/mercedes-benz/cla_2024.json.gz,ok,
complaints,mercedes-benz,mercedes-benz/gla,GLA,2024,https://api.nhtsa.gov/complaints/complaintsByVehicle?make=MERCEDES-BENZ&model=GLA&modelYear=2024,200,2459,59b9da58a3f40498a9cb26667a8c60020792be6d6c0c88fcafa76f83bf03ef60,2026-10-02T09:18:01+00:00,nhtsa/complaints/mercedes-benz/gla_2024.json.gz,ok,
complaints,mercedes-benz,mercedes-benz/glb,GLB,2024,https://api.nhtsa.gov/complaints/complaintsByVehicle?make=MERCEDES-BENZ&model=GLB&modelYear=2024,200,7469,48955f57e2a71e477582c214ba5750ac6ac7aa84f19debcc0e6ea1477268a3e2,2026-10-02T09:18:03+00:00,nhtsa/complaints/mercedes-benz/glb_2024.json.gz,ok,
complaints,mercedes-benz,mercedes-benz/glc,GLC,2024,https://api.nhtsa.gov/complaints/complaintsByVehicle?make=MERCEDES-BENZ&model=GLC&modelYear=2024,200,43611,2fb189a345be91859ea3ed6eb2e263df694a23c25436dfa053873cb6a9787d10,2026-10-02T09:18:05+00:00,nhtsa/complaints/mercedes-benz/glc_2024.json.gz,ok,
complaints,mercedes-benz,mercedes-benz/gle,GLE,2024,https://api.nhtsa.gov/complaints/complaintsByVehicle?make=MERCEDES-BENZ&model=GLE&modelYear=2024,200,56486,7f2fa6f59e516dd16dd028cdb53fba6d03518fffbd4a542bce8e11a39dfb5c39,2026-10-02T09:18:07+00:00,nhtsa/complaints/mercedes-benz/gle_2024.json.gz,ok,
complaints,mercedes-benz,mercedes-benz/gle,GLE COUPE,2024,https://api.nhtsa.gov/complaints/complaintsByVehicle?make=MERCEDES-BENZ&model=GLE+COUPE&modelYear=2024,200,42095,1b94ab21f45faf32f455914ac89364497ae40eb9e75b67341542ad42cfdccec6,2026-10-02T09:18:09+00:00,nhtsa/complaints/mercedes-benz/gle-coupe_2024.json.gz,ok,
complaints,mercedes-benz,mercedes-benz/e-class,E-CLASS,2024,https://api.nhtsa.gov/complaints/complaintsByVehicle?make=MERCEDES-BENZ&model=E-CLASS&modelYear=2024,200,32656,90ef41706ba7f82f3b5f8e4e43648bf418155fbfb3ff598d40f3205c30320927,2026-10-02T09:18:11+00:00,nhtsa/complaints/mercedes-benz/e-class_2024.json.gz,ok,
complaints,mercedes-benz,mercedes-benz/gle,GLE PHEV,2024,https://api.nhtsa.gov/complaints/complaintsByVehicle?make=MERCEDES-BENZ&model=GLE+PHEV&modelYear=2024,200,35361,53333c7728be38775e8456e46135cd221e3b59686cad4746b78486ac9b62cd30,2026-10-02T09:18:14+00:00,nhtsa/complaints/mercedes-benz/gle-phev_2024.json.gz,ok,
complaints,mercedes-benz,mercedes-benz/glb,GLB 250 4MATIC,2024,https://api.nhtsa.gov/complaints/complaintsByVehicle?make=MERCEDES-BENZ&model=GLB+250+4MATIC&modelYear=2024,200,2434,fbfd3cde6cef308128fa8c485e3785314cd7e898398bea2953a2db11712e386a,2026-10-02T09:18:16+00:00,nhtsa/complaints/mercedes-benz/glb-250-4matic_2024.json.gz,ok,
complaints,mercedes-benz,mercedes-benz/gle,GLE 450 4MATIC,2024,https://api.nhtsa.gov/complaints/complaintsByVehicle?make=MERCEDES-BENZ&model=GLE+450+4MATIC&modelYear=2024,200,663,0d007ac4b3d6235ff2c3d664bcc869d996b36661e1ca451830047ee93d76ed34,2026-10-02T09:18:17+00:00,nhtsa/complaints/mercedes-benz/gle-450-4matic_2024.json.gz,ok,
recalls,mercedes-benz,mercedes-benz/gla,AMG GLA 35,2025,https://api.nhtsa.gov/recalls/recallsByVehicle?make=MERCEDES-BENZ&model=AMG+GLA+35&modelYear=2025,200,1344,c2ba23510050bbe22b3df8095c5fac3f78a8509865d39a10333cd0f03640303a,2026-10-02T09:18:19+00:00,nhtsa/recalls/mercedes-benz/amg-gla-35_2025.json.gz,ok,
recalls,mercedes-benz,mercedes-benz/gla,GLA 250,2025,https://api.nhtsa.gov/recalls/recallsByVehicle?make=MERCEDES-BENZ&model=GLA+250&modelYear=2025,200,1341,c772b205d23af1c5b049b227b01f367fe41c289ce9b235b5ca0ce50b0a7d4b6b,2026-10-02T09:18:22+00:00,nhtsa/recalls/mercedes-benz/gla-250_2025.json.gz,ok,
recalls,mercedes-benz,mercedes-benz/glb,GLB 250,2025,https://api.nhtsa.gov/recalls/recallsByVehicle?make=MERCEDES-BENZ&model=GLB+250&modelYear=2025,200,2376,96a2a39e5b7539c7aeb7eb34b9ea2c0cab659c5f0cb2f9281138554e340016ab,2026-10-02T09:18:23+00:00,nhtsa/recalls/mercedes-benz/glb-250_2025.json.gz,ok,
recalls,mercedes-benz,mercedes-benz/gle,GLE 450E 4MATIC,2025,https://api.nhtsa.gov/recalls/recallsByVehicle?make=MERCEDES-BENZ&model=GLE+450E+4MATIC&modelYear=2025,200,1331,b037915fd39dadc996ef174214d1a17e8cb1baf654e6e9281a99c100d5a9f0b3,2026-10-02T09:18:25+00:00,nhtsa/recalls/mercedes-benz/gle-450e-4matic_2025.json.gz,ok,
recalls,mercedes-benz,mercedes-benz/gle,GLE 350 4MATIC,2025,https://api.nhtsa.gov/recalls/recallsByVehicle?make=MERCEDES-BENZ&model=GLE+350+4MATIC&modelYear=2025,200,1270,aab5b8dc68496632dcc11c3645fe9bf19bda8cdb46caf9ac9b0d65631176270a,2026-10-02T09:18:27+00:00,nhtsa/recalls/mercedes-benz/gle-350-4matic_2025.json.gz,ok,
recalls,mercedes-benz,mercedes-benz/glc,GLC 350 E 4MATIC,2025,https://api.nhtsa.gov/recalls/recallsByVehicle?make=MERCEDES-BENZ&model=GLC+350+E+4MATIC&modelYear=2025,200,1157,2a7fc3a7dd182991aafa623c5ff9ba9a8c1972b9c381f2a5b2bf33835b3c11be,2026-10-02T09:18:28+00:00,nhtsa/recalls/mercedes-benz/glc-350-e-4matic_2025.json.gz,ok,
recalls,mercedes-benz,mercedes-benz/e-class,E 350,2025,https://api.nhtsa.gov/recalls/recallsByVehicle?make=MERCEDES-BENZ&model=E+350&modelYear=2025,200,2340,18ee53046746eb712eff7915cabec8ddaf8358d1b3e7e251730f3d9623b2dfc9,2026-10-02T09:18:30+00:00,nhtsa/recalls/mercedes-benz/e-350_2025.json.gz,ok,
recalls,mercedes-benz,mercedes-benz/e-class,E 350 4MATIC,2025,https://api.nhtsa.gov/recalls/recallsByVehicle?make=MERCEDES-BENZ&model=E+350+4MATIC&modelYear=2025,200,2354,f57f44666c4c67e253e128a7eebecf34646c6093c5b927f9bc6207b99353797f,2026-10-02T09:18:31+00:00,nhtsa/recalls/mercedes-benz/e-350-4matic_2025.json.gz,ok,
recalls,mercedes-benz,mercedes-benz/eqb,EQB 300 4MATIC,2025,https://api.nhtsa.gov/recalls/recallsByVehicle?make=MERCEDES-BENZ&model=EQB+300+4MATIC&modelYear=2025,400,66,74147c27e8c00a68fa4708025f0aa95a3dbb3bea68b4d5417efb2bef19d1e786,2026-10-02T09:18:33+00:00,nhtsa/recalls/mercedes-benz/eqb-300-4matic_2025.json.gz,ok,empty result (HTTP 400 for zero matches)
recalls,mercedes-benz,mercedes-benz/glc,GLC 300,2025,https://api.nhtsa.gov/recalls/recallsByVehicle?make=MERCEDES-BENZ&model=GLC+300&modelYear=2025,200,3147,cc2ee2916a4553ba7062f70a90860e65cc6c652313d892f998015c8064824aac,2026-10-02T09:18:34+00:00,nhtsa/recalls/mercedes-benz/glc-300_2025.json.gz,ok,
recalls,mercedes-benz,mercedes-benz/e-class,AMG E 53 4MATIC+ WAGON,2025,https://api.nhtsa.gov/recalls/recallsByVehicle?make=MERCEDES-BENZ&model=AMG+E+53+4MATIC%2B+WAGON&modelYear=2025,200,1092,dcfb724ece15a074c482f120aa26f86698a309fb482d58e87b1045871c437cc4,2026-10-02T09:18:36+00:00,nhtsa/recalls/mercedes-benz/amg-e-53-4matic-wagon_2025.json.gz,ok,
recalls,mercedes-benz,mercedes-benz/c-class,C 300,2025,https://api.nhtsa.gov/recalls/recallsByVehicle?make=MERCEDES-BENZ&model=C+300&modelYear=2025,200,2202,199f39d33f0397359f8f88d5718509a4f274f7564260b9fdbf56a5285388f6fe,2026-10-02T09:18:37+00:00,nhtsa/recalls/mercedes-benz/c-300_2025.json.gz,ok,
recalls,mercedes-benz,mercedes-benz/gle,AMG GLE53 4MATIC+,2025,https://api.nhtsa.gov/recalls/recallsByVehicle?make=MERCEDES-BENZ&model=AMG+GLE53+4MATIC%2B&modelYear=2025,400,66,74147c27e8c00a68fa4708025f0aa95a3dbb3bea68b4d5417efb2bef19d1e786,2026-10-02T09:18:40+00:00,nhtsa/recalls/mercedes-benz/amg-gle53-4matic_2025.json.gz,ok,empty result (HTTP 400 for zero matches)
recalls,mercedes-benz,mercedes-benz/gls,GLS 450 4MATIC,2025,https://api.nhtsa.gov/recalls/recallsByVehicle?make=MERCEDES-BENZ&model=GLS+450+4MATIC&modelYear=2025,200,1330,1e1b521018cdc1f0efd2ebdd990ed111dc657c998c6728af9f0abf3d8d021060,2026-10-02T09:18:42+00:00,nhtsa/recalls/mercedes-benz/gls-450-4matic_2025.json.gz,ok,
recalls,mercedes-benz,mercedes-benz/gle,GLE 450 4MATIC,2025,https://api.nhtsa.gov/recalls/recallsByVehicle?make=MERCEDES-BENZ&model=GLE+450+4MATIC&modelYear=2025,200,1330,b42f46664ed48ec3da57817f69727a47fe82d384d946a47e47e2c51670bee4bd,2026-10-02T09:18:44+00:00,nhtsa/recalls/mercedes-benz/gle-450-4matic_2025.json.gz,ok,
recalls,mercedes-benz,mercedes-benz/s-class,S 580 E 4MATIC,2025,https://api.nhtsa.gov/recalls/recallsByVehicle?make=MERCEDES-BENZ&model=S+580+E+4MATIC&modelYear=2025,200,1242,70d774523c3ff2ec1de507d1cb5fdf43d525585b6e32d60a19db7f5247407181,2026-10-02T09:18:46+00:00,nhtsa/recalls/mercedes-benz/s-580-e-4matic_2025.json.gz,ok,
recalls,mercedes-benz,mercedes-benz/glc,GLC 300 4MATIC,2025,https://api.nhtsa.gov/recalls/recallsByVehicle?make=MERCEDES-BENZ&model=GLC+300+4MATIC&modelYear=2025,200,3168,8f6a3c19f56ffcaa66b12f8e784e0a13fa536a2511bd89f6000b270db78cdd9a,2026-10-02T09:18:48+00:00,nhtsa/recalls/mercedes-benz/glc-300-4matic_2025.json.gz,ok,
recalls,mercedes-benz,mercedes-benz/gls,GLS 580 4MATIC,2025,https://api.nhtsa.gov/recalls/recallsByVehicle?make=MERCEDES-BENZ&model=GLS+580+4MATIC&modelYear=2025,400,66,74147c27e8c00a68fa4708025f0aa95a3dbb3bea68b4d5417efb2bef19d1e786,2026-10-02T09:18:50+00:00,nhtsa/recalls/mercedes-benz/gls-580-4matic_2025.json.gz,ok,empty result (HTTP 400 for zero matches)
recalls,mercedes-benz,mercedes-benz/cla,CLA 250,2025,https://api.nhtsa.gov/recalls/recallsByVehicle?make=MERCEDES-BENZ&model=CLA+250&modelYear=2025,400,66,74147c27e8c00a68fa4708025f0aa95a3dbb3bea68b4d5417efb2bef19d1e786,2026-10-02T09:18:52+00:00,nhtsa/recalls/mercedes-benz/cla-250_2025.json.gz,ok,empty result (HTTP 400 for zero matches)
recalls,mercedes-benz,mercedes-benz/glc,AMG GLC43 4MATIC COUPE,2025,https://api.nhtsa.gov/recalls/recallsByVehicle?make=MERCEDES-BENZ&model=AMG+GLC43+4MATIC+COUPE&modelYear=2025,200,2066,ad14b247aacae609c1e0c97550e9991f88cf529bffe33a730fa15cf83c4cb6a3,2026-10-02T09:18:54+00:00,nhtsa/recalls/mercedes-benz/amg-glc43-4matic-coupe_2025.json.gz,ok,
recalls,mercedes-benz,mercedes-benz/cle,CLE 300 4MATIC,2025,https://api.nhtsa.gov/recalls/recallsByVehicle?make=MERCEDES-BENZ&model=CLE+300+4MATIC&modelYear=2025,200,1155,be6e8dc0f6b0858acb6e777dbd1441e610763ed69dfc185e50c1a5e81292a79d,2026-10-02T09:18:55+00:00,nhtsa/recalls/mercedes-benz/cle-300-4matic_2025.json.gz,ok,
recalls,mercedes-benz,mercedes-benz/cle,AMG CLE53 4MATIC+,2025,https://api.nhtsa.gov/recalls/recallsByVehicle?make=MERCEDES-BENZ&model=AMG+CLE53+4MATIC%2B&modelYear=2025,200,1158,93962aed9dd6eaf371ffd98643cd9f96e424e94bf2f92aac174e62905c67767c,2026-10-02T09:18:57+00:00,nhtsa/recalls/mercedes-benz/amg-cle53-4matic_2025.json.gz,ok,
recalls,mercedes-benz,mercedes-benz/s-class,S 580 4MATIC,2025,https://api.nhtsa.gov/recalls/recallsByVehicle?make=MERCEDES-BENZ&model=S+580+4MATIC&modelYear=2025,400,66,74147c27e8c00a68fa4708025f0aa95a3dbb3bea68b4d5417efb2bef19d1e786,2026-10-02T09:18:59+00:00,nhtsa/recalls/mercedes-benz/s-580-4matic_2025.json.gz,ok,empty result (HTTP 400 for zero matches)
recalls,mercedes-benz,mercedes-benz/gle,GLE 580 4MATIC,2025,https://api.nhtsa.gov/recalls/recallsByVehicle?make=MERCEDES-BENZ&model=GLE+580+4MATIC&modelYear=2025,400,66,74147c27e8c00a68fa4708025f0aa95a3dbb3bea68b4d5417efb2bef19d1e786,2026-10-02T09:19:01+00:00,nhtsa/recalls/mercedes-benz/gle-580-4matic_2025.json.gz,ok,empty result (HTTP 400 for zero matches)
recalls,mercedes-benz,mercedes-benz/glc,AMG GLC43,2025,https://api.nhtsa.gov/recalls/recallsByVehicle?make=MERCEDES-BENZ&model=AMG+GLC43&modelYear=2025,200,1150,31010aed550b156880136e9875b857a50943377b70c3f20130d1e17e03068f17,2026-10-02T09:19:03+00:00,nhtsa/recalls/mercedes-benz/amg-glc43_2025.json.gz,ok,
complaints,mercedes-benz,mercedes-benz/gla,AMG GLA 35,2025,https://api.nhtsa.gov/complaints/complaintsByVehicle?make=MERCEDES-BENZ&model=AMG+GLA+35&modelYear=2025,200,1815,3c9f83c6f4ad226b41321df9d8342d6fed4721bd642bbf9b6860aba47f94dc51,2026-10-02T09:19:05+00:00,nhtsa/complaints/mercedes-benz/amg-gla-35_2025.json.gz,ok,
complaints,mercedes-benz,mercedes-benz/gla,GLA 250,2025,https://api.nhtsa.gov/complaints/complaintsByVehicle?make=MERCEDES-BENZ&model=GLA+250&modelYear=2025,200,4209,0bf8e0ff69c445655fe1205f4059283bf32dce0b3d4f449fa58abd91a330cd04,2026-10-02T09:19:07+00:00,nhtsa/complaints/mercedes-benz/gla-250_2025.json.gz,ok,
complaints,mercedes-benz,mercedes-benz/glb,GLB 250,2025,https://api.nhtsa.gov/complaints/complaintsByVehicle?make=MERCEDES-BENZ&model=GLB+250&modelYear=2025,200,1059,771f28a868b447dd94a96e56c1e4278a1b5b01544fd383573e7dfce8b693f230,2026-10-02T09:19:09+00:00,nhtsa/complaints/mercedes-benz/glb-250_2025.json.gz,ok,
complaints,mercedes-benz,mercedes-benz/gle,GLE 450E 4MATIC,2025,https://api.nhtsa.gov/complaints/complaintsByVehicle?make=MERCEDES-BENZ&model=GLE+450E+4MATIC&modelYear=2025,200,19835,65263864fea9542399e4a2fe2c6d43841432acc2c8894010413cef592da960fc,2026-10-02T09:19:11+00:00,nhtsa/complaints/mercedes-benz/gle-450e-4matic_2025.json.gz,ok,
complaints,mercedes-benz,mercedes-benz/gle,GLE 350 4MATIC,2025,https://api.nhtsa.gov/complaints/complaintsByVehicle?make=MERCEDES-BENZ&model=GLE+350+4MATIC&modelYear=2025,200,9060,c41230577227dd13603fa68fabc4577722862d79092e97446b240fe32159c7f1,2026-10-02T09:19:12+00:00,nhtsa/complaints/mercedes-benz/gle-350-4matic_2025.json.gz,ok,
complaints,mercedes-benz,mercedes-benz/glc,GLC 350 E 4MATIC,2025,https://api.nhtsa.gov/complaints/complaintsByVehicle?make=MERCEDES-BENZ&model=GLC+350+E+4MATIC&modelYear=2025,200,21522,e0b811ff6ac86bb049421d44f0466cde277a453b8903e90497ff5e61a1be77ed,2026-10-02T09:19:15+00:00,nhtsa/complaints/mercedes-benz/glc-350-e-4matic_2025.json.gz,ok,
complaints,mercedes-benz,mercedes-benz/e-class,E 350,2025,https://api.nhtsa.gov/complaints/complaintsByVehicle?make=MERCEDES-BENZ&model=E+350&modelYear=2025,200,2391,1cad56d7f70fd2a67700c34d5c35c5dab6f5e434b5dacdc0a45e4613c0663aff,2026-10-02T09:19:16+00:00,nhtsa/complaints/mercedes-benz/e-350_2025.json.gz,ok,
complaints,mercedes-benz,mercedes-benz/e-class,E 350 4MATIC,2025,https://api.nhtsa.gov/complaints/complaintsByVehicle?make=MERCEDES-BENZ&model=E+350+4MATIC&modelYear=2025,200,4516,d09135badd0cd3682d6e72ec20872cce26c59eb7579978072d225185c1b18eda,2026-10-02T09:19:18+00:00,nhtsa/complaints/mercedes-benz/e-350-4matic_2025.json.gz,ok,
complaints,mercedes-benz,mercedes-benz/eqb,EQB 300 4MATIC,2025,https://api.nhtsa.gov/complaints/complaintsByVehicle?make=MERCEDES-BENZ&model=EQB+300+4MATIC&modelYear=2025,200,3872,1c2b38d502f696166d586032c1e1e5f8305c22e9c2971391b5804c1c177c4cb3,2026-10-02T09:19:20+00:00,nhtsa/complaints/mercedes-benz/eqb-300-4matic_2025.json.gz,ok,
complaints,mercedes-benz,mercedes-benz/glc,GLC 300,2025,https://api.nhtsa.gov/complaints/complaintsByVehicle?make=MERCEDES-BENZ&model=GLC+300&modelYear=2025,200,20313,14f7355642d407427b32035a548c34b65ca4de071ee4b2f56658e083a548389b,2026-10-02T09:19:21+00:00,nhtsa/complaints/mercedes-benz/glc-300_2025.json.gz,ok,
complaints,mercedes-benz,mercedes-benz/e-class,AMG E 53 4MATIC+ WAGON,2025,https://api.nhtsa.gov/complaints/complaintsByVehicle?make=MERCEDES-BENZ&model=AMG+E+53+4MATIC%2B+WAGON&modelYear=2025,200,4261,4413649bea9c306ea8282375a80359873759c6dfc56f119a1024b13e04dc907c,2026-10-02T09:19:24+00:00,nhtsa/complaints/mercedes-benz/amg-e-53-4matic-wagon_2025.json.gz,ok,
complaints,mercedes-benz,mercedes-benz/c-class,C 300,2025,https://api.nhtsa.gov/complaints/complaintsByVehicle?make=MERCEDES-BENZ&model=C+300&modelYear=2025,200,5523,983ae0088a31d3737311e86396878ebc42b9ccc474611c876f7553e7b24e4c1b,2026-10-02T09:19:25+00:00,nhtsa/complaints/mercedes-benz/c-300_2025.json.gz,ok,
complaints,mercedes-benz,mercedes-benz/gle,AMG GLE53 4MATIC+,2025,https://api.nhtsa.gov/complaints/complaintsByVehicle?make=MERCEDES-BENZ&model=AMG+GLE53+4MATIC%2B&modelYear=2025,200,2133,3724f683634d464779297e0478a581617421f4e108f7dbf983b87d4eb3a51427,2026-10-02T09:19:26+00:00,nhtsa/complaints/mercedes-benz/amg-gle53-4matic_2025.json.gz,ok,
complaints,mercedes-benz,mercedes-benz/gls,GLS 450 4MATIC,2025,https://api.nhtsa.gov/complaints/complaintsByVehicle?make=MERCEDES-BENZ&model=GLS+450+4MATIC&modelYear=2025,200,10097,121f03ab0ad5fcb631bedc6a9d996e04d51c37c168dcce6792602bc128fc347e,2026-10-02T09:19:29+00:00,nhtsa/complaints/mercedes-benz/gls-450-4matic_2025.json.gz,ok,
complaints,mercedes-benz,mercedes-benz/gle,GLE 450 4MATIC,2025,https://api.nhtsa.gov/complaints/complaintsByVehicle?make=MERCEDES-BENZ&model=GLE+450+4MATIC&modelYear=2025,200,5887,c8e568923929afe6c26ca5f6e15b845631a4b843253b404262113e811f6145a0,2026-10-02T09:19:31+00:00,nhtsa/complaints/mercedes-benz/gle-450-4matic_2025.json.gz,ok,
complaints,mercedes-benz,mercedes-benz/s-class,S 580 E 4MATIC,2025,https://api.nhtsa.gov/complaints/complaintsByVehicle?make=MERCEDES-BENZ&model=S+580+E+4MATIC&modelYear=2025,200,2358,f61032a653759649c4e82942c99083a88286020a109ef0b3f99ffe452961dfdc,2026-10-02T09:19:33+00:00,nhtsa/complaints/mercedes-benz/s-580-e-4matic_2025.json.gz,ok,
complaints,mercedes-benz,mercedes-benz/glc,GLC 300 4MATIC,2025,https://api.nhtsa.gov/complaints/complaintsByVehicle?make=MERCEDES-BENZ&model=GLC+300+4MATIC&modelYear=2025,200,10723,68a2dd4a0c7ec4941e85c1513e532d4951a958ee532eb36ef17b6a1973a4537f,2026-10-02T09:19:35+00:00,nhtsa/complaints/mercedes-benz/glc-300-4matic_2025.json.gz,ok,
complaints,mercedes-benz,mercedes-benz/gls,GLS 580 4MATIC,2025,https://api.nhtsa.gov/complaints/complaintsByVehicle?make=MERCEDES-BENZ&model=GLS+580+4MATIC&modelYear=2025,200,3179,3b14f3174bcd05f5dbd285c46c696e2d09ec1c2fac83eed10e70e9674c42cec4,2026-10-02T09:19:36+00:00,nhtsa/complaints/mercedes-benz/gls-580-4matic_2025.json.gz,ok,
complaints,mercedes-benz,mercedes-benz/cla,CLA 250,2025,https://api.nhtsa.gov/complaints/complaintsByVehicle?make=MERCEDES-BENZ&model=CLA+250&modelYear=2025,200,615,c0ac2894775c7f760f1ab638fec0dcb1cb503ad062cea4b082fd08cb3841f38d,2026-10-02T09:19:37+00:00,nhtsa/complaints/mercedes-benz/cla-250_2025.json.gz,ok,
complaints,mercedes-benz,mercedes-benz/glc,AMG GLC43 4MATIC COUPE,2025,https://api.nhtsa.gov/complaints/complaintsByVehicle?make=MERCEDES-BENZ&model=AMG+GLC43+4MATIC+COUPE&modelYear=2025,200,3103,09c959b1104c2f1029c8b8f4b5fc45e640931fd7239fd3a7a7aa5cc789da1d1d,2026-10-02T09:19:39+00:00,nhtsa/complaints/mercedes-benz/amg-glc43-4matic-coupe_2025.json.gz,ok,
complaints,mercedes-benz,mercedes-benz/cle,CLE 300 4MATIC,2025,https://api.nhtsa.gov/complaints/complaintsByVehicle?make=MERCEDES-BENZ&model=CLE+300+4MATIC&modelYear=2025,200,1233,3186e203402d700f7098f709792425276dcc26abe60ac7ccb53e946d5df4d807,2026-10-02T09:19:41+00:00,nhtsa/complaints/mercedes-benz/cle-300-4matic_2025.json.gz,ok,
complaints,mercedes-benz,mercedes-benz/cle,AMG CLE53 4MATIC+,2025,https://api.nhtsa.gov/complaints/complaintsByVehicle?make=MERCEDES-BENZ&model=AMG+CLE53+4MATIC%2B&modelYear=2025,200,910,6ed76783ffe3a053009e1496e7d9616cd65a5fcf03aebc4f408d0443df0f6e28,2026-10-02T09:19:43+00:00,nhtsa/complaints/mercedes-benz/amg-cle53-4matic_2025.json.gz,ok,
complaints,mercedes-benz,mercedes-benz/s-class,S 580 4MATIC,2025,https://api.nhtsa.gov/complaints/complaintsByVehicle?make=MERCEDES-BENZ&model=S+580+4MATIC&modelYear=2025,200,647,bacd92b0c8adea5a89a7f2bb28187b070cabe680ee1f65625e467c8bbc6d6a49,2026-10-02T09:19:45+00:00,nhtsa/complaints/mercedes-benz/s-580-4matic_2025.json.gz,ok,
complaints,mercedes-benz,mercedes-benz/gle,GLE 580 4MATIC,2025,https://api.nhtsa.gov/complaints/complaintsByVehicle?make=MERCEDES-BENZ&model=GLE+580+4MATIC&modelYear=2025,200,1660,38339f2845693961cdd0ff49aa3d963192f21845c18883c1b5cd409e0a09fee3,2026-10-02T09:19:46+00:00,nhtsa/complaints/mercedes-benz/gle-580-4matic_2025.json.gz,ok,
complaints,mercedes-benz,mercedes-benz/glc,AMG GLC43,2025,https://api.nhtsa.gov/complaints/complaintsByVehicle?make=MERCEDES-BENZ&model=AMG+GLC43&modelYear=2025,200,3508,d5c69ed28d08f3693013b7c3bf6566c4fac668687215d434c4c91b8bb1993852,2026-10-02T09:19:48+00:00,nhtsa/complaints/mercedes-benz/amg-glc43_2025.json.gz,ok,
recalls,mercedes-benz,mercedes-benz/cla,CLA 250+ (EV),2026,https://api.nhtsa.gov/recalls/recallsByVehicle?make=MERCEDES-BENZ&model=CLA+250%2B+%28EV%29&modelYear=2026,200,1184,04c664f212e9c757b196dd31e88eabc645e9d9197ecc8ec0bc6f4740cb7c3d25,2026-10-02T09:19:50+00:00,nhtsa/recalls/mercedes-benz/cla-250-ev_2026.json.gz,ok,
recalls,mercedes-benz,mercedes-benz/gla,GLA 250,2026,https://api.nhtsa.gov/recalls/recallsByVehicle?make=MERCEDES-BENZ&model=GLA+250&modelYear=2026,200,1018,abf8b5751dc78543e4fa14388a9c0409b286c7e12cd1c705abfa842fe88fa3ab,2026-10-02T09:19:52+00:00,nhtsa/recalls/mercedes-benz/gla-250_2026.json.gz,ok,
recalls,mercedes-benz,mercedes-benz/glb,GLB 250,2026,https://api.nhtsa.gov/recalls/recallsByVehicle?make=MERCEDES-BENZ&model=GLB+250&modelYear=2026,200,1341,3509a25a9dba6ecf0d0f55310e7bf9e082ff9c71406bff0f0c407bef7396a708,2026-10-02T09:19:53+00:00,nhtsa/recalls/mercedes-benz/glb-250_2026.json.gz,ok,
recalls,mercedes-benz,mercedes-benz/gls,AMG GLS63,2026,https://api.nhtsa.gov/recalls/recallsByVehicle?make=MERCEDES-BENZ&model=AMG+GLS63&modelYear=2026,400,66,74147c27e8c00a68fa4708025f0aa95a3dbb3bea68b4d5417efb2bef19d1e786,2026-10-02T09:19:54+00:00,nhtsa/recalls/mercedes-benz/amg-gls63_2026.json.gz,ok,empty result (HTTP 400 for zero matches)
recalls,mercedes-benz,mercedes-benz/cle,CLE 300 4MATIC COUPE,2026,https://api.nhtsa.gov/recalls/recallsByVehicle?make=MERCEDES-BENZ&model=CLE+300+4MATIC+COUPE&modelYear=2026,400,66,74147c27e8c00a68fa4708025f0aa95a3dbb3bea68b4d5417efb2bef19d1e786,2026-10-02T09:19:57+00:00,nhtsa/recalls/mercedes-benz/cle-300-4matic-coupe_2026.json.gz,ok,empty result (HTTP 400 for zero matches)
recalls,mercedes-benz,mercedes-benz/c-class,C-CLASS ICE,2026,https://api.nhtsa.gov/recalls/recallsByVehicle?make=MERCEDES-BENZ&model=C-CLASS+ICE&modelYear=2026,400,66,74147c27e8c00a68fa4708025f0aa95a3dbb3bea68b4d5417efb2bef19d1e786,2026-10-02T09:19:58+00:00,nhtsa/recalls/mercedes-benz/c-class-ice_2026.json.gz,ok,empty result (HTTP 400 for zero matches)
recalls,mercedes-benz,mercedes-benz/e-class,E-CLASS ICE,2026,https://api.nhtsa.gov/recalls/recallsByVehicle?make=MERCEDES-BENZ&model=E-CLASS+ICE&modelYear=2026,400,66,74147c27e8c00a68fa4708025f0aa95a3dbb3bea68b4d5417efb2bef19d1e786,2026-10-02T09:20:00+00:00,nhtsa/recalls/mercedes-benz/e-class-ice_2026.json.gz,ok,empty result (HTTP 400 for zero matches)
recalls,mercedes-benz,mercedes-benz/glc,GLC ICE,2026,https://api.nhtsa.gov/recalls/recallsByVehicle?make=MERCEDES-BENZ&model=GLC+ICE&modelYear=2026,400,66,74147c27e8c00a68fa4708025f0aa95a3dbb3bea68b4d5417efb2bef19d1e786,2026-10-02T09:20:02+00:00,nhtsa/recalls/mercedes-benz/glc-ice_2026.json.gz,ok,empty result (HTTP 400 for zero matches)
recalls,mercedes-benz,mercedes-benz/gle,GLE ICE,2026,https://api.nhtsa.gov/recalls/recallsByVehicle?make=MERCEDES-BENZ&model=GLE+ICE&modelYear=2026,400,66,74147c27e8c00a68fa4708025f0aa95a3dbb3bea68b4d5417efb2bef19d1e786,2026-10-02T09:20:03+00:00,nhtsa/recalls/mercedes-benz/gle-ice_2026.json.gz,ok,empty result (HTTP 400 for zero matches)
complaints,mercedes-benz,mercedes-benz/cla,CLA 250+ (EV),2026,https://api.nhtsa.gov/complaints/complaintsByVehicle?make=MERCEDES-BENZ&model=CLA+250%2B+%28EV%29&modelYear=2026,200,2102,bbfada570c66f9d31f26571808c6a75104a18d9cb5984ea16079317e12c4ed3d,2026-10-02T09:20:05+00:00,nhtsa/complaints/mercedes-benz/cla-250-ev_2026.json.gz,ok,
complaints,mercedes-benz,mercedes-benz/gla,GLA 250,2026,https://api.nhtsa.gov/complaints/complaintsByVehicle?make=MERCEDES-BENZ&model=GLA+250&modelYear=2026,200,2568,2af5a24bbfb19c0cee8dd2e9bb6eedfbd2545d95bcf34451d61282f3c9613951,2026-10-02T09:20:06+00:00,nhtsa/complaints/mercedes-benz/gla-250_2026.json.gz,ok,
complaints,mercedes-benz,mercedes-benz/glb,GLB 250,2026,https://api.nhtsa.gov/complaints/complaintsByVehicle?make=MERCEDES-BENZ&model=GLB+250&modelYear=2026,200,1088,98417ad4e3ad233cf56a9bf63be7c8db5408fceb9995fed17082bfccc4623e0d,2026-10-02T09:20:08+00:00,nhtsa/complaints/mercedes-benz/glb-250_2026.json.gz,ok,
complaints,mercedes-benz,mercedes-benz/gls,AMG GLS63,2026,https://api.nhtsa.gov/complaints/complaintsByVehicle?make=MERCEDES-BENZ&model=AMG+GLS63&modelYear=2026,200,1017,e67f76bc8ec9f5a3f022ebd434b18400a15b14756d211b4ce8fb3e15fb643593,2026-10-02T09:20:10+00:00,nhtsa/complaints/mercedes-benz/amg-gls63_2026.json.gz,ok,
complaints,mercedes-benz,mercedes-benz/cle,CLE 300 4MATIC COUPE,2026,https://api.nhtsa.gov/complaints/complaintsByVehicle?make=MERCEDES-BENZ&model=CLE+300+4MATIC+COUPE&modelYear=2026,200,4912,06680be40dbd2533b865138f652a9d841afed051fbea57cf106fb2597306a146,2026-10-02T09:20:12+00:00,nhtsa/complaints/mercedes-benz/cle-300-4matic-coupe_2026.json.gz,ok,
complaints,mercedes-benz,mercedes-benz/c-class,C-CLASS ICE,2026,https://api.nhtsa.gov/complaints/complaintsByVehicle?make=MERCEDES-BENZ&model=C-CLASS+ICE&modelYear=2026,200,5083,0cfd7b517d52ba64e5a689d95cabf032ea538a36a7f01b6f96bee8244afb189e,2026-10-02T09:20:13+00:00,nhtsa/complaints/mercedes-benz/c-class-ice_2026.json.gz,ok,
complaints,mercedes-benz,mercedes-benz/e-class,E-CLASS ICE,2026,https://api.nhtsa.gov/complaints/complaintsByVehicle?make=MERCEDES-BENZ&model=E-CLASS+ICE&modelYear=2026,200,11185,f07e492233ac342f84c2109e01951136f6c16b1b5b3da3e517188f3d0a753fec,2026-10-02T09:20:14+00:00,nhtsa/complaints/mercedes-benz/e-class-ice_2026.json.gz,ok,
complaints,mercedes-benz,mercedes-benz/glc,GLC ICE,2026,https://api.nhtsa.gov/complaints/complaintsByVehicle?make=MERCEDES-BENZ&model=GLC+ICE&modelYear=2026,200,12203,42d4f790ab3c76e1810e63ca822c09c8fc199af4c8376274582ebca3b8459b59,2026-10-02T09:20:17+00:00,nhtsa/complaints/mercedes-benz/glc-ice_2026.json.gz,ok,
complaints,mercedes-benz,mercedes-benz/gle,GLE ICE,2026,https://api.nhtsa.gov/complaints/complaintsByVehicle?make=MERCEDES-BENZ&model=GLE+ICE&modelYear=2026,200,13097,7148d247134f781bc343d2473f5b29d2315b1d4ddbe1f0d3bb8fb0b43c701dba,2026-10-02T09:20:18+00:00,nhtsa/complaints/mercedes-benz/gle-ice_2026.json.gz,ok,
recalls,bmw,bmw/5-series,528I,2014,https://api.nhtsa.gov/recalls/recallsByVehicle?make=BMW&model=528I&modelYear=2014,200,3704,b0e2b4fb6ecd3386e145f434bd85f0c5459e433eec68bd6f7f2e698f52b80126,2026-10-02T09:20:20+00:00,nhtsa/recalls/bmw/528i_2014.json.gz,ok,
recalls,bmw,bmw/5-series,528I XDRIVE,2014,https://api.nhtsa.gov/recalls/recallsByVehicle?make=BMW&model=528I+XDRIVE&modelYear=2014,400,66,74147c27e8c00a68fa4708025f0aa95a3dbb3bea68b4d5417efb2bef19d1e786,2026-10-02T09:20:22+00:00,nhtsa/recalls/bmw/528i-xdrive_2014.json.gz,ok,empty result (HTTP 400 for zero matches)
recalls,bmw,bmw/5-series,535I,2014,https://api.nhtsa.gov/recalls/recallsByVehicle?make=BMW&model=535I&modelYear=2014,200,2487,931a4f18859370a950ab7ae05db16da0a57ed97378d2c81b4e50eaf69a58419c,2026-10-02T09:20:24+00:00,nhtsa/recalls/bmw/535i_2014.json.gz,ok,
recalls,bmw,bmw/5-series,535I GT,2014,https://api.nhtsa.gov/recalls/recallsByVehicle?make=BMW&model=535I+GT&modelYear=2014,400,66,74147c27e8c00a68fa4708025f0aa95a3dbb3bea68b4d5417efb2bef19d1e786,2026-10-02T09:20:26+00:00,nhtsa/recalls/bmw/535i-gt_2014.json.gz,ok,empty result (HTTP 400 for zero matches)
recalls,bmw,bmw/5-series,535I XDRIVE,2014,https://api.nhtsa.gov/recalls/recallsByVehicle?make=BMW&model=535I+XDRIVE&modelYear=2014,400,66,74147c27e8c00a68fa4708025f0aa95a3dbb3bea68b4d5417efb2bef19d1e786,2026-10-02T09:20:28+00:00,nhtsa/recalls/bmw/535i-xdrive_2014.json.gz,ok,empty result (HTTP 400 for zero matches)
recalls,bmw,bmw/5-series,535I XDRIVE GT,2014,https://api.nhtsa.gov/recalls/recallsByVehicle?make=BMW&model=535I+XDRIVE+GT&modelYear=2014,400,66,74147c27e8c00a68fa4708025f0aa95a3dbb3bea68b4d5417efb2bef19d1e786,2026-10-02T09:20:30+00:00,nhtsa/recalls/bmw/535i-xdrive-gt_2014.json.gz,ok,empty result (HTTP 400 for zero matches)
recalls,bmw,bmw/5-series,550I,2014,https://api.nhtsa.gov/recalls/recallsByVehicle?make=BMW&model=550I&modelYear=2014,200,2487,69b9aba4832b4bbb4ca39cc9afe2ddd903c72a130dc85c2d609f5398bc75fbf4,2026-10-02T09:20:32+00:00,nhtsa/recalls/bmw/550i_2014.json.gz,ok,
recalls,bmw,bmw/3-series,335I XDRIVE,2014,https://api.nhtsa.gov/recalls/recallsByVehicle?make=BMW&model=335I+XDRIVE&modelYear=2014,400,66,74147c27e8c00a68fa4708025f0aa95a3dbb3bea68b4d5417efb2bef19d1e786,2026-10-02T09:20:33+00:00,nhtsa/recalls/bmw/335i-xdrive_2014.json.gz,ok,empty result (HTTP 400 for zero matches)
recalls,bmw,bmw/3-series,335I,2014,https://api.nhtsa.gov/recalls/recallsByVehicle?make=BMW&model=335I&modelYear=2014,200,6774,df7d7ab9bff96fe10f74c2cae7d21b75d527500ff02bdf752b154c74d89ffcff,2026-10-02T09:20:35+00:00,nhtsa/recalls/bmw/335i_2014.json.gz,ok,
recalls,bmw,bmw/3-series,320I,2014,https://api.nhtsa.gov/recalls/recallsByVehicle?make=BMW&model=320I&modelYear=2014,200,9583,542fb504b550e70f73016df39e5ba63a05aa2b5410920cecd70f09c63320ea21,2026-10-02T09:20:37+00:00,nhtsa/recalls/bmw/320i_2014.json.gz,ok,
recalls,bmw,bmw/3-series,320I XDRIVE,2014,https://api.nhtsa.gov/recalls/recallsByVehicle?make=BMW&model=320I+XDRIVE&modelYear=2014,400,66,74147c27e8c00a68fa4708025f0aa95a3dbb3bea68b4d5417efb2bef19d1e786,2026-10-02T09:20:39+00:00,nhtsa/recalls/bmw/320i-xdrive_2014.json.gz,ok,empty result (HTTP 400 for zero matches)
recalls,bmw,bmw/3-series,328D,2014,https://api.nhtsa.gov/recalls/recallsByVehicle?make=BMW&model=328D&modelYear=2014,200,9678,570dd4f6f1f152804d7514bc5662b71a57d27c71434fc680607ccda23564940f,2026-10-02T09:20:41+00:00,nhtsa/recalls/bmw/328d_2014.json.gz,ok,
recalls,bmw,bmw/3-series,328D XDRIVE,2014,https://api.nhtsa.gov/recalls/recallsByVehicle?make=BMW&model=328D+XDRIVE&modelYear=2014,400,66,74147c27e8c00a68fa4708025f0aa95a3dbb3bea68b4d5417efb2bef19d1e786,2026-10-02T09:20:43+00:00,nhtsa/recalls/bmw/328d-xdrive_2014.json.gz,ok,empty result (HTTP 400 for zero matches)
recalls,bmw,bmw/3-series,328I XDRIVE,2014,https://api.nhtsa.gov/recalls/recallsByVehicle?make=BMW&model=328I+XDRIVE&modelYear=2014,400,66,74147c27e8c00a68fa4708025f0aa95a3dbb3bea68b4d5417efb2bef19d1e786,2026-10-02T09:20:45+00:00,nhtsa/recalls/bmw/328i-xdrive_2014.json.gz,ok,empty result (HTTP 400 for zero matches)
recalls,bmw,bmw/3-series,328I XDRIVE GT,2014,https://api.nhtsa.gov/recalls/recallsByVehicle?make=BMW&model=328I+XDRIVE+GT&modelYear=2014,400,66,74147c27e8c00a68fa4708025f0aa95a3dbb3bea68b4d5417efb2bef19d1e786,2026-10-02T09:20:46+00:00,nhtsa/recalls/bmw/328i-xdrive-gt_2014.json.gz,ok,empty result (HTTP 400 for zero matches)
recalls,bmw,bmw/3-series,335I XDRIVE GT,2014,https://api.nhtsa.gov/recalls/recallsByVehicle?make=BMW&model=335I+XDRIVE+GT&modelYear=2014,400,66,74147c27e8c00a68fa4708025f0aa95a3dbb3bea68b4d5417efb2bef19d1e786,2026-10-02T09:20:47+00:00,nhtsa/recalls/bmw/335i-xdrive-gt_2014.json.gz,ok,empty result (HTTP 400 for zero matches)
recalls,bmw,bmw/m5,M5,2014,https://api.nhtsa.gov/recalls/recallsByVehicle?make=BMW&model=M5&modelYear=2014,200,1181,4054e3523e74fa991d86114a7a331c2abddbc17ffc1c1f89560e109efadcb841,2026-10-02T09:20:49+00:00,nhtsa/recalls/bmw/m5_2014.json.gz,ok,
recalls,bmw,bmw/7-series,740I,2014,https://api.nhtsa.gov/recalls/recallsByVehicle?make=BMW&model=740I&modelYear=2014,200,1322,ca7802d5c65e7a22531af7f38d4efd8cfac5b857e0b53d768abb447deec2e34f,2026-10-02T09:20:50+00:00,nhtsa/recalls/bmw/740i_2014.json.gz,ok,
recalls,bmw,bmw/7-series,740LI,2014,https://api.nhtsa.gov/recalls/recallsByVehicle?make=BMW&model=740LI&modelYear=2014,200,1323,8230c854e44ae65ba573e8aaa22e703c511fb85e63ffe9450ccd4a289e8019a6,2026-10-02T09:20:52+00:00,nhtsa/recalls/bmw/740li_2014.json.gz,ok,
recalls,bmw,bmw/7-series,740LI XDRIVE,2014,https://api.nhtsa.gov/recalls/recallsByVehicle?make=BMW&model=740LI+XDRIVE&modelYear=2014,400,66,74147c27e8c00a68fa4708025f0aa95a3dbb3bea68b4d5417efb2bef19d1e786,2026-10-02T09:20:54+00:00,nhtsa/recalls/bmw/740li-xdrive_2014.json.gz,ok,empty result (HTTP 400 for zero matches)
recalls,bmw,bmw/7-series,750I,2014,https://api.nhtsa.gov/recalls/recallsByVehicle?make=BMW&model=750I&modelYear=2014,200,1322,35dabc10955e68421862bc11a82d8e9b3cd4a125d0cfacfc82ea196ec40d35ab,2026-10-02T09:20:56+00:00,nhtsa/recalls/bmw/750i_2014.json.gz,ok,
recalls,bmw,bmw/7-series,750I XDRIVE,2014,https://api.nhtsa.gov/recalls/recallsByVehicle?make=BMW&model=750I+XDRIVE&modelYear=2014,400,66,74147c27e8c00a68fa4708025f0aa95a3dbb3bea68b4d5417efb2bef19d1e786,2026-10-02T09:20:58+00:00,nhtsa/recalls/bmw/750i-xdrive_2014.json.gz,ok,empty result (HTTP 400 for zero matches)
recalls,bmw,bmw/7-series,750LI,2014,https://api.nhtsa.gov/recalls/recallsByVehicle?make=BMW&model=750LI&modelYear=2014,200,1323,90145793cf8b48ddd3b2e68842fa23c49305c9365ebed834348993399fcdbbcb,2026-10-02T09:20:59+00:00,nhtsa/recalls/bmw/750li_2014.json.gz,ok,
recalls,bmw,bmw/7-series,750LI XDRIVE,2014,https://api.nhtsa.gov/recalls/recallsByVehicle?make=BMW&model=750LI+XDRIVE&modelYear=2014,400,66,74147c27e8c00a68fa4708025f0aa95a3dbb3bea68b4d5417efb2bef19d1e786,2026-10-02T09:21:01+00:00,nhtsa/recalls/bmw/750li-xdrive_2014.json.gz,ok,empty result (HTTP 400 for zero matches)
recalls,bmw,bmw/x5,X5 XDRIVE35I,2014,https://api.nhtsa.gov/recalls/recallsByVehicle?make=BMW&model=X5+XDRIVE35I&modelYear=2014,400,66,74147c27e8c00a68fa4708025f0aa95a3dbb3bea68b4d5417efb2bef19d1e786,2026-10-02T09:21:03+00:00,nhtsa/recalls/bmw/x5-xdrive35i_2014.json.gz,ok,empty result (HTTP 400 for zero matches)
recalls,bmw,bmw/x5,X5 SDRIVE35I,2014,https://api.nhtsa.gov/recalls/recallsByVehicle?make=BMW&model=X5+SDRIVE35I&modelYear=2014,400,66,74147c27e8c00a68fa4708025f0aa95a3dbb3bea68b4d5417efb2bef19d1e786,2026-10-02T09:21:05+00:00,nhtsa/recalls/bmw/x5-sdrive35i_2014.json.gz,ok,empty result (HTTP 400 for zero matches)
recalls,bmw,bmw/x5,X5 XDRIVE35D,2014,https://api.nhtsa.gov/recalls/recallsByVehicle?make=BMW&model=X5+XDRIVE35D&modelYear=2014,400,66,74147c27e8c00a68fa4708025f0aa95a3dbb3bea68b4d5417efb2bef19d1e786,2026-10-02T09:21:06+00:00,nhtsa/recalls/bmw/x5-xdrive35d_2014.json.gz,ok,empty result (HTTP 400 for zero matches)
recalls,bmw,bmw/x5,X5 XDRIVE50I,2014,https://api.nhtsa.gov/recalls/recallsByVehicle?make=BMW&model=X5+XDRIVE50I&modelYear=2014,400,66,74147c27e8c00a68fa4708025f0aa95a3dbb3bea68b4d5417efb2bef19d1e786,2026-10-02T09:21:08+00:00,nhtsa/recalls/bmw/x5-xdrive50i_2014.json.gz,ok,empty result (HTTP 400 for zero matches)
recalls,bmw,bmw/x6,X6 XDRIVE35I,2014,https://api.nhtsa.gov/recalls/recallsByVehicle?make=BMW&model=X6+XDRIVE35I&modelYear=2014,400,66,74147c27e8c00a68fa4708025f0aa95a3dbb3bea68b4d5417efb2bef19d1e786,2026-10-02T09:21:10+00:00,nhtsa/recalls/bmw/x6-xdrive35i_2014.json.gz,ok,empty result (HTTP 400 for zero matches)
recalls,bmw,bmw/x6,X6 XDRIVE50I,2014,https://api.nhtsa.gov/recalls/recallsByVehicle?make=BMW&model=X6+XDRIVE50I&modelYear=2014,400,66,74147c27e8c00a68fa4708025f0aa95a3dbb3bea68b4d5417efb2bef19d1e786,2026-10-02T09:21:12+00:00,nhtsa/recalls/bmw/x6-xdrive50i_2014.json.gz,ok,empty result (HTTP 400 for zero matches)
recalls,bmw,bmw/x6-m,X6 M,2014,https://api.nhtsa.gov/recalls/recallsByVehicle?make=BMW&model=X6+M&modelYear=2014,400,66,74147c27e8c00a68fa4708025f0aa95a3dbb3bea68b4d5417efb2bef19d1e786,2026-10-02T09:21:13+00:00,nhtsa/recalls/bmw/x6-m_2014.json.gz,ok,empty result (HTTP 400 for zero matches)
recalls,bmw,bmw/3-series,328I,2014,https://api.nhtsa.gov/recalls/recallsByVehicle?make=BMW&model=328I&modelYear=2014,200,10800,ce5126cba11a222b4260ca0bde9c254aedd5b33c1c5beb0a4a2ac8949f7231bd,2026-10-02T09:21:15+00:00,nhtsa/recalls/bmw/328i_2014.json.gz,ok,
recalls,bmw,bmw/3-series,328XI,2014,https://api.nhtsa.gov/recalls/recallsByVehicle?make=BMW&model=328XI&modelYear=2014,200,4219,ec98d7de3027be7f60ff5344ea087a88e17f0ffab1acadf9744c7c493261df4e,2026-10-02T09:21:18+00:00,nhtsa/recalls/bmw/328xi_2014.json.gz,ok,
recalls,bmw,bmw/3-series,335XI,2014,https://api.nhtsa.gov/recalls/recallsByVehicle?make=BMW&model=335XI&modelYear=2014,200,3001,dbc09011b39c388ce0eb2e2681101799754cee2f73ab8cd6e3b642a50cbe97dd,2026-10-02T09:21:20+00:00,nhtsa/recalls/bmw/335xi_2014.json.gz,ok,
recalls,bmw,bmw/3-series,320XI,2014,https://api.nhtsa.gov/recalls/recallsByVehicle?make=BMW&model=320XI&modelYear=2014,200,3001,4a29ac851f709b686c4de57d0f134def001585675ffb78d9277ae2dd508ab860,2026-10-02T09:21:21+00:00,nhtsa/recalls/bmw/320xi_2014.json.gz,ok,
recalls,bmw,bmw/5-series,535D,2014,https://api.nhtsa.gov/recalls/recallsByVehicle?make=BMW&model=535D&modelYear=2014,200,5353,c75b5b062632a2ec1d2a25a92ca6a147132e0c6f5ae81dfe5d758af7070d13f5,2026-10-02T09:21:23+00:00,nhtsa/recalls/bmw/535d_2014.json.gz,ok,
recalls,bmw,bmw/3-series,328XD,2014,https://api.nhtsa.gov/recalls/recallsByVehicle?make=BMW&model=328XD&modelYear=2014,200,1704,38e75720e59a4e09082a32910a4662f53b89af60efa0906ea2803a29a26dd91c,2026-10-02T09:21:24+00:00,nhtsa/recalls/bmw/328xd_2014.json.gz,ok,
recalls,bmw,bmw/5-series,528XI,2014,https://api.nhtsa.gov/recalls/recallsByVehicle?make=BMW&model=528XI&modelYear=2014,200,1184,65fe907ab71476838cc6c06be91ce08c7de6c2dc228ba55061336e9ea47fa793,2026-10-02T09:21:26+00:00,nhtsa/recalls/bmw/528xi_2014.json.gz,ok,
complaints,bmw,bmw/5-series,528I,2014,https://api.nhtsa.gov/complaints/complaintsByVehicle?make=BMW&model=528I&modelYear=2014,200,57531,944588243850efc345451359a056762a6523d8c396545f5ecca69bd77b5c9c82,2026-10-02T09:21:28+00:00,nhtsa/complaints/bmw/528i_2014.json.gz,ok,
complaints,bmw,bmw/5-series,528I XDRIVE,2014,https://api.nhtsa.gov/complaints/complaintsByVehicle?make=BMW&model=528I+XDRIVE&modelYear=2014,200,57531,944588243850efc345451359a056762a6523d8c396545f5ecca69bd77b5c9c82,2026-10-02T09:21:30+00:00,nhtsa/complaints/bmw/528i-xdrive_2014.json.gz,ok,
complaints,bmw,bmw/5-series,535I,2014,https://api.nhtsa.gov/complaints/complaintsByVehicle?make=BMW&model=535I&modelYear=2014,200,28399,0a10da891790b19ae9ea546dbc0ffd1506438a3b9cac90daac8186c708719021,2026-10-02T09:21:32+00:00,nhtsa/complaints/bmw/535i_2014.json.gz,ok,
complaints,bmw,bmw/5-series,535I GT,2014,https://api.nhtsa.gov/complaints/complaintsByVehicle?make=BMW&model=535I+GT&modelYear=2014,200,25405,4717e958f54d9c5212d2b25c85ee1535cf05da515d16dc093a9554241f2921fe,2026-10-02T09:21:34+00:00,nhtsa/complaints/bmw/535i-gt_2014.json.gz,ok,
complaints,bmw,bmw/5-series,535I XDRIVE,2014,https://api.nhtsa.gov/complaints/complaintsByVehicle?make=BMW&model=535I+XDRIVE&modelYear=2014,200,25405,4717e958f54d9c5212d2b25c85ee1535cf05da515d16dc093a9554241f2921fe,2026-10-02T09:21:36+00:00,nhtsa/complaints/bmw/535i-xdrive_2014.json.gz,ok,
complaints,bmw,bmw/5-series,535I XDRIVE GT,2014,https://api.nhtsa.gov/complaints/complaintsByVehicle?make=BMW&model=535I+XDRIVE+GT&modelYear=2014,200,25405,4717e958f54d9c5212d2b25c85ee1535cf05da515d16dc093a9554241f2921fe,2026-10-02T09:21:38+00:00,nhtsa/complaints/bmw/535i-xdrive-gt_2014.json.gz,ok,
complaints,bmw,bmw/5-series,550I,2014,https://api.nhtsa.gov/complaints/complaintsByVehicle?make=BMW&model=550I&modelYear=2014,200,4752,013dbb8cd9e502d9828d1655fa8d477950d281b7b7e29d7e7e480f91eee295c6,2026-10-02T09:21:40+00:00,nhtsa/complaints/bmw/550i_2014.json.gz,ok,
complaints,bmw,bmw/3-series,335I XDRIVE,2014,https://api.nhtsa.gov/complaints/complaintsByVehicle?make=BMW&model=335I+XDRIVE&modelYear=2014,200,21106,ac5de528ae379d4b3bd4dbced40a70311ff5c6f0a7ad4251b9ac611afec5ba97,2026-10-02T09:21:42+00:00,nhtsa/complaints/bmw/335i-xdrive_2014.json.gz,ok,
complaints,bmw,bmw/3-series,335I,2014,https://api.nhtsa.gov/complaints/complaintsByVehicle?make=BMW&model=335I&modelYear=2014,200,21106,ac5de528ae379d4b3bd4dbced40a70311ff5c6f0a7ad4251b9ac611afec5ba97,2026-10-02T09:21:44+00:00,nhtsa/complaints/bmw/335i_2014.json.gz,ok,
complaints,bmw,bmw/3-series,320I,2014,https://api.nhtsa.gov/complaints/complaintsByVehicle?make=BMW&model=320I&modelYear=2014,200,50133,83f0929201cb508c8ede91ed9be578aaa3813a1b7661fc0851f534409f2eb703,2026-10-02T09:21:47+00:00,nhtsa/complaints/bmw/320i_2014.json.gz,ok,
complaints,bmw,bmw/3-series,320I XDRIVE,2014,https://api.nhtsa.gov/complaints/complaintsByVehicle?make=BMW&model=320I+XDRIVE&modelYear=2014,200,50133,83f0929201cb508c8ede91ed9be578aaa3813a1b7661fc0851f534409f2eb703,2026-10-02T09:21:49+00:00,nhtsa/complaints/bmw/320i-xdrive_2014.json.gz,ok,
complaints,bmw,bmw/3-series,328D,2014,https://api.nhtsa.gov/complaints/complaintsByVehicle?make=BMW&model=328D&modelYear=2014,200,170410,cf0759faf6394c5ab27f9f2b3557c2f94a37e920f1e5500fb21ed27c3ce7627f,2026-10-02T09:21:51+00:00,nhtsa/complaints/bmw/328d_2014.json.gz,ok,
complaints,bmw,bmw/3-series,328D XDRIVE,2014,https://api.nhtsa.gov/complaints/complaintsByVehicle?make=BMW&model=328D+XDRIVE&modelYear=2014,200,170410,cf0759faf6394c5ab27f9f2b3557c2f94a37e920f1e5500fb21ed27c3ce7627f,2026-10-02T09:21:53+00:00,nhtsa/complaints/bmw/328d-xdrive_2014.json.gz,ok,
complaints,bmw,bmw/3-series,328I XDRIVE,2014,https://api.nhtsa.gov/complaints/complaintsByVehicle?make=BMW&model=328I+XDRIVE&modelYear=2014,200,158613,e0d7af1cb1500e59aa4ab44944b384569b1a3675a55d30637b43786b57a9c029,2026-10-02T09:21:54+00:00,nhtsa/complaints/bmw/328i-xdrive_2014.json.gz,ok,
complaints,bmw,bmw/3-series,328I XDRIVE GT,2014,https://api.nhtsa.gov/complaints/complaintsByVehicle?make=BMW&model=328I+XDRIVE+GT&modelYear=2014,200,158613,e0d7af1cb1500e59aa4ab44944b384569b1a3675a55d30637b43786b57a9c029,2026-10-02T09:21:56+00:00,nhtsa/complaints/bmw/328i-xdrive-gt_2014.json.gz,ok,
complaints,bmw,bmw/3-series,335I XDRIVE GT,2014,https://api.nhtsa.gov/complaints/complaintsByVehicle?make=BMW&model=335I+XDRIVE+GT&modelYear=2014,200,21106,ac5de528ae379d4b3bd4dbced40a70311ff5c6f0a7ad4251b9ac611afec5ba97,2026-10-02T09:21:59+00:00,nhtsa/complaints/bmw/335i-xdrive-gt_2014.json.gz,ok,
complaints,bmw,bmw/m5,M5,2014,https://api.nhtsa.gov/complaints/complaintsByVehicle?make=BMW&model=M5&modelYear=2014,200,4121,da497c1241df3ce90200c2ecfb924c3d6c750a7542a9516421aa910791dd5e1c,2026-10-02T09:22:01+00:00,nhtsa/complaints/bmw/m5_2014.json.gz,ok,
complaints,bmw,bmw/7-series,740I,2014,https://api.nhtsa.gov/complaints/complaintsByVehicle?make=BMW&model=740I&modelYear=2014,200,1174,ca3af146ad33a70a6509569063a0c08eda7973b82fc6285bca1fde78ed820c02,2026-10-02T09:22:03+00:00,nhtsa/complaints/bmw/740i_2014.json.gz,ok,
complaints,bmw,bmw/7-series,740LI,2014,https://api.nhtsa.gov/complaints/complaintsByVehicle?make=BMW&model=740LI&modelYear=2014,200,3284,56adfcb8a2560441f3eedbb3361dcddc2d811640b1984734087aa22c412ebd0d,2026-10-02T09:22:05+00:00,nhtsa/complaints/bmw/740li_2014.json.gz,ok,
complaints,bmw,bmw/7-series,740LI XDRIVE,2014,https://api.nhtsa.gov/complaints/complaintsByVehicle?make=BMW&model=740LI+XDRIVE&modelYear=2014,200,3284,56adfcb8a2560441f3eedbb3361dcddc2d811640b1984734087aa22c412ebd0d,2026-10-02T09:22:07+00:00,nhtsa/complaints/bmw/740li-xdrive_2014.json.gz,ok,
complaints,bmw,bmw/7-series,750I,2014,https://api.nhtsa.gov/complaints/complaintsByVehicle?make=BMW&model=750I&modelYear=2014,200,4254,dedb07d13217159c93df82f89e20589e2ae9180faa9df2ee8b258608835f436f,2026-10-02T09:22:08+00:00,nhtsa/complaints/bmw/750i_2014.json.gz,ok,
complaints,bmw,bmw/7-series,750I XDRIVE,2014,https://api.nhtsa.gov/complaints/complaintsByVehicle?make=BMW&model=750I+XDRIVE&modelYear=2014,200,4254,dedb07d13217159c93df82f89e20589e2ae9180faa9df2ee8b258608835f436f,2026-10-02T09:22:11+00:00,nhtsa/complaints/bmw/750i-xdrive_2014.json.gz,ok,
complaints,bmw,bmw/7-series,750LI,2014,https://api.nhtsa.gov/complaints/complaintsByVehicle?make=BMW&model=750LI&modelYear=2014,200,6233,3dc3b5528876608cfb2d788d2127d7a056c2dbb7007d2e5a5e38ddbefb21836e,2026-10-02T09:22:13+00:00,nhtsa/complaints/bmw/750li_2014.json.gz,ok,
complaints,bmw,bmw/7-series,750LI XDRIVE,2014,https://api.nhtsa.gov/complaints/complaintsByVehicle?make=BMW&model=750LI+XDRIVE&modelYear=2014,200,6233,3dc3b5528876608cfb2d788d2127d7a056c2dbb7007d2e5a5e38ddbefb21836e,2026-10-02T09:22:14+00:00,nhtsa/complaints/bmw/750li-xdrive_2014.json.gz,ok,
complaints,bmw,bmw/x5,X5 XDRIVE35I,2014,https://api.nhtsa.gov/complaints/complaintsByVehicle?make=BMW&model=X5+XDRIVE35I&modelYear=2014,200,98889,8207b680d67181a440a7ca8122506d1ba9ab833eecabba3c15888911aaf3ee17,2026-10-02T09:22:16+00:00,nhtsa/complaints/bmw/x5-xdrive35i_2014.json.gz,ok,
complaints,bmw,bmw/x5,X5 SDRIVE35I,2014,https://api.nhtsa.gov/complaints/complaintsByVehicle?make=BMW&model=X5+SDRIVE35I&modelYear=2014,200,98889,8207b680d67181a440a7ca8122506d1ba9ab833eecabba3c15888911aaf3ee17,2026-10-02T09:22:18+00:00,nhtsa/complaints/bmw/x5-sdrive35i_2014.json.gz,ok,
complaints,bmw,bmw/x5,X5 XDRIVE35D,2014,https://api.nhtsa.gov/complaints/complaintsByVehicle?make=BMW&model=X5+XDRIVE35D&modelYear=2014,200,98889,8207b680d67181a440a7ca8122506d1ba9ab833eecabba3c15888911aaf3ee17,2026-10-02T09:22:21+00:00,nhtsa/complaints/bmw/x5-xdrive35d_2014.json.gz,ok,
complaints,bmw,bmw/x5,X5 XDRIVE50I,2014,https://api.nhtsa.gov/complaints/complaintsByVehicle?make=BMW&model=X5+XDRIVE50I&modelYear=2014,200,98889,8207b680d67181a440a7ca8122506d1ba9ab833eecabba3c15888911aaf3ee17,2026-10-02T09:22:23+00:00,nhtsa/complaints/bmw/x5-xdrive50i_2014.json.gz,ok,
complaints,bmw,bmw/x6,X6 XDRIVE35I,2014,https://api.nhtsa.gov/complaints/complaintsByVehicle?make=BMW&model=X6+XDRIVE35I&modelYear=2014,200,9467,e51162ace3aeb195a0de180c79d15a06688805237b153d33e3ae3084d0527584,2026-10-02T09:22:24+00:00,nhtsa/complaints/bmw/x6-xdrive35i_2014.json.gz,ok,
complaints,bmw,bmw/x6,X6 XDRIVE50I,2014,https://api.nhtsa.gov/complaints/complaintsByVehicle?make=BMW&model=X6+XDRIVE50I&modelYear=2014,200,9467,e51162ace3aeb195a0de180c79d15a06688805237b153d33e3ae3084d0527584,2026-10-02T09:22:26+00:00,nhtsa/complaints/bmw/x6-xdrive50i_2014.json.gz,ok,
complaints,bmw,bmw/x6-m,X6 M,2014,https://api.nhtsa.gov/complaints/complaintsByVehicle?make=BMW&model=X6+M&modelYear=2014,200,9467,e51162ace3aeb195a0de180c79d15a06688805237b153d33e3ae3084d0527584,2026-10-02T09:22:29+00:00,nhtsa/complaints/bmw/x6-m_2014.json.gz,ok,
complaints,bmw,bmw/3-series,328I,2014,https://api.nhtsa.gov/complaints/complaintsByVehicle?make=BMW&model=328I&modelYear=2014,200,158613,e0d7af1cb1500e59aa4ab44944b384569b1a3675a55d30637b43786b57a9c029,2026-10-02T09:22:31+00:00,nhtsa/complaints/bmw/328i_2014.json.gz,ok,
complaints,bmw,bmw/3-series,328XI,2014,https://api.nhtsa.gov/complaints/complaintsByVehicle?make=BMW&model=328XI&modelYear=2014,200,15281,95151b7e6665863abe94fb136482009359d8fa3701a5f39af49e82e32f75fee1,2026-10-02T09:22:32+00:00,nhtsa/complaints/bmw/328xi_2014.json.gz,ok,
complaints,bmw,bmw/3-series,335XI,2014,https://api.nhtsa.gov/complaints/complaintsByVehicle?make=BMW&model=335XI&modelYear=2014,200,8307,f34c63c4e9601d80b86bbc638b80cacf9d33acad2925e0b605d029ab64013280,2026-10-02T09:22:34+00:00,nhtsa/complaints/bmw/335xi_2014.json.gz,ok,
complaints,bmw,bmw/3-series,320XI,2014,https://api.nhtsa.gov/complaints/complaintsByVehicle?make=BMW&model=320XI&modelYear=2014,200,3821,1d3aed3b354fa67713f0eb369e3aeab9035c3a5926ee9c251e4324f16c037478,2026-10-02T09:22:35+00:00,nhtsa/complaints/bmw/320xi_2014.json.gz,ok,
complaints,bmw,bmw/5-series,535D,2014,https://api.nhtsa.gov/complaints/complaintsByVehicle?make=BMW&model=535D&modelYear=2014,200,60999,9550e75aec48854bc540fa034704cbd29404397bf7d2b839a696280be0dae871,2026-10-02T09:22:38+00:00,nhtsa/complaints/bmw/535d_2014.json.gz,ok,
complaints,bmw,bmw/3-series,328XD,2014,https://api.nhtsa.gov/complaints/complaintsByVehicle?make=BMW&model=328XD&modelYear=2014,200,4381,a827e5d6c324227ea8d9efbe71446fcd0985f4284ebb7bfe79101318a6725bbe,2026-10-02T09:22:39+00:00,nhtsa/complaints/bmw/328xd_2014.json.gz,ok,
complaints,bmw,bmw/5-series,528XI,2014,https://api.nhtsa.gov/complaints/complaintsByVehicle?make=BMW&model=528XI&modelYear=2014,200,909,2a7bfdce829a495f6f526aa09755da9a64e8a6eb6989a2bb9e36b1745978886a,2026-10-02T09:22:41+00:00,nhtsa/complaints/bmw/528xi_2014.json.gz,ok,
recalls,bmw,bmw/x5,X5 SDRIVE35I,2015,https://api.nhtsa.gov/recalls/recallsByVehicle?make=BMW&model=X5+SDRIVE35I&modelYear=2015,400,66,74147c27e8c00a68fa4708025f0aa95a3dbb3bea68b4d5417efb2bef19d1e786,2026-10-02T09:22:43+00:00,nhtsa/recalls/bmw/x5-sdrive35i_2015.json.gz,ok,empty result (HTTP 400 for zero matches)
recalls,bmw,bmw/x5,X5 XDRIVE35D,2015,https://api.nhtsa.gov/recalls/recallsByVehicle?make=BMW&model=X5+XDRIVE35D&modelYear=2015,400,66,74147c27e8c00a68fa4708025f0aa95a3dbb3bea68b4d5417efb2bef19d1e786,2026-10-02T09:22:45+00:00,nhtsa/recalls/bmw/x5-xdrive35d_2015.json.gz,ok,empty result (HTTP 400 for zero matches)
recalls,bmw,bmw/x5,X5 XDRIVE35I,2015,https://api.nhtsa.gov/recalls/recallsByVehicle?make=BMW&model=X5+XDRIVE35I&modelYear=2015,400,66,74147c27e8c00a68fa4708025f0aa95a3dbb3bea68b4d5417efb2bef19d1e786,2026-10-02T09:22:47+00:00,nhtsa/recalls/bmw/x5-xdrive35i_2015.json.gz,ok,empty result (HTTP 400 for zero matches)
recalls,bmw,bmw/x5,X5 XDRIVE50I,2015,https://api.nhtsa.gov/recalls/recallsByVehicle?make=BMW&model=X5+XDRIVE50I&modelYear=2015,400,66,74147c27e8c00a68fa4708025f0aa95a3dbb3bea68b4d5417efb2bef19d1e786,2026-10-02T09:22:49+00:00,nhtsa/recalls/bmw/x5-xdrive50i_2015.json.gz,ok,empty result (HTTP 400 for zero matches)
recalls,bmw,bmw/3-series,328D XDRIVE,2015,https://api.nhtsa.gov/recalls/recallsByVehicle?make=BMW&model=328D+XDRIVE&modelYear=2015,400,66,74147c27e8c00a68fa4708025f0aa95a3dbb3bea68b4d5417efb2bef19d1e786,2026-10-02T09:22:50+00:00,nhtsa/recalls/bmw/328d-xdrive_2015.json.gz,ok,empty result (HTTP 400 for zero matches)
recalls,bmw,bmw/5-series,535D,2015,https://api.nhtsa.gov/recalls/recallsByVehicle?make=BMW&model=535D&modelYear=2015,200,4049,6ac9d7c1d9459b84b21cd9df079301c155a4393381ccc0314058cf3bf26fd709,2026-10-02T09:22:51+00:00,nhtsa/recalls/bmw/535d_2015.json.gz,ok,
recalls,bmw,bmw/5-series,535D XDRIVE,2015,https://api.nhtsa.gov/recalls/recallsByVehicle?make=BMW&model=535D+XDRIVE&modelYear=2015,400,66,74147c27e8c00a68fa4708025f0aa95a3dbb3bea68b4d5417efb2bef19d1e786,2026-10-02T09:22:53+00:00,nhtsa/recalls/bmw/535d-xdrive_2015.json.gz,ok,empty result (HTTP 400 for zero matches)
recalls,bmw,bmw/7-series,740LD XDRIVE,2015,https://api.nhtsa.gov/recalls/recallsByVehicle?make=BMW&model=740LD+XDRIVE&modelYear=2015,400,66,74147c27e8c00a68fa4708025f0aa95a3dbb3bea68b4d5417efb2bef19d1e786,2026-10-02T09:22:55+00:00,nhtsa/recalls/bmw/740ld-xdrive_2015.json.gz,ok,empty result (HTTP 400 for zero matches)
recalls,bmw,bmw/7-series,740LI,2015,https://api.nhtsa.gov/recalls/recallsByVehicle?make=BMW&model=740LI&modelYear=2015,200,1323,0a13a032a13109a28cf8c3467a0454f38afb45062c942cf76a89e0045407ed87,2026-10-02T09:22:57+00:00,nhtsa/recalls/bmw/740li_2015.json.gz,ok,
