kind,make,line,url,http_status,bytes,sha256,retrieved_at,path,status,note
brand,mercedes-benz,,https://www.auto-data.net/en/mercedes-benz-brand-138,200,60964,c689cb824158e2b85644adb8f1fbaad087fd26a9d088d02447ad717560e8518c,2026-10-02T17:15:46+00:00,autodata/brand.html.gz,ok,
model,mercedes-benz,mercedes-benz/c-class,https://www.auto-data.net/en/mercedes-benz-c-class-model-1368,200,60769,788564e2b5cf97248163cb421f02a7f29778b61a4ae7c4deb968035db01143d5,2026-10-02T17:15:50+00:00,autodata/model-c-class.html.gz,ok,
generation,mercedes-benz,mercedes-benz/c-class,https://www.auto-data.net/en/mercedes-benz-c-class-w206-facelift-2026-generation-11421,200,47459,0b2bccae3fd0a99bbea464635721b45451b4969021f5f2dd1960f60edf9b1074,2026-10-02T17:15:53+00:00,autodata/gen-11421.html.gz,ok,
modification,mercedes-benz,mercedes-benz/c-class,https://www.auto-data.net/en/mercedes-benz-c-class-w206-facelift-2026-c-300-258hp-eq-boost-9g-tronic-57663,200,59845,b73071ce1168a7f3e8f690f41f7eea252fba21b2525639ea95428d0063f063ba,2026-10-02T17:15:58+00:00,autodata/mod-57663.html.gz,ok,
modification,mercedes-benz,mercedes-benz/c-class,https://www.auto-data.net/en/mercedes-benz-c-class-w206-facelift-2026-c-250-218hp-eq-boost-9g-tronic-57662,200,59836,1ffe4b77d605e55a8ae23c45f00a1e10738c8f0bd6959c0c25d55b922560d819,2026-10-02T17:16:02+00:00,autodata/mod-57662.html.gz,ok,
modification,mercedes-benz,mercedes-benz/c-class,https://www.auto-data.net/en/mercedes-benz-c-class-w206-facelift-2026-c-250-218hp-eq-boost-4matic-9g-tronic-57659,200,60416,4b1ec85675d90c6e06466053d4515c7fb81b29bc59c2a29bee0b4a645d83dc60,2026-10-02T17:16:04+00:00,autodata/mod-57659.html.gz,ok,
generation,mercedes-benz,mercedes-benz/c-class,https://www.auto-data.net/en/mercedes-benz-c-class-w520-generation-11175,200,46831,2654f4e248303b43c92a03f96a1fad834aeda2c6b0e1ccc551afc70cae77a6e2,2026-10-02T17:16:09+00:00,autodata/gen-11175.html.gz,ok,
modification,mercedes-benz,mercedes-benz/c-class,https://www.auto-data.net/en/mercedes-benz-c-class-w520-c-400-94.5-kwh-490hp-4matic-electric-56857,200,58490,658c8ca86a9d76cb4cf42d39cff121a9aac2167d5b615524353741a31f196309,2026-10-02T17:16:14+00:00,autodata/mod-56857.html.gz,ok,
modification,mercedes-benz,mercedes-benz/c-class,https://www.auto-data.net/en/mercedes-benz-c-class-w520-c-300-85-kwh-421hp-4matic-electric-57855,200,59048,e8087c64e23006e684cfdbee86db180159b54b4d01fbed0bd35eb8e44a5f231a,2026-10-02T17:16:16+00:00,autodata/mod-57855.html.gz,ok,
generation,mercedes-benz,mercedes-benz/c-class,https://www.auto-data.net/en/mercedes-benz-c-class-w206-generation-8159,200,81687,5fa2ca05aded296f7573d73d7bb5c8c1524683124d172063ea48413f7742d4a8,2026-10-02T17:16:20+00:00,autodata/gen-8159.html.gz,ok,
modification,mercedes-benz,mercedes-benz/c-class,https://www.auto-data.net/en/mercedes-benz-c-class-w206-amg-c-63-s-e-performance-680hp-plug-in-hybrid-4matic-amg-speedshift-mct-9g-46524,200,68521,f59d10f843855202247efd3008ecc773a682ac71a228c60c43b76334e12bf160,2026-10-02T17:16:23+00:00,autodata/mod-46524.html.gz,ok,
modification,mercedes-benz,mercedes-benz/c-class,https://www.auto-data.net/en/mercedes-benz-c-class-w206-amg-c-43-421hp-eq-boost-4matic-amg-speedshift-mct-9g-52979,200,92035,b09d96d70e4354c0fe590ea640b81722de4b202d3d758291f293b4bbe062e3da,2026-10-02T17:16:28+00:00,autodata/mod-52979.html.gz,ok,
modification,mercedes-benz,mercedes-benz/c-class,https://www.auto-data.net/en/mercedes-benz-c-class-w206-amg-c-43-408hp-eq-boost-4matic-amg-speedshift-mct-9g-45710,200,62670,5d54c80d7d3169636db6db23ce14cbbfb1674eee8f8db227f36451a031f98078,2026-10-02T17:16:31+00:00,autodata/mod-45710.html.gz,ok,
modification,mercedes-benz,mercedes-benz/c-class,https://www.auto-data.net/en/mercedes-benz-c-class-w206-c-300-258hp-eq-boost-9g-tronic-42346,200,90562,bdb57cf0ac83a6675358d32ccb0f27cf8ba3b9cc243115a8730b4880bd25713c,2026-10-02T17:16:34+00:00,autodata/mod-42346.html.gz,ok,
modification,mercedes-benz,mercedes-benz/c-class,https://www.auto-data.net/en/mercedes-benz-c-class-w206-c-300-258hp-eq-boost-4matic-9g-tronic-42347,200,91139,40b3b3b6730b6060c81d8563f3e50ce55e2e118f546fab80b55e937c43b799b6,2026-10-02T17:16:37+00:00,autodata/mod-42347.html.gz,ok,
generation,mercedes-benz,mercedes-benz/c-class,https://www.auto-data.net/en/mercedes-benz-c-class-cabriolet-a205-facelift-2018-generation-6210,200,53339,371b1054e2bd7cce348929d7f43a6896e5f4c337d9e389300eef94f7984706c2,2026-10-02T17:16:42+00:00,autodata/gen-6210.html.gz,ok,
modification,mercedes-benz,mercedes-benz/c-class,https://www.auto-data.net/en/mercedes-benz-c-class-cabriolet-a205-facelift-2018-amg-c-63-s-v8-510hp-mct-34181,200,61632,883cd8df38d09fc2f70a8b57fc9453649f6585745ef320505382efe62255bf91,2026-10-02T17:16:44+00:00,autodata/mod-34181.html.gz,ok,
modification,mercedes-benz,mercedes-benz/c-class,https://www.auto-data.net/en/mercedes-benz-c-class-cabriolet-a205-facelift-2018-amg-c-63-v8-476hp-mct-34180,200,61456,d3f93a673f0b763b5ec513e03cb20622f7b09648138ae8b4bc3384b5d54c2778,2026-10-02T17:16:47+00:00,autodata/mod-34180.html.gz,ok,
modification,mercedes-benz,mercedes-benz/c-class,https://www.auto-data.net/en/mercedes-benz-c-class-cabriolet-a205-facelift-2018-amg-c-43-v6-390hp-4matic-tct-33064,200,63160,a8f1a5ee919e3e573cbc3c4f0d86f26ed7e57f971fe03b509239364b89ad0161,2026-10-02T17:17:10+00:00,autodata/mod-33064.html.gz,ok,
modification,mercedes-benz,mercedes-benz/c-class,https://www.auto-data.net/en/mercedes-benz-c-class-cabriolet-a205-facelift-2018-c-400-v6-333hp-4matic-9g-tronic-33198,200,61563,2d906219416924de8f46324a1b2bd70990c563388f7603d67499be12157484c0,2026-10-02T17:17:12+00:00,autodata/mod-33198.html.gz,ok,
modification,mercedes-benz,mercedes-benz/c-class,https://www.auto-data.net/en/mercedes-benz-c-class-cabriolet-a205-facelift-2018-c-300-258hp-eq-boost-9g-tronic-33197,200,62144,4d2747bb57befb64e366de6e6cc9aac1643564f2a294ae1549d30bf94f90e834,2026-10-02T17:17:16+00:00,autodata/mod-33197.html.gz,ok,
modification,mercedes-benz,mercedes-benz/c-class,https://www.auto-data.net/en/mercedes-benz-c-class-cabriolet-a205-facelift-2018-c-300-258hp-eq-boost-4matic-9g-tronic-52495,200,65405,3dc72b422d02dd78accc51c8e5f61d5a6b16eebef6b4392ef4ee9053ad3c51e4,2026-10-02T17:17:19+00:00,autodata/mod-52495.html.gz,ok,
generation,mercedes-benz,mercedes-benz/c-class,https://www.auto-data.net/en/mercedes-benz-c-class-coupe-c205-facelift-2018-generation-6209,200,50846,84878ed557adbf7a59957b5cbee314142ad8460708be3a4ae4383ed43e68f5ed,2026-10-02T17:17:24+00:00,autodata/gen-6209.html.gz,ok,
modification,mercedes-benz,mercedes-benz/c-class,https://www.auto-data.net/en/mercedes-benz-c-class-coupe-c205-facelift-2018-amg-c-63-s-v8-510hp-mct-34179,200,58368,34105e9944ce18308b4668ecbf636351119534ea0b34e47dd60bbc0c09318f74,2026-10-02T17:17:28+00:00,autodata/mod-34179.html.gz,ok,
modification,mercedes-benz,mercedes-benz/c-class,https://www.auto-data.net/en/mercedes-benz-c-class-coupe-c205-facelift-2018-amg-c-63-v8-476hp-mct-34178,200,58175,e27439bc97e572792374fe40e165c216659a560118fcc352eed908dfbbe00bd3,2026-10-02T17:17:32+00:00,autodata/mod-34178.html.gz,ok,
modification,mercedes-benz,mercedes-benz/c-class,https://www.auto-data.net/en/mercedes-benz-c-class-coupe-c205-facelift-2018-amg-c-43-v6-390hp-4matic-tct-33052,200,59722,d60c3590e47f2605c1eec2d3c069d6bbb5e30f4afdc7397febb93789bcbc2f56,2026-10-02T17:17:34+00:00,autodata/mod-33052.html.gz,ok,
modification,mercedes-benz,mercedes-benz/c-class,https://www.auto-data.net/en/mercedes-benz-c-class-coupe-c205-facelift-2018-c-400-v6-333hp-4matic-9g-tronic-33196,200,58427,598ca504d35c366adc2addea5e79e9692e9da4882fab7f836936dfd52bf75d49,2026-10-02T17:17:39+00:00,autodata/mod-33196.html.gz,ok,
modification,mercedes-benz,mercedes-benz/c-class,https://www.auto-data.net/en/mercedes-benz-c-class-coupe-c205-facelift-2018-c-300-258hp-eq-boost-9g-tronic-33195,200,59051,e4bb580b000f74996ae4e59dce9921d28fbdbc424441e95889ea2cba725c6fc8,2026-10-02T17:17:41+00:00,autodata/mod-33195.html.gz,ok,
modification,mercedes-benz,mercedes-benz/c-class,https://www.auto-data.net/en/mercedes-benz-c-class-coupe-c205-facelift-2018-c-300-258hp-eq-boost-4matic-9g-tronic-44020,200,61410,380dec02b6555f5d6590a957fd84bd46459354f1955924ca6d7e381edeb45b08,2026-10-02T17:17:45+00:00,autodata/mod-44020.html.gz,ok,
modification,mercedes-benz,mercedes-benz/c-class,https://www.auto-data.net/en/mercedes-benz-c-class-coupe-c205-facelift-2018-c-300-258hp-eq-boost-4matic-9g-tronic-44019,200,61395,272a502b9fe2624fa8249479737ec0908abdbb567ae2eef95e98d029fa4e7cc7,2026-10-02T17:17:48+00:00,autodata/mod-44019.html.gz,ok,
generation,mercedes-benz,mercedes-benz/c-class,https://www.auto-data.net/en/mercedes-benz-c-class-w205-facelift-2018-generation-6152,200,58205,f411ebd2f7c06b8a9d3366688d1ecfa98dde0dd529510cb33cd358e83f9c7309,2026-10-02T17:17:52+00:00,autodata/gen-6152.html.gz,ok,
modification,mercedes-benz,mercedes-benz/c-class,https://www.auto-data.net/en/mercedes-benz-c-class-w205-facelift-2018-amg-c-63-s-v8-510hp-mct-38182,200,63104,c11fba25c559bddc113368748b762c6a176d8c68f17d535eddb189fb5d862509,2026-10-02T17:17:55+00:00,autodata/mod-38182.html.gz,ok,
modification,mercedes-benz,mercedes-benz/c-class,https://www.auto-data.net/en/mercedes-benz-c-class-w205-facelift-2018-amg-c-63-v8-476hp-mct-38181,200,62944,3ecdfcb0678276d28a76a376e42abe79773d609e4cad72d9ed2e0608b7447627,2026-10-02T17:17:59+00:00,autodata/mod-38181.html.gz,ok,
modification,mercedes-benz,mercedes-benz/c-class,https://www.auto-data.net/en/mercedes-benz-c-class-w205-facelift-2018-amg-c-43-v6-390hp-4matic-tct-33053,200,64475,7aedea319db39067c9e85519ba47b309f710e91d033a152a98316aca6b191417,2026-10-02T17:18:02+00:00,autodata/mod-33053.html.gz,ok,
modification,mercedes-benz,mercedes-benz/c-class,https://www.auto-data.net/en/mercedes-benz-c-class-w205-facelift-2018-c-400-v6-333hp-4matic-9g-tronic-33292,200,63080,aa5e323b026478223d96b7bf31ed3801ec810f3297bf1881bdc25101812f39bd,2026-10-02T17:18:07+00:00,autodata/mod-33292.html.gz,ok,
modification,mercedes-benz,mercedes-benz/c-class,https://www.auto-data.net/en/mercedes-benz-c-class-w205-facelift-2018-c-300-258hp-eq-boost-9g-tronic-33291,200,63664,0139be99fcdbfee62a6c5b267d510300fae2239f2cae36e77a7b11056a884ef2,2026-10-02T17:18:10+00:00,autodata/mod-33291.html.gz,ok,
modification,mercedes-benz,mercedes-benz/c-class,https://www.auto-data.net/en/mercedes-benz-c-class-w205-facelift-2018-c-300-258hp-eq-boost-4matic-9g-tronic-38183,200,64015,23d03898a04283fe6fa86d53f1678b09dd42f0f4eb3b0765f6ecdba9b7897d88,2026-10-02T17:18:14+00:00,autodata/mod-38183.html.gz,ok,
generation,mercedes-benz,mercedes-benz/c-class,https://www.auto-data.net/en/mercedes-benz-c-class-cabriolet-a205-generation-4748,200,55416,25ebe45a1cdffb16db1b34d9583403870a7f0a378fde14a2b19a814f6a46cc20,2026-10-02T17:18:18+00:00,autodata/gen-4748.html.gz,ok,
modification,mercedes-benz,mercedes-benz/c-class,https://www.auto-data.net/en/mercedes-benz-c-class-cabriolet-a205-amg-c-63-s-v8-510hp-speedshift-mct-24380,200,63178,4849a6dd7c6b90574a252a20356dc1162c441a65ce92910dc04ca11125766c73,2026-10-02T17:18:22+00:00,autodata/mod-24380.html.gz,ok,
modification,mercedes-benz,mercedes-benz/c-class,https://www.auto-data.net/en/mercedes-benz-c-class-cabriolet-a205-amg-c-63-v8-476hp-speedshift-mct-24370,200,63000,ec8cd60ac659224fc39414f4db35442fb2d707568f64a2fed98cb092c359afc4,2026-10-02T17:18:26+00:00,autodata/mod-24370.html.gz,ok,
modification,mercedes-benz,mercedes-benz/c-class,https://www.auto-data.net/en/mercedes-benz-c-class-cabriolet-a205-amg-c-43-v6-367hp-4matic-9g-tronic-24360,200,62806,0c2ddbda99dd8d2830224c77ef7385a08b8248c195ae3a4b47e3c3926c030b25,2026-10-02T17:18:29+00:00,autodata/mod-24360.html.gz,ok,
modification,mercedes-benz,mercedes-benz/c-class,https://www.auto-data.net/en/mercedes-benz-c-class-cabriolet-a205-c-400-333hp-4matic-9g-tronic-24352,200,62913,9d47d6485217f0b363cd9a176cb4e4184748213f4b05bd611b5bb3732203966d,2026-10-02T17:18:32+00:00,autodata/mod-24352.html.gz,ok,
modification,mercedes-benz,mercedes-benz/c-class,https://www.auto-data.net/en/mercedes-benz-c-class-cabriolet-a205-c-300-245hp-9g-tronic-24338,200,62559,c098c519bb684e7b6739d7ec113dd016906e983872802f0166dfb092e6d036e0,2026-10-02T17:18:36+00:00,autodata/mod-24338.html.gz,ok,
modification,mercedes-benz,mercedes-benz/c-class,https://www.auto-data.net/en/mercedes-benz-c-class-cabriolet-a205-c-250-211hp-9g-tronic-24315,200,62405,89ecd17081991d0de0304a725784c1ab0099d8613f18c4003f12f647b32f20cb,2026-10-02T17:18:39+00:00,autodata/mod-24315.html.gz,ok,
generation,mercedes-benz,mercedes-benz/c-class,https://www.auto-data.net/en/mercedes-benz-c-class-coupe-c205-generation-4649,200,67655,1240a306f6bd20a9d9767a9ad8be6884f7963b31dc20a9f3e7e931ac5e1af080,2026-10-02T17:18:44+00:00,autodata/gen-4649.html.gz,ok,
modification,mercedes-benz,mercedes-benz/c-class,https://www.auto-data.net/en/mercedes-benz-c-class-coupe-c205-amg-c-63-s-v8-510hp-speedshift-mct-22518,200,72194,fcbd10006369c8d68a52057336ae9adc75fef1e5599691fe75263d0ea9516932,2026-10-02T17:18:47+00:00,autodata/mod-22518.html.gz,ok,
modification,mercedes-benz,mercedes-benz/c-class,https://www.auto-data.net/en/mercedes-benz-c-class-coupe-c205-amg-c-63-v8-476hp-speedshift-mct-22513,200,72016,b11cc2d5c890d7fa0dd504f188dcddd28e406ee93220b2500da45874702d252b,2026-10-02T17:18:50+00:00,autodata/mod-22513.html.gz,ok,
modification,mercedes-benz,mercedes-benz/c-class,https://www.auto-data.net/en/mercedes-benz-c-class-coupe-c205-amg-c-43-v6-367hp-4matic-9g-tronic-24257,200,72276,89945c9ab9bb0956ae30ba674fe1fce54bab8497cfaf8ffdd546558ee2039f48,2026-10-02T17:18:52+00:00,autodata/mod-24257.html.gz,ok,
modification,mercedes-benz,mercedes-benz/c-class,https://www.auto-data.net/en/mercedes-benz-c-class-coupe-c205-c-400-333hp-4matic-9g-tronic-24848,200,72658,974b8786532f82599e25a0653d0434f7367c9540a1ad36fcb96d53884548225d,2026-10-02T17:18:55+00:00,autodata/mod-24848.html.gz,ok,
modification,mercedes-benz,mercedes-benz/c-class,https://www.auto-data.net/en/mercedes-benz-c-class-coupe-c205-c-300-245hp-9g-tronic-37107,200,71897,dff2deff556dc117d6c8460c50ed9f402a0302d089a2ea35d889a315a608cd47,2026-10-02T17:19:00+00:00,autodata/mod-37107.html.gz,ok,
modification,mercedes-benz,mercedes-benz/c-class,https://www.auto-data.net/en/mercedes-benz-c-class-coupe-c205-c-300-245hp-7g-tronic-plus-22507,200,72539,83f547a1b987ff229e8436e380042901e0857a03710e8b86471f6e5c6ab9c61b,2026-10-02T17:19:04+00:00,autodata/mod-22507.html.gz,ok,
modification,mercedes-benz,mercedes-benz/c-class,https://www.auto-data.net/en/mercedes-benz-c-class-coupe-c205-c-300-241hp-4matic-9g-tronic-50795,200,71983,84611ce65e24cd815761ac632aba5ca3c8b0fdc7012a00b5f88d5bde1977ff15,2026-10-02T17:19:08+00:00,autodata/mod-50795.html.gz,ok,
modification,mercedes-benz,mercedes-benz/c-class,https://www.auto-data.net/en/mercedes-benz-c-class-coupe-c205-c-300-241hp-4matic-7g-tronic-plus-50794,200,72413,b6edfcc1594281cd5faa08b6c0fe577a9fb6aee7ebfe590dbb41f8603fad6876,2026-10-02T17:19:11+00:00,autodata/mod-50794.html.gz,ok,
modification,mercedes-benz,mercedes-benz/c-class,https://www.auto-data.net/en/mercedes-benz-c-class-coupe-c205-c-250-211hp-9g-tronic-37106,200,71817,e0d84d4a74e6674e4d0dbc49e88cfb4c2cfcde2e338075fa344fdde62327d520,2026-10-02T17:19:16+00:00,autodata/mod-37106.html.gz,ok,
modification,mercedes-benz,mercedes-benz/c-class,https://www.auto-data.net/en/mercedes-benz-c-class-coupe-c205-c-250-211hp-7g-tronic-plus-22516,200,72375,9a6802d19ad3db4b00ad0ba52e1ea33d6c998513b40576450389c50ca8864345,2026-10-02T17:19:21+00:00,autodata/mod-22516.html.gz,ok,
generation,mercedes-benz,mercedes-benz/c-class,https://www.auto-data.net/en/mercedes-benz-c-class-w205-generation-4111,200,86548,e321da4126e8e4ae1066f92fe97df1c3caa3cd8d5ed7eaa130dd37cc4aa64af0,2026-10-02T17:19:25+00:00,autodata/gen-4111.html.gz,ok,
modification,mercedes-benz,mercedes-benz/c-class,https://www.auto-data.net/en/mercedes-benz-c-class-w205-amg-c-63-s-v8-510hp-speedshift-mct-20884,200,84334,afad78667aa2a266aac923f0e9ca4d152056802503b9f9752166d21f00704ba3,2026-10-02T17:19:28+00:00,autodata/mod-20884.html.gz,ok,
modification,mercedes-benz,mercedes-benz/c-class,https://www.auto-data.net/en/mercedes-benz-c-class-w205-amg-c-63-v8-476hp-speedshift-mct-20818,200,84020,fafe28afe965283ca8e3516f2ae116c3c92398a4dc234f85889dfcdb468bf093,2026-10-02T17:19:33+00:00,autodata/mod-20818.html.gz,ok,
modification,mercedes-benz,mercedes-benz/c-class,https://www.auto-data.net/en/mercedes-benz-c-class-w205-amg-c-43-v6-367hp-4matic-9g-tronic-25241,200,84675,fb070b3e155fe89e458725255713d6ce47cd32fd32c47d728a1463407f33e387,2026-10-02T17:19:36+00:00,autodata/mod-25241.html.gz,ok,
modification,mercedes-benz,mercedes-benz/c-class,https://www.auto-data.net/en/mercedes-benz-c-class-w205-c-400-v6-333hp-4matic-9g-tronic-37080,200,86653,2abcbf8336d9280f83ee532f2002bb0fb15446412e4b5219bcd452f5295d08f0,2026-10-02T17:19:40+00:00,autodata/mod-37080.html.gz,ok,
modification,mercedes-benz,mercedes-benz/c-class,https://www.auto-data.net/en/mercedes-benz-c-class-w205-c-400-v6-333hp-4matic-7g-tronic-plus-20880,200,87124,777396d356935d486a38d8b59d568a88cb4f1e8ef898d5ebe3452cc618d28498,2026-10-02T17:19:44+00:00,autodata/mod-20880.html.gz,ok,
modification,mercedes-benz,mercedes-benz/c-class,https://www.auto-data.net/en/mercedes-benz-c-class-w205-c-350e-279hp-plug-in-hybrid-7g-tronic-plus-32269,200,89608,f7f3238a3d7f75411624c64ccb65a38542ce53f3250555212118bb7ba1c3253e,2026-10-02T17:19:49+00:00,autodata/mod-32269.html.gz,ok,
modification,mercedes-benz,mercedes-benz/c-class,https://www.auto-data.net/en/mercedes-benz-c-class-w205-c-300-245hp-9g-tronic-37079,200,84389,bcfdc347f126274b38677bc315d638f6ef0dd130002f35d09304c8933cbe1680,2026-10-02T17:19:54+00:00,autodata/mod-37079.html.gz,ok,
modification,mercedes-benz,mercedes-benz/c-class,https://www.auto-data.net/en/mercedes-benz-c-class-w205-c-300-245hp-7g-tronic-plus-24846,200,84875,8c7dcc9e9b68503430d606107ba2bff493cd82f2d73efe14192d5d7974c6dcdc,2026-10-02T17:19:57+00:00,autodata/mod-24846.html.gz,ok,
modification,mercedes-benz,mercedes-benz/c-class,https://www.auto-data.net/en/mercedes-benz-c-class-w205-c-300-241hp-4matic-9g-tronic-50793,200,84076,9b6d12fba1f894eb6b0ec2d055a76b47a826b27e4bac5768d3c86663df583fb6,2026-10-02T17:20:01+00:00,autodata/mod-50793.html.gz,ok,
modification,mercedes-benz,mercedes-benz/c-class,https://www.auto-data.net/en/mercedes-benz-c-class-w205-c-300-241hp-4matic-7g-tronic-plus-50792,200,84491,ec71bb2daca8f338828b387333a9bd67b1dc6bda24a10a5ed3ac46fbc8764bbb,2026-10-02T17:20:06+00:00,autodata/mod-50792.html.gz,ok,
modification,mercedes-benz,mercedes-benz/c-class,https://www.auto-data.net/en/mercedes-benz-c-class-w205-c-250-211hp-9g-tronic-37065,200,84204,16cc18c15430b69f5855573047b78dd948f86addecf55973b5d23f588806cfb4,2026-10-02T17:20:11+00:00,autodata/mod-37065.html.gz,ok,
modification,mercedes-benz,mercedes-benz/c-class,https://www.auto-data.net/en/mercedes-benz-c-class-w205-c-250-211hp-7g-tronic-plus-20879,200,86156,c1ffdf9d74595c2b69339e80b5778af7edc1faac6a6858966aa8670c9bb2d0be,2026-10-02T17:20:16+00:00,autodata/mod-20879.html.gz,ok,
generation,mercedes-benz,mercedes-benz/c-class,https://www.auto-data.net/en/mercedes-benz-c-class-w204-facelift-2011-generation-4109,200,68495,27806743b219e3b1fd086c92c154033493728998ffdf09a6cb0e2ea8b2a99c67,2026-10-02T17:20:20+00:00,autodata/gen-4109.html.gz,ok,
modification,mercedes-benz,mercedes-benz/c-class,https://www.auto-data.net/en/mercedes-benz-c-class-w204-facelift-2011-amg-c-63-amg-edition-507-v8-507hp-amg-speedshift-mct-44285,200,73221,45c145305f5e9f4e8b86ae35f50f3ef053b96b5ba49c5148c5247d54cad5803d,2026-10-02T17:20:23+00:00,autodata/mod-44285.html.gz,ok,
modification,mercedes-benz,mercedes-benz/c-class,https://www.auto-data.net/en/mercedes-benz-c-class-w204-facelift-2011-amg-c-63-performance-package-v8-487hp-amg-speedshift-mct-47340,200,68151,4a6af67ae5bd6f6f9742f6cb4d8b008cac43bd72f614e5ccd6fd6caf627bfebf,2026-10-02T17:20:26+00:00,autodata/mod-47340.html.gz,ok,
modification,mercedes-benz,mercedes-benz/c-class,https://www.auto-data.net/en/mercedes-benz-c-class-w204-facelift-2011-amg-c-63-v8-457hp-amg-speedshift-mct-44809,200,66109,4b0b14c6dfb01eea2f4aded0712ec259b077c274c834a1304fbfd24517c72af9,2026-10-02T17:20:31+00:00,autodata/mod-44809.html.gz,ok,
modification,mercedes-benz,mercedes-benz/c-class,https://www.auto-data.net/en/mercedes-benz-c-class-w204-facelift-2011-c-350-blueefficiency-v6-306hp-7g-tronic-plus-17357,200,74787,db8791b0368d126f7d13251c26ce0d807e24d9ada8885368e563837227180add,2026-10-02T17:20:35+00:00,autodata/mod-17357.html.gz,ok,
modification,mercedes-benz,mercedes-benz/c-class,https://www.auto-data.net/en/mercedes-benz-c-class-w204-facelift-2011-c-350-blueefficiency-v6-306hp-4matic-7g-tronic-plus-17358,200,75418,61b957abe321ff0a1a19ab457c5bd0506ce92fa6cc7c9a438cd0bfeacb0a34a1,2026-10-02T17:20:40+00:00,autodata/mod-17358.html.gz,ok,
modification,mercedes-benz,mercedes-benz/c-class,https://www.auto-data.net/en/mercedes-benz-c-class-w204-facelift-2011-c-350-cdi-blueefficiency-v6-265hp-7g-tronic-plus-43183,200,75608,093e671b0b1b14a94095587a7dadfd30dee51c2d020a402fc8dedad0715e0b0a,2026-10-02T17:20:46+00:00,autodata/mod-43183.html.gz,ok,
modification,mercedes-benz,mercedes-benz/c-class,https://www.auto-data.net/en/mercedes-benz-c-class-w204-facelift-2011-c-300-v6-248hp-4matic-7g-tronic-plus-51982,200,72389,01fabb4c54de178701a5e8bc30f21f200ab5d1cf7418c51e58ddd9a92e5373ad,2026-10-02T17:20:48+00:00,autodata/mod-51982.html.gz,ok,
modification,mercedes-benz,mercedes-benz/c-class,https://www.auto-data.net/en/mercedes-benz-c-class-w204-facelift-2011-c-300-cdi-blueefficiency-v6-231hp-4matic-7g-tronic-plus-43182,200,76066,4d1339e61a542e807227c3b3ee1e8cd9e2e351528268b832ca593f662323e307,2026-10-02T17:20:52+00:00,autodata/mod-43182.html.gz,ok,
modification,mercedes-benz,mercedes-benz/c-class,https://www.auto-data.net/en/mercedes-benz-c-class-w204-facelift-2011-c-300-v6-228hp-4matic-7g-tronic-plus-51981,200,72752,cb9f47b2e18daa09a45f958a579faa47aa29c848daff2bbdfabe0c3a87575716,2026-10-02T17:20:56+00:00,autodata/mod-51981.html.gz,ok,
modification,mercedes-benz,mercedes-benz/c-class,https://www.auto-data.net/en/mercedes-benz-c-class-w204-facelift-2011-c-250-cdi-blueefficiency-204hp-7g-tronic-plus-23866,200,75037,cdf7b3e617fd72dccacd787ccbfb2c337095f51bf2a000d0df8a755e3f6fbaeb,2026-10-02T17:20:59+00:00,autodata/mod-23866.html.gz,ok,
modification,mercedes-benz,mercedes-benz/c-class,https://www.auto-data.net/en/mercedes-benz-c-class-w204-facelift-2011-c-250-cdi-blueefficiency-204hp-4matic-7g-tronic-plus-17353,200,60676,a4e6fa83ececa6cedc29e5df3a84822214848ea2cea1dd35a29d9d693c1f4862,2026-10-02T17:21:03+00:00,autodata/mod-17353.html.gz,ok,
modification,mercedes-benz,mercedes-benz/c-class,https://www.auto-data.net/en/mercedes-benz-c-class-w204-facelift-2011-c-250-cdi-blueefficiency-204hp-17352,200,73732,75ab97eacff355713cf2e5b8ef1f6de9c3a738c90aa780b80132daccad6e4303,2026-10-02T17:21:07+00:00,autodata/mod-17352.html.gz,ok,
modification,mercedes-benz,mercedes-benz/c-class,https://www.auto-data.net/en/mercedes-benz-c-class-w204-facelift-2011-c-250-blueefficiency-204hp-7g-tronic-plus-17356,200,74693,0149f0c0711a844220ede29ac42649e96710cb0a5058912b52e9cbf0d68c17a8,2026-10-02T17:21:12+00:00,autodata/mod-17356.html.gz,ok,
modification,mercedes-benz,mercedes-benz/c-class,https://www.auto-data.net/en/mercedes-benz-c-class-w204-facelift-2011-c-250-v6-201hp-4matic-7g-tronic-48368,200,72754,e0411d5fcb91c21c3973d83a9a08c7c59f4d6d88a75e86a2e9bd55f466c33a80,2026-10-02T17:21:16+00:00,autodata/mod-48368.html.gz,ok,
generation,mercedes-benz,mercedes-benz/c-class,https://www.auto-data.net/en/mercedes-benz-c-class-coupe-c204-facelift-2011-generation-4110,200,64418,f228bf323b313894f7edfa16a64323ee8a1548f4e3f92541f289aa51b8bea461,2026-10-02T17:21:19+00:00,autodata/gen-4110.html.gz,ok,
modification,mercedes-benz,mercedes-benz/c-class,https://www.auto-data.net/en/mercedes-benz-c-class-coupe-c204-facelift-2011-amg-c-63-black-series-v8-517hp-amg-speedshift-mct-43707,200,61328,27ec94cf3f96af366d5112c02f3676391d38bd22fa8225a995479af4d88c304c,2026-10-02T17:21:23+00:00,autodata/mod-43707.html.gz,ok,
modification,mercedes-benz,mercedes-benz/c-class,https://www.auto-data.net/en/mercedes-benz-c-class-coupe-c204-facelift-2011-amg-c-63-amg-edition-507-v8-507hp-amg-speedshift-mct-44283,200,57194,4ec9ba5fc10397ba3a871c7881e0a24f7ba1bfaa407bb31d31917e7951a0f92a,2026-10-02T17:21:27+00:00,autodata/mod-44283.html.gz,ok,
modification,mercedes-benz,mercedes-benz/c-class,https://www.auto-data.net/en/mercedes-benz-c-class-coupe-c204-facelift-2011-amg-c-63-performance-package-v8-487hp-amg-speedshift-mct-43684,200,58912,ff7f5e44da33cc9b064a47716bde0f16cbfa201f4110863414deb95892a5b153,2026-10-02T17:21:30+00:00,autodata/mod-43684.html.gz,ok,
modification,mercedes-benz,mercedes-benz/c-class,https://www.auto-data.net/en/mercedes-benz-c-class-coupe-c204-facelift-2011-amg-c-63-v8-457hp-amg-speedshift-mct-17348,200,60831,2e380e59f1e22d8d0667c0752a6054a40e516a9ff1bb1fe19ff5b47c334af764,2026-10-02T17:21:33+00:00,autodata/mod-17348.html.gz,ok,
modification,mercedes-benz,mercedes-benz/c-class,https://www.auto-data.net/en/mercedes-benz-c-class-coupe-c204-facelift-2011-c-350-blueefficiency-v6-306hp-7g-tronic-plus-17347,200,73220,595719fe96e867bb2d3f50413897ddb16fb4cae64f313b910b5b929aee16b064,2026-10-02T17:21:36+00:00,autodata/mod-17347.html.gz,ok,
modification,mercedes-benz,mercedes-benz/c-class,https://www.auto-data.net/en/mercedes-benz-c-class-coupe-c204-facelift-2011-c-350-v6-302hp-4matic-7g-tronic-plus-52358,200,72037,6a7101a81752a130363be6c6631a50dceb73c17684ee8eba5aafc302fed2fc39,2026-10-02T17:21:40+00:00,autodata/mod-52358.html.gz,ok,
modification,mercedes-benz,mercedes-benz/c-class,https://www.auto-data.net/en/mercedes-benz-c-class-coupe-c204-facelift-2011-c-250-sport-204hp-7g-tronic-plus-18649,200,72128,c6ea8da4719b54153083f3c66200b260c58bc33a24df33927f2f85fc096d5c31,2026-10-02T17:21:43+00:00,autodata/mod-18649.html.gz,ok,
modification,mercedes-benz,mercedes-benz/c-class,https://www.auto-data.net/en/mercedes-benz-c-class-coupe-c204-facelift-2011-c-250-cdi-sport-204hp-7g-tronic-18644,200,72060,819e8041c12af47773c114486a338b10017e1a34cea3fec3b97666bcf005187a,2026-10-02T17:21:48+00:00,autodata/mod-18644.html.gz,ok,
modification,mercedes-benz,mercedes-benz/c-class,https://www.auto-data.net/en/mercedes-benz-c-class-coupe-c204-facelift-2011-c-250-cdi-blueefficiency-204hp-7g-tronic-plus-18863,200,73301,c3ffecc705e6b8a453b0fc810c7214d1f76da9199830812a4475d60aa6bb9a20,2026-10-02T17:21:53+00:00,autodata/mod-18863.html.gz,ok,
modification,mercedes-benz,mercedes-benz/c-class,https://www.auto-data.net/en/mercedes-benz-c-class-coupe-c204-facelift-2011-c-250-cdi-blueefficiency-204hp-17344,200,72000,17741408355949edd227654972fedb9dcf273b42e1cfb8b4f56780401bd01cd5,2026-10-02T17:21:56+00:00,autodata/mod-17344.html.gz,ok,
modification,mercedes-benz,mercedes-benz/c-class,https://www.auto-data.net/en/mercedes-benz-c-class-coupe-c204-facelift-2011-c-250-blueefficiency-204hp-7g-tronic-plus-17346,200,72945,1f4cb7d2292a87163137b9547df0d82e2af8b29f9d39226e41f4e8c2d7b825d0,2026-10-02T17:21:59+00:00,autodata/mod-17346.html.gz,ok,
model,mercedes-benz,mercedes-benz/e-class,https://www.auto-data.net/en/mercedes-benz-e-class-model-1393,200,65172,9fcabe80972fdf90d643cafb497834803ad5f929932a12babb69208358faf475,2026-10-02T17:22:04+00:00,autodata/model-e-class.html.gz,ok,
generation,mercedes-benz,mercedes-benz/e-class,https://www.auto-data.net/en/mercedes-benz-e-class-w214-generation-9442,200,89884,f72caaa6236cb07c6214f2f699414a98710989232b884fabb25aa7aca3590f12,2026-10-02T17:22:06+00:00,autodata/gen-9442.html.gz,ok,
modification,mercedes-benz,mercedes-benz/e-class,https://www.auto-data.net/en/mercedes-benz-e-class-w214-amg-e-53-612hp-plug-in-hybrid-4matic-amg-speedshift-tct-9g-amg-dynamic-plus-51326,200,62977,7835de892bbab835f99b5434cbf39c79c7c4eb56db4d2747dbce8bfee5bd5e12,2026-10-02T17:22:09+00:00,autodata/mod-51326.html.gz,ok,
modification,mercedes-benz,mercedes-benz/e-class,https://www.auto-data.net/en/mercedes-benz-e-class-w214-amg-e-53-585hp-plug-in-hybrid-4matic-amg-speedshift-tct-9g-51327,200,65742,090b162c822cd674c4a0b688fdaa9cf83aad93582072ad77e0f82cb321c7c3b7,2026-10-02T17:22:14+00:00,autodata/mod-51327.html.gz,ok,
modification,mercedes-benz,mercedes-benz/e-class,https://www.auto-data.net/en/mercedes-benz-e-class-w214-e-450-381hp-mild-hybrid-4matic-9g-tronic-50064,200,97092,4724ed23a2cc4cdd991ef0de56de691f454c28c52b8509b7134a1c22f0d4766c,2026-10-02T17:22:18+00:00,autodata/mod-50064.html.gz,ok,
modification,mercedes-benz,mercedes-benz/e-class,https://www.auto-data.net/en/mercedes-benz-e-class-w214-e-350-255hp-mild-hybrid-9g-tronic-52978,200,94500,ef06d438d02c5990a9a37f50c533f65abe9dfa38bd8f32022204648833383ddb,2026-10-02T17:22:22+00:00,autodata/mod-52978.html.gz,ok,
modification,mercedes-benz,mercedes-benz/e-class,https://www.auto-data.net/en/mercedes-benz-e-class-w214-e-350-255hp-mild-hybrid-4matic-9g-tronic-52405,200,95762,bc0b03095c5c135de3a80ab92340cadb4793478737a9585e5853bece957905bc,2026-10-02T17:22:27+00:00,autodata/mod-52405.html.gz,ok,
modification,mercedes-benz,mercedes-benz/e-class,https://www.auto-data.net/en/mercedes-benz-e-class-w214-e-300-258hp-mild-hybrid-9g-tronic-54345,200,94999,fa77f795a36c7818decf491f4ae1700363b6eed6fe156f51041bcdcd060c8a1c,2026-10-02T17:22:30+00:00,autodata/mod-54345.html.gz,ok,
generation,mercedes-benz,mercedes-benz/e-class,https://www.auto-data.net/en/mercedes-benz-e-class-coupe-c238-facelift-2020-generation-7864,200,53853,63006a288d3aa7fdc225a4717066e158116906bc1882c66d849eaad137d4ad1b,2026-10-02T17:22:33+00:00,autodata/gen-7864.html.gz,ok,
modification,mercedes-benz,mercedes-benz/e-class,https://www.auto-data.net/en/mercedes-benz-e-class-coupe-c238-facelift-2020-amg-e-53-435hp-eq-boost-4matic-amg-speedshift-tct-41068,200,55326,f1f10b9c81efdd14e29d518cf646cf17bedfa90d2eb59060c7098a1a767d5dcb,2026-10-02T17:22:37+00:00,autodata/mod-41068.html.gz,ok,
modification,mercedes-benz,mercedes-benz/e-class,https://www.auto-data.net/en/mercedes-benz-e-class-coupe-c238-facelift-2020-e-450-367hp-eq-boost-4matic-9g-tronic-41067,200,64961,991e14e078461ecfb65195a7dca41b8410953f84abcefec03f8fb61e5adb603d,2026-10-02T17:22:39+00:00,autodata/mod-41067.html.gz,ok,
modification,mercedes-benz,mercedes-benz/e-class,https://www.auto-data.net/en/mercedes-benz-e-class-coupe-c238-facelift-2020-e-450-362hp-eq-boost-9g-tronic-53674,200,62956,a92201db816edc269168f157bc612df579471a3859a32d62d51f0e705dbf8d6c,2026-10-02T17:22:43+00:00,autodata/mod-53674.html.gz,ok,
modification,mercedes-benz,mercedes-benz/e-class,https://www.auto-data.net/en/mercedes-benz-e-class-coupe-c238-facelift-2020-e-300-258hp-eq-boost-9g-tronic-41066,200,63608,9f20aa909a9f9346ba4913de8bc3844111cf2ccd7a7a9e0396d02d07147cc9a0,2026-10-02T17:22:48+00:00,autodata/mod-41066.html.gz,ok,
generation,mercedes-benz,mercedes-benz/e-class,https://www.auto-data.net/en/mercedes-benz-e-class-cabrio-a238-facelift-2020-generation-7863,200,55004,c26c038b0f5068dedf3ee9469cc54e02610dd68e8d656121335bfd5476b1b4dc,2026-10-02T17:22:51+00:00,autodata/gen-7863.html.gz,ok,
modification,mercedes-benz,mercedes-benz/e-class,https://www.auto-data.net/en/mercedes-benz-e-class-cabrio-a238-facelift-2020-amg-e-53-435hp-eq-boost-4matic-amg-speedshift-tct-41076,200,65406,f274f3029b3a20b884e7c9c016e69779798287aee03b272968e0195f8e18e9c2,2026-10-02T17:22:55+00:00,autodata/mod-41076.html.gz,ok,
modification,mercedes-benz,mercedes-benz/e-class,https://www.auto-data.net/en/mercedes-benz-e-class-cabrio-a238-facelift-2020-e-450-367hp-eq-boost-4matic-9g-tronic-41075,200,66601,2a86c963bfadfac369950d45e6cb0ed15423682e7eccbedbaf0aff3faffc4c02,2026-10-02T17:22:58+00:00,autodata/mod-41075.html.gz,ok,
modification,mercedes-benz,mercedes-benz/e-class,https://www.auto-data.net/en/mercedes-benz-e-class-cabrio-a238-facelift-2020-e-450-362hp-eq-boost-9g-tronic-53675,200,64319,89653f42ecc7f705c3145a6279476f4cdcea47353c0faf41e2446a51be834672,2026-10-02T17:23:04+00:00,autodata/mod-53675.html.gz,ok,
modification,mercedes-benz,mercedes-benz/e-class,https://www.auto-data.net/en/mercedes-benz-e-class-cabrio-a238-facelift-2020-e-300-258hp-eq-boost-9g-tronic-41074,200,65074,d496ef2c2f87fcbd9a8167c8a78b5b54911003b74766bb66a99572383c748e7e,2026-10-02T17:23:07+00:00,autodata/mod-41074.html.gz,ok,
generation,mercedes-benz,mercedes-benz/e-class,https://www.auto-data.net/en/mercedes-benz-e-class-w213-facelift-2020-generation-7586,200,55872,b2349a14d0930f9bc80c94d7c0b706791c59c9ccee5e0b5c25e133a9b237d7c6,2026-10-02T17:23:10+00:00,autodata/gen-7586.html.gz,ok,
modification,mercedes-benz,mercedes-benz/e-class,https://www.auto-data.net/en/mercedes-benz-e-class-w213-facelift-2020-amg-e-63-s-612hp-4matic-amg-speedshift-mct-40870,200,63331,72248736a7d44456a04026d4e4aeb4441c58f016be4a3c1cc893ac6d70058b9c,2026-10-02T17:23:15+00:00,autodata/mod-40870.html.gz,ok,
modification,mercedes-benz,mercedes-benz/e-class,https://www.auto-data.net/en/mercedes-benz-e-class-w213-facelift-2020-amg-e-53-435hp-eq-boost-4matic-amg-speedshift-tct-40874,200,65054,d1a98307b387b38c3de6d92839c86b865b68d5a4592e307079da9cb393d6c7d1,2026-10-02T17:23:17+00:00,autodata/mod-40874.html.gz,ok,
modification,mercedes-benz,mercedes-benz/e-class,https://www.auto-data.net/en/mercedes-benz-e-class-w213-facelift-2020-e-450-367hp-eq-boost-4matic-9g-tronic-40875,200,64231,55de494d634d6434f0d99fd57ec51fa77a83f71c1575dac7892d5faf26cb16cd,2026-10-02T17:23:19+00:00,autodata/mod-40875.html.gz,ok,
modification,mercedes-benz,mercedes-benz/e-class,https://www.auto-data.net/en/mercedes-benz-e-class-w213-facelift-2020-e-350-255hp-9g-tronic-53680,200,60728,a3f8122e9b36d0afe6fbfefc0d90f56c89364526031e6f096846fd1d6be69846,2026-10-02T17:23:25+00:00,autodata/mod-53680.html.gz,ok,
modification,mercedes-benz,mercedes-benz/e-class,https://www.auto-data.net/en/mercedes-benz-e-class-w213-facelift-2020-e-350-255hp-4matic-9g-tronic-53681,200,61308,f2624606c41f2bcf7681f2e45c26968327afa808ce2df37606b8397f19f9083d,2026-10-02T17:23:29+00:00,autodata/mod-53681.html.gz,ok,
modification,mercedes-benz,mercedes-benz/e-class,https://www.auto-data.net/en/mercedes-benz-e-class-w213-facelift-2020-e-300-258hp-eq-boost-9g-tronic-40876,200,62882,3b25ea78a66702c91bbfa661153343b29d763c4a8de2227c1b33ec1fe2cb1de4,2026-10-02T17:23:33+00:00,autodata/mod-40876.html.gz,ok,
generation,mercedes-benz,mercedes-benz/e-class,https://www.auto-data.net/en/mercedes-benz-e-class-cabrio-a238-generation-5394,200,65466,b1346f0206666511e961f79cdbbfeb5801a2216ec49576241161f98d1692ae36,2026-10-02T17:23:38+00:00,autodata/gen-5394.html.gz,ok,
modification,mercedes-benz,mercedes-benz/e-class,https://www.auto-data.net/en/mercedes-benz-e-class-cabrio-a238-amg-e-53-435hp-eq-boost-4matic-amg-speedshift-tct-34008,200,75692,c8bac145f133bf7f9f21d3c0d9474111cafa00c1ae98b9c69e70b6f4e11bd388,2026-10-02T17:23:42+00:00,autodata/mod-34008.html.gz,ok,
modification,mercedes-benz,mercedes-benz/e-class,https://www.auto-data.net/en/mercedes-benz-e-class-cabrio-a238-e-450-v6-367hp-4matic-9g-tronic-38310,200,72957,58645d119d04ae3f6073728dbcbb6c3abce104b4c5b02b2566d9f4a20195dd37,2026-10-02T17:23:44+00:00,autodata/mod-38310.html.gz,ok,
modification,mercedes-benz,mercedes-benz/e-class,https://www.auto-data.net/en/mercedes-benz-e-class-cabrio-a238-e-450-v6-367hp-4matic-9g-tronic-34009,200,72216,880d035e86d8838cb7e53b5e58e44374bccd6caba1d9ca050a91b3fe4e5d1338,2026-10-02T17:23:47+00:00,autodata/mod-34009.html.gz,ok,
modification,mercedes-benz,mercedes-benz/e-class,https://www.auto-data.net/en/mercedes-benz-e-class-cabrio-a238-e-450-v6-362hp-9g-tronic-53671,200,69458,0b7da5fb28d00b224c330dd62b4b73db1834ecf749eef5285ef6449df4cdf354,2026-10-02T17:23:51+00:00,autodata/mod-53671.html.gz,ok,
modification,mercedes-benz,mercedes-benz/e-class,https://www.auto-data.net/en/mercedes-benz-e-class-cabrio-a238-e-400-v6-333hp-4matic-9g-tronic-30445,200,71202,52a332d120e8fd25b74f39790021ea9dee721ae8c79cb95a3d84921da7ca06a2,2026-10-02T17:23:55+00:00,autodata/mod-30445.html.gz,ok,
modification,mercedes-benz,mercedes-benz/e-class,https://www.auto-data.net/en/mercedes-benz-e-class-cabrio-a238-e-400-v6-329hp-9g-tronic-53670,200,69431,cba70d5de7470442a6d243398d95abe275ee043f26043bd0561c8f06de606114,2026-10-02T17:23:58+00:00,autodata/mod-53670.html.gz,ok,
modification,mercedes-benz,mercedes-benz/e-class,https://www.auto-data.net/en/mercedes-benz-e-class-cabrio-a238-e-350-299hp-eq-boost-9g-tronic-33171,200,72125,98ebaceadeab1695b5e39f7eff4de2b35f33f4b20bb5e000f951ae6cc61cf21e,2026-10-02T17:24:02+00:00,autodata/mod-33171.html.gz,ok,
modification,mercedes-benz,mercedes-benz/e-class,https://www.auto-data.net/en/mercedes-benz-e-class-cabrio-a238-e-300-258hp-eq-boost-9g-tronic-38309,200,72853,9da9ddb3c7cd10b5442bda413d85164d7d782f04e066b0168299fa01aa92cec0,2026-10-02T17:24:07+00:00,autodata/mod-38309.html.gz,ok,
modification,mercedes-benz,mercedes-benz/e-class,https://www.auto-data.net/en/mercedes-benz-e-class-cabrio-a238-e-300-245hp-9g-tronic-29749,200,70592,65281fd793c5d59302bfa197969d6a7b13de9669be0fc7b01d3bc2a1bd849f91,2026-10-02T17:24:10+00:00,autodata/mod-29749.html.gz,ok,
generation,mercedes-benz,mercedes-benz/e-class,https://www.auto-data.net/en/mercedes-benz-e-class-coupe-c238-generation-5248,200,54396,d610a6c3f8d0366b72f88773ffc769955e1bc989547dd59c4a3746f3d754b20b,2026-10-02T17:24:14+00:00,autodata/gen-5248.html.gz,ok,
modification,mercedes-benz,mercedes-benz/e-class,https://www.auto-data.net/en/mercedes-benz-e-class-coupe-c238-amg-e-53-435hp-eq-boost-4matic-amg-speedshift-tct-34010,200,65298,95219f5b99bd3ab3e7497c8c3282de4bac2fd855a3f55e8782f2146202a45f1a,2026-10-02T17:24:18+00:00,autodata/mod-34010.html.gz,ok,
modification,mercedes-benz,mercedes-benz/e-class,https://www.auto-data.net/en/mercedes-benz-e-class-coupe-c238-e-450-v6-367hp-4matic-9g-tronic-38305,200,62216,d75ec0a33431746b7777b7be7579821923e5bb7c4ac405ff7ab6ce99eb6cc83c,2026-10-02T17:24:21+00:00,autodata/mod-38305.html.gz,ok,
modification,mercedes-benz,mercedes-benz/e-class,https://www.auto-data.net/en/mercedes-benz-e-class-coupe-c238-e-450-v6-367hp-4matic-9g-tronic-34011,200,61481,89480a57f91e15715bdebfee5e17ee413309111c9d527ab5b514350fab1f5bf7,2026-10-02T17:24:26+00:00,autodata/mod-34011.html.gz,ok,
modification,mercedes-benz,mercedes-benz/e-class,https://www.auto-data.net/en/mercedes-benz-e-class-coupe-c238-e-450-v6-362hp-9g-tronic-53669,200,58855,458a668f99a5a87e81ea2b6a6f4604795a9b4af76e9065cf21698c7fe5cbaf2c,2026-10-02T17:24:30+00:00,autodata/mod-53669.html.gz,ok,
modification,mercedes-benz,mercedes-benz/e-class,https://www.auto-data.net/en/mercedes-benz-e-class-coupe-c238-e-400-v6-333hp-4matic-9g-tronic-27381,200,60438,da1ad0d91d2d715c9e9a38b2254640dff2eb7a605662b917ddedfefd1aecc2a4,2026-10-02T17:24:35+00:00,autodata/mod-27381.html.gz,ok,
modification,mercedes-benz,mercedes-benz/e-class,https://www.auto-data.net/en/mercedes-benz-e-class-coupe-c238-e-400-v6-329hp-9g-tronic-53668,200,58780,09344413233a1152bad649a83d25d8b72efde3f5d923027ae2116ee398905d08,2026-10-02T17:24:37+00:00,autodata/mod-53668.html.gz,ok,
modification,mercedes-benz,mercedes-benz/e-class,https://www.auto-data.net/en/mercedes-benz-e-class-coupe-c238-e-350-299hp-eq-boost-9g-tronic-33167,200,61765,8e773390a46839b30064229f10df35b8163c33ac68274bbb139fb4e151288c85,2026-10-02T17:24:40+00:00,autodata/mod-33167.html.gz,ok,
modification,mercedes-benz,mercedes-benz/e-class,https://www.auto-data.net/en/mercedes-benz-e-class-coupe-c238-e-300-258hp-eq-boost-9g-tronic-38303,200,62126,49c2f5ccf2064d8010bd90dddca4fed81066bce353b8cf6c8eb819000427fac7,2026-10-02T17:24:45+00:00,autodata/mod-38303.html.gz,ok,
modification,mercedes-benz,mercedes-benz/e-class,https://www.auto-data.net/en/mercedes-benz-e-class-coupe-c238-e-300-245hp-9g-tronic-27306,200,59830,a30b2b29b92e788942e4d813da1c4aa009d2a8974244a748747c19057577ac71,2026-10-02T17:24:50+00:00,autodata/mod-27306.html.gz,ok,
generation,mercedes-benz,mercedes-benz/e-class,https://www.auto-data.net/en/mercedes-benz-e-class-w213-generation-4670,200,72401,111c98289a0503e909170acfe828cd417a806bbfc4df6163a818507c9fa3b02a,2026-10-02T17:24:54+00:00,autodata/gen-4670.html.gz,ok,
modification,mercedes-benz,mercedes-benz/e-class,https://www.auto-data.net/en/mercedes-benz-e-class-w213-amg-e-63-s-v8-612hp-4matic-mct-29924,200,74304,65936952b452659e4414053ea0a0dcd1f885c97839f53876ba306cd38f280c7b,2026-10-02T17:24:57+00:00,autodata/mod-29924.html.gz,ok,
modification,mercedes-benz,mercedes-benz/e-class,https://www.auto-data.net/en/mercedes-benz-e-class-w213-amg-e-63-v8-571hp-4matic-mct-29710,200,74289,e1b7179a04e0140244f8dfda7b22b1a10498ba0eefce0ec2b8bde865d9526025,2026-10-02T17:25:00+00:00,autodata/mod-29710.html.gz,ok,
modification,mercedes-benz,mercedes-benz/e-class,https://www.auto-data.net/en/mercedes-benz-e-class-w213-amg-e-53-435hp-eq-boost-4matic-amg-speedshift-tct-35215,200,78457,8b7fde248b0a7f631e564269eb549de8e7711356698d44f2e05679e606be675b,2026-10-02T17:25:04+00:00,autodata/mod-35215.html.gz,ok,
modification,mercedes-benz,mercedes-benz/e-class,https://www.auto-data.net/en/mercedes-benz-e-class-w213-amg-e-43-401hp-4matic-9g-tronic-25913,200,73406,19f153779e6ea58f954d97be5a87db80c87d3a06e8136637bfbd06320b67d8d8,2026-10-02T17:25:07+00:00,autodata/mod-25913.html.gz,ok,
modification,mercedes-benz,mercedes-benz/e-class,https://www.auto-data.net/en/mercedes-benz-e-class-w213-e-450-v6-367hp-4matic-9g-tronic-38272,200,73912,e8eb883e85f0e9071061e02ec2c2aa8534ca4c82f002364aa3bfde9aac06ac60,2026-10-02T17:25:10+00:00,autodata/mod-38272.html.gz,ok,
modification,mercedes-benz,mercedes-benz/e-class,https://www.auto-data.net/en/mercedes-benz-e-class-w213-e-400-v6-3.5-333hp-4matic-9g-tronic-29722,200,75298,01c4d1df7c833b18828ae8730b2c3c117052239019d2ec85d69409662af7230f,2026-10-02T17:25:13+00:00,autodata/mod-29722.html.gz,ok,
modification,mercedes-benz,mercedes-benz/e-class,https://www.auto-data.net/en/mercedes-benz-e-class-w213-e-400-v6-3.0-329hp-4matic-9g-tronic-53672,200,73348,818e0d1ca3b5359b87743c8418a029b417bbbfcb1ef275f4adfb1c9fd06e539c,2026-10-02T17:25:18+00:00,autodata/mod-53672.html.gz,ok,
modification,mercedes-benz,mercedes-benz/e-class,https://www.auto-data.net/en/mercedes-benz-e-class-w213-e-350-299hp-eq-boost-9g-tronic-38271,200,75145,c15f1f26d1832c03b997490d50ec3b21abf7df96547706202500abe89132d790,2026-10-02T17:25:20+00:00,autodata/mod-38271.html.gz,ok,
modification,mercedes-benz,mercedes-benz/e-class,https://www.auto-data.net/en/mercedes-benz-e-class-w213-e-350-255hp-9g-tronic-53682,200,72561,354235c7afa0afe181ffe1e7cd86ef55269f3f9103fc70c32e8f7c12a9f0771d,2026-10-02T17:25:24+00:00,autodata/mod-53682.html.gz,ok,
modification,mercedes-benz,mercedes-benz/e-class,https://www.auto-data.net/en/mercedes-benz-e-class-w213-e-350-255hp-4matic-9g-tronic-53683,200,73171,fd1eb67a544265372fceade6cc6409903f86ad240eaee6116f6cfbbce624e689,2026-10-02T17:25:26+00:00,autodata/mod-53683.html.gz,ok,
modification,mercedes-benz,mercedes-benz/e-class,https://www.auto-data.net/en/mercedes-benz-e-class-w213-e-300-258hp-eq-boost-9g-tronic-38269,200,75205,58463ac4b161df2481546e5436de43751b88b6295130d1eec641f1052780e873,2026-10-02T17:25:29+00:00,autodata/mod-38269.html.gz,ok,
modification,mercedes-benz,mercedes-benz/e-class,https://www.auto-data.net/en/mercedes-benz-e-class-w213-e-300-245hp-9g-tronic-29681,200,73115,6323506fa53623616fb89c56df96e5c610764b933345c726113512f2e38cf874,2026-10-02T17:25:33+00:00,autodata/mod-29681.html.gz,ok,
modification,mercedes-benz,mercedes-benz/e-class,https://www.auto-data.net/en/mercedes-benz-e-class-w213-e-300-241hp-4matic-9g-tronic-53684,200,73243,1c15614b43cf19005f2329eebec1b2e8e389e1ebf8dfd0bb787afc3aee5cdc9e,2026-10-02T17:25:35+00:00,autodata/mod-53684.html.gz,ok,
generation,mercedes-benz,mercedes-benz/e-class,https://www.auto-data.net/en/mercedes-benz-e-class-cabrio-a207-facelift-2013-generation-4119,200,59945,847868e33ac1206dfda554c3e4418366222de26a4299b0f51058444f3878fa58,2026-10-02T17:25:39+00:00,autodata/gen-4119.html.gz,ok,
modification,mercedes-benz,mercedes-benz/e-class,https://www.auto-data.net/en/mercedes-benz-e-class-cabrio-a207-facelift-2013-e-400-v6-3.5-333hp-7g-tronic-plus-52793,200,65541,d6c90d7eb8d0ad42a395fda25546ca4c82b1f7b1285e625670f87f1508584bf9,2026-10-02T17:25:41+00:00,autodata/mod-52793.html.gz,ok,
modification,mercedes-benz,mercedes-benz/e-class,https://www.auto-data.net/en/mercedes-benz-e-class-cabrio-a207-facelift-2013-e-400-v6-3.0-333hp-7g-tronic-plus-18778,200,65533,a24d1d3f9ee3cc4963c27c265b3555050b6052298529f6987a069e75eb28f1da,2026-10-02T17:25:44+00:00,autodata/mod-18778.html.gz,ok,
modification,mercedes-benz,mercedes-benz/e-class,https://www.auto-data.net/en/mercedes-benz-e-class-cabrio-a207-facelift-2013-e-350-v6-306hp-7g-tronic-plus-18779,200,65376,1236839b227906cd134fa9a355441089371229a62135819900844e6ff1204065,2026-10-02T17:25:49+00:00,autodata/mod-18779.html.gz,ok,
modification,mercedes-benz,mercedes-benz/e-class,https://www.auto-data.net/en/mercedes-benz-e-class-cabrio-a207-facelift-2013-e-350-bluetec-v6-258hp-9g-tronic-43878,200,65526,e994f50ee0769f4832cacb0b3689c28ccd4839bbadaeb1761768cc63a97921a7,2026-10-02T17:25:53+00:00,autodata/mod-43878.html.gz,ok,
modification,mercedes-benz,mercedes-benz/e-class,https://www.auto-data.net/en/mercedes-benz-e-class-cabrio-a207-facelift-2013-e-350-bluetec-v6-252hp-7g-tronic-plus-18775,200,66053,547695a01988a01658bea11d932959a5253c67bb1a8176998148472ef753040b,2026-10-02T17:25:56+00:00,autodata/mod-18775.html.gz,ok,
modification,mercedes-benz,mercedes-benz/e-class,https://www.auto-data.net/en/mercedes-benz-e-class-cabrio-a207-facelift-2013-e-300-v6-252hp-7g-tronic-plus-18780,200,65375,6a64c71823c27dea72834b6a1cccfeeb9139eeae55a44b3ce16bb6cef7fbd43d,2026-10-02T17:25:58+00:00,autodata/mod-18780.html.gz,ok,
generation,mercedes-benz,mercedes-benz/e-class,https://www.auto-data.net/en/mercedes-benz-e-class-coupe-c207-facelift-2013-generation-3863,200,59419,b77ad2556b9c82c3b3180815875d6ae5fed400cca2fe698c7300afb335751096,2026-10-02T17:26:02+00:00,autodata/gen-3863.html.gz,ok,
modification,mercedes-benz,mercedes-benz/e-class,https://www.auto-data.net/en/mercedes-benz-e-class-coupe-c207-facelift-2013-e-400-v6-3.5-333hp-7g-tronic-plus-52787,200,64637,18b94a0cfdd3fa1f0fe6dd98a04c420734596f9779b70ad43adcde06b4402f7a,2026-10-02T17:26:05+00:00,autodata/mod-52787.html.gz,ok,
modification,mercedes-benz,mercedes-benz/e-class,https://www.auto-data.net/en/mercedes-benz-e-class-coupe-c207-facelift-2013-e-400-v6-3.0-333hp-7g-tronic-plus-18771,200,64822,87d5044ceb827a550d4c5d2a9e291f1b6c2e346ca33b542d440d99ecf4e18d96,2026-10-02T17:26:07+00:00,autodata/mod-18771.html.gz,ok,
modification,mercedes-benz,mercedes-benz/e-class,https://www.auto-data.net/en/mercedes-benz-e-class-coupe-c207-facelift-2013-e-350-v6-306hp-7g-tronic-plus-18767,200,64324,363f3dcf23ba97fe2fd856be0e7826514bb1b8231392df37e71da74a67267e70,2026-10-02T17:26:10+00:00,autodata/mod-18767.html.gz,ok,
modification,mercedes-benz,mercedes-benz/e-class,https://www.auto-data.net/en/mercedes-benz-e-class-coupe-c207-facelift-2013-e-350-v6-306hp-4matic-7g-tronic-plus-18766,200,64898,914070105b2d9b1b29468de443b80b5192bd61451982709984e2eaeec041bf91,2026-10-02T17:26:13+00:00,autodata/mod-18766.html.gz,ok,
modification,mercedes-benz,mercedes-benz/e-class,https://www.auto-data.net/en/mercedes-benz-e-class-coupe-c207-facelift-2013-e-350-bluetec-v6-258hp-9g-tronic-52789,200,64674,597b382a498eb7a36c311285ddb20978df41713df15c600fe632538da5fd9196,2026-10-02T17:26:16+00:00,autodata/mod-52789.html.gz,ok,
modification,mercedes-benz,mercedes-benz/e-class,https://www.auto-data.net/en/mercedes-benz-e-class-coupe-c207-facelift-2013-e-350-bluetec-v6-252hp-7g-tronic-plus-18765,200,65321,7e8aeefd1aa7b973cda02fbe68a7859894e8fc6715a50979b9da8bf23699f040,2026-10-02T17:26:21+00:00,autodata/mod-18765.html.gz,ok,
modification,mercedes-benz,mercedes-benz/e-class,https://www.auto-data.net/en/mercedes-benz-e-class-coupe-c207-facelift-2013-e-300-v6-252hp-7g-tronic-plus-18768,200,64482,e144f55fc89165119fd18e4268d3945a6b28e72c87e3a8b682ef961bac5a2b6a,2026-10-02T17:26:23+00:00,autodata/mod-18768.html.gz,ok,
generation,mercedes-benz,mercedes-benz/e-class,https://www.auto-data.net/en/mercedes-benz-e-class-w212-facelift-2013-generation-4121,200,73318,7f034e055f3f468114dd9f84961ed6055e683236d575dd456130b3d069ac5263,2026-10-02T17:26:26+00:00,autodata/gen-4121.html.gz,ok,
modification,mercedes-benz,mercedes-benz/e-class,https://www.auto-data.net/en/mercedes-benz-e-class-w212-facelift-2013-amg-e-63-s-v8-585hp-4matic-amg-speedshift-mct-18734,200,72092,430e2251c9b9b8f0dd2094ba2b47023ce32c2520659c2b5f02608c98136a8a0c,2026-10-02T17:26:31+00:00,autodata/mod-18734.html.gz,ok,
modification,mercedes-benz,mercedes-benz/e-class,https://www.auto-data.net/en/mercedes-benz-e-class-w212-facelift-2013-amg-e-63-v8-557hp-amg-speedshift-mct-18736,200,71305,a06e70598f886890207e1b1499a4b4e20cf0fe02be06ac0f07da4b10efbb9f10,2026-10-02T17:26:33+00:00,autodata/mod-18736.html.gz,ok,
modification,mercedes-benz,mercedes-benz/e-class,https://www.auto-data.net/en/mercedes-benz-e-class-w212-facelift-2013-amg-e-63-v8-557hp-4matic-amg-speedshift-mct-18735,200,71946,271440fcf848c076155a8f549dd4dbfc91148541ecbdc8e2834b2317f7b9f709,2026-10-02T17:26:36+00:00,autodata/mod-18735.html.gz,ok,
modification,mercedes-benz,mercedes-benz/e-class,https://www.auto-data.net/en/mercedes-benz-e-class-w212-facelift-2013-e-400-v6-3.5-333hp-7g-tronic-plus-52783,200,72501,4ae2c439dc54d5432ba9dd3a45f1ea2bcd6edd51248240f8bce47aacf278eb1d,2026-10-02T17:26:40+00:00,autodata/mod-52783.html.gz,ok,
modification,mercedes-benz,mercedes-benz/e-class,https://www.auto-data.net/en/mercedes-benz-e-class-w212-facelift-2013-e-400-v6-3.5-333hp-4matic-7g-tronic-plus-52784,200,72927,e8cd335ef6b73fcccdc9d7262beb57315cba467b42e3b94c9c2ad4d3341f4a48,2026-10-02T17:26:44+00:00,autodata/mod-52784.html.gz,ok,
modification,mercedes-benz,mercedes-benz/e-class,https://www.auto-data.net/en/mercedes-benz-e-class-w212-facelift-2013-e-400-v6-3.0-333hp-7g-tronic-plus-18740,200,72684,c65b9e0a668fef73cdd9652fd13140505a123a75de11c2ebc75fc8edbab2b871,2026-10-02T17:26:48+00:00,autodata/mod-18740.html.gz,ok,
modification,mercedes-benz,mercedes-benz/e-class,https://www.auto-data.net/en/mercedes-benz-e-class-w212-facelift-2013-e-400-v6-3.0-333hp-4matic-7g-tronic-plus-18739,200,73104,6d50503988795fa0e1a8b33be02c3f61cfa8f892a3bcceb0ef5545c8c01cca67,2026-10-02T17:26:50+00:00,autodata/mod-18739.html.gz,ok,
modification,mercedes-benz,mercedes-benz/e-class,https://www.auto-data.net/en/mercedes-benz-e-class-w212-facelift-2013-e-400-v6-329hp-hybrid-7g-tronic-plus-53699,200,71829,38ce561f92facc5bbebc46411aba9e3ece03632b11ccc72080cfeb49a4ead13a,2026-10-02T17:26:52+00:00,autodata/mod-53699.html.gz,ok,
modification,mercedes-benz,mercedes-benz/e-class,https://www.auto-data.net/en/mercedes-benz-e-class-w212-facelift-2013-e-350-v6-306hp-7g-tronic-plus-18742,200,72360,02cfd7dc4f415082d11bbf251650905d70f7a882ba56fc0c36421022d2c7bc18,2026-10-02T17:26:57+00:00,autodata/mod-18742.html.gz,ok,
modification,mercedes-benz,mercedes-benz/e-class,https://www.auto-data.net/en/mercedes-benz-e-class-w212-facelift-2013-e-350-v6-306hp-4matic-7g-tronic-plus-18741,200,72761,7bd7efa91fb73999f942b83f0a5059dfd4112ae9ceeedb1f2daeac289336dec0,2026-10-02T17:27:00+00:00,autodata/mod-18741.html.gz,ok,
modification,mercedes-benz,mercedes-benz/e-class,https://www.auto-data.net/en/mercedes-benz-e-class-w212-facelift-2013-e-350-bluetec-v6-258hp-9g-tronic-52771,200,72610,546836ba877e02a1473ff025b5183c0bf83f3cd3938851fc36938f671d5b8c44,2026-10-02T17:27:03+00:00,autodata/mod-52771.html.gz,ok,
modification,mercedes-benz,mercedes-benz/e-class,https://www.auto-data.net/en/mercedes-benz-e-class-w212-facelift-2013-e-350-bluetec-v6-258hp-4matic-9g-tronic-52772,200,73005,2c00e9bce66aac9b0d4e469246af5a6b5584d29c29b797a09ccd3a7e5e3ebca6,2026-10-02T17:27:07+00:00,autodata/mod-52772.html.gz,ok,
modification,mercedes-benz,mercedes-benz/e-class,https://www.auto-data.net/en/mercedes-benz-e-class-w212-facelift-2013-e-350-bluetec-v6-252hp-9g-tronic-18727,200,72808,a8d1d0cf950781379c86aa7ea44f15c4b9e97e9b40369eee29183ac815fa0aee,2026-10-02T17:27:09+00:00,autodata/mod-18727.html.gz,ok,
modification,mercedes-benz,mercedes-benz/e-class,https://www.auto-data.net/en/mercedes-benz-e-class-w212-facelift-2013-e-350-bluetec-v6-252hp-4matic-7g-tronic-plus-18730,200,73603,639095f63c6947fac01e00d8ee9e8480f77f83f8083681dfb7338f26b931eedf,2026-10-02T17:27:11+00:00,autodata/mod-18730.html.gz,ok,
modification,mercedes-benz,mercedes-benz/e-class,https://www.auto-data.net/en/mercedes-benz-e-class-w212-facelift-2013-e-300-v6-252hp-7g-tronic-plus-18731,200,72366,cb24eaabb3265d69e2f70086b66ab7247dd2de0536399146465a0d4f335e51e4,2026-10-02T17:27:14+00:00,autodata/mod-18731.html.gz,ok,
modification,mercedes-benz,mercedes-benz/e-class,https://www.auto-data.net/en/mercedes-benz-e-class-w212-facelift-2013-e-300-v6-252hp-4matic-7g-tronic-plus-18743,200,72724,016ab4a6761b8854d0603b44b7b7a1866a745f7c3534ef1af5a73014fc53aba2,2026-10-02T17:27:17+00:00,autodata/mod-18743.html.gz,ok,
modification,mercedes-benz,mercedes-benz/e-class,https://www.auto-data.net/en/mercedes-benz-e-class-w212-facelift-2013-e-300-bluetec-v6-231hp-9g-tronic-52770,200,72610,70ca01bed68946c9b6c68c1be35e6cd3189d3c28af88d9bf555e1627912be48d,2026-10-02T17:27:20+00:00,autodata/mod-52770.html.gz,ok,
modification,mercedes-benz,mercedes-benz/e-class,https://www.auto-data.net/en/mercedes-benz-e-class-w212-facelift-2013-e-300-bluetec-v6-231hp-7g-tronic-plus-18729,200,73246,be551aa977d4365a1e901b51b431978b5d02aa0241c525a40e1a4263965d1803,2026-10-02T17:27:23+00:00,autodata/mod-18729.html.gz,ok,
modification,mercedes-benz,mercedes-benz/e-class,https://www.auto-data.net/en/mercedes-benz-e-class-w212-facelift-2013-e-300-bluetec-204hp-hybrid-7g-tronic-plus-18728,200,73989,a5d8c938c3dc4a624cc5c8b33862bdbf89fd780fe95565e8491647f41fc8602e,2026-10-02T17:27:26+00:00,autodata/mod-18728.html.gz,ok,
generation,mercedes-benz,mercedes-benz/e-class,https://www.auto-data.net/en/mercedes-benz-e-class-cabrio-a207-generation-3862,200,55564,027f50d3077579d5c68752288457d7507257dd15659f7a4595acc6a55f99a973,2026-10-02T17:27:30+00:00,autodata/gen-3862.html.gz,ok,
modification,mercedes-benz,mercedes-benz/e-class,https://www.auto-data.net/en/mercedes-benz-e-class-cabrio-a207-e-550-v8-382hp-7g-tronic-52807,200,59127,a975cdd2fc3854988e61d3ee92531a6f1c76e545211923f03da7193938d30f98,2026-10-02T17:27:32+00:00,autodata/mod-52807.html.gz,ok,
modification,mercedes-benz,mercedes-benz/e-class,https://www.auto-data.net/en/mercedes-benz-e-class-cabrio-a207-e-350-blueefficiency-v6-306hp-7g-tronic-plus-43856,200,63572,781ab6acf3f2ed4b5021ab254891422115c5e5b885a49bea5011cd80ccd5643d,2026-10-02T17:27:36+00:00,autodata/mod-43856.html.gz,ok,
modification,mercedes-benz,mercedes-benz/e-class,https://www.auto-data.net/en/mercedes-benz-e-class-cabrio-a207-e-350-cgi-blueefficiency-v6-292hp-7g-tronic-17389,200,63189,91214b521721f7ae3e7d4132ddd8f5d8100ac353b00a2e46da21bc373aba3508,2026-10-02T17:27:39+00:00,autodata/mod-17389.html.gz,ok,
modification,mercedes-benz,mercedes-benz/e-class,https://www.auto-data.net/en/mercedes-benz-e-class-cabrio-a207-e-350-v6-268hp-7g-tronic-56051,200,59581,262b922efaac38a39ef366009a449b4904e0da3b5fcaa6fbdbb3740f5881ff66,2026-10-02T17:27:43+00:00,autodata/mod-56051.html.gz,ok,
modification,mercedes-benz,mercedes-benz/e-class,https://www.auto-data.net/en/mercedes-benz-e-class-cabrio-a207-e-350-cdi-blueefficiency-v6-265hp-7g-tronic-plus-43861,200,63914,8b210c7cc6243aa627e66d69b96c75d54721eb482ef177169d9890ea8fc05092,2026-10-02T17:27:47+00:00,autodata/mod-43861.html.gz,ok,
modification,mercedes-benz,mercedes-benz/e-class,https://www.auto-data.net/en/mercedes-benz-e-class-cabrio-a207-e-350-cdi-blueefficiency-v6-231hp-7g-tronic-17386,200,63257,c7ea60fd476fcc16c693cd7bca386b0f3fc9527cbe28297c718bfb8d7b3aea7b,2026-10-02T17:27:50+00:00,autodata/mod-17386.html.gz,ok,
modification,mercedes-benz,mercedes-benz/e-class,https://www.auto-data.net/en/mercedes-benz-e-class-cabrio-a207-e-300-blueefficiency-v6-252hp-7g-tronic-plus-43855,200,63554,e70467d4ac31dc2d1c0f85c39c070c47f4e46c3ee8c26a5d7223d9c200fcb613,2026-10-02T17:27:54+00:00,autodata/mod-43855.html.gz,ok,
generation,mercedes-benz,mercedes-benz/e-class,https://www.auto-data.net/en/mercedes-benz-e-class-coupe-c207-generation-2766,200,56124,80f4e7f7acfc19eb227b2e6940733f48ee7b4c15581fd2cc3ddc09ce00790e4a,2026-10-02T17:27:59+00:00,autodata/gen-2766.html.gz,ok,
modification,mercedes-benz,mercedes-benz/e-class,https://www.auto-data.net/en/mercedes-benz-e-class-coupe-c207-e-550-v8-382hp-7g-tronic-52806,200,59615,dd25a9856e5d1bd11773a81f5fd680da820c99c37e111aa127e66bb92fa6af0b,2026-10-02T17:28:03+00:00,autodata/mod-52806.html.gz,ok,
modification,mercedes-benz,mercedes-benz/e-class,https://www.auto-data.net/en/mercedes-benz-e-class-coupe-c207-e-350-blueefficiency-v6-306hp-7g-tronic-plus-12867,200,64084,1f4710f7e184d88b847ed2e266a81d37a469486b6f979ec4688fef5d603c6f41,2026-10-02T17:28:06+00:00,autodata/mod-12867.html.gz,ok,
modification,mercedes-benz,mercedes-benz/e-class,https://www.auto-data.net/en/mercedes-benz-e-class-coupe-c207-e-350-cgi-blueefficiency-v6-292hp-7g-tronic-17396,200,63724,b1598aed1f57c052f9110a8fc6f42d80f68b9a8ba7879fa23aba95389a5e718c,2026-10-02T17:28:11+00:00,autodata/mod-17396.html.gz,ok,
modification,mercedes-benz,mercedes-benz/e-class,https://www.auto-data.net/en/mercedes-benz-e-class-coupe-c207-e-350-v6-268hp-7g-tronic-56050,200,60078,d2a17f6d624cbd2352d15bd3c92faa59dd112e9afb101b2fc94146e3bc5b009c,2026-10-02T17:28:16+00:00,autodata/mod-56050.html.gz,ok,
modification,mercedes-benz,mercedes-benz/e-class,https://www.auto-data.net/en/mercedes-benz-e-class-coupe-c207-e-350-cdi-blueefficiency-v6-265hp-7g-tronic-plus-17393,200,64389,087ff0db4dcb8b234c44a93864fc8cda5354a79e76b4e664de7f263871440a71,2026-10-02T17:28:20+00:00,autodata/mod-17393.html.gz,ok,
modification,mercedes-benz,mercedes-benz/e-class,https://www.auto-data.net/en/mercedes-benz-e-class-coupe-c207-e-350-cdi-blueefficiency-v6-231hp-7g-tronic-12866,200,63627,1bc8626452426fa32aa7eb9f1ac4b45256010f84f4a8229b3263ccf8dabf6512,2026-10-02T17:28:23+00:00,autodata/mod-12866.html.gz,ok,
modification,mercedes-benz,mercedes-benz/e-class,https://www.auto-data.net/en/mercedes-benz-e-class-coupe-c207-e-300-blueefficiency-v6-252hp-7g-tronic-plus-52805,200,64078,600f5715020b42c06adec921d9dbde18b81818badc7650e701f5a12b1e0b20d2,2026-10-02T17:28:25+00:00,autodata/mod-52805.html.gz,ok,
generation,mercedes-benz,mercedes-benz/e-class,https://www.auto-data.net/en/mercedes-benz-e-class-w212-generation-2765,200,74527,fd6c57177ed098e34e539f20e2639b66b71646ce2051ce25c0d36ae53fc9f933,2026-10-02T17:28:28+00:00,autodata/gen-2765.html.gz,ok,
modification,mercedes-benz,mercedes-benz/e-class,https://www.auto-data.net/en/mercedes-benz-e-class-w212-amg-e-63-v8-biturbo-525hp-amg-speedshift-mct-44939,200,65411,5184c051c840bbad96aaaa19873f9c597388ab09a7738d6682ac6dbc76789d1a,2026-10-02T17:28:32+00:00,autodata/mod-44939.html.gz,ok,
modification,mercedes-benz,mercedes-benz/e-class,https://www.auto-data.net/en/mercedes-benz-e-class-w212-amg-e-63-v8-525hp-amg-speedshift-mct-12862,200,64869,66a6887b1b9f2811019cfebae914edc21762530f29b6ebeed91b146a24eab8d3,2026-10-02T17:28:36+00:00,autodata/mod-12862.html.gz,ok,
modification,mercedes-benz,mercedes-benz/e-class,https://www.auto-data.net/en/mercedes-benz-e-class-w212-e-550-v8-382hp-7g-tronic-50970,200,71075,bcb875866dc52d2b357bb5587aec58509c58898b1c3debe991774c0b2fe32dda,2026-10-02T17:28:41+00:00,autodata/mod-50970.html.gz,ok,
modification,mercedes-benz,mercedes-benz/e-class,https://www.auto-data.net/en/mercedes-benz-e-class-w212-e-550-v8-382hp-4matic-7g-tronic-50969,200,71982,7cad7a1e3b76c4b3cd42c89ad252ade15cb8e51010b9cb1196b73561a6395c30,2026-10-02T17:28:43+00:00,autodata/mod-50969.html.gz,ok,
modification,mercedes-benz,mercedes-benz/e-class,https://www.auto-data.net/en/mercedes-benz-e-class-w212-e-400-v6-329hp-hybrid-7g-tronic-plus-44940,200,64755,93443a506c6761bf3f544e4e348156b6338f0695565dba761bf9dc2c20a4d704,2026-10-02T17:28:47+00:00,autodata/mod-44940.html.gz,ok,
modification,mercedes-benz,mercedes-benz/e-class,https://www.auto-data.net/en/mercedes-benz-e-class-w212-e-350-blueefficiency-v6-306hp-7g-tronic-plus-12859,200,73161,db49437905c564fa13ff5f86bc0ec260c4419e5b1ed9cb982ed6703e8960b98f,2026-10-02T17:28:51+00:00,autodata/mod-12859.html.gz,ok,
modification,mercedes-benz,mercedes-benz/e-class,https://www.auto-data.net/en/mercedes-benz-e-class-w212-e-350-blueefficiency-v6-306hp-4matic-7g-tronic-plus-12856,200,73717,b920c8d570c533c1a7a5d95b6a2ce34f1d71e1b412eb8fd0b71d36a58b24bddf,2026-10-02T17:28:55+00:00,autodata/mod-12856.html.gz,ok,
modification,mercedes-benz,mercedes-benz/e-class,https://www.auto-data.net/en/mercedes-benz-e-class-w212-e-350-blueefficiency-v6-292hp-7g-tronic-17372,200,72660,e2f9eaa21552655b9b2ddd06c6154669092940c7342dec9a3bf69c484ed7ee3d,2026-10-02T17:28:59+00:00,autodata/mod-17372.html.gz,ok,
modification,mercedes-benz,mercedes-benz/e-class,https://www.auto-data.net/en/mercedes-benz-e-class-w212-e-350-v6-272hp-4matic-7g-tronic-17373,200,71992,3258ecff93846116d6455fa209cc4d0af5560de6c52e288b7a06f212c973d82b,2026-10-02T17:29:03+00:00,autodata/mod-17373.html.gz,ok,
modification,mercedes-benz,mercedes-benz/e-class,https://www.auto-data.net/en/mercedes-benz-e-class-w212-e-350-v6-268hp-7g-tronic-50971,200,71083,967b658a2fa2d9c66b18bef104cc99398947e1d207d04e3be1d739c3032f0303,2026-10-02T17:29:06+00:00,autodata/mod-50971.html.gz,ok,
modification,mercedes-benz,mercedes-benz/e-class,https://www.auto-data.net/en/mercedes-benz-e-class-w212-e-350-cdi-blueefficiency-v6-265hp-7g-tronic-plus-12858,200,73865,7489eb5febb1d19bb45dba68a85909372b527825c4d0bfda49bb4196fad951b2,2026-10-02T17:29:11+00:00,autodata/mod-12858.html.gz,ok,
modification,mercedes-benz,mercedes-benz/e-class,https://www.auto-data.net/en/mercedes-benz-e-class-w212-e-350-cdi-blueefficiency-v6-265hp-4matic-7g-tronic-plus-12857,200,74829,166492a6f182c47265b09fc279c7088c2fac6ad268cb00bb9514e3ffb1a700a8,2026-10-02T17:29:16+00:00,autodata/mod-12857.html.gz,ok,
modification,mercedes-benz,mercedes-benz/e-class,https://www.auto-data.net/en/mercedes-benz-e-class-w212-e-350-cdi-blueefficiency-v6-231hp-7g-tronic-17367,200,73502,ad93e301aec472f8de6b3ed3c7c81adac4722bc51be2cf5c29671dc531b86980,2026-10-02T17:29:19+00:00,autodata/mod-17367.html.gz,ok,
modification,mercedes-benz,mercedes-benz/e-class,https://www.auto-data.net/en/mercedes-benz-e-class-w212-e-350-cdi-blueefficiency-v6-231hp-4matic-7g-tronic-17369,200,74180,796aca8b332c28f471f502328b82c07fbcc2e61a7da6583e265d2fc29b8c61bb,2026-10-02T17:29:22+00:00,autodata/mod-17369.html.gz,ok,
modification,mercedes-benz,mercedes-benz/e-class,https://www.auto-data.net/en/mercedes-benz-e-class-w212-e-350-bluetec-v6-211hp-7g-tronic-plus-17368,200,72801,2dc1dbd539844aa47507f8666489f5a4f7a70479459517420166bc88184650cc,2026-10-02T17:29:24+00:00,autodata/mod-17368.html.gz,ok,
modification,mercedes-benz,mercedes-benz/e-class,https://www.auto-data.net/en/mercedes-benz-e-class-w212-e-300-blueefficiency-v6-252hp-7g-tronic-plus-52833,200,74003,238ea2b2e74447c5a926b403a302f5d43ccf3ff748c797034b7e9112821f2efe,2026-10-02T17:29:28+00:00,autodata/mod-52833.html.gz,ok,
modification,mercedes-benz,mercedes-benz/e-class,https://www.auto-data.net/en/mercedes-benz-e-class-w212-e-300-blueefficiency-v6-252hp-4matic-7g-tronic-plus-52834,200,74433,5a0ef076ca08690772950bd60698aabaa6c7e7a4f4ad5206700c9f327fd75f62,2026-10-02T17:29:33+00:00,autodata/mod-52834.html.gz,ok,
modification,mercedes-benz,mercedes-benz/e-class,https://www.auto-data.net/en/mercedes-benz-e-class-w212-e-300-v6-231hp-7g-tronic-54520,200,68957,f3358059264044e894c0d05b0e99764ccded63aa5cfa79e19b8dd2ab09fb17d6,2026-10-02T17:29:37+00:00,autodata/mod-54520.html.gz,ok,
modification,mercedes-benz,mercedes-benz/e-class,https://www.auto-data.net/en/mercedes-benz-e-class-w212-e-300-cdi-blueefficiency-v6-231hp-7g-tronic-plus-44934,200,73768,a2c3f918445ea9b5387e1d695bad7b8e1830cb79f937fee5e676068bbda90cf1,2026-10-02T17:29:40+00:00,autodata/mod-44934.html.gz,ok,
modification,mercedes-benz,mercedes-benz/e-class,https://www.auto-data.net/en/mercedes-benz-e-class-w212-e-300-cdi-blueefficiency-v6-204hp-7g-tronic-52835,200,73605,8b7723110f09ab54cf9324b3f3f8435b30a331bb1dd38f78f9969871c22627a8,2026-10-02T17:29:42+00:00,autodata/mod-52835.html.gz,ok,
modification,mercedes-benz,mercedes-benz/e-class,https://www.auto-data.net/en/mercedes-benz-e-class-w212-e-300-bluetec-hybrid-204hp-7g-tronic-plus-12846,200,66321,2e24609402f1736835e09b72e57a3a52abfd6d4c206e9b42d592b18acd6867fe,2026-10-02T17:29:45+00:00,autodata/mod-12846.html.gz,ok,
model,mercedes-benz,mercedes-benz/s-class,https://www.auto-data.net/en/mercedes-benz-s-class-model-1394,200,71640,2d2fc6ada4cdd724bf043dd56c484e3221f6a5337cdbf8f430bb2d91cfcd4d2f,2026-10-02T17:29:50+00:00,autodata/model-s-class.html.gz,ok,
generation,mercedes-benz,mercedes-benz/s-class,https://www.auto-data.net/en/mercedes-benz-maybach-s-class-z223-facelift-2026-generation-11139,200,48526,f3016e74016b7bbc071ef2d950c9bf294be44a8a6e2c90c570a973a98ebbecfd,2026-10-02T17:29:54+00:00,autodata/gen-11139.html.gz,ok,
modification,mercedes-benz,mercedes-benz/s-class,https://www.auto-data.net/en/mercedes-benz-maybach-s-class-z223-facelift-2026-s-580-v8-537hp-eq-boost-4matic-9g-tronic-56747,200,59631,1df3ee07b03e266a3ad2470cfff658d9e065771edfd54538c9c3a8b33f2e2dc6,2026-10-02T17:29:59+00:00,autodata/mod-56747.html.gz,ok,
modification,mercedes-benz,mercedes-benz/s-class,https://www.auto-data.net/en/mercedes-benz-maybach-s-class-z223-facelift-2026-s-580-e-585hp-eq-hybrid-4matic-9g-tronic-56748,200,61172,2e634f192b1e60affa0f5efb4708c57d04f0e81a47aaf6317c75c98464944de8,2026-10-02T17:30:03+00:00,autodata/mod-56748.html.gz,ok,
generation,mercedes-benz,mercedes-benz/s-class,https://www.auto-data.net/en/mercedes-benz-s-class-w223-facelift-2026-generation-11047,200,40315,c485b0319bbe9ec30c4da9f8c65e88dde00a998324ba1fe43918ef7b67629291,2026-10-02T17:30:06+00:00,autodata/gen-11047.html.gz,ok,
modification,mercedes-benz,mercedes-benz/s-class,https://www.auto-data.net/en/mercedes-benz-s-class-w223-facelift-2026-s-580e-585hp-eq-hybrid-4matic-9g-tronic-56284,200,53252,1d8d2e5b40674a57666f596926f29a98bafc246082d5e601b9279f81da07dca6,2026-10-02T17:30:11+00:00,autodata/mod-56284.html.gz,ok,
modification,mercedes-benz,mercedes-benz/s-class,https://www.auto-data.net/en/mercedes-benz-s-class-w223-facelift-2026-s-580-v8-537hp-eq-boost-4matic-9g-tronic-56282,200,51806,ad19c8136f8b2b6abc9016d0cef72f4078ce08138ff4cc38a2f6820195816b17,2026-10-02T17:30:13+00:00,autodata/mod-56282.html.gz,ok,
modification,mercedes-benz,mercedes-benz/s-class,https://www.auto-data.net/en/mercedes-benz-s-class-w223-facelift-2026-s-500-449hp-eq-boost-4matic-9g-tronic-56281,200,51743,834f324b71492e16aab99234e37ac61d93be3f3892de94dd0b7d9488fa2b51d2,2026-10-02T17:30:16+00:00,autodata/mod-56281.html.gz,ok,
modification,mercedes-benz,mercedes-benz/s-class,https://www.auto-data.net/en/mercedes-benz-s-class-w223-facelift-2026-s-450-381hp-eq-boost-4matic-9g-tronic-56280,200,51832,cd9d26d3c30826ab866935963399d37da114adfdf0c2b115a6c0030a6b8f2346,2026-10-02T17:30:20+00:00,autodata/mod-56280.html.gz,ok,
generation,mercedes-benz,mercedes-benz/s-class,https://www.auto-data.net/en/mercedes-benz-maybach-s-class-z223-generation-7982,200,69595,5de6258625f267c799f7e4457853bd70289059990d2350246fb7441749c7539e,2026-10-02T17:30:23+00:00,autodata/gen-7982.html.gz,ok,
modification,mercedes-benz,mercedes-benz/s-class,https://www.auto-data.net/en/mercedes-benz-maybach-s-class-z223-s-580e-510hp-eq-hybrid-4matic-9g-tronic-55536,200,83604,0d5660dc1e347accded1b4f68737f5275271cbe3b92adf591b63be76ba7ad1fe,2026-10-02T17:30:28+00:00,autodata/mod-55536.html.gz,ok,
modification,mercedes-benz,mercedes-benz/s-class,https://www.auto-data.net/en/mercedes-benz-maybach-s-class-z223-s-580-v8-503hp-eq-boost-4matic-9g-tronic-43448,200,82616,690e3b591e3dca792e7441bf0ad4c1c21d3a2331c764ed3a2bf236af7874310f,2026-10-02T17:30:31+00:00,autodata/mod-43448.html.gz,ok,
generation,mercedes-benz,mercedes-benz/s-class,https://www.auto-data.net/en/mercedes-benz-s-class-w223-generation-7908,200,61320,13f55669fb5d73256fc8beeb516c484cc44fa6043f023fb2ca3cdeb320d7e289,2026-10-02T17:30:34+00:00,autodata/gen-7908.html.gz,ok,
modification,mercedes-benz,mercedes-benz/s-class,https://www.auto-data.net/en/mercedes-benz-s-class-w223-s-580e-510hp-plug-in-hybrid-9g-tronic-44006,200,56875,347a26a3b78e1d7a9113c8fdf9775b5d76df0e57b8178961c590fd589212f27d,2026-10-02T17:30:38+00:00,autodata/mod-44006.html.gz,ok,
modification,mercedes-benz,mercedes-benz/s-class,https://www.auto-data.net/en/mercedes-benz-s-class-w223-s-580e-510hp-plug-in-hybrid-4matic-9g-tronic-45085,200,57204,0ba19df922df3ed37d74d1574c5125e7ae6da7bc933e9553981c25ef6988e754,2026-10-02T17:30:40+00:00,autodata/mod-45085.html.gz,ok,
modification,mercedes-benz,mercedes-benz/s-class,https://www.auto-data.net/en/mercedes-benz-s-class-w223-s-580-v8-503hp-eq-boost-4matic-9g-tronic-43453,200,71704,afce46e3c777d101ef49730cc493989b5a5e6ba83fef2ca996cc396bbedc65b3,2026-10-02T17:30:45+00:00,autodata/mod-43453.html.gz,ok,
modification,mercedes-benz,mercedes-benz/s-class,https://www.auto-data.net/en/mercedes-benz-s-class-w223-s-500-449hp-eq-boost-4matic-9g-tronic-51738,200,71046,ae58cd0563c969e2354dac6d74b11745bdc730c8138ecc01c6060c0c99df9b29,2026-10-02T17:30:47+00:00,autodata/mod-51738.html.gz,ok,
modification,mercedes-benz,mercedes-benz/s-class,https://www.auto-data.net/en/mercedes-benz-s-class-w223-s-500-435hp-eq-boost-4matic-9g-tronic-41084,200,72037,817026fb19df8b0f646687ffd642d5975f713dbc861b78550245f6c2be4bcf7b,2026-10-02T17:30:51+00:00,autodata/mod-41084.html.gz,ok,
modification,mercedes-benz,mercedes-benz/s-class,https://www.auto-data.net/en/mercedes-benz-s-class-w223-s-450-381hp-eq-boost-4matic-9g-tronic-51737,200,70990,ec101974dc0f330d8314f0e29e31a6f7049498791ebec19b1654a03dc7b66795,2026-10-02T17:30:55+00:00,autodata/mod-51737.html.gz,ok,
modification,mercedes-benz,mercedes-benz/s-class,https://www.auto-data.net/en/mercedes-benz-s-class-w223-s-450-367hp-eq-boost-4matic-9g-tronic-41083,200,72026,5769c54e2fccdc7c726df345dcd71d6a64352e6c51196e241f99fa0517ba5e01,2026-10-02T17:30:58+00:00,autodata/mod-41083.html.gz,ok,
generation,mercedes-benz,mercedes-benz/s-class,https://www.auto-data.net/en/mercedes-benz-s-class-w222-facelift-2017-generation-5471,200,54217,d44a385d30d0a59b5dc5c562758c8e655488541aeab30105dbf20ff9a136a89a,2026-10-02T17:31:01+00:00,autodata/gen-5471.html.gz,ok,
modification,mercedes-benz,mercedes-benz/s-class,https://www.auto-data.net/en/mercedes-benz-s-class-w222-facelift-2017-s-560-v8-469hp-g-tronic-31875,200,63237,e045433539a2154965b4a507520dd6e217ead8409a9297953b3bee772306bfb0,2026-10-02T17:31:05+00:00,autodata/mod-31875.html.gz,ok,
modification,mercedes-benz,mercedes-benz/s-class,https://www.auto-data.net/en/mercedes-benz-s-class-w222-facelift-2017-s-560-v8-469hp-4matic-g-tronic-29964,200,63589,68d76bc745ef6b18ac0990527ac0be95653f014d7cf87cd416277bf7363eeb28,2026-10-02T17:31:10+00:00,autodata/mod-29964.html.gz,ok,
modification,mercedes-benz,mercedes-benz/s-class,https://www.auto-data.net/en/mercedes-benz-s-class-w222-facelift-2017-s-500-435hp-eq-boost-g-tronic-31876,200,65065,1127735b5db5da90ad0245000d146c2317187d3a21451029f7d57bb2ad7cec33,2026-10-02T17:31:15+00:00,autodata/mod-31876.html.gz,ok,
modification,mercedes-benz,mercedes-benz/s-class,https://www.auto-data.net/en/mercedes-benz-s-class-w222-facelift-2017-s-450-367hp-eq-boost-g-tronic-30764,200,65417,a6715b3fe70bf0daff3c7604952c53bff11ebcc8d6ebd2ff759e97575519910f,2026-10-02T17:31:17+00:00,autodata/mod-30764.html.gz,ok,
modification,mercedes-benz,mercedes-benz/s-class,https://www.auto-data.net/en/mercedes-benz-s-class-w222-facelift-2017-s-450-367hp-eq-boost-4matic-g-tronic-31097,200,66146,38a1085a37c706fb492e52a4ee301bee9b7b47b833dd6d512b561b152369a6bc,2026-10-02T17:31:20+00:00,autodata/mod-31097.html.gz,ok,
generation,mercedes-benz,mercedes-benz/s-class,https://www.auto-data.net/en/mercedes-benz-s-class-coupe-c217-facelift-2017-generation-5941,200,55928,b1c51e0e34df993cf001fd66d3b8919ac491807cd190aed644738c954c5e7092,2026-10-02T17:31:24+00:00,autodata/gen-5941.html.gz,ok,
modification,mercedes-benz,mercedes-benz/s-class,https://www.auto-data.net/en/mercedes-benz-s-class-coupe-c217-facelift-2017-amg-s-65-630hp-g-tronic-31956,200,64588,1eb487db939f1635aa0011fbe30cc568a1a5135d7329c9cb2e50f9e7ce52aa3a,2026-10-02T17:31:26+00:00,autodata/mod-31956.html.gz,ok,
modification,mercedes-benz,mercedes-benz/s-class,https://www.auto-data.net/en/mercedes-benz-s-class-coupe-c217-facelift-2017-amg-s-63-612hp-4matic-mct-31955,200,65805,94bff1a72cbfe333c73257e367a4461f00e5eb3b9d02b739762cf9c56044df95,2026-10-02T17:31:29+00:00,autodata/mod-31955.html.gz,ok,
modification,mercedes-benz,mercedes-benz/s-class,https://www.auto-data.net/en/mercedes-benz-s-class-coupe-c217-facelift-2017-s-560-469hp-g-tronic-31953,200,65764,ff9e61d2b42e1e7da8f6cb2cd093f0108c9523508b5b0591207ce2919191d7b5,2026-10-02T17:31:34+00:00,autodata/mod-31953.html.gz,ok,
modification,mercedes-benz,mercedes-benz/s-class,https://www.auto-data.net/en/mercedes-benz-s-class-coupe-c217-facelift-2017-s-560-469hp-4matic-g-tronic-31954,200,66129,1a62feab0f3fee4a43573cf4d244e26bf2eaeb5dfb8cf74e6aae9e27731fb9bf,2026-10-02T17:31:37+00:00,autodata/mod-31954.html.gz,ok,
modification,mercedes-benz,mercedes-benz/s-class,https://www.auto-data.net/en/mercedes-benz-s-class-coupe-c217-facelift-2017-s-450-367hp-4matic-g-tronic-31952,200,66141,655f2c06170c58a8862f09ff669f9655eb4e3507d377b2f462404628626675f5,2026-10-02T17:31:40+00:00,autodata/mod-31952.html.gz,ok,
generation,mercedes-benz,mercedes-benz/s-class,https://www.auto-data.net/en/mercedes-benz-s-class-cabriolet-a217-facelift-2017-generation-5942,200,53266,b096812ba14adc079e81fa3658937c87193c607e38e36471efa171c74d494b4f,2026-10-02T17:31:44+00:00,autodata/gen-5942.html.gz,ok,
modification,mercedes-benz,mercedes-benz/s-class,https://www.auto-data.net/en/mercedes-benz-s-class-cabriolet-a217-facelift-2017-amg-s-65-630hp-g-tronic-31960,200,53187,2f065a13ad979abdb9a80ca6ddd99675d846865143198fbbfd5c9644fce2b68c,2026-10-02T17:31:47+00:00,autodata/mod-31960.html.gz,ok,
modification,mercedes-benz,mercedes-benz/s-class,https://www.auto-data.net/en/mercedes-benz-s-class-cabriolet-a217-facelift-2017-amg-s-63-612hp-4matic-mct-31959,200,57573,6d33152ba9cf471003474a2b85c40a448030906df6909481db66d37062478e64,2026-10-02T17:31:50+00:00,autodata/mod-31959.html.gz,ok,
modification,mercedes-benz,mercedes-benz/s-class,https://www.auto-data.net/en/mercedes-benz-s-class-cabriolet-a217-facelift-2017-s-560-469hp-g-tronic-31958,200,53696,500830857c0b1344b66db23e9259819e4a604d8d2030041739740fc83833b90f,2026-10-02T17:31:53+00:00,autodata/mod-31958.html.gz,ok,
generation,mercedes-benz,mercedes-benz/s-class,https://www.auto-data.net/en/mercedes-benz-maybach-s-class-x222-facelift-2017-generation-5472,200,53401,4d491fbb060d4d8d20d8d9bea4e740768593ec962210f111c4ff7d23ec5d2785,2026-10-02T17:31:57+00:00,autodata/gen-5472.html.gz,ok,
modification,mercedes-benz,mercedes-benz/s-class,https://www.auto-data.net/en/mercedes-benz-maybach-s-class-x222-facelift-2017-s-560-v8-469hp-g-tronic-30685,200,62735,04606ffbc8a8e74b3f3e0206321d972933ed38f46f64ca7dd6194181b4fa2c2e,2026-10-02T17:32:00+00:00,autodata/mod-30685.html.gz,ok,
modification,mercedes-benz,mercedes-benz/s-class,https://www.auto-data.net/en/mercedes-benz-maybach-s-class-x222-facelift-2017-s-560-v8-469hp-4matic-g-tronic-30022,200,56943,928ff6ce3c695f433fc2bee34e3b8c99d482e4e85efd9b35c69179349c5347fb,2026-10-02T17:32:03+00:00,autodata/mod-30022.html.gz,ok,
generation,mercedes-benz,mercedes-benz/s-class,https://www.auto-data.net/en/mercedes-benz-maybach-s-class-cabriolet-generation-5360,200,46756,abe3028f090175ad22c50f00d3eaa05e9a943c9808e1a381b085b7edf95d7c53,2026-10-02T17:32:08+00:00,autodata/gen-5360.html.gz,ok,
generation,mercedes-benz,mercedes-benz/s-class,https://www.auto-data.net/en/mercedes-benz-maybach-s-class-x222-generation-4970,200,47374,6ca152e4b76f38647edfd367f2751562a9c8d41defee1a486f085a06364c92c6,2026-10-02T17:32:12+00:00,autodata/gen-4970.html.gz,ok,
modification,mercedes-benz,mercedes-benz/s-class,https://www.auto-data.net/en/mercedes-benz-maybach-s-class-x222-s-600-v12-530hp-g-tronic-24375,200,57350,00c5b9c3dd7579114d6d8504511254ca0819b41082601bef45ca48242f380b09,2026-10-02T17:32:14+00:00,autodata/mod-24375.html.gz,ok,
modification,mercedes-benz,mercedes-benz/s-class,https://www.auto-data.net/en/mercedes-benz-maybach-s-class-x222-s-500-v8-456hp-g-tronic-24345,200,57408,a856c530dd75ebcdf41497819b43a0d92924340311601e0fb978d2a99767717e,2026-10-02T17:32:17+00:00,autodata/mod-24345.html.gz,ok,
modification,mercedes-benz,mercedes-benz/s-class,https://www.auto-data.net/en/mercedes-benz-maybach-s-class-x222-s-500-v8-456hp-4matic-g-tronic-24384,200,57754,77bcff7d3eecc8b36f1959c0ba57f0b32af6688789a831480c1b727371f6b006,2026-10-02T17:32:21+00:00,autodata/mod-24384.html.gz,ok,
generation,mercedes-benz,mercedes-benz/s-class,https://www.auto-data.net/en/mercedes-benz-s-class-cabriolet-a217-generation-4657,200,51869,350bcb5ed87f02f1f3627a9b5dca1552f5291a466f407494ec695acd377d6d01,2026-10-02T17:32:25+00:00,autodata/gen-4657.html.gz,ok,
modification,mercedes-benz,mercedes-benz/s-class,https://www.auto-data.net/en/mercedes-benz-s-class-cabriolet-a217-amg-s-65-v12-630hp-g-tronic-23363,200,62015,7e40b8a8a2e7d400c7547858c60903014406ac1ba3f467964967de12774f3f63,2026-10-02T17:32:28+00:00,autodata/mod-23363.html.gz,ok,
modification,mercedes-benz,mercedes-benz/s-class,https://www.auto-data.net/en/mercedes-benz-s-class-cabriolet-a217-amg-s-63-v8-585hp-4matic-mct-22588,200,60539,4369f45f746b2c28e128379ad93001e04f81965ceb11b1ffc5c330624299afa3,2026-10-02T17:32:31+00:00,autodata/mod-22588.html.gz,ok,
modification,mercedes-benz,mercedes-benz/s-class,https://www.auto-data.net/en/mercedes-benz-s-class-cabriolet-a217-s-500-v8-456hp-g-tronic-22586,200,61214,c00f622fd125850f2281f80ed7d47337393a2e5012e000be4c10b67c3ef78c0d,2026-10-02T17:32:36+00:00,autodata/mod-22586.html.gz,ok,
generation,mercedes-benz,mercedes-benz/s-class,https://www.auto-data.net/en/mercedes-benz-s-class-coupe-c217-generation-4376,200,63477,26aa21e3468cfd23e279dbee9269a5e1b77b54d09b82e66b628292aab4ac6f83,2026-10-02T17:32:38+00:00,autodata/gen-4376.html.gz,ok,
modification,mercedes-benz,mercedes-benz/s-class,https://www.auto-data.net/en/mercedes-benz-s-class-coupe-c217-amg-s-65-v12-630hp-amg-speedshift-mct-20891,200,73326,e51d23225be0b36d5881848b1a43f6a55b31022a78e641e60005dcca3b4eaa09,2026-10-02T17:32:41+00:00,autodata/mod-20891.html.gz,ok,
modification,mercedes-benz,mercedes-benz/s-class,https://www.auto-data.net/en/mercedes-benz-s-class-coupe-c217-amg-s-63-v8-585hp-amg-speedshift-mct-20890,200,73265,4548b57761ae86492f2f39c200448649e4493d48b3c57e4a9da0292b9ec3c072,2026-10-02T17:32:43+00:00,autodata/mod-20890.html.gz,ok,
modification,mercedes-benz,mercedes-benz/s-class,https://www.auto-data.net/en/mercedes-benz-s-class-coupe-c217-amg-s-63-v8-585hp-4matic-amg-speedshift-mct-20915,200,73858,fb4931ee53d048df602e176aeb86a1ffeaa0bed80c5aa5266d7f3d87bd3841e1,2026-10-02T17:32:48+00:00,autodata/mod-20915.html.gz,ok,
modification,mercedes-benz,mercedes-benz/s-class,https://www.auto-data.net/en/mercedes-benz-s-class-coupe-c217-s-500-v8-455hp-4matic-9g-tronic-52911,200,72785,3241023ec2e47a89edb49f24ace83c0fd9626b9fcb7aeaa6336333f54d09c9d8,2026-10-02T17:32:50+00:00,autodata/mod-52911.html.gz,ok,
modification,mercedes-benz,mercedes-benz/s-class,https://www.auto-data.net/en/mercedes-benz-s-class-coupe-c217-s-500-v8-455hp-4matic-7g-tronic-plus-20956,200,73227,eb24ac7f4dd1cd58fd33786faac9050bfcb6fd0fdd55cfe25c7dd0a293d42c1a,2026-10-02T17:32:54+00:00,autodata/mod-20956.html.gz,ok,
modification,mercedes-benz,mercedes-benz/s-class,https://www.auto-data.net/en/mercedes-benz-s-class-coupe-c217-s-500-455hp-g-tronic-20889,200,70271,e8fa9bb75ee626f4d6854b540ab6dee25e7c8fc8924d3e1acaf6aa5c3e354237,2026-10-02T17:32:57+00:00,autodata/mod-20889.html.gz,ok,
generation,mercedes-benz,mercedes-benz/s-class,https://www.auto-data.net/en/mercedes-benz-s-class-w222-generation-4130,200,48495,f881c87d295bd50209f397250e7097dc81dea3aa711d094b1a2412aad2e5a744,2026-10-02T17:33:01+00:00,autodata/gen-4130.html.gz,ok,
modification,mercedes-benz,mercedes-benz/s-class,https://www.auto-data.net/en/mercedes-benz-s-class-w222-amg-s-63-585hp-speedshift-18886,200,54854,b6e7fae074021874c7c1c8dc8bbd7e0c4f8a3541a0ce11ea40c6f2728507dd4c,2026-10-02T17:33:04+00:00,autodata/mod-18886.html.gz,ok,
modification,mercedes-benz,mercedes-benz/s-class,https://www.auto-data.net/en/mercedes-benz-s-class-w222-s-500-v8-455hp-9g-tronic-43403,200,56454,c7078d06f6404a11da8cfcec02bede6229e85007ba8516aa24f24c7ab1f08cb1,2026-10-02T17:33:06+00:00,autodata/mod-43403.html.gz,ok,
modification,mercedes-benz,mercedes-benz/s-class,https://www.auto-data.net/en/mercedes-benz-s-class-w222-s-500-v8-455hp-4matic-9g-tronic-43404,200,57068,2a1ba650261a2e3c989d2951205b9051523c34db74864c4f80ec8dc2b035ed76,2026-10-02T17:33:10+00:00,autodata/mod-43404.html.gz,ok,
modification,mercedes-benz,mercedes-benz/s-class,https://www.auto-data.net/en/mercedes-benz-s-class-w222-s-500-455hp-7g-tronic-18884,200,55141,cc01a72c1778d7dae470d0ee418172df6e738f66a10d13431a3df05b2f7485d9,2026-10-02T17:33:15+00:00,autodata/mod-18884.html.gz,ok,
modification,mercedes-benz,mercedes-benz/s-class,https://www.auto-data.net/en/mercedes-benz-s-class-w222-s-500-455hp-4matic-7g-tronic-18883,200,55496,7b8b5bb58d8f12d8858eb498260e02c39f579b1271dd35cf522c7f5d8ad27f77,2026-10-02T17:33:20+00:00,autodata/mod-18883.html.gz,ok,
generation,mercedes-benz,mercedes-benz/s-class,https://www.auto-data.net/en/mercedes-benz-s-class-w221-facelift-2009-generation-7081,200,56885,a08fd651b4fba2450f88dc1462eaebbbfafc6b1a8175ab59ff77c1310bb2ed3d,2026-10-02T17:33:24+00:00,autodata/gen-7081.html.gz,ok,
modification,mercedes-benz,mercedes-benz/s-class,https://www.auto-data.net/en/mercedes-benz-s-class-w221-facelift-2009-amg-s-63-v8-544hp-amg-speedshift-mct-36974,200,63239,c514abbac6f70d9540040104a8e6ff515625864e507e0216fd2b8a122bddd15e,2026-10-02T17:33:27+00:00,autodata/mod-36974.html.gz,ok,
modification,mercedes-benz,mercedes-benz/s-class,https://www.auto-data.net/en/mercedes-benz-s-class-w221-facelift-2009-amg-s-63-v8-525hp-amg-speedshift-7g-tronic-36919,200,63756,81439481db98eca462043bb6cbd2918b19754aa6c19c03420bb46e5e41ee3857,2026-10-02T17:33:32+00:00,autodata/mod-36919.html.gz,ok,
modification,mercedes-benz,mercedes-benz/s-class,https://www.auto-data.net/en/mercedes-benz-s-class-w221-facelift-2009-s-500-blueefficiency-435hp-g-tronic-36929,200,62039,33e02c53d43334207c44936617e844d6056190b3cd5944a2eda3f0203e298c93,2026-10-02T17:33:35+00:00,autodata/mod-36929.html.gz,ok,
modification,mercedes-benz,mercedes-benz/s-class,https://www.auto-data.net/en/mercedes-benz-s-class-w221-facelift-2009-s-500-blueefficiency-435hp-4matic-g-tronic-36930,200,62263,186cb5893749a6ea62a7ea3b391021fc9b24c4b50c6a523db3cd1dfd4d75cc6e,2026-10-02T17:33:37+00:00,autodata/mod-36930.html.gz,ok,
modification,mercedes-benz,mercedes-benz/s-class,https://www.auto-data.net/en/mercedes-benz-s-class-w221-facelift-2009-s-500-v8-388hp-g-tronic-36917,200,61092,9fb14be0929e62b633cc7d74e86f9c91050fda49f5f67c8cebb87df5d5ec93fd,2026-10-02T17:33:42+00:00,autodata/mod-36917.html.gz,ok,
modification,mercedes-benz,mercedes-benz/s-class,https://www.auto-data.net/en/mercedes-benz-s-class-w221-facelift-2009-s-500-v8-388hp-4matic-g-tronic-36918,200,61449,cf24356fd2802d35f84d6a0b6a0b35fd6ebfe4e647e7b86bae2e9af781112eae,2026-10-02T17:33:46+00:00,autodata/mod-36918.html.gz,ok,
modification,mercedes-benz,mercedes-benz/s-class,https://www.auto-data.net/en/mercedes-benz-s-class-w221-facelift-2009-s-450-v8-340hp-g-tronic-36915,200,61084,eff7b1e713cef6bb231d961e59dd4976c1a2dc072ed5dd295e249d309eb7d5bc,2026-10-02T17:33:49+00:00,autodata/mod-36915.html.gz,ok,
modification,mercedes-benz,mercedes-benz/s-class,https://www.auto-data.net/en/mercedes-benz-s-class-w221-facelift-2009-s-450-v8-340hp-4matic-g-tronic-36916,200,61431,e78d4d399b01b3eb76361bcc0583901837737473d86507cc93cd45e8abea756b,2026-10-02T17:33:54+00:00,autodata/mod-36916.html.gz,ok,
modification,mercedes-benz,mercedes-benz/s-class,https://www.auto-data.net/en/mercedes-benz-s-class-w221-facelift-2009-s-450-cdi-v8-320hp-g-tronic-36906,200,61279,534d0a83bcbfd1bb281efc723f85c8a502015a30423205aa752a7c0d080435f9,2026-10-02T17:33:59+00:00,autodata/mod-36906.html.gz,ok,
model,mercedes-benz,mercedes-benz/gla,https://www.auto-data.net/en/mercedes-benz-gla-model-2017,200,43061,58dff394e95af72bd1df5f806388ff2316b071d88eae64deda07344c766ba5a2,2026-10-02T17:34:04+00:00,autodata/model-gla.html.gz,ok,
generation,mercedes-benz,mercedes-benz/gla,https://www.auto-data.net/en/mercedes-benz-gla-h248-generation-11397,200,32531,f6017dad85c2544d6e56a0a26b110fa93e990818816dd245c0b6d78400316578,2026-10-02T17:34:07+00:00,autodata/gen-11397.html.gz,ok,
generation,mercedes-benz,mercedes-benz/gla,https://www.auto-data.net/en/mercedes-benz-gla-h244-generation-11396,200,37317,b9a0fc897c4f846e363aacf981a39874534bb62999ab7fb82e68c40eb27f9bf4,2026-10-02T17:34:10+00:00,autodata/gen-11396.html.gz,ok,
modification,mercedes-benz,mercedes-benz/gla,https://www.auto-data.net/en/mercedes-benz-gla-h244-gla-250-85-kwh-272hp-electric-57572,200,51788,0b03da8e11627cf16510c7df37c9c58647ea8ac15a902c1544c94ecc01b51487,2026-10-02T17:34:14+00:00,autodata/mod-57572.html.gz,ok,
generation,mercedes-benz,mercedes-benz/gla,https://www.auto-data.net/en/mercedes-benz-gla-h247-facelift-2023-generation-9687,200,44594,f1fc0a1dc1705aa7d7610c2b7703bd22e703ff02353815692f32b72008f5dc8d,2026-10-02T17:34:18+00:00,autodata/gen-9687.html.gz,ok,
modification,mercedes-benz,mercedes-benz/gla,https://www.auto-data.net/en/mercedes-benz-gla-h247-facelift-2023-amg-gla-45-s-421hp-4matic-amg-speedshift-dct-8g-51785,200,60703,d7735a06085a77be7f46f2db848706b64693d04dddadd2e752613b95204b849f,2026-10-02T17:34:20+00:00,autodata/mod-51785.html.gz,ok,
modification,mercedes-benz,mercedes-benz/gla,https://www.auto-data.net/en/mercedes-benz-gla-h247-facelift-2023-amg-gla-35-306hp-mild-hybrid-4matic-amg-speedshift-dct-8g-50040,200,62568,011cf28ee89c1d8fa0faf0aa3ab2b097fb0331eeb8d9522cb53cb07067eddafb,2026-10-02T17:34:24+00:00,autodata/mod-50040.html.gz,ok,
modification,mercedes-benz,mercedes-benz/gla,https://www.auto-data.net/en/mercedes-benz-gla-h247-facelift-2023-gla-250-224hp-mild-hybrid-4matic-8g-dct-50034,200,61447,00de5d69fdab7b82649cace8c65952147c6dfbef7b5043cad1b2a4bdd6c5ff02,2026-10-02T17:34:29+00:00,autodata/mod-50034.html.gz,ok,
modification,mercedes-benz,mercedes-benz/gla,https://www.auto-data.net/en/mercedes-benz-gla-h247-facelift-2023-gla-250-221hp-mild-hybrid-8g-dct-52407,200,57736,88a00a9e69c3ffb3a329b3931b817a0e61b31c734bc9851818120759cb8cb273,2026-10-02T17:34:32+00:00,autodata/mod-52407.html.gz,ok,
generation,mercedes-benz,mercedes-benz/gla,https://www.auto-data.net/en/mercedes-benz-gla-h247-generation-7468,200,53646,2d8a64454bbc750445b406970d37f36c91c0f7b72a25f458aa8537be0b9436a6,2026-10-02T17:34:35+00:00,autodata/gen-7468.html.gz,ok,
modification,mercedes-benz,mercedes-benz/gla,https://www.auto-data.net/en/mercedes-benz-gla-h247-amg-gla-45-s-421hp-4matic-dct-39250,200,47595,3e44b03694907fdfb87172e1e21ca161076136e74dc49b9754e68d542678c795,2026-10-02T17:34:37+00:00,autodata/mod-39250.html.gz,ok,
modification,mercedes-benz,mercedes-benz/gla,https://www.auto-data.net/en/mercedes-benz-gla-h247-amg-gla-45-387hp-4matic-dct-39249,200,61426,3b75eb3fdba1a39e5b357f19cf10e6ad6bc2f854c4f6ea1fddb61e14e0728ff3,2026-10-02T17:34:39+00:00,autodata/mod-39249.html.gz,ok,
modification,mercedes-benz,mercedes-benz/gla,https://www.auto-data.net/en/mercedes-benz-gla-h247-amg-gla-35-306hp-4matic-dct-38235,200,51470,5b3d979fd21bd3f99c1550ca96785fca96f6e530a2304d92c155b8f4c39bf8cb,2026-10-02T17:34:44+00:00,autodata/mod-38235.html.gz,ok,
modification,mercedes-benz,mercedes-benz/gla,https://www.auto-data.net/en/mercedes-benz-gla-h247-gla-250-224hp-dct-39080,200,65712,af3e5c7855f9a691c0a2768ff299264ea33146fded99b1e046a228d3f38d8be5,2026-10-02T17:34:48+00:00,autodata/mod-39080.html.gz,ok,
modification,mercedes-benz,mercedes-benz/gla,https://www.auto-data.net/en/mercedes-benz-gla-h247-gla-250-224hp-4matic-dct-39081,200,54743,9922bb6d726d1df91e648952be34314873b7d6023bc75c304a4d61dcdeeb70de,2026-10-02T17:34:51+00:00,autodata/mod-39081.html.gz,ok,
generation,mercedes-benz,mercedes-benz/gla,https://www.auto-data.net/en/mercedes-benz-gla-x156-facelift-2017-generation-5291,200,51601,b93214ddc57e37d6565899c76b1d6cbae5d02f7dface709d0b4f1ac9bf12f182,2026-10-02T17:34:53+00:00,autodata/gen-5291.html.gz,ok,
modification,mercedes-benz,mercedes-benz/gla,https://www.auto-data.net/en/mercedes-benz-gla-x156-facelift-2017-amg-gla-45-381hp-4matic-amg-speedshift-dct-27674,200,64199,d78e43d66738f4e5d98114258d8c8336509031d4601e3920b4ec63bd0b03428a,2026-10-02T17:34:58+00:00,autodata/mod-27674.html.gz,ok,
modification,mercedes-benz,mercedes-benz/gla,https://www.auto-data.net/en/mercedes-benz-gla-x156-facelift-2017-gla-250-211hp-7g-dct-27507,200,63659,8a0890c5d6ed0abe3280d24324fb98f4da717fb44e2457de94c3d89fb72ce99b,2026-10-02T17:35:00+00:00,autodata/mod-27507.html.gz,ok,
modification,mercedes-benz,mercedes-benz/gla,https://www.auto-data.net/en/mercedes-benz-gla-x156-facelift-2017-gla-250-211hp-4matic-7g-dct-27514,200,64482,9041f4859695f1e59eea4368781b9d4038e9ce4a91db38f55e5c47d63cfc9ac8,2026-10-02T17:35:04+00:00,autodata/mod-27514.html.gz,ok,
modification,mercedes-benz,mercedes-benz/gla,https://www.auto-data.net/en/mercedes-benz-gla-x156-facelift-2017-gla-250-211hp-27440,200,63045,a9432ccb35aa9b01fe87b8947c75b9bf8b59a0d37220448715099fd8675aa0ea,2026-10-02T17:35:07+00:00,autodata/mod-27440.html.gz,ok,
generation,mercedes-benz,mercedes-benz/gla,https://www.auto-data.net/en/mercedes-benz-gla-x156-generation-4127,200,45381,d3e8fe4e71a5185b8031f63d70405b0b14de410fd60b659b00cf30e86b52e245,2026-10-02T17:35:09+00:00,autodata/gen-4127.html.gz,ok,
modification,mercedes-benz,mercedes-benz/gla,https://www.auto-data.net/en/mercedes-benz-gla-x156-amg-gla-45-381hp-4matic-amg-speedshift-dct-25534,200,58265,265ca89ea13629f41481e1b512ca4a3a470ab3c6a93079831024dd3459952532,2026-10-02T17:35:12+00:00,autodata/mod-25534.html.gz,ok,
modification,mercedes-benz,mercedes-benz/gla,https://www.auto-data.net/en/mercedes-benz-gla-x156-amg-gla-45-360hp-4matic-amg-speedshift-dct-20954,200,58279,fa6cc03a83cf71910b98cc91ca3d01ee129e763df89d645a7109f4bae8cc527c,2026-10-02T17:35:17+00:00,autodata/mod-20954.html.gz,ok,
modification,mercedes-benz,mercedes-benz/gla,https://www.auto-data.net/en/mercedes-benz-gla-x156-gla-250-211hp-7g-dct-18797,200,57637,9ca3cae98e341a5f54352153a7594ba6525c377b9116e51a5bfef00367b1a7a8,2026-10-02T17:35:20+00:00,autodata/mod-18797.html.gz,ok,
modification,mercedes-benz,mercedes-benz/gla,https://www.auto-data.net/en/mercedes-benz-gla-x156-gla-250-211hp-4matic-7g-dct-18792,200,58569,852df65726e432ddf5eaee7b654ba7cc2c58e11fd70a91df01a77caafd4a63aa,2026-10-02T17:35:24+00:00,autodata/mod-18792.html.gz,ok,
modification,mercedes-benz,mercedes-benz/gla,https://www.auto-data.net/en/mercedes-benz-gla-x156-gla-250-211hp-23351,200,58518,82717ae68a063f1fab08ab37d0a1f1c20271dfd851eaeaf2832463a581a1de5b,2026-10-02T17:35:27+00:00,autodata/mod-23351.html.gz,ok,
model,mercedes-benz,mercedes-benz/glb,https://www.auto-data.net/en/mercedes-benz-glb-model-2706,200,38115,a2ce78ce086904ec05af70732a29b98d62a64ee7265dc43b10bd6a246cca7e3f,2026-10-02T17:35:30+00:00,autodata/model-glb.html.gz,ok,
generation,mercedes-benz,mercedes-benz/glb,https://www.auto-data.net/en/mercedes-benz-glb-x248-generation-11204,200,31300,177cf0f6724ced7002daaf4f003ae2914cf05ab82ed11d7d8363f646bdc40631,2026-10-02T17:35:33+00:00,autodata/gen-11204.html.gz,ok,
generation,mercedes-benz,mercedes-benz/glb,https://www.auto-data.net/en/mercedes-benz-glb-x244-generation-10983,200,44781,89269eef9230186dbb79b56b5e088248a93c9df3a52060a2949e1b312e15022c,2026-10-02T17:35:37+00:00,autodata/gen-10983.html.gz,ok,
modification,mercedes-benz,mercedes-benz/glb,https://www.auto-data.net/en/mercedes-benz-glb-x244-glb-250-85-kwh-272hp-eq-technology-7-seat-55993,200,60427,749f2f9f9f758e3ef04e8d9e7f43e7c389f321484e70e9a655181737425a751f,2026-10-02T17:35:41+00:00,autodata/mod-55993.html.gz,ok,
modification,mercedes-benz,mercedes-benz/glb,https://www.auto-data.net/en/mercedes-benz-glb-x244-glb-250-85-kwh-272hp-eq-technology-55992,200,59857,1d2d66fae041e9abaa4c7dd3d9bdb83c739052b7649c19833f252c74e37b1b42,2026-10-02T17:35:43+00:00,autodata/mod-55992.html.gz,ok,
modification,mercedes-benz,mercedes-benz/glb,https://www.auto-data.net/en/mercedes-benz-glb-x244-glb-250-71-kwh-272hp-eq-technology-57856,200,59827,a98d46a5138d11943889e0814bcb7997619db94212dd6f7ae84972a0c0bae942,2026-10-02T17:35:46+00:00,autodata/mod-57856.html.gz,ok,
generation,mercedes-benz,mercedes-benz/glb,https://www.auto-data.net/en/mercedes-benz-glb-x247-facelift-2023-generation-9688,200,39416,c41feaaabcbd66623f4d95737faa1bbc70d3c081d2fa66fbc4241c2c6ce39ec0,2026-10-02T17:35:49+00:00,autodata/gen-9688.html.gz,ok,
modification,mercedes-benz,mercedes-benz/glb,https://www.auto-data.net/en/mercedes-benz-glb-x247-facelift-2023-amg-glb-35-306hp-mild-hybrid-4matic-amg-speedshift-dct-8g-50051,200,58368,75d3dd7de7ff3e6cbcd74f7f97a3346563fc5ad9b5cd5d2f9246be72b236be89,2026-10-02T17:35:52+00:00,autodata/mod-50051.html.gz,ok,
modification,mercedes-benz,mercedes-benz/glb,https://www.auto-data.net/en/mercedes-benz-glb-x247-facelift-2023-glb-250-224hp-mild-hybrid-4matic-8g-dct-50050,200,57320,d5135435e6175e244bd5ef6d3678debc07eabd06797cfbacb775ad827bd9db47,2026-10-02T17:35:55+00:00,autodata/mod-50050.html.gz,ok,
modification,mercedes-benz,mercedes-benz/glb,https://www.auto-data.net/en/mercedes-benz-glb-x247-facelift-2023-glb-250-221hp-mild-hybrid-8g-dct-52413,200,53619,5c594b1069349c1b8bede3d0920d63fb6c87bf09de446aa564ebc3effd507a38,2026-10-02T17:35:59+00:00,autodata/mod-52413.html.gz,ok,
generation,mercedes-benz,mercedes-benz/glb,https://www.auto-data.net/en/mercedes-benz-glb-x247-generation-7171,200,43207,e2e14464ddf4cc595017aea6bb6f6a6562b441f3520ec2aa14b9054af37129cd,2026-10-02T17:36:02+00:00,autodata/gen-7171.html.gz,ok,
modification,mercedes-benz,mercedes-benz/glb,https://www.auto-data.net/en/mercedes-benz-glb-x247-amg-glb-35-306hp-4matic-dct-37577,200,50598,76c89b4ee901acae8c17eb042ccb3931605a5d5ca6ff4729720f0a5a83d2dea8,2026-10-02T17:36:07+00:00,autodata/mod-37577.html.gz,ok,
modification,mercedes-benz,mercedes-benz/glb,https://www.auto-data.net/en/mercedes-benz-glb-x247-glb-250-224hp-dct-38430,200,57800,e0e8c48d2771443999784a9ffe01ea417fbb40c3887d6fee57b58354cfe8b9ed,2026-10-02T17:36:10+00:00,autodata/mod-38430.html.gz,ok,
modification,mercedes-benz,mercedes-benz/glb,https://www.auto-data.net/en/mercedes-benz-glb-x247-glb-250-224hp-4matic-dct-37267,200,58149,6a27c139deb68c87f36848a1db7325a61b75c9370585d4cb3fb7d88bfb93ace4,2026-10-02T17:36:13+00:00,autodata/mod-37267.html.gz,ok,
model,mercedes-benz,mercedes-benz/glc,https://www.auto-data.net/en/mercedes-benz-glc-model-2072,200,44869,9fc78b35fde2d6b67252679f8d476dcecb0d0eed60b0e8d3e85d50b659964a9a,2026-10-02T17:36:15+00:00,autodata/model-glc.html.gz,ok,
generation,mercedes-benz,mercedes-benz/glc,https://www.auto-data.net/en/mercedes-benz-glc-suv-x540-generation-10795,200,49580,6a956d09f1ddb4c032adb9b1045bf77c779f8635ba5af7e1a89e4e2d7dde0c3b,2026-10-02T17:36:19+00:00,autodata/gen-10795.html.gz,ok,
modification,mercedes-benz,mercedes-benz/glc,https://www.auto-data.net/en/mercedes-benz-glc-suv-x540-glc-300-85-kwh-421hp-4matic-eq-technology-57206,200,64832,f3b9bab60ab1f4dcdca2013a01af2860f6da1c0346403c5c8f3f9c8b2be2420e,2026-10-02T17:36:22+00:00,autodata/mod-57206.html.gz,ok,
generation,mercedes-benz,mercedes-benz/glc,https://www.auto-data.net/en/mercedes-benz-glc-coupe-c254-generation-9577,200,85902,6a47663a6fc6b6a3c0958005e017d270f65d0816af6a65a868f1df84700f2d5b,2026-10-02T17:36:25+00:00,autodata/gen-9577.html.gz,ok,
modification,mercedes-benz,mercedes-benz/glc,https://www.auto-data.net/en/mercedes-benz-glc-coupe-c254-amg-glc-63-s-e-performance-680hp-plug-in-hybrid-4matic-amg-speedshift-mct-9g-49925,200,64751,58089e065dbf676d22b52687bb39cf5991c32c9db9401314d1d7232d54a03ff5,2026-10-02T17:36:29+00:00,autodata/mod-49925.html.gz,ok,
modification,mercedes-benz,mercedes-benz/glc,https://www.auto-data.net/en/mercedes-benz-glc-coupe-c254-amg-glc-43-421hp-mild-hybrid-4matic-amg-speedshift-mct-9g-49926,200,60103,3004037abdb53d1e862d0593409d6ab4b71ad3d288dfb8c1a097f122ac5edc84,2026-10-02T17:36:32+00:00,autodata/mod-49926.html.gz,ok,
modification,mercedes-benz,mercedes-benz/glc,https://www.auto-data.net/en/mercedes-benz-glc-coupe-c254-glc-300-258hp-mild-hybrid-4matic-9g-tronic-49044,200,99277,bf4a9b5eb9b235b6761bc0c37b4616812b800b7ec3b62810b4f6bc76990a9586,2026-10-02T17:36:35+00:00,autodata/mod-49044.html.gz,ok,
generation,mercedes-benz,mercedes-benz/glc,https://www.auto-data.net/en/mercedes-benz-glc-suv-x254-generation-8900,200,71347,f9eb2efb5a72f791950c3b38f504908ca2293f5b5988a5a4ebc522b58e77a354,2026-10-02T17:36:38+00:00,autodata/gen-8900.html.gz,ok,
modification,mercedes-benz,mercedes-benz/glc,https://www.auto-data.net/en/mercedes-benz-glc-suv-x254-amg-glc-63-s-e-performance-680hp-plug-in-hybrid-4matic-amg-speedshift-mct-9g-49047,200,64478,4b8b8c5e6c3f8dc1435c29c83d418128ca8d0006cdac108c74bb13d76f8d8826,2026-10-02T17:36:43+00:00,autodata/mod-49047.html.gz,ok,
modification,mercedes-benz,mercedes-benz/glc,https://www.auto-data.net/en/mercedes-benz-glc-suv-x254-amg-glc-43-421hp-mild-hybrid-4matic-amg-speedshift-mct-9g-49042,200,58444,dc65fb2cbb83076b498e194d0525bf8e865f4a8ee97866f063cca9244c52f4d4,2026-10-02T17:36:47+00:00,autodata/mod-49042.html.gz,ok,
modification,mercedes-benz,mercedes-benz/glc,https://www.auto-data.net/en/mercedes-benz-glc-suv-x254-glc-350e-313hp-plug-in-hybrid-4matic-9g-tronic-52988,200,86094,c59f71e4388864b954b2232d34e30da8ae1f66c48ad5ebb84979ce5a67c20de6,2026-10-02T17:36:51+00:00,autodata/mod-52988.html.gz,ok,
modification,mercedes-benz,mercedes-benz/glc,https://www.auto-data.net/en/mercedes-benz-glc-suv-x254-glc-300-258hp-mild-hybrid-4matic-9g-tronic-45915,200,84457,2c9fc9148563a342c34552d663033404b012d30415f750594fbdd264ba243d76,2026-10-02T17:36:54+00:00,autodata/mod-45915.html.gz,ok,
generation,mercedes-benz,mercedes-benz/glc,https://www.auto-data.net/en/mercedes-benz-glc-coupe-c253-facelift-2019-generation-7066,200,47899,fe79d5733665adb8ddd2926d1047634d74b063963f28b9738d95dd538ef7a561,2026-10-02T17:36:57+00:00,autodata/gen-7066.html.gz,ok,
modification,mercedes-benz,mercedes-benz/glc,https://www.auto-data.net/en/mercedes-benz-glc-coupe-c253-facelift-2019-amg-glc-63-s-v8-510hp-4matic-mct-37298,200,62425,8d5a6707aa5230f38a8d9e1867bef1f18399eb9d88277e5af15188a2a459f802,2026-10-02T17:37:01+00:00,autodata/mod-37298.html.gz,ok,
modification,mercedes-benz,mercedes-benz/glc,https://www.auto-data.net/en/mercedes-benz-glc-coupe-c253-facelift-2019-amg-glc-63-v8-476hp-4matic-mct-37297,200,62317,e33734344b5896ffce2af4f4a3c0a5b316c56b29da3785fb30feae1f2e656d33,2026-10-02T17:37:04+00:00,autodata/mod-37297.html.gz,ok,
modification,mercedes-benz,mercedes-benz/glc,https://www.auto-data.net/en/mercedes-benz-glc-coupe-c253-facelift-2019-amg-glc-43-v6-390hp-4matic-tct-37650,200,62095,a94f150502716a895097cdde87ca8dd553e7a465d34d6358834d3eb4d61a9512,2026-10-02T17:37:09+00:00,autodata/mod-37650.html.gz,ok,
modification,mercedes-benz,mercedes-benz/glc,https://www.auto-data.net/en/mercedes-benz-glc-coupe-c253-facelift-2019-glc-300-258hp-eq-boost-4matic-g-tronic-37276,200,59192,2760227e2d300e350859f44425ee2196356a811b3284cdc87302ffac0e3ab266,2026-10-02T17:37:13+00:00,autodata/mod-37276.html.gz,ok,
generation,mercedes-benz,mercedes-benz/glc,https://www.auto-data.net/en/mercedes-benz-glc-suv-x253-facelift-2019-generation-7063,200,49622,4ffcf807ec27c95e88c7df5e36e8963cf121ebe9b542763094c094f002ce146a,2026-10-02T17:37:17+00:00,autodata/gen-7063.html.gz,ok,
modification,mercedes-benz,mercedes-benz/glc,https://www.auto-data.net/en/mercedes-benz-glc-suv-x253-facelift-2019-amg-glc-63-s-v8-510hp-4matic-mct-37301,200,63271,611d123a34f60cb51fb041c827a8b6b118f75fbad534a47e722097fd8e1fb4a5,2026-10-02T17:37:22+00:00,autodata/mod-37301.html.gz,ok,
modification,mercedes-benz,mercedes-benz/glc,https://www.auto-data.net/en/mercedes-benz-glc-suv-x253-facelift-2019-amg-glc-63-v8-476hp-4matic-mct-37300,200,63245,eb9e6b393126dc36e3abff4c0a1b349d002d6a266520d2870f51f9f8c4c3f9b2,2026-10-02T17:37:25+00:00,autodata/mod-37300.html.gz,ok,
modification,mercedes-benz,mercedes-benz/glc,https://www.auto-data.net/en/mercedes-benz-glc-suv-x253-facelift-2019-amg-glc-43-v6-390hp-4matic-tct-37651,200,53326,4407bd2f40ab1dbe8281b03049d4af492d2187bcf5a35c3b661762f70ea4f280,2026-10-02T17:37:29+00:00,autodata/mod-37651.html.gz,ok,
modification,mercedes-benz,mercedes-benz/glc,https://www.auto-data.net/en/mercedes-benz-glc-suv-x253-facelift-2019-glc-350e-315hp-plug-in-hybrid-4matic-9g-tronic-52989,200,64922,80491e5141765ae33664ddf245a25c2e4f4c1f31fe94de63f246d7179c93738e,2026-10-02T17:37:33+00:00,autodata/mod-52989.html.gz,ok,
modification,mercedes-benz,mercedes-benz/glc,https://www.auto-data.net/en/mercedes-benz-glc-suv-x253-facelift-2019-glc-300-258hp-eq-boost-4matic-g-tronic-37278,200,64507,12096c18cefd2fb2a7f7213e397c2b3457a820746b3f5b21b46d4976f43028da,2026-10-02T17:37:36+00:00,autodata/mod-37278.html.gz,ok,
modification,mercedes-benz,mercedes-benz/glc,https://www.auto-data.net/en/mercedes-benz-glc-suv-x253-facelift-2019-glc-300-255hp-9g-tronic-53039,200,62485,f2c7ba4ff49c1e5e9818e96351c0ab5ea473d2b3f7b3768c9509c0683ff8ec93,2026-10-02T17:37:39+00:00,autodata/mod-53039.html.gz,ok,
generation,mercedes-benz,mercedes-benz/glc,https://www.auto-data.net/en/mercedes-benz-glc-coupe-c253-generation-4960,200,44740,84ddca1204e2feaea8122892dbdd18c703ceef093aa63e4b01b7e6ddb4bced81,2026-10-02T17:37:43+00:00,autodata/gen-4960.html.gz,ok,
modification,mercedes-benz,mercedes-benz/glc,https://www.auto-data.net/en/mercedes-benz-glc-coupe-c253-amg-glc-63-s-510hp-4matic-mct-32111,200,57833,5b9eb584d0f566319b98a04fe329fa7b45962430531e8db3a94acd7971a9c751,2026-10-02T17:37:46+00:00,autodata/mod-32111.html.gz,ok,
modification,mercedes-benz,mercedes-benz/glc,https://www.auto-data.net/en/mercedes-benz-glc-coupe-c253-amg-glc-63-476hp-4matic-mct-32110,200,57803,92a0779aeeddfabfa7f53296c143674f221a681bbe9aa4ed956e1284e3d1efb8,2026-10-02T17:37:49+00:00,autodata/mod-32110.html.gz,ok,
modification,mercedes-benz,mercedes-benz/glc,https://www.auto-data.net/en/mercedes-benz-glc-coupe-c253-amg-glc-43-367hp-4matic-g-tronic-26419,200,59155,d352c916b9bd5b12ec22a1e892b2d1c7da8b7a2a1b6ce4056c83e29104b386c0,2026-10-02T17:37:53+00:00,autodata/mod-26419.html.gz,ok,
modification,mercedes-benz,mercedes-benz/glc,https://www.auto-data.net/en/mercedes-benz-glc-coupe-c253-glc-350e-320hp-4matic-g-tronic-plus-32289,200,57966,def704a3c418bdc44b030e62721e7aa29c69751a9728dd2a501add1ae322e0f1,2026-10-02T17:37:58+00:00,autodata/mod-32289.html.gz,ok,
modification,mercedes-benz,mercedes-benz/glc,https://www.auto-data.net/en/mercedes-benz-glc-coupe-c253-glc-300-245hp-4matic-g-tronic-27010,200,59010,b4211015a5ec9c0506ae5a1f65db83df9de574a3eac7d3cd225f8e3e1dd02d41,2026-10-02T17:38:03+00:00,autodata/mod-27010.html.gz,ok,
generation,mercedes-benz,mercedes-benz/glc,https://www.auto-data.net/en/mercedes-benz-glc-suv-x253-generation-4568,200,57973,a4e98b6d8362d62a01b2b0eebb215c0d3bf6cf0f146106199f85dc9b3df9fa03,2026-10-02T17:38:08+00:00,autodata/gen-4568.html.gz,ok,
modification,mercedes-benz,mercedes-benz/glc,https://www.auto-data.net/en/mercedes-benz-glc-suv-x253-amg-glc-63-s-510hp-4matic-mct-32109,200,69632,6471e71e1922486a7aa93e052af76274107c7d728af23e50978e558b31073674,2026-10-02T17:38:12+00:00,autodata/mod-32109.html.gz,ok,
modification,mercedes-benz,mercedes-benz/glc,https://www.auto-data.net/en/mercedes-benz-glc-suv-x253-amg-glc-63-476hp-4matic-mct-32108,200,69590,3d59ea7ecea07d03ca582ddbe7c96bddf8bd9732c9c86fbd5f74c1f35bb189d7,2026-10-02T17:38:15+00:00,autodata/mod-32108.html.gz,ok,
modification,mercedes-benz,mercedes-benz/glc,https://www.auto-data.net/en/mercedes-benz-glc-suv-x253-amg-glc-43-367hp-4matic-g-tronic-24365,200,70474,c9ab2a2d1e5c5106f80ed502800253a180cb5faabe31ff4911a2834a4895b6d0,2026-10-02T17:38:19+00:00,autodata/mod-24365.html.gz,ok,
modification,mercedes-benz,mercedes-benz/glc,https://www.auto-data.net/en/mercedes-benz-glc-suv-x253-glc-350e-320hp-4matic-g-tronic-plus-32287,200,69778,382438763a5c618d247d16b2c9f56570003693d1920af399b16381d399378e14,2026-10-02T17:38:24+00:00,autodata/mod-32287.html.gz,ok,
modification,mercedes-benz,mercedes-benz/glc,https://www.auto-data.net/en/mercedes-benz-glc-suv-x253-glc-300-245hp-4matic-g-tronic-27011,200,70417,60c678fdd4a277dc5476ae2850f66a3f40bd215aada850dae8a19840c675e499,2026-10-02T17:38:26+00:00,autodata/mod-27011.html.gz,ok,
modification,mercedes-benz,mercedes-benz/glc,https://www.auto-data.net/en/mercedes-benz-glc-suv-x253-glc-300-241hp-9g-tronic-53040,200,70513,f059c0bb1b7a6e0f029b897661f41a3a35bc0a6eae68f074449013e58c580685,2026-10-02T17:38:29+00:00,autodata/mod-53040.html.gz,ok,
model,mercedes-benz,mercedes-benz/glc,https://www.auto-data.net/en/mercedes-benz-glk-model-1374,200,38685,1c9f4c2a145b63f4d9a467918e03b3b7e01d04d2516a6cd41bdf73ad1ccc17bb,2026-10-02T17:38:33+00:00,autodata/model-glk.html.gz,ok,
generation,mercedes-benz,mercedes-benz/glc,https://www.auto-data.net/en/mercedes-benz-glk-x204-facelift-2012-generation-4128,200,43427,36a316abdc3c837f13eedcff15ef641a3d75d6ea2aecc087d764b4226c0563db,2026-10-02T17:38:36+00:00,autodata/gen-4128.html.gz,ok,
modification,mercedes-benz,mercedes-benz/glc,https://www.auto-data.net/en/mercedes-benz-glk-x204-facelift-2012-glk-350-v6-306hp-4matic-7g-tronic-plus-18802,200,59141,c2c8f9b0aafb50067bd51aac3beb970095a8cc9df6b5a2e6a74320942f7f10e1,2026-10-02T17:38:39+00:00,autodata/mod-18802.html.gz,ok,
modification,mercedes-benz,mercedes-benz/glc,https://www.auto-data.net/en/mercedes-benz-glk-x204-facelift-2012-glk-350-v6-302hp-7g-tronic-plus-54941,200,56511,d40b62547ca5e5148af5812a8af73c40af049f510e02267d01efe89b8710d73e,2026-10-02T17:38:43+00:00,autodata/mod-54941.html.gz,ok,
modification,mercedes-benz,mercedes-benz/glc,https://www.auto-data.net/en/mercedes-benz-glk-x204-facelift-2012-glk-350-cdi-v6-265hp-4matic-7g-tronic-plus-18806,200,60558,2452689cf905c7957caebeea1b54e5064817b8c67b25e2447c3be21454168fab,2026-10-02T17:38:47+00:00,autodata/mod-18806.html.gz,ok,
modification,mercedes-benz,mercedes-benz/glc,https://www.auto-data.net/en/mercedes-benz-glk-x204-facelift-2012-glk-250-211hp-7g-tronic-plus-18804,200,59216,d7cb34e554e99370ed65112c17393b6a297c3136adfbecba5ccae367f22f310c,2026-10-02T17:38:50+00:00,autodata/mod-18804.html.gz,ok,
modification,mercedes-benz,mercedes-benz/glc,https://www.auto-data.net/en/mercedes-benz-glk-x204-facelift-2012-glk-250-211hp-4matic-7g-tronic-plus-18803,200,59908,b1178dd1ad47f86666285e95de3219865ca22d41b1ba5b502eea0a25525ee63a,2026-10-02T17:38:53+00:00,autodata/mod-18803.html.gz,ok,
modification,mercedes-benz,mercedes-benz/glc,https://www.auto-data.net/en/mercedes-benz-glk-x204-facelift-2012-glk-250-bluetec-204hp-4matic-7g-tronic-plus-18807,200,60788,8179d9c5c1e005547523fc5576b0c5beedbbe322826153640f6d03da2f058a8a,2026-10-02T17:38:58+00:00,autodata/mod-18807.html.gz,ok,
model,mercedes-benz,mercedes-benz/gle,https://www.auto-data.net/en/mercedes-benz-gle-model-2052,200,45738,8fe0c72de69ad4b318fecfb54aa5167ecabe0cab72e7d1704138cd65f11ca37c,2026-10-02T17:39:03+00:00,autodata/model-gle.html.gz,ok,
generation,mercedes-benz,mercedes-benz/gle,https://www.auto-data.net/en/mercedes-benz-gle-coupe-c167-facelift-2026-generation-11282,200,52115,08294bb282287186e5dd6444485446fd5184204a66fd7a6605bb81f089f4ef93,2026-10-02T17:39:07+00:00,autodata/gen-11282.html.gz,ok,
modification,mercedes-benz,mercedes-benz/gle,https://www.auto-data.net/en/mercedes-benz-gle-coupe-c167-facelift-2026-amg-gle-63-s-v8-612hp-eq-boost-4matic-amg-speedshift-tct-9g-57574,200,66079,473faff25869de6fa90905b093195ff62412c80f5f68a4d48f1b8b69eaf00bfa,2026-10-02T17:39:11+00:00,autodata/mod-57574.html.gz,ok,
modification,mercedes-benz,mercedes-benz/gle,https://www.auto-data.net/en/mercedes-benz-gle-coupe-c167-facelift-2026-amg-gle-53-585hp-plug-in-hybrid-4matic-amg-speedshift-tct-9g-57141,200,73937,214604744ca897c12d9cbe7032966b239404b3b98e279f20ad7f8607dfe2fec3,2026-10-02T17:39:15+00:00,autodata/mod-57141.html.gz,ok,
modification,mercedes-benz,mercedes-benz/gle,https://www.auto-data.net/en/mercedes-benz-gle-coupe-c167-facelift-2026-amg-gle-53-449hp-eq-boost-4matic-amg-speedshift-tct-9g-57140,200,71652,83775d251311dd323beecc0773b5ca0d07a26618bc95808d9cd4b93f9666f2da,2026-10-02T17:39:19+00:00,autodata/mod-57140.html.gz,ok,
modification,mercedes-benz,mercedes-benz/gle,https://www.auto-data.net/en/mercedes-benz-gle-coupe-c167-facelift-2026-gle-450e-435hp-plug-in-hybrid-4matic-9g-tronic-57129,200,72579,3ad36bc1c6bad7aa49d7b14a5ad218a16da84df3d1c8e3c22cc5be04d61b85ea,2026-10-02T17:39:23+00:00,autodata/mod-57129.html.gz,ok,
modification,mercedes-benz,mercedes-benz/gle,https://www.auto-data.net/en/mercedes-benz-gle-coupe-c167-facelift-2026-gle-350d-286hp-eq-boost-4matic-9g-tronic-57124,200,70416,b339ebf6a02b4e8e55a17cd582667e4737d56d78fecfb52606d959d04e7f47ce,2026-10-02T17:39:25+00:00,autodata/mod-57124.html.gz,ok,
generation,mercedes-benz,mercedes-benz/gle,https://www.auto-data.net/en/mercedes-benz-gle-suv-v167-facelift-2026-generation-11281,200,58670,ae5d0409ca11c491de7aea6059b8f6472737e2e60d243d02ba29676c499145e2,2026-10-02T17:39:28+00:00,autodata/gen-11281.html.gz,ok,
modification,mercedes-benz,mercedes-benz/gle,https://www.auto-data.net/en/mercedes-benz-gle-suv-v167-facelift-2026-amg-gle-63-s-v8-612hp-eq-boost-4matic-amg-speedshift-tct-9g-57575,200,77927,2c051ec65632e4889c912ebe1839589db13a74fc15900983c652d3b52412c5bc,2026-10-02T17:39:30+00:00,autodata/mod-57575.html.gz,ok,
modification,mercedes-benz,mercedes-benz/gle,https://www.auto-data.net/en/mercedes-benz-gle-suv-v167-facelift-2026-amg-gle-53-585hp-plug-in-hybrid-4matic-amg-speedshift-tct-9g-57139,200,67835,09ae8e49b6091310439b817255137185052ccda29d61d5a02671c199d32709e7,2026-10-02T17:39:33+00:00,autodata/mod-57139.html.gz,ok,
modification,mercedes-benz,mercedes-benz/gle,https://www.auto-data.net/en/mercedes-benz-gle-suv-v167-facelift-2026-amg-gle-53-449hp-eq-boost-4matic-amg-speedshift-tct-9g-57138,200,65549,674eccb69c5520d7beb14541105bd4de621b2539e51ff72a2a176390ea7da074,2026-10-02T17:39:38+00:00,autodata/mod-57138.html.gz,ok,
modification,mercedes-benz,mercedes-benz/gle,https://www.auto-data.net/en/mercedes-benz-gle-suv-v167-facelift-2026-gle-450-381hp-eq-boost-4matic-9g-tronic-57122,200,76247,9d5d4b47b90bb9bd535c6351484af19b2ada1ac10c456cade569c572892f1ed5,2026-10-02T17:39:41+00:00,autodata/mod-57122.html.gz,ok,
modification,mercedes-benz,mercedes-benz/gle,https://www.auto-data.net/en/mercedes-benz-gle-suv-v167-facelift-2026-gle-450e-435hp-plug-in-hybrid-4matic-9g-tronic-57123,200,78473,3576718d221edca680914a5dceb29ee5290bb3f1d16d7f538a16bbe9e4e0004a,2026-10-02T17:39:45+00:00,autodata/mod-57123.html.gz,ok,
modification,mercedes-benz,mercedes-benz/gle,https://www.auto-data.net/en/mercedes-benz-gle-suv-v167-facelift-2026-gle-350d-286hp-eq-boost-4matic-9g-tronic-57120,200,76302,faf914c97362218d448b78ad45513de7f2df506567897b748fd493c8e31f5088,2026-10-02T17:39:48+00:00,autodata/mod-57120.html.gz,ok,
generation,mercedes-benz,mercedes-benz/gle,https://www.auto-data.net/en/mercedes-benz-gle-coupe-c167-facelift-2023-generation-9234,200,50681,9a4fd91da4f2b6b6c2f2e9b1f10c25b088e141a4a29e63cd80e7baf944b799b7,2026-10-02T17:39:52+00:00,autodata/gen-9234.html.gz,ok,
modification,mercedes-benz,mercedes-benz/gle,https://www.auto-data.net/en/mercedes-benz-gle-coupe-c167-facelift-2023-amg-gle-63-s-v8-612hp-eq-boost-4matic-amg-speedshift-tct-9g-47366,200,59129,e9cbdd93e5f67c09365602e993bfd1958299dfddec59612107a25b13da59ce4d,2026-10-02T17:39:56+00:00,autodata/mod-47366.html.gz,ok,
modification,mercedes-benz,mercedes-benz/gle,https://www.auto-data.net/en/mercedes-benz-gle-coupe-c167-facelift-2023-amg-gle-53-544hp-plug-in-hybrid-4matic-9g-tronic-50212,200,63891,a81665f080e07d3ed396146f4f1a2eba96b8acf1d102f91fc4cf1d135698b85f,2026-10-02T17:39:59+00:00,autodata/mod-50212.html.gz,ok,
modification,mercedes-benz,mercedes-benz/gle,https://www.auto-data.net/en/mercedes-benz-gle-coupe-c167-facelift-2023-amg-gle-53-435hp-eq-boost-4matic-amg-speedshift-tct-9g-47364,200,58098,f8053f8e8ec0f61f22d47c78c3bec18e76e28cd30ba631008f436377ea08030e,2026-10-02T17:40:03+00:00,autodata/mod-47364.html.gz,ok,
modification,mercedes-benz,mercedes-benz/gle,https://www.auto-data.net/en/mercedes-benz-gle-coupe-c167-facelift-2023-gle-450-3.0-375hp-eq-boost-4matic-9g-tronic-53433,200,66587,6009297834e178eaa754b3ab7c508c602f24b3d71b6ab2fdc825d00297ef83e9,2026-10-02T17:40:08+00:00,autodata/mod-53433.html.gz,ok,
modification,mercedes-benz,mercedes-benz/gle,https://www.auto-data.net/en/mercedes-benz-gle-coupe-c167-facelift-2023-gle-450-2.5-367hp-eq-boost-4matic-9g-tronic-53434,200,66077,4eff2f0a6af621f24bca8ed7dc0420ea45f0ee1f0e50d806cfbfdef23eec2b56,2026-10-02T17:40:11+00:00,autodata/mod-53434.html.gz,ok,
modification,mercedes-benz,mercedes-benz/gle,https://www.auto-data.net/en/mercedes-benz-gle-coupe-c167-facelift-2023-gle-300d-269hp-eq-boost-4matic-9g-tronic-47353,200,68021,9b969a143c87ba81343df3536b7f6771ae8ff728e2783ce0f8135eadbb4562c9,2026-10-02T17:40:15+00:00,autodata/mod-47353.html.gz,ok,
generation,mercedes-benz,mercedes-benz/gle,https://www.auto-data.net/en/mercedes-benz-gle-suv-v167-facelift-2023-generation-9233,200,53583,5576776cba02751a9e04085512c53f0749e44129a6956c310ead5772b4c0ccf9,2026-10-02T17:40:18+00:00,autodata/gen-9233.html.gz,ok,
modification,mercedes-benz,mercedes-benz/gle,https://www.auto-data.net/en/mercedes-benz-gle-suv-v167-facelift-2023-amg-gle-63-s-v8-612hp-eq-boost-4matic-amg-speedshift-tct-9g-47365,200,58498,4670c0d441ca48baf69e46a2b0680eb9041b1fc4421f90c93863bf64ff09d349,2026-10-02T17:40:21+00:00,autodata/mod-47365.html.gz,ok,
modification,mercedes-benz,mercedes-benz/gle,https://www.auto-data.net/en/mercedes-benz-gle-suv-v167-facelift-2023-amg-gle-53-544hp-plug-in-hybrid-4matic-9g-tronic-50213,200,62839,f597aa1f70e877055387e72541b3e5b9280a834642db50c61c31dcfb05b073e2,2026-10-02T17:40:26+00:00,autodata/mod-50213.html.gz,ok,
modification,mercedes-benz,mercedes-benz/gle,https://www.auto-data.net/en/mercedes-benz-gle-suv-v167-facelift-2023-amg-gle-53-435hp-eq-boost-4matic-amg-speedshift-tct-9g-47363,200,58061,c9601d8c9cc6f2c6d465b12d9b59b33d4b76819b944372ce4606f419ff8ad0f6,2026-10-02T17:40:29+00:00,autodata/mod-47363.html.gz,ok,
modification,mercedes-benz,mercedes-benz/gle,https://www.auto-data.net/en/mercedes-benz-gle-suv-v167-facelift-2023-gle-580-v8-517hp-eq-boost-4matic-9g-tronic-51784,200,70334,b1c7ae1d7e1bd6f372682330df0b91d45bc2de56f89d37b1730c477233e6a853,2026-10-02T17:40:33+00:00,autodata/mod-51784.html.gz,ok,
modification,mercedes-benz,mercedes-benz/gle,https://www.auto-data.net/en/mercedes-benz-gle-suv-v167-facelift-2023-gle-450-3.0-381hp-eq-boost-4matic-9g-tronic-47344,200,70279,d7672fa1276ca51b61457ae0566e12d03d4e79025283a8955a29f8e9a937c228,2026-10-02T17:40:38+00:00,autodata/mod-47344.html.gz,ok,
modification,mercedes-benz,mercedes-benz/gle,https://www.auto-data.net/en/mercedes-benz-gle-suv-v167-facelift-2023-gle-450-2.5-367hp-eq-boost-4matic-9g-tronic-53435,200,67942,5913aead280cb60875d6b8bd2e91e33076e2507ead75b2bd4f75696dd5141ec7,2026-10-02T17:40:41+00:00,autodata/mod-53435.html.gz,ok,
modification,mercedes-benz,mercedes-benz/gle,https://www.auto-data.net/en/mercedes-benz-gle-suv-v167-facelift-2023-gle-350-255hp-mild-hybrid-4matic-9g-tronic-52408,200,69490,47f8170b4d034143fc9fe3915d90e370de7a0bca46581d6057da67e4400efc9e,2026-10-02T17:40:43+00:00,autodata/mod-52408.html.gz,ok,
modification,mercedes-benz,mercedes-benz/gle,https://www.auto-data.net/en/mercedes-benz-gle-suv-v167-facelift-2023-gle-300d-269hp-eq-boost-4matic-9g-tronic-47352,200,70052,d2e5c28006f67c5e48c42ced7667aa2c0859dafa6d784244a73242826ca849c0,2026-10-02T17:40:46+00:00,autodata/mod-47352.html.gz,ok,
generation,mercedes-benz,mercedes-benz/gle,https://www.auto-data.net/en/mercedes-benz-gle-coupe-c167-generation-7290,200,46208,116798a5acf067aa96763d4d504b2275930affc861f84c7982d9b24ff6afc6af,2026-10-02T17:40:49+00:00,autodata/gen-7290.html.gz,ok,
modification,mercedes-benz,mercedes-benz/gle,https://www.auto-data.net/en/mercedes-benz-gle-coupe-c167-amg-gle-63-s-v8-612hp-eq-boost-4matic-amg-speedshift-tct-39189,200,56518,d8e632a56234c4b1b80537f8663bb48a3cdc811454ae138fb30cecde0536a66e,2026-10-02T17:40:54+00:00,autodata/mod-39189.html.gz,ok,
modification,mercedes-benz,mercedes-benz/gle,https://www.auto-data.net/en/mercedes-benz-gle-coupe-c167-amg-gle-63-v8-571hp-eq-boost-4matic-amg-speedshift-tct-39188,200,65114,02d798fe0120b58ebc66600d9166ed2e1eb435d0439e790084ea3133fd6ada1f,2026-10-02T17:40:57+00:00,autodata/mod-39188.html.gz,ok,
modification,mercedes-benz,mercedes-benz/gle,https://www.auto-data.net/en/mercedes-benz-gle-coupe-c167-amg-gle-53-435hp-eq-boost-4matic-amg-speedshift-tct-9g-38227,200,66104,57a6aa54f74d86789853625bdbf216b0360d87a6ef5e0fed99600a3cb285b1cd,2026-10-02T17:40:59+00:00,autodata/mod-38227.html.gz,ok,
modification,mercedes-benz,mercedes-benz/gle,https://www.auto-data.net/en/mercedes-benz-gle-coupe-c167-gle-350d-272hp-4matic-9g-tronic-38225,200,61262,2306229a703adee3ce92be4cd1aafa44b91a0fed19f1595ddb043c26353eaf1f,2026-10-02T17:41:04+00:00,autodata/mod-38225.html.gz,ok,
modification,mercedes-benz,mercedes-benz/gle,https://www.auto-data.net/en/mercedes-benz-gle-coupe-c167-gle-300d-272hp-eq-boost-4matic-9g-tronic-47349,200,64677,e16ee73ec36e93542cef6a6d70c0d01c97eece8ff8b15977a2b886ce89275c55,2026-10-02T17:41:08+00:00,autodata/mod-47349.html.gz,ok,
generation,mercedes-benz,mercedes-benz/gle,https://www.auto-data.net/en/mercedes-benz-gle-suv-v167-generation-6596,200,55708,5a147e52ebe2a460c891ea2f2a6b95343b36f7a378aee2035f258828357d07ef,2026-10-02T17:41:11+00:00,autodata/gen-6596.html.gz,ok,
modification,mercedes-benz,mercedes-benz/gle,https://www.auto-data.net/en/mercedes-benz-gle-suv-v167-amg-gle-63-s-v8-612hp-eq-boost-4matic-amg-speedshift-tct-38075,200,70853,65db99132fb0a151ec2b8e7f11947636e06de9bbb0f902458060e5bf5332e5b1,2026-10-02T17:41:15+00:00,autodata/mod-38075.html.gz,ok,
modification,mercedes-benz,mercedes-benz/gle,https://www.auto-data.net/en/mercedes-benz-gle-suv-v167-amg-gle-63-v8-571hp-eq-boost-4matic-tct-38074,200,69312,a0d1ad64b8d6026b90488cc157e5850d87d853bdbed077f3037f348c1ad573b1,2026-10-02T17:41:19+00:00,autodata/mod-38074.html.gz,ok,
modification,mercedes-benz,mercedes-benz/gle,https://www.auto-data.net/en/mercedes-benz-gle-suv-v167-amg-gle-53-435hp-eq-boost-4matic-amg-speedshift-tct-37681,200,72018,89b548aa64d06d2c0db1a8c69148691a6dcfcf9b609921fdc789d1ae36819854,2026-10-02T17:41:22+00:00,autodata/mod-37681.html.gz,ok,
modification,mercedes-benz,mercedes-benz/gle,https://www.auto-data.net/en/mercedes-benz-gle-suv-v167-gle-580-v8-489hp-eq-boost-4matic-g-tronic-38979,200,71365,c84f9915728bb29c1e458ea10626a8692cd2184a830a299a7a93729f5c12a432,2026-10-02T17:41:25+00:00,autodata/mod-38979.html.gz,ok,
modification,mercedes-benz,mercedes-benz/gle,https://www.auto-data.net/en/mercedes-benz-gle-suv-v167-gle-450-367hp-eq-boost-4matic-g-tronic-35268,200,58755,ce628b3804b07fc993be11c7846a2fef5e31f6703bbb9059ceb81edac2de090d,2026-10-02T17:41:30+00:00,autodata/mod-35268.html.gz,ok,
modification,mercedes-benz,mercedes-benz/gle,https://www.auto-data.net/en/mercedes-benz-gle-suv-v167-gle-350d-272hp-4matic-g-tronic-35270,200,69613,b735d45604d1e3b9d1c01a784138e5f68cd9dca244ff274390ed7df6cb920408,2026-10-02T17:41:35+00:00,autodata/mod-35270.html.gz,ok,
modification,mercedes-benz,mercedes-benz/gle,https://www.auto-data.net/en/mercedes-benz-gle-suv-v167-gle-350-255hp-9g-tronic-47345,200,67728,a1e63a98977a5d905aa19a7597d1a12e76aad8a6bec965ec001b90f355527410,2026-10-02T17:41:40+00:00,autodata/mod-47345.html.gz,ok,
modification,mercedes-benz,mercedes-benz/gle,https://www.auto-data.net/en/mercedes-benz-gle-suv-v167-gle-350-255hp-4matic-9g-tronic-47346,200,68452,8283aad48608b9e11a46f3bbe4295380f0ee5713513e7cdf77b0375819b968d0,2026-10-02T17:41:43+00:00,autodata/mod-47346.html.gz,ok,
modification,mercedes-benz,mercedes-benz/gle,https://www.auto-data.net/en/mercedes-benz-gle-suv-v167-gle-300d-272hp-eq-boost-4matic-9g-tronic-47362,200,72226,e06f614f7eedc00dfbba9acb640a675b8a2a13aa7f297d8d853bcd26bfa84474,2026-10-02T17:41:46+00:00,autodata/mod-47362.html.gz,ok,
modification,mercedes-benz,mercedes-benz/gle,https://www.auto-data.net/en/mercedes-benz-gle-suv-v167-gle-300d-245hp-4matic-g-tronic-35271,200,69599,7b00f960d1694b1113a353c35dedbe8d35a765838ceb511915695ac168f96529,2026-10-02T17:41:50+00:00,autodata/mod-35271.html.gz,ok,
generation,mercedes-benz,mercedes-benz/gle,https://www.auto-data.net/en/mercedes-benz-gle-coupe-c292-generation-4407,200,53658,e6c0c75a609a8531091ce61c814c8dda3b79e43837fa993dbd7b33f24a74b379,2026-10-02T17:41:55+00:00,autodata/gen-4407.html.gz,ok,
modification,mercedes-benz,mercedes-benz/gle,https://www.auto-data.net/en/mercedes-benz-gle-coupe-c292-amg-gle-63-s-585hp-4matic-7g-tronic-21286,200,66736,69d40db00d4694ae60f4fe99705fff32601fa613e0ab7548ad4dbd2957ff9637,2026-10-02T17:42:00+00:00,autodata/mod-21286.html.gz,ok,
modification,mercedes-benz,mercedes-benz/gle,https://www.auto-data.net/en/mercedes-benz-gle-coupe-c292-amg-gle-63-558hp-4matic-7g-tronic-21285,200,66578,1e377836615a7f8b8a870228de8f807806580d7725436bf093146bc473b47618,2026-10-02T17:42:04+00:00,autodata/mod-21285.html.gz,ok,
modification,mercedes-benz,mercedes-benz/gle,https://www.auto-data.net/en/mercedes-benz-gle-coupe-c292-amg-gle-43-v6-390hp-4matic-9g-tronic-32277,200,66516,730ec94c356984b42e6284ae0a70361959bddfbdeac0227eaf566df644a7ca2f,2026-10-02T17:42:06+00:00,autodata/mod-32277.html.gz,ok,
modification,mercedes-benz,mercedes-benz/gle,https://www.auto-data.net/en/mercedes-benz-gle-coupe-c292-gle-400-333hp-4matic-9g-tronic-21264,200,66453,e06df635536a24e9c4705813435c1a04dc812ab33d9dbe7c0c1b6da2cc5fdecf,2026-10-02T17:42:11+00:00,autodata/mod-21264.html.gz,ok,
modification,mercedes-benz,mercedes-benz/gle,https://www.auto-data.net/en/mercedes-benz-gle-coupe-c292-gle-350d-258hp-4matic-9g-tronic-21263,200,66619,964aa72d441e29fafbc6af789dba8cd6799f98eccd29ba09c4280b2ef96e0952,2026-10-02T17:42:15+00:00,autodata/mod-21263.html.gz,ok,
generation,mercedes-benz,mercedes-benz/gle,https://www.auto-data.net/en/mercedes-benz-gle-suv-w166-generation-4570,200,58486,731decb880bcacfb23a0e0162b4bb5107e4b5106963afa85eb4c18a531fc47d8,2026-10-02T17:42:20+00:00,autodata/gen-4570.html.gz,ok,
modification,mercedes-benz,mercedes-benz/gle,https://www.auto-data.net/en/mercedes-benz-gle-suv-w166-amg-gle-63-s-v8-585hp-4matic-amg-speedshift-plus-7g-tronic-22089,200,59742,b9f97819e7fa5389f7bcbb04307e3db87597910eb013984029437849c795b89a,2026-10-02T17:42:23+00:00,autodata/mod-22089.html.gz,ok,
modification,mercedes-benz,mercedes-benz/gle,https://www.auto-data.net/en/mercedes-benz-gle-suv-w166-amg-gle-63-v8-557hp-4matic-amg-speedshift-plus-7g-tronic-22088,200,72737,0f51224fd124d9ca410cda0d8553b5e47c206397a80c5d4c6cee6ba01e59ff37,2026-10-02T17:42:28+00:00,autodata/mod-22088.html.gz,ok,
modification,mercedes-benz,mercedes-benz/gle,https://www.auto-data.net/en/mercedes-benz-gle-suv-w166-amg-gle-43-v6-390hp-4matic-9g-tronic-52316,200,70676,393e55f8f55f317971cf44a32c704628b733feab354d78896e973581312a73e2,2026-10-02T17:42:31+00:00,autodata/mod-52316.html.gz,ok,
modification,mercedes-benz,mercedes-benz/gle,https://www.auto-data.net/en/mercedes-benz-gle-suv-w166-gle-400-v6-333hp-4matic-9g-tronic-54803,200,71806,cdd8f8419a842e9a3522086ab9da9c668e8087e3a3b6d83a894c775d5d8d2bba,2026-10-02T17:42:35+00:00,autodata/mod-54803.html.gz,ok,
modification,mercedes-benz,mercedes-benz/gle,https://www.auto-data.net/en/mercedes-benz-gle-suv-w166-gle-400-v6-333hp-4matic-7g-tronic-plus-22086,200,72236,25d04f5533bad0cc462fc5f738f3ddf0df769ec67a4d52e91c149e2ce8e34d44,2026-10-02T17:42:39+00:00,autodata/mod-22086.html.gz,ok,
modification,mercedes-benz,mercedes-benz/gle,https://www.auto-data.net/en/mercedes-benz-gle-suv-w166-gle-350-v6-302hp-7g-tronic-plus-52293,200,69758,9cc9502ed26e1dd34c0fb61707c49c0481383f638d9d79089f6f194266a50927,2026-10-02T17:42:42+00:00,autodata/mod-52293.html.gz,ok,
modification,mercedes-benz,mercedes-benz/gle,https://www.auto-data.net/en/mercedes-benz-gle-suv-w166-gle-350-v6-302hp-4matic-7g-tronic-plus-52294,200,70358,f72f0ad9b1ef21932b0bb078b127c40c1bcbc9c4db272cd83e3fdf64dd991842,2026-10-02T17:42:44+00:00,autodata/mod-52294.html.gz,ok,
modification,mercedes-benz,mercedes-benz/gle,https://www.auto-data.net/en/mercedes-benz-gle-suv-w166-gle-350d-v6-258hp-4matic-9g-tronic-22085,200,72115,5ae2e9fa8049ad35550abaf8e9cde312640b563c5c517b2b7e4f559cc61d8699,2026-10-02T17:42:47+00:00,autodata/mod-22085.html.gz,ok,
modification,mercedes-benz,mercedes-benz/gle,https://www.auto-data.net/en/mercedes-benz-gle-suv-w166-gle-300d-201hp-4matic-7g-tronic-plus-56300,200,69817,377758c89fd02e12a9e282e5da466904461bae0ec7bd2cf058016fb5affab04b,2026-10-02T17:42:52+00:00,autodata/mod-56300.html.gz,ok,
model,mercedes-benz,mercedes-benz/gle,https://www.auto-data.net/en/mercedes-benz-m-class-model-1379,200,41357,f7317199ddc6f08e68c0e7b5aa91313d2b358e9a76c7ad8ad881c72ff6948961,2026-10-02T17:42:55+00:00,autodata/model-m-class.html.gz,ok,
generation,mercedes-benz,mercedes-benz/gle,https://www.auto-data.net/en/mercedes-benz-m-class-w166-generation-3866,200,40330,cd5fa720a03af40fd98a3ea0f7b5757c1b36e603f7ded1d1c1b2b3c6e581c1ba,2026-10-02T17:42:57+00:00,autodata/gen-3866.html.gz,ok,
modification,mercedes-benz,mercedes-benz/gle,https://www.auto-data.net/en/mercedes-benz-m-class-w166-ml-400-v6-333hp-4matic-7g-tronic-plus-20929,200,55304,091f736375b830531a977091634e363aa2469c524819c04ea6d7af2d68e80586,2026-10-02T17:43:00+00:00,autodata/mod-20929.html.gz,ok,
modification,mercedes-benz,mercedes-benz/gle,https://www.auto-data.net/en/mercedes-benz-m-class-w166-ml-350-blueefficiency-v6-306hp-4matic-7g-tronic-plus-17405,200,59152,6f35ea2acb51b7ca4cd5e9bdf240792ed10341f510d91bc8262317c6fc13ccfc,2026-10-02T17:43:05+00:00,autodata/mod-17405.html.gz,ok,
modification,mercedes-benz,mercedes-benz/gle,https://www.auto-data.net/en/mercedes-benz-m-class-w166-ml-350-bluetec-v6-258hp-4matic-7g-tronic-plus-17404,200,56667,1cd1fd68240e8d4d7d483177299c0ec46ec9011157b575c6ccbb5085abaf884c,2026-10-02T17:43:09+00:00,autodata/mod-17404.html.gz,ok,
modification,mercedes-benz,mercedes-benz/gle,https://www.auto-data.net/en/mercedes-benz-m-class-w166-ml-250-bluetec-204hp-4matic-7g-tronic-plus-17403,200,56404,8e564d36335724e99bce1d9e4a86d19f41171bd5595e183ad3f391090fa31467,2026-10-02T17:43:14+00:00,autodata/mod-17403.html.gz,ok,
model,mercedes-benz,mercedes-benz/gls,https://www.auto-data.net/en/mercedes-benz-gls-model-2084,200,40857,0c0a1b02684e7c473eeb296fdfc2c6c3ed686bfe639d0516a205dfeab03e8cf9,2026-10-02T17:43:19+00:00,autodata/model-gls.html.gz,ok,
generation,mercedes-benz,mercedes-benz/gls,https://www.auto-data.net/en/mercedes-benz-maybach-gls-x167-facelift-2026-generation-11383,200,39730,f477f689d84fbfdb2250f90a928001513272f68204fcd28f2e2f90c2c5529d83,2026-10-02T17:43:21+00:00,autodata/gen-11383.html.gz,ok,
generation,mercedes-benz,mercedes-benz/gls,https://www.auto-data.net/en/mercedes-benz-gls-x167-facelift-2026-generation-11283,200,40130,fa4c22cb396db3569f20e176077560d68d866354ad2a4cb4a068e2354bfbd0f8,2026-10-02T17:43:25+00:00,autodata/gen-11283.html.gz,ok,
modification,mercedes-benz,mercedes-benz/gls,https://www.auto-data.net/en/mercedes-benz-gls-x167-facelift-2026-gls-450-381hp-eq-boost-4matic-9g-tronic-57132,200,59883,e058cc867f80125db1bbf1901bb7eaf1557f3a6efbf0d80acfa8494301e7c0cd,2026-10-02T17:43:28+00:00,autodata/mod-57132.html.gz,ok,
generation,mercedes-benz,mercedes-benz/gls,https://www.auto-data.net/en/mercedes-benz-maybach-gls-x167-facelift-2023-generation-9950,200,40713,4ff723417876f04e76153793ba7912936e0818981011fa3b7d7d98f3d3eedde3,2026-10-02T17:43:32+00:00,autodata/gen-9950.html.gz,ok,
modification,mercedes-benz,mercedes-benz/gls,https://www.auto-data.net/en/mercedes-benz-maybach-gls-x167-facelift-2023-gls-600-v8-557hp-eq-boost-4matic-9g-tronic-51561,200,61172,d65dda2fe5a159d060fc762c0f76a69bb1280fc1e7ab312704ff0edaac28db2c,2026-10-02T17:43:35+00:00,autodata/mod-51561.html.gz,ok,
generation,mercedes-benz,mercedes-benz/gls,https://www.auto-data.net/en/mercedes-benz-gls-x167-facelift-2023-generation-9949,200,41379,0cf8a25e4ab4efbd60324c866d7e97478cf7aeadfdb2bd32b89ccf3a3ba9021d,2026-10-02T17:43:38+00:00,autodata/gen-9949.html.gz,ok,
modification,mercedes-benz,mercedes-benz/gls,https://www.auto-data.net/en/mercedes-benz-gls-x167-facelift-2023-amg-gls-63-v8-612hp-eq-boost-4matic-amg-speedshift-tct-9g-51551,200,62047,58a495ee253d186c9b61b8568e406beb92a98366fcd76a560cf4df21f9fdfb70,2026-10-02T17:43:40+00:00,autodata/mod-51551.html.gz,ok,
modification,mercedes-benz,mercedes-benz/gls,https://www.auto-data.net/en/mercedes-benz-gls-x167-facelift-2023-gls-580-v8-517hp-eq-boost-4matic-9g-tronic-51550,200,60751,aa002484e6e6a368edcce8bb4ffda1dac3b4d1bd8f59bb1171add7188631661b,2026-10-02T17:43:44+00:00,autodata/mod-51550.html.gz,ok,
modification,mercedes-benz,mercedes-benz/gls,https://www.auto-data.net/en/mercedes-benz-gls-x167-facelift-2023-gls-450-381hp-eq-boost-4matic-9g-tronic-51549,200,60541,d463e4d9d307ac7846032fdd03085d915818270b1d01c1412891e9fbb815983d,2026-10-02T17:43:47+00:00,autodata/mod-51549.html.gz,ok,
generation,mercedes-benz,mercedes-benz/gls,https://www.auto-data.net/en/mercedes-benz-maybach-gls-x167-generation-7437,200,36667,af27aa530ebc9c7fcae5c17475b9b8b3552a5faf1d79982c8c429112c5b842fc,2026-10-02T17:43:50+00:00,autodata/gen-7437.html.gz,ok,
modification,mercedes-benz,mercedes-benz/gls,https://www.auto-data.net/en/mercedes-benz-maybach-gls-x167-gls-600-v8-558hp-eq-boost-4matic-g-tronic-38355,200,55155,61ea9a918a97c5499f9ad8234b2c8afc56c8ec2837f7e2cd65c1e2c100bc6caa,2026-10-02T17:43:53+00:00,autodata/mod-38355.html.gz,ok,
generation,mercedes-benz,mercedes-benz/gls,https://www.auto-data.net/en/mercedes-benz-gls-x167-generation-7091,200,39752,888dde9a364698b101ca6e896ecbc1a896c528ee173e5e93c648df5eae3ef0d6,2026-10-02T17:43:57+00:00,autodata/gen-7091.html.gz,ok,
modification,mercedes-benz,mercedes-benz/gls,https://www.auto-data.net/en/mercedes-benz-gls-x167-amg-gls-63-v8-612hp-eq-boost-4matic-tct-38081,200,56371,a9231078b6827f6aef98fb700fb68ad58162d5e295b69b0371997efcc805bb0d,2026-10-02T17:44:00+00:00,autodata/mod-38081.html.gz,ok,
modification,mercedes-benz,mercedes-benz/gls,https://www.auto-data.net/en/mercedes-benz-gls-x167-gls-600-v8-558hp-eq-boost-4matic-g-tronic-38252,200,56448,9b709b343c85154da0913c5a925883476c83ea06a123d43375723a83af477244,2026-10-02T17:44:02+00:00,autodata/mod-38252.html.gz,ok,
modification,mercedes-benz,mercedes-benz/gls,https://www.auto-data.net/en/mercedes-benz-gls-x167-gls-580-v8-489hp-eq-boost-4matic-9g-tronic-43757,200,58505,100134c5bc5e295979d0298d21142ec9aa47466f573175b3f4f56804237332ae,2026-10-02T17:44:06+00:00,autodata/mod-43757.html.gz,ok,
modification,mercedes-benz,mercedes-benz/gls,https://www.auto-data.net/en/mercedes-benz-gls-x167-gls-580-v8-489hp-eq-boost-4matic-9g-tronic-43758,200,58514,ab317a8e169405ddc06b197ff4cfd5d8495e8dc0f7268b119f29d3494e115763,2026-10-02T17:44:11+00:00,autodata/mod-43758.html.gz,ok,
modification,mercedes-benz,mercedes-benz/gls,https://www.auto-data.net/en/mercedes-benz-gls-x167-gls-450-367hp-eq-boost-4matic-9g-tronic-43752,200,58356,8e04f99423680f086176d4468617b6eb720ceff02031bf024e773a2650a77790,2026-10-02T17:44:16+00:00,autodata/mod-43752.html.gz,ok,
generation,mercedes-benz,mercedes-benz/gls,https://www.auto-data.net/en/mercedes-benz-gls-x166-generation-4650,200,44713,444a3e03ee665af5b044567405c6aba40e233c618ef0fbf36a00f340c35ed74f,2026-10-02T17:44:19+00:00,autodata/gen-4650.html.gz,ok,
modification,mercedes-benz,mercedes-benz/gls,https://www.auto-data.net/en/mercedes-benz-gls-x166-amg-gls-63-585hp-4matic-g-tronic-22504,200,59851,dce637b0f0ba94b5826af37c8c6ee2ddff0a71488c396f08466a5bc3a59f5d29,2026-10-02T17:44:24+00:00,autodata/mod-22504.html.gz,ok,
model,mercedes-benz,mercedes-benz/gls,https://www.auto-data.net/en/mercedes-benz-gl-model-1369,200,40193,e53cccddea1cd6977d6cbe6d572c258148782f16b58df95f6c23430715c91fa6,2026-10-02T17:44:28+00:00,autodata/model-gl.html.gz,ok,
generation,mercedes-benz,mercedes-benz/gls,https://www.auto-data.net/en/mercedes-benz-gl-x166-generation-4126,200,36140,8d30bfd3b52be8a2fd7bc5e910305d3109189d6ec919da9a78adc9eb63fd5ab4,2026-10-02T17:44:32+00:00,autodata/gen-4126.html.gz,ok,
modification,mercedes-benz,mercedes-benz/gls,https://www.auto-data.net/en/mercedes-benz-gl-x166-amg-gl-63-558hp-4matic-g-tronic-18790,200,53098,1e105c1a131bc06ac4d516e095fa598e896373ea680a25d13adcff1bb089af11,2026-10-02T17:44:36+00:00,autodata/mod-18790.html.gz,ok,
modification,mercedes-benz,mercedes-benz/gls,https://www.auto-data.net/en/mercedes-benz-gl-x166-gl-450-v8-362hp-4matic-7g-tronic-plus-52985,200,53190,c07fa0de61d4da4556373840af7acd149294a6bce9c737df898e4aa7183d3a73,2026-10-02T17:44:41+00:00,autodata/mod-52985.html.gz,ok,
model,mercedes-benz,mercedes-benz/cla,https://www.auto-data.net/en/mercedes-benz-cla-model-2015,200,48054,d0890968ed4c3a378de67078cd175dcf117ab97078db7ca7a96768de6ef879eb,2026-10-02T17:44:44+00:00,autodata/model-cla.html.gz,ok,
generation,mercedes-benz,mercedes-benz/cla,https://www.auto-data.net/en/mercedes-benz-cla-sedan-c178-generation-10423,200,34460,a16d5fd9dccd9b0c302c500b046389b1164c00a3efcd970a41e022ca41d87fad,2026-10-02T17:44:47+00:00,autodata/gen-10423.html.gz,ok,
generation,mercedes-benz,mercedes-benz/cla,https://www.auto-data.net/en/mercedes-benz-cla-sedan-c174-generation-10421,200,44863,8e9b8c2475f8102dc2867fb900d72d50e1344b41d7a3dfaf9955614a535dff38,2026-10-02T17:44:51+00:00,autodata/gen-10421.html.gz,ok,
modification,mercedes-benz,mercedes-benz/cla,https://www.auto-data.net/en/mercedes-benz-cla-sedan-c174-amg-cla-45-94-kwh-680hp-electric-4matic-57464,200,53005,49a1e514a4c0350f25af856c8289688c684b472ce751bcce235c49fe7ddae369,2026-10-02T17:44:54+00:00,autodata/mod-57464.html.gz,ok,
modification,mercedes-benz,mercedes-benz/cla,https://www.auto-data.net/en/mercedes-benz-cla-sedan-c174-cla-350-85-kwh-354hp-eq-technology-4matic-53916,200,60521,c0759e864690d8cf7a0c458bd46a809691afdcb1ac81f2af61c8dd0c26c03a22,2026-10-02T17:44:59+00:00,autodata/mod-53916.html.gz,ok,
modification,mercedes-benz,mercedes-benz/cla,https://www.auto-data.net/en/mercedes-benz-cla-sedan-c174-cla-250-85-kwh-272hp-eq-technology-53915,200,59477,8288f2293d0671fa8578ef9032a456910c2298a91ffef036901bc2cbec4e462f,2026-10-02T17:45:02+00:00,autodata/mod-53915.html.gz,ok,
modification,mercedes-benz,mercedes-benz/cla,https://www.auto-data.net/en/mercedes-benz-cla-sedan-c174-cla-250-71-kwh-272hp-eq-technology-57456,200,59231,21d8740cfb2dcdb591309e250bf2860e60374a412cdf9f8346431c4e62fdcf31,2026-10-02T17:45:05+00:00,autodata/mod-57456.html.gz,ok,
generation,mercedes-benz,mercedes-benz/cla,https://www.auto-data.net/en/mercedes-benz-cla-coupe-c118-facelift-2023-generation-9219,200,44939,8386d96cbe9bbe7eafb3c9152c5d8807e4b93e2e2c094518d501dc8cb6b14db9,2026-10-02T17:45:08+00:00,autodata/gen-9219.html.gz,ok,
modification,mercedes-benz,mercedes-benz/cla,https://www.auto-data.net/en/mercedes-benz-cla-coupe-c118-facelift-2023-amg-cla-45-s-421hp-4matic-amg-speedshift-dct-8g-47280,200,56136,34e55c34bc5a3d13a788742bfe6b61c362bbb4845a5b18bb32f3234e57c4020c,2026-10-02T17:45:11+00:00,autodata/mod-47280.html.gz,ok,
modification,mercedes-benz,mercedes-benz/cla,https://www.auto-data.net/en/mercedes-benz-cla-coupe-c118-facelift-2023-amg-cla-35-306hp-mild-hybrid-4matic-amg-speedshift-dct-8g-47291,200,57515,9db747fa4b45ecdf3cbafcb4f7037cf970ad25679fe5fb6494aa3ecbb1ef02ee,2026-10-02T17:45:17+00:00,autodata/mod-47291.html.gz,ok,
modification,mercedes-benz,mercedes-benz/cla,https://www.auto-data.net/en/mercedes-benz-cla-coupe-c118-facelift-2023-cla-250-224hp-mild-hybrid-4matic-8g-dct-51782,200,60412,702ee24ecceb7aec31e464832ded91e7d2604c98dd88303dd3c93f5e366916de,2026-10-02T17:45:19+00:00,autodata/mod-51782.html.gz,ok,
modification,mercedes-benz,mercedes-benz/cla,https://www.auto-data.net/en/mercedes-benz-cla-coupe-c118-facelift-2023-cla-250-221hp-mild-hybrid-8g-dct-52406,200,57530,0550effb6ed1688d154ea91bdd28d0120235f542f1ce8d84f734e5f9f1b024f8,2026-10-02T17:45:22+00:00,autodata/mod-52406.html.gz,ok,
generation,mercedes-benz,mercedes-benz/cla,https://www.auto-data.net/en/mercedes-benz-cla-coupe-c118-generation-6817,200,53808,f22d71868d56699dd6497cc5dc36e8333d21fb6b7aa34ccdeff734563e33a11c,2026-10-02T17:45:26+00:00,autodata/gen-6817.html.gz,ok,
modification,mercedes-benz,mercedes-benz/cla,https://www.auto-data.net/en/mercedes-benz-cla-coupe-c118-amg-cla-45-s-421hp-4matic-amg-speedshift-dct-8g-37421,200,55946,5df1da1d7c51027ce2c18536df32ed77914d6562a3b5e1eca6e4853a1ea86623,2026-10-02T17:45:30+00:00,autodata/mod-37421.html.gz,ok,
modification,mercedes-benz,mercedes-benz/cla,https://www.auto-data.net/en/mercedes-benz-cla-coupe-c118-amg-cla-45-387hp-4matic-amg-speedshift-dct-8g-37420,200,64736,a5d7ed3a0596ebe5853b7858793e98c9099ba9021be9e24d963563702b93cf02,2026-10-02T17:45:35+00:00,autodata/mod-37420.html.gz,ok,
modification,mercedes-benz,mercedes-benz/cla,https://www.auto-data.net/en/mercedes-benz-cla-coupe-c118-amg-cla-35-306hp-4matic-amg-speedshift-dct-7g-36973,200,65043,c26ece02064858dd66e7c3434a7b5c0f2aff538f68987ef2fbca0117f8735fce,2026-10-02T17:45:38+00:00,autodata/mod-36973.html.gz,ok,
modification,mercedes-benz,mercedes-benz/cla,https://www.auto-data.net/en/mercedes-benz-cla-coupe-c118-cla-250-224hp-7g-dct-36270,200,63222,ed4586fe608c07a5a53beade5838966498a0c921dded059369bbbefe23381701,2026-10-02T17:45:40+00:00,autodata/mod-36270.html.gz,ok,
modification,mercedes-benz,mercedes-benz/cla,https://www.auto-data.net/en/mercedes-benz-cla-coupe-c118-cla-250-224hp-4matic-7g-dct-36271,200,63567,78ce0153a2964833c81611ad1737b2cd2d93e7d1060e7445199ec293ed278531,2026-10-02T17:45:44+00:00,autodata/mod-36271.html.gz,ok,
generation,mercedes-benz,mercedes-benz/cla,https://www.auto-data.net/en/mercedes-benz-cla-coupe-c117-facelift-2016-generation-4746,200,52697,2301a75cab93edad71b0c80e2af66db5942ae1e355c917a3b1daf0aa83bc828f,2026-10-02T17:45:47+00:00,autodata/gen-4746.html.gz,ok,
modification,mercedes-benz,mercedes-benz/cla,https://www.auto-data.net/en/mercedes-benz-cla-coupe-c117-facelift-2016-amg-cla-45-381hp-4matic-dct-23338,200,60736,b3ea83a14851d7d9c6709e08a340941615fb6c05cf8a563ddca5f5c862a07e75,2026-10-02T17:45:52+00:00,autodata/mod-23338.html.gz,ok,
modification,mercedes-benz,mercedes-benz/cla,https://www.auto-data.net/en/mercedes-benz-cla-coupe-c117-facelift-2016-cla-250-218hp-sport-dct-23357,200,60471,e0d30008a9f9429f37f82cb3bf6b606c4ec5a3c733ef71a1f1b81b5a733cd7b2,2026-10-02T17:45:56+00:00,autodata/mod-23357.html.gz,ok,
modification,mercedes-benz,mercedes-benz/cla,https://www.auto-data.net/en/mercedes-benz-cla-coupe-c117-facelift-2016-cla-250-218hp-sport-4matic-dct-23391,200,60840,0eca326d478197f54a80beff4173c6d326be53d15ac5e6ff1af74c315c47ecba,2026-10-02T17:46:00+00:00,autodata/mod-23391.html.gz,ok,
modification,mercedes-benz,mercedes-benz/cla,https://www.auto-data.net/en/mercedes-benz-cla-coupe-c117-facelift-2016-cla-250-218hp-sport-23347,200,60126,94666ed2b26701068fa017112f1088adea09ad958ac5fe9458583e23abf63488,2026-10-02T17:46:04+00:00,autodata/mod-23347.html.gz,ok,
modification,mercedes-benz,mercedes-benz/cla,https://www.auto-data.net/en/mercedes-benz-cla-coupe-c117-facelift-2016-cla-250-211hp-dct-23325,200,60475,2c272e215760e09dbdcfc5de7771c10535200df0b87cad4ceb5121a026a9f4da,2026-10-02T17:46:07+00:00,autodata/mod-23325.html.gz,ok,
modification,mercedes-benz,mercedes-benz/cla,https://www.auto-data.net/en/mercedes-benz-cla-coupe-c117-facelift-2016-cla-250-211hp-4matic-dct-23403,200,60845,ff8e0a748c5eaa677936390d3297613d0704558289b64630ba791f1c00e7eaa5,2026-10-02T17:46:12+00:00,autodata/mod-23403.html.gz,ok,
modification,mercedes-benz,mercedes-benz/cla,https://www.auto-data.net/en/mercedes-benz-cla-coupe-c117-facelift-2016-cla-250-211hp-23485,200,60124,28b8b406016914318d941385849d714ff5c41eff843d9a908b1a77a2ab524386,2026-10-02T17:46:17+00:00,autodata/mod-23485.html.gz,ok,
generation,mercedes-benz,mercedes-benz/cla,https://www.auto-data.net/en/mercedes-benz-cla-coupe-c117-generation-4116,200,51674,f9a9a0b1cf310ef5447dc3c2f9b781400b4eda1df20edabda086bd250eeaa851,2026-10-02T17:46:20+00:00,autodata/gen-4116.html.gz,ok,
modification,mercedes-benz,mercedes-benz/cla,https://www.auto-data.net/en/mercedes-benz-cla-coupe-c117-amg-cla-45-381hp-4matic-amg-speedshift-dct-53787,200,61763,03b02b42df829b94436f254afab36d4e3fa3ec12fc80b8f51c7833bfd3c71399,2026-10-02T17:46:25+00:00,autodata/mod-53787.html.gz,ok,
modification,mercedes-benz,mercedes-benz/cla,https://www.auto-data.net/en/mercedes-benz-cla-coupe-c117-amg-cla-45-360hp-4matic-7g-dct-18687,200,59760,d58ef607ce6531bc2691618e3b733209cd5b09318588147ae94ccd9ca12bad6a,2026-10-02T17:46:29+00:00,autodata/mod-18687.html.gz,ok,
modification,mercedes-benz,mercedes-benz/cla,https://www.auto-data.net/en/mercedes-benz-cla-coupe-c117-cla-250-218hp-sport-7g-dct-53785,200,61113,3f8972d350a6f504c0d468c27c2aa7cacca7622556f0e2f36164cbe8deaa00cf,2026-10-02T17:46:32+00:00,autodata/mod-53785.html.gz,ok,
modification,mercedes-benz,mercedes-benz/cla,https://www.auto-data.net/en/mercedes-benz-cla-coupe-c117-cla-250-218hp-sport-4matic-7g-dct-53786,200,61909,efc0ed876fa100061a263324feacf8dfd03ab371f7359bbe488866379889423e,2026-10-02T17:46:34+00:00,autodata/mod-53786.html.gz,ok,
modification,mercedes-benz,mercedes-benz/cla,https://www.auto-data.net/en/mercedes-benz-cla-coupe-c117-cla-250-218hp-sport-53784,200,60512,3a5dc5ba74eda79349b6fcc1352b9a695264be3962a8be789eb20938dd90cec7,2026-10-02T17:46:37+00:00,autodata/mod-53784.html.gz,ok,
modification,mercedes-benz,mercedes-benz/cla,https://www.auto-data.net/en/mercedes-benz-cla-coupe-c117-cla-250-211hp-7g-dct-18691,200,59168,d94bb25faa15424a69967b9159ae9a5d6cf2db1f9a1484c6237c9981a2141252,2026-10-02T17:46:42+00:00,autodata/mod-18691.html.gz,ok,
modification,mercedes-benz,mercedes-benz/cla,https://www.auto-data.net/en/mercedes-benz-cla-coupe-c117-cla-250-211hp-4matic-7g-dct-18689,200,59495,455328e96176721803378bb5195e98ce1d4c0448ae0119e55c8b929d8d946000,2026-10-02T17:46:45+00:00,autodata/mod-18689.html.gz,ok,
model,mercedes-benz,mercedes-benz/cls,https://www.auto-data.net/en/mercedes-benz-cls-model-1388,200,44159,576762f202b851d54afc64fce7e6410042657e525c2f0883dafa3a71ece24750,2026-10-02T17:46:48+00:00,autodata/model-cls.html.gz,ok,
generation,mercedes-benz,mercedes-benz/cls,https://www.auto-data.net/en/mercedes-benz-cls-coupe-c257-facelift-2021-generation-8290,200,48402,1335ce70f7d1aff34fe5735c1c2dd43598e02c0655f06b67c16b0bfd1fa591ae,2026-10-02T17:46:52+00:00,autodata/gen-8290.html.gz,ok,
modification,mercedes-benz,mercedes-benz/cls,https://www.auto-data.net/en/mercedes-benz-cls-coupe-c257-facelift-2021-amg-cls-53-435hp-9g-amg-speedshift-tct-4matic-43250,200,62265,a9ae72d5cc957c772452f32ab5d17eed5fadb0fd14da74e327539dbb86b752ab,2026-10-02T17:46:57+00:00,autodata/mod-43250.html.gz,ok,
modification,mercedes-benz,mercedes-benz/cls,https://www.auto-data.net/en/mercedes-benz-cls-coupe-c257-facelift-2021-cls-450-367hp-mild-hybrid-4matic-9g-tronic-43350,200,60105,06c29065badd38bf5c4ac45cf3801766d274845f7c36d74b280837cc7c685784,2026-10-02T17:47:01+00:00,autodata/mod-43350.html.gz,ok,
generation,mercedes-benz,mercedes-benz/cls,https://www.auto-data.net/en/mercedes-benz-cls-coupe-c257-generation-6026,200,40386,5c7d7e9eae5f0a0a1f6bbe25f60628dfdb806964fb40fdd827d79aa42ab09a32,2026-10-02T17:47:04+00:00,autodata/gen-6026.html.gz,ok,
modification,mercedes-benz,mercedes-benz/cls,https://www.auto-data.net/en/mercedes-benz-cls-coupe-c257-amg-cls-53-435hp-eq-boost-4matic-tct-32793,200,58142,0cfbeb1dea343669ff939d079adb3848eb2a627a1f2687f443facf2860e09853,2026-10-02T17:47:08+00:00,autodata/mod-32793.html.gz,ok,
modification,mercedes-benz,mercedes-benz/cls,https://www.auto-data.net/en/mercedes-benz-cls-coupe-c257-cls-450-367hp-eq-boost-4matic-9g-tronic-32272,200,57079,2ba27cf2c3c31d1602e3d2012eef40198ef31354a3dadef5027c4e0563883bda,2026-10-02T17:47:13+00:00,autodata/mod-32272.html.gz,ok,
generation,mercedes-benz,mercedes-benz/cls,https://www.auto-data.net/en/mercedes-benz-cls-coupe-c218-facelift-2014-generation-4374,200,57166,a81c91ec924ba852f1552b35c0c50478e51dc940ec81311e8dfa8afc4a98c582,2026-10-02T17:47:16+00:00,autodata/gen-4374.html.gz,ok,
modification,mercedes-benz,mercedes-benz/cls,https://www.auto-data.net/en/mercedes-benz-cls-coupe-c218-facelift-2014-amg-cls-63-s-v8-585hp-amg-speedshift-mct-4matic-20928,200,69118,1dda587015d1bb22d22b2d83446758063678a6f4de41b297a60d6456618b4061,2026-10-02T17:47:19+00:00,autodata/mod-20928.html.gz,ok,
modification,mercedes-benz,mercedes-benz/cls,https://www.auto-data.net/en/mercedes-benz-cls-coupe-c218-facelift-2014-amg-cls-63-v8-557hp-amg-speedshift-mct-20858,200,68330,0e20c6201cd274a74f8c32197b9ed18aca3280a6dcf4b289d8d77dbd3523c8d4,2026-10-02T17:47:23+00:00,autodata/mod-20858.html.gz,ok,
modification,mercedes-benz,mercedes-benz/cls,https://www.auto-data.net/en/mercedes-benz-cls-coupe-c218-facelift-2014-amg-cls-63-v8-557hp-4matic-amg-speedshift-mct-20918,200,68946,fee76b26c42a54882dfe8b8b17ebc9c89cdd6393ba0ed3ab1d3cfa57c4fa3e84,2026-10-02T17:47:25+00:00,autodata/mod-20918.html.gz,ok,
modification,mercedes-benz,mercedes-benz/cls,https://www.auto-data.net/en/mercedes-benz-cls-coupe-c218-facelift-2014-cls-550-v8-402hp-9g-tronic-53863,200,66653,b62330c83245feee4832e335e83a598e939809267d8d688b5e64f84700fde032,2026-10-02T17:47:28+00:00,autodata/mod-53863.html.gz,ok,
modification,mercedes-benz,mercedes-benz/cls,https://www.auto-data.net/en/mercedes-benz-cls-coupe-c218-facelift-2014-cls-550-v8-402hp-4matic-9g-tronic-53864,200,67270,88c6e44f22ec540c8259d8085c3ef3122deee86bc559b93eb7d68f73fb4e9fd5,2026-10-02T17:47:33+00:00,autodata/mod-53864.html.gz,ok,
modification,mercedes-benz,mercedes-benz/cls,https://www.auto-data.net/en/mercedes-benz-cls-coupe-c218-facelift-2014-cls-400-v6-333hp-9g-tronic-52892,200,68173,49cb24e559bec5ff2331721ea554530e2b2ebb50ee76e3a6bebac6a45b813ba0,2026-10-02T17:47:38+00:00,autodata/mod-52892.html.gz,ok,
modification,mercedes-benz,mercedes-benz/cls,https://www.auto-data.net/en/mercedes-benz-cls-coupe-c218-facelift-2014-cls-400-v6-333hp-7g-tronic-plus-20856,200,68906,01f88df051bd39f76aee012b4ecfc1751fdc3558b0d5f56e9717229661852474,2026-10-02T17:47:40+00:00,autodata/mod-20856.html.gz,ok,
modification,mercedes-benz,mercedes-benz/cls,https://www.auto-data.net/en/mercedes-benz-cls-coupe-c218-facelift-2014-cls-400-v6-333hp-4matic-7g-tronic-plus-20903,200,69443,1bc797a2277f73fd7576709c329fb7f3c554ad62c2ef648a21f1a0e65610abc1,2026-10-02T17:47:45+00:00,autodata/mod-20903.html.gz,ok,
generation,mercedes-benz,mercedes-benz/cls,https://www.auto-data.net/en/mercedes-benz-cls-coupe-c218-generation-3860,200,55835,025961a1fd1832c2c3faaacff4b4062402e4ceb254333e37a30f953d1cb3154b,2026-10-02T17:47:49+00:00,autodata/gen-3860.html.gz,ok,
modification,mercedes-benz,mercedes-benz/cls,https://www.auto-data.net/en/mercedes-benz-cls-coupe-c218-amg-cls-63-s-v8-585hp-4matic-amg-speedshift-mct-18698,200,56848,801e19c40835e8549288bb93ab117e7470aaf703e662a212f3bcb82d32969914,2026-10-02T17:47:53+00:00,autodata/mod-18698.html.gz,ok,
modification,mercedes-benz,mercedes-benz/cls,https://www.auto-data.net/en/mercedes-benz-cls-coupe-c218-amg-cls-63-v8-557hp-amg-speedshift-mct-18700,200,59529,cb4fb9832f4941e6d8dddc300100358340bc26df9d16d0cef45656e7e9d8e7a3,2026-10-02T17:47:56+00:00,autodata/mod-18700.html.gz,ok,
modification,mercedes-benz,mercedes-benz/cls,https://www.auto-data.net/en/mercedes-benz-cls-coupe-c218-amg-cls-63-v8-557hp-4matic-amg-speedshift-mct-18699,200,56681,40e4311feb517f5eab5c955016ec4906287754abe6a9def719404ae3a574c79c,2026-10-02T17:48:01+00:00,autodata/mod-18699.html.gz,ok,
modification,mercedes-benz,mercedes-benz/cls,https://www.auto-data.net/en/mercedes-benz-cls-coupe-c218-amg-cls-63-performance-package-v8-557hp-amg-speedshift-mct-47102,200,61441,49daa484f1300d0745b0baed6344cc6bc091d690f651581d0b2f4b145b7ed37b,2026-10-02T17:48:05+00:00,autodata/mod-47102.html.gz,ok,
modification,mercedes-benz,mercedes-benz/cls,https://www.auto-data.net/en/mercedes-benz-cls-coupe-c218-amg-cls-63-v8-525hp-amg-speedshift-mct-47101,200,59760,b5eb14d30c25da52bb6ee186cdf1ce1dca1b1bf30b64a19fb2c8a12cb12c5ce1,2026-10-02T17:48:08+00:00,autodata/mod-47101.html.gz,ok,
modification,mercedes-benz,mercedes-benz/cls,https://www.auto-data.net/en/mercedes-benz-cls-coupe-c218-cls-550-v8-402hp-7g-tronic-plus-53861,200,66927,e5aef82d5cca58aedfd7336d2bb5706632c4d051589b42812e096d28493fa2cc,2026-10-02T17:48:13+00:00,autodata/mod-53861.html.gz,ok,
modification,mercedes-benz,mercedes-benz/cls,https://www.auto-data.net/en/mercedes-benz-cls-coupe-c218-cls-550-v8-402hp-4matic-7g-tronic-plus-53862,200,68028,9464ae9f00368b6e01c524167802a34a173b7e8875f032a8ff89012f42aac47b,2026-10-02T17:48:16+00:00,autodata/mod-53862.html.gz,ok,
model,mercedes-benz,mercedes-benz/cle,https://www.auto-data.net/en/mercedes-benz-cle-model-3294,200,36654,5dabca230c6db248aaa82ed5f2fc4a4745c52502bc7901bf2091a8be776422d7,2026-10-02T17:48:20+00:00,autodata/model-cle.html.gz,ok,
generation,mercedes-benz,mercedes-benz/cle,https://www.auto-data.net/en/mercedes-benz-cle-cabriolet-a236-generation-9877,200,51803,ffee718d32369aa98e23bb475faec37047a03c87a5b1ca2fa9ef0c164b7782f9,2026-10-02T17:48:24+00:00,autodata/gen-9877.html.gz,ok,
modification,mercedes-benz,mercedes-benz/cle,https://www.auto-data.net/en/mercedes-benz-cle-cabriolet-a236-amg-cle-53-449hp-mild-hybrid-4matic-amg-speedshift-tct-9g-51663,200,60587,e2caecfc5ec990b3a0b3cc37ad9dd46595c59fb9384b460fe2a26a181429bb16,2026-10-02T17:48:28+00:00,autodata/mod-51663.html.gz,ok,
modification,mercedes-benz,mercedes-benz/cle,https://www.auto-data.net/en/mercedes-benz-cle-cabriolet-a236-cle-450-381hp-mild-hybrid-4matic-9g-tronic-51158,200,70279,eee1358928926b64e589ccacc9c94406ce1b2133ee71a3641fc594d45001ca3b,2026-10-02T17:48:32+00:00,autodata/mod-51158.html.gz,ok,
modification,mercedes-benz,mercedes-benz/cle,https://www.auto-data.net/en/mercedes-benz-cle-cabriolet-a236-cle-300-258hp-mild-hybrid-4matic-9g-tronic-51157,200,70105,bec385c2d77570d4322261ec122a153565c272834600c0e50eddc1307f47175b,2026-10-02T17:48:34+00:00,autodata/mod-51157.html.gz,ok,
generation,mercedes-benz,mercedes-benz/cle,https://www.auto-data.net/en/mercedes-benz-cle-coupe-c236-generation-9570,200,66091,0c67e236bb1ac40ac13de450e0cf8d8606bb3c174f0f34803a4a4d73a430350b,2026-10-02T17:48:38+00:00,autodata/gen-9570.html.gz,ok,
modification,mercedes-benz,mercedes-benz/cle,https://www.auto-data.net/en/mercedes-benz-cle-coupe-c236-amg-cle-53-449hp-mild-hybrid-4matic-amg-speedshift-tct-9g-50668,200,65329,9f0279caddeccf94ba66f8d0589b6e484d3cb9b846711ed72c4beaa1ad98690a,2026-10-02T17:48:41+00:00,autodata/mod-50668.html.gz,ok,
modification,mercedes-benz,mercedes-benz/cle,https://www.auto-data.net/en/mercedes-benz-cle-coupe-c236-cle-450-381hp-mild-hybrid-4matic-9g-tronic-49013,200,82169,deb1812c9daf657ea922c5ca8519bc8f1e4faf557deba648393960a7e94a8a54,2026-10-02T17:48:44+00:00,autodata/mod-49013.html.gz,ok,
modification,mercedes-benz,mercedes-benz/cle,https://www.auto-data.net/en/mercedes-benz-cle-coupe-c236-cle-300-258hp-mild-hybrid-4matic-9g-tronic-49012,200,82142,d66888d694a8b4a82336f8f6c25cdeaf72de13e06ad0ca8873c7483e1939e8bc,2026-10-02T17:48:47+00:00,autodata/mod-49012.html.gz,ok,
model,mercedes-benz,mercedes-benz/amg-gt-4-door,https://www.auto-data.net/en/mercedes-benz-amg-gt-4-door-coupe-model-2821,200,38665,39f97d426a7e7734957f623486a3cf76ea9e29c559ab12b4d85a1d55ce631ff9,2026-10-02T17:48:49+00:00,autodata/model-amg-gt-4-door-coupe.html.gz,ok,
generation,mercedes-benz,mercedes-benz/amg-gt-4-door,https://www.auto-data.net/en/mercedes-benz-amg-gt-4-door-coupe-c590-generation-11256,200,42188,49ceb978c25d62d9e546e8cc951a3628721512b481a718cfec6f301141305f82,2026-10-02T17:48:53+00:00,autodata/gen-11256.html.gz,ok,
generation,mercedes-benz,mercedes-benz/amg-gt-4-door,https://www.auto-data.net/en/mercedes-benz-amg-gt-4-door-coupe-x290-generation-6161,200,53094,bdf5e7dab4ecd1eefe2377ca3a67de2679b034fa6d61402813b66efe8189da2a,2026-10-02T17:48:57+00:00,autodata/gen-6161.html.gz,ok,
generation,mercedes-benz,mercedes-benz/amg-gt-4-door,https://www.auto-data.net/en/mercedes-benz-amg-gt-4-door-coupe-concept-generation-6919,200,33751,aef4258ea67e9f229d420d20bc05481d4d636f25f774023fe100fb1210770bd1,2026-10-02T17:49:00+00:00,autodata/gen-6919.html.gz,ok,
model,mercedes-benz,mercedes-benz/eqs,https://www.auto-data.net/en/mercedes-benz-eqs-model-2913,200,39153,4379afe32e28c31983f53f7fd6dc63ba80584d49519f8d457b292821505578f9,2026-10-02T17:49:05+00:00,autodata/model-eqs.html.gz,ok,
generation,mercedes-benz,mercedes-benz/eqs,https://www.auto-data.net/en/mercedes-benz-eqs-v297-facelift-2026-generation-11162,200,36051,5238e1ba0f11271ee94fc9edf2acdca2f76a2d6d2acb121913563f08bc9090ed,2026-10-02T17:49:09+00:00,autodata/gen-11162.html.gz,ok,
modification,mercedes-benz,mercedes-benz/eqs,https://www.auto-data.net/en/mercedes-benz-eqs-v297-facelift-2026-eqs-580-122-kwh-585hp-4matic-56842,200,51282,b9e8170c29501fc3f53e1a4f0afe09169d0ab5df0d0811996e46dbffe1595dce,2026-10-02T17:49:12+00:00,autodata/mod-56842.html.gz,ok,
modification,mercedes-benz,mercedes-benz/eqs,https://www.auto-data.net/en/mercedes-benz-eqs-v297-facelift-2026-eqs-450-122-kwh-408hp-56840,200,50613,30f8146a82a78826ebfb8ab3f23ff5b624a3f08a815525ea1f5a9cb3fce11a45,2026-10-02T17:49:16+00:00,autodata/mod-56840.html.gz,ok,
generation,mercedes-benz,mercedes-benz/eqs,https://www.auto-data.net/en/mercedes-benz-eqs-v297-facelift-2024-generation-10012,200,49052,5426caefe4eaf8bf1967e6d053ebd4674b1face1128e305648a3004a7412ee5c,2026-10-02T17:49:19+00:00,autodata/gen-10012.html.gz,ok,
modification,mercedes-benz,mercedes-benz/eqs,https://www.auto-data.net/en/mercedes-benz-eqs-v297-facelift-2024-eqs-580-125-kwh-544hp-4matic-51695,200,64625,6ed5d045f08759e086182b940e1f2439475738db87aedbb2002502f77ec81351,2026-10-02T17:49:23+00:00,autodata/mod-51695.html.gz,ok,
modification,mercedes-benz,mercedes-benz/eqs,https://www.auto-data.net/en/mercedes-benz-eqs-v297-facelift-2024-eqs-450-125-kwh-360hp-51692,200,63969,f96e33f2f9646634c74165c83cc2823d095c85b3ad0c2e8114a46e2a0982f385,2026-10-02T17:49:28+00:00,autodata/mod-51692.html.gz,ok,
modification,mercedes-benz,mercedes-benz/eqs,https://www.auto-data.net/en/mercedes-benz-eqs-v297-facelift-2024-eqs-450-125-kwh-360hp-4matic-51693,200,64627,22191e356123dee5d9140de934b174ee62c33197503935725ec7a065ef61f2df,2026-10-02T17:49:31+00:00,autodata/mod-51693.html.gz,ok,
generation,mercedes-benz,mercedes-benz/eqs,https://www.auto-data.net/en/mercedes-benz-eqs-v297-generation-8321,200,49448,71026449d306f626bc6ffb5e8914fbcd06d5d014125f772e945190fbdcd77c7c,2026-10-02T17:49:36+00:00,autodata/gen-8321.html.gz,ok,
modification,mercedes-benz,mercedes-benz/eqs,https://www.auto-data.net/en/mercedes-benz-eqs-v297-eqs-580-120-kwh-544hp-4matic-51689,200,64141,b379678b3c11b21f3f992acf66de2712fd7159948aa59324647ef61e79e3499e,2026-10-02T17:49:40+00:00,autodata/mod-51689.html.gz,ok,
modification,mercedes-benz,mercedes-benz/eqs,https://www.auto-data.net/en/mercedes-benz-eqs-v297-eqs-580-120-kwh-523hp-4matic-43149,200,58012,d9726c26c5ea925bbbfcd882191bc7cd2431da4b40be9213d196ddb5a6e42e3a,2026-10-02T17:49:45+00:00,autodata/mod-43149.html.gz,ok,
modification,mercedes-benz,mercedes-benz/eqs,https://www.auto-data.net/en/mercedes-benz-eqs-v297-eqs-450-120-kwh-360hp-51688,200,63482,5407515348a5107041b0d2acdd35a2fc8b95e042b57be6acc88c79be999782c2,2026-10-02T17:49:48+00:00,autodata/mod-51688.html.gz,ok,
modification,mercedes-benz,mercedes-benz/eqs,https://www.auto-data.net/en/mercedes-benz-eqs-v297-eqs-450-120-kwh-333hp-43148,200,50181,9feb6eeedd68acaab4533b18652d63583132dd6d1965453e0683bfb043e5b554,2026-10-02T17:49:50+00:00,autodata/mod-43148.html.gz,ok,
modification,mercedes-benz,mercedes-benz/eqs,https://www.auto-data.net/en/mercedes-benz-eqs-v297-eqs-450-120-kwh-360hp-4matic-51690,200,64162,47b05e28e8ede244d041230409484bd3f69ec0f36dde457732cac13bed441192,2026-10-02T17:49:55+00:00,autodata/mod-51690.html.gz,ok,
model,mercedes-benz,mercedes-benz/eqb,https://www.auto-data.net/en/mercedes-benz-eqb-model-2915,200,36700,d61792899a954226b6939b77383269f0611ecd56c8f3b114749f1bc6a906e577,2026-10-02T17:49:58+00:00,autodata/model-eqb.html.gz,ok,
generation,mercedes-benz,mercedes-benz/eqb,https://www.auto-data.net/en/mercedes-benz-eqb-x243-facelift-2023-generation-9987,200,39750,0c1fff0d08cde967dc99fc5eb92f3607e0da320e94f5db94626fa5aaa9d02ff6,2026-10-02T17:50:00+00:00,autodata/gen-9987.html.gz,ok,
modification,mercedes-benz,mercedes-benz/eqb,https://www.auto-data.net/en/mercedes-benz-eqb-x243-facelift-2023-eqb-350-69.7-kwh-292hp-4matic-51548,200,56810,3a349b5e1b4f65b4faf9ed020e2b07727fc54de14029d8763a9e89af62aaa747,2026-10-02T17:50:04+00:00,autodata/mod-51548.html.gz,ok,
modification,mercedes-benz,mercedes-benz/eqb,https://www.auto-data.net/en/mercedes-benz-eqb-x243-facelift-2023-eqb-300-73.9-kwh-228hp-4matic-56235,200,57212,2fa9bca276690a3ea5946c9c43e194a2c6c47c267867b66a2cfcd3d0f0d73820,2026-10-02T17:50:08+00:00,autodata/mod-56235.html.gz,ok,
modification,mercedes-benz,mercedes-benz/eqb,https://www.auto-data.net/en/mercedes-benz-eqb-x243-facelift-2023-eqb-300-69.7-kwh-228hp-4matic-51547,200,56823,fad3e2246039072b58ecf42f8000b2f05c624e5fd44d73c0f0771b7abb973549,2026-10-02T17:50:11+00:00,autodata/mod-51547.html.gz,ok,
modification,mercedes-benz,mercedes-benz/eqb,https://www.auto-data.net/en/mercedes-benz-eqb-x243-facelift-2023-eqb-250-73.9-kwh-190hp-51546,200,56092,53dc9986bc62666397dd6c8c6074900af191e490b9ca944ec135529f4f0ab2e8,2026-10-02T17:50:14+00:00,autodata/mod-51546.html.gz,ok,
generation,mercedes-benz,mercedes-benz/eqb,https://www.auto-data.net/en/mercedes-benz-eqb-x243-generation-8323,200,37288,83b34a9dbde63691cb78f8ccbf036c4e09afcc0373048a6b41264996588ffebd,2026-10-02T17:50:18+00:00,autodata/gen-8323.html.gz,ok,
modification,mercedes-benz,mercedes-benz/eqb,https://www.auto-data.net/en/mercedes-benz-eqb-x243-eqb-350-69.7-kwh-292hp-4matic-43159,200,48677,24012ccd517e6a23ff954fea4da11d813c180b4d210094e4ac579fec02cce704,2026-10-02T17:50:23+00:00,autodata/mod-43159.html.gz,ok,
modification,mercedes-benz,mercedes-benz/eqb,https://www.auto-data.net/en/mercedes-benz-eqb-x243-eqb-300-69.7-kwh-228hp-4matic-44440,200,53184,2c3478a719fc5c317cb172304430b5c7a906a04dde6428ecabe5128c207caa43,2026-10-02T17:50:27+00:00,autodata/mod-44440.html.gz,ok,
modification,mercedes-benz,mercedes-benz/eqb,https://www.auto-data.net/en/mercedes-benz-eqb-x243-eqb-250-73.9-kwh-190hp-51567,200,52693,da57d836853af0d4cd509180a7cd40c7d044da14b3d8e664d4f47bd4792066a4,2026-10-02T17:50:31+00:00,autodata/mod-51567.html.gz,ok,
modification,mercedes-benz,mercedes-benz/eqb,https://www.auto-data.net/en/mercedes-benz-eqb-x243-eqb-250-69.7-kwh-190hp-51568,200,52523,149daf2d2cb999e056c2faac5005deefa544b053db7e429ed5822a3fe8f70190,2026-10-02T17:50:36+00:00,autodata/mod-51568.html.gz,ok,
modification,mercedes-benz,mercedes-benz/eqb,https://www.auto-data.net/en/mercedes-benz-eqb-x243-eqb-250-69.7-kwh-190hp-51566,200,52507,3c98860bb7a4846d1abc6d5480d0f3900e2ebd9a3b50d642d2206189730bd5b5,2026-10-02T17:50:41+00:00,autodata/mod-51566.html.gz,ok,
