kind,make,line,year,url,http_status,bytes,sha256,retrieved_at,path,status,note
make,hyundai,,,https://www.carcomplaints.com/Hyundai/,200,42571,5460788a30b963ddfa109b4737ae632b2cb1b1f2b99f64862e17479986c78145,2026-10-02T11:02:27+00:00,carcomplaints/hyundai/_make.html.gz,ok,
model,hyundai,hyundai/sonata,,https://www.carcomplaints.com/Hyundai/Sonata/,200,39308,fe951012c94aa5ff68365f5ca7f6266762c4a8128636b09efe029e476605ec41,2026-10-02T11:02:34+00:00,carcomplaints/hyundai/Sonata/_model.html.gz,ok,
year,hyundai,hyundai/sonata,2014,https://www.carcomplaints.com/Hyundai/Sonata/2014/,200,46939,a79277a0c3e42ce8f43038206f54ce4ae3966ad5f781ceecb4382c0ef25e62b0,2026-10-02T11:02:41+00:00,carcomplaints/hyundai/Sonata/2014.html.gz,ok,
year,hyundai,hyundai/sonata,2015,https://www.carcomplaints.com/Hyundai/Sonata/2015/,200,45940,120fdb23b2300124cd3359aed96399d61bcc7091d877e4988687821da1aa002f,2026-10-02T11:02:48+00:00,carcomplaints/hyundai/Sonata/2015.html.gz,ok,
year,hyundai,hyundai/sonata,2016,https://www.carcomplaints.com/Hyundai/Sonata/2016/,200,47654,382fa647400dd61f463856fb1ea2e87b91d49df3830feb80d3e9f0370a500742,2026-10-02T11:02:54+00:00,carcomplaints/hyundai/Sonata/2016.html.gz,ok,
year,hyundai,hyundai/sonata,2017,https://www.carcomplaints.com/Hyundai/Sonata/2017/,200,44214,6a0e7eaf661c912f36aa8726884751bd643a14523fbbf6ed58227fd72ee2dd83,2026-10-02T11:02:58+00:00,carcomplaints/hyundai/Sonata/2017.html.gz,ok,
year,hyundai,hyundai/sonata,2018,https://www.carcomplaints.com/Hyundai/Sonata/2018/,200,47159,8e2fb60cd07b5447ff1fa7311ea9a7856dacc4496ff42765e6322160b77c237a,2026-10-02T11:03:02+00:00,carcomplaints/hyundai/Sonata/2018.html.gz,ok,
year,hyundai,hyundai/sonata,2019,https://www.carcomplaints.com/Hyundai/Sonata/2019/,200,44963,2cf18c90f2f43d85e8add11d54c3511b29914d7f4c20837dc958110bd1d6f2b2,2026-10-02T11:03:08+00:00,carcomplaints/hyundai/Sonata/2019.html.gz,ok,
year,hyundai,hyundai/sonata,2020,https://www.carcomplaints.com/Hyundai/Sonata/2020/,200,46730,bc221587af05d7c89a0b283fd56335a9317a90d6fee4432b5605501db8b4a4c7,2026-10-02T11:03:14+00:00,carcomplaints/hyundai/Sonata/2020.html.gz,ok,
year,hyundai,hyundai/sonata,2021,https://www.carcomplaints.com/Hyundai/Sonata/2021/,200,45521,80470c8b92ae62064970ea65e720f737ce7e8d2cc20377a10497f9f1e35ab835,2026-10-02T11:03:19+00:00,carcomplaints/hyundai/Sonata/2021.html.gz,ok,
year,hyundai,hyundai/sonata,2022,https://www.carcomplaints.com/Hyundai/Sonata/2022/,200,42666,b074df2ad320049f1d9322ebf3453ae5a19b958124b442789a5de38799dad8f0,2026-10-02T11:03:24+00:00,carcomplaints/hyundai/Sonata/2022.html.gz,ok,
year,hyundai,hyundai/sonata,2023,https://www.carcomplaints.com/Hyundai/Sonata/2023/,200,46369,909cf8e636d63b3ba6f4a8be32fa6837d4f2651bf8182ddb86aef80e7f1cb789,2026-10-02T11:03:29+00:00,carcomplaints/hyundai/Sonata/2023.html.gz,ok,
year,hyundai,hyundai/sonata,2024,https://www.carcomplaints.com/Hyundai/Sonata/2024/,200,40599,fa5aa24d6067f637da2bb3629e032374ca3a797c9b1b26fd94e8bbebc05fc3bf,2026-10-02T11:03:34+00:00,carcomplaints/hyundai/Sonata/2024.html.gz,ok,
year,hyundai,hyundai/sonata,2025,https://www.carcomplaints.com/Hyundai/Sonata/2025/,200,38822,1d3c84c829c32ea6ff4f22c7169e07954eec4e521ae7a63d495a7bd3bc6180b1,2026-10-02T11:03:41+00:00,carcomplaints/hyundai/Sonata/2025.html.gz,ok,
model,hyundai,hyundai/elantra,,https://www.carcomplaints.com/Hyundai/Elantra/,200,39002,fd78d7d17086666505964ad966d6d1da9b14b868555240e8fe29c1c6bc73d8ca,2026-10-02T11:03:45+00:00,carcomplaints/hyundai/Elantra/_model.html.gz,ok,
year,hyundai,hyundai/elantra,2014,https://www.carcomplaints.com/Hyundai/Elantra/2014/,200,47281,44b9a8827f7149d9db5ff613eab4aad269f4aa00d63251db52e0aaa37ce56093,2026-10-02T11:03:50+00:00,carcomplaints/hyundai/Elantra/2014.html.gz,ok,
year,hyundai,hyundai/elantra,2015,https://www.carcomplaints.com/Hyundai/Elantra/2015/,200,46923,13068f0aadeff8ebf4bfdfcd438b06e902232b5591897e9da0472b8a582fc481,2026-10-02T11:03:55+00:00,carcomplaints/hyundai/Elantra/2015.html.gz,ok,
year,hyundai,hyundai/elantra,2016,https://www.carcomplaints.com/Hyundai/Elantra/2016/,200,47519,25f3f663751695c07811de390bfee7af146e2e7fa45115da2f1ea6a2ef39fdaf,2026-10-02T11:04:02+00:00,carcomplaints/hyundai/Elantra/2016.html.gz,ok,
year,hyundai,hyundai/elantra,2017,https://www.carcomplaints.com/Hyundai/Elantra/2017/,200,47458,561ba3b33b98413beaa5fc89575c30b08140e0ae24abb62cea0959bfb20fb4da,2026-10-02T11:04:07+00:00,carcomplaints/hyundai/Elantra/2017.html.gz,ok,
year,hyundai,hyundai/elantra,2018,https://www.carcomplaints.com/Hyundai/Elantra/2018/,200,46804,aa56197590ddb44d50e1325cd92e8c24b34588514ca3e08f81266544cf9ffb80,2026-10-02T11:04:13+00:00,carcomplaints/hyundai/Elantra/2018.html.gz,ok,
year,hyundai,hyundai/elantra,2019,https://www.carcomplaints.com/Hyundai/Elantra/2019/,200,47116,bedb5c9c962e55a7ab0c59dde80e1edc053a6eaf1e51effe98ec1447aefd9e57,2026-10-02T11:04:19+00:00,carcomplaints/hyundai/Elantra/2019.html.gz,ok,
year,hyundai,hyundai/elantra,2020,https://www.carcomplaints.com/Hyundai/Elantra/2020/,200,46220,822ce942bf81f3584c0dbd9c7c88862c34499e7a39f32fc46ed541ee4c85e881,2026-10-02T11:04:25+00:00,carcomplaints/hyundai/Elantra/2020.html.gz,ok,
year,hyundai,hyundai/elantra,2021,https://www.carcomplaints.com/Hyundai/Elantra/2021/,200,46784,3c35d834ac0ffe1c4c0584084dc1330e3fe2769cb42c23bd86eac92b4f8f7f01,2026-10-02T11:04:30+00:00,carcomplaints/hyundai/Elantra/2021.html.gz,ok,
year,hyundai,hyundai/elantra,2022,https://www.carcomplaints.com/Hyundai/Elantra/2022/,200,44940,f575cdd3c33808496cde6a5798861fe3445626bbfbda5cb923a7115546dd69de,2026-10-02T11:04:34+00:00,carcomplaints/hyundai/Elantra/2022.html.gz,ok,
year,hyundai,hyundai/elantra,2023,https://www.carcomplaints.com/Hyundai/Elantra/2023/,200,46155,ff08ca53e9e889b1e480c566b82f2f1c379891dbcf5fc481f6cce64464ea349f,2026-10-02T11:04:41+00:00,carcomplaints/hyundai/Elantra/2023.html.gz,ok,
year,hyundai,hyundai/elantra,2024,https://www.carcomplaints.com/Hyundai/Elantra/2024/,200,45503,a86adf7387b88155744ced385dd61f57d28a0af484d8cb448a81ecf8c2dbf3b8,2026-10-02T11:04:47+00:00,carcomplaints/hyundai/Elantra/2024.html.gz,ok,
model,hyundai,hyundai/tucson,,https://www.carcomplaints.com/Hyundai/Tucson/,200,35882,afacaedc82d72726fc5fdd84d61a55e9c7cec470a4e55017b4db54cee8e4f231,2026-10-02T11:04:52+00:00,carcomplaints/hyundai/Tucson/_model.html.gz,ok,
year,hyundai,hyundai/tucson,2014,https://www.carcomplaints.com/Hyundai/Tucson/2014/,200,44614,bed36481f8b872ededd9d989a33458c97faa6edeabdfec2c3b3780e886ab3cf2,2026-10-02T11:04:58+00:00,carcomplaints/hyundai/Tucson/2014.html.gz,ok,
year,hyundai,hyundai/tucson,2015,https://www.carcomplaints.com/Hyundai/Tucson/2015/,200,45697,517be023387834d571d6808e463e430ac4147e78228e0810050915ee0153cb8c,2026-10-02T11:05:05+00:00,carcomplaints/hyundai/Tucson/2015.html.gz,ok,
year,hyundai,hyundai/tucson,2016,https://www.carcomplaints.com/Hyundai/Tucson/2016/,200,48186,33157b8d0bdbbfb4d0b195cc0a5938e0f1ed8ac87500cc41dc1f4ebcb948f078,2026-10-02T11:05:11+00:00,carcomplaints/hyundai/Tucson/2016.html.gz,ok,
year,hyundai,hyundai/tucson,2017,https://www.carcomplaints.com/Hyundai/Tucson/2017/,200,43558,f5101980d0a41ff046b6974214ac266be36aeaf374c0c076f0b8d1db111412d4,2026-10-02T11:05:16+00:00,carcomplaints/hyundai/Tucson/2017.html.gz,ok,
year,hyundai,hyundai/tucson,2018,https://www.carcomplaints.com/Hyundai/Tucson/2018/,200,43089,9d5d8a6ff91f6770ed967c16758689a0cee0c673c2122cc73e49101e99ab3e08,2026-10-02T11:05:21+00:00,carcomplaints/hyundai/Tucson/2018.html.gz,ok,
year,hyundai,hyundai/tucson,2019,https://www.carcomplaints.com/Hyundai/Tucson/2019/,200,46570,e7cf14a6e816a32bed66d678dd2ace7ed19632ed1ea7f3770d4807a2eb8186f7,2026-10-02T11:05:25+00:00,carcomplaints/hyundai/Tucson/2019.html.gz,ok,
year,hyundai,hyundai/tucson,2020,https://www.carcomplaints.com/Hyundai/Tucson/2020/,200,44568,455caf44b579565fae87f11876ea1a3caf6cc328b612e5c153e3e87bbe4de0ea,2026-10-02T11:05:30+00:00,carcomplaints/hyundai/Tucson/2020.html.gz,ok,
year,hyundai,hyundai/tucson,2021,https://www.carcomplaints.com/Hyundai/Tucson/2021/,200,42968,0117618f75c9b5c594a2f614a3e9c04d711713b2c7d22a06f4f65c1f0f31a0f9,2026-10-02T11:05:34+00:00,carcomplaints/hyundai/Tucson/2021.html.gz,ok,
year,hyundai,hyundai/tucson,2022,https://www.carcomplaints.com/Hyundai/Tucson/2022/,200,45037,8d304c3645e8309785e82b9c962b5e0676fe137e314614c1278d2a0ff04694f3,2026-10-02T11:05:39+00:00,carcomplaints/hyundai/Tucson/2022.html.gz,ok,
year,hyundai,hyundai/tucson,2023,https://www.carcomplaints.com/Hyundai/Tucson/2023/,200,44289,c5a952a1a3ae0acd6cc84f07edb6f1cb40abc9e4ec9aeaa64e73ab6f0da26285,2026-10-02T11:05:43+00:00,carcomplaints/hyundai/Tucson/2023.html.gz,ok,
year,hyundai,hyundai/tucson,2024,https://www.carcomplaints.com/Hyundai/Tucson/2024/,200,41818,81a6b1d282e779f5083fb9bc0598ef67ad666a86a9a7a7864a8ed67839dec477,2026-10-02T11:05:49+00:00,carcomplaints/hyundai/Tucson/2024.html.gz,ok,
year,hyundai,hyundai/tucson,2025,https://www.carcomplaints.com/Hyundai/Tucson/2025/,200,41376,662b5e155bf2c6fe00f6ad89f457ff9cd63a887cad2e7929979ec77f360a4661,2026-10-02T11:05:56+00:00,carcomplaints/hyundai/Tucson/2025.html.gz,ok,
model,hyundai,hyundai/santa-fe,,https://www.carcomplaints.com/Hyundai/Santa_Fe/,200,36806,68836812d3faa39a924efe9c8388926ccc80ebcd9a2d821653e9185a7d465b20,2026-10-02T11:06:01+00:00,carcomplaints/hyundai/Santa_Fe/_model.html.gz,ok,
year,hyundai,hyundai/santa-fe,2014,https://www.carcomplaints.com/Hyundai/Santa_Fe/2014/,200,45864,cf7d65b97695010cfa186e0a68b22ad4b99214336d38102ca37266251d34560a,2026-10-02T11:06:05+00:00,carcomplaints/hyundai/Santa_Fe/2014.html.gz,ok,
year,hyundai,hyundai/santa-fe,2015,https://www.carcomplaints.com/Hyundai/Santa_Fe/2015/,200,47056,f33e600d22350a053599176c9211251ce98a743618c7582f453faf9f0fe868f3,2026-10-02T11:06:10+00:00,carcomplaints/hyundai/Santa_Fe/2015.html.gz,ok,
year,hyundai,hyundai/santa-fe,2016,https://www.carcomplaints.com/Hyundai/Santa_Fe/2016/,200,45923,85d84974222000025a5ef1ce11fe6f5d1950747aa3ea4aad7b0a482e69fde9cb,2026-10-02T11:06:17+00:00,carcomplaints/hyundai/Santa_Fe/2016.html.gz,ok,
year,hyundai,hyundai/santa-fe,2017,https://www.carcomplaints.com/Hyundai/Santa_Fe/2017/,200,47272,f983254aeee90f421843caac0cb63f77862eda00566d7c59658782e956685015,2026-10-02T11:06:24+00:00,carcomplaints/hyundai/Santa_Fe/2017.html.gz,ok,
year,hyundai,hyundai/santa-fe,2018,https://www.carcomplaints.com/Hyundai/Santa_Fe/2018/,200,44921,0f9c1c085a5127381729b8e8f64399d577844961a87425a159dec6e3ae8a64f1,2026-10-02T11:06:28+00:00,carcomplaints/hyundai/Santa_Fe/2018.html.gz,ok,
year,hyundai,hyundai/santa-fe,2019,https://www.carcomplaints.com/Hyundai/Santa_Fe/2019/,200,46141,1496286b2e7d7bdd76f74f1cf4cb0fa041127f15bc01802727efd4c3a397dad6,2026-10-02T11:06:34+00:00,carcomplaints/hyundai/Santa_Fe/2019.html.gz,ok,
year,hyundai,hyundai/santa-fe,2020,https://www.carcomplaints.com/Hyundai/Santa_Fe/2020/,200,46744,757632f3edf6941e5ccb79715f0cdbc59f9490c88def4853a1d0425fc11bc640,2026-10-02T11:06:40+00:00,carcomplaints/hyundai/Santa_Fe/2020.html.gz,ok,
year,hyundai,hyundai/santa-fe,2021,https://www.carcomplaints.com/Hyundai/Santa_Fe/2021/,200,45020,ec560a0df17fa4aad451ec532f0a1cce984c5187d422ad7656b3e80beea446da,2026-10-02T11:06:46+00:00,carcomplaints/hyundai/Santa_Fe/2021.html.gz,ok,
year,hyundai,hyundai/santa-fe,2022,https://www.carcomplaints.com/Hyundai/Santa_Fe/2022/,200,42258,842ae12b1adebcb5b7156b1b8918edf5399305e817fa74571a5fd586b4bccbee,2026-10-02T11:06:52+00:00,carcomplaints/hyundai/Santa_Fe/2022.html.gz,ok,
year,hyundai,hyundai/santa-fe,2023,https://www.carcomplaints.com/Hyundai/Santa_Fe/2023/,200,45274,ab897f5cf0b2ee9ef5c4149585492e77efc8e9441fdbc3afa9871fd0a889d39f,2026-10-02T11:06:59+00:00,carcomplaints/hyundai/Santa_Fe/2023.html.gz,ok,
year,hyundai,hyundai/santa-fe,2024,https://www.carcomplaints.com/Hyundai/Santa_Fe/2024/,200,45636,9ae58c2f085aa0426176697389dd8dd92564b8e56555b4bc4d73bd582309fdaf,2026-10-02T11:07:06+00:00,carcomplaints/hyundai/Santa_Fe/2024.html.gz,ok,
year,hyundai,hyundai/santa-fe,2025,https://www.carcomplaints.com/Hyundai/Santa_Fe/2025/,200,39143,3b8a145fd3ace683fef8d19eddc21ea77ddfdf1bd89a155ff10a237c5b53dd6c,2026-10-02T11:07:10+00:00,carcomplaints/hyundai/Santa_Fe/2025.html.gz,ok,
model,hyundai,hyundai/santa-fe-sport,,https://www.carcomplaints.com/Hyundai/Santa_Fe_Sport/,200,33173,70d50e25ec9d3dade465c9ea03c3b019b62ccef2dbc9dd16cab01a1abdaba7aa,2026-10-02T11:07:16+00:00,carcomplaints/hyundai/Santa_Fe_Sport/_model.html.gz,ok,
year,hyundai,hyundai/santa-fe-sport,2014,https://www.carcomplaints.com/Hyundai/Santa_Fe_Sport/2014/,200,41533,f0b286393c237b3e0801ef2884e4df90e5769bd3c06c748203983e9ad5963c2a,2026-10-02T11:07:20+00:00,carcomplaints/hyundai/Santa_Fe_Sport/2014.html.gz,ok,
year,hyundai,hyundai/santa-fe-sport,2015,https://www.carcomplaints.com/Hyundai/Santa_Fe_Sport/2015/,200,43358,fcda8d0a3e8721fcf7d8ffdd170238c975d44c4c76fe8f51dfdb9ae89372be03,2026-10-02T11:07:25+00:00,carcomplaints/hyundai/Santa_Fe_Sport/2015.html.gz,ok,
year,hyundai,hyundai/santa-fe-sport,2016,https://www.carcomplaints.com/Hyundai/Santa_Fe_Sport/2016/,200,42756,14f7e3101e691921150328e812db86cafe2abf8c5ec5bb03f4b79c0f04ac4397,2026-10-02T11:07:30+00:00,carcomplaints/hyundai/Santa_Fe_Sport/2016.html.gz,ok,
year,hyundai,hyundai/santa-fe-sport,2017,https://www.carcomplaints.com/Hyundai/Santa_Fe_Sport/2017/,200,45640,c983731f3da75110df8d120faa3dd8c02fb23a0cb02fa41284616ec66671c39c,2026-10-02T11:07:36+00:00,carcomplaints/hyundai/Santa_Fe_Sport/2017.html.gz,ok,
year,hyundai,hyundai/santa-fe-sport,2018,https://www.carcomplaints.com/Hyundai/Santa_Fe_Sport/2018/,200,44498,20fef5e954587dd43928efee547049a1b61c9d9ec7639436aff491bf7c326a2d,2026-10-02T11:07:41+00:00,carcomplaints/hyundai/Santa_Fe_Sport/2018.html.gz,ok,
model,hyundai,hyundai/accent,,https://www.carcomplaints.com/Hyundai/Accent/,200,36882,4d3f5e5296e28b031ced617bdda2046afffe8d552a2a60a110b20e5df43ccd73,2026-10-02T11:07:47+00:00,carcomplaints/hyundai/Accent/_model.html.gz,ok,
year,hyundai,hyundai/accent,2014,https://www.carcomplaints.com/Hyundai/Accent/2014/,200,44763,ce8f03f7571fa33b13e4787ab894e76df1e54256f03328cdbbf0e40833f6e6b1,2026-10-02T11:07:52+00:00,carcomplaints/hyundai/Accent/2014.html.gz,ok,
year,hyundai,hyundai/accent,2015,https://www.carcomplaints.com/Hyundai/Accent/2015/,200,45264,0d53cecca6ecedad902550a7d56f10325b726e596a3d8adf6576512542d11694,2026-10-02T11:07:58+00:00,carcomplaints/hyundai/Accent/2015.html.gz,ok,
year,hyundai,hyundai/accent,2016,https://www.carcomplaints.com/Hyundai/Accent/2016/,200,45055,3a23b860875ea3fc46e7c4bc46dc40cbf2849215dbf8973d178502106bbcfa87,2026-10-02T11:08:03+00:00,carcomplaints/hyundai/Accent/2016.html.gz,ok,
year,hyundai,hyundai/accent,2017,https://www.carcomplaints.com/Hyundai/Accent/2017/,200,44942,afe6f843e78c65d41690d28956561304f9a26e711085ac6032f12342f892eefa,2026-10-02T11:08:09+00:00,carcomplaints/hyundai/Accent/2017.html.gz,ok,
year,hyundai,hyundai/accent,2018,https://www.carcomplaints.com/Hyundai/Accent/2018/,200,44708,9198a1c28793c6c500113b6de58b6467997b408e03022589b54ed2b898c6e041,2026-10-02T11:08:13+00:00,carcomplaints/hyundai/Accent/2018.html.gz,ok,
year,hyundai,hyundai/accent,2019,https://www.carcomplaints.com/Hyundai/Accent/2019/,200,41576,1435f7c144ff45cde25f7b4621370f827a71e080dbb23dfefcc1050bb59fdeba,2026-10-02T11:08:20+00:00,carcomplaints/hyundai/Accent/2019.html.gz,ok,
year,hyundai,hyundai/accent,2020,https://www.carcomplaints.com/Hyundai/Accent/2020/,200,39846,15777b3161ce0cdd522f6d470c1193c2c6e350219395e64d3eeade9658a0b3f2,2026-10-02T11:08:24+00:00,carcomplaints/hyundai/Accent/2020.html.gz,ok,
year,hyundai,hyundai/accent,2021,https://www.carcomplaints.com/Hyundai/Accent/2021/,200,39347,fd4b9fa890b062e7c7e45517541b09545d321c1cea46eca6e28553f99b79ecba,2026-10-02T11:08:31+00:00,carcomplaints/hyundai/Accent/2021.html.gz,ok,
model,hyundai,hyundai/kona,,https://www.carcomplaints.com/Hyundai/Kona/,200,32658,7ac79bcc59db744bce3b48b17c9e8664991ba28ce250a4d4dcb7e814393c1577,2026-10-02T11:08:35+00:00,carcomplaints/hyundai/Kona/_model.html.gz,ok,
year,hyundai,hyundai/kona,2018,https://www.carcomplaints.com/Hyundai/Kona/2018/,200,43404,da307c93614323850692559c67358b1b3b0ab0ef0c9ce4805ffecda4b4110e88,2026-10-02T11:08:41+00:00,carcomplaints/hyundai/Kona/2018.html.gz,ok,
year,hyundai,hyundai/kona,2019,https://www.carcomplaints.com/Hyundai/Kona/2019/,200,43483,88528216c5c806a2cdf4b44a847affc0328ab5717e25060eac36b3f9c0c81cc7,2026-10-02T11:08:48+00:00,carcomplaints/hyundai/Kona/2019.html.gz,ok,
year,hyundai,hyundai/kona,2020,https://www.carcomplaints.com/Hyundai/Kona/2020/,200,42896,f70c77887506a634abacc7200dd1e22585cb809bcc675ebc4d8cf5e82a802788,2026-10-02T11:08:53+00:00,carcomplaints/hyundai/Kona/2020.html.gz,ok,
year,hyundai,hyundai/kona,2021,https://www.carcomplaints.com/Hyundai/Kona/2021/,200,43889,aed6b64e17707e2621bf96bcab94d844e8af46c02d7cc72d57021215b3ad2aae,2026-10-02T11:08:57+00:00,carcomplaints/hyundai/Kona/2021.html.gz,ok,
year,hyundai,hyundai/kona,2023,https://www.carcomplaints.com/Hyundai/Kona/2023/,200,41338,806e3950a14e4f174a4198ba6ebae423e78b271908db85032cc6858b14480190,2026-10-02T11:09:04+00:00,carcomplaints/hyundai/Kona/2023.html.gz,ok,
year,hyundai,hyundai/kona,2024,https://www.carcomplaints.com/Hyundai/Kona/2024/,200,41943,cb602fb7bd5d062ada41cfac67cac0ef6c8f608fbfb7d989eb5a9d7b29b08875,2026-10-02T11:09:09+00:00,carcomplaints/hyundai/Kona/2024.html.gz,ok,
year,hyundai,hyundai/kona,2025,https://www.carcomplaints.com/Hyundai/Kona/2025/,200,37232,480faca1c3b549ca7f542f06c28681d57a2b6173f9c12f197f4604c4c86c8720,2026-10-02T11:09:13+00:00,carcomplaints/hyundai/Kona/2025.html.gz,ok,
make,kia,,,https://www.carcomplaints.com/Kia/,200,35492,f9f132b8530222faa64f373d7bfbf343063297616056063a98e0921ca5396ba0,2026-10-02T11:09:17+00:00,carcomplaints/kia/_make.html.gz,ok,
model,kia,kia/optima-k5,,https://www.carcomplaints.com/Kia/K5/,200,30081,a5a83a71d38604d3d35d3d24c8c792f3d52cf1541e8e66bc33b37b95437bcb9f,2026-10-02T11:09:22+00:00,carcomplaints/kia/K5/_model.html.gz,ok,
year,kia,kia/optima-k5,2021,https://www.carcomplaints.com/Kia/K5/2021/,200,37276,68cd49e099672e79094212733a0adc3e2be00af53569c29aa78bfb7165beed90,2026-10-02T11:09:27+00:00,carcomplaints/kia/K5/2021.html.gz,ok,
year,kia,kia/optima-k5,2022,https://www.carcomplaints.com/Kia/K5/2022/,200,41996,34bdee31e0748f18c5d30abea8ab6dfeda8c947ce99496349b700356e5e38ecb,2026-10-02T11:09:31+00:00,carcomplaints/kia/K5/2022.html.gz,ok,
year,kia,kia/optima-k5,2023,https://www.carcomplaints.com/Kia/K5/2023/,200,38719,8f1b4b0951042c582c456fc02c2ab73b93cdfd1156433a52ab233eaa1decbe9b,2026-10-02T11:09:38+00:00,carcomplaints/kia/K5/2023.html.gz,ok,
year,kia,kia/optima-k5,2024,https://www.carcomplaints.com/Kia/K5/2024/,200,32919,4da4cefd529f366ee16b6602c7c5ad3cb241b34af7b7608e71d8347bf7fdc7c8,2026-10-02T11:09:43+00:00,carcomplaints/kia/K5/2024.html.gz,ok,
year,kia,kia/optima-k5,2025,https://www.carcomplaints.com/Kia/K5/2025/,200,33844,27f5b3fec4cebd8a46099440ea32414ba8f2472d788cc64118e6fb8de084023f,2026-10-02T11:09:50+00:00,carcomplaints/kia/K5/2025.html.gz,ok,
year,kia,kia/optima-k5,2026,https://www.carcomplaints.com/Kia/K5/2026/,200,33844,860377d545ad6e8b89a870319c18ea7ffe33156398daa988d304a9ad38899a53,2026-10-02T11:09:55+00:00,carcomplaints/kia/K5/2026.html.gz,ok,
model,kia,kia/optima-k5,,https://www.carcomplaints.com/Kia/Optima/,200,32960,851a480fc7428f852c6ff91c54504760f6b4b5b0960610373721488dcc78f72b,2026-10-02T11:09:59+00:00,carcomplaints/kia/Optima/_model.html.gz,ok,
year,kia,kia/optima-k5,2014,https://www.carcomplaints.com/Kia/Optima/2014/,200,44078,c68e1fa01983764916950cfebff758ff1f27fb71d0aa67897d3487d7ddaee941,2026-10-02T11:10:04+00:00,carcomplaints/kia/Optima/2014.html.gz,ok,
year,kia,kia/optima-k5,2015,https://www.carcomplaints.com/Kia/Optima/2015/,200,44252,8b3f06a013d25a8a02532ffa4d31e3e25e5079878c329c598fbb086cf5a4769a,2026-10-02T11:10:10+00:00,carcomplaints/kia/Optima/2015.html.gz,ok,
year,kia,kia/optima-k5,2016,https://www.carcomplaints.com/Kia/Optima/2016/,200,43992,15fd0f60432953fdabe20d2aaf7b7d906271f94dcf7b3dea8c4bb8a4abcc1186,2026-10-02T11:10:14+00:00,carcomplaints/kia/Optima/2016.html.gz,ok,
year,kia,kia/optima-k5,2017,https://www.carcomplaints.com/Kia/Optima/2017/,200,41610,fd96b4cdb2b9d50d4087b8d4d6846bf97dcaf9b790b99fd407a37da1351d6fb7,2026-10-02T11:10:17+00:00,carcomplaints/kia/Optima/2017.html.gz,ok,
year,kia,kia/optima-k5,2018,https://www.carcomplaints.com/Kia/Optima/2018/,200,41843,4cb32be4d3ee6dd411240d11cd5de5e018596da83b91fcbb3a592cafe592ff49,2026-10-02T11:10:22+00:00,carcomplaints/kia/Optima/2018.html.gz,ok,
year,kia,kia/optima-k5,2019,https://www.carcomplaints.com/Kia/Optima/2019/,200,41721,5abbd4112578e0f89dfdcac03e2502fcec20088485cdd289173400f642e5f946,2026-10-02T11:10:28+00:00,carcomplaints/kia/Optima/2019.html.gz,ok,
year,kia,kia/optima-k5,2020,https://www.carcomplaints.com/Kia/Optima/2020/,200,42033,39595010627ce7ab24c9f55fc536e026e19647137799e53b0f35d45eeb9114b4,2026-10-02T11:10:33+00:00,carcomplaints/kia/Optima/2020.html.gz,ok,
model,kia,kia/forte,,https://www.carcomplaints.com/Kia/Forte/,200,31637,d1bd3b6873d8cc11f87067c68a149c0f66fb6478095ae95bb49d1254ad73f370,2026-10-02T11:10:39+00:00,carcomplaints/kia/Forte/_model.html.gz,ok,
year,kia,kia/forte,2014,https://www.carcomplaints.com/Kia/Forte/2014/,200,43199,db44625ba3a33e1180c965b80bedc208c9e4fc626034854555cbc9dbf27a1833,2026-10-02T11:10:44+00:00,carcomplaints/kia/Forte/2014.html.gz,ok,
year,kia,kia/forte,2015,https://www.carcomplaints.com/Kia/Forte/2015/,200,43061,5be52bae1d0ee48869f73da3b35f37062de2b584c56aff644a926c9894eaba72,2026-10-02T11:10:49+00:00,carcomplaints/kia/Forte/2015.html.gz,ok,
year,kia,kia/forte,2016,https://www.carcomplaints.com/Kia/Forte/2016/,200,42123,27c01d8a96950d1fdd4b8271a23e5fd4cb101580b4971339f47e96bff274bc5b,2026-10-02T11:10:53+00:00,carcomplaints/kia/Forte/2016.html.gz,ok,
year,kia,kia/forte,2017,https://www.carcomplaints.com/Kia/Forte/2017/,200,42980,19c7ef8d876fbd7cdb9e532340e780937f31b3504c2533c096ffd9dd8a3711b6,2026-10-02T11:10:58+00:00,carcomplaints/kia/Forte/2017.html.gz,ok,
year,kia,kia/forte,2018,https://www.carcomplaints.com/Kia/Forte/2018/,200,43265,d011a06473fb6cf9df6cee8b1c0c4a164173419642cd9b5bc677c3b450d9d973,2026-10-02T11:11:02+00:00,carcomplaints/kia/Forte/2018.html.gz,ok,
year,kia,kia/forte,2019,https://www.carcomplaints.com/Kia/Forte/2019/,200,42412,04318163b2d76e56160dee3d7717f7e28e47ffc28132550a7ac1efe75d182196,2026-10-02T11:11:06+00:00,carcomplaints/kia/Forte/2019.html.gz,ok,
year,kia,kia/forte,2020,https://www.carcomplaints.com/Kia/Forte/2020/,200,39875,40fe739749f9ce2687dd62b620fa81b5d4510431e6816151d09848defb609a9d,2026-10-02T11:11:11+00:00,carcomplaints/kia/Forte/2020.html.gz,ok,
year,kia,kia/forte,2021,https://www.carcomplaints.com/Kia/Forte/2021/,200,37801,154b092b7b8680f6966b39c8b61ef442e54a661677ae1952b272a9d6456dfc1f,2026-10-02T11:11:16+00:00,carcomplaints/kia/Forte/2021.html.gz,ok,
year,kia,kia/forte,2022,https://www.carcomplaints.com/Kia/Forte/2022/,200,39211,945ae42ecd7bf45351e5903e0f74f24034f6e9e965013166354a2d1fae2d33af,2026-10-02T11:11:22+00:00,carcomplaints/kia/Forte/2022.html.gz,ok,
year,kia,kia/forte,2023,https://www.carcomplaints.com/Kia/Forte/2023/,200,35470,25f67a028c1a0123e9251809e0413fdb72ed70bd976f0c8b7aa1b25cf5c6926b,2026-10-02T11:11:26+00:00,carcomplaints/kia/Forte/2023.html.gz,ok,
model,kia,kia/rio,,https://www.carcomplaints.com/Kia/Rio/,200,32937,709ac7ba9413e4060695f5820a4041f8ead319109639e5d33bdde3164ab91f9d,2026-10-02T11:11:30+00:00,carcomplaints/kia/Rio/_model.html.gz,ok,
year,kia,kia/rio,2014,https://www.carcomplaints.com/Kia/Rio/2014/,200,41085,e56302b843d6791f78f0b071702ee7db610ac4a7c8c0503d64434d0ab23d2c12,2026-10-02T11:11:35+00:00,carcomplaints/kia/Rio/2014.html.gz,ok,
year,kia,kia/rio,2015,https://www.carcomplaints.com/Kia/Rio/2015/,200,41491,07883100521a223680e43ee91a6eeb951700fb857b403fc18330793033e59acb,2026-10-02T11:11:39+00:00,carcomplaints/kia/Rio/2015.html.gz,ok,
year,kia,kia/rio,2016,https://www.carcomplaints.com/Kia/Rio/2016/,200,40679,80b8e18b8f78717909e08c4023ea2d61fd4e57dbf8414ae1515f20448a043031,2026-10-02T11:11:45+00:00,carcomplaints/kia/Rio/2016.html.gz,ok,
year,kia,kia/rio,2017,https://www.carcomplaints.com/Kia/Rio/2017/,200,40363,29f126bbc821f51d98fbfae2b671b503d2af61c8593bc2d69dc779c0aa09a2ec,2026-10-02T11:11:49+00:00,carcomplaints/kia/Rio/2017.html.gz,ok,
year,kia,kia/rio,2018,https://www.carcomplaints.com/Kia/Rio/2018/,200,41448,88d8dc9955fa5f8881a8d929ab96d69e1ccd5b32bd5a50042b8920ac9538ba04,2026-10-02T11:11:54+00:00,carcomplaints/kia/Rio/2018.html.gz,ok,
year,kia,kia/rio,2019,https://www.carcomplaints.com/Kia/Rio/2019/,200,40878,fde72051c2115424400db8ee33d72b04c55b5c944684ccdb13690f393fb2fb72,2026-10-02T11:11:58+00:00,carcomplaints/kia/Rio/2019.html.gz,ok,
year,kia,kia/rio,2020,https://www.carcomplaints.com/Kia/Rio/2020/,200,39429,62d5e1ef96a3323f6f0cd24f45995477976198b8382b63549e2e7d042d2a29ef,2026-10-02T11:12:03+00:00,carcomplaints/kia/Rio/2020.html.gz,ok,
year,kia,kia/rio,2021,https://www.carcomplaints.com/Kia/Rio/2021/,200,39548,e74b5fba73001c199a444a8c122f9b5d41e3d4729ec11a25540ef120d75bcbe3,2026-10-02T11:12:08+00:00,carcomplaints/kia/Rio/2021.html.gz,ok,
model,kia,kia/sorento,,https://www.carcomplaints.com/Kia/Sorento/,200,33510,ca2b90793b989a18c146868f19e7ddb7935c64fbc289ee84ae9a6bd0f194aeb8,2026-10-02T11:12:11+00:00,carcomplaints/kia/Sorento/_model.html.gz,ok,
year,kia,kia/sorento,2014,https://www.carcomplaints.com/Kia/Sorento/2014/,200,43324,82b3d3c7a45e7a9da5f97a7c25fbeb00e86193b2ccedfa4ce0589c37a7f1fe1b,2026-10-02T11:12:17+00:00,carcomplaints/kia/Sorento/2014.html.gz,ok,
year,kia,kia/sorento,2015,https://www.carcomplaints.com/Kia/Sorento/2015/,200,43012,478db7a89694f510c025251d967a84ba581a4fc9557836e5fb605a3618839981,2026-10-02T11:12:23+00:00,carcomplaints/kia/Sorento/2015.html.gz,ok,
year,kia,kia/sorento,2016,https://www.carcomplaints.com/Kia/Sorento/2016/,200,44365,1962f1a293919fa73107b4fe04ba76e147d69e406fdb56626040daa338c0d2a1,2026-10-02T11:12:27+00:00,carcomplaints/kia/Sorento/2016.html.gz,ok,
year,kia,kia/sorento,2017,https://www.carcomplaints.com/Kia/Sorento/2017/,200,43996,1ce859276dfc83d15029e9b4c97ce440930a291b1e5dc6ef2ab95315b3d63e42,2026-10-02T11:12:32+00:00,carcomplaints/kia/Sorento/2017.html.gz,ok,
year,kia,kia/sorento,2018,https://www.carcomplaints.com/Kia/Sorento/2018/,200,44210,de44698ef63cc23d912423666a9f1a856a288d88887d5113ba03048fa4acf2b9,2026-10-02T11:12:37+00:00,carcomplaints/kia/Sorento/2018.html.gz,ok,
year,kia,kia/sorento,2019,https://www.carcomplaints.com/Kia/Sorento/2019/,200,44040,f444010c45d97e1a6248db1bbcf66fbbdadc21617388c122fbb03874dcb9f5c6,2026-10-02T11:12:42+00:00,carcomplaints/kia/Sorento/2019.html.gz,ok,
year,kia,kia/sorento,2020,https://www.carcomplaints.com/Kia/Sorento/2020/,200,39336,1f9be8711b3f81428e907d8a05ffe2ad65870b93ea606a1d0d07ff5b351ccb75,2026-10-02T11:12:47+00:00,carcomplaints/kia/Sorento/2020.html.gz,ok,
year,kia,kia/sorento,2021,https://www.carcomplaints.com/Kia/Sorento/2021/,200,39002,445c815275bd70a180e96e8166bdbbf74b26ecab110d0b59bca5eb3f1ef5c154,2026-10-02T11:12:51+00:00,carcomplaints/kia/Sorento/2021.html.gz,ok,
year,kia,kia/sorento,2022,https://www.carcomplaints.com/Kia/Sorento/2022/,200,43598,01ae52a1cdb47f5dc66dc369d9013b09f2b8b23739d81dff084972d3b48797e6,2026-10-02T11:12:58+00:00,carcomplaints/kia/Sorento/2022.html.gz,ok,
year,kia,kia/sorento,2023,https://www.carcomplaints.com/Kia/Sorento/2023/,200,35650,f3cbfb62d8ba4c9abe1b8fd851851d4428f4fb8150416bbc7b1e31f8c1e3a873,2026-10-02T11:13:03+00:00,carcomplaints/kia/Sorento/2023.html.gz,ok,
year,kia,kia/sorento,2025,https://www.carcomplaints.com/Kia/Sorento/2025/,200,35673,87d2872d35635bb80c868fadde2037106a7c3d67bb5ff4e547df1fa5cb3ba6a9,2026-10-02T11:13:06+00:00,carcomplaints/kia/Sorento/2025.html.gz,ok,
model,kia,kia/sportage,,https://www.carcomplaints.com/Kia/Sportage/,200,34733,a0d1d57c6c725b1f62cf048d81a13d040cfc1d52718b3360654f1d8af8365878,2026-10-02T11:13:10+00:00,carcomplaints/kia/Sportage/_model.html.gz,ok,
year,kia,kia/sportage,2014,https://www.carcomplaints.com/Kia/Sportage/2014/,200,44417,7dbb6e97ec66f4c5c1e64866daf8c86d5c64c5c4c2b53265f9849004d49f763c,2026-10-02T11:13:15+00:00,carcomplaints/kia/Sportage/2014.html.gz,ok,
year,kia,kia/sportage,2015,https://www.carcomplaints.com/Kia/Sportage/2015/,200,42347,75ee494b98125557e6f3410b7aab02555e69a60ba9184e2545a1265f4cb89359,2026-10-02T11:13:19+00:00,carcomplaints/kia/Sportage/2015.html.gz,ok,
year,kia,kia/sportage,2016,https://www.carcomplaints.com/Kia/Sportage/2016/,200,44512,93fb12f4f1a3b36e28cb98a3529ecd22cb47661cdf65d7f0eab0ce6f8c5f9348,2026-10-02T11:13:25+00:00,carcomplaints/kia/Sportage/2016.html.gz,ok,
year,kia,kia/sportage,2017,https://www.carcomplaints.com/Kia/Sportage/2017/,200,44891,6f12df0ed7fce2da8cc08954b67b48eed931c27600a178e8e6aad82ad5502a9a,2026-10-02T11:13:29+00:00,carcomplaints/kia/Sportage/2017.html.gz,ok,
year,kia,kia/sportage,2018,https://www.carcomplaints.com/Kia/Sportage/2018/,200,44227,07a09371c5606dd88a1b44f8a76dc3e415ff4801d3d6cd4488ca2063151ecace,2026-10-02T11:13:35+00:00,carcomplaints/kia/Sportage/2018.html.gz,ok,
year,kia,kia/sportage,2019,https://www.carcomplaints.com/Kia/Sportage/2019/,200,41800,57dc2f62f45eb49132ee19ca243300b60f6e72c2b2a6eb4e05ec0e3deab35fe0,2026-10-02T11:13:39+00:00,carcomplaints/kia/Sportage/2019.html.gz,ok,
year,kia,kia/sportage,2020,https://www.carcomplaints.com/Kia/Sportage/2020/,200,43726,fd36967bac066a010932ff614868fcf4baf5288886782f415a648e66ae40d790,2026-10-02T11:13:46+00:00,carcomplaints/kia/Sportage/2020.html.gz,ok,
year,kia,kia/sportage,2021,https://www.carcomplaints.com/Kia/Sportage/2021/,200,38905,f816b0f5b13831513a7cf434cf34754c6bbc1056afdccd0845d5c19eec414c0d,2026-10-02T11:13:52+00:00,carcomplaints/kia/Sportage/2021.html.gz,ok,
year,kia,kia/sportage,2023,https://www.carcomplaints.com/Kia/Sportage/2023/,200,44216,c10e4d20393fa8f784974a72bb44c4e619de1a4b6f137048bd1cb1e6abc332ca,2026-10-02T11:13:58+00:00,carcomplaints/kia/Sportage/2023.html.gz,ok,
make,toyota,,,https://www.carcomplaints.com/Toyota/,200,48126,9dd0b89959edcb5e5c03d8b7f82123c8cca50ed125a645642a1c16506dd3dcbb,2026-10-02T11:14:04+00:00,carcomplaints/toyota/_make.html.gz,ok,
model,toyota,toyota/camry,,https://www.carcomplaints.com/Toyota/Camry/,200,42172,e64476ba5e1e13adf856b9335c442d3fe1e46f110603f6ca0d5e44069a277b41,2026-10-02T11:14:08+00:00,carcomplaints/toyota/Camry/_model.html.gz,ok,
year,toyota,toyota/camry,2014,https://www.carcomplaints.com/Toyota/Camry/2014/,200,49301,02ff8a5bc25197485e883ffb80785d63e6fd71ad7a168c7956623cf8b7b2d555,2026-10-02T11:14:15+00:00,carcomplaints/toyota/Camry/2014.html.gz,ok,
year,toyota,toyota/camry,2015,https://www.carcomplaints.com/Toyota/Camry/2015/,200,49316,275224b7167574097cb2091fca5331d4a08c3364c129fd28d42660b119a9fcb8,2026-10-02T11:14:22+00:00,carcomplaints/toyota/Camry/2015.html.gz,ok,
year,toyota,toyota/camry,2016,https://www.carcomplaints.com/Toyota/Camry/2016/,200,49159,09a485c30eafbcc2d44b281efe0cbcc0b016ae2445d858c8d7b53bba3102d9b3,2026-10-02T11:14:26+00:00,carcomplaints/toyota/Camry/2016.html.gz,ok,
year,toyota,toyota/camry,2017,https://www.carcomplaints.com/Toyota/Camry/2017/,200,50117,df4949c6f52ab25d4c84dab8461ffad83103cce9f8db37a737ade5b5f499e6b9,2026-10-02T11:14:33+00:00,carcomplaints/toyota/Camry/2017.html.gz,ok,
year,toyota,toyota/camry,2018,https://www.carcomplaints.com/Toyota/Camry/2018/,200,48766,7b7f72822c08d01451225c878a6810e1438a098cb5ec3b1f27bd34043f8c3216,2026-10-02T11:14:39+00:00,carcomplaints/toyota/Camry/2018.html.gz,ok,
year,toyota,toyota/camry,2019,https://www.carcomplaints.com/Toyota/Camry/2019/,200,48801,d43084aece8e61603806aa66860960023dafed8f01ae8abbe9cb9098f3a8ef39,2026-10-02T11:14:43+00:00,carcomplaints/toyota/Camry/2019.html.gz,ok,
year,toyota,toyota/camry,2020,https://www.carcomplaints.com/Toyota/Camry/2020/,200,49880,32679bc42bb80b41874cb4de109648c8c3e3eb704ea98939d7448682fb446459,2026-10-02T11:14:49+00:00,carcomplaints/toyota/Camry/2020.html.gz,ok,
year,toyota,toyota/camry,2021,https://www.carcomplaints.com/Toyota/Camry/2021/,200,48218,2ac1a2faf5451ab745fc6233b638d1180d41f14b3b4ad1878caa57e3f7d9ccb9,2026-10-02T11:14:56+00:00,carcomplaints/toyota/Camry/2021.html.gz,ok,
year,toyota,toyota/camry,2022,https://www.carcomplaints.com/Toyota/Camry/2022/,200,47396,ed783b2dd1d9a08d002a324c43c1c8fbd9507fffabf8f4e681c91e88806ae516,2026-10-02T11:15:00+00:00,carcomplaints/toyota/Camry/2022.html.gz,ok,
year,toyota,toyota/camry,2023,https://www.carcomplaints.com/Toyota/Camry/2023/,200,46149,a82ef838b03d34c288a535963d99baac320d4e835268c4255c3dda277e0eb938,2026-10-02T11:15:06+00:00,carcomplaints/toyota/Camry/2023.html.gz,ok,
year,toyota,toyota/camry,2024,https://www.carcomplaints.com/Toyota/Camry/2024/,200,48408,eb9c3141982806afe4af52888114eac4a6546ad39465cd4a62cb1b6ad544c1cc,2026-10-02T11:15:10+00:00,carcomplaints/toyota/Camry/2024.html.gz,ok,
year,toyota,toyota/camry,2025,https://www.carcomplaints.com/Toyota/Camry/2025/,200,46291,eb4bf6a25994950359f2939a994b696c8ed6251b82a000ff6cec0fbe31c29b4d,2026-10-02T11:15:14+00:00,carcomplaints/toyota/Camry/2025.html.gz,ok,
model,toyota,toyota/corolla,,https://www.carcomplaints.com/Toyota/Corolla/,200,42178,cb0390b3c262ed6cc78beb8b5e3172f1c8e1d1fc9a5e540f8d9beed44f5c6b09,2026-10-02T11:15:21+00:00,carcomplaints/toyota/Corolla/_model.html.gz,ok,
year,toyota,toyota/corolla,2014,https://www.carcomplaints.com/Toyota/Corolla/2014/,200,50370,9ca5c70397276d220fadad87b0c7a871a63686f22ad2995a7a2ff7f1cdb3426b,2026-10-02T11:15:25+00:00,carcomplaints/toyota/Corolla/2014.html.gz,ok,
year,toyota,toyota/corolla,2015,https://www.carcomplaints.com/Toyota/Corolla/2015/,200,50503,1bd7d6b634aa2e4125c891705164361ea43adea1cde8c2b63c8745aa3ba34d2e,2026-10-02T11:15:32+00:00,carcomplaints/toyota/Corolla/2015.html.gz,ok,
year,toyota,toyota/corolla,2016,https://www.carcomplaints.com/Toyota/Corolla/2016/,200,47435,d3295aa194caeb594ea1200075d5678a735af210edd59d340b2354971aed2b71,2026-10-02T11:15:35+00:00,carcomplaints/toyota/Corolla/2016.html.gz,ok,
year,toyota,toyota/corolla,2017,https://www.carcomplaints.com/Toyota/Corolla/2017/,200,49416,8e22667f92a5370db51084e837242642eaa4caf405603fc0e5800ad56883751a,2026-10-02T11:15:42+00:00,carcomplaints/toyota/Corolla/2017.html.gz,ok,
year,toyota,toyota/corolla,2018,https://www.carcomplaints.com/Toyota/Corolla/2018/,200,48565,151587be5b62b25bdaa0264c27e90357358af874514be9162c9ca415da67e844,2026-10-02T11:15:48+00:00,carcomplaints/toyota/Corolla/2018.html.gz,ok,
year,toyota,toyota/corolla,2019,https://www.carcomplaints.com/Toyota/Corolla/2019/,200,48479,8d132e86c27a0757ca8ef3fa7da7786fa16c0a34c1f250223db0d8704ffc4508,2026-10-02T11:15:53+00:00,carcomplaints/toyota/Corolla/2019.html.gz,ok,
year,toyota,toyota/corolla,2020,https://www.carcomplaints.com/Toyota/Corolla/2020/,200,49269,977a6949f4fb7e4d2d65f219be829e72de5c7e462a821892acf4996f7a8f32b9,2026-10-02T11:15:59+00:00,carcomplaints/toyota/Corolla/2020.html.gz,ok,
year,toyota,toyota/corolla,2021,https://www.carcomplaints.com/Toyota/Corolla/2021/,200,47740,66826f9c819fb6d1527a6e3034ccbf03d78a5a6947220989bb1f0928d7022fbb,2026-10-02T11:16:03+00:00,carcomplaints/toyota/Corolla/2021.html.gz,ok,
year,toyota,toyota/corolla,2022,https://www.carcomplaints.com/Toyota/Corolla/2022/,200,49054,962002c35538204f1a552d7ef82d9907203682b02f393a713b5474a7b2939bfb,2026-10-02T11:16:10+00:00,carcomplaints/toyota/Corolla/2022.html.gz,ok,
year,toyota,toyota/corolla,2023,https://www.carcomplaints.com/Toyota/Corolla/2023/,200,44368,5e0fd0eb05d77b09be29db287970c79ca77109f23e1615a4bcf4f73856866f54,2026-10-02T11:16:16+00:00,carcomplaints/toyota/Corolla/2023.html.gz,ok,
year,toyota,toyota/corolla,2024,https://www.carcomplaints.com/Toyota/Corolla/2024/,200,45073,836efc507c59abad8c0d5a047ba2d33aa3a493ac6529509607f1502aabe373d1,2026-10-02T11:16:21+00:00,carcomplaints/toyota/Corolla/2024.html.gz,ok,
year,toyota,toyota/corolla,2025,https://www.carcomplaints.com/Toyota/Corolla/2025/,200,42536,723c1f1b609461652832ac0f07ba7896619cbb508e1eab0ba1047adef0803e1c,2026-10-02T11:16:27+00:00,carcomplaints/toyota/Corolla/2025.html.gz,ok,
model,toyota,toyota/rav4,,https://www.carcomplaints.com/Toyota/RAV4/,200,39605,c6d6304eb97d7ba79241057d0ece27dd64a068c1480d2e9b67fb3d1514e33a1c,2026-10-02T11:16:34+00:00,carcomplaints/toyota/RAV4/_model.html.gz,ok,
year,toyota,toyota/rav4,2014,https://www.carcomplaints.com/Toyota/RAV4/2014/,200,49745,8ea93be61bf910c570033a86250e2310c3f10da97f5ff2ca920f0ac34d2449ec,2026-10-02T11:16:39+00:00,carcomplaints/toyota/RAV4/2014.html.gz,ok,
year,toyota,toyota/rav4,2015,https://www.carcomplaints.com/Toyota/RAV4/2015/,200,49307,e477fd01248ab81b0198d0849f876281f6c7079dc8f539295d5a4da7ea6d757c,2026-10-02T11:16:44+00:00,carcomplaints/toyota/RAV4/2015.html.gz,ok,
year,toyota,toyota/rav4,2016,https://www.carcomplaints.com/Toyota/RAV4/2016/,200,49017,bcc9543beca03d816fbdff33e600850ab03cdf2cb6fdd5ccf2a8a307191276e4,2026-10-02T11:16:49+00:00,carcomplaints/toyota/RAV4/2016.html.gz,ok,
year,toyota,toyota/rav4,2017,https://www.carcomplaints.com/Toyota/RAV4/2017/,200,46739,f6ca1a0b64239e01b44cac727e21cbb9fbecc2bbb826bfaf24558374644634b9,2026-10-02T11:16:53+00:00,carcomplaints/toyota/RAV4/2017.html.gz,ok,
year,toyota,toyota/rav4,2018,https://www.carcomplaints.com/Toyota/RAV4/2018/,200,48936,a4369638dbb4e6dcb88bdaac1c846677aef1c005607fb088364319b2be1b0fd1,2026-10-02T11:16:58+00:00,carcomplaints/toyota/RAV4/2018.html.gz,ok,
year,toyota,toyota/rav4,2019,https://www.carcomplaints.com/Toyota/RAV4/2019/,200,47510,5edad9fb504da84ba4389c9a6cfde24f4a43fb85c049d644628cfa44e3229641,2026-10-02T11:17:04+00:00,carcomplaints/toyota/RAV4/2019.html.gz,ok,
year,toyota,toyota/rav4,2020,https://www.carcomplaints.com/Toyota/RAV4/2020/,200,47821,ae3d5168daa5f151604fd4c333db611ca0f6a3907d3afff17303b2fe0e71691b,2026-10-02T11:17:09+00:00,carcomplaints/toyota/RAV4/2020.html.gz,ok,
year,toyota,toyota/rav4,2021,https://www.carcomplaints.com/Toyota/RAV4/2021/,200,49171,ebbc46f56f22cd3ef814dfa2871dfddc7a51ed619822fef305fc6c718a357b1d,2026-10-02T11:17:15+00:00,carcomplaints/toyota/RAV4/2021.html.gz,ok,
year,toyota,toyota/rav4,2022,https://www.carcomplaints.com/Toyota/RAV4/2022/,200,46734,8ff11eed6b5ee4923494409db62d6d0f24162ab1669d42e0b6f360f515114efe,2026-10-02T11:17:21+00:00,carcomplaints/toyota/RAV4/2022.html.gz,ok,
year,toyota,toyota/rav4,2023,https://www.carcomplaints.com/Toyota/RAV4/2023/,200,47956,f6fa39a2b2588b18891a54fd6a512f6c0ccbaf5348ad42f91f9b49b5e1000d96,2026-10-02T11:17:26+00:00,carcomplaints/toyota/RAV4/2023.html.gz,ok,
year,toyota,toyota/rav4,2024,https://www.carcomplaints.com/Toyota/RAV4/2024/,200,49154,96d38b7a6bd5578a1ce05108e2c23c1f1e15ab8e6f8086a7f09f60a16eba44d0,2026-10-02T11:17:30+00:00,carcomplaints/toyota/RAV4/2024.html.gz,ok,
year,toyota,toyota/rav4,2025,https://www.carcomplaints.com/Toyota/RAV4/2025/,200,46123,1e79117f8b68d464abdd8c37992a9aa83cd41ecbc7416697d5560dad79b57934,2026-10-02T11:17:34+00:00,carcomplaints/toyota/RAV4/2025.html.gz,ok,
model,toyota,toyota/highlander,,https://www.carcomplaints.com/Toyota/Highlander/,200,38805,b683c71d750612e4680a76af5296900d9a87c1aea50aa31a099dda68bc91e05b,2026-10-02T11:17:39+00:00,carcomplaints/toyota/Highlander/_model.html.gz,ok,
year,toyota,toyota/highlander,2014,https://www.carcomplaints.com/Toyota/Highlander/2014/,200,47107,f219d06ed6e744b42831ee4be463bca71f41903dc3c82cbe95aa9e1c9d5876b8,2026-10-02T11:17:45+00:00,carcomplaints/toyota/Highlander/2014.html.gz,ok,
year,toyota,toyota/highlander,2015,https://www.carcomplaints.com/Toyota/Highlander/2015/,200,47521,ec04f52ff35c41c1ad20702541936ed2acb9729a65ff8ecaf0740941e572ce65,2026-10-02T11:17:52+00:00,carcomplaints/toyota/Highlander/2015.html.gz,ok,
year,toyota,toyota/highlander,2016,https://www.carcomplaints.com/Toyota/Highlander/2016/,200,48681,d1a89f8dbecb4b47e67806bfcbc59036b984a8baf407cdfbc9c3fdc5a5fef71f,2026-10-02T11:17:57+00:00,carcomplaints/toyota/Highlander/2016.html.gz,ok,
year,toyota,toyota/highlander,2017,https://www.carcomplaints.com/Toyota/Highlander/2017/,200,45775,1a8abf36f806b82df596aed15f6474122f0a735816731cdbc8bbd3e20f0b331d,2026-10-02T11:18:02+00:00,carcomplaints/toyota/Highlander/2017.html.gz,ok,
year,toyota,toyota/highlander,2018,https://www.carcomplaints.com/Toyota/Highlander/2018/,200,49474,d4eb77500c9885636dec00cbdbf4813562784a8a17fb0acc1f4c93cb166a17ca,2026-10-02T11:18:08+00:00,carcomplaints/toyota/Highlander/2018.html.gz,ok,
year,toyota,toyota/highlander,2019,https://www.carcomplaints.com/Toyota/Highlander/2019/,200,47017,1229a0fc9a7eba44a117ff90692f7bfcf26714dacbb21736c8ecd8e49a73c12b,2026-10-02T11:18:14+00:00,carcomplaints/toyota/Highlander/2019.html.gz,ok,
year,toyota,toyota/highlander,2020,https://www.carcomplaints.com/Toyota/Highlander/2020/,200,47800,f1f779d85cafdb6c69d86c43b731cd3b77a5bcfbe1750c982ce9125cbdf4f537,2026-10-02T11:18:21+00:00,carcomplaints/toyota/Highlander/2020.html.gz,ok,
year,toyota,toyota/highlander,2021,https://www.carcomplaints.com/Toyota/Highlander/2021/,200,49321,d77c078de685a287aab3619d30ebbe4be5e91553f1857848bad449cbf304933e,2026-10-02T11:18:26+00:00,carcomplaints/toyota/Highlander/2021.html.gz,ok,
year,toyota,toyota/highlander,2022,https://www.carcomplaints.com/Toyota/Highlander/2022/,200,49008,f000b2bde05d68f7252ac20675c58fdb36da9cb7e32941234f5a4bb3c36ac948,2026-10-02T11:18:32+00:00,carcomplaints/toyota/Highlander/2022.html.gz,ok,
year,toyota,toyota/highlander,2023,https://www.carcomplaints.com/Toyota/Highlander/2023/,200,43592,5a360db5b9afceacbf59ecc3211db083f9e3012c61153249d0ffa5dbe8676417,2026-10-02T11:18:39+00:00,carcomplaints/toyota/Highlander/2023.html.gz,ok,
year,toyota,toyota/highlander,2024,https://www.carcomplaints.com/Toyota/Highlander/2024/,200,43439,781396cd55137dc2bf2fa07ef940743a3e8e4f9219fa466e3aecbc5be29b2348,2026-10-02T11:18:43+00:00,carcomplaints/toyota/Highlander/2024.html.gz,ok,
year,toyota,toyota/highlander,2025,https://www.carcomplaints.com/Toyota/Highlander/2025/,200,39753,332390c1ae908035975b78b27c457dbc5645362a63e4452d9875dd918a2d0a88,2026-10-02T11:18:47+00:00,carcomplaints/toyota/Highlander/2025.html.gz,ok,
model,toyota,toyota/prius,,https://www.carcomplaints.com/Toyota/Prius/,200,38522,afe732bab350c603e8bf50ad197a0bffa11e351656aabca0a883e752fbf08015,2026-10-02T11:18:52+00:00,carcomplaints/toyota/Prius/_model.html.gz,ok,
year,toyota,toyota/prius,2014,https://www.carcomplaints.com/Toyota/Prius/2014/,200,47822,6eb528c01a235a7f6c973cb67e054a456739752aa887273b32529567e03f9025,2026-10-02T11:18:58+00:00,carcomplaints/toyota/Prius/2014.html.gz,ok,
year,toyota,toyota/prius,2015,https://www.carcomplaints.com/Toyota/Prius/2015/,200,48901,780d044b5a4a37bc30e850b976e6ad1a13b63b470d6dfb293ae67b9333907d13,2026-10-02T11:19:05+00:00,carcomplaints/toyota/Prius/2015.html.gz,ok,
year,toyota,toyota/prius,2016,https://www.carcomplaints.com/Toyota/Prius/2016/,200,49258,5d5dc9fd34aaa63bc0114b694d1e66c26e0e1b61b2742d92c8700da3af04e871,2026-10-02T11:19:09+00:00,carcomplaints/toyota/Prius/2016.html.gz,ok,
year,toyota,toyota/prius,2017,https://www.carcomplaints.com/Toyota/Prius/2017/,200,47519,6fcf3de11638e6e34e549930c9fdf5978f7e6d4770d3bb08a8650b50c6f97e5a,2026-10-02T11:19:14+00:00,carcomplaints/toyota/Prius/2017.html.gz,ok,
year,toyota,toyota/prius,2018,https://www.carcomplaints.com/Toyota/Prius/2018/,200,47758,cc8dfb23d6435309b7d0d85b89911d7f09a9c6e079481bfb22c7c4f86fcaf2b1,2026-10-02T11:19:20+00:00,carcomplaints/toyota/Prius/2018.html.gz,ok,
year,toyota,toyota/prius,2019,https://www.carcomplaints.com/Toyota/Prius/2019/,200,46685,f3dcaaca7e869c5bd8e4a00ffff390d22a5a3f0a1ef5f013dc68456acf9b1076,2026-10-02T11:19:25+00:00,carcomplaints/toyota/Prius/2019.html.gz,ok,
year,toyota,toyota/prius,2020,https://www.carcomplaints.com/Toyota/Prius/2020/,200,44632,a68b4c1ce19711d8e999c830a78afc6a5890d2a989e26173c2a9d6e0a6fb7a23,2026-10-02T11:19:30+00:00,carcomplaints/toyota/Prius/2020.html.gz,ok,
year,toyota,toyota/prius,2021,https://www.carcomplaints.com/Toyota/Prius/2021/,200,43419,f9d806183f49a44fa8fa8b96b6bd11d6e74a98d1b4bd9f31aaab9c11681dbb1d,2026-10-02T11:19:35+00:00,carcomplaints/toyota/Prius/2021.html.gz,ok,
year,toyota,toyota/prius,2022,https://www.carcomplaints.com/Toyota/Prius/2022/,200,43228,3784a18ad2abe2f2b672d0f5e061430f82244100180912c9a74475658b1a8150,2026-10-02T11:19:40+00:00,carcomplaints/toyota/Prius/2022.html.gz,ok,
year,toyota,toyota/prius,2023,https://www.carcomplaints.com/Toyota/Prius/2023/,200,42043,f4a0806b0fec8a8f8969452087b8d92fbe6b5f5cc78d103ed29d6cbf8eb5822b,2026-10-02T11:19:44+00:00,carcomplaints/toyota/Prius/2023.html.gz,ok,
year,toyota,toyota/prius,2024,https://www.carcomplaints.com/Toyota/Prius/2024/,200,43898,b963be16127f2d7860c910c285f5eca34cf9207f9446054e2dd04ab8e207b37e,2026-10-02T11:19:49+00:00,carcomplaints/toyota/Prius/2024.html.gz,ok,
year,toyota,toyota/prius,2025,https://www.carcomplaints.com/Toyota/Prius/2025/,200,40349,f9caf6052454e345f26c3b57ac6240bd65eb2275f1d1ae801eb8d2af0df8cc28,2026-10-02T11:19:56+00:00,carcomplaints/toyota/Prius/2025.html.gz,ok,
make,mercedes-benz,,,https://www.carcomplaints.com/Mercedes-Benz/,200,64966,e1b928b8e2fa55a8331559510c46f07d1837355bae0f68c77533cdef809f2e9b,2026-10-02T11:20:00+00:00,carcomplaints/mercedes-benz/_make.html.gz,ok,
model,mercedes-benz,mercedes-benz/s-class,,https://www.carcomplaints.com/Mercedes-Benz/S-Class/,200,36181,b6ec2acd559fda8dfd82e723538caf62337493f7d400b223cc8cef4fe8324e24,2026-10-02T11:20:06+00:00,carcomplaints/mercedes-benz/S-Class/_model.html.gz,ok,
year,mercedes-benz,mercedes-benz/s-class,2021,https://www.carcomplaints.com/Mercedes-Benz/S-Class/2021/,200,44004,653c905b215452e25b67a3800a25725fb53f62e620adc5b29bf9dddb55c12fb3,2026-10-02T11:20:10+00:00,carcomplaints/mercedes-benz/S-Class/2021.html.gz,ok,
model,mercedes-benz,mercedes-benz/gls,,https://www.carcomplaints.com/Mercedes-Benz/GLS/,200,37224,809dfb21117ef1c966455d616b92c1733096ca12e3e9002807f9e619024c887f,2026-10-02T11:20:14+00:00,carcomplaints/mercedes-benz/GLS/_model.html.gz,ok,
year,mercedes-benz,mercedes-benz/gls,2018,https://www.carcomplaints.com/Mercedes-Benz/GLS/2018/,200,42714,a6b19c5a8f65369006dc5f73349c92a328dc71a2cd9bd8906fabc85d036fcee5,2026-10-02T11:20:21+00:00,carcomplaints/mercedes-benz/GLS/2018.html.gz,ok,
year,mercedes-benz,mercedes-benz/gls,2022,https://www.carcomplaints.com/Mercedes-Benz/GLS/2022/,200,43021,eee6e3282cad4ada52530f6462be47e95c69c2f670ab96d420767b89a5097354,2026-10-02T11:20:27+00:00,carcomplaints/mercedes-benz/GLS/2022.html.gz,ok,
model,mercedes-benz,mercedes-benz/cls,,https://www.carcomplaints.com/Mercedes-Benz/CLS/,200,36089,3d440b3c0466a5c9c7a7e166288e8249c62bad222951c3c849ce8b503b9eb622,2026-10-02T11:20:32+00:00,carcomplaints/mercedes-benz/CLS/_model.html.gz,ok,
year,mercedes-benz,mercedes-benz/cls,2019,https://www.carcomplaints.com/Mercedes-Benz/CLS/2019/,200,43934,7e6425b213e484c5ad7c45e2e308cb96318b41d2907b336828a0d714357d2853,2026-10-02T11:20:39+00:00,carcomplaints/mercedes-benz/CLS/2019.html.gz,ok,
make,bmw,,,https://www.carcomplaints.com/BMW/,200,46481,13e4d8aaa5042eb2437d8f894ebb39ec523eeaa53c6a80820fe44902e9326725,2026-10-02T11:20:43+00:00,carcomplaints/bmw/_make.html.gz,ok,
model,bmw,bmw/x5,,https://www.carcomplaints.com/BMW/X5/,200,36200,02cc631508cd0f5736104162d0f911a2f9e175c1e3a755c426f662388f1bf287,2026-10-02T11:20:47+00:00,carcomplaints/bmw/X5/_model.html.gz,ok,
year,bmw,bmw/x5,2014,https://www.carcomplaints.com/BMW/X5/2014/,200,44813,44841af9e17a320ad6c46e437a66e79bc1b1fb5e82248f2974333afe17edc8a4,2026-10-02T11:20:52+00:00,carcomplaints/bmw/X5/2014.html.gz,ok,
year,bmw,bmw/x5,2015,https://www.carcomplaints.com/BMW/X5/2015/,200,45540,c8803345a196099a1dc10cad2ce9cd685bd0c07e66e97e87ece3ca55f3290302,2026-10-02T11:20:57+00:00,carcomplaints/bmw/X5/2015.html.gz,ok,
year,bmw,bmw/x5,2016,https://www.carcomplaints.com/BMW/X5/2016/,200,43247,c82d30039792e9f8f53cf048c2de42d3abea34f0de2237f1d890df137e4ce902,2026-10-02T11:21:04+00:00,carcomplaints/bmw/X5/2016.html.gz,ok,
year,bmw,bmw/x5,2017,https://www.carcomplaints.com/BMW/X5/2017/,200,42910,76d4db4b9a8b8a493a5ebdf0b729d5075dd736df8ce5aeebbe195a84b32564b7,2026-10-02T11:21:10+00:00,carcomplaints/bmw/X5/2017.html.gz,ok,
year,bmw,bmw/x5,2018,https://www.carcomplaints.com/BMW/X5/2018/,200,42045,7cdab930f94129bf5f57115acb6ea17f3d9b7e1952bd694ea6e9be928164c634,2026-10-02T11:21:14+00:00,carcomplaints/bmw/X5/2018.html.gz,ok,
year,bmw,bmw/x5,2019,https://www.carcomplaints.com/BMW/X5/2019/,200,44476,4b4271751bb151300572641ff3aa34c98d6907920971ea3673c309e52bb32d86,2026-10-02T11:21:20+00:00,carcomplaints/bmw/X5/2019.html.gz,ok,
year,bmw,bmw/x5,2020,https://www.carcomplaints.com/BMW/X5/2020/,200,41047,63840f83e4d8194b2f016e20446ac9346c669d0067574b73b9db7556510a7915,2026-10-02T11:21:27+00:00,carcomplaints/bmw/X5/2020.html.gz,ok,
year,bmw,bmw/x5,2022,https://www.carcomplaints.com/BMW/X5/2022/,200,37857,94464a94e03503b4fffed3449fb297ecabe4ef97fb333bac0199e81b5d4bf982,2026-10-02T11:21:33+00:00,carcomplaints/bmw/X5/2022.html.gz,ok,
model,bmw,bmw/x6,,https://www.carcomplaints.com/BMW/X6/,200,33747,335c7932d533d376ef3b8ea68fd51fe78053f6140e128a3926b384105aeef20d,2026-10-02T11:21:37+00:00,carcomplaints/bmw/X6/_model.html.gz,ok,
year,bmw,bmw/x6,2014,https://www.carcomplaints.com/BMW/X6/2014/,200,37888,d25b2b8eb7dfb59796be73bf1059915a5a7caaf9843e27a07d6674d894f768e6,2026-10-02T11:21:44+00:00,carcomplaints/bmw/X6/2014.html.gz,ok,
year,bmw,bmw/x6,2015,https://www.carcomplaints.com/BMW/X6/2015/,200,39008,e537eb69ad68da69a840ed0ce114f71de6832badda43bb16e541b41672602595,2026-10-02T11:21:48+00:00,carcomplaints/bmw/X6/2015.html.gz,ok,
year,bmw,bmw/x6,2016,https://www.carcomplaints.com/BMW/X6/2016/,200,38165,2648996594b0a256ad8ec1236bfc94c5e982ce98e17a2dd3585fb7922724e469,2026-10-02T11:21:52+00:00,carcomplaints/bmw/X6/2016.html.gz,ok,
year,bmw,bmw/x6,2017,https://www.carcomplaints.com/BMW/X6/2017/,200,39121,eae1e26e104afb2941620a42eda20c296a3386fd679b8dca35818136a269b57a,2026-10-02T11:21:58+00:00,carcomplaints/bmw/X6/2017.html.gz,ok,
year,bmw,bmw/x6,2018,https://www.carcomplaints.com/BMW/X6/2018/,200,40187,37ede2e8b7e47e652671331288d48aef7f15307a0d1fdf0da31d624791383cc8,2026-10-02T11:22:02+00:00,carcomplaints/bmw/X6/2018.html.gz,ok,
year,bmw,bmw/x6,2019,https://www.carcomplaints.com/BMW/X6/2019/,200,38159,c40e877046fd7731bb3b2c087b25c7ce48020a7918f9171c8ca04d39ff4d1e1c,2026-10-02T11:22:06+00:00,carcomplaints/bmw/X6/2019.html.gz,ok,
year,bmw,bmw/x6,2020,https://www.carcomplaints.com/BMW/X6/2020/,200,38489,38aa294cc85db2f71f804ffa2f8d7d7a1d91990275b21b7ec7de3dfd5abc3e80,2026-10-02T11:22:12+00:00,carcomplaints/bmw/X6/2020.html.gz,ok,
model,bmw,bmw/x7,,https://www.carcomplaints.com/BMW/X7/,200,32192,8dcff5685500b35d21a10b62e20031584c40e632d1ccfee08b6aedbf7bd97fc4,2026-10-02T11:22:16+00:00,carcomplaints/bmw/X7/_model.html.gz,ok,
year,bmw,bmw/x7,2019,https://www.carcomplaints.com/BMW/X7/2019/,200,41763,f78fec0267afd71faf4e96cf44894d5bdecbb81b7cdd53f013c032a939f5f6b6,2026-10-02T11:22:21+00:00,carcomplaints/bmw/X7/2019.html.gz,ok,
year,bmw,bmw/x7,2020,https://www.carcomplaints.com/BMW/X7/2020/,200,41551,55cd9d2ca2008578a6184fd547e998b4656ecdb3f9c43a36f84cb43ba60df224,2026-10-02T11:22:24+00:00,carcomplaints/bmw/X7/2020.html.gz,ok,
year,bmw,bmw/x7,2024,https://www.carcomplaints.com/BMW/X7/2024/,200,40951,538463647e92799f1e838e12ba427328ea240d2aa050b789abb07092179a2b40,2026-10-02T11:22:29+00:00,carcomplaints/bmw/X7/2024.html.gz,ok,
model,bmw,bmw/m3,,https://www.carcomplaints.com/BMW/M3/,200,34621,eb7d62788b916c5266a9a14709ed058712747eecca7f1b3e977d38b551a63bbe,2026-10-02T11:22:34+00:00,carcomplaints/bmw/M3/_model.html.gz,ok,
year,bmw,bmw/m3,2015,https://www.carcomplaints.com/BMW/M3/2015/,200,38122,064c19a48efd65614f12cfab41e26e491699d1e8b953d403dd379a16b1d24dd0,2026-10-02T11:22:39+00:00,carcomplaints/bmw/M3/2015.html.gz,ok,
year,bmw,bmw/m3,2016,https://www.carcomplaints.com/BMW/M3/2016/,200,37612,43e44c2899270f21879d597b374b776f62d2b67388774a1c56a70c6643a26b53,2026-10-02T11:22:45+00:00,carcomplaints/bmw/M3/2016.html.gz,ok,
year,bmw,bmw/m3,2017,https://www.carcomplaints.com/BMW/M3/2017/,200,38150,482cc531e9ed96a96cad5e4297447c86688fd968ec8f70418362a15005be7d16,2026-10-02T11:22:51+00:00,carcomplaints/bmw/M3/2017.html.gz,ok,
model,bmw,bmw/m5,,https://www.carcomplaints.com/BMW/M5/,200,35493,2cb2d22d3f5fa2af30cd5e2370593c6e60eac496015efe8a54b0098080c70e4c,2026-10-02T11:22:55+00:00,carcomplaints/bmw/M5/_model.html.gz,ok,
year,bmw,bmw/m5,2014,https://www.carcomplaints.com/BMW/M5/2014/,200,38646,c978907b3c381dc7b02fd3da505aca3b521c46b073cc2111c78594d346a2c9c3,2026-10-02T11:23:00+00:00,carcomplaints/bmw/M5/2014.html.gz,ok,
year,bmw,bmw/m5,2015,https://www.carcomplaints.com/BMW/M5/2015/,200,37669,17b7d0ae93c520f071e88a75d717e731fef7ea23fc1c2d10c54f1506d6f88c01,2026-10-02T11:23:05+00:00,carcomplaints/bmw/M5/2015.html.gz,ok,
year,bmw,bmw/m5,2016,https://www.carcomplaints.com/BMW/M5/2016/,200,37961,e579ee126829c4e9cc1e66362a89a080fef900d57f6a8825d6316fd52c2188a4,2026-10-02T11:23:09+00:00,carcomplaints/bmw/M5/2016.html.gz,ok,
year,bmw,bmw/m5,2017,https://www.carcomplaints.com/BMW/M5/2017/,200,36676,2d110adba04d9dde18ba72d2e3c3ef1c33310b7d187efeebe0b32a6e7868c5f0,2026-10-02T11:23:12+00:00,carcomplaints/bmw/M5/2017.html.gz,ok,
year,bmw,bmw/m5,2018,https://www.carcomplaints.com/BMW/M5/2018/,200,38766,01674a28f7d1f7e6136b37dcd9cafcdcdd660a9ac6e1a9939349534a0fa16f13,2026-10-02T11:23:17+00:00,carcomplaints/bmw/M5/2018.html.gz,ok,
year,bmw,bmw/m5,2019,https://www.carcomplaints.com/BMW/M5/2019/,200,39026,ee5122fdf173fe9180c8ed1d6f7fe755bdd3d4c7fb9468bf82db579a01291ca4,2026-10-02T11:23:22+00:00,carcomplaints/bmw/M5/2019.html.gz,ok,
year,bmw,bmw/m5,2020,https://www.carcomplaints.com/BMW/M5/2020/,200,36848,8929fbd71b0a3307d61299ad609a7e7c132545a18e971accc4da04ebbed81743,2026-10-02T11:23:27+00:00,carcomplaints/bmw/M5/2020.html.gz,ok,
make,chevrolet,,,https://www.carcomplaints.com/Chevrolet/,200,50598,86cc70aea23798266b3932376fffb4d80aa885add2a591046785c8193d57cb4f,2026-10-02T11:23:31+00:00,carcomplaints/chevrolet/_make.html.gz,ok,
model,chevrolet,chevrolet/malibu,,https://www.carcomplaints.com/Chevrolet/Malibu/,200,42087,6a40c9d234dd54692f42693c0f3d45b8408c10deb921d46a084b842f26f661ac,2026-10-02T11:23:37+00:00,carcomplaints/chevrolet/Malibu/_model.html.gz,ok,
year,chevrolet,chevrolet/malibu,2014,https://www.carcomplaints.com/Chevrolet/Malibu/2014/,200,50368,bb01e0c5478fc908dcbacf04942978316bcf7281861131b2049e02d93c49c29a,2026-10-02T11:23:42+00:00,carcomplaints/chevrolet/Malibu/2014.html.gz,ok,
year,chevrolet,chevrolet/malibu,2015,https://www.carcomplaints.com/Chevrolet/Malibu/2015/,200,50489,4dc62fd7f7db9814388dd8c55773e87c12cde4ebd3735717098eca2e54ae5865,2026-10-02T11:23:46+00:00,carcomplaints/chevrolet/Malibu/2015.html.gz,ok,
year,chevrolet,chevrolet/malibu,2016,https://www.carcomplaints.com/Chevrolet/Malibu/2016/,200,50278,50f3aa0b588e6aab548f9ee8e6f825755b8d21027c90b51f765590f580ea900b,2026-10-02T11:23:53+00:00,carcomplaints/chevrolet/Malibu/2016.html.gz,ok,
year,chevrolet,chevrolet/malibu,2017,https://www.carcomplaints.com/Chevrolet/Malibu/2017/,200,49487,38c6e1922570b90a3875e94a3630e6a92d1ed810fb7ac67036f58bf4dbe89678,2026-10-02T11:23:58+00:00,carcomplaints/chevrolet/Malibu/2017.html.gz,ok,
year,chevrolet,chevrolet/malibu,2018,https://www.carcomplaints.com/Chevrolet/Malibu/2018/,200,50878,4bbfd81adc7c2699af9708a35df215af6b9757cf006596be6ecda0622b2f33f5,2026-10-02T11:24:03+00:00,carcomplaints/chevrolet/Malibu/2018.html.gz,ok,
year,chevrolet,chevrolet/malibu,2019,https://www.carcomplaints.com/Chevrolet/Malibu/2019/,200,50159,b8ee36dd8fb7c72344c5f88d97c61a2a99a332c2e124ab899bb9cab83dcb92ca,2026-10-02T11:24:08+00:00,carcomplaints/chevrolet/Malibu/2019.html.gz,ok,
year,chevrolet,chevrolet/malibu,2020,https://www.carcomplaints.com/Chevrolet/Malibu/2020/,200,47316,b155405b389ece82c8b2fe4c6156ec3c95d6e0d9ad9a6ee6d9ead99bd117df02,2026-10-02T11:24:11+00:00,carcomplaints/chevrolet/Malibu/2020.html.gz,ok,
year,chevrolet,chevrolet/malibu,2021,https://www.carcomplaints.com/Chevrolet/Malibu/2021/,200,47876,ef3e831958644b9dd1506859d060b43167aa60e3360d788247e1e753c7391feb,2026-10-02T11:24:15+00:00,carcomplaints/chevrolet/Malibu/2021.html.gz,ok,
year,chevrolet,chevrolet/malibu,2022,https://www.carcomplaints.com/Chevrolet/Malibu/2022/,200,48430,cccae36e088b138009c164d31e3bdfad015464fde7fc77a8b7690aeedc3b158e,2026-10-02T11:24:19+00:00,carcomplaints/chevrolet/Malibu/2022.html.gz,ok,
year,chevrolet,chevrolet/malibu,2023,https://www.carcomplaints.com/Chevrolet/Malibu/2023/,200,43905,e583e884f535edab4ea25b1064ef996f788c1c4df2cb65b2666c14d99f740d9a,2026-10-02T11:24:24+00:00,carcomplaints/chevrolet/Malibu/2023.html.gz,ok,
year,chevrolet,chevrolet/malibu,2024,https://www.carcomplaints.com/Chevrolet/Malibu/2024/,200,42343,316944b1637f60dad44edd0b0fd87277238b2e476061d5cc0a1e971f115ebf2b,2026-10-02T11:24:30+00:00,carcomplaints/chevrolet/Malibu/2024.html.gz,ok,
year,chevrolet,chevrolet/malibu,2025,https://www.carcomplaints.com/Chevrolet/Malibu/2025/,200,42184,386b9960609964c0a6d900ffc213221528f90b936299ac670998752432d955ac,2026-10-02T11:24:36+00:00,carcomplaints/chevrolet/Malibu/2025.html.gz,ok,
model,chevrolet,chevrolet/cruze,,https://www.carcomplaints.com/Chevrolet/Cruze/,200,37250,8db2164c5f72f5a76324a36196d71fbc5d7bffe9e4682a68a087e290c96922a9,2026-10-02T11:24:41+00:00,carcomplaints/chevrolet/Cruze/_model.html.gz,ok,
year,chevrolet,chevrolet/cruze,2014,https://www.carcomplaints.com/Chevrolet/Cruze/2014/,200,48774,2ef6753a2d263e97421035aa17679373c0f9726f07f074812bde40d8f0e80bef,2026-10-02T11:24:46+00:00,carcomplaints/chevrolet/Cruze/2014.html.gz,ok,
year,chevrolet,chevrolet/cruze,2015,https://www.carcomplaints.com/Chevrolet/Cruze/2015/,200,48018,1a45f6a9dc32518d6cf588983b7a11858b034ef165e4c260c1d3fdc6fbd5b3e9,2026-10-02T11:24:51+00:00,carcomplaints/chevrolet/Cruze/2015.html.gz,ok,
year,chevrolet,chevrolet/cruze,2016,https://www.carcomplaints.com/Chevrolet/Cruze/2016/,200,48199,b09af4d01b19d202b1c7bfd072f60a7a6d0e3aefeb49154ac02b29db623d9d80,2026-10-02T11:24:57+00:00,carcomplaints/chevrolet/Cruze/2016.html.gz,ok,
year,chevrolet,chevrolet/cruze,2017,https://www.carcomplaints.com/Chevrolet/Cruze/2017/,200,47758,2890e39bf0fbee633c2e287720a36604e6930a2eb691d2384c4c091f87112bc9,2026-10-02T11:25:04+00:00,carcomplaints/chevrolet/Cruze/2017.html.gz,ok,
year,chevrolet,chevrolet/cruze,2018,https://www.carcomplaints.com/Chevrolet/Cruze/2018/,200,47440,52ab4e896a4e4a9fd40ac4202f843e87d526a055a89dcd65b93745123c8bf609,2026-10-02T11:25:08+00:00,carcomplaints/chevrolet/Cruze/2018.html.gz,ok,
year,chevrolet,chevrolet/cruze,2019,https://www.carcomplaints.com/Chevrolet/Cruze/2019/,200,46704,f60b8a6e2639b48f283045b6d89ab934d3a838551e2d52b05b15221d4066c6da,2026-10-02T11:25:13+00:00,carcomplaints/chevrolet/Cruze/2019.html.gz,ok,
model,chevrolet,chevrolet/equinox,,https://www.carcomplaints.com/Chevrolet/Equinox/,200,38587,62fb09ae473bb544d03ebe8f948eaa046d2f86260029aec1231f78938661d5c2,2026-10-02T11:25:20+00:00,carcomplaints/chevrolet/Equinox/_model.html.gz,ok,
year,chevrolet,chevrolet/equinox,2014,https://www.carcomplaints.com/Chevrolet/Equinox/2014/,200,49805,f2d4543e7764af08c9024fe6b7bd6d7c4618f06f748e247ee0a0dce3aa3490da,2026-10-02T11:25:27+00:00,carcomplaints/chevrolet/Equinox/2014.html.gz,ok,
year,chevrolet,chevrolet/equinox,2015,https://www.carcomplaints.com/Chevrolet/Equinox/2015/,200,50796,54a5a38f4f0a3607d8f72f9e9fb5d434726e1ab8ad00dd0a64af4e5ce593217a,2026-10-02T11:25:33+00:00,carcomplaints/chevrolet/Equinox/2015.html.gz,ok,
year,chevrolet,chevrolet/equinox,2016,https://www.carcomplaints.com/Chevrolet/Equinox/2016/,200,49573,63b75adcfe27f945fc3ca383c366622fc576a584fb5cf69cb39a654150dce8d7,2026-10-02T11:25:40+00:00,carcomplaints/chevrolet/Equinox/2016.html.gz,ok,
year,chevrolet,chevrolet/equinox,2017,https://www.carcomplaints.com/Chevrolet/Equinox/2017/,200,50761,ce44e61e358138be28ed8a258e1b9fecdf11175cc735af40d621822aa93aad0d,2026-10-02T11:25:45+00:00,carcomplaints/chevrolet/Equinox/2017.html.gz,ok,
year,chevrolet,chevrolet/equinox,2018,https://www.carcomplaints.com/Chevrolet/Equinox/2018/,200,50765,af3ac0205339d727dfa1bd0b0476ef75a413c54dea4e7aeeeebce5a9a75ebdd3,2026-10-02T11:25:49+00:00,carcomplaints/chevrolet/Equinox/2018.html.gz,ok,
year,chevrolet,chevrolet/equinox,2019,https://www.carcomplaints.com/Chevrolet/Equinox/2019/,200,49894,81d98ccb9fc579e21812fdf6112e70356321cc8d018810cf69cf11045acbfe62,2026-10-02T11:25:54+00:00,carcomplaints/chevrolet/Equinox/2019.html.gz,ok,
year,chevrolet,chevrolet/equinox,2020,https://www.carcomplaints.com/Chevrolet/Equinox/2020/,200,48263,c7380806ac7f27dccc937beddef315ee39c8806698d0e87bfc6b1ab21a25b29a,2026-10-02T11:25:59+00:00,carcomplaints/chevrolet/Equinox/2020.html.gz,ok,
year,chevrolet,chevrolet/equinox,2021,https://www.carcomplaints.com/Chevrolet/Equinox/2021/,200,49817,b7b25119735207c9a612af6eb68ec752dd94fa2823c36bc5ff7b3913b3090163,2026-10-02T11:26:05+00:00,carcomplaints/chevrolet/Equinox/2021.html.gz,ok,
year,chevrolet,chevrolet/equinox,2022,https://www.carcomplaints.com/Chevrolet/Equinox/2022/,200,48307,1391754fb0e8c16f8c87b3e6a9bc5b77a744116b81a3b8e128e054570fb88e37,2026-10-02T11:26:10+00:00,carcomplaints/chevrolet/Equinox/2022.html.gz,ok,
year,chevrolet,chevrolet/equinox,2023,https://www.carcomplaints.com/Chevrolet/Equinox/2023/,200,47717,a641f766418199ec78c2b5e845d151cf4f9ff6f819a14b68e01946c607bda4f0,2026-10-02T11:26:15+00:00,carcomplaints/chevrolet/Equinox/2023.html.gz,ok,
year,chevrolet,chevrolet/equinox,2024,https://www.carcomplaints.com/Chevrolet/Equinox/2024/,200,45376,4a64d5b2d8e8fb25119f57f7b78050d0d4e37785de837add4fb8ab5a5b464f8e,2026-10-02T11:26:20+00:00,carcomplaints/chevrolet/Equinox/2024.html.gz,ok,
year,chevrolet,chevrolet/equinox,2026,https://www.carcomplaints.com/Chevrolet/Equinox/2026/,200,41907,7399c8c49e8d1b3bfbc4729ac9c747a839e821230cf327c036e460df8689d780,2026-10-02T11:26:25+00:00,carcomplaints/chevrolet/Equinox/2026.html.gz,ok,
model,chevrolet,chevrolet/trax,,https://www.carcomplaints.com/Chevrolet/Trax/,200,35964,778599e0ff4e67083de3b3e85999a69da0f5e9a73ff866959e7e2f6f381b2da4,2026-10-02T11:26:29+00:00,carcomplaints/chevrolet/Trax/_model.html.gz,ok,
year,chevrolet,chevrolet/trax,2015,https://www.carcomplaints.com/Chevrolet/Trax/2015/,200,48720,3398a12b4db744f2e37575b0069356db322169af2e3e160c4c6fc6569e5e71eb,2026-10-02T11:26:33+00:00,carcomplaints/chevrolet/Trax/2015.html.gz,ok,
year,chevrolet,chevrolet/trax,2016,https://www.carcomplaints.com/Chevrolet/Trax/2016/,200,47831,1f7caa1e0671c7ca9eecc5d5108c20295a2c7da515ceb9bcc078c6d7a9ab1812,2026-10-02T11:26:40+00:00,carcomplaints/chevrolet/Trax/2016.html.gz,ok,
year,chevrolet,chevrolet/trax,2017,https://www.carcomplaints.com/Chevrolet/Trax/2017/,200,47354,407644930e86272cc458b0fb3b428dc6c6e4970259f627f71fd340aac29c7dff,2026-10-02T11:26:45+00:00,carcomplaints/chevrolet/Trax/2017.html.gz,ok,
year,chevrolet,chevrolet/trax,2018,https://www.carcomplaints.com/Chevrolet/Trax/2018/,200,46622,9adcb994ef370d232c1dae2a4c2de30484753078bb8df2bb2a7fbff370ce877f,2026-10-02T11:26:52+00:00,carcomplaints/chevrolet/Trax/2018.html.gz,ok,
year,chevrolet,chevrolet/trax,2019,https://www.carcomplaints.com/Chevrolet/Trax/2019/,200,48690,f72668c155681318d637c64fb25db3e92fd740e5a7436a002796b01232075500,2026-10-02T11:26:56+00:00,carcomplaints/chevrolet/Trax/2019.html.gz,ok,
year,chevrolet,chevrolet/trax,2020,https://www.carcomplaints.com/Chevrolet/Trax/2020/,200,44817,dfef72958b1749838c6aae35bf7a3514a45578f01ec661ef53117e3e72037535,2026-10-02T11:27:01+00:00,carcomplaints/chevrolet/Trax/2020.html.gz,ok,
year,chevrolet,chevrolet/trax,2021,https://www.carcomplaints.com/Chevrolet/Trax/2021/,200,44011,cba5467abccb4e01690772d91984e1673983b3f47c4535263496c206ea145f7d,2026-10-02T11:27:06+00:00,carcomplaints/chevrolet/Trax/2021.html.gz,ok,
year,chevrolet,chevrolet/trax,2024,https://www.carcomplaints.com/Chevrolet/Trax/2024/,200,48163,919e3f5734e93f8f09cd317e22161eca4ec59c2a98995c00ae6d033d9cffe448,2026-10-02T11:27:11+00:00,carcomplaints/chevrolet/Trax/2024.html.gz,ok,
year,chevrolet,chevrolet/trax,2025,https://www.carcomplaints.com/Chevrolet/Trax/2025/,200,48355,8070d7b8d274ca690f4707d62161854d453e46a3a688c936faff8438064219f1,2026-10-02T11:27:15+00:00,carcomplaints/chevrolet/Trax/2025.html.gz,ok,
make,ford,,,https://www.carcomplaints.com/Ford/,200,47479,fc0aa6b7321f551271c294bb37cb85b28d6b49f349cfab5dccb763d623660d00,2026-10-02T11:27:19+00:00,carcomplaints/ford/_make.html.gz,ok,
model,ford,ford/fusion,,https://www.carcomplaints.com/Ford/Fusion/,200,35796,e51aa3995992b2d5c89e642c5ce1c15f1e67c15a8329c9f1bebe67c3536afd72,2026-10-02T11:27:24+00:00,carcomplaints/ford/Fusion/_model.html.gz,ok,
year,ford,ford/fusion,2014,https://www.carcomplaints.com/Ford/Fusion/2014/,200,45695,a674b9e9ee3df3985ed904764fa5811bddfc73302f646b1b13602d150df3e4d3,2026-10-02T11:27:29+00:00,carcomplaints/ford/Fusion/2014.html.gz,ok,
year,ford,ford/fusion,2015,https://www.carcomplaints.com/Ford/Fusion/2015/,200,47451,c04580876a085650c33089a5bb8e340f972383889e58404f2602c5efc6d1fc8f,2026-10-02T11:27:34+00:00,carcomplaints/ford/Fusion/2015.html.gz,ok,
year,ford,ford/fusion,2016,https://www.carcomplaints.com/Ford/Fusion/2016/,200,45200,4aabb2fcb5ef1e3a064e779bbe0fd19fd33b550b2bad4a86158a8aa9dbde6783,2026-10-02T11:27:38+00:00,carcomplaints/ford/Fusion/2016.html.gz,ok,
year,ford,ford/fusion,2017,https://www.carcomplaints.com/Ford/Fusion/2017/,200,45877,416763f831509aafdd3f398316b9e687247ccfd81e6bb5187c272ff00b33380e,2026-10-02T11:27:45+00:00,carcomplaints/ford/Fusion/2017.html.gz,ok,
year,ford,ford/fusion,2018,https://www.carcomplaints.com/Ford/Fusion/2018/,200,44690,0bb7cf488f0f1e2dc4935c15cafe76ca625af7abf19d92356005464e60f30176,2026-10-02T11:27:49+00:00,carcomplaints/ford/Fusion/2018.html.gz,ok,
year,ford,ford/fusion,2019,https://www.carcomplaints.com/Ford/Fusion/2019/,200,46652,18e85d39a4aacabc8af06df3c10d1f68acab4bb875bb8f40cd99a4cc38db7fe1,2026-10-02T11:27:53+00:00,carcomplaints/ford/Fusion/2019.html.gz,ok,
year,ford,ford/fusion,2020,https://www.carcomplaints.com/Ford/Fusion/2020/,200,42145,f19c01da4723c80b96cbe89c67eb84bc7a6449ece21b694742ad24c25158fbb2,2026-10-02T11:27:59+00:00,carcomplaints/ford/Fusion/2020.html.gz,ok,
make,lexus,,,https://www.carcomplaints.com/Lexus/,200,42237,16fb2f842984b12da5eb515ac5cd332d1f88c11ab44dcb777d2704f8707df127,2026-10-02T11:28:03+00:00,carcomplaints/lexus/_make.html.gz,ok,
model,lexus,lexus/es,,https://www.carcomplaints.com/Lexus/ES_250/,200,30185,43ec90a2ae8f64ffe93269ceac5cf721aebac46124ab40708cac483ab7eb5ba2,2026-10-02T11:28:07+00:00,carcomplaints/lexus/ES_250/_model.html.gz,ok,
year,lexus,lexus/es,2021,https://www.carcomplaints.com/Lexus/ES_250/2021/,200,36569,72c423bc6a56f5f465c2fa76f98b65aef8f050f9a9ae35163ab39ea437a992e5,2026-10-02T11:28:11+00:00,carcomplaints/lexus/ES_250/2021.html.gz,ok,
model,lexus,lexus/es,,https://www.carcomplaints.com/Lexus/ES_300/,200,33448,cfdc1abcee8a03ea1101f532062a2279abd6fc04d1a8153798a227dd1ac3b943,2026-10-02T11:28:16+00:00,carcomplaints/lexus/ES_300/_model.html.gz,ok,
model,lexus,lexus/es,,https://www.carcomplaints.com/Lexus/ES_300h/,200,32552,f67cd6936faac68df084982bd2a6f91b4a48d283c1b1e17ca538d001d28a0a3d,2026-10-02T11:28:21+00:00,carcomplaints/lexus/ES_300h/_model.html.gz,ok,
year,lexus,lexus/es,2014,https://www.carcomplaints.com/Lexus/ES_300h/2014/,200,38968,d05e823a7047f6d370ad69189657ffbe89f06dae4f3f26e838d148a348e9de13,2026-10-02T11:28:24+00:00,carcomplaints/lexus/ES_300h/2014.html.gz,ok,
year,lexus,lexus/es,2015,https://www.carcomplaints.com/Lexus/ES_300h/2015/,200,39874,9a8bd9a5b46b7c13f7aca966255ea84768f7329544b1f09d33e938b540e189ad,2026-10-02T11:28:30+00:00,carcomplaints/lexus/ES_300h/2015.html.gz,ok,
year,lexus,lexus/es,2016,https://www.carcomplaints.com/Lexus/ES_300h/2016/,200,39075,8f574304f1891086404daa680147efb03785267bc48f6d9a367f570e6f57ba0b,2026-10-02T11:28:34+00:00,carcomplaints/lexus/ES_300h/2016.html.gz,ok,
year,lexus,lexus/es,2017,https://www.carcomplaints.com/Lexus/ES_300h/2017/,200,34983,3990f4c8dba3913a5c78b68ede360227283994ddddaf16cbb8562002a5a6a060,2026-10-02T11:28:38+00:00,carcomplaints/lexus/ES_300h/2017.html.gz,ok,
year,lexus,lexus/es,2018,https://www.carcomplaints.com/Lexus/ES_300h/2018/,200,35928,e5d1ca9e2ddd49f9f7bb0f42cd072fa6cc473e34a6eabd6b7cce6960d4862c47,2026-10-02T11:28:44+00:00,carcomplaints/lexus/ES_300h/2018.html.gz,ok,
year,lexus,lexus/es,2019,https://www.carcomplaints.com/Lexus/ES_300h/2019/,200,41381,006e756306a8477e88c27acedd72f8826e3ede65017534168d28511872f9ba5c,2026-10-02T11:28:48+00:00,carcomplaints/lexus/ES_300h/2019.html.gz,ok,
year,lexus,lexus/es,2020,https://www.carcomplaints.com/Lexus/ES_300h/2020/,200,35239,5c2c111b51a6875d24e79fa187beb6934d55e41dbecde2a8ed0dfdee473b0a2f,2026-10-02T11:28:53+00:00,carcomplaints/lexus/ES_300h/2020.html.gz,ok,
model,lexus,lexus/es,,https://www.carcomplaints.com/Lexus/ES_330/,200,31016,7b6160bf5091c21d75573c71c5bacafc2dc80f5fee78c0409c8e5d256c71df6e,2026-10-02T11:29:00+00:00,carcomplaints/lexus/ES_330/_model.html.gz,ok,
model,lexus,lexus/es,,https://www.carcomplaints.com/Lexus/ES_350/,200,33921,d614ba79e4087432fcad74e110d2016cc2d4949d9a9f1ab6649dd94678ce4aeb,2026-10-02T11:29:04+00:00,carcomplaints/lexus/ES_350/_model.html.gz,ok,
year,lexus,lexus/es,2014,https://www.carcomplaints.com/Lexus/ES_350/2014/,200,42145,a6b9924d0d9b2d4472c70ff5ea62e75e5df9d4a66952e9e6eec14890b38a77dd,2026-10-02T11:29:08+00:00,carcomplaints/lexus/ES_350/2014.html.gz,ok,
year,lexus,lexus/es,2015,https://www.carcomplaints.com/Lexus/ES_350/2015/,200,40803,965ae7fa6c259efba088a11fd41235b7c93bb30a45b0e57aef99bb76fa66c90c,2026-10-02T11:29:15+00:00,carcomplaints/lexus/ES_350/2015.html.gz,ok,
year,lexus,lexus/es,2016,https://www.carcomplaints.com/Lexus/ES_350/2016/,200,41244,3c3dd31fbba3b21ed63df833ec4e2e458d5d640065d32f0e61eacdf77514c618,2026-10-02T11:29:19+00:00,carcomplaints/lexus/ES_350/2016.html.gz,ok,
year,lexus,lexus/es,2017,https://www.carcomplaints.com/Lexus/ES_350/2017/,200,38805,f860d03fd37ddaa390a4d0eb93bd1b2732f7dea30ef987caf1d0c6ea549f719f,2026-10-02T11:29:24+00:00,carcomplaints/lexus/ES_350/2017.html.gz,ok,
year,lexus,lexus/es,2018,https://www.carcomplaints.com/Lexus/ES_350/2018/,200,38333,2923e825b2b226c90ab787b7cce7215a58bc6242f49331f00e4206703b3ed5bb,2026-10-02T11:29:31+00:00,carcomplaints/lexus/ES_350/2018.html.gz,ok,
year,lexus,lexus/es,2019,https://www.carcomplaints.com/Lexus/ES_350/2019/,200,38682,f58264acbb75040fbbe80af85cb3fe9259a1ef903f6ea433d20e6a968ef967ae,2026-10-02T11:29:37+00:00,carcomplaints/lexus/ES_350/2019.html.gz,ok,
year,lexus,lexus/es,2022,https://www.carcomplaints.com/Lexus/ES_350/2022/,200,38368,9971a1baab2aeb9dc01e8ea699fac2bfe73c58e7f4136819b6660749d750dee2,2026-10-02T11:29:42+00:00,carcomplaints/lexus/ES_350/2022.html.gz,ok,
model,lexus,lexus/rx,,https://www.carcomplaints.com/Lexus/RX_300/,200,31581,60b582f6b6a73776c51f1321f15c85b6aa09c82f0f6c15daee30f671dc7c62ac,2026-10-02T11:29:48+00:00,carcomplaints/lexus/RX_300/_model.html.gz,ok,
model,lexus,lexus/rx,,https://www.carcomplaints.com/Lexus/RX_330/,200,31246,6029fff7e0e5ef1e2a5f399b07a4d161f9faec84b1af37283f6055a55e25bf31,2026-10-02T11:29:55+00:00,carcomplaints/lexus/RX_330/_model.html.gz,ok,
model,lexus,lexus/rx,,https://www.carcomplaints.com/Lexus/RX_350/,200,34144,25cc9b5b6041c07a40e46035a8e965b1e9193aeee2c9c68e34f70cc5b889c9f0,2026-10-02T11:29:59+00:00,carcomplaints/lexus/RX_350/_model.html.gz,ok,
year,lexus,lexus/rx,2014,https://www.carcomplaints.com/Lexus/RX_350/2014/,200,41953,b3378423968b75848b18a5909c3b075a62bc697f0a079c81311b1980db96cec4,2026-10-02T11:30:06+00:00,carcomplaints/lexus/RX_350/2014.html.gz,ok,
year,lexus,lexus/rx,2015,https://www.carcomplaints.com/Lexus/RX_350/2015/,200,42618,5726bd4b8b22d483128ef5d44bcb3be66622be1433c3642f82049dca29bbbf2e,2026-10-02T11:30:13+00:00,carcomplaints/lexus/RX_350/2015.html.gz,ok,
year,lexus,lexus/rx,2016,https://www.carcomplaints.com/Lexus/RX_350/2016/,200,43971,16c55ebf4d3a8d2b3bc661c5cdc726f8422ca54a83afc6ff2f9a14718f7c16a5,2026-10-02T11:30:17+00:00,carcomplaints/lexus/RX_350/2016.html.gz,ok,
year,lexus,lexus/rx,2017,https://www.carcomplaints.com/Lexus/RX_350/2017/,200,43130,15911cc0a295de3f2b1e00f3fd891935c357ba53502cc42a0a2bbb82986ae032,2026-10-02T11:30:22+00:00,carcomplaints/lexus/RX_350/2017.html.gz,ok,
year,lexus,lexus/rx,2018,https://www.carcomplaints.com/Lexus/RX_350/2018/,200,41026,dfac2ba1bd4356a4e915f6aad6446572652074ff0a9bdc10758086c74820ad19,2026-10-02T11:30:26+00:00,carcomplaints/lexus/RX_350/2018.html.gz,ok,
year,lexus,lexus/rx,2019,https://www.carcomplaints.com/Lexus/RX_350/2019/,200,37690,37ac0530b2f810419a05fd988f98df2a003d5029a1362e10b4e0cec21d601b88,2026-10-02T11:30:32+00:00,carcomplaints/lexus/RX_350/2019.html.gz,ok,
year,lexus,lexus/rx,2020,https://www.carcomplaints.com/Lexus/RX_350/2020/,200,39302,1ae43130c627e2a05d4447471710bb87f5cbf5400ee9eecfb8592439e6ca6f8d,2026-10-02T11:30:39+00:00,carcomplaints/lexus/RX_350/2020.html.gz,ok,
year,lexus,lexus/rx,2021,https://www.carcomplaints.com/Lexus/RX_350/2021/,200,39078,3a476e64a7c47d9a5b5ce8e6b517e64e4e54e28f9738ea9e775d9bb00bc936e4,2026-10-02T11:30:45+00:00,carcomplaints/lexus/RX_350/2021.html.gz,ok,
year,lexus,lexus/rx,2024,https://www.carcomplaints.com/Lexus/RX_350/2024/,200,35649,81a6821b7e649d4cbef1f97b60bbcc6631f0e3a6147b9452e89027f8f812d20a,2026-10-02T11:30:50+00:00,carcomplaints/lexus/RX_350/2024.html.gz,ok,
model,lexus,lexus/rx,,https://www.carcomplaints.com/Lexus/RX_350H/,200,29350,9e46dc6cb7d5e3963c0a68b76235edc8ad8304a4d24d45170aca5e6071732278,2026-10-02T11:30:54+00:00,carcomplaints/lexus/RX_350H/_model.html.gz,ok,
year,lexus,lexus/rx,2023,https://www.carcomplaints.com/Lexus/RX_350H/2023/,200,37367,8656b5e100b92f81a0b871550aa25dff57bc4920d438704db0975f55a7a7fb31,2026-10-02T11:30:59+00:00,carcomplaints/lexus/RX_350H/2023.html.gz,ok,
model,lexus,lexus/rx,,https://www.carcomplaints.com/Lexus/RX_400h/,200,30888,f22e7c2ed51f0f7332fc8c27eef6998281e0fc814b9204ee1667ad1b4b9d1a73,2026-10-02T11:31:03+00:00,carcomplaints/lexus/RX_400h/_model.html.gz,ok,
model,lexus,lexus/rx,,https://www.carcomplaints.com/Lexus/RX_450h/,200,32161,727ed8e7c5da56ea334adc7f071355a694faf14c038097253c8490a53ef2e2b8,2026-10-02T11:31:08+00:00,carcomplaints/lexus/RX_450h/_model.html.gz,ok,
year,lexus,lexus/rx,2014,https://www.carcomplaints.com/Lexus/RX_450h/2014/,200,38213,9edf0be1fc50c86e344ef6b4ecdade9b28bdf858d74e444852753e2d3615cec7,2026-10-02T11:31:13+00:00,carcomplaints/lexus/RX_450h/2014.html.gz,ok,
year,lexus,lexus/rx,2015,https://www.carcomplaints.com/Lexus/RX_450h/2015/,200,37453,1bf16dc2bfe742a633a1a2c39da055738cf539b41b78ac5f7b9e4e37496ded07,2026-10-02T11:31:17+00:00,carcomplaints/lexus/RX_450h/2015.html.gz,ok,
year,lexus,lexus/rx,2016,https://www.carcomplaints.com/Lexus/RX_450h/2016/,200,38508,89970fad75dcd0f9554e440c143d086ff0e79c12ef353a032aa2fcaaf01efe52,2026-10-02T11:31:22+00:00,carcomplaints/lexus/RX_450h/2016.html.gz,ok,
year,lexus,lexus/rx,2019,https://www.carcomplaints.com/Lexus/RX_450h/2019/,404,,,2026-10-02T11:31:29+00:00,,not_found,
model,lexus,lexus/rx,,https://www.carcomplaints.com/Lexus/RX300/,200,31581,60b582f6b6a73776c51f1321f15c85b6aa09c82f0f6c15daee30f671dc7c62ac,2026-10-02T11:31:36+00:00,carcomplaints/lexus/RX300/_model.html.gz,ok,
model,lexus,lexus/rx,,https://www.carcomplaints.com/Lexus/RX400H/,200,30788,53d84392638a46362e5339764a158039cf40ca3a876c822d20a5f63e52932813,2026-10-02T11:31:41+00:00,carcomplaints/lexus/RX400H/_model.html.gz,ok,
model,lexus,lexus/nx,,https://www.carcomplaints.com/Lexus/NX/,200,28295,8c19f1acf439912c0f1e8950fd38c862247e6f4738cd33af5e3be2ef8f00c72b,2026-10-02T11:31:47+00:00,carcomplaints/lexus/NX/_model.html.gz,ok,
year,lexus,lexus/nx,2015,https://www.carcomplaints.com/Lexus/NX/2015/,200,36429,0d23517aa56de8ffa6ba748af9513a23ff789d32ab6a89e17eb1fb5290dbbb24,2026-10-02T11:31:52+00:00,carcomplaints/lexus/NX/2015.html.gz,ok,
year,lexus,lexus/nx,2016,https://www.carcomplaints.com/Lexus/NX/2016/,200,35697,5c1a21e59e8f25a7d74441fd05e012cb6ecdcc6dd150708c9e546fdb6c2e651c,2026-10-02T11:31:57+00:00,carcomplaints/lexus/NX/2016.html.gz,ok,
year,lexus,lexus/nx,2017,https://www.carcomplaints.com/Lexus/NX/2017/,200,37519,3cc7824ea05c27a3798fb094037da146b031b9c9d8f4cb2a139223d1e4c17c03,2026-10-02T11:32:04+00:00,carcomplaints/lexus/NX/2017.html.gz,ok,
year,lexus,lexus/nx,2018,https://www.carcomplaints.com/Lexus/NX/2018/,200,35597,975c7859f541f1617e29978cffa4f8ce06edf7775d11f0de7ae105e2a573c403,2026-10-02T11:32:08+00:00,carcomplaints/lexus/NX/2018.html.gz,ok,
model,lexus,lexus/nx,,https://www.carcomplaints.com/Lexus/NX_200t/,200,31756,c81e2292ba192b3224108be09147c2abc21a09fa88d596397984b2a0913e2007,2026-10-02T11:32:12+00:00,carcomplaints/lexus/NX_200t/_model.html.gz,ok,
year,lexus,lexus/nx,2015,https://www.carcomplaints.com/Lexus/NX_200t/2015/,200,41384,848bcc0d344de1a79b32d5c09114de950cad01aab432ad32567dcdb79aa8ce70,2026-10-02T11:32:16+00:00,carcomplaints/lexus/NX_200t/2015.html.gz,ok,
year,lexus,lexus/nx,2016,https://www.carcomplaints.com/Lexus/NX_200t/2016/,200,39257,f9a379a363ffd1bc3a2828f338b59144e3453e0606abc058a14a40996c73ef13,2026-10-02T11:32:23+00:00,carcomplaints/lexus/NX_200t/2016.html.gz,ok,
year,lexus,lexus/nx,2017,https://www.carcomplaints.com/Lexus/NX_200t/2017/,404,,,2026-10-02T11:32:28+00:00,,not_found,
model,lexus,lexus/nx,,https://www.carcomplaints.com/Lexus/NX_300/,200,29135,6411dccd5a32bf7e8cbb1c238207cc6a1e8e0e06119737f42ac3cbd70825a922,2026-10-02T11:32:32+00:00,carcomplaints/lexus/NX_300/_model.html.gz,ok,
year,lexus,lexus/nx,2021,https://www.carcomplaints.com/Lexus/NX_300/2021/,200,37216,442a013d9920459ddf30a0b6eaf58881bf7797bea24603e821f24d407836bcf7,2026-10-02T11:32:38+00:00,carcomplaints/lexus/NX_300/2021.html.gz,ok,
model,lexus,lexus/nx,,https://www.carcomplaints.com/Lexus/NX_300h/,200,31480,536a5936f6272663c6219a4a56660909db96f709e6d6afffd4460d76e82b7ebf,2026-10-02T11:32:45+00:00,carcomplaints/lexus/NX_300h/_model.html.gz,ok,
year,lexus,lexus/nx,2015,https://www.carcomplaints.com/Lexus/NX_300h/2015/,200,35725,0c118bebb8026363cd71708b619e0ae21b8e621c5d626740dff5222b1ae7609a,2026-10-02T11:32:49+00:00,carcomplaints/lexus/NX_300h/2015.html.gz,ok,
year,lexus,lexus/nx,2016,https://www.carcomplaints.com/Lexus/NX_300h/2016/,200,36962,e9ab45a1d762dc670f46e2da6295264ca484765a216a22ed4b7d4acc866176aa,2026-10-02T11:32:55+00:00,carcomplaints/lexus/NX_300h/2016.html.gz,ok,
year,lexus,lexus/nx,2017,https://www.carcomplaints.com/Lexus/NX_300h/2017/,200,36723,a6ee5fbdff3f9129b711a0a89e37c5e0a83413b1bebd1a6e04bc41737a008838,2026-10-02T11:33:00+00:00,carcomplaints/lexus/NX_300h/2017.html.gz,ok,
year,lexus,lexus/nx,2018,https://www.carcomplaints.com/Lexus/NX_300h/2018/,200,36782,6b84862c5170a33efac26afd34b6ff7e43bbd19bc0d6ae87c121ea583fc2a503,2026-10-02T11:33:04+00:00,carcomplaints/lexus/NX_300h/2018.html.gz,ok,
year,lexus,lexus/nx,2019,https://www.carcomplaints.com/Lexus/NX_300h/2019/,200,40316,bb963cf61594fb4fdf19325140ff51d5877f985f735c24c391ca04c11dda2322,2026-10-02T11:33:09+00:00,carcomplaints/lexus/NX_300h/2019.html.gz,ok,
model,lexus,lexus/nx,,https://www.carcomplaints.com/Lexus/NX200T/,200,29474,98596fee8f6b353d2a5ccfa9cc372b6eb0b9a87701fb1a676e80bce1bc78cf07,2026-10-02T11:33:14+00:00,carcomplaints/lexus/NX200T/_model.html.gz,ok,
year,lexus,lexus/nx,2016,https://www.carcomplaints.com/Lexus/NX200T/2016/,200,37416,6c6c448f42140bc89671df07d31e9e6a1c177ea61302996917d8e1993bbc6b83,2026-10-02T11:33:20+00:00,carcomplaints/lexus/NX200T/2016.html.gz,ok,
model,lexus,lexus/nx,,https://www.carcomplaints.com/Lexus/NX250/,200,27780,e357c622787b296b87bf02ca2962bc374cb2b7759bd0b65d259cba4df247ab46,2026-10-02T11:33:26+00:00,carcomplaints/lexus/NX250/_model.html.gz,ok,
year,lexus,lexus/nx,2022,https://www.carcomplaints.com/Lexus/NX250/2022/,200,36672,60d67b2b35c4458a5d5f2cd051c5dd1d751515cc18c55fdb4c86609e78dde757,2026-10-02T11:33:32+00:00,carcomplaints/lexus/NX250/2022.html.gz,ok,
model,lexus,lexus/nx,,https://www.carcomplaints.com/Lexus/NX350/,200,29101,c6926952be1e1759e3fa0a69f76501e63a0e8d39bf7e9a58f8d29918a7bb46a8,2026-10-02T11:33:38+00:00,carcomplaints/lexus/NX350/_model.html.gz,ok,
year,lexus,lexus/nx,2022,https://www.carcomplaints.com/Lexus/NX350/2022/,200,37698,09445b8955edaf4a7834397a05bfe920aad00460e1025fb74e14531a5da2b2ff,2026-10-02T11:33:44+00:00,carcomplaints/lexus/NX350/2022.html.gz,ok,
model,lexus,lexus/gx,,https://www.carcomplaints.com/Lexus/GX/,200,27685,1275b048cfe6be21f9a4bcd4be305a6bceab11e5930357ef134b43a5799fd263,2026-10-02T11:33:48+00:00,carcomplaints/lexus/GX/_model.html.gz,ok,
year,lexus,lexus/gx,2024,https://www.carcomplaints.com/Lexus/GX/2024/,200,35168,7fae7895297ae74c5b8e5ace0096ff7517f6df6ec21e7f5b07369d18370b5bfd,2026-10-02T11:33:52+00:00,carcomplaints/lexus/GX/2024.html.gz,ok,
model,lexus,lexus/gx,,https://www.carcomplaints.com/Lexus/GX_460/,200,33963,dddff38a318228131e32e0afab49f5a16810fb466d33e0626d67845f8e982e95,2026-10-02T11:33:55+00:00,carcomplaints/lexus/GX_460/_model.html.gz,ok,
year,lexus,lexus/gx,2014,https://www.carcomplaints.com/Lexus/GX_460/2014/,200,42157,5795e1c625e250ef94868ba03b91d36853f0a242346a27d730dfa42eb3b391f8,2026-10-02T11:34:02+00:00,carcomplaints/lexus/GX_460/2014.html.gz,ok,
year,lexus,lexus/gx,2015,https://www.carcomplaints.com/Lexus/GX_460/2015/,200,38237,78bc6eb902b7e9cdba060173b0824210a627dd2e25809293b2b2502e5fc05e3a,2026-10-02T11:34:08+00:00,carcomplaints/lexus/GX_460/2015.html.gz,ok,
year,lexus,lexus/gx,2016,https://www.carcomplaints.com/Lexus/GX_460/2016/,200,39647,eb40799de2002a64db5a6b052cd9ef52be5fa17b7c862955d8a46cb1110fcd46,2026-10-02T11:34:12+00:00,carcomplaints/lexus/GX_460/2016.html.gz,ok,
year,lexus,lexus/gx,2017,https://www.carcomplaints.com/Lexus/GX_460/2017/,200,37954,ef2a4b7f6c6c131a82795f0e88e93efdd6baa961b6be71c839d67e956b142397,2026-10-02T11:34:19+00:00,carcomplaints/lexus/GX_460/2017.html.gz,ok,
year,lexus,lexus/gx,2018,https://www.carcomplaints.com/Lexus/GX_460/2018/,200,37230,386a7a588b1b20af4edd10638333609e073497580ce6a63e0bc5c2be7643cb96,2026-10-02T11:34:23+00:00,carcomplaints/lexus/GX_460/2018.html.gz,ok,
year,lexus,lexus/gx,2019,https://www.carcomplaints.com/Lexus/GX_460/2019/,200,38129,1ae3ee83f886eb9efd735b94d37e001df8eed96aa05bf5935cf41a25dc698264,2026-10-02T11:34:27+00:00,carcomplaints/lexus/GX_460/2019.html.gz,ok,
year,lexus,lexus/gx,2020,https://www.carcomplaints.com/Lexus/GX_460/2020/,200,35781,055e79f9cabdda04bf45da2daaaaccb4769ebcb4144a035cd6124dc61869f02c,2026-10-02T11:34:33+00:00,carcomplaints/lexus/GX_460/2020.html.gz,ok,
year,lexus,lexus/gx,2021,https://www.carcomplaints.com/Lexus/GX_460/2021/,200,36596,8ef20e79a197d97d2cb086049d1850ba50d6dcc3a57ff9d97d6506193c48e96e,2026-10-02T11:34:37+00:00,carcomplaints/lexus/GX_460/2021.html.gz,ok,
year,lexus,lexus/gx,2022,https://www.carcomplaints.com/Lexus/GX_460/2022/,200,35377,6bc49ccd60bb20d2f5fe85bd3b9e2b984cb86e44ebe4399e03369232c8a65ac0,2026-10-02T11:34:43+00:00,carcomplaints/lexus/GX_460/2022.html.gz,ok,
year,lexus,lexus/gx,2023,https://www.carcomplaints.com/Lexus/GX_460/2023/,200,35367,fa1cdcb4436079d760aa1a8a5f4f3683f462218a47f90a5b3dfd3b8e9e05280c,2026-10-02T11:34:49+00:00,carcomplaints/lexus/GX_460/2023.html.gz,ok,
model,lexus,lexus/gx,,https://www.carcomplaints.com/Lexus/GX_470/,200,32422,338902ad4ce11713505b3d8d606776af417c0c4cfe153df13527ff236407f09b,2026-10-02T11:34:54+00:00,carcomplaints/lexus/GX_470/_model.html.gz,ok,
model,lexus,lexus/gx,,https://www.carcomplaints.com/Lexus/GX460/,200,30193,d745e50fda24789da11c89a3eecbcb1821d974c804b66835655f3d02414ddcff,2026-10-02T11:35:00+00:00,carcomplaints/lexus/GX460/_model.html.gz,ok,
year,lexus,lexus/gx,2019,https://www.carcomplaints.com/Lexus/GX460/2019/,200,38579,b5a7fe3d50bbdf3124964e01b8f86e5be50025ddb57e297c78173421dbb5070a,2026-10-02T11:35:05+00:00,carcomplaints/lexus/GX460/2019.html.gz,ok,
model,lexus,lexus/gx,,https://www.carcomplaints.com/Lexus/GX470/,200,32422,338902ad4ce11713505b3d8d606776af417c0c4cfe153df13527ff236407f09b,2026-10-02T11:35:11+00:00,carcomplaints/lexus/GX470/_model.html.gz,ok,
make,honda,,,https://www.carcomplaints.com/Honda/,200,36873,54486cbdc06c5e7bfc74c1ccc6bb5419ea53b1139c0c2f0d728e157e4c125d8b,2026-10-02T11:35:16+00:00,carcomplaints/honda/_make.html.gz,ok,
model,honda,honda/accord,,https://www.carcomplaints.com/Honda/Accord/,200,38604,6d56c48752210e68c0d36833adc993f0db5b7b3630c3cb6ba6daa997c87bf496,2026-10-02T11:35:20+00:00,carcomplaints/honda/Accord/_model.html.gz,ok,
year,honda,honda/accord,2014,https://www.carcomplaints.com/Honda/Accord/2014/,200,47535,dd0ce8f0b243ba12cb9ebde9dba94bdbf07bd640c086a565ab0cb2034649665c,2026-10-02T11:35:24+00:00,carcomplaints/honda/Accord/2014.html.gz,ok,
year,honda,honda/accord,2015,https://www.carcomplaints.com/Honda/Accord/2015/,200,47900,863990c7aacc8413981c6d24c434669f24850552c9edc92f45f4680431c170f6,2026-10-02T11:35:28+00:00,carcomplaints/honda/Accord/2015.html.gz,ok,
year,honda,honda/accord,2016,https://www.carcomplaints.com/Honda/Accord/2016/,200,45128,f36560f4edfb1b26154292ec493bc68a6c70ccdf6331a00d068367dd3845a94b,2026-10-02T11:35:35+00:00,carcomplaints/honda/Accord/2016.html.gz,ok,
year,honda,honda/accord,2017,https://www.carcomplaints.com/Honda/Accord/2017/,200,44134,0594c5ee226a552a12cd7a7ada758073f7ee76961bbc2c7eeda555badc4084f7,2026-10-02T11:35:41+00:00,carcomplaints/honda/Accord/2017.html.gz,ok,
year,honda,honda/accord,2018,https://www.carcomplaints.com/Honda/Accord/2018/,200,44230,0fbbdb4e479e91849070546b7635daa7f797b75df51a029397f0aaad7ad4473d,2026-10-02T11:35:45+00:00,carcomplaints/honda/Accord/2018.html.gz,ok,
year,honda,honda/accord,2019,https://www.carcomplaints.com/Honda/Accord/2019/,200,44790,45b9b49f5f04579c2b4a49d85bf3a1664feb80216933f780e4c924948f65b00e,2026-10-02T11:35:51+00:00,carcomplaints/honda/Accord/2019.html.gz,ok,
year,honda,honda/accord,2020,https://www.carcomplaints.com/Honda/Accord/2020/,200,45761,abf32d72090bb697e1fa80b2e23483c9bf93c44ff6950423f8d8c506b5a5f2ed,2026-10-02T11:35:54+00:00,carcomplaints/honda/Accord/2020.html.gz,ok,
year,honda,honda/accord,2021,https://www.carcomplaints.com/Honda/Accord/2021/,200,44258,133a19df24a1fc8de9139de1964f21dcc5b038b2fef95c2f837ad0ea231117fc,2026-10-02T11:36:01+00:00,carcomplaints/honda/Accord/2021.html.gz,ok,
year,honda,honda/accord,2022,https://www.carcomplaints.com/Honda/Accord/2022/,200,46798,9fefebf29c84fbcec90a28886a28861ceaac2061f0e42f0e1033ae3c89ed6dba,2026-10-02T11:36:05+00:00,carcomplaints/honda/Accord/2022.html.gz,ok,
year,honda,honda/accord,2023,https://www.carcomplaints.com/Honda/Accord/2023/,200,46197,0d8982a9797d5307281e1e67870279200b1c595e4110aa12ad4d12aaefee8c35,2026-10-02T11:36:12+00:00,carcomplaints/honda/Accord/2023.html.gz,ok,
year,honda,honda/accord,2024,https://www.carcomplaints.com/Honda/Accord/2024/,200,42193,44e86ca3e653cd3e26c82a2ff3220813711349791427bb8f65f091831da14d61,2026-10-02T11:36:19+00:00,carcomplaints/honda/Accord/2024.html.gz,ok,
year,honda,honda/accord,2025,https://www.carcomplaints.com/Honda/Accord/2025/,200,38590,1b9d3529e8f9ca1a7a4968428c50527bccc7ef2c23ea70a484c2499edcf05f81,2026-10-02T11:36:24+00:00,carcomplaints/honda/Accord/2025.html.gz,ok,
model,honda,honda/civic,,https://www.carcomplaints.com/Honda/Civic/,200,39162,0d35c70a1183e1e33df618ef0cdf45de90531bcac03d0aba91c13dbd1f60476d,2026-10-02T11:36:28+00:00,carcomplaints/honda/Civic/_model.html.gz,ok,
year,honda,honda/civic,2014,https://www.carcomplaints.com/Honda/Civic/2014/,200,44509,67b679909cab7a61198985169eeec26ef9cf34a58f85cb13339bc7d412b48066,2026-10-02T11:36:33+00:00,carcomplaints/honda/Civic/2014.html.gz,ok,
year,honda,honda/civic,2015,https://www.carcomplaints.com/Honda/Civic/2015/,200,45799,58f64e95104435bcd087f792a6e986224b1c150724ae00816368826502269121,2026-10-02T11:36:39+00:00,carcomplaints/honda/Civic/2015.html.gz,ok,
year,honda,honda/civic,2016,https://www.carcomplaints.com/Honda/Civic/2016/,200,46503,c52bc5c54d43ce0ab54a86c874ad1a36172a4dba81cdbb9f06171b7303706034,2026-10-02T11:36:46+00:00,carcomplaints/honda/Civic/2016.html.gz,ok,
year,honda,honda/civic,2017,https://www.carcomplaints.com/Honda/Civic/2017/,200,46571,626af20a270839b4cec1538bcb5a138c9730a74635abb885e4d11eca2b15b3f7,2026-10-02T11:36:52+00:00,carcomplaints/honda/Civic/2017.html.gz,ok,
year,honda,honda/civic,2018,https://www.carcomplaints.com/Honda/Civic/2018/,200,44637,0a8d0cb34b368d593f564e747a6620a9fc77cbc7e01dfd75666b73c2c747cd25,2026-10-02T11:36:57+00:00,carcomplaints/honda/Civic/2018.html.gz,ok,
year,honda,honda/civic,2019,https://www.carcomplaints.com/Honda/Civic/2019/,200,47414,5849fbcea052ac38921716d606a522d9eba1f5b108eb83410d43cfe7da701dba,2026-10-02T11:37:03+00:00,carcomplaints/honda/Civic/2019.html.gz,ok,
year,honda,honda/civic,2020,https://www.carcomplaints.com/Honda/Civic/2020/,200,46881,c7913a3dd18040228eecbe0eec8c39caa80ecded0e0bf906dbf45fe02ffbd560,2026-10-02T11:37:08+00:00,carcomplaints/honda/Civic/2020.html.gz,ok,
year,honda,honda/civic,2021,https://www.carcomplaints.com/Honda/Civic/2021/,200,44922,c81f03d4ca3911ada3158c73a654fe8092920080fe285d455a101a8fe57b8ed0,2026-10-02T11:37:12+00:00,carcomplaints/honda/Civic/2021.html.gz,ok,
year,honda,honda/civic,2022,https://www.carcomplaints.com/Honda/Civic/2022/,200,45935,5ac90d8505d3a5202bd022341303b2e16addf9ced9af471ab99335934fe98150,2026-10-02T11:37:17+00:00,carcomplaints/honda/Civic/2022.html.gz,ok,
year,honda,honda/civic,2023,https://www.carcomplaints.com/Honda/Civic/2023/,200,43377,fa9019664adb7ca06f4b82f071d7e51a0c728903b2641f3f932ffad76335bc90,2026-10-02T11:37:22+00:00,carcomplaints/honda/Civic/2023.html.gz,ok,
year,honda,honda/civic,2024,https://www.carcomplaints.com/Honda/Civic/2024/,200,39076,7942f40b1c20e431689605279bb112d9070d6adeaf19980763152c91d56d955e,2026-10-02T11:37:27+00:00,carcomplaints/honda/Civic/2024.html.gz,ok,
year,honda,honda/civic,2025,https://www.carcomplaints.com/Honda/Civic/2025/,200,39612,26b121df8c73bd7e46d7695e35538a09e337305417ac335c13f7d626d99e4e0f,2026-10-02T11:37:31+00:00,carcomplaints/honda/Civic/2025.html.gz,ok,
year,honda,honda/civic,2026,https://www.carcomplaints.com/Honda/Civic/2026/,200,38295,3ba062364a457c406048d3dac7896cb5fc059cbf6bf77ec5ef0e5b74c785b040,2026-10-02T11:37:35+00:00,carcomplaints/honda/Civic/2026.html.gz,ok,
model,honda,honda/cr-v,,https://www.carcomplaints.com/Honda/CR-V/,200,35744,f9741c3193952ed291ed223e18fac629ac75a78f32f43a61488e47eafb200bfb,2026-10-02T11:37:40+00:00,carcomplaints/honda/CR-V/_model.html.gz,ok,
year,honda,honda/cr-v,2014,https://www.carcomplaints.com/Honda/CR-V/2014/,200,46627,7efd69858b34da1d97ee9dc752cabf1b5f75cd2dc09ef2329d324953d2d5fc11,2026-10-02T11:37:45+00:00,carcomplaints/honda/CR-V/2014.html.gz,ok,
year,honda,honda/cr-v,2015,https://www.carcomplaints.com/Honda/CR-V/2015/,200,43317,9539ba7453f7bbdb1ee1eb45e888671fc1f5a5092e443e71ece9446f9c30748e,2026-10-02T11:37:52+00:00,carcomplaints/honda/CR-V/2015.html.gz,ok,
year,honda,honda/cr-v,2016,https://www.carcomplaints.com/Honda/CR-V/2016/,200,45044,c6d39a0a80876631f79e6c634e9c15baf93806717f6dafaa43035cb03ea44d07,2026-10-02T11:37:56+00:00,carcomplaints/honda/CR-V/2016.html.gz,ok,
year,honda,honda/cr-v,2017,https://www.carcomplaints.com/Honda/CR-V/2017/,200,46530,e904354eb958214b01d9c9111b46ed9599b0daadac44edede64d441fcafccaa2,2026-10-02T11:38:00+00:00,carcomplaints/honda/CR-V/2017.html.gz,ok,
year,honda,honda/cr-v,2018,https://www.carcomplaints.com/Honda/CR-V/2018/,200,45413,941fa9bef0362e41adcb9af21e1e49f11ba7135fe98fb58aefea514c0560c815,2026-10-02T11:38:04+00:00,carcomplaints/honda/CR-V/2018.html.gz,ok,
year,honda,honda/cr-v,2019,https://www.carcomplaints.com/Honda/CR-V/2019/,200,44650,ccc28a1f2e6bdbbc4e219a493b14823fe925a432fd916e6d457782fc15cd3179,2026-10-02T11:38:08+00:00,carcomplaints/honda/CR-V/2019.html.gz,ok,
year,honda,honda/cr-v,2020,https://www.carcomplaints.com/Honda/CR-V/2020/,200,43181,7da75d4fb2c801388e9db2363f96338b0a8e9283534afa39ff4c2f855e7f3e99,2026-10-02T11:38:14+00:00,carcomplaints/honda/CR-V/2020.html.gz,ok,
year,honda,honda/cr-v,2021,https://www.carcomplaints.com/Honda/CR-V/2021/,200,41816,3e8c6eb85fa7713d90a1a640a2f43f6d9a457a073ce888a7d452912ce6f0052f,2026-10-02T11:38:18+00:00,carcomplaints/honda/CR-V/2021.html.gz,ok,
year,honda,honda/cr-v,2022,https://www.carcomplaints.com/Honda/CR-V/2022/,200,44999,803d0268518f45fc2723770dadb909149271d49c15852716c5488ac204e3bae9,2026-10-02T11:38:23+00:00,carcomplaints/honda/CR-V/2022.html.gz,ok,
year,honda,honda/cr-v,2023,https://www.carcomplaints.com/Honda/CR-V/2023/,200,44786,65a05c27345a244de1eea722b2a31c1a24ab78e3c59c67eaf1d8fecebc237c6f,2026-10-02T11:38:30+00:00,carcomplaints/honda/CR-V/2023.html.gz,ok,
year,honda,honda/cr-v,2024,https://www.carcomplaints.com/Honda/CR-V/2024/,200,42564,a29458461b151959ee9208d283592ae0fe783aa0a8d69dfb7620b1cc53ec1524,2026-10-02T11:38:36+00:00,carcomplaints/honda/CR-V/2024.html.gz,ok,
year,honda,honda/cr-v,2025,https://www.carcomplaints.com/Honda/CR-V/2025/,200,44645,2d1c738f21cdea10b4a9540f579a25bff6db605b485e991731982979d3887dcc,2026-10-02T11:38:42+00:00,carcomplaints/honda/CR-V/2025.html.gz,ok,
make,nissan,,,https://www.carcomplaints.com/Nissan/,200,42925,e081a10cfdc707ad7518ddd0bddd60cdbd6aba7998a5d01675506c338c268cd6,2026-10-02T11:38:47+00:00,carcomplaints/nissan/_make.html.gz,ok,
model,nissan,nissan/altima,,https://www.carcomplaints.com/Nissan/Altima/,200,38278,068543f402b4ae1d4e719ffa31862e0c9e049a1130ff849c67ceeb7b5b691246,2026-10-02T11:38:51+00:00,carcomplaints/nissan/Altima/_model.html.gz,ok,
year,nissan,nissan/altima,2014,https://www.carcomplaints.com/Nissan/Altima/2014/,200,47611,9d6694ad97c37d35c05c37ea5829a5a4b58f1aacc20150135714b7ccac410c9a,2026-10-02T11:38:57+00:00,carcomplaints/nissan/Altima/2014.html.gz,ok,
year,nissan,nissan/altima,2015,https://www.carcomplaints.com/Nissan/Altima/2015/,200,46795,1463858d56fcbedce94ee58c5d4592d7b761282ee56878059eeeaed9b1f135fe,2026-10-02T11:39:01+00:00,carcomplaints/nissan/Altima/2015.html.gz,ok,
year,nissan,nissan/altima,2016,https://www.carcomplaints.com/Nissan/Altima/2016/,200,47882,7740969fda1900fa98776cebc05db189ef0fe9c469015d5b0e798062f816269f,2026-10-02T11:39:08+00:00,carcomplaints/nissan/Altima/2016.html.gz,ok,
year,nissan,nissan/altima,2017,https://www.carcomplaints.com/Nissan/Altima/2017/,200,46794,02b2d384fda22cdf1cc70f5679fbe1a3c3a000408001a9e656c7c5fdf7167c93,2026-10-02T11:39:14+00:00,carcomplaints/nissan/Altima/2017.html.gz,ok,
year,nissan,nissan/altima,2018,https://www.carcomplaints.com/Nissan/Altima/2018/,200,46659,496e4e105695c77fbb8c274aa9febcd5e5710b1fc068d4fb2869cba67de51bae,2026-10-02T11:39:19+00:00,carcomplaints/nissan/Altima/2018.html.gz,ok,
year,nissan,nissan/altima,2019,https://www.carcomplaints.com/Nissan/Altima/2019/,200,46673,f8989f098c48869d39d0fa60becaa012bd8700bc564274fe3b8e301a9e0d2cb1,2026-10-02T11:39:23+00:00,carcomplaints/nissan/Altima/2019.html.gz,ok,
year,nissan,nissan/altima,2020,https://www.carcomplaints.com/Nissan/Altima/2020/,200,47896,afaf7b4404c1fe5509d16767deffb3dd930dbba2ac4fd0265d561104380c2d4a,2026-10-02T11:39:28+00:00,carcomplaints/nissan/Altima/2020.html.gz,ok,
year,nissan,nissan/altima,2021,https://www.carcomplaints.com/Nissan/Altima/2021/,200,42069,89234037c586e0e214479e5dc9d25b9e7ef475a158190def89225b3b049daf9a,2026-10-02T11:39:32+00:00,carcomplaints/nissan/Altima/2021.html.gz,ok,
year,nissan,nissan/altima,2022,https://www.carcomplaints.com/Nissan/Altima/2022/,200,44405,1987fb79fd00df52d6e1327b49f87195bba98eb244c3aa521d12555050444894,2026-10-02T11:39:36+00:00,carcomplaints/nissan/Altima/2022.html.gz,ok,
year,nissan,nissan/altima,2023,https://www.carcomplaints.com/Nissan/Altima/2023/,200,44813,f27a9b471342cb2ebbdd0fbf39e6c383263f9dcd726e381527f0c82b486a1ca2,2026-10-02T11:39:43+00:00,carcomplaints/nissan/Altima/2023.html.gz,ok,
model,nissan,nissan/sentra,,https://www.carcomplaints.com/Nissan/Sentra/,200,40343,6cac7a547d9c76ef952b777065ff09a3f4cc18f26eb2dca74959233dc34edd1a,2026-10-02T11:39:48+00:00,carcomplaints/nissan/Sentra/_model.html.gz,ok,
year,nissan,nissan/sentra,2014,https://www.carcomplaints.com/Nissan/Sentra/2014/,200,48299,8a317a569b96bbc311346de17e1edfb313821828daecb3865e62b7be8adbee8d,2026-10-02T11:39:52+00:00,carcomplaints/nissan/Sentra/2014.html.gz,ok,
year,nissan,nissan/sentra,2015,https://www.carcomplaints.com/Nissan/Sentra/2015/,200,49275,0afabf0320407f3c7799cfa72be10f1999a0bda94553d34b5f14d7eed7e2d2cf,2026-10-02T11:39:57+00:00,carcomplaints/nissan/Sentra/2015.html.gz,ok,
year,nissan,nissan/sentra,2016,https://www.carcomplaints.com/Nissan/Sentra/2016/,200,46435,078a591925817e1adbd903fd190cc8080312f1bf7516b0bb77f8749c949b1280,2026-10-02T11:40:03+00:00,carcomplaints/nissan/Sentra/2016.html.gz,ok,
year,nissan,nissan/sentra,2017,https://www.carcomplaints.com/Nissan/Sentra/2017/,200,49278,32a043b86dc5209bdccedcddd5bfd2cc437bf7d613abf8d1e916664ca7c51d06,2026-10-02T11:40:10+00:00,carcomplaints/nissan/Sentra/2017.html.gz,ok,
year,nissan,nissan/sentra,2018,https://www.carcomplaints.com/Nissan/Sentra/2018/,200,47809,c3961238856464c5d6bca37ce7e2b094fcf35a08b21d0611989ed45de1dc653d,2026-10-02T11:40:14+00:00,carcomplaints/nissan/Sentra/2018.html.gz,ok,
year,nissan,nissan/sentra,2019,https://www.carcomplaints.com/Nissan/Sentra/2019/,200,48954,66f02e0a794e1fd00952d1a7d6766717aad2731a5257200e7cc8d3de33d054e7,2026-10-02T11:40:19+00:00,carcomplaints/nissan/Sentra/2019.html.gz,ok,
year,nissan,nissan/sentra,2020,https://www.carcomplaints.com/Nissan/Sentra/2020/,200,46774,51803241c5ee931e1ac3b2cc8e56f6d4e760c60303637ba74e8c9e0238f0c5cf,2026-10-02T11:40:23+00:00,carcomplaints/nissan/Sentra/2020.html.gz,ok,
year,nissan,nissan/sentra,2021,https://www.carcomplaints.com/Nissan/Sentra/2021/,200,46381,04734897e387a15b1e9406e054e899a3743618ee6b142a94bc6085350f340fac,2026-10-02T11:40:27+00:00,carcomplaints/nissan/Sentra/2021.html.gz,ok,
year,nissan,nissan/sentra,2022,https://www.carcomplaints.com/Nissan/Sentra/2022/,200,43101,a4bf9cd3fe7ee59e2dcefea4aff8ff83f1384ead663ca29a325836abea6e9d33,2026-10-02T11:40:34+00:00,carcomplaints/nissan/Sentra/2022.html.gz,ok,
year,nissan,nissan/sentra,2023,https://www.carcomplaints.com/Nissan/Sentra/2023/,200,42166,1ad3ee709536884c321448db109c2224029fc9cecabd039f30e9141a2d89c900,2026-10-02T11:40:38+00:00,carcomplaints/nissan/Sentra/2023.html.gz,ok,
year,nissan,nissan/sentra,2024,https://www.carcomplaints.com/Nissan/Sentra/2024/,200,46008,78fa9f4cc5c9cc441d1ad71c128fbf2b10b237524a023a1d47c2d9ccb753401a,2026-10-02T11:40:42+00:00,carcomplaints/nissan/Sentra/2024.html.gz,ok,
year,nissan,nissan/sentra,2025,https://www.carcomplaints.com/Nissan/Sentra/2025/,200,40298,167ebe49b9e17b6de90a45e171c5f6113549a97191580e509917914e8d42afc3,2026-10-02T11:40:46+00:00,carcomplaints/nissan/Sentra/2025.html.gz,ok,
model,nissan,nissan/rogue,,https://www.carcomplaints.com/Nissan/Rogue/,200,35117,563cdfbfe9c905578c07b980e4d39c63a61744fa20f414253d9fd6375c72c432,2026-10-02T11:40:52+00:00,carcomplaints/nissan/Rogue/_model.html.gz,ok,
year,nissan,nissan/rogue,2014,https://www.carcomplaints.com/Nissan/Rogue/2014/,200,46389,f075c21a3f8cdcccf44cb9abccfa62aa483c4303d47482e2a57615f477b484d9,2026-10-02T11:40:59+00:00,carcomplaints/nissan/Rogue/2014.html.gz,ok,
year,nissan,nissan/rogue,2015,https://www.carcomplaints.com/Nissan/Rogue/2015/,200,47272,3c036aee3644687811e9bf9886ef7f26d279c24af3b2c37ec0d1bef057b226a6,2026-10-02T11:41:04+00:00,carcomplaints/nissan/Rogue/2015.html.gz,ok,
year,nissan,nissan/rogue,2016,https://www.carcomplaints.com/Nissan/Rogue/2016/,200,45795,9802914edbc8cf32a949c05d03c51e0770367bb381b5aec72595b82da21163d0,2026-10-02T11:41:08+00:00,carcomplaints/nissan/Rogue/2016.html.gz,ok,
year,nissan,nissan/rogue,2017,https://www.carcomplaints.com/Nissan/Rogue/2017/,200,46596,5a68bffcc52851967520385f0e7c70e4d4235847dfb4e7f844d15a27c44adca8,2026-10-02T11:41:12+00:00,carcomplaints/nissan/Rogue/2017.html.gz,ok,
year,nissan,nissan/rogue,2018,https://www.carcomplaints.com/Nissan/Rogue/2018/,200,46148,067e268f40fe240b4bcd9e4f59550521e5a31dd75c42eb1fe461699cf95c9ea5,2026-10-02T11:41:17+00:00,carcomplaints/nissan/Rogue/2018.html.gz,ok,
year,nissan,nissan/rogue,2019,https://www.carcomplaints.com/Nissan/Rogue/2019/,200,46965,88d95ede6d204bf2f53a84e477dd3b1d7a7b6b62233a585415d77ee22ab6acc8,2026-10-02T11:41:24+00:00,carcomplaints/nissan/Rogue/2019.html.gz,ok,
year,nissan,nissan/rogue,2020,https://www.carcomplaints.com/Nissan/Rogue/2020/,200,45487,925ea3b30f1de89cb1bc8cf9e179dc66a0f0889346de71d12617315660361839,2026-10-02T11:41:29+00:00,carcomplaints/nissan/Rogue/2020.html.gz,ok,
year,nissan,nissan/rogue,2021,https://www.carcomplaints.com/Nissan/Rogue/2021/,200,43154,b5f36e7741d78d53ee42ac287802dade87c35a19826c6c10ccacb4745017f340,2026-10-02T11:41:35+00:00,carcomplaints/nissan/Rogue/2021.html.gz,ok,
year,nissan,nissan/rogue,2022,https://www.carcomplaints.com/Nissan/Rogue/2022/,200,45933,1cff54aec2fc5eafc2b9a84ee93cfb520c30d442c17fb560e571cd7e2862b590,2026-10-02T11:41:40+00:00,carcomplaints/nissan/Rogue/2022.html.gz,ok,
year,nissan,nissan/rogue,2023,https://www.carcomplaints.com/Nissan/Rogue/2023/,200,42154,4e8b36d986cd17911a7c5ad0cf0a28f0f9c6cc2c814a94e05db543403730c3f7,2026-10-02T11:41:46+00:00,carcomplaints/nissan/Rogue/2023.html.gz,ok,
year,nissan,nissan/rogue,2024,https://www.carcomplaints.com/Nissan/Rogue/2024/,200,42655,e9f32fc485c1d397c3dc5507fce3659e96dd3e6db9c855bd06ef855ea42fd586,2026-10-02T11:41:53+00:00,carcomplaints/nissan/Rogue/2024.html.gz,ok,
year,nissan,nissan/rogue,2025,https://www.carcomplaints.com/Nissan/Rogue/2025/,200,44642,301645a49e0057595b2753c8c0f8d5aabaf64970372f327485ec77ce0233c887,2026-10-02T11:41:59+00:00,carcomplaints/nissan/Rogue/2025.html.gz,ok,
model,nissan,nissan/pathfinder,,https://www.carcomplaints.com/Nissan/Pathfinder/,200,40684,996db38d992a3fcdd034a38b159f8980485c85f5132522a9e2f21fdc418e84fd,2026-10-02T11:42:03+00:00,carcomplaints/nissan/Pathfinder/_model.html.gz,ok,
year,nissan,nissan/pathfinder,2014,https://www.carcomplaints.com/Nissan/Pathfinder/2014/,200,49912,476336b76a2715f7a9fb3c2551b4b05fdfb393520f678cdaed087d74453ae6c3,2026-10-02T11:42:09+00:00,carcomplaints/nissan/Pathfinder/2014.html.gz,ok,
year,nissan,nissan/pathfinder,2015,https://www.carcomplaints.com/Nissan/Pathfinder/2015/,200,47922,fd6ed2f75a1e698ff3595166a656b6e21d044bcae2e8795a94305fb53c686c63,2026-10-02T11:42:14+00:00,carcomplaints/nissan/Pathfinder/2015.html.gz,ok,
year,nissan,nissan/pathfinder,2016,https://www.carcomplaints.com/Nissan/Pathfinder/2016/,200,48008,dc66d18660ac1ce3bdcdf4894eb0b773edcb0c66a43c40affaa9ffee4136d731,2026-10-02T11:42:20+00:00,carcomplaints/nissan/Pathfinder/2016.html.gz,ok,
year,nissan,nissan/pathfinder,2017,https://www.carcomplaints.com/Nissan/Pathfinder/2017/,200,48977,322f61ecda54eafabbc14f68d4712aad403410c03dca9025181b7f530e40fb3c,2026-10-02T11:42:27+00:00,carcomplaints/nissan/Pathfinder/2017.html.gz,ok,
year,nissan,nissan/pathfinder,2018,https://www.carcomplaints.com/Nissan/Pathfinder/2018/,200,47138,2ba82342d17ad73b36c8f230ca75120659332f3dbffda40998f84dac95ec3694,2026-10-02T11:42:33+00:00,carcomplaints/nissan/Pathfinder/2018.html.gz,ok,
year,nissan,nissan/pathfinder,2019,https://www.carcomplaints.com/Nissan/Pathfinder/2019/,200,48010,7b90daf9c94e09101a0b2709f1b8f959ec57fea2430202cb2403574ff6405d74,2026-10-02T11:42:38+00:00,carcomplaints/nissan/Pathfinder/2019.html.gz,ok,
year,nissan,nissan/pathfinder,2020,https://www.carcomplaints.com/Nissan/Pathfinder/2020/,200,45129,e18c78fc252e9581b16debc2143180d7659a4bf6769fee44b3f308756f418c56,2026-10-02T11:42:44+00:00,carcomplaints/nissan/Pathfinder/2020.html.gz,ok,
year,nissan,nissan/pathfinder,2021,https://www.carcomplaints.com/Nissan/Pathfinder/2021/,200,40216,74169cc53278660f253f743f8c8c5daae3d3ac7c5df472d8a4495c0480765ef2,2026-10-02T11:42:48+00:00,carcomplaints/nissan/Pathfinder/2021.html.gz,ok,
year,nissan,nissan/pathfinder,2022,https://www.carcomplaints.com/Nissan/Pathfinder/2022/,200,43289,8b01a52faeb6eae6671a4372861b06a851385195ab6c90c69d225d43b386ebb5,2026-10-02T11:42:55+00:00,carcomplaints/nissan/Pathfinder/2022.html.gz,ok,
year,nissan,nissan/pathfinder,2023,https://www.carcomplaints.com/Nissan/Pathfinder/2023/,200,43132,cc82d64a2da55366fcccc937bd46639480e120ec7a73e616de7aecdfbb5cf5d1,2026-10-02T11:43:01+00:00,carcomplaints/nissan/Pathfinder/2023.html.gz,ok,
year,nissan,nissan/pathfinder,2024,https://www.carcomplaints.com/Nissan/Pathfinder/2024/,200,45568,8fecf8718351316a2258e4602dd223f5711afe4245b5bc25d5b7da766cb61f80,2026-10-02T11:43:06+00:00,carcomplaints/nissan/Pathfinder/2024.html.gz,ok,
year,nissan,nissan/pathfinder,2025,https://www.carcomplaints.com/Nissan/Pathfinder/2025/,200,45291,93234115e4819c5769eeec831caf65fd34105f8a644ec3f5c7861c2a2962979d,2026-10-02T11:43:12+00:00,carcomplaints/nissan/Pathfinder/2025.html.gz,ok,
make,land-rover,,,https://www.carcomplaints.com/Land_Rover/,200,29083,21892498f69da44ce9f0115aa57fc708047900317409086f0287f28361e2356a,2026-10-02T11:43:16+00:00,carcomplaints/land-rover/_make.html.gz,ok,
model,land-rover,land-rover/range-rover,,https://www.carcomplaints.com/Land_Rover/Range_Rover/,200,33584,8bc84008b1a6b8043707f0a51bb967ba784647da919468f0469e88a4bb2ef97b,2026-10-02T11:43:20+00:00,carcomplaints/land-rover/Range_Rover/_model.html.gz,ok,
year,land-rover,land-rover/range-rover,2014,https://www.carcomplaints.com/Land_Rover/Range_Rover/2014/,200,38335,5315552f58d3b2ec1caa75d9708712a2a196ea201999a3bdfaa4a357b6ea5b76,2026-10-02T11:43:27+00:00,carcomplaints/land-rover/Range_Rover/2014.html.gz,ok,
year,land-rover,land-rover/range-rover,2015,https://www.carcomplaints.com/Land_Rover/Range_Rover/2015/,200,37334,01653ca6bed6b92867478864217f0db53f4561810b2d166d3bb9fc25a142484a,2026-10-02T11:43:31+00:00,carcomplaints/land-rover/Range_Rover/2015.html.gz,ok,
year,land-rover,land-rover/range-rover,2016,https://www.carcomplaints.com/Land_Rover/Range_Rover/2016/,200,37099,914c724b31622b3a401336865f247f94843699103e2a468503031d2a7fc1474e,2026-10-02T11:43:37+00:00,carcomplaints/land-rover/Range_Rover/2016.html.gz,ok,
year,land-rover,land-rover/range-rover,2017,https://www.carcomplaints.com/Land_Rover/Range_Rover/2017/,200,39639,b3ccad31ed99abb226ebfba59c41f67ea5ff7fbab3d81f86c315283579256919,2026-10-02T11:43:41+00:00,carcomplaints/land-rover/Range_Rover/2017.html.gz,ok,
year,land-rover,land-rover/range-rover,2018,https://www.carcomplaints.com/Land_Rover/Range_Rover/2018/,200,37880,8c9569edf56476e4fef332fb9c448a81bd391195240387d8317eb2fe13e1c0be,2026-10-02T11:43:47+00:00,carcomplaints/land-rover/Range_Rover/2018.html.gz,ok,
year,land-rover,land-rover/range-rover,2019,https://www.carcomplaints.com/Land_Rover/Range_Rover/2019/,200,36393,7d28ebc8a49237614d8e6f95a4356259688a13f36405893cc0175782ac37abef,2026-10-02T11:43:51+00:00,carcomplaints/land-rover/Range_Rover/2019.html.gz,ok,
year,land-rover,land-rover/range-rover,2020,https://www.carcomplaints.com/Land_Rover/Range_Rover/2020/,200,36129,d1ba8b9a1a0c81105ce7d053296d002c1e7742fcb7f72cb98f97629541257453,2026-10-02T11:43:55+00:00,carcomplaints/land-rover/Range_Rover/2020.html.gz,ok,
year,land-rover,land-rover/range-rover,2021,https://www.carcomplaints.com/Land_Rover/Range_Rover/2021/,200,34906,36a9cbad6ce9e391d4c538426ac20f7d6faa75cd358d218ea87adbd1e4f632d3,2026-10-02T11:44:01+00:00,carcomplaints/land-rover/Range_Rover/2021.html.gz,ok,
model,land-rover,land-rover/range-rover-sport,,https://www.carcomplaints.com/Land_Rover/Range_Rover_Sport/,200,28809,844f097dda127e5be92a85edec2d442340c8f4a103d927731aade8582036a61b,2026-10-02T11:44:05+00:00,carcomplaints/land-rover/Range_Rover_Sport/_model.html.gz,ok,
year,land-rover,land-rover/range-rover-sport,2014,https://www.carcomplaints.com/Land_Rover/Range_Rover_Sport/2014/,200,38480,453f07a1bbedf20224c952600e608f55a9e5afb03c1b408b06bdbce6e4f76968,2026-10-02T11:44:09+00:00,carcomplaints/land-rover/Range_Rover_Sport/2014.html.gz,ok,
year,land-rover,land-rover/range-rover-sport,2015,https://www.carcomplaints.com/Land_Rover/Range_Rover_Sport/2015/,200,37904,9f774e40a294829c5f2de1e7c7768fee4d2371cb071638c316a603ebdc7714b4,2026-10-02T11:44:14+00:00,carcomplaints/land-rover/Range_Rover_Sport/2015.html.gz,ok,
year,land-rover,land-rover/range-rover-sport,2016,https://www.carcomplaints.com/Land_Rover/Range_Rover_Sport/2016/,200,38273,d1875e1b88aed01ef674a600c7bd6a9db5e36d8d03792e4ecac6cfeed344164f,2026-10-02T11:44:19+00:00,carcomplaints/land-rover/Range_Rover_Sport/2016.html.gz,ok,
year,land-rover,land-rover/range-rover-sport,2017,https://www.carcomplaints.com/Land_Rover/Range_Rover_Sport/2017/,200,36523,863ee0953980adbb5a755eb2db5d0ac3341125cb0a8ecad13affb6fb541536eb,2026-10-02T11:44:23+00:00,carcomplaints/land-rover/Range_Rover_Sport/2017.html.gz,ok,
year,land-rover,land-rover/range-rover-sport,2018,https://www.carcomplaints.com/Land_Rover/Range_Rover_Sport/2018/,200,37411,c81391f464283657ffa5e634e2ebe5d957a3947515b2ca655827b8da44a3a4f9,2026-10-02T11:44:29+00:00,carcomplaints/land-rover/Range_Rover_Sport/2018.html.gz,ok,
year,land-rover,land-rover/range-rover-sport,2019,https://www.carcomplaints.com/Land_Rover/Range_Rover_Sport/2019/,200,35530,005e7df9ca3f5930aee147e729390d87484ab0819d1e624df653e0ae1c61d1aa,2026-10-02T11:44:36+00:00,carcomplaints/land-rover/Range_Rover_Sport/2019.html.gz,ok,
year,land-rover,land-rover/range-rover-sport,2020,https://www.carcomplaints.com/Land_Rover/Range_Rover_Sport/2020/,200,37371,55b0fecda859c3fdca47326d4f99c309581e674951238ccabcf94c35414f1687,2026-10-02T11:44:41+00:00,carcomplaints/land-rover/Range_Rover_Sport/2020.html.gz,ok,
year,land-rover,land-rover/range-rover-sport,2021,https://www.carcomplaints.com/Land_Rover/Range_Rover_Sport/2021/,200,35806,b546d55a48e1627a387530b2357c21f9f904346a66f0a396dece876f3111e703,2026-10-02T11:44:46+00:00,carcomplaints/land-rover/Range_Rover_Sport/2021.html.gz,ok,
model,land-rover,land-rover/range-rover-evoque,,https://www.carcomplaints.com/Land_Rover/Range_Rover_Evoque/,200,27622,10a7ce51c875d3b68741a9665f00229c3c9e1d60705cc68da17015fd8ab7fe29,2026-10-02T11:44:51+00:00,carcomplaints/land-rover/Range_Rover_Evoque/_model.html.gz,ok,
year,land-rover,land-rover/range-rover-evoque,2014,https://www.carcomplaints.com/Land_Rover/Range_Rover_Evoque/2014/,200,35498,403027f6a7e661113383068f16a4c9fd285c75e84990be3be40ee9c59b80bbf0,2026-10-02T11:44:56+00:00,carcomplaints/land-rover/Range_Rover_Evoque/2014.html.gz,ok,
year,land-rover,land-rover/range-rover-evoque,2015,https://www.carcomplaints.com/Land_Rover/Range_Rover_Evoque/2015/,200,37350,6108fffaa601f87634d20ae6dedd7f9bc9cdbc54f08ee290ca527d2d335f5222,2026-10-02T11:45:02+00:00,carcomplaints/land-rover/Range_Rover_Evoque/2015.html.gz,ok,
year,land-rover,land-rover/range-rover-evoque,2016,https://www.carcomplaints.com/Land_Rover/Range_Rover_Evoque/2016/,200,36767,63348351beb162662c09df6d8e622e443a20f1a2f5aaddfdc28ee3eb79777c80,2026-10-02T11:45:07+00:00,carcomplaints/land-rover/Range_Rover_Evoque/2016.html.gz,ok,
year,land-rover,land-rover/range-rover-evoque,2017,https://www.carcomplaints.com/Land_Rover/Range_Rover_Evoque/2017/,200,37023,814b0c5ad4a51a32585283c2fe685773c22a07ee370fa38f27658c0f17c3ec6f,2026-10-02T11:45:11+00:00,carcomplaints/land-rover/Range_Rover_Evoque/2017.html.gz,ok,
year,land-rover,land-rover/range-rover-evoque,2018,https://www.carcomplaints.com/Land_Rover/Range_Rover_Evoque/2018/,200,37239,d5532e6c8d680187374fe593911fd1504e66d49030ba5e84a1df6a9ba172423e,2026-10-02T11:45:18+00:00,carcomplaints/land-rover/Range_Rover_Evoque/2018.html.gz,ok,
year,land-rover,land-rover/range-rover-evoque,2019,https://www.carcomplaints.com/Land_Rover/Range_Rover_Evoque/2019/,200,35263,0ebb6a46cb0859ba418e4be92f864a276bc44952fc0f8f9188290ee7a84ffdec,2026-10-02T11:45:23+00:00,carcomplaints/land-rover/Range_Rover_Evoque/2019.html.gz,ok,
year,land-rover,land-rover/range-rover-evoque,2020,https://www.carcomplaints.com/Land_Rover/Range_Rover_Evoque/2020/,200,37938,009be25a101bef95ab47de44b2cdd920bae3f3d4f1b34cc8d574d233babf2941,2026-10-02T11:45:29+00:00,carcomplaints/land-rover/Range_Rover_Evoque/2020.html.gz,ok,
year,land-rover,land-rover/range-rover-evoque,2021,https://www.carcomplaints.com/Land_Rover/Range_Rover_Evoque/2021/,200,32971,d55b7cbeb91a69ed80c0a961cb21144e69a5e9ad65ece667c36fecf1687ef9fa,2026-10-02T11:45:35+00:00,carcomplaints/land-rover/Range_Rover_Evoque/2021.html.gz,ok,
year,land-rover,land-rover/range-rover-evoque,2022,https://www.carcomplaints.com/Land_Rover/Range_Rover_Evoque/2022/,200,34275,c80be7041b75694b877fc2459a39ff2fa11935f6b42cd69456d543a666315f42,2026-10-02T11:45:39+00:00,carcomplaints/land-rover/Range_Rover_Evoque/2022.html.gz,ok,
model,land-rover,land-rover/discovery-sport,,https://www.carcomplaints.com/Land_Rover/Discovery_Sport/,200,26224,9f68bc6ab5b6beac152d934ccc471a0587e9a7f99d84e517d211817bfe68c683,2026-10-02T11:45:45+00:00,carcomplaints/land-rover/Discovery_Sport/_model.html.gz,ok,
year,land-rover,land-rover/discovery-sport,2015,https://www.carcomplaints.com/Land_Rover/Discovery_Sport/2015/,200,34459,94dc81051cba8b8feb15c483e610201f638db7f020b60f9058c8750b700f34cf,2026-10-02T11:45:49+00:00,carcomplaints/land-rover/Discovery_Sport/2015.html.gz,ok,
year,land-rover,land-rover/discovery-sport,2016,https://www.carcomplaints.com/Land_Rover/Discovery_Sport/2016/,200,36201,91b3eaf7e46c4127a10def08b43cbdc2dcd7e1abc138725e6031c627a9ae2563,2026-10-02T11:45:53+00:00,carcomplaints/land-rover/Discovery_Sport/2016.html.gz,ok,
year,land-rover,land-rover/discovery-sport,2017,https://www.carcomplaints.com/Land_Rover/Discovery_Sport/2017/,200,36298,d52c9b6ea2e6fc527dc3ac984e10e79a06b4e6e4661deab7801cfc315f92211b,2026-10-02T11:45:58+00:00,carcomplaints/land-rover/Discovery_Sport/2017.html.gz,ok,
year,land-rover,land-rover/discovery-sport,2018,https://www.carcomplaints.com/Land_Rover/Discovery_Sport/2018/,200,34942,9db915eca3ac1b231cbc9f4d3aba983af8ad23c9bedb2921083a86243dfd6835,2026-10-02T11:46:05+00:00,carcomplaints/land-rover/Discovery_Sport/2018.html.gz,ok,
year,land-rover,land-rover/discovery-sport,2019,https://www.carcomplaints.com/Land_Rover/Discovery_Sport/2019/,200,34334,0295c0884c8bdbfa7035969e2778fcd40c3ecc8a9da481847bbbb2ff401788a6,2026-10-02T11:46:08+00:00,carcomplaints/land-rover/Discovery_Sport/2019.html.gz,ok,
year,land-rover,land-rover/discovery-sport,2020,https://www.carcomplaints.com/Land_Rover/Discovery_Sport/2020/,200,35128,0015551fc8fae15d7934647f4a9a4b26df50c03c0d1b4749f7cc1e7cdc12ed28,2026-10-02T11:46:12+00:00,carcomplaints/land-rover/Discovery_Sport/2020.html.gz,ok,
model,land-rover,land-rover/discovery-sport,,https://www.carcomplaints.com/Land_Rover/LR2/,200,28332,09bdd73a92c920a376201fc4afba42f9f465aea0a2296035067eba101a51f877,2026-10-02T11:46:16+00:00,carcomplaints/land-rover/LR2/_model.html.gz,ok,
year,land-rover,land-rover/discovery-sport,2014,https://www.carcomplaints.com/Land_Rover/LR2/2014/,200,32679,ebf40facd89d8e5180806a0a5e3e985192cfb40f48bcc52f4dfe739c6fed6ea2,2026-10-02T11:46:21+00:00,carcomplaints/land-rover/LR2/2014.html.gz,ok,
year,land-rover,land-rover/discovery-sport,2015,https://www.carcomplaints.com/Land_Rover/LR2/2015/,200,33198,70190f4a736df03cac752fd76df5b5fb2779df68ef28b1f66bf365c70ec505e0,2026-10-02T11:46:25+00:00,carcomplaints/land-rover/LR2/2015.html.gz,ok,
make,infiniti,,,https://www.carcomplaints.com/Infiniti/,200,34792,4cfa4b0ba4c728c7e48aba12683f3e97bd5ab0128cefc7ba91cad238989466a1,2026-10-02T11:46:29+00:00,carcomplaints/infiniti/_make.html.gz,ok,
model,infiniti,infiniti/q50,,https://www.carcomplaints.com/Infiniti/Q50/,200,30133,b1c38fe7e627bc2bf83bb974525158f09c006bb7713425a745ce266c783bad8c,2026-10-02T11:46:36+00:00,carcomplaints/infiniti/Q50/_model.html.gz,ok,
year,infiniti,infiniti/q50,2014,https://www.carcomplaints.com/Infiniti/Q50/2014/,200,38041,9327471c2fbd6fbb6d54cca96eeb9d3dcd08dac85b6ada5f01be4c0ab49b1ae1,2026-10-02T11:46:40+00:00,carcomplaints/infiniti/Q50/2014.html.gz,ok,
year,infiniti,infiniti/q50,2015,https://www.carcomplaints.com/Infiniti/Q50/2015/,200,37890,079a0595afa9c08d49ce06dba9da26671115c831a898109f6da8b87b09c16092,2026-10-02T11:46:44+00:00,carcomplaints/infiniti/Q50/2015.html.gz,ok,
year,infiniti,infiniti/q50,2016,https://www.carcomplaints.com/Infiniti/Q50/2016/,200,35885,bf299093de04c0549c72e3b7ab87d3c6fbe17f3ac8544f2326b9b3ac232c8a2b,2026-10-02T11:46:49+00:00,carcomplaints/infiniti/Q50/2016.html.gz,ok,
year,infiniti,infiniti/q50,2017,https://www.carcomplaints.com/Infiniti/Q50/2017/,200,36102,d40063075305a5820009e16e20b6029bd351c5e2fb7721b66b63c148ff7469f1,2026-10-02T11:46:52+00:00,carcomplaints/infiniti/Q50/2017.html.gz,ok,
year,infiniti,infiniti/q50,2018,https://www.carcomplaints.com/Infiniti/Q50/2018/,200,34066,427f18826ce883b732aa2fce0d0cf1f1fe4a2b123c677f26d2ee1458740e5d28,2026-10-02T11:46:56+00:00,carcomplaints/infiniti/Q50/2018.html.gz,ok,
year,infiniti,infiniti/q50,2019,https://www.carcomplaints.com/Infiniti/Q50/2019/,200,35826,dce86d7c6affe8b72b93ded96fe132503ee96a1abee8c0451717513fe7bcda47,2026-10-02T11:47:01+00:00,carcomplaints/infiniti/Q50/2019.html.gz,ok,
year,infiniti,infiniti/q50,2020,https://www.carcomplaints.com/Infiniti/Q50/2020/,200,34142,56558564fed7d133ca8bb7b2f1c045bae6d7d350ba863e3ecccf858096d3d606,2026-10-02T11:47:08+00:00,carcomplaints/infiniti/Q50/2020.html.gz,ok,
model,infiniti,infiniti/qx60,,https://www.carcomplaints.com/Infiniti/QX60/,200,30066,e0f66684e59b32f546547defc49ebe9030fcbb1de441f8b35c84999c16246e7f,2026-10-02T11:47:13+00:00,carcomplaints/infiniti/QX60/_model.html.gz,ok,
year,infiniti,infiniti/qx60,2014,https://www.carcomplaints.com/Infiniti/QX60/2014/,200,37813,28fac337c2a60dc65198c90335701dcd3dc87bc1bc482c53511e310e051896d5,2026-10-02T11:47:17+00:00,carcomplaints/infiniti/QX60/2014.html.gz,ok,
year,infiniti,infiniti/qx60,2015,https://www.carcomplaints.com/Infiniti/QX60/2015/,200,35842,78df7ce3148ebf398be58f56ed568370671d778f0cd9e830264c03b25f6ed863,2026-10-02T11:47:21+00:00,carcomplaints/infiniti/QX60/2015.html.gz,ok,
year,infiniti,infiniti/qx60,2016,https://www.carcomplaints.com/Infiniti/QX60/2016/,200,36889,964e1850498109e3afc5b332e92006ab8f9e83cc3f914beb2f1278ef3c7ae6d9,2026-10-02T11:47:27+00:00,carcomplaints/infiniti/QX60/2016.html.gz,ok,
year,infiniti,infiniti/qx60,2017,https://www.carcomplaints.com/Infiniti/QX60/2017/,200,38719,e96810ce441b5381c22e7509254b0036524d16cbfe57577a9afdb6981149dc38,2026-10-02T11:47:32+00:00,carcomplaints/infiniti/QX60/2017.html.gz,ok,
year,infiniti,infiniti/qx60,2018,https://www.carcomplaints.com/Infiniti/QX60/2018/,200,36820,e196edb85a318b44bd9d3a2da1ab8f9ea21cebea59da0ee9a3718f4bc4fe4ade,2026-10-02T11:47:37+00:00,carcomplaints/infiniti/QX60/2018.html.gz,ok,
year,infiniti,infiniti/qx60,2019,https://www.carcomplaints.com/Infiniti/QX60/2019/,200,35270,515b45aac15516450b1bfedd7d505df8ab3775c63164acd1e57c16a9bfed4faa,2026-10-02T11:47:41+00:00,carcomplaints/infiniti/QX60/2019.html.gz,ok,
year,infiniti,infiniti/qx60,2020,https://www.carcomplaints.com/Infiniti/QX60/2020/,200,37690,93c188eeb29a8b4d7096952df52bdde5feb16b5ecd24efefc791f4bd8171c5de,2026-10-02T11:47:47+00:00,carcomplaints/infiniti/QX60/2020.html.gz,ok,
model,infiniti,infiniti/fx-qx70,,https://www.carcomplaints.com/Infiniti/QX70/,200,29376,fb89f187d04e7e81e4a64f43bd22686721d4c48dc65904d7d0c13f86a03aad57,2026-10-02T11:47:53+00:00,carcomplaints/infiniti/QX70/_model.html.gz,ok,
year,infiniti,infiniti/fx-qx70,2014,https://www.carcomplaints.com/Infiniti/QX70/2014/,200,35035,d158bc022067dfa4823ab93cfcd32996f5e649fcb23ed7a708dc17cb13846c01,2026-10-02T11:47:59+00:00,carcomplaints/infiniti/QX70/2014.html.gz,ok,
year,infiniti,infiniti/fx-qx70,2015,https://www.carcomplaints.com/Infiniti/QX70/2015/,200,33878,33985a45f6304e128ca44d71a24a5355fb14a6a79d68e58f67d8f96db0acb68c,2026-10-02T11:48:05+00:00,carcomplaints/infiniti/QX70/2015.html.gz,ok,
year,infiniti,infiniti/fx-qx70,2016,https://www.carcomplaints.com/Infiniti/QX70/2016/,200,33025,68d4df8cdeb664be13aef3408f49e3d593c73bd7eaf087d4ae931052851b0e38,2026-10-02T11:48:09+00:00,carcomplaints/infiniti/QX70/2016.html.gz,ok,
make,cadillac,,,https://www.carcomplaints.com/Cadillac/,200,34063,c71443f3e351c5f4d81c537d3a1d9d2d387a3d4e6d9e608a6fcc391e5e573b5c,2026-10-02T11:48:15+00:00,carcomplaints/cadillac/_make.html.gz,ok,
model,cadillac,cadillac/cts,,https://www.carcomplaints.com/Cadillac/CTS/,200,31833,a586bf5150b62a6cb99db53f6e50aa221e5b8bde8c86d0ae985293abbb39803d,2026-10-02T11:48:19+00:00,carcomplaints/cadillac/CTS/_model.html.gz,ok,
year,cadillac,cadillac/cts,2014,https://www.carcomplaints.com/Cadillac/CTS/2014/,200,42771,1c389cf12045f0e17e976a8e2fa6bd9756360184d4dcb5af25568a9074d04578,2026-10-02T11:48:26+00:00,carcomplaints/cadillac/CTS/2014.html.gz,ok,
year,cadillac,cadillac/cts,2015,https://www.carcomplaints.com/Cadillac/CTS/2015/,200,41968,83eb20691847512996855bf69203c6407d0d39bb8bae27d18ad8268953f0f8dc,2026-10-02T11:48:31+00:00,carcomplaints/cadillac/CTS/2015.html.gz,ok,
year,cadillac,cadillac/cts,2016,https://www.carcomplaints.com/Cadillac/CTS/2016/,200,40049,42ee804653a7982735a37e55d6398f01a7e7e5e543effef61c93afdbe116a55c,2026-10-02T11:48:37+00:00,carcomplaints/cadillac/CTS/2016.html.gz,ok,
year,cadillac,cadillac/cts,2017,https://www.carcomplaints.com/Cadillac/CTS/2017/,200,39411,206dbcb62563a1746c077163caae2118fe417a8050adb3996484dcb2c5f708eb,2026-10-02T11:48:41+00:00,carcomplaints/cadillac/CTS/2017.html.gz,ok,
year,cadillac,cadillac/cts,2018,https://www.carcomplaints.com/Cadillac/CTS/2018/,200,36890,b9acb4461dc86b98d56b5e0207b6fd44a02b89732223d66331b09ff392e0188c,2026-10-02T11:48:45+00:00,carcomplaints/cadillac/CTS/2018.html.gz,ok,
year,cadillac,cadillac/cts,2019,https://www.carcomplaints.com/Cadillac/CTS/2019/,200,39382,088a5121bd3b6e022c2d55bc2f166eafb672978c01a60f93be7415f20b1b5ef1,2026-10-02T11:48:51+00:00,carcomplaints/cadillac/CTS/2019.html.gz,ok,
model,cadillac,cadillac/srx,,https://www.carcomplaints.com/Cadillac/SRX/,200,31610,d29c178eacf07bd511511b53a0466e9268f5719b92cf7d089fa367e8beb56fca,2026-10-02T11:48:57+00:00,carcomplaints/cadillac/SRX/_model.html.gz,ok,
year,cadillac,cadillac/srx,2014,https://www.carcomplaints.com/Cadillac/SRX/2014/,200,41269,4d8b9bc7335b457c6b829e516e526b60113d0f6cd4291e8133fbcd2fdc261578,2026-10-02T11:49:02+00:00,carcomplaints/cadillac/SRX/2014.html.gz,ok,
year,cadillac,cadillac/srx,2015,https://www.carcomplaints.com/Cadillac/SRX/2015/,200,41877,b0c6428e63f67dd20baf2544d9a38fcb17d1cdd184d5dce6dcdd8e5301fe9fc9,2026-10-02T11:49:07+00:00,carcomplaints/cadillac/SRX/2015.html.gz,ok,
year,cadillac,cadillac/srx,2016,https://www.carcomplaints.com/Cadillac/SRX/2016/,200,41292,d30ca5fcc15fc0468fcf19c58b6eff35a6ad1b07594788c8f1694b28fafdd1ce,2026-10-02T11:49:11+00:00,carcomplaints/cadillac/SRX/2016.html.gz,ok,
model,cadillac,cadillac/escalade,,https://www.carcomplaints.com/Cadillac/Escalade/,200,33895,09a035bcfcc3b1021b5d6505a68903a81abe016e4b0e56e5a180f1c9da85d1bf,2026-10-02T11:49:17+00:00,carcomplaints/cadillac/Escalade/_model.html.gz,ok,
year,cadillac,cadillac/escalade,2014,https://www.carcomplaints.com/Cadillac/Escalade/2014/,200,39892,684dc3a1a443d7b39f18697acd1d8fef3d37e8b6e7ee80bef9ee11d49355f62b,2026-10-02T11:49:21+00:00,carcomplaints/cadillac/Escalade/2014.html.gz,ok,
year,cadillac,cadillac/escalade,2015,https://www.carcomplaints.com/Cadillac/Escalade/2015/,200,43447,0dac15440bca9a8ca8fffd46577d357abeebe6920b41b1af6bf77df0a7df5a69,2026-10-02T11:49:26+00:00,carcomplaints/cadillac/Escalade/2015.html.gz,ok,
year,cadillac,cadillac/escalade,2016,https://www.carcomplaints.com/Cadillac/Escalade/2016/,200,43881,ed5e58afe80dac930dba305436b7d51cca2a5bc5867e1e1d89840a64b47f035f,2026-10-02T11:49:32+00:00,carcomplaints/cadillac/Escalade/2016.html.gz,ok,
year,cadillac,cadillac/escalade,2017,https://www.carcomplaints.com/Cadillac/Escalade/2017/,200,42460,a95054eec15bb116b99fd54627436ce53e1698f73b6b92032296c068f910bdee,2026-10-02T11:49:37+00:00,carcomplaints/cadillac/Escalade/2017.html.gz,ok,
year,cadillac,cadillac/escalade,2018,https://www.carcomplaints.com/Cadillac/Escalade/2018/,200,39250,e27b5d3c267099cfe36c4a663d874bc910d9cbd17d0bca82bb4b67047c67b6df,2026-10-02T11:49:44+00:00,carcomplaints/cadillac/Escalade/2018.html.gz,ok,
year,cadillac,cadillac/escalade,2019,https://www.carcomplaints.com/Cadillac/Escalade/2019/,200,38610,fe98b55e96205cdbe910355b7566471bedf831214a62f83d06ae89b7c45fda2e,2026-10-02T11:49:50+00:00,carcomplaints/cadillac/Escalade/2019.html.gz,ok,
year,cadillac,cadillac/escalade,2020,https://www.carcomplaints.com/Cadillac/Escalade/2020/,200,37962,62ba35dfd292a50a47bb83b5d05df752c6f787c1b5c477b967d8a2556fa30e06,2026-10-02T11:49:56+00:00,carcomplaints/cadillac/Escalade/2020.html.gz,ok,
year,cadillac,cadillac/escalade,2021,https://www.carcomplaints.com/Cadillac/Escalade/2021/,200,38231,ad57113c17e069aa5fab42a2b7f00bbc2b162e8e46a5ed02049ba225a9dd9287,2026-10-02T11:49:59+00:00,carcomplaints/cadillac/Escalade/2021.html.gz,ok,
year,cadillac,cadillac/escalade,2022,https://www.carcomplaints.com/Cadillac/Escalade/2022/,200,38295,aaaa2e325045e457aa38efffb91ff39d00c8d9eef3c9ebaa2be3ab0b8506627d,2026-10-02T11:50:06+00:00,carcomplaints/cadillac/Escalade/2022.html.gz,ok,
year,cadillac,cadillac/escalade,2023,https://www.carcomplaints.com/Cadillac/Escalade/2023/,200,38185,eba17eb106652d6182643a51de10a8815067b50a1c887130c0049ef602b39297,2026-10-02T11:50:11+00:00,carcomplaints/cadillac/Escalade/2023.html.gz,ok,
make,jeep,,,https://www.carcomplaints.com/Jeep/,200,31036,6cbbcb4370f09533bdcbcad84a6ad9f7f9558be6e0bfdfec314ebe92029189cc,2026-10-02T11:50:16+00:00,carcomplaints/jeep/_make.html.gz,ok,
model,jeep,jeep/grand-cherokee,,https://www.carcomplaints.com/Jeep/Grand_Cherokee/,200,36611,8ff801fdd16b391ac4a7d16eb1e893d4e1842b555168b2d8fdc852aaaf53da69,2026-10-02T11:50:20+00:00,carcomplaints/jeep/Grand_Cherokee/_model.html.gz,ok,
year,jeep,jeep/grand-cherokee,2014,https://www.carcomplaints.com/Jeep/Grand_Cherokee/2014/,200,44615,b5c57beb41d653a435816e6a23e15f8e27feb5bd50edf4b34cdcc1563d589ac3,2026-10-02T11:50:24+00:00,carcomplaints/jeep/Grand_Cherokee/2014.html.gz,ok,
year,jeep,jeep/grand-cherokee,2015,https://www.carcomplaints.com/Jeep/Grand_Cherokee/2015/,200,46331,faa89001795dbef51d80cdd02437322988e97eca83300bfa03caa4f805556c52,2026-10-02T11:50:31+00:00,carcomplaints/jeep/Grand_Cherokee/2015.html.gz,ok,
year,jeep,jeep/grand-cherokee,2016,https://www.carcomplaints.com/Jeep/Grand_Cherokee/2016/,200,44299,3a30634fd501ea597e38dc148dd076fcde5d270d584e3932fe347e112d997f8a,2026-10-02T11:50:37+00:00,carcomplaints/jeep/Grand_Cherokee/2016.html.gz,ok,
year,jeep,jeep/grand-cherokee,2017,https://www.carcomplaints.com/Jeep/Grand_Cherokee/2017/,200,44895,57225e98ca3b56e3dcef4c24f2d9bceb31cc1071c7c696e35c38e05f53b18ca4,2026-10-02T11:50:43+00:00,carcomplaints/jeep/Grand_Cherokee/2017.html.gz,ok,
year,jeep,jeep/grand-cherokee,2018,https://www.carcomplaints.com/Jeep/Grand_Cherokee/2018/,200,44719,201d5228096bbfeae528ac78811542076bf3b3b5b8e63983124dd22df54405b0,2026-10-02T11:50:47+00:00,carcomplaints/jeep/Grand_Cherokee/2018.html.gz,ok,
year,jeep,jeep/grand-cherokee,2019,https://www.carcomplaints.com/Jeep/Grand_Cherokee/2019/,200,45119,70224be010df0d5148cfd920a0975a4be90bea858343ffe701759e76a72514eb,2026-10-02T11:50:53+00:00,carcomplaints/jeep/Grand_Cherokee/2019.html.gz,ok,
year,jeep,jeep/grand-cherokee,2020,https://www.carcomplaints.com/Jeep/Grand_Cherokee/2020/,200,43922,2022b5bdf8803b9c04963ba1f15fa288d2707bbaece2f12ee80e97ea1688ddc2,2026-10-02T11:50:58+00:00,carcomplaints/jeep/Grand_Cherokee/2020.html.gz,ok,
year,jeep,jeep/grand-cherokee,2021,https://www.carcomplaints.com/Jeep/Grand_Cherokee/2021/,200,45291,27b4873203d18bfd70d5a776a0a92664abbac916b98f3c3ed85542f017ca8651,2026-10-02T11:51:04+00:00,carcomplaints/jeep/Grand_Cherokee/2021.html.gz,ok,
year,jeep,jeep/grand-cherokee,2022,https://www.carcomplaints.com/Jeep/Grand_Cherokee/2022/,200,44938,902158714067fa199ad483c5264f765aa0098e445be8afbcb916812fff918b3a,2026-10-02T11:51:11+00:00,carcomplaints/jeep/Grand_Cherokee/2022.html.gz,ok,
year,jeep,jeep/grand-cherokee,2023,https://www.carcomplaints.com/Jeep/Grand_Cherokee/2023/,200,44019,b430bec0462a9528e96f0cde40fc1c71d82dc47566344fbe12f5d2c8f7f450d2,2026-10-02T11:51:15+00:00,carcomplaints/jeep/Grand_Cherokee/2023.html.gz,ok,
year,jeep,jeep/grand-cherokee,2024,https://www.carcomplaints.com/Jeep/Grand_Cherokee/2024/,200,37042,003119d181cae72c51aa7b4b73dac827537d21c42611b291389f1664fc71e117,2026-10-02T11:51:20+00:00,carcomplaints/jeep/Grand_Cherokee/2024.html.gz,ok,
year,jeep,jeep/grand-cherokee,2025,https://www.carcomplaints.com/Jeep/Grand_Cherokee/2025/,200,36021,d98cee1c8cfc85571caeed1bd8ec0c59c8b2731025444c48708f26b0f79a1015,2026-10-02T11:51:24+00:00,carcomplaints/jeep/Grand_Cherokee/2025.html.gz,ok,
year,jeep,jeep/grand-cherokee,2026,https://www.carcomplaints.com/Jeep/Grand_Cherokee/2026/,200,37010,245fb01346a55a710b42e3e3d4c8f1f882067ca1b4ce1ae2eb07fb27123a6b58,2026-10-02T11:51:30+00:00,carcomplaints/jeep/Grand_Cherokee/2026.html.gz,ok,
model,jeep,jeep/cherokee,,https://www.carcomplaints.com/Jeep/Cherokee/,200,34901,27886393822173ee5fd67578ad139b965ca87f4ec2c5dc31d123a896c96728f1,2026-10-02T11:51:35+00:00,carcomplaints/jeep/Cherokee/_model.html.gz,ok,
year,jeep,jeep/cherokee,2014,https://www.carcomplaints.com/Jeep/Cherokee/2014/,200,45561,7212027e68c4227b42bf008ca78396c143cc5a8c07e2b1c431c8c10ac86f61b8,2026-10-02T11:51:40+00:00,carcomplaints/jeep/Cherokee/2014.html.gz,ok,
year,jeep,jeep/cherokee,2015,https://www.carcomplaints.com/Jeep/Cherokee/2015/,200,45628,0d1da28b55dc04482f9b4f43d24d37821f4f83b84dd010933b19e4f72cd4c815,2026-10-02T11:51:47+00:00,carcomplaints/jeep/Cherokee/2015.html.gz,ok,
year,jeep,jeep/cherokee,2016,https://www.carcomplaints.com/Jeep/Cherokee/2016/,200,43571,cd776899698e7d696c2394b307c8064c0cfbdbc00d11ec6cae93a186357b3888,2026-10-02T11:51:51+00:00,carcomplaints/jeep/Cherokee/2016.html.gz,ok,
year,jeep,jeep/cherokee,2017,https://www.carcomplaints.com/Jeep/Cherokee/2017/,200,43330,0659c9b5016548bd67837889a053fef321cc61cb0abab3503dc6fa267d05a1a1,2026-10-02T11:51:55+00:00,carcomplaints/jeep/Cherokee/2017.html.gz,ok,
year,jeep,jeep/cherokee,2018,https://www.carcomplaints.com/Jeep/Cherokee/2018/,200,43194,ecd1b3ebea4ad9ff682c2ce655663d3a2080b029534fbc493b9ce194e20c17e5,2026-10-02T11:52:00+00:00,carcomplaints/jeep/Cherokee/2018.html.gz,ok,
year,jeep,jeep/cherokee,2019,https://www.carcomplaints.com/Jeep/Cherokee/2019/,200,45267,b9ed77f53f39c23f382781ec26010f7697567850f8076940c0c6974e8c0e254e,2026-10-02T11:52:05+00:00,carcomplaints/jeep/Cherokee/2019.html.gz,ok,
year,jeep,jeep/cherokee,2020,https://www.carcomplaints.com/Jeep/Cherokee/2020/,200,44309,6cc6ed0e35183dd21741b16dac525502331b3a43a6a7a310b27ce72b461c2d37,2026-10-02T11:52:10+00:00,carcomplaints/jeep/Cherokee/2020.html.gz,ok,
year,jeep,jeep/cherokee,2021,https://www.carcomplaints.com/Jeep/Cherokee/2021/,200,42281,f8ce12b7f4f8b6224d8a29f479e1df5aec8bae6df8520f133ab37dbddce084d5,2026-10-02T11:52:15+00:00,carcomplaints/jeep/Cherokee/2021.html.gz,ok,
year,jeep,jeep/cherokee,2022,https://www.carcomplaints.com/Jeep/Cherokee/2022/,200,38438,4611b9b8bfada449aab74f78d06bfda87df382bd6e5dd5324e0ba8fad9ba889c,2026-10-02T11:52:19+00:00,carcomplaints/jeep/Cherokee/2022.html.gz,ok,
year,jeep,jeep/cherokee,2023,https://www.carcomplaints.com/Jeep/Cherokee/2023/,200,36610,dfc97c5dc70185aa2d3a20ac922a9f38d1ff2c5977e49ae1c3a0871be6756d32,2026-10-02T11:52:23+00:00,carcomplaints/jeep/Cherokee/2023.html.gz,ok,
year,jeep,jeep/cherokee,2024,https://www.carcomplaints.com/Jeep/Cherokee/2024/,200,36126,0925cb1560e699898f64cf454af781ebf031041da4da3a14698e8901205be196,2026-10-02T11:52:27+00:00,carcomplaints/jeep/Cherokee/2024.html.gz,ok,
year,jeep,jeep/cherokee,2025,https://www.carcomplaints.com/Jeep/Cherokee/2025/,200,35929,ed2d118a4d72101e7ed8149f60e9c62276d5b9ef544dc5f40cc18dc862c15b65,2026-10-02T11:52:31+00:00,carcomplaints/jeep/Cherokee/2025.html.gz,ok,
model,jeep,jeep/compass,,https://www.carcomplaints.com/Jeep/Compass/,200,31207,5382d5c95f52e1613fff7260c93affcdb15005045bd3bce7130216fb66b00710,2026-10-02T11:52:35+00:00,carcomplaints/jeep/Compass/_model.html.gz,ok,
year,jeep,jeep/compass,2014,https://www.carcomplaints.com/Jeep/Compass/2014/,200,42195,3ad921337f042167e1ebf05a34901691d3b0d407ed66aa0067e3250d5fbc8c89,2026-10-02T11:52:42+00:00,carcomplaints/jeep/Compass/2014.html.gz,ok,
year,jeep,jeep/compass,2015,https://www.carcomplaints.com/Jeep/Compass/2015/,200,42741,3eb35ed9ac88b140767c285768bc609492f6edca223e4ec7dae9015168dbb0a3,2026-10-02T11:52:46+00:00,carcomplaints/jeep/Compass/2015.html.gz,ok,
year,jeep,jeep/compass,2016,https://www.carcomplaints.com/Jeep/Compass/2016/,200,42659,ea9a91d06e7dc38874a703e36405ef63d6927da62769dd734ed190dd779d0982,2026-10-02T11:52:53+00:00,carcomplaints/jeep/Compass/2016.html.gz,ok,
year,jeep,jeep/compass,2017,https://www.carcomplaints.com/Jeep/Compass/2017/,200,43010,2a9a9cdb8b47b1258f32693592ab1352b684d719f5d702be8b5b2b8a43a513c5,2026-10-02T11:52:57+00:00,carcomplaints/jeep/Compass/2017.html.gz,ok,
year,jeep,jeep/compass,2018,https://www.carcomplaints.com/Jeep/Compass/2018/,200,41837,b693274d629a42ba3be73852652fe3cdffcf6ee2e293998e450183b1f2e8c108,2026-10-02T11:53:04+00:00,carcomplaints/jeep/Compass/2018.html.gz,ok,
year,jeep,jeep/compass,2019,https://www.carcomplaints.com/Jeep/Compass/2019/,200,42491,03f6211320715b01f6640a4c2ebc17ac41200da004876cfa0659dc2fbdc45187,2026-10-02T11:53:09+00:00,carcomplaints/jeep/Compass/2019.html.gz,ok,
year,jeep,jeep/compass,2020,https://www.carcomplaints.com/Jeep/Compass/2020/,200,42147,bf05b5c2a04c3f10cd57f0561e8358ed3c8e47aa66adb6d54cb2248bd144d6d8,2026-10-02T11:53:12+00:00,carcomplaints/jeep/Compass/2020.html.gz,ok,
year,jeep,jeep/compass,2021,https://www.carcomplaints.com/Jeep/Compass/2021/,200,39032,9a1f56cd753b0c219886da8acc7296e50185ef33c3e192b760d749ebe47aeeac,2026-10-02T11:53:18+00:00,carcomplaints/jeep/Compass/2021.html.gz,ok,
year,jeep,jeep/compass,2022,https://www.carcomplaints.com/Jeep/Compass/2022/,200,43141,befecb1b8079ccaa79d37330401803b988c77d10627ecc05f47952eee9ceead3,2026-10-02T11:53:25+00:00,carcomplaints/jeep/Compass/2022.html.gz,ok,
year,jeep,jeep/compass,2023,https://www.carcomplaints.com/Jeep/Compass/2023/,200,40246,864ff141d21020e51392250f7221314cf59057118d4c0033f54b185a46338991,2026-10-02T11:53:31+00:00,carcomplaints/jeep/Compass/2023.html.gz,ok,
make,audi,,,https://www.carcomplaints.com/Audi/,200,34624,225605093e3c9b2da9e9efff36ee692614f54634d2ac4905655572bce073277f,2026-10-02T11:53:37+00:00,carcomplaints/audi/_make.html.gz,ok,
model,audi,audi/a3,,https://www.carcomplaints.com/Audi/A3/,200,33780,acaf57ef2e5409f6ed9497fc98e4dad2e9cdcfe65bcdcd4ea5ebb45c14db7d38,2026-10-02T11:53:41+00:00,carcomplaints/audi/A3/_model.html.gz,ok,
year,audi,audi/a3,2015,https://www.carcomplaints.com/Audi/A3/2015/,200,42403,793db8aab2a742e0051d8ad9377cf45534e13e0b1abedf9ccb4cd469764e8152,2026-10-02T11:53:48+00:00,carcomplaints/audi/A3/2015.html.gz,ok,
year,audi,audi/a3,2016,https://www.carcomplaints.com/Audi/A3/2016/,200,40294,af1b23d15050a7caa625029929b4817ba88815ebb1f5846d9ccc51d73877f1ee,2026-10-02T11:53:52+00:00,carcomplaints/audi/A3/2016.html.gz,ok,
year,audi,audi/a3,2017,https://www.carcomplaints.com/Audi/A3/2017/,200,35910,fb49a0f69596356fa97b0b3d709aa11d5fa24a3caca4eb445a013ca468a65df8,2026-10-02T11:53:59+00:00,carcomplaints/audi/A3/2017.html.gz,ok,
year,audi,audi/a3,2018,https://www.carcomplaints.com/Audi/A3/2018/,200,37070,38d483553ce05af1f003631e724430d860931f610400dd1cb9843997c069c827,2026-10-02T11:54:03+00:00,carcomplaints/audi/A3/2018.html.gz,ok,
year,audi,audi/a3,2019,https://www.carcomplaints.com/Audi/A3/2019/,200,37704,b8f4851d91ad517a8813955e1b58996e4dc56d520296128d0914cf598cc8f591,2026-10-02T11:54:07+00:00,carcomplaints/audi/A3/2019.html.gz,ok,
year,audi,audi/a3,2020,https://www.carcomplaints.com/Audi/A3/2020/,200,36043,b9cfa9c85e4af0ac8a79214f81eaeb7192c149d5657dac3fb0b0d7b7ebebdbda,2026-10-02T11:54:13+00:00,carcomplaints/audi/A3/2020.html.gz,ok,
year,audi,audi/a3,2021,https://www.carcomplaints.com/Audi/A3/2021/,200,33251,73dae6ddae72411b70a53c74abc692808af662e00998b3bb0d10dadbf9237141,2026-10-02T11:54:18+00:00,carcomplaints/audi/A3/2021.html.gz,ok,
year,audi,audi/a3,2022,https://www.carcomplaints.com/Audi/A3/2022/,200,35779,5b0f01d041b39251b0a2bd29989b37b5c1228ee597d1ad5dca2509dbea689802,2026-10-02T11:54:22+00:00,carcomplaints/audi/A3/2022.html.gz,ok,
year,audi,audi/a3,2023,https://www.carcomplaints.com/Audi/A3/2023/,200,35260,29da22dc45f3366e81685d2a8652f37518708ee1c8a31d3008ebb7f5efe13b92,2026-10-02T11:54:27+00:00,carcomplaints/audi/A3/2023.html.gz,ok,
model,audi,audi/a4,,https://www.carcomplaints.com/Audi/A4/,200,33679,1b7bf8cb92fed8d556d83b870306001966e73eb1a13c71399ddb7bf75e92b466,2026-10-02T11:54:31+00:00,carcomplaints/audi/A4/_model.html.gz,ok,
year,audi,audi/a4,2014,https://www.carcomplaints.com/Audi/A4/2014/,200,40596,47b0a9886c725207188db72bf1b3e3c9c75cfcf699c65732cc73c17a4c0e313c,2026-10-02T11:54:38+00:00,carcomplaints/audi/A4/2014.html.gz,ok,
year,audi,audi/a4,2015,https://www.carcomplaints.com/Audi/A4/2015/,200,38828,3c65320973ec191cbd88c7886b12cdbcb20eaf0c2303bc7641d6ffc84d916548,2026-10-02T11:54:45+00:00,carcomplaints/audi/A4/2015.html.gz,ok,
year,audi,audi/a4,2016,https://www.carcomplaints.com/Audi/A4/2016/,200,38701,37396f96ed51fe3f1a67816df096af16fdf8ac55ae22bacee970fee011194d69,2026-10-02T11:54:48+00:00,carcomplaints/audi/A4/2016.html.gz,ok,
year,audi,audi/a4,2017,https://www.carcomplaints.com/Audi/A4/2017/,200,41681,fee29620d9240b98574bbfa1ee8e07e7bff63f98c9560eabe88ffd812a9397ae,2026-10-02T11:54:52+00:00,carcomplaints/audi/A4/2017.html.gz,ok,
year,audi,audi/a4,2018,https://www.carcomplaints.com/Audi/A4/2018/,200,37535,fc93ba3162501ec050e91388b9b245155960f12899b7466875578dcfb7d63ba9,2026-10-02T11:54:56+00:00,carcomplaints/audi/A4/2018.html.gz,ok,
year,audi,audi/a4,2019,https://www.carcomplaints.com/Audi/A4/2019/,200,35721,35949e63fbc5a56cd67aafaadd1e6cfe349e0cac78140d163cf0c30a65ed100e,2026-10-02T11:55:00+00:00,carcomplaints/audi/A4/2019.html.gz,ok,
year,audi,audi/a4,2020,https://www.carcomplaints.com/Audi/A4/2020/,200,36330,d2051a6fa3f420bb7eaaefe6f84e1fc29a103eb09fb43be377fa8766ef5d55b7,2026-10-02T11:55:05+00:00,carcomplaints/audi/A4/2020.html.gz,ok,
year,audi,audi/a4,2021,https://www.carcomplaints.com/Audi/A4/2021/,200,36864,01935acc91c46fb7e6e74fff9f78f1c446f5212865e93269cc3370d99f9b6605,2026-10-02T11:55:08+00:00,carcomplaints/audi/A4/2021.html.gz,ok,
year,audi,audi/a4,2022,https://www.carcomplaints.com/Audi/A4/2022/,200,34062,7ada4a3f32347fae1d7ab3bf509058f1dca63bb6f653db19c1427245656cf44e,2026-10-02T11:55:13+00:00,carcomplaints/audi/A4/2022.html.gz,ok,
year,audi,audi/a4,2023,https://www.carcomplaints.com/Audi/A4/2023/,200,33893,3860324a49c1e4caff2c0cc9293bcbde5d10d6d29eaba17d8091432602289db1,2026-10-02T11:55:19+00:00,carcomplaints/audi/A4/2023.html.gz,ok,
model,audi,audi/a5,,https://www.carcomplaints.com/Audi/A5/,200,32031,1273863a0d62f6735c314add8cf9e5860412b4c560a04de8b96a25d89e5cd19d,2026-10-02T11:55:24+00:00,carcomplaints/audi/A5/_model.html.gz,ok,
year,audi,audi/a5,2014,https://www.carcomplaints.com/Audi/A5/2014/,200,37966,94401665d7e43363467dd928f38b7a6fc5e35793a2d20ba28be3ca1205ac0121,2026-10-02T11:55:29+00:00,carcomplaints/audi/A5/2014.html.gz,ok,
year,audi,audi/a5,2015,https://www.carcomplaints.com/Audi/A5/2015/,200,37751,e62e3635eb7538fa3f7a485bf5eff636b36ddeb0a5a582f0da63ff05cfd11994,2026-10-02T11:55:35+00:00,carcomplaints/audi/A5/2015.html.gz,ok,
year,audi,audi/a5,2016,https://www.carcomplaints.com/Audi/A5/2016/,200,35909,ea31b060a7f936235d50cb3bbb8b0377755ad26e726e372dfdf4cd8265091379,2026-10-02T11:55:41+00:00,carcomplaints/audi/A5/2016.html.gz,ok,
year,audi,audi/a5,2017,https://www.carcomplaints.com/Audi/A5/2017/,200,32899,36dcb54548aac1cc76793317add24a0bfc6014bd1aad800078a99ff18453a6c9,2026-10-02T11:55:46+00:00,carcomplaints/audi/A5/2017.html.gz,ok,
year,audi,audi/a5,2018,https://www.carcomplaints.com/Audi/A5/2018/,200,40349,ace68279785b4ff3ce3494445bbe2451f3b95fb3bbf0cc8abeee474ae4498ae5,2026-10-02T11:55:52+00:00,carcomplaints/audi/A5/2018.html.gz,ok,
year,audi,audi/a5,2019,https://www.carcomplaints.com/Audi/A5/2019/,200,35985,df59c064f453778d4edc8601ea71e77e2dce7cc927c8959a5dd0ad2a3c33930e,2026-10-02T11:55:58+00:00,carcomplaints/audi/A5/2019.html.gz,ok,
year,audi,audi/a5,2020,https://www.carcomplaints.com/Audi/A5/2020/,200,35254,b8519300919f94025204a745b56674c62b57fef5934a5f818872a1f2d372b3d9,2026-10-02T11:56:04+00:00,carcomplaints/audi/A5/2020.html.gz,ok,
year,audi,audi/a5,2021,https://www.carcomplaints.com/Audi/A5/2021/,200,34243,c3dc112f4d0dc65fcd4260b7a0b423a29e364c56f9b2211a88f6b9dc024b05c9,2026-10-02T11:56:10+00:00,carcomplaints/audi/A5/2021.html.gz,ok,
year,audi,audi/a5,2022,https://www.carcomplaints.com/Audi/A5/2022/,200,33876,448d5832a40686edf07563383b93469d5abd5bb849fd49e747996e03ecba2fa5,2026-10-02T11:56:14+00:00,carcomplaints/audi/A5/2022.html.gz,ok,
year,audi,audi/a5,2023,https://www.carcomplaints.com/Audi/A5/2023/,200,32544,14dcbcd93994f276eac7d1a2c9053cfc64949471059fa1e8a98f91b66507486e,2026-10-02T11:56:18+00:00,carcomplaints/audi/A5/2023.html.gz,ok,
model,audi,audi/a6,,https://www.carcomplaints.com/Audi/A6/,200,34354,0fbcfc4bed0e6da164f4816a8f573c817f3e3c3c25fb64d33896edd52dbedfb1,2026-10-02T11:56:22+00:00,carcomplaints/audi/A6/_model.html.gz,ok,
year,audi,audi/a6,2014,https://www.carcomplaints.com/Audi/A6/2014/,200,40092,faa7e821543cf6a266305c9d0129a9c67a439d49d2014d7034eec0615f4cb9dd,2026-10-02T11:56:27+00:00,carcomplaints/audi/A6/2014.html.gz,ok,
year,audi,audi/a6,2015,https://www.carcomplaints.com/Audi/A6/2015/,200,40837,91cd2efe91a3aaa4db7f88c7ca9600037a36f9936be5b9d4ac1c4b84642ba3e4,2026-10-02T11:56:34+00:00,carcomplaints/audi/A6/2015.html.gz,ok,
year,audi,audi/a6,2016,https://www.carcomplaints.com/Audi/A6/2016/,200,41807,8f8b3f1d1f481446c993c73cd2229fe4cefc17d9e3fcbdb92def58c46d8efd06,2026-10-02T11:56:38+00:00,carcomplaints/audi/A6/2016.html.gz,ok,
year,audi,audi/a6,2017,https://www.carcomplaints.com/Audi/A6/2017/,200,34690,97590b7b016b81b980b318495dc53a504cd21887f67371cdb94038754849e1ae,2026-10-02T11:56:44+00:00,carcomplaints/audi/A6/2017.html.gz,ok,
year,audi,audi/a6,2018,https://www.carcomplaints.com/Audi/A6/2018/,200,35971,c4610be611524f141233a736ee2f125e7fa2bd5df39e2ddc46b10a86e77caf1f,2026-10-02T11:56:48+00:00,carcomplaints/audi/A6/2018.html.gz,ok,
year,audi,audi/a6,2019,https://www.carcomplaints.com/Audi/A6/2019/,200,41489,8ce878e0f34aa4b14805249760d0b1cefc2bb3cdd73a9f57f85db1421ee69a46,2026-10-02T11:56:52+00:00,carcomplaints/audi/A6/2019.html.gz,ok,
year,audi,audi/a6,2020,https://www.carcomplaints.com/Audi/A6/2020/,200,36699,21a5e39b5ba3f097b38a36ae69720b2a457a9ced59245038068d8111086c2615,2026-10-02T11:56:58+00:00,carcomplaints/audi/A6/2020.html.gz,ok,
year,audi,audi/a6,2021,https://www.carcomplaints.com/Audi/A6/2021/,200,35922,61e0b48d474970b61929cc61e0a0fd1ea19bef5a17c8533b678e7f30f394dad8,2026-10-02T11:57:02+00:00,carcomplaints/audi/A6/2021.html.gz,ok,
year,audi,audi/a6,2022,https://www.carcomplaints.com/Audi/A6/2022/,200,33794,ee1a8cd798c0e7e85cdf4d174cf0722396247a3eb82f588f94b0516ee8b0ba50,2026-10-02T11:57:07+00:00,carcomplaints/audi/A6/2022.html.gz,ok,
year,audi,audi/a6,2023,https://www.carcomplaints.com/Audi/A6/2023/,200,34586,a9fbc102120cd41857b244d240cf56d2c0b536db9e9988547efc9ce8eb2d7911,2026-10-02T11:57:14+00:00,carcomplaints/audi/A6/2023.html.gz,ok,
model,audi,audi/q3,,https://www.carcomplaints.com/Audi/Q3/,200,29910,5d6217e71cb9e9690a852949e57b3b7b8b6c12ce91ef12067a6af47e779246cb,2026-10-02T11:57:19+00:00,carcomplaints/audi/Q3/_model.html.gz,ok,
year,audi,audi/q3,2015,https://www.carcomplaints.com/Audi/Q3/2015/,200,39784,f128e5323c1fff393f98fa008a25b3fd9770f5b673dbb6f70b9ce5840e30d922,2026-10-02T11:57:23+00:00,carcomplaints/audi/Q3/2015.html.gz,ok,
year,audi,audi/q3,2016,https://www.carcomplaints.com/Audi/Q3/2016/,200,39480,a94b2c0290a7ffcb857b72f9f15374b91b7b522724bf2581d9b012a7ae81cee8,2026-10-02T11:57:27+00:00,carcomplaints/audi/Q3/2016.html.gz,ok,
year,audi,audi/q3,2017,https://www.carcomplaints.com/Audi/Q3/2017/,200,34045,663dfa3d3c799243eb73dd6b5dcc04d706bb3b445adadc7f6d66bea85c2cb9f5,2026-10-02T11:57:31+00:00,carcomplaints/audi/Q3/2017.html.gz,ok,
year,audi,audi/q3,2018,https://www.carcomplaints.com/Audi/Q3/2018/,200,36673,11887e0035a8bf20e715175c81a3a5eb55b8770c68791b0bf56a5c9974945486,2026-10-02T11:57:35+00:00,carcomplaints/audi/Q3/2018.html.gz,ok,
year,audi,audi/q3,2019,https://www.carcomplaints.com/Audi/Q3/2019/,200,35776,add7231627f1b4253035e653685de5ba1800e44f09954fbdc50bf5812b36677c,2026-10-02T11:57:39+00:00,carcomplaints/audi/Q3/2019.html.gz,ok,
year,audi,audi/q3,2020,https://www.carcomplaints.com/Audi/Q3/2020/,200,37574,82e4169e12f9ba3171b1d500468a6a37d48da625f7275e8178426a2c96df14fc,2026-10-02T11:57:45+00:00,carcomplaints/audi/Q3/2020.html.gz,ok,
year,audi,audi/q3,2021,https://www.carcomplaints.com/Audi/Q3/2021/,200,39017,b5f08ea603aa0bed87ab894763325d7d6328b3385b7c7bc6b6af222633c8003d,2026-10-02T11:57:49+00:00,carcomplaints/audi/Q3/2021.html.gz,ok,
year,audi,audi/q3,2022,https://www.carcomplaints.com/Audi/Q3/2022/,200,37377,3334677d6a1a8aaa0b842c95f224655229db3e6950e6849a9f07d9f6fc5808a0,2026-10-02T11:57:56+00:00,carcomplaints/audi/Q3/2022.html.gz,ok,
model,audi,audi/q5,,https://www.carcomplaints.com/Audi/Q5/,200,31150,0fc6118f3bb9b92b016f0fba182f72baf43ead5eeb55fdbfd4ef9878e9add9f0,2026-10-02T11:58:01+00:00,carcomplaints/audi/Q5/_model.html.gz,ok,
year,audi,audi/q5,2014,https://www.carcomplaints.com/Audi/Q5/2014/,200,41542,99e1f43c573adbaa9261a9383c3592684e14ec125f3955f9630ebcf681b6b579,2026-10-02T11:58:05+00:00,carcomplaints/audi/Q5/2014.html.gz,ok,
year,audi,audi/q5,2015,https://www.carcomplaints.com/Audi/Q5/2015/,200,41785,b4cfe56cebd7851b101ba38cfc0931702eaf78964cd48cb91bc7cbb7bcee675d,2026-10-02T11:58:10+00:00,carcomplaints/audi/Q5/2015.html.gz,ok,
year,audi,audi/q5,2016,https://www.carcomplaints.com/Audi/Q5/2016/,200,40826,e8cce8143e12c2f55aeb30edea76ab4033b82cf08ce946ac7a3f3c07fd0c68ed,2026-10-02T11:58:17+00:00,carcomplaints/audi/Q5/2016.html.gz,ok,
year,audi,audi/q5,2017,https://www.carcomplaints.com/Audi/Q5/2017/,200,37657,2c9610eba7bb21c6e3a3e3c78f272f62fca5b54315483bd917bff1e09fade7d2,2026-10-02T11:58:24+00:00,carcomplaints/audi/Q5/2017.html.gz,ok,
year,audi,audi/q5,2018,https://www.carcomplaints.com/Audi/Q5/2018/,200,40309,2a5dd045f9ce75039d72bb8e55f2143e572f84f450cb619e0fa238825b82821e,2026-10-02T11:58:29+00:00,carcomplaints/audi/Q5/2018.html.gz,ok,
year,audi,audi/q5,2019,https://www.carcomplaints.com/Audi/Q5/2019/,200,39297,6350c7343728230fe4bc8ddd5918d5c9fb6545d801bfaf0610ae653c7522002d,2026-10-02T11:58:33+00:00,carcomplaints/audi/Q5/2019.html.gz,ok,
year,audi,audi/q5,2020,https://www.carcomplaints.com/Audi/Q5/2020/,200,38738,a252062d79115d9e217ac628e5590500f73a7f4f81a85c2b88158b691fce22ff,2026-10-02T11:58:39+00:00,carcomplaints/audi/Q5/2020.html.gz,ok,
year,audi,audi/q5,2021,https://www.carcomplaints.com/Audi/Q5/2021/,200,38311,c4ebe36153b0b2296addfd34677d83c15b6c774020b82c1bd863763882b28c45,2026-10-02T11:58:46+00:00,carcomplaints/audi/Q5/2021.html.gz,ok,
model,audi,audi/q7,,https://www.carcomplaints.com/Audi/Q7/,200,32084,9b3fa95fc7a2db81dce0910798d7e769910160d396ed46a306a302553c7f1317,2026-10-02T11:58:51+00:00,carcomplaints/audi/Q7/_model.html.gz,ok,
year,audi,audi/q7,2014,https://www.carcomplaints.com/Audi/Q7/2014/,200,40439,f49f3408077bf8fa300ca32f2aa93311670e5f5d998d6712374a80aca5511582,2026-10-02T11:58:55+00:00,carcomplaints/audi/Q7/2014.html.gz,ok,
year,audi,audi/q7,2015,https://www.carcomplaints.com/Audi/Q7/2015/,200,40505,6d11186e0506a48c6921a33e0a0c552531b6d1e305a17419373eeec25eb56fa3,2026-10-02T11:59:00+00:00,carcomplaints/audi/Q7/2015.html.gz,ok,
year,audi,audi/q7,2016,https://www.carcomplaints.com/Audi/Q7/2016/,200,33461,31f0577e8684fbdb7395fa9a5adac348b01452cda31c62def8faf407ed1c7376,2026-10-02T11:59:07+00:00,carcomplaints/audi/Q7/2016.html.gz,ok,
year,audi,audi/q7,2017,https://www.carcomplaints.com/Audi/Q7/2017/,200,41446,bcd865e6e3d451339c1efbc2fb55d9aef6b890ab822d3d28ecd0a2445761f5a9,2026-10-02T11:59:14+00:00,carcomplaints/audi/Q7/2017.html.gz,ok,
year,audi,audi/q7,2018,https://www.carcomplaints.com/Audi/Q7/2018/,200,40527,5b17d5355c33645453edcb83482510aba494986469e5afd233e3db8a737f6fed,2026-10-02T11:59:21+00:00,carcomplaints/audi/Q7/2018.html.gz,ok,
year,audi,audi/q7,2019,https://www.carcomplaints.com/Audi/Q7/2019/,200,40969,1fff8351af1ec12c678898a923666dbc0264a7c2fcf9dc35e14df142d3295be9,2026-10-02T11:59:25+00:00,carcomplaints/audi/Q7/2019.html.gz,ok,
year,audi,audi/q7,2020,https://www.carcomplaints.com/Audi/Q7/2020/,200,36126,090b3bb2dc253cc08885012731aed1897c38eaf94bad0731593affafdec91357,2026-10-02T11:59:28+00:00,carcomplaints/audi/Q7/2020.html.gz,ok,
year,audi,audi/q7,2021,https://www.carcomplaints.com/Audi/Q7/2021/,200,38438,fe9743f5962f6d3e092f61a02d0b24d9cc4ecb649867b1052fc73285de390ef1,2026-10-02T11:59:35+00:00,carcomplaints/audi/Q7/2021.html.gz,ok,
year,audi,audi/q7,2025,https://www.carcomplaints.com/Audi/Q7/2025/,200,35021,bde27a571cebba9c0c37386c8a1a09c92362a5c986d696ef8926b4c4b80633c6,2026-10-02T11:59:40+00:00,carcomplaints/audi/Q7/2025.html.gz,ok,
make,volkswagen,,,https://www.carcomplaints.com/Volkswagen/,200,39122,14f3c6a517d0cb51b8d5caf4deb1a8191caa7c73089a5f5b33937bfef587174c,2026-10-02T11:59:44+00:00,carcomplaints/volkswagen/_make.html.gz,ok,
model,volkswagen,volkswagen/jetta,,https://www.carcomplaints.com/Volkswagen/Jetta/,200,38327,7fa69d5627b5a382ce0f39b0356dadc8bd3b4d2bda7953205d721a4bfe277ced,2026-10-02T11:59:48+00:00,carcomplaints/volkswagen/Jetta/_model.html.gz,ok,
year,volkswagen,volkswagen/jetta,2014,https://www.carcomplaints.com/Volkswagen/Jetta/2014/,200,46090,0f9adf6457bab86447ece765b538fd457f6e20b7babceca688409c796801d026,2026-10-02T11:59:54+00:00,carcomplaints/volkswagen/Jetta/2014.html.gz,ok,
year,volkswagen,volkswagen/jetta,2015,https://www.carcomplaints.com/Volkswagen/Jetta/2015/,200,42888,1e143467be740a454af7d39db354027b996d280e1c69e76174968533ccacc9e1,2026-10-02T11:59:59+00:00,carcomplaints/volkswagen/Jetta/2015.html.gz,ok,
year,volkswagen,volkswagen/jetta,2016,https://www.carcomplaints.com/Volkswagen/Jetta/2016/,200,44945,a6a5c61c77d42c4950dae0e3ab2aac02126f048140d160dc6ff3994a6bde38a2,2026-10-02T12:00:05+00:00,carcomplaints/volkswagen/Jetta/2016.html.gz,ok,
year,volkswagen,volkswagen/jetta,2017,https://www.carcomplaints.com/Volkswagen/Jetta/2017/,200,45405,34bc665cad9a4375cec2f0a4ba7fd454feb04c00511eb9df1ae5832310c11d38,2026-10-02T12:00:11+00:00,carcomplaints/volkswagen/Jetta/2017.html.gz,ok,
year,volkswagen,volkswagen/jetta,2018,https://www.carcomplaints.com/Volkswagen/Jetta/2018/,200,41432,a2d540c7a42f8a872b81e2dc76664cd9796c6819d3882da86a1291ee171fd72f,2026-10-02T12:00:16+00:00,carcomplaints/volkswagen/Jetta/2018.html.gz,ok,
year,volkswagen,volkswagen/jetta,2019,https://www.carcomplaints.com/Volkswagen/Jetta/2019/,200,42477,08b10cd922a23a7b89175db28c3c4d09ce1351859bfaf92826db4d101621a9cd,2026-10-02T12:00:22+00:00,carcomplaints/volkswagen/Jetta/2019.html.gz,ok,
year,volkswagen,volkswagen/jetta,2020,https://www.carcomplaints.com/Volkswagen/Jetta/2020/,200,45051,591ce7c35209246dee78759c3055c5369698714da6ede30e90506f941a541d20,2026-10-02T12:00:28+00:00,carcomplaints/volkswagen/Jetta/2020.html.gz,ok,
year,volkswagen,volkswagen/jetta,2021,https://www.carcomplaints.com/Volkswagen/Jetta/2021/,200,43271,ffd2a54a691320cdeb5572255003101a884b52410c4b31d44003200556b5d10d,2026-10-02T12:00:33+00:00,carcomplaints/volkswagen/Jetta/2021.html.gz,ok,
model,volkswagen,volkswagen/passat,,https://www.carcomplaints.com/Volkswagen/Passat/,200,40613,ea54ee145c55595226cc7779a27628bcc7733a0e3b8c919a3a87053179971329,2026-10-02T12:00:37+00:00,carcomplaints/volkswagen/Passat/_model.html.gz,ok,
year,volkswagen,volkswagen/passat,2014,https://www.carcomplaints.com/Volkswagen/Passat/2014/,200,47599,17dacbf5a7d888802afa47b9ec2f70b03e520056d8976355245a26bf43190d6b,2026-10-02T12:00:40+00:00,carcomplaints/volkswagen/Passat/2014.html.gz,ok,
year,volkswagen,volkswagen/passat,2015,https://www.carcomplaints.com/Volkswagen/Passat/2015/,200,45791,94049716c25366707f56c3af62089d5826cde413b4a8ebc974115c78fbceeb2c,2026-10-02T12:00:47+00:00,carcomplaints/volkswagen/Passat/2015.html.gz,ok,
year,volkswagen,volkswagen/passat,2016,https://www.carcomplaints.com/Volkswagen/Passat/2016/,200,46768,8e7e1d8493fbaf9eadaebe97380a53a4e712598b365afbedb06ea2f1e7a24a33,2026-10-02T12:00:53+00:00,carcomplaints/volkswagen/Passat/2016.html.gz,ok,
year,volkswagen,volkswagen/passat,2017,https://www.carcomplaints.com/Volkswagen/Passat/2017/,200,45972,5de6c0ba9397ff0f52b556535ac44d41cb35fd844fcf49b620ef85ef095873d1,2026-10-02T12:00:58+00:00,carcomplaints/volkswagen/Passat/2017.html.gz,ok,
year,volkswagen,volkswagen/passat,2018,https://www.carcomplaints.com/Volkswagen/Passat/2018/,200,44213,5ae0ab54fa0952c67f2c29fe0726444c32aca3476a7a0dcbef44fa084485469f,2026-10-02T12:01:01+00:00,carcomplaints/volkswagen/Passat/2018.html.gz,ok,
year,volkswagen,volkswagen/passat,2019,https://www.carcomplaints.com/Volkswagen/Passat/2019/,200,42484,b09cf686f966127f4e23c1593bcd803a3c6097c6fb5c6ac6d79fc7dee25b9c62,2026-10-02T12:01:07+00:00,carcomplaints/volkswagen/Passat/2019.html.gz,ok,
year,volkswagen,volkswagen/passat,2020,https://www.carcomplaints.com/Volkswagen/Passat/2020/,200,44774,04c4ff935584f564bd845d6a2ecc38f310b9c93bb800d03e2fa1f69a305107a9,2026-10-02T12:01:11+00:00,carcomplaints/volkswagen/Passat/2020.html.gz,ok,
year,volkswagen,volkswagen/passat,2021,https://www.carcomplaints.com/Volkswagen/Passat/2021/,200,42754,3d313b87193d0f4cc40ab588266a940857f4b546a84013ae4e877f0877e69829,2026-10-02T12:01:17+00:00,carcomplaints/volkswagen/Passat/2021.html.gz,ok,
year,volkswagen,volkswagen/passat,2022,https://www.carcomplaints.com/Volkswagen/Passat/2022/,200,40747,e6fc3fe640b480335453363b63202aaae14306ae5a82625890b16f21cb93b874,2026-10-02T12:01:21+00:00,carcomplaints/volkswagen/Passat/2022.html.gz,ok,
model,volkswagen,volkswagen/tiguan,,https://www.carcomplaints.com/Volkswagen/Tiguan/,200,34259,e72ba8989453240b7c6b24a68e1aaa0ae10d14274494c8ff78037ec7c051e99d,2026-10-02T12:01:25+00:00,carcomplaints/volkswagen/Tiguan/_model.html.gz,ok,
year,volkswagen,volkswagen/tiguan,2014,https://www.carcomplaints.com/Volkswagen/Tiguan/2014/,200,41113,78c4467718558f71338607999e575648f3a6704df69ae22afa8259243d992fbd,2026-10-02T12:01:32+00:00,carcomplaints/volkswagen/Tiguan/2014.html.gz,ok,
year,volkswagen,volkswagen/tiguan,2015,https://www.carcomplaints.com/Volkswagen/Tiguan/2015/,200,41896,059c78fbca15e17d65801757989a1009a2f47353b92a123c4ba3aba34b96fcb7,2026-10-02T12:01:36+00:00,carcomplaints/volkswagen/Tiguan/2015.html.gz,ok,
year,volkswagen,volkswagen/tiguan,2016,https://www.carcomplaints.com/Volkswagen/Tiguan/2016/,200,43070,db03832fff3828429ddecc38b39d0f5dfbdb6be83e81a153d37b5b0566943313,2026-10-02T12:01:42+00:00,carcomplaints/volkswagen/Tiguan/2016.html.gz,ok,
year,volkswagen,volkswagen/tiguan,2017,https://www.carcomplaints.com/Volkswagen/Tiguan/2017/,200,41513,83739fdaa585c714c70be61ccd24e943a7d7c81f6644f4e11321db6f698e7747,2026-10-02T12:01:46+00:00,carcomplaints/volkswagen/Tiguan/2017.html.gz,ok,
year,volkswagen,volkswagen/tiguan,2018,https://www.carcomplaints.com/Volkswagen/Tiguan/2018/,200,43213,f1104434548151bd1afc48cd9211ba56f205bc8beb57336a52f0ce9202abd781,2026-10-02T12:01:51+00:00,carcomplaints/volkswagen/Tiguan/2018.html.gz,ok,
year,volkswagen,volkswagen/tiguan,2019,https://www.carcomplaints.com/Volkswagen/Tiguan/2019/,200,43719,6d61f18bbba8a67f4811d1ef64df9e1b1cb7501502e731582a05b502051a13aa,2026-10-02T12:01:57+00:00,carcomplaints/volkswagen/Tiguan/2019.html.gz,ok,
year,volkswagen,volkswagen/tiguan,2020,https://www.carcomplaints.com/Volkswagen/Tiguan/2020/,200,43592,b072651b5c578488a853e10a8ca2798f9fe3686d0bf2a6a93caf38d4a035a213,2026-10-02T12:02:02+00:00,carcomplaints/volkswagen/Tiguan/2020.html.gz,ok,
year,volkswagen,volkswagen/tiguan,2021,https://www.carcomplaints.com/Volkswagen/Tiguan/2021/,200,42133,4d97df06b30f3b60fe966f84db8d97e9af5adb5867ea7bb608f6d6bf01b7d0af,2026-10-02T12:02:06+00:00,carcomplaints/volkswagen/Tiguan/2021.html.gz,ok,
year,volkswagen,volkswagen/tiguan,2022,https://www.carcomplaints.com/Volkswagen/Tiguan/2022/,200,38820,f1dc76f6c5017da35d7599a47a927aa3149fba56f1c8212378f1f31e5d1f1f16,2026-10-02T12:02:13+00:00,carcomplaints/volkswagen/Tiguan/2022.html.gz,ok,
year,volkswagen,volkswagen/tiguan,2024,https://www.carcomplaints.com/Volkswagen/Tiguan/2024/,200,39351,82fd0738d9456218e3bcc83e7ee8c4479dc940bceb5479d78cb8374bd578ad6a,2026-10-02T12:02:17+00:00,carcomplaints/volkswagen/Tiguan/2024.html.gz,ok,
year,volkswagen,volkswagen/tiguan,2025,https://www.carcomplaints.com/Volkswagen/Tiguan/2025/,200,39857,fe16ffb69632f24b769782a2356287f9077fa0b24aadd65f1b44b7f86d21587e,2026-10-02T12:02:21+00:00,carcomplaints/volkswagen/Tiguan/2025.html.gz,ok,
year,volkswagen,volkswagen/tiguan,2026,https://www.carcomplaints.com/Volkswagen/Tiguan/2026/,200,36320,383f9337e53fabd2b03001f80f81e394ad773624c72db4cf429d098d2e0409bf,2026-10-02T12:02:26+00:00,carcomplaints/volkswagen/Tiguan/2026.html.gz,ok,
model,volkswagen,volkswagen/atlas,,https://www.carcomplaints.com/Volkswagen/Atlas/,200,31734,8257ee504b8e6afe87b6f1ff3b75c64fd84788f0893ed3026692aff13f8a22a6,2026-10-02T12:02:30+00:00,carcomplaints/volkswagen/Atlas/_model.html.gz,ok,
year,volkswagen,volkswagen/atlas,2018,https://www.carcomplaints.com/Volkswagen/Atlas/2018/,200,43587,9793f295b6a12fa239a813cb8d9d4cc2fc528eb7f3072733813859c932301637,2026-10-02T12:02:35+00:00,carcomplaints/volkswagen/Atlas/2018.html.gz,ok,
year,volkswagen,volkswagen/atlas,2019,https://www.carcomplaints.com/Volkswagen/Atlas/2019/,200,40666,5de4f19adcd0e53ecb54c4f703307f4dcba944dde9afa6f0e90766576ab501d5,2026-10-02T12:02:40+00:00,carcomplaints/volkswagen/Atlas/2019.html.gz,ok,
year,volkswagen,volkswagen/atlas,2020,https://www.carcomplaints.com/Volkswagen/Atlas/2020/,200,40690,5c3e920107f3c1083acc088ced979b163e99c5915ad8804a6748c05832505df5,2026-10-02T12:02:47+00:00,carcomplaints/volkswagen/Atlas/2020.html.gz,ok,
year,volkswagen,volkswagen/atlas,2021,https://www.carcomplaints.com/Volkswagen/Atlas/2021/,200,42509,baab54ab3fcc8c7ecaa91c87b9f056b90a7cce15372f808e1ac1abb3cb3500db,2026-10-02T12:02:52+00:00,carcomplaints/volkswagen/Atlas/2021.html.gz,ok,
year,volkswagen,volkswagen/atlas,2022,https://www.carcomplaints.com/Volkswagen/Atlas/2022/,200,37986,107ca74898b2b2487447ec45150642328183c40c535d3bcbaa27a94748fc72dd,2026-10-02T12:02:58+00:00,carcomplaints/volkswagen/Atlas/2022.html.gz,ok,
year,volkswagen,volkswagen/atlas,2023,https://www.carcomplaints.com/Volkswagen/Atlas/2023/,200,38907,ca2b04b185a227db376f07810ce6b78ef268610648d85d92446132891078e2cf,2026-10-02T12:03:02+00:00,carcomplaints/volkswagen/Atlas/2023.html.gz,ok,
year,volkswagen,volkswagen/atlas,2024,https://www.carcomplaints.com/Volkswagen/Atlas/2024/,200,39639,3b7bcf81f5b74ff3a2755afce3151b9ce0c33179321ef2e1e11a6464ebb3dbd5,2026-10-02T12:03:09+00:00,carcomplaints/volkswagen/Atlas/2024.html.gz,ok,
year,volkswagen,volkswagen/atlas,2025,https://www.carcomplaints.com/Volkswagen/Atlas/2025/,200,38751,725510cb47e4eef4ae8972e371e805e137e2c5d23a04f312c6ace2057674c7ee,2026-10-02T12:03:14+00:00,carcomplaints/volkswagen/Atlas/2025.html.gz,ok,
model,volkswagen,volkswagen/arteon,,https://www.carcomplaints.com/Volkswagen/Arteon/,200,29351,c50f2475768193a66552eaebab4b9b9ed499010a2af345c7a2d08436c6c99f6d,2026-10-02T12:03:18+00:00,carcomplaints/volkswagen/Arteon/_model.html.gz,ok,
year,volkswagen,volkswagen/arteon,2019,https://www.carcomplaints.com/Volkswagen/Arteon/2019/,200,35802,efdb0c8b5dea2314a8e6ebea0e8c44af86da5f5bed4de8f9d5ff7eeda5bd3219,2026-10-02T12:03:22+00:00,carcomplaints/volkswagen/Arteon/2019.html.gz,ok,
year,volkswagen,volkswagen/arteon,2020,https://www.carcomplaints.com/Volkswagen/Arteon/2020/,200,33127,5b156f5515a0138ab82309629e77e016984664a890d76f1559009b1d8a81d5cb,2026-10-02T12:03:27+00:00,carcomplaints/volkswagen/Arteon/2020.html.gz,ok,
year,volkswagen,volkswagen/arteon,2021,https://www.carcomplaints.com/Volkswagen/Arteon/2021/,200,37062,10bc62f80ac1650e2dc9d95c7d94cf84d8e66ca887c182bbe4509429bd8ddd0d,2026-10-02T12:03:33+00:00,carcomplaints/volkswagen/Arteon/2021.html.gz,ok,
model,volkswagen,volkswagen/touareg,,https://www.carcomplaints.com/Volkswagen/Touareg/,200,33645,ed7b20dd609ad0a68a3cc9e10adc54d34e083c45838dc25a3cdfb4b0e3af6537,2026-10-02T12:03:38+00:00,carcomplaints/volkswagen/Touareg/_model.html.gz,ok,
year,volkswagen,volkswagen/touareg,2014,https://www.carcomplaints.com/Volkswagen/Touareg/2014/,200,42725,735323a626c43d92e81818c8f5a374f4396ccc43c3ae4c8a93ec13c60f5ba097,2026-10-02T12:03:45+00:00,carcomplaints/volkswagen/Touareg/2014.html.gz,ok,
year,volkswagen,volkswagen/touareg,2015,https://www.carcomplaints.com/Volkswagen/Touareg/2015/,200,39905,0a0ea41d949658fdd10ddeadc1b2af6ae7cd66c46b0a31ee36a3e4850f62180c,2026-10-02T12:03:51+00:00,carcomplaints/volkswagen/Touareg/2015.html.gz,ok,
year,volkswagen,volkswagen/touareg,2016,https://www.carcomplaints.com/Volkswagen/Touareg/2016/,200,40834,577ba39ee3bbdb63dc894478249c0a47fe65bd85c4b748f0c5d96ed252a8f720,2026-10-02T12:03:58+00:00,carcomplaints/volkswagen/Touareg/2016.html.gz,ok,
year,volkswagen,volkswagen/touareg,2017,https://www.carcomplaints.com/Volkswagen/Touareg/2017/,200,39765,fd05e88797d326a00c34797b6646bd3063bb9cffb22af9c5624e1925a600c610,2026-10-02T12:04:04+00:00,carcomplaints/volkswagen/Touareg/2017.html.gz,ok,
make,mitsubishi,,,https://www.carcomplaints.com/Mitsubishi/,200,34242,53ecaf4e9f6e72e454d460ba95745af94bb63578e3ecd54fa2f04140aafcfd5d,2026-10-02T12:04:09+00:00,carcomplaints/mitsubishi/_make.html.gz,ok,
model,mitsubishi,mitsubishi/outlander,,https://www.carcomplaints.com/Mitsubishi/Outlander/,200,34437,a8636851aaa691dca48dfc55bd992c48b8e23786252793199dd0aebaabe87ffd,2026-10-02T12:04:16+00:00,carcomplaints/mitsubishi/Outlander/_model.html.gz,ok,
year,mitsubishi,mitsubishi/outlander,2014,https://www.carcomplaints.com/Mitsubishi/Outlander/2014/,200,42992,d672730c49807294743e7563a54f6d97eee1cf3f143b6e4aebf7477be1617fff,2026-10-02T12:04:23+00:00,carcomplaints/mitsubishi/Outlander/2014.html.gz,ok,
year,mitsubishi,mitsubishi/outlander,2015,https://www.carcomplaints.com/Mitsubishi/Outlander/2015/,200,41979,eefb2a15530765877bf4f22c2109f645da030166957a357ba4c69efd912e0a79,2026-10-02T12:04:29+00:00,carcomplaints/mitsubishi/Outlander/2015.html.gz,ok,
year,mitsubishi,mitsubishi/outlander,2016,https://www.carcomplaints.com/Mitsubishi/Outlander/2016/,200,43700,3a202ffcee5b983ddf0122378f7bdf700e5237f06b89eccbbc4ffb5a98e41dbb,2026-10-02T12:04:33+00:00,carcomplaints/mitsubishi/Outlander/2016.html.gz,ok,
year,mitsubishi,mitsubishi/outlander,2017,https://www.carcomplaints.com/Mitsubishi/Outlander/2017/,200,41800,11bdc006b2e571494ec1a4d297faf604e7e1cea460569122a916be51c0980a8c,2026-10-02T12:04:38+00:00,carcomplaints/mitsubishi/Outlander/2017.html.gz,ok,
year,mitsubishi,mitsubishi/outlander,2018,https://www.carcomplaints.com/Mitsubishi/Outlander/2018/,200,43083,ab5f07fa587c186eebab8765cbf33df5ed49e45ad041bc4652ed3de0a6d399af,2026-10-02T12:04:44+00:00,carcomplaints/mitsubishi/Outlander/2018.html.gz,ok,
year,mitsubishi,mitsubishi/outlander,2019,https://www.carcomplaints.com/Mitsubishi/Outlander/2019/,200,41582,583de266d5b396ed8dc90df4e7fa7991ccc35c9f03cdf7b12605940830c931d5,2026-10-02T12:04:49+00:00,carcomplaints/mitsubishi/Outlander/2019.html.gz,ok,
year,mitsubishi,mitsubishi/outlander,2020,https://www.carcomplaints.com/Mitsubishi/Outlander/2020/,200,40862,24b7d16707530b8d0f0401fbb4e8aca2356b77ef33dd7c6dffb99c8bae10ceaa,2026-10-02T12:04:53+00:00,carcomplaints/mitsubishi/Outlander/2020.html.gz,ok,
year,mitsubishi,mitsubishi/outlander,2021,https://www.carcomplaints.com/Mitsubishi/Outlander/2021/,200,35149,061386dd0ec4c2d5f3f0ba339ed527c618de59526322b2346fa6d7c285627fcf,2026-10-02T12:04:58+00:00,carcomplaints/mitsubishi/Outlander/2021.html.gz,ok,
year,mitsubishi,mitsubishi/outlander,2022,https://www.carcomplaints.com/Mitsubishi/Outlander/2022/,200,43280,58df8743c679159221ec2a2390312e54ef945323a31f82e793011ed5f15d030f,2026-10-02T12:05:03+00:00,carcomplaints/mitsubishi/Outlander/2022.html.gz,ok,
year,mitsubishi,mitsubishi/outlander,2023,https://www.carcomplaints.com/Mitsubishi/Outlander/2023/,200,40887,e5679a9a26950cd9abebec53b877f4f963693df8d99432c4cb23075096750dcf,2026-10-02T12:05:08+00:00,carcomplaints/mitsubishi/Outlander/2023.html.gz,ok,
year,mitsubishi,mitsubishi/outlander,2024,https://www.carcomplaints.com/Mitsubishi/Outlander/2024/,200,39590,e3e99c171cfcf0ed98b6c76f1790bfb96b7fe5c2639eb945d89fdf6c844ee16f,2026-10-02T12:05:11+00:00,carcomplaints/mitsubishi/Outlander/2024.html.gz,ok,
year,mitsubishi,mitsubishi/outlander,2025,https://www.carcomplaints.com/Mitsubishi/Outlander/2025/,200,35309,b80f651aab3dfb58d8c99ebfc9f1bd2bf3759f1f554fe1697a602a5be96892f0,2026-10-02T12:05:18+00:00,carcomplaints/mitsubishi/Outlander/2025.html.gz,ok,
model,mitsubishi,mitsubishi/outlander-sport,,https://www.carcomplaints.com/Mitsubishi/Outlander_Sport/,200,33299,5d135639d8908105304f8bd2505f01b3bbf10ffc754d8de38b142c041c47a38a,2026-10-02T12:05:23+00:00,carcomplaints/mitsubishi/Outlander_Sport/_model.html.gz,ok,
year,mitsubishi,mitsubishi/outlander-sport,2014,https://www.carcomplaints.com/Mitsubishi/Outlander_Sport/2014/,200,41683,e43779de637f4ec92b8b6cd3db5af1f3337fb72422511ddcca8390a9275b573b,2026-10-02T12:05:28+00:00,carcomplaints/mitsubishi/Outlander_Sport/2014.html.gz,ok,
year,mitsubishi,mitsubishi/outlander-sport,2015,https://www.carcomplaints.com/Mitsubishi/Outlander_Sport/2015/,200,42419,17f9cc26d147aa7731089ac4776343c4ac4c7558e0d78d414ec0f076f46eb17a,2026-10-02T12:05:32+00:00,carcomplaints/mitsubishi/Outlander_Sport/2015.html.gz,ok,
year,mitsubishi,mitsubishi/outlander-sport,2016,https://www.carcomplaints.com/Mitsubishi/Outlander_Sport/2016/,200,38642,6ffa5d762ebf32e6eb469cde62bc627ce927218d024155d4736f00324794023f,2026-10-02T12:05:37+00:00,carcomplaints/mitsubishi/Outlander_Sport/2016.html.gz,ok,
year,mitsubishi,mitsubishi/outlander-sport,2017,https://www.carcomplaints.com/Mitsubishi/Outlander_Sport/2017/,200,40774,bceb14988e173a93bdde57d5ddbc34bbc9584d892d3c629013ee2eff8ce3daf3,2026-10-02T12:05:43+00:00,carcomplaints/mitsubishi/Outlander_Sport/2017.html.gz,ok,
year,mitsubishi,mitsubishi/outlander-sport,2018,https://www.carcomplaints.com/Mitsubishi/Outlander_Sport/2018/,200,39949,22897835495d41ad1baf45bc7771240f7b0e7b1bfeb9a8f613927e21e2f9bfad,2026-10-02T12:05:49+00:00,carcomplaints/mitsubishi/Outlander_Sport/2018.html.gz,ok,
year,mitsubishi,mitsubishi/outlander-sport,2019,https://www.carcomplaints.com/Mitsubishi/Outlander_Sport/2019/,200,37721,a66d2bf92454b011bf5e5ca98202aca9af0f2486dcbe11fe4df6e7c01672b78a,2026-10-02T12:05:56+00:00,carcomplaints/mitsubishi/Outlander_Sport/2019.html.gz,ok,
year,mitsubishi,mitsubishi/outlander-sport,2020,https://www.carcomplaints.com/Mitsubishi/Outlander_Sport/2020/,200,36485,080f053d20faf998078c293cf9f86f282f6f2ab316b01aa375d102bd212fae68,2026-10-02T12:05:59+00:00,carcomplaints/mitsubishi/Outlander_Sport/2020.html.gz,ok,
year,mitsubishi,mitsubishi/outlander-sport,2021,https://www.carcomplaints.com/Mitsubishi/Outlander_Sport/2021/,200,37952,e760daffb9400397086043fcadacdf9f5014f3a7ed1d519e0fac98ced965122c,2026-10-02T12:06:03+00:00,carcomplaints/mitsubishi/Outlander_Sport/2021.html.gz,ok,
year,mitsubishi,mitsubishi/outlander-sport,2022,https://www.carcomplaints.com/Mitsubishi/Outlander_Sport/2022/,200,37388,7989bfa87717c73ef74125c3db94d0e28564a3fffa621796b222c65a8027f4cb,2026-10-02T12:06:10+00:00,carcomplaints/mitsubishi/Outlander_Sport/2022.html.gz,ok,
year,mitsubishi,mitsubishi/outlander-sport,2023,https://www.carcomplaints.com/Mitsubishi/Outlander_Sport/2023/,200,34476,24ce3b82e959136eb3ee2c3c862eef2ae667a8665cce56ef9fdca7c78c091c5f,2026-10-02T12:06:15+00:00,carcomplaints/mitsubishi/Outlander_Sport/2023.html.gz,ok,
year,mitsubishi,mitsubishi/outlander-sport,2024,https://www.carcomplaints.com/Mitsubishi/Outlander_Sport/2024/,200,34063,c7c72ec53059cb28ae55d439febb4642b222e239daeea05d5ace96081049f5c9,2026-10-02T12:06:19+00:00,carcomplaints/mitsubishi/Outlander_Sport/2024.html.gz,ok,
year,mitsubishi,mitsubishi/outlander-sport,2025,https://www.carcomplaints.com/Mitsubishi/Outlander_Sport/2025/,200,35142,29f874511f6aa295460432f7d93ec12e7cdff14c2ee18f7086e79d7773f137d9,2026-10-02T12:06:22+00:00,carcomplaints/mitsubishi/Outlander_Sport/2025.html.gz,ok,
year,mitsubishi,mitsubishi/outlander-sport,2026,https://www.carcomplaints.com/Mitsubishi/Outlander_Sport/2026/,200,35100,50757d70b71f40b4f1639bf52741e97c1c7a9d86305bc22708ed91ba85117bc4,2026-10-02T12:06:26+00:00,carcomplaints/mitsubishi/Outlander_Sport/2026.html.gz,ok,
make,tesla,,,https://www.carcomplaints.com/Tesla/,200,27794,4fe9a5eeacf358608402fb313349109ed9574c22a0545d0db7b2e8018f55a83f,2026-10-02T12:06:31+00:00,carcomplaints/tesla/_make.html.gz,ok,
model,tesla,tesla/model-3,,https://www.carcomplaints.com/Tesla/Model_3/,200,28869,1da11151824a1c68e257d3f2f63c27c8a92e136ed63bf9f4c389a4f3ef82469e,2026-10-02T12:06:38+00:00,carcomplaints/tesla/Model_3/_model.html.gz,ok,
year,tesla,tesla/model-3,2018,https://www.carcomplaints.com/Tesla/Model_3/2018/,200,36912,a2a9e935325f9001fa90f2ed6ff0bd55d5fa63084f8b8ba795c51ec51b08d369,2026-10-02T12:06:42+00:00,carcomplaints/tesla/Model_3/2018.html.gz,ok,
year,tesla,tesla/model-3,2019,https://www.carcomplaints.com/Tesla/Model_3/2019/,200,35896,686dd14a97a6614e922d0c8579445f4181cf47398897ecbf6f8d74137de93336,2026-10-02T12:06:49+00:00,carcomplaints/tesla/Model_3/2019.html.gz,ok,
year,tesla,tesla/model-3,2020,https://www.carcomplaints.com/Tesla/Model_3/2020/,200,35981,71c54da73cc2711f218bc9990100f5e658d51e45ecc71f614c068145aa684e76,2026-10-02T12:06:54+00:00,carcomplaints/tesla/Model_3/2020.html.gz,ok,
year,tesla,tesla/model-3,2021,https://www.carcomplaints.com/Tesla/Model_3/2021/,200,32877,a275330c446418478e113a622ea384b9fdbee5b4af09d2663ec3f38e9db6c0c8,2026-10-02T12:07:00+00:00,carcomplaints/tesla/Model_3/2021.html.gz,ok,
year,tesla,tesla/model-3,2022,https://www.carcomplaints.com/Tesla/Model_3/2022/,200,36010,d673283eb82031d31186cb9f2f48be3d71cdedf59c30431827ca565056540c50,2026-10-02T12:07:04+00:00,carcomplaints/tesla/Model_3/2022.html.gz,ok,
year,tesla,tesla/model-3,2023,https://www.carcomplaints.com/Tesla/Model_3/2023/,200,34932,6e6880df54c939dfb3fa0487551f9466f473f6807186543f2e5e00a8ab9f979a,2026-10-02T12:07:10+00:00,carcomplaints/tesla/Model_3/2023.html.gz,ok,
year,tesla,tesla/model-3,2024,https://www.carcomplaints.com/Tesla/Model_3/2024/,200,32843,310282a34fd1ec33ac95fdc0e7005c3535cc03dcbf3459f219cd79d9c934bfb2,2026-10-02T12:07:16+00:00,carcomplaints/tesla/Model_3/2024.html.gz,ok,
year,tesla,tesla/model-3,2025,https://www.carcomplaints.com/Tesla/Model_3/2025/,200,31867,68f488d1a2b590b45f0d90635c6bcc838b9b1dc8a4267ef98494bc07b2ecc4d4,2026-10-02T12:07:20+00:00,carcomplaints/tesla/Model_3/2025.html.gz,ok,
year,tesla,tesla/model-3,2026,https://www.carcomplaints.com/Tesla/Model_3/2026/,200,33745,7c0669f090c5253260b0a5acf2b45ed523748f223f7581f13612a846318fa689,2026-10-02T12:07:27+00:00,carcomplaints/tesla/Model_3/2026.html.gz,ok,
model,tesla,tesla/model-y,,https://www.carcomplaints.com/Tesla/Model_Y/,200,28586,451da134d7970c3fbf8956aff7ae59c9cdfa99e4dcbbabe27697530054592ea9,2026-10-02T12:07:31+00:00,carcomplaints/tesla/Model_Y/_model.html.gz,ok,
year,tesla,tesla/model-y,2020,https://www.carcomplaints.com/Tesla/Model_Y/2020/,200,33631,ce7660267ceb42295d52472352ecf0c7d15e983aa985dfd2d2ab86313207f162,2026-10-02T12:07:34+00:00,carcomplaints/tesla/Model_Y/2020.html.gz,ok,
year,tesla,tesla/model-y,2021,https://www.carcomplaints.com/Tesla/Model_Y/2021/,200,36074,2b910353c789de4079e4725e5234ea0cad60064f35a445ea68fef7d755207f24,2026-10-02T12:07:38+00:00,carcomplaints/tesla/Model_Y/2021.html.gz,ok,
year,tesla,tesla/model-y,2022,https://www.carcomplaints.com/Tesla/Model_Y/2022/,200,32646,d4b947e56170641fa9e64c0662361dfea821b74936c627bb4ac2ec14f2dfaad1,2026-10-02T12:07:42+00:00,carcomplaints/tesla/Model_Y/2022.html.gz,ok,
year,tesla,tesla/model-y,2023,https://www.carcomplaints.com/Tesla/Model_Y/2023/,200,34716,0496e646aba2febd8787527703267237528a557727b521064cb4de788a5b11f2,2026-10-02T12:07:48+00:00,carcomplaints/tesla/Model_Y/2023.html.gz,ok,
year,tesla,tesla/model-y,2024,https://www.carcomplaints.com/Tesla/Model_Y/2024/,200,32723,a9a97af491d848eef29197686423275b20308e8c403c4e01b13032ae02cd26a3,2026-10-02T12:07:52+00:00,carcomplaints/tesla/Model_Y/2024.html.gz,ok,
year,tesla,tesla/model-y,2025,https://www.carcomplaints.com/Tesla/Model_Y/2025/,200,32723,00919d0bf3ec637a4152f5c5decc7ed283aed7ad11a35883e8f6eaa1816e3423,2026-10-02T12:07:58+00:00,carcomplaints/tesla/Model_Y/2025.html.gz,ok,
model,tesla,tesla/model-s,,https://www.carcomplaints.com/Tesla/Model_S/,200,30199,0c1416beb3cfac420ef99b79cd80daefc3406e9ff8bbfaa0cef32de138e0107e,2026-10-02T12:08:02+00:00,carcomplaints/tesla/Model_S/_model.html.gz,ok,
year,tesla,tesla/model-s,2014,https://www.carcomplaints.com/Tesla/Model_S/2014/,200,36449,ee429815a0dd27282c62eec96649e155d985aa114c277f125d728d028a24c026,2026-10-02T12:08:09+00:00,carcomplaints/tesla/Model_S/2014.html.gz,ok,
year,tesla,tesla/model-s,2015,https://www.carcomplaints.com/Tesla/Model_S/2015/,200,36763,74aef1fa13a689a7edad781b9b41435af1b821fc991f6ba7340e21c378a543a0,2026-10-02T12:08:14+00:00,carcomplaints/tesla/Model_S/2015.html.gz,ok,
year,tesla,tesla/model-s,2016,https://www.carcomplaints.com/Tesla/Model_S/2016/,200,37725,d3155f14748216f2bac708ddadf4fb61750e7a0b8b8aaddd103f0a198a663aee,2026-10-02T12:08:19+00:00,carcomplaints/tesla/Model_S/2016.html.gz,ok,
year,tesla,tesla/model-s,2017,https://www.carcomplaints.com/Tesla/Model_S/2017/,200,33089,bf1155d34ff2de615f0101bfb3d8157d15dbbdea55236d82e673bad9ef84655e,2026-10-02T12:08:24+00:00,carcomplaints/tesla/Model_S/2017.html.gz,ok,
year,tesla,tesla/model-s,2018,https://www.carcomplaints.com/Tesla/Model_S/2018/,200,34207,7a963f09c419cd0b96efb89926997d79d46ee6a273cbbed7bfef22bb385701a3,2026-10-02T12:08:30+00:00,carcomplaints/tesla/Model_S/2018.html.gz,ok,
year,tesla,tesla/model-s,2019,https://www.carcomplaints.com/Tesla/Model_S/2019/,200,33213,b39d78bac5a5f68891025d6374afec77a5b89929238e09203847285e0d58da22,2026-10-02T12:08:34+00:00,carcomplaints/tesla/Model_S/2019.html.gz,ok,
year,tesla,tesla/model-s,2020,https://www.carcomplaints.com/Tesla/Model_S/2020/,200,33294,7af13ee60c9b25f236affab28339b1e2794036344f4ae4d758b715816a21361f,2026-10-02T12:08:38+00:00,carcomplaints/tesla/Model_S/2020.html.gz,ok,
year,tesla,tesla/model-s,2021,https://www.carcomplaints.com/Tesla/Model_S/2021/,200,32305,79898829bf56fd7bfc08b682a2cda61ca91a908299ec117af932a73545950d5b,2026-10-02T12:08:42+00:00,carcomplaints/tesla/Model_S/2021.html.gz,ok,
year,tesla,tesla/model-s,2022,https://www.carcomplaints.com/Tesla/Model_S/2022/,200,33217,bd5047fd0f7209da8da1f4ed648a7223fc94a969e3993214c99f953ff5f8b521,2026-10-02T12:08:48+00:00,carcomplaints/tesla/Model_S/2022.html.gz,ok,
year,tesla,tesla/model-s,2023,https://www.carcomplaints.com/Tesla/Model_S/2023/,200,33217,384fcf732c6b7d0dbd74bdd4f49a02c85748bf3cd8b323c78683eb16f0d2a0d4,2026-10-02T12:08:54+00:00,carcomplaints/tesla/Model_S/2023.html.gz,ok,
year,tesla,tesla/model-s,2024,https://www.carcomplaints.com/Tesla/Model_S/2024/,200,32353,cc21d574a22d06e18518c53166edd9a052472c394305fae646f31fb270fc3e1a,2026-10-02T12:08:58+00:00,carcomplaints/tesla/Model_S/2024.html.gz,ok,
year,tesla,tesla/model-s,2025,https://www.carcomplaints.com/Tesla/Model_S/2025/,200,32353,bf00662db53e059a7e14e89a8576b458e177c535f7751fc6ad69a9e6fd296d69,2026-10-02T12:09:04+00:00,carcomplaints/tesla/Model_S/2025.html.gz,ok,
model,tesla,tesla/model-x,,https://www.carcomplaints.com/Tesla/Model_X/,200,29266,8654e88f1e8b7faa025b7289e6a2f733e4f2c86dc704bab3e10ad61648248eda,2026-10-02T12:09:08+00:00,carcomplaints/tesla/Model_X/_model.html.gz,ok,
year,tesla,tesla/model-x,2016,https://www.carcomplaints.com/Tesla/Model_X/2016/,200,32669,9e4f94cd66df2cb0463388217361ccb811cd377b0be79fc7b4cd1526f9eb365e,2026-10-02T12:09:15+00:00,carcomplaints/tesla/Model_X/2016.html.gz,ok,
year,tesla,tesla/model-x,2017,https://www.carcomplaints.com/Tesla/Model_X/2017/,200,35768,1431f8550823633799747be36066a0493455cff504083b737f4169437d59e870,2026-10-02T12:09:19+00:00,carcomplaints/tesla/Model_X/2017.html.gz,ok,
year,tesla,tesla/model-x,2018,https://www.carcomplaints.com/Tesla/Model_X/2018/,200,34994,ac2e26b00e9776d39e6404c211dc48fea8872a53b38cbe6a58e50815feb6a423,2026-10-02T12:09:23+00:00,carcomplaints/tesla/Model_X/2018.html.gz,ok,
year,tesla,tesla/model-x,2019,https://www.carcomplaints.com/Tesla/Model_X/2019/,200,34010,a03ab3c1ba656dd5cfde2ee174594d11c4664b668be67bdfeb118a3e5327fa49,2026-10-02T12:09:30+00:00,carcomplaints/tesla/Model_X/2019.html.gz,ok,
year,tesla,tesla/model-x,2020,https://www.carcomplaints.com/Tesla/Model_X/2020/,200,32944,f8a4f6958c56d3ee1a765825692608af66321f9fdcc72a8eedfa7d67d0e013c2,2026-10-02T12:09:34+00:00,carcomplaints/tesla/Model_X/2020.html.gz,ok,
year,tesla,tesla/model-x,2021,https://www.carcomplaints.com/Tesla/Model_X/2021/,200,32986,f4272bcc73287314335da9250ed81184eb222078ee7f7484f7caa558a2479697,2026-10-02T12:09:38+00:00,carcomplaints/tesla/Model_X/2021.html.gz,ok,
year,tesla,tesla/model-x,2022,https://www.carcomplaints.com/Tesla/Model_X/2022/,200,32944,60b12d0297d813b2bdb37ba79a41841d99e84034f07872d55953ca860b47c1b9,2026-10-02T12:09:44+00:00,carcomplaints/tesla/Model_X/2022.html.gz,ok,
year,tesla,tesla/model-x,2023,https://www.carcomplaints.com/Tesla/Model_X/2023/,200,32986,07607bb3377cf6f41cc57914d9f501c2869ad788614b4fb3b171c6d072e0c217,2026-10-02T12:09:50+00:00,carcomplaints/tesla/Model_X/2023.html.gz,ok,
year,tesla,tesla/model-x,2024,https://www.carcomplaints.com/Tesla/Model_X/2024/,200,33005,6d47b4f7d34e74dc74c34898d68b1bb24e30f8275b9601c67b9c40a48f551650,2026-10-02T12:09:54+00:00,carcomplaints/tesla/Model_X/2024.html.gz,ok,
year,tesla,tesla/model-x,2025,https://www.carcomplaints.com/Tesla/Model_X/2025/,200,32954,422a1f53f078b768f565983f622f476419ba0beac34603a82b84d615dddac1f1,2026-10-02T12:09:59+00:00,carcomplaints/tesla/Model_X/2025.html.gz,ok,
