kind,make,line,model,year,url,http_status,bytes,sha256,retrieved_at,path,status,note
vpic_models,hyundai,,,2014,https://vpic.nhtsa.dot.gov/api/vehicles/GetModelsForMakeYear/make/Hyundai/modelyear/2014?format=json,200,1292,cdbc6369a9cd49cce03468cbab7c9476f6bcfc1ae51f968b60b6c96d88a8d059,2026-10-02T08:25:39+00:00,vpic/models/hyundai/2014.json.gz,ok,
vpic_canada_specs,hyundai,,,2014,https://vpic.nhtsa.dot.gov/api/vehicles/GetCanadianVehicleSpecifications/?year=2014&make=Hyundai&model=&units=Metric&format=json,200,13895,39f151b893fa5f176dffb9c89661f48278bb9749ba73e2618b93fc7c195e376c,2026-10-02T08:25:42+00:00,vpic/canada/hyundai/2014.json.gz,ok,
vpic_models,hyundai,,,2015,https://vpic.nhtsa.dot.gov/api/vehicles/GetModelsForMakeYear/make/Hyundai/modelyear/2015?format=json,200,1213,8a33e527778d00a216a2f6a40ede55416cabd1f10aac633a9c0958435ba8536d,2026-10-02T08:25:44+00:00,vpic/models/hyundai/2015.json.gz,ok,
vpic_canada_specs,hyundai,,,2015,https://vpic.nhtsa.dot.gov/api/vehicles/GetCanadianVehicleSpecifications/?year=2015&make=Hyundai&model=&units=Metric&format=json,200,13921,7cb6f38e88a44384276a59a46ee8ed4ce3631a0397b55c508905aa4e8aa217a2,2026-10-02T08:25:46+00:00,vpic/canada/hyundai/2015.json.gz,ok,
vpic_models,hyundai,,,2016,https://vpic.nhtsa.dot.gov/api/vehicles/GetModelsForMakeYear/make/Hyundai/modelyear/2016?format=json,200,1213,f31f99be21a1d65d5902a9fd36561d8138f870115213ebfa83b76fd0aa6c7985,2026-10-02T08:25:49+00:00,vpic/models/hyundai/2016.json.gz,ok,
vpic_canada_specs,hyundai,,,2016,https://vpic.nhtsa.dot.gov/api/vehicles/GetCanadianVehicleSpecifications/?year=2016&make=Hyundai&model=&units=Metric&format=json,200,12643,c0691f5ce40653f6603f722c903e7fbad7fccee6993fd6f056fed6a74b4c0151,2026-10-02T08:25:51+00:00,vpic/canada/hyundai/2016.json.gz,ok,
vpic_models,hyundai,,,2017,https://vpic.nhtsa.dot.gov/api/vehicles/GetModelsForMakeYear/make/Hyundai/modelyear/2017?format=json,200,1135,c15115ad3a1fa2f84d7074607a15c2cf36d4a66fd711f3b29ec7d9764aa81cbb,2026-10-02T08:25:54+00:00,vpic/models/hyundai/2017.json.gz,ok,
vpic_canada_specs,hyundai,,,2017,https://vpic.nhtsa.dot.gov/api/vehicles/GetCanadianVehicleSpecifications/?year=2017&make=Hyundai&model=&units=Metric&format=json,200,10378,1f8760ab3c35ca0c926630ce651f007d701fffc4afb7296ffd42f06dd65b3372,2026-10-02T08:25:56+00:00,vpic/canada/hyundai/2017.json.gz,ok,
vpic_models,hyundai,,,2018,https://vpic.nhtsa.dot.gov/api/vehicles/GetModelsForMakeYear/make/Hyundai/modelyear/2018?format=json,200,1210,37ecb9382b935106a955cfd7093fe59a0dc908069db39a38544fa908c7edbc42,2026-10-02T08:25:59+00:00,vpic/models/hyundai/2018.json.gz,ok,
vpic_canada_specs,hyundai,,,2018,https://vpic.nhtsa.dot.gov/api/vehicles/GetCanadianVehicleSpecifications/?year=2018&make=Hyundai&model=&units=Metric&format=json,200,11460,f3cbddb245d8207be6c4a0949b2ba8d4e80c7ae1044c075bc1c9c60cee8c500a,2026-10-02T08:26:02+00:00,vpic/canada/hyundai/2018.json.gz,ok,
vpic_models,hyundai,,,2019,https://vpic.nhtsa.dot.gov/api/vehicles/GetModelsForMakeYear/make/Hyundai/modelyear/2019?format=json,200,1288,7e9aa86191424df78b0a6f65042693309f3254ee26cec9e5c314d67c128b9eab,2026-10-02T08:26:05+00:00,vpic/models/hyundai/2019.json.gz,ok,
vpic_canada_specs,hyundai,,,2019,https://vpic.nhtsa.dot.gov/api/vehicles/GetCanadianVehicleSpecifications/?year=2019&make=Hyundai&model=&units=Metric&format=json,200,14703,a7fe0fa639c448baf71ae658b8ca9ea216f842278adea8c827693fa1b23203eb,2026-10-02T08:26:08+00:00,vpic/canada/hyundai/2019.json.gz,ok,
vpic_models,hyundai,,,2020,https://vpic.nhtsa.dot.gov/api/vehicles/GetModelsForMakeYear/make/Hyundai/modelyear/2020?format=json,200,1361,5d160ebe79a28c75d127f53eb604bee31889a9656b56fdf655ce9298f77140bc,2026-10-02T08:26:10+00:00,vpic/models/hyundai/2020.json.gz,ok,
vpic_canada_specs,hyundai,,,2020,https://vpic.nhtsa.dot.gov/api/vehicles/GetCanadianVehicleSpecifications/?year=2020&make=Hyundai&model=&units=Metric&format=json,200,12486,42742c88e612e84eaf4e17f6f1220a4a11342baa02f907b09e552da8774e37f0,2026-10-02T08:26:13+00:00,vpic/canada/hyundai/2020.json.gz,ok,
vpic_models,hyundai,,,2021,https://vpic.nhtsa.dot.gov/api/vehicles/GetModelsForMakeYear/make/Hyundai/modelyear/2021?format=json,200,1280,917b73f7e971a8e0d1dd1e3549add46c19b59cfc3f9b2ca96779bd51c5ab822e,2026-10-02T08:26:15+00:00,vpic/models/hyundai/2021.json.gz,ok,
vpic_canada_specs,hyundai,,,2021,https://vpic.nhtsa.dot.gov/api/vehicles/GetCanadianVehicleSpecifications/?year=2021&make=Hyundai&model=&units=Metric&format=json,200,11956,26b47ffcb6dc193810a01f7063d0adb51b115e4052e4ca6da266f61431c71365,2026-10-02T08:26:18+00:00,vpic/canada/hyundai/2021.json.gz,ok,
vpic_models,hyundai,,,2022,https://vpic.nhtsa.dot.gov/api/vehicles/GetModelsForMakeYear/make/Hyundai/modelyear/2022?format=json,200,1518,d1a43142a71b47505af0e42527d6291ade7582a307754d0f25b89397068b3de1,2026-10-02T08:26:21+00:00,vpic/models/hyundai/2022.json.gz,ok,
vpic_canada_specs,hyundai,,,2022,https://vpic.nhtsa.dot.gov/api/vehicles/GetCanadianVehicleSpecifications/?year=2022&make=Hyundai&model=&units=Metric&format=json,200,17374,e277f95cbe2cda8c6cf1fe4717fbd8a9be3227ebf9396d0dcb5c6d75cbe35200,2026-10-02T08:26:23+00:00,vpic/canada/hyundai/2022.json.gz,ok,
vpic_models,hyundai,,,2023,https://vpic.nhtsa.dot.gov/api/vehicles/GetModelsForMakeYear/make/Hyundai/modelyear/2023?format=json,200,1440,89be5250dab7f941a393c323d0389f5d036375918e88c38e182f2e3c33487002,2026-10-02T08:26:25+00:00,vpic/models/hyundai/2023.json.gz,ok,
vpic_canada_specs,hyundai,,,2023,https://vpic.nhtsa.dot.gov/api/vehicles/GetCanadianVehicleSpecifications/?year=2023&make=Hyundai&model=&units=Metric&format=json,200,14671,14c15aff9b8f11acea823481f55f418f1a0a0434444beb6a571dad46c5efb670,2026-10-02T08:26:29+00:00,vpic/canada/hyundai/2023.json.gz,ok,
vpic_models,hyundai,,,2024,https://vpic.nhtsa.dot.gov/api/vehicles/GetModelsForMakeYear/make/Hyundai/modelyear/2024?format=json,200,1363,13b63bb901498a644a948cb7b74c3cb352f60c4f7bd3692652843ec610b4047a,2026-10-02T08:26:31+00:00,vpic/models/hyundai/2024.json.gz,ok,
vpic_canada_specs,hyundai,,,2024,https://vpic.nhtsa.dot.gov/api/vehicles/GetCanadianVehicleSpecifications/?year=2024&make=Hyundai&model=&units=Metric&format=json,200,14060,df4c3c8befe6ddbc70102312455e133bf2595d7b47fe2b507b2525f6e73323af,2026-10-02T08:26:33+00:00,vpic/canada/hyundai/2024.json.gz,ok,
vpic_models,hyundai,,,2025,https://vpic.nhtsa.dot.gov/api/vehicles/GetModelsForMakeYear/make/Hyundai/modelyear/2025?format=json,200,1443,dc4c34b958bd23dbbc0d77723e5750fb01c869cf6f5759a53451ccd2974490c8,2026-10-02T08:26:35+00:00,vpic/models/hyundai/2025.json.gz,ok,
vpic_canada_specs,hyundai,,,2025,https://vpic.nhtsa.dot.gov/api/vehicles/GetCanadianVehicleSpecifications/?year=2025&make=Hyundai&model=&units=Metric&format=json,200,15211,613dc9a6eb095e5081d8f3bba94cfa82160a998d150244511a677acedcc3355a,2026-10-02T08:26:38+00:00,vpic/canada/hyundai/2025.json.gz,ok,
vpic_models,hyundai,,,2026,https://vpic.nhtsa.dot.gov/api/vehicles/GetModelsForMakeYear/make/Hyundai/modelyear/2026?format=json,200,1601,7b3659e4c82207bb358a18101950b2404b18bd2ebfabb309d7e65db2ab87a9b7,2026-10-02T08:26:40+00:00,vpic/models/hyundai/2026.json.gz,ok,
vpic_canada_specs,hyundai,,,2026,https://vpic.nhtsa.dot.gov/api/vehicles/GetCanadianVehicleSpecifications/?year=2026&make=Hyundai&model=&units=Metric&format=json,200,14665,58daabe1849e67cfa2aed59eb51e306d10f005528232459cf4b448d12749a6c8,2026-10-02T08:26:42+00:00,vpic/canada/hyundai/2026.json.gz,ok,
vpic_models,kia,,,2014,https://vpic.nhtsa.dot.gov/api/vehicles/GetModelsForMakeYear/make/Kia/modelyear/2014?format=json,200,853,dbf18e7d907e17b2102a52358813a81b17de31360b6bde7f8752001d056603b4,2026-10-02T08:26:45+00:00,vpic/models/kia/2014.json.gz,ok,
vpic_canada_specs,kia,,,2014,https://vpic.nhtsa.dot.gov/api/vehicles/GetCanadianVehicleSpecifications/?year=2014&make=Kia&model=&units=Metric&format=json,200,13048,8c05fd388101396cce5be4bda87f4f7da4e57c536a043306a5d8cc3da2c22b21,2026-10-02T08:26:48+00:00,vpic/canada/kia/2014.json.gz,ok,
vpic_models,kia,,,2015,https://vpic.nhtsa.dot.gov/api/vehicles/GetModelsForMakeYear/make/Kia/modelyear/2015?format=json,200,923,11a9ba28c3b876799fa419e736edd8c59709598c73afd7649ca0204a654b6739,2026-10-02T08:26:51+00:00,vpic/models/kia/2015.json.gz,ok,
vpic_canada_specs,kia,,,2015,https://vpic.nhtsa.dot.gov/api/vehicles/GetCanadianVehicleSpecifications/?year=2015&make=Kia&model=&units=Metric&format=json,200,15212,76ce1aed4ab971bd682b8940bef47ebc86f7ee9d0cc4319952ef3c143a29f3ce,2026-10-02T08:26:54+00:00,vpic/canada/kia/2015.json.gz,ok,
vpic_models,kia,,,2016,https://vpic.nhtsa.dot.gov/api/vehicles/GetModelsForMakeYear/make/Kia/modelyear/2016?format=json,200,1000,ce94b5d8bdf0113eb4d66c34ae5a27f3f223913a45b90aeb04f63c2235327397,2026-10-02T08:26:56+00:00,vpic/models/kia/2016.json.gz,ok,
vpic_canada_specs,kia,,,2016,https://vpic.nhtsa.dot.gov/api/vehicles/GetCanadianVehicleSpecifications/?year=2016&make=Kia&model=&units=Metric&format=json,200,15643,318e6a676f7945c47dc302ae8ca7df17d816ffaddc973b7be92136d7a3f4dc8c,2026-10-02T08:26:59+00:00,vpic/canada/kia/2016.json.gz,ok,
vpic_models,kia,,,2017,https://vpic.nhtsa.dot.gov/api/vehicles/GetModelsForMakeYear/make/Kia/modelyear/2017?format=json,200,1000,a1f6fcb6e5fb6a092046cf72cb85a4407666399f435acea402bd8ef81631616b,2026-10-02T08:27:02+00:00,vpic/models/kia/2017.json.gz,ok,
vpic_canada_specs,kia,,,2017,https://vpic.nhtsa.dot.gov/api/vehicles/GetCanadianVehicleSpecifications/?year=2017&make=Kia&model=&units=Metric&format=json,200,17743,6ba6b524d08538c8344464fc799f0e7e103daa84a98ec75225579097d801fd6e,2026-10-02T08:27:05+00:00,vpic/canada/kia/2017.json.gz,ok,
vpic_models,kia,,,2018,https://vpic.nhtsa.dot.gov/api/vehicles/GetModelsForMakeYear/make/Kia/modelyear/2018?format=json,200,997,6f63291c471a9c40b7f2a1b0c4b878c8eb437d38c17654a9d5f2cde107b2cfa3,2026-10-02T08:27:08+00:00,vpic/models/kia/2018.json.gz,ok,
vpic_canada_specs,kia,,,2018,https://vpic.nhtsa.dot.gov/api/vehicles/GetCanadianVehicleSpecifications/?year=2018&make=Kia&model=&units=Metric&format=json,200,18292,41d5e7068132fcfdaf918c9164c9cdb167e07637d9e472529720e64d8378b980,2026-10-02T08:27:10+00:00,vpic/canada/kia/2018.json.gz,ok,
vpic_models,kia,,,2019,https://vpic.nhtsa.dot.gov/api/vehicles/GetModelsForMakeYear/make/Kia/modelyear/2019?format=json,200,997,6215b7da5e6a612fa1ad6243bee1823d19285d797f7289405216677e5219e773,2026-10-02T08:27:13+00:00,vpic/models/kia/2019.json.gz,ok,
vpic_canada_specs,kia,,,2019,https://vpic.nhtsa.dot.gov/api/vehicles/GetCanadianVehicleSpecifications/?year=2019&make=Kia&model=&units=Metric&format=json,200,14478,bc04ed399327c4d6ef7e25d9374bb7891484f984c615d5ac7479cad1b2d723b1,2026-10-02T08:27:16+00:00,vpic/canada/kia/2019.json.gz,ok,
vpic_models,kia,,,2020,https://vpic.nhtsa.dot.gov/api/vehicles/GetModelsForMakeYear/make/Kia/modelyear/2020?format=json,200,1073,32e493c82e864dee469551f92b20670949a6ccce93cc7878bc929adcc978d17c,2026-10-02T08:27:19+00:00,vpic/models/kia/2020.json.gz,ok,
vpic_canada_specs,kia,,,2020,https://vpic.nhtsa.dot.gov/api/vehicles/GetCanadianVehicleSpecifications/?year=2020&make=Kia&model=&units=Metric&format=json,200,15050,5a407057f7bf68ee43e5d00d992866b05a8ebcaa13a7389da9f735e458a2c658,2026-10-02T08:27:21+00:00,vpic/canada/kia/2020.json.gz,ok,
vpic_models,kia,,,2021,https://vpic.nhtsa.dot.gov/api/vehicles/GetModelsForMakeYear/make/Kia/modelyear/2021?format=json,200,1000,e1cc34a3d0ef8ad1cbc37a0a479fdd605b2a71b2d909a2ed12d29dee36f3969e,2026-10-02T08:27:23+00:00,vpic/models/kia/2021.json.gz,ok,
vpic_canada_specs,kia,,,2021,https://vpic.nhtsa.dot.gov/api/vehicles/GetCanadianVehicleSpecifications/?year=2021&make=Kia&model=&units=Metric&format=json,200,15019,f67e304f31be9118ee035b9213661612d8196a9e379ccd75e0e0b8e33fd4d134,2026-10-02T08:27:25+00:00,vpic/canada/kia/2021.json.gz,ok,
vpic_models,kia,,,2022,https://vpic.nhtsa.dot.gov/api/vehicles/GetModelsForMakeYear/make/Kia/modelyear/2022?format=json,200,1073,027efbd55a7e2ec1ed8ecea3cfd3b0f675101b1276c45693e8c70b36d07dd353,2026-10-02T08:27:28+00:00,vpic/models/kia/2022.json.gz,ok,
vpic_canada_specs,kia,,,2022,https://vpic.nhtsa.dot.gov/api/vehicles/GetCanadianVehicleSpecifications/?year=2022&make=Kia&model=&units=Metric&format=json,200,16066,ac8bd4e201cfa87e2b8cc6a72f941def82cb1401583a557997eb2ee3bef5996d,2026-10-02T08:27:31+00:00,vpic/canada/kia/2022.json.gz,ok,
vpic_models,kia,,,2023,https://vpic.nhtsa.dot.gov/api/vehicles/GetModelsForMakeYear/make/Kia/modelyear/2023?format=json,200,1151,d1af75eb86a35a9f1de9af3a82eabfc36a4f46b29455bbd57ce924fad78e0998,2026-10-02T08:27:33+00:00,vpic/models/kia/2023.json.gz,ok,
vpic_canada_specs,kia,,,2023,https://vpic.nhtsa.dot.gov/api/vehicles/GetCanadianVehicleSpecifications/?year=2023&make=Kia&model=&units=Metric&format=json,200,14974,67bf488a35ffe83ad38478e9ad5aa4ae3cb194f456c52db1abe61ae8626a0e4b,2026-10-02T08:27:36+00:00,vpic/canada/kia/2023.json.gz,ok,
vpic_models,kia,,,2024,https://vpic.nhtsa.dot.gov/api/vehicles/GetModelsForMakeYear/make/Kia/modelyear/2024?format=json,200,1078,642abc3ef494dcb925d21e8f510d2f71a66a836a481571b7cfcecc2c022fd47f,2026-10-02T08:27:39+00:00,vpic/models/kia/2024.json.gz,ok,
vpic_canada_specs,kia,,,2024,https://vpic.nhtsa.dot.gov/api/vehicles/GetCanadianVehicleSpecifications/?year=2024&make=Kia&model=&units=Metric&format=json,200,15499,21c3912856c63df9490363e14c8a0d698e2353a3d78731142ffd95d2b2af84bb,2026-10-02T08:27:42+00:00,vpic/canada/kia/2024.json.gz,ok,
vpic_models,kia,,,2025,https://vpic.nhtsa.dot.gov/api/vehicles/GetModelsForMakeYear/make/Kia/modelyear/2025?format=json,200,1076,fd6bc056e966130d80c74ba18f8bc9fc4946324c6515921f4302cad41a8c08dd,2026-10-02T08:27:45+00:00,vpic/models/kia/2025.json.gz,ok,
vpic_canada_specs,kia,,,2025,https://vpic.nhtsa.dot.gov/api/vehicles/GetCanadianVehicleSpecifications/?year=2025&make=Kia&model=&units=Metric&format=json,200,14964,3ea80b97f883a6b6d7681d658e061c530d5f0538bc8f24f1b9c82f714a644322,2026-10-02T08:27:48+00:00,vpic/canada/kia/2025.json.gz,ok,
vpic_models,kia,,,2026,https://vpic.nhtsa.dot.gov/api/vehicles/GetModelsForMakeYear/make/Kia/modelyear/2026?format=json,200,1006,8c4826cc1b107a816904c5fa015b333258c5245e6f9a1b21da09a2208a3ee611,2026-10-02T08:27:50+00:00,vpic/models/kia/2026.json.gz,ok,
vpic_canada_specs,kia,,,2026,https://vpic.nhtsa.dot.gov/api/vehicles/GetCanadianVehicleSpecifications/?year=2026&make=Kia&model=&units=Metric&format=json,200,14396,10e28c21b0b84d34a47d288966f69e16342129c14c57778769ed96d05c78e5c5,2026-10-02T08:27:53+00:00,vpic/canada/kia/2026.json.gz,ok,
vpic_models,toyota,,,2014,https://vpic.nhtsa.dot.gov/api/vehicles/GetModelsForMakeYear/make/Toyota/modelyear/2014?format=json,200,1792,3c969cba5b4a7ce8e822764c55972df03fe7567304959c997bf1629ebe773859,2026-10-02T08:27:55+00:00,vpic/models/toyota/2014.json.gz,ok,
vpic_canada_specs,toyota,,,2014,https://vpic.nhtsa.dot.gov/api/vehicles/GetCanadianVehicleSpecifications/?year=2014&make=Toyota&model=&units=Metric&format=json,200,22473,6e93f77eafa37fae0d0121fda1f39c88c65813386feccc5741b6427dd28877e5,2026-10-02T08:27:58+00:00,vpic/canada/toyota/2014.json.gz,ok,
vpic_models,toyota,,,2015,https://vpic.nhtsa.dot.gov/api/vehicles/GetModelsForMakeYear/make/Toyota/modelyear/2015?format=json,200,1636,9d42de77ab9f40e3f39e38e43b107936804c59dbfa237b455b60a89316f7b7f9,2026-10-02T08:28:02+00:00,vpic/models/toyota/2015.json.gz,ok,
vpic_canada_specs,toyota,,,2015,https://vpic.nhtsa.dot.gov/api/vehicles/GetCanadianVehicleSpecifications/?year=2015&make=Toyota&model=&units=Metric&format=json,200,20814,6e3d395b2d1fd52cf103e227a49c2b22e2e448ae70eb1e3f8fcc30db8b46811e,2026-10-02T08:28:04+00:00,vpic/canada/toyota/2015.json.gz,ok,
vpic_models,toyota,,,2016,https://vpic.nhtsa.dot.gov/api/vehicles/GetModelsForMakeYear/make/Toyota/modelyear/2016?format=json,200,1712,2cc7f73d32c4d405d686bef2b3dbc748a1ad2017be8c028532e44f94be85c33a,2026-10-02T08:28:07+00:00,vpic/models/toyota/2016.json.gz,ok,
vpic_canada_specs,toyota,,,2016,https://vpic.nhtsa.dot.gov/api/vehicles/GetCanadianVehicleSpecifications/?year=2016&make=Toyota&model=&units=Metric&format=json,200,21737,d3a84ea4c8b6ae39d93e87d045c27ce4749f1a99ac526d91d386233ad8d10429,2026-10-02T08:28:10+00:00,vpic/canada/toyota/2016.json.gz,ok,
vpic_models,toyota,,,2017,https://vpic.nhtsa.dot.gov/api/vehicles/GetModelsForMakeYear/make/Toyota/modelyear/2017?format=json,200,1718,b0bb210ee9a652a63590e739c93c0b3163698e7deb5e1d030281b3d80bdb7265,2026-10-02T08:28:13+00:00,vpic/models/toyota/2017.json.gz,ok,
vpic_canada_specs,toyota,,,2017,https://vpic.nhtsa.dot.gov/api/vehicles/GetCanadianVehicleSpecifications/?year=2017&make=Toyota&model=&units=Metric&format=json,200,21711,ea4a9028f2d3d6b4a48e92dc69a4cdef0e0fd665cbccf718b4a7e42b42d2c100,2026-10-02T08:28:15+00:00,vpic/canada/toyota/2017.json.gz,ok,
vpic_models,toyota,,,2018,https://vpic.nhtsa.dot.gov/api/vehicles/GetModelsForMakeYear/make/Toyota/modelyear/2018?format=json,200,1641,b4d9f53fb05dec185610fbd3825913ed7622c9f64f88f98382de2253c46161bb,2026-10-02T08:28:18+00:00,vpic/models/toyota/2018.json.gz,ok,
vpic_canada_specs,toyota,,,2018,https://vpic.nhtsa.dot.gov/api/vehicles/GetCanadianVehicleSpecifications/?year=2018&make=Toyota&model=&units=Metric&format=json,200,21748,501f5f90433033e41c97de4e55f2799ce0adcb11f977650ed4606a5de96669f9,2026-10-02T08:28:21+00:00,vpic/canada/toyota/2018.json.gz,ok,
vpic_models,toyota,,,2019,https://vpic.nhtsa.dot.gov/api/vehicles/GetModelsForMakeYear/make/Toyota/modelyear/2019?format=json,200,1561,8fc37307b1cb2031098302d42cc523dea699c9314fdab20a3e9cd1b7af402ea4,2026-10-02T08:28:24+00:00,vpic/models/toyota/2019.json.gz,ok,
vpic_canada_specs,toyota,,,2019,https://vpic.nhtsa.dot.gov/api/vehicles/GetCanadianVehicleSpecifications/?year=2019&make=Toyota&model=&units=Metric&format=json,200,22842,d7cdf1976987bf068420032d2107e74b43756075698302114ca938f3d170c606,2026-10-02T08:28:26+00:00,vpic/canada/toyota/2019.json.gz,ok,
vpic_models,toyota,,,2020,https://vpic.nhtsa.dot.gov/api/vehicles/GetModelsForMakeYear/make/Toyota/modelyear/2020?format=json,200,1557,8e9249a71be003e165793efb58a664965fad4e58d569b5605fdb6975c88a721d,2026-10-02T08:28:28+00:00,vpic/models/toyota/2020.json.gz,ok,
vpic_canada_specs,toyota,,,2020,https://vpic.nhtsa.dot.gov/api/vehicles/GetCanadianVehicleSpecifications/?year=2020&make=Toyota&model=&units=Metric&format=json,200,22288,02aaba89edc4bb12bb8efd0cecb057703851355473b2f466c62f3fb0290b281e,2026-10-02T08:28:31+00:00,vpic/canada/toyota/2020.json.gz,ok,
vpic_models,toyota,,,2021,https://vpic.nhtsa.dot.gov/api/vehicles/GetModelsForMakeYear/make/Toyota/modelyear/2021?format=json,200,1495,b43635d575e82c0415cbb4fb37f519f8278236c7c890d0ef47d9a2e199e20611,2026-10-02T08:28:34+00:00,vpic/models/toyota/2021.json.gz,ok,
vpic_canada_specs,toyota,,,2021,https://vpic.nhtsa.dot.gov/api/vehicles/GetCanadianVehicleSpecifications/?year=2021&make=Toyota&model=&units=Metric&format=json,200,21737,e47600d6caf32f484187949c45eedb6602dc44ca4821af34482b65b2a3236de0,2026-10-02T08:28:36+00:00,vpic/canada/toyota/2021.json.gz,ok,
vpic_models,toyota,,,2022,https://vpic.nhtsa.dot.gov/api/vehicles/GetModelsForMakeYear/make/Toyota/modelyear/2022?format=json,200,1571,522c0e34ffd9b936a6e50e53f1b29a57cccad244cb74a7d04bf93f56e5ef7fac,2026-10-02T08:28:41+00:00,vpic/models/toyota/2022.json.gz,ok,
vpic_canada_specs,toyota,,,2022,https://vpic.nhtsa.dot.gov/api/vehicles/GetCanadianVehicleSpecifications/?year=2022&make=Toyota&model=&units=Metric&format=json,200,24947,11530d90b07f995bcff2aebbc6ee9e0a6aa468b13267a5fa66b2c4cb0423ef44,2026-10-02T08:28:43+00:00,vpic/canada/toyota/2022.json.gz,ok,
vpic_models,toyota,,,2023,https://vpic.nhtsa.dot.gov/api/vehicles/GetModelsForMakeYear/make/Toyota/modelyear/2023?format=json,200,1651,ae0e2c27a1129ca3e7d2a6b3de3cf52df1d251c7925a1cb08dd6262f1da47050,2026-10-02T08:28:45+00:00,vpic/models/toyota/2023.json.gz,ok,
vpic_canada_specs,toyota,,,2023,https://vpic.nhtsa.dot.gov/api/vehicles/GetCanadianVehicleSpecifications/?year=2023&make=Toyota&model=&units=Metric&format=json,200,26572,ec31126d2a21bf37bf3952976f207f0887d51e0705bdca63610e61bd2e5c59cf,2026-10-02T08:28:48+00:00,vpic/canada/toyota/2023.json.gz,ok,
vpic_models,toyota,,,2024,https://vpic.nhtsa.dot.gov/api/vehicles/GetModelsForMakeYear/make/Toyota/modelyear/2024?format=json,200,1818,eb8560bfd198291e1c2b0334ee14cb94e3203fb7d42232c3cdbb8a08a74f48e5,2026-10-02T08:28:50+00:00,vpic/models/toyota/2024.json.gz,ok,
vpic_canada_specs,toyota,,,2024,https://vpic.nhtsa.dot.gov/api/vehicles/GetCanadianVehicleSpecifications/?year=2024&make=Toyota&model=&units=Metric&format=json,200,30905,50cd2de65d979a0b5fd5c92214b42376ce22cfb2296708ea1831def67e87c9f2,2026-10-02T08:28:53+00:00,vpic/canada/toyota/2024.json.gz,ok,
vpic_models,toyota,,,2025,https://vpic.nhtsa.dot.gov/api/vehicles/GetModelsForMakeYear/make/Toyota/modelyear/2025?format=json,200,1826,63741973a12e5efcdc6ae452cce19dd022a91fffba18d330c8c3b05d32e2e915,2026-10-02T08:28:55+00:00,vpic/models/toyota/2025.json.gz,ok,
vpic_canada_specs,toyota,,,2025,https://vpic.nhtsa.dot.gov/api/vehicles/GetCanadianVehicleSpecifications/?year=2025&make=Toyota&model=&units=Metric&format=json,200,29262,2eddb70c36bcb40c36e3b752953696ce26c2335787d482299422502589dec749,2026-10-02T08:28:59+00:00,vpic/canada/toyota/2025.json.gz,ok,
vpic_models,toyota,,,2026,https://vpic.nhtsa.dot.gov/api/vehicles/GetModelsForMakeYear/make/Toyota/modelyear/2026?format=json,200,1979,d54321172146aa16e2b9de3bba95ba9c8de16b474183086dbfba7fe35697920e,2026-10-02T08:29:01+00:00,vpic/models/toyota/2026.json.gz,ok,
vpic_canada_specs,toyota,,,2026,https://vpic.nhtsa.dot.gov/api/vehicles/GetCanadianVehicleSpecifications/?year=2026&make=Toyota&model=&units=Metric&format=json,200,29756,d6de39069cf875bc759fe51561a85b89f202a9fcb3b5a46fdba3512bd3ced312,2026-10-02T08:29:05+00:00,vpic/canada/toyota/2026.json.gz,ok,
vpic_models,mercedes-benz,,,2014,https://vpic.nhtsa.dot.gov/api/vehicles/GetModelsForMakeYear/make/Mercedes-Benz/modelyear/2014?format=json,200,1634,9f6b8cfba84d70a9d40b3e27b9cd4dfe99532886cd4efe0dbb31107533f7b969,2026-10-02T08:29:08+00:00,vpic/models/mercedes-benz/2014.json.gz,ok,
vpic_canada_specs,mercedes-benz,,,2014,https://vpic.nhtsa.dot.gov/api/vehicles/GetCanadianVehicleSpecifications/?year=2014&make=Mercedes-Benz&model=&units=Metric&format=json,200,33995,d59b79c98824c809fee2fb4530523a08ca106da6d655643e69598e87fda85da6,2026-10-02T08:29:11+00:00,vpic/canada/mercedes-benz/2014.json.gz,ok,
vpic_models,mercedes-benz,,,2015,https://vpic.nhtsa.dot.gov/api/vehicles/GetModelsForMakeYear/make/Mercedes-Benz/modelyear/2015?format=json,200,1720,3decc1cf03d177c1897224ebc27868223062d13cb1f698537c7564a750b25155,2026-10-02T08:29:13+00:00,vpic/models/mercedes-benz/2015.json.gz,ok,
vpic_canada_specs,mercedes-benz,,,2015,https://vpic.nhtsa.dot.gov/api/vehicles/GetCanadianVehicleSpecifications/?year=2015&make=Mercedes-Benz&model=&units=Metric&format=json,200,42508,a359542ab6fb936210775c3d93a21695e626a4575be005f496128cf42508fbb0,2026-10-02T08:29:16+00:00,vpic/canada/mercedes-benz/2015.json.gz,ok,
vpic_models,mercedes-benz,,,2016,https://vpic.nhtsa.dot.gov/api/vehicles/GetModelsForMakeYear/make/Mercedes-Benz/modelyear/2016?format=json,200,2222,e3df0d06e1d99edc26ff7adfd2b256b364614c18697314c51e0bcccf2de534e2,2026-10-02T08:29:18+00:00,vpic/models/mercedes-benz/2016.json.gz,ok,
vpic_canada_specs,mercedes-benz,,,2016,https://vpic.nhtsa.dot.gov/api/vehicles/GetCanadianVehicleSpecifications/?year=2016&make=Mercedes-Benz&model=&units=Metric&format=json,200,46207,39e4e5d9ae9087633ec27e87719500220630f2eba0983d5528b0489d2b0555d1,2026-10-02T08:29:21+00:00,vpic/canada/mercedes-benz/2016.json.gz,ok,
vpic_models,mercedes-benz,,,2017,https://vpic.nhtsa.dot.gov/api/vehicles/GetModelsForMakeYear/make/Mercedes-Benz/modelyear/2017?format=json,200,2305,e229a92d8fe3914c5a5b9ec89bcf1d47420fc41ca2b982edb18892c67208b035,2026-10-02T08:29:24+00:00,vpic/models/mercedes-benz/2017.json.gz,ok,
vpic_canada_specs,mercedes-benz,,,2017,https://vpic.nhtsa.dot.gov/api/vehicles/GetCanadianVehicleSpecifications/?year=2017&make=Mercedes-Benz&model=&units=Metric&format=json,200,48920,3422f3a1b029122b8653d19d23fdb2e434f920395852aca258e669efd82962ed,2026-10-02T08:29:26+00:00,vpic/canada/mercedes-benz/2017.json.gz,ok,
vpic_models,mercedes-benz,,,2018,https://vpic.nhtsa.dot.gov/api/vehicles/GetModelsForMakeYear/make/Mercedes-Benz/modelyear/2018?format=json,200,2305,0746af2770e648c6692130bbd9c602bc2ff11a6f79e1e37c462e524b549772a3,2026-10-02T08:29:30+00:00,vpic/models/mercedes-benz/2018.json.gz,ok,
vpic_canada_specs,mercedes-benz,,,2018,https://vpic.nhtsa.dot.gov/api/vehicles/GetCanadianVehicleSpecifications/?year=2018&make=Mercedes-Benz&model=&units=Metric&format=json,200,49462,6540b5401876b3c20731736cf6e2b53c4d610296872491fbff3844d2bf01c482,2026-10-02T08:29:33+00:00,vpic/canada/mercedes-benz/2018.json.gz,ok,
vpic_models,mercedes-benz,,,2019,https://vpic.nhtsa.dot.gov/api/vehicles/GetModelsForMakeYear/make/Mercedes-Benz/modelyear/2019?format=json,200,2472,5ff4851f557a4d71101a456e8e7f0571bbe3d59d0eda6caac85972b696460181,2026-10-02T08:29:36+00:00,vpic/models/mercedes-benz/2019.json.gz,ok,
vpic_canada_specs,mercedes-benz,,,2019,https://vpic.nhtsa.dot.gov/api/vehicles/GetCanadianVehicleSpecifications/?year=2019&make=Mercedes-Benz&model=&units=Metric&format=json,200,60910,dc959c3fdea31ac6f209886cc6d0b5f955c81380be1eec5a356dd25910e266d4,2026-10-02T08:29:39+00:00,vpic/canada/mercedes-benz/2019.json.gz,ok,
vpic_models,mercedes-benz,,,2020,https://vpic.nhtsa.dot.gov/api/vehicles/GetModelsForMakeYear/make/Mercedes-Benz/modelyear/2020?format=json,200,2475,b4d669b2aed826a3d4e72d0a09e79c3835b5918a02a4053b9f0b8880fb2f791e,2026-10-02T08:29:42+00:00,vpic/models/mercedes-benz/2020.json.gz,ok,
vpic_canada_specs,mercedes-benz,,,2020,https://vpic.nhtsa.dot.gov/api/vehicles/GetCanadianVehicleSpecifications/?year=2020&make=Mercedes-Benz&model=&units=Metric&format=json,200,56485,20ab84c05f473039bb0953f266f96b6dc10b5f9ec7e9a79d331b25f27f1d2757,2026-10-02T08:29:44+00:00,vpic/canada/mercedes-benz/2020.json.gz,ok,
vpic_models,mercedes-benz,,,2021,https://vpic.nhtsa.dot.gov/api/vehicles/GetModelsForMakeYear/make/Mercedes-Benz/modelyear/2021?format=json,200,2136,bc118de28d62a5fb1acddcbe2c7c2e6ded238752b355f9956e97535fc0fd0d2c,2026-10-02T08:29:47+00:00,vpic/models/mercedes-benz/2021.json.gz,ok,
vpic_canada_specs,mercedes-benz,,,2021,https://vpic.nhtsa.dot.gov/api/vehicles/GetCanadianVehicleSpecifications/?year=2021&make=Mercedes-Benz&model=&units=Metric&format=json,200,58186,2cb72b2e352fc9636341a40cffd144b30745dfe5434196cfb461055d31c13400,2026-10-02T08:29:49+00:00,vpic/canada/mercedes-benz/2021.json.gz,ok,
vpic_models,mercedes-benz,,,2022,https://vpic.nhtsa.dot.gov/api/vehicles/GetModelsForMakeYear/make/Mercedes-Benz/modelyear/2022?format=json,200,2314,5146ad2868f2ddf3a07b149202d702edc0ea9052deaebc4e35f6d1b30d71c828,2026-10-02T08:29:52+00:00,vpic/models/mercedes-benz/2022.json.gz,ok,
vpic_canada_specs,mercedes-benz,,,2022,https://vpic.nhtsa.dot.gov/api/vehicles/GetCanadianVehicleSpecifications/?year=2022&make=Mercedes-Benz&model=&units=Metric&format=json,200,57073,49d75e77515a8942a20165e8a9dab629def75f3b0c37760e9d30c5ea6a048e8e,2026-10-02T08:29:55+00:00,vpic/canada/mercedes-benz/2022.json.gz,ok,
vpic_models,mercedes-benz,,,2023,https://vpic.nhtsa.dot.gov/api/vehicles/GetModelsForMakeYear/make/Mercedes-Benz/modelyear/2023?format=json,200,2334,31fceded34628a4708174c958a823c7e7038003f83d7c4cbc6b4dbd03a889752,2026-10-02T08:29:58+00:00,vpic/models/mercedes-benz/2023.json.gz,ok,
vpic_canada_specs,mercedes-benz,,,2023,https://vpic.nhtsa.dot.gov/api/vehicles/GetCanadianVehicleSpecifications/?year=2023&make=Mercedes-Benz&model=&units=Metric&format=json,200,58697,e92d85ee180c920d2ddf393cd3e1cf5a09f7ad37931df4ef40868edfac9808d2,2026-10-02T08:30:01+00:00,vpic/canada/mercedes-benz/2023.json.gz,ok,
vpic_models,mercedes-benz,,,2024,https://vpic.nhtsa.dot.gov/api/vehicles/GetModelsForMakeYear/make/Mercedes-Benz/modelyear/2024?format=json,200,2341,c398ab6c998ab02d473d59572f9698af50d37e809e9f764e4447d8ff0171b61c,2026-10-02T08:30:03+00:00,vpic/models/mercedes-benz/2024.json.gz,ok,
vpic_canada_specs,mercedes-benz,,,2024,https://vpic.nhtsa.dot.gov/api/vehicles/GetCanadianVehicleSpecifications/?year=2024&make=Mercedes-Benz&model=&units=Metric&format=json,200,60272,71b5ad3356f04fe7d4457013f48a7f81ae03eddd55567ef227075e85eba9bd97,2026-10-02T08:30:06+00:00,vpic/canada/mercedes-benz/2024.json.gz,ok,
vpic_models,mercedes-benz,,,2025,https://vpic.nhtsa.dot.gov/api/vehicles/GetModelsForMakeYear/make/Mercedes-Benz/modelyear/2025?format=json,200,2530,781dac2f0be58f21dec2c09aac8f94c2b82f92bd1a86447d66268d737e9e9977,2026-10-02T08:30:09+00:00,vpic/models/mercedes-benz/2025.json.gz,ok,
vpic_canada_specs,mercedes-benz,,,2025,https://vpic.nhtsa.dot.gov/api/vehicles/GetCanadianVehicleSpecifications/?year=2025&make=Mercedes-Benz&model=&units=Metric&format=json,200,54194,9b6b6f8dfdfe17ce93ca83669ce12291ecc9449171c95d5754116a74e81716b1,2026-10-02T08:30:12+00:00,vpic/canada/mercedes-benz/2025.json.gz,ok,
vpic_models,mercedes-benz,,,2026,https://vpic.nhtsa.dot.gov/api/vehicles/GetModelsForMakeYear/make/Mercedes-Benz/modelyear/2026?format=json,200,2444,68f47dd212dbbf93092142e7e9430c01dda91a20aa85c05add492aeff393b99d,2026-10-02T08:30:14+00:00,vpic/models/mercedes-benz/2026.json.gz,ok,
vpic_canada_specs,mercedes-benz,,,2026,https://vpic.nhtsa.dot.gov/api/vehicles/GetCanadianVehicleSpecifications/?year=2026&make=Mercedes-Benz&model=&units=Metric&format=json,200,54736,e6e1e851fe9d38aeed3ba23050c5eac3d157774df79ba9f8019eb2a46c67ac0b,2026-10-02T08:30:16+00:00,vpic/canada/mercedes-benz/2026.json.gz,ok,
vpic_models,bmw,,,2014,https://vpic.nhtsa.dot.gov/api/vehicles/GetModelsForMakeYear/make/BMW/modelyear/2014?format=json,200,4211,6e685b10e62646b48860180788d1898fa2c3a9eb269f0afd434829d4cf6863f2,2026-10-02T08:30:19+00:00,vpic/models/bmw/2014.json.gz,ok,
vpic_canada_specs,bmw,,,2014,https://vpic.nhtsa.dot.gov/api/vehicles/GetCanadianVehicleSpecifications/?year=2014&make=BMW&model=&units=Metric&format=json,200,30446,38f4bdd29fcc22ea19b559c2d1265804f790b4fef051fb8167850ea883654791,2026-10-02T08:30:21+00:00,vpic/canada/bmw/2014.json.gz,ok,
vpic_models,bmw,,,2015,https://vpic.nhtsa.dot.gov/api/vehicles/GetModelsForMakeYear/make/BMW/modelyear/2015?format=json,200,4148,b3f6c92adcdf806b6ea8b9f60f1c2c81af11317a47d062470924f12c39637d08,2026-10-02T08:30:24+00:00,vpic/models/bmw/2015.json.gz,ok,
vpic_canada_specs,bmw,,,2015,https://vpic.nhtsa.dot.gov/api/vehicles/GetCanadianVehicleSpecifications/?year=2015&make=BMW&model=&units=Metric&format=json,200,39161,bdfa1449c178b0cc195801bb35b94d46d7fccf1d4b2cbe2d8e701eaccc67764c,2026-10-02T08:30:26+00:00,vpic/canada/bmw/2015.json.gz,ok,
vpic_models,bmw,,,2016,https://vpic.nhtsa.dot.gov/api/vehicles/GetModelsForMakeYear/make/BMW/modelyear/2016?format=json,200,3755,86c853509faeadca0363f7e8df7f42d099cba1ffa995543c51221f6d287db3b5,2026-10-02T08:30:28+00:00,vpic/models/bmw/2016.json.gz,ok,
vpic_canada_specs,bmw,,,2016,https://vpic.nhtsa.dot.gov/api/vehicles/GetCanadianVehicleSpecifications/?year=2016&make=BMW&model=&units=Metric&format=json,200,33704,62a30c9ee098574d4a7b050b7ed85217cc2a52410b7fa6eb924831f4605601e8,2026-10-02T08:30:31+00:00,vpic/canada/bmw/2016.json.gz,ok,
vpic_models,bmw,,,2017,https://vpic.nhtsa.dot.gov/api/vehicles/GetModelsForMakeYear/make/BMW/modelyear/2017?format=json,200,4050,71076248ba569116d5f0002f9c4a58fd49575c4185ee1abe1ce8fda449a65b99,2026-10-02T08:30:34+00:00,vpic/models/bmw/2017.json.gz,ok,
vpic_canada_specs,bmw,,,2017,https://vpic.nhtsa.dot.gov/api/vehicles/GetCanadianVehicleSpecifications/?year=2017&make=BMW&model=&units=Metric&format=json,200,38527,1efa5ad2198e8446334fed7fb824c1b5004cf775b433d3cb500dfcf21f501d0d,2026-10-02T08:30:36+00:00,vpic/canada/bmw/2017.json.gz,ok,
vpic_models,bmw,,,2018,https://vpic.nhtsa.dot.gov/api/vehicles/GetModelsForMakeYear/make/BMW/modelyear/2018?format=json,200,4352,dcca31ae68b410f577fe3ebb14bfb08caf759f3e51123a983a715bf465325d42,2026-10-02T08:30:39+00:00,vpic/models/bmw/2018.json.gz,ok,
vpic_canada_specs,bmw,,,2018,https://vpic.nhtsa.dot.gov/api/vehicles/GetCanadianVehicleSpecifications/?year=2018&make=BMW&model=&units=Metric&format=json,200,36806,8c3fa382fe0a51d8be4d4de2900f93170b861bc9120071752c1daee13d920992,2026-10-02T08:30:43+00:00,vpic/canada/bmw/2018.json.gz,ok,
vpic_models,bmw,,,2019,https://vpic.nhtsa.dot.gov/api/vehicles/GetModelsForMakeYear/make/BMW/modelyear/2019?format=json,200,4871,dfc364e790f71b71ee780f563a2db8abce13ed2327bc22fb2915f09fab845d97,2026-10-02T08:30:45+00:00,vpic/models/bmw/2019.json.gz,ok,
vpic_canada_specs,bmw,,,2019,https://vpic.nhtsa.dot.gov/api/vehicles/GetCanadianVehicleSpecifications/?year=2019&make=BMW&model=&units=Metric&format=json,200,31840,4bed38270826c0563ac5e822533e4e65627e7265916e43f59e8ed175b44dae4f,2026-10-02T08:30:47+00:00,vpic/canada/bmw/2019.json.gz,ok,
vpic_models,bmw,,,2020,https://vpic.nhtsa.dot.gov/api/vehicles/GetModelsForMakeYear/make/BMW/modelyear/2020?format=json,200,4726,eee57560cb66313cd647276f73730bc135b6d2f12c251a2b915c96c875bd7e6d,2026-10-02T08:30:49+00:00,vpic/models/bmw/2020.json.gz,ok,
vpic_canada_specs,bmw,,,2020,https://vpic.nhtsa.dot.gov/api/vehicles/GetCanadianVehicleSpecifications/?year=2020&make=BMW&model=&units=Metric&format=json,200,33937,bf2ced866853782b6ac93136571e6cc88057a4d3adf32c65a92b2db1c4c7a51a,2026-10-02T08:30:52+00:00,vpic/canada/bmw/2020.json.gz,ok,
vpic_models,bmw,,,2021,https://vpic.nhtsa.dot.gov/api/vehicles/GetModelsForMakeYear/make/BMW/modelyear/2021?format=json,200,5020,96f287166a46a77aed9d97fb391ab191d14526bacb0043a53f9abee91b0010b9,2026-10-02T08:30:55+00:00,vpic/models/bmw/2021.json.gz,ok,
vpic_canada_specs,bmw,,,2021,https://vpic.nhtsa.dot.gov/api/vehicles/GetCanadianVehicleSpecifications/?year=2021&make=BMW&model=&units=Metric&format=json,200,33886,f11433424cac2da5a108faeb69bd78cacd6b134ecb21e53381d66fd2d35b2f28,2026-10-02T08:30:58+00:00,vpic/canada/bmw/2021.json.gz,ok,
vpic_models,bmw,,,2022,https://vpic.nhtsa.dot.gov/api/vehicles/GetModelsForMakeYear/make/BMW/modelyear/2022?format=json,200,4345,3ad5bb4017f3bfc9987cc19add63ec68da73e94dd33eb091fb167282cd78ced3,2026-10-02T08:31:01+00:00,vpic/models/bmw/2022.json.gz,ok,
vpic_canada_specs,bmw,,,2022,https://vpic.nhtsa.dot.gov/api/vehicles/GetCanadianVehicleSpecifications/?year=2022&make=BMW&model=&units=Metric&format=json,200,30671,df7693783c80e5c470bfe7736b6dc736b495dbefdb077f42c51cd20a8057fbcb,2026-10-02T08:31:03+00:00,vpic/canada/bmw/2022.json.gz,ok,
vpic_models,bmw,,,2023,https://vpic.nhtsa.dot.gov/api/vehicles/GetModelsForMakeYear/make/BMW/modelyear/2023?format=json,200,4267,c175dbaed424bb70855ffdcddcd18360c04d8c247932c5938c819c4a112c7841,2026-10-02T08:31:06+00:00,vpic/models/bmw/2023.json.gz,ok,
vpic_canada_specs,bmw,,,2023,https://vpic.nhtsa.dot.gov/api/vehicles/GetCanadianVehicleSpecifications/?year=2023&make=BMW&model=&units=Metric&format=json,200,30060,7a6ce71bb2a0a8d7af783fb3a9b164637269ed94485746e66c73510eeaffb0ce,2026-10-02T08:31:08+00:00,vpic/canada/bmw/2023.json.gz,ok,
vpic_models,bmw,,,2024,https://vpic.nhtsa.dot.gov/api/vehicles/GetModelsForMakeYear/make/BMW/modelyear/2024?format=json,200,4984,af3685764637339e13ef055e73590d9fef7b8b819ed8c1d37949bcc614687bb9,2026-10-02T08:31:11+00:00,vpic/models/bmw/2024.json.gz,ok,
vpic_canada_specs,bmw,,,2024,https://vpic.nhtsa.dot.gov/api/vehicles/GetCanadianVehicleSpecifications/?year=2024&make=BMW&model=&units=Metric&format=json,200,32213,f2994aa7c49593ee407fca1c3632e728ba29b0ff9c475413e36215d6b283bc97,2026-10-02T08:31:13+00:00,vpic/canada/bmw/2024.json.gz,ok,
vpic_models,bmw,,,2025,https://vpic.nhtsa.dot.gov/api/vehicles/GetModelsForMakeYear/make/BMW/modelyear/2025?format=json,200,4683,e6e3d3ae119ce4c270b5e6c1e85e69e949d5fdf1d3e5def0a0a6d7545231efed,2026-10-02T08:31:17+00:00,vpic/models/bmw/2025.json.gz,ok,
vpic_canada_specs,bmw,,,2025,https://vpic.nhtsa.dot.gov/api/vehicles/GetCanadianVehicleSpecifications/?year=2025&make=BMW&model=&units=Metric&format=json,200,29556,2e185ac4936f63e8a14df8d4dd915357537b234c52521ae3f66e3ce0bbb9b726,2026-10-02T08:31:19+00:00,vpic/canada/bmw/2025.json.gz,ok,
vpic_models,bmw,,,2026,https://vpic.nhtsa.dot.gov/api/vehicles/GetModelsForMakeYear/make/BMW/modelyear/2026?format=json,200,4233,71add232b19c42d0dc64976e70226a5c22e93e8fd32e9623ff2d91f02895e998,2026-10-02T08:31:22+00:00,vpic/models/bmw/2026.json.gz,ok,
vpic_canada_specs,bmw,,,2026,https://vpic.nhtsa.dot.gov/api/vehicles/GetCanadianVehicleSpecifications/?year=2026&make=BMW&model=&units=Metric&format=json,200,30120,c6a01d7b312f51e147bd371cdfd9f341894ce35f6e009d57485e21806e1d845b,2026-10-02T08:31:25+00:00,vpic/canada/bmw/2026.json.gz,ok,
vpic_models,chevrolet,,,2014,https://vpic.nhtsa.dot.gov/api/vehicles/GetModelsForMakeYear/make/Chevrolet/modelyear/2014?format=json,200,2104,f053c66cd3b5649477653bdfe532c293090a9854e85ca1e3b786422e438dc46b,2026-10-02T08:31:27+00:00,vpic/models/chevrolet/2014.json.gz,ok,
vpic_canada_specs,chevrolet,,,2014,https://vpic.nhtsa.dot.gov/api/vehicles/GetCanadianVehicleSpecifications/?year=2014&make=Chevrolet&model=&units=Metric&format=json,200,37483,d61c3e65f489a4469ce8bb4964f40f521f9d0d7340ac8f11eddc599e2b737b7e,2026-10-02T08:31:29+00:00,vpic/canada/chevrolet/2014.json.gz,ok,
vpic_models,chevrolet,,,2015,https://vpic.nhtsa.dot.gov/api/vehicles/GetModelsForMakeYear/make/Chevrolet/modelyear/2015?format=json,200,2348,b3db33c4413a9938e9fbaeb4650983f5c0ed1d0817a774d25171a525df1d102a,2026-10-02T08:31:36+00:00,vpic/models/chevrolet/2015.json.gz,ok,
vpic_canada_specs,chevrolet,,,2015,https://vpic.nhtsa.dot.gov/api/vehicles/GetCanadianVehicleSpecifications/?year=2015&make=Chevrolet&model=&units=Metric&format=json,200,45734,d3edd5e87beea01e17d9d63c66fa617141e26fc76ed26a6bac420e112f553b49,2026-10-02T08:31:42+00:00,vpic/canada/chevrolet/2015.json.gz,ok,
vpic_models,chevrolet,,,2016,https://vpic.nhtsa.dot.gov/api/vehicles/GetModelsForMakeYear/make/Chevrolet/modelyear/2016?format=json,200,2912,c17106e66741576132d9b18f765752f0b0d1af9758202455d2b06983daa56cf3,2026-10-02T08:31:47+00:00,vpic/models/chevrolet/2016.json.gz,ok,
vpic_canada_specs,chevrolet,,,2016,https://vpic.nhtsa.dot.gov/api/vehicles/GetCanadianVehicleSpecifications/?year=2016&make=Chevrolet&model=&units=Metric&format=json,200,45773,39b331a456c54d0eade7aaf3e49bfca7380ea6fb4af230622bd7df0d991b1811,2026-10-02T08:31:49+00:00,vpic/canada/chevrolet/2016.json.gz,ok,
vpic_models,chevrolet,,,2017,https://vpic.nhtsa.dot.gov/api/vehicles/GetModelsForMakeYear/make/Chevrolet/modelyear/2017?format=json,200,2898,4eeacb40fe6612bcb7250e5ff9879544bce0ede48fed083003d5552aadc92e23,2026-10-02T08:31:51+00:00,vpic/models/chevrolet/2017.json.gz,ok,
vpic_canada_specs,chevrolet,,,2017,https://vpic.nhtsa.dot.gov/api/vehicles/GetCanadianVehicleSpecifications/?year=2017&make=Chevrolet&model=&units=Metric&format=json,200,45096,e3696e74909b3622094416e17d6afd5a6b982017c2a10e335a244d68de590fc4,2026-10-02T08:31:54+00:00,vpic/canada/chevrolet/2017.json.gz,ok,
vpic_models,chevrolet,,,2018,https://vpic.nhtsa.dot.gov/api/vehicles/GetModelsForMakeYear/make/Chevrolet/modelyear/2018?format=json,200,2733,171ef38476c0b331b1c9d4c5e66ed2f08db9114c839ea668f2098b44779f6a1a,2026-10-02T08:31:56+00:00,vpic/models/chevrolet/2018.json.gz,ok,
vpic_canada_specs,chevrolet,,,2018,https://vpic.nhtsa.dot.gov/api/vehicles/GetCanadianVehicleSpecifications/?year=2018&make=Chevrolet&model=&units=Metric&format=json,200,43932,061b8d2525e751744e81e50d6f0ae01afd5cef66ca1b2ddfa6249a43772629b2,2026-10-02T08:31:59+00:00,vpic/canada/chevrolet/2018.json.gz,ok,
vpic_models,chevrolet,,,2019,https://vpic.nhtsa.dot.gov/api/vehicles/GetModelsForMakeYear/make/Chevrolet/modelyear/2019?format=json,200,3068,fa30bbb5dd41ae560b3b51234dba5127e3cadeef2e5bebc489ba687934187da0,2026-10-02T08:32:03+00:00,vpic/models/chevrolet/2019.json.gz,ok,
vpic_canada_specs,chevrolet,,,2019,https://vpic.nhtsa.dot.gov/api/vehicles/GetCanadianVehicleSpecifications/?year=2019&make=Chevrolet&model=&units=Metric&format=json,200,45492,b63d35eba88fa5860f36184c24d55b7d24be9fcfe25084679621c6fcbdb976ed,2026-10-02T08:32:06+00:00,vpic/canada/chevrolet/2019.json.gz,ok,
vpic_models,chevrolet,,,2020,https://vpic.nhtsa.dot.gov/api/vehicles/GetModelsForMakeYear/make/Chevrolet/modelyear/2020?format=json,200,2646,38abff35fc6053353cb22440d627da883d9ba581bfc83717259ade2466ee00bd,2026-10-02T08:32:09+00:00,vpic/models/chevrolet/2020.json.gz,ok,
vpic_canada_specs,chevrolet,,,2020,https://vpic.nhtsa.dot.gov/api/vehicles/GetCanadianVehicleSpecifications/?year=2020&make=Chevrolet&model=&units=Metric&format=json,200,44417,2b5aa3a0a8c6b9275934a88396172394bcf097f629fc4aa31304d660cefa785c,2026-10-02T08:32:12+00:00,vpic/canada/chevrolet/2020.json.gz,ok,
vpic_models,chevrolet,,,2021,https://vpic.nhtsa.dot.gov/api/vehicles/GetModelsForMakeYear/make/Chevrolet/modelyear/2021?format=json,200,2423,bbf177d4533dc5332dc55ddf677d357abdeca26368c19478fdca23d0753bab62,2026-10-02T08:32:14+00:00,vpic/models/chevrolet/2021.json.gz,ok,
vpic_canada_specs,chevrolet,,,2021,https://vpic.nhtsa.dot.gov/api/vehicles/GetCanadianVehicleSpecifications/?year=2021&make=Chevrolet&model=&units=Metric&format=json,200,41706,9e2f7aa9fb7d9fd21dcf08054b412d643386b433eb4e33ac2f405448051ae929,2026-10-02T08:32:18+00:00,vpic/canada/chevrolet/2021.json.gz,ok,
vpic_models,chevrolet,,,2022,https://vpic.nhtsa.dot.gov/api/vehicles/GetModelsForMakeYear/make/Chevrolet/modelyear/2022?format=json,200,2917,b46f9b0e64804e8eba71bec9c9a95a826e0fa5ed60943856b912bde1a6714cc0,2026-10-02T08:32:21+00:00,vpic/models/chevrolet/2022.json.gz,ok,
vpic_canada_specs,chevrolet,,,2022,https://vpic.nhtsa.dot.gov/api/vehicles/GetCanadianVehicleSpecifications/?year=2022&make=Chevrolet&model=&units=Metric&format=json,200,42247,1e669bb85bae85f757fd49fb7d81a35fe8dd985002e98de7d2bb4ab7ab1d6b43,2026-10-02T08:32:24+00:00,vpic/canada/chevrolet/2022.json.gz,ok,
vpic_models,chevrolet,,,2023,https://vpic.nhtsa.dot.gov/api/vehicles/GetModelsForMakeYear/make/Chevrolet/modelyear/2023?format=json,200,2668,94df176ccc9a2fe951659cb59c5565def492d4e8d7a1dd45dd80415c4dafabb5,2026-10-02T08:32:27+00:00,vpic/models/chevrolet/2023.json.gz,ok,
vpic_canada_specs,chevrolet,,,2023,https://vpic.nhtsa.dot.gov/api/vehicles/GetCanadianVehicleSpecifications/?year=2023&make=Chevrolet&model=&units=Metric&format=json,200,41669,b625102db555f0cc6a4fe760f59d7a483477a40c03a609d2cd04764b492a520e,2026-10-02T08:32:29+00:00,vpic/canada/chevrolet/2023.json.gz,ok,
vpic_models,chevrolet,,,2024,https://vpic.nhtsa.dot.gov/api/vehicles/GetModelsForMakeYear/make/Chevrolet/modelyear/2024?format=json,200,2754,9402850b62c3ad6ced99494fef0864d0df29bcc250d61353cb0dfb1d4f1b6a1d,2026-10-02T08:32:32+00:00,vpic/models/chevrolet/2024.json.gz,ok,
vpic_canada_specs,chevrolet,,,2024,https://vpic.nhtsa.dot.gov/api/vehicles/GetCanadianVehicleSpecifications/?year=2024&make=Chevrolet&model=&units=Metric&format=json,200,44933,9ac74f30fb4ef792f2578669784a2b063072a76f1d5ea5cb773854a6899c003b,2026-10-02T08:32:35+00:00,vpic/canada/chevrolet/2024.json.gz,ok,
vpic_models,chevrolet,,,2025,https://vpic.nhtsa.dot.gov/api/vehicles/GetModelsForMakeYear/make/Chevrolet/modelyear/2025?format=json,200,2439,0270359cdd91038db898b969911d1f2b84eb2176ae42181f5e5867ff2037ba12,2026-10-02T08:32:38+00:00,vpic/models/chevrolet/2025.json.gz,ok,
vpic_canada_specs,chevrolet,,,2025,https://vpic.nhtsa.dot.gov/api/vehicles/GetCanadianVehicleSpecifications/?year=2025&make=Chevrolet&model=&units=Metric&format=json,200,44880,b84963725828e7f7961f1d9b23015d97f5d7e7392fa85253823bdf62bf2c4483,2026-10-02T08:32:41+00:00,vpic/canada/chevrolet/2025.json.gz,ok,
vpic_models,chevrolet,,,2026,https://vpic.nhtsa.dot.gov/api/vehicles/GetModelsForMakeYear/make/Chevrolet/modelyear/2026?format=json,200,2361,6b8040653a54a4be5eabdccc1fa1dd8fa9d00c6013e3810e613b222187fb6d0a,2026-10-02T08:32:44+00:00,vpic/models/chevrolet/2026.json.gz,ok,
vpic_canada_specs,chevrolet,,,2026,https://vpic.nhtsa.dot.gov/api/vehicles/GetCanadianVehicleSpecifications/?year=2026&make=Chevrolet&model=&units=Metric&format=json,200,45936,9d882604dc6b0f27ce97842cd8f593a30f12c4537cdcbc180f81cdd9eddc062f,2026-10-02T08:32:47+00:00,vpic/canada/chevrolet/2026.json.gz,ok,
vpic_models,ford,,,2014,https://vpic.nhtsa.dot.gov/api/vehicles/GetModelsForMakeYear/make/Ford/modelyear/2014?format=json,200,3974,9d0ac3f3f3ee43fe16a13cbd35359a8b87f4b986df918ff20e72eb5628aa249e,2026-10-02T08:32:50+00:00,vpic/models/ford/2014.json.gz,ok,
vpic_canada_specs,ford,,,2014,https://vpic.nhtsa.dot.gov/api/vehicles/GetCanadianVehicleSpecifications/?year=2014&make=Ford&model=&units=Metric&format=json,200,45762,887627ec4462fabc98fecacb6634022f9caa2db40ceb04ead80cbf70057855de,2026-10-02T08:32:53+00:00,vpic/canada/ford/2014.json.gz,ok,
vpic_models,ford,,,2015,https://vpic.nhtsa.dot.gov/api/vehicles/GetModelsForMakeYear/make/Ford/modelyear/2015?format=json,200,3631,4434cb38d2b34773b3e545dbd9987e5b2b3ff73ed19b6b15ff679d75d29f4353,2026-10-02T08:32:55+00:00,vpic/models/ford/2015.json.gz,ok,
vpic_canada_specs,ford,,,2015,https://vpic.nhtsa.dot.gov/api/vehicles/GetCanadianVehicleSpecifications/?year=2015&make=Ford&model=&units=Metric&format=json,200,50107,0c19b86f3152788613431564f3011a5270677715f1085debd3f0beeeafb606de,2026-10-02T08:32:57+00:00,vpic/canada/ford/2015.json.gz,ok,
vpic_models,ford,,,2016,https://vpic.nhtsa.dot.gov/api/vehicles/GetModelsForMakeYear/make/Ford/modelyear/2016?format=json,200,3559,ef8d0fdcc6057d55696e73f889fdabe56fb4a103434aadc4565a7db79a4ce2b7,2026-10-02T08:33:00+00:00,vpic/models/ford/2016.json.gz,ok,
vpic_canada_specs,ford,,,2016,https://vpic.nhtsa.dot.gov/api/vehicles/GetCanadianVehicleSpecifications/?year=2016&make=Ford&model=&units=Metric&format=json,200,49936,04f3f711f7597648eb214c9d4604016b0c9c05f34ec62fec8fafabfcd053b8f7,2026-10-02T08:33:03+00:00,vpic/canada/ford/2016.json.gz,ok,
vpic_models,ford,,,2017,https://vpic.nhtsa.dot.gov/api/vehicles/GetModelsForMakeYear/make/Ford/modelyear/2017?format=json,200,3996,37b4761d3aaca1889b36b305fe3f7d37229e8417e9cd5a687873c3dac024da05,2026-10-02T08:33:06+00:00,vpic/models/ford/2017.json.gz,ok,
vpic_canada_specs,ford,,,2017,https://vpic.nhtsa.dot.gov/api/vehicles/GetCanadianVehicleSpecifications/?year=2017&make=Ford&model=&units=Metric&format=json,200,52065,22ceecd7cffb880f3b3ee3e913732b60438a24e81bdd99839a9ebd0229bbc3e8,2026-10-02T08:33:09+00:00,vpic/canada/ford/2017.json.gz,ok,
vpic_models,ford,,,2018,https://vpic.nhtsa.dot.gov/api/vehicles/GetModelsForMakeYear/make/Ford/modelyear/2018?format=json,200,4072,8de23ed2bb27580bbc0baf3a3d96725f36794867139b3b6f67bbcea9f99e0306,2026-10-02T08:33:11+00:00,vpic/models/ford/2018.json.gz,ok,
vpic_canada_specs,ford,,,2018,https://vpic.nhtsa.dot.gov/api/vehicles/GetCanadianVehicleSpecifications/?year=2018&make=Ford&model=&units=Metric&format=json,200,52575,cacaeef46e43d641b55317f0d92a793405e5f11e8d1d26410c04c1a2967cbbb2,2026-10-02T08:33:13+00:00,vpic/canada/ford/2018.json.gz,ok,
vpic_models,ford,,,2019,https://vpic.nhtsa.dot.gov/api/vehicles/GetModelsForMakeYear/make/Ford/modelyear/2019?format=json,200,4178,45e0391f61d0517e7130e24ffb27de49d2f4ac3e23eb1ed6fbb6d438837de711,2026-10-02T08:33:16+00:00,vpic/models/ford/2019.json.gz,ok,
vpic_canada_specs,ford,,,2019,https://vpic.nhtsa.dot.gov/api/vehicles/GetCanadianVehicleSpecifications/?year=2019&make=Ford&model=&units=Metric&format=json,200,51450,65fb59d6713008cb1995cbd75e9f914201a1300c3fa523de4cbb063485ed5d3d,2026-10-02T08:33:18+00:00,vpic/canada/ford/2019.json.gz,ok,
vpic_models,ford,,,2020,https://vpic.nhtsa.dot.gov/api/vehicles/GetModelsForMakeYear/make/Ford/modelyear/2020?format=json,200,4107,758530ea4d0bc93ebeea42a59883be29e5a67ac2134ff3ece8b7aed18eed4d33,2026-10-02T08:33:21+00:00,vpic/models/ford/2020.json.gz,ok,
vpic_canada_specs,ford,,,2020,https://vpic.nhtsa.dot.gov/api/vehicles/GetCanadianVehicleSpecifications/?year=2020&make=Ford&model=&units=Metric&format=json,200,50563,125b80611886c961ff47cd7abb9d2725c89390aaa2928be69fb2e7d320c787f1,2026-10-02T08:33:23+00:00,vpic/canada/ford/2020.json.gz,ok,
vpic_models,ford,,,2021,https://vpic.nhtsa.dot.gov/api/vehicles/GetModelsForMakeYear/make/Ford/modelyear/2021?format=json,200,4269,8d4b4ea73eb7d884d352bc32d74bc179e76e0cdb30980bd40381ecbf94585ef8,2026-10-02T08:33:26+00:00,vpic/models/ford/2021.json.gz,ok,
vpic_canada_specs,ford,,,2021,https://vpic.nhtsa.dot.gov/api/vehicles/GetCanadianVehicleSpecifications/?year=2021&make=Ford&model=&units=Metric&format=json,200,52180,0df5a117b51b29605331842b870a9f4a1b26af66adf3725821ec76320ece1aaa,2026-10-02T08:33:28+00:00,vpic/canada/ford/2021.json.gz,ok,
vpic_models,ford,,,2022,https://vpic.nhtsa.dot.gov/api/vehicles/GetModelsForMakeYear/make/Ford/modelyear/2022?format=json,200,4272,be17d47e9aea4694d742d8cc0923ae1349021d76779c7fdd30d6c14282746156,2026-10-02T08:33:30+00:00,vpic/models/ford/2022.json.gz,ok,
vpic_canada_specs,ford,,,2022,https://vpic.nhtsa.dot.gov/api/vehicles/GetCanadianVehicleSpecifications/?year=2022&make=Ford&model=&units=Metric&format=json,200,55470,a7d7ce4a47d09c0b991a3e3f7db618441e71dc870a150768c3d1ff345a3f78c4,2026-10-02T08:33:32+00:00,vpic/canada/ford/2022.json.gz,ok,
vpic_models,ford,,,2023,https://vpic.nhtsa.dot.gov/api/vehicles/GetModelsForMakeYear/make/Ford/modelyear/2023?format=json,200,4202,e4ef55383d495f47e3261d8949001fc13ba2d3dd5225bb1d33952763948bbb4f,2026-10-02T08:33:34+00:00,vpic/models/ford/2023.json.gz,ok,
vpic_canada_specs,ford,,,2023,https://vpic.nhtsa.dot.gov/api/vehicles/GetCanadianVehicleSpecifications/?year=2023&make=Ford&model=&units=Metric&format=json,200,53837,b77fae0065be1d0dbe98250621c2ca72b7ce6c17ef045f01cea75c51a2f30a21,2026-10-02T08:33:36+00:00,vpic/canada/ford/2023.json.gz,ok,
vpic_models,ford,,,2024,https://vpic.nhtsa.dot.gov/api/vehicles/GetModelsForMakeYear/make/Ford/modelyear/2024?format=json,200,4120,73d43a00f41ab670d93c46e4a35281e2c1d063b30709aad1a8ec1dc3390f878e,2026-10-02T08:33:39+00:00,vpic/models/ford/2024.json.gz,ok,
vpic_canada_specs,ford,,,2024,https://vpic.nhtsa.dot.gov/api/vehicles/GetCanadianVehicleSpecifications/?year=2024&make=Ford&model=&units=Metric&format=json,200,57640,4a1f1916fd09421e68dbe2905b96506d51171cd8fe17d00d2291667bbe713c71,2026-10-02T08:33:41+00:00,vpic/canada/ford/2024.json.gz,ok,
vpic_models,ford,,,2025,https://vpic.nhtsa.dot.gov/api/vehicles/GetModelsForMakeYear/make/Ford/modelyear/2025?format=json,200,4224,531b4dd4ac55b77e325366b2e5193e4244343f421d260d70fe79eed2ff68f5f6,2026-10-02T08:33:44+00:00,vpic/models/ford/2025.json.gz,ok,
vpic_canada_specs,ford,,,2025,https://vpic.nhtsa.dot.gov/api/vehicles/GetCanadianVehicleSpecifications/?year=2025&make=Ford&model=&units=Metric&format=json,200,57103,f4ca9f5c3a605b00f2b1cb760fe869da229a26383e1525ca29166ebae9530f78,2026-10-02T08:33:47+00:00,vpic/canada/ford/2025.json.gz,ok,
vpic_models,ford,,,2026,https://vpic.nhtsa.dot.gov/api/vehicles/GetModelsForMakeYear/make/Ford/modelyear/2026?format=json,200,4224,c46c036d2828268945fd04c26b316ea1e4ef525dd4377b01e6fcf7062dcb15a0,2026-10-02T08:33:50+00:00,vpic/models/ford/2026.json.gz,ok,
vpic_canada_specs,ford,,,2026,https://vpic.nhtsa.dot.gov/api/vehicles/GetCanadianVehicleSpecifications/?year=2026&make=Ford&model=&units=Metric&format=json,200,55498,9d6a5f252ea5da19deb1a72b3c0a0e12175a431fe60c4d6e74b6c4c09b7f010a,2026-10-02T08:33:52+00:00,vpic/canada/ford/2026.json.gz,ok,
vpic_models,lexus,,,2014,https://vpic.nhtsa.dot.gov/api/vehicles/GetModelsForMakeYear/make/Lexus/modelyear/2014?format=json,200,672,f81f09a2b31376fc640eb928ecc241e32191e8d86d486290295841948bccc863,2026-10-02T08:33:55+00:00,vpic/models/lexus/2014.json.gz,ok,
vpic_canada_specs,lexus,,,2014,https://vpic.nhtsa.dot.gov/api/vehicles/GetCanadianVehicleSpecifications/?year=2014&make=Lexus&model=&units=Metric&format=json,200,9765,a248d557c963c411e66c1638dc95b8cc88d742319460f6a72f52082db3960395,2026-10-02T08:33:57+00:00,vpic/canada/lexus/2014.json.gz,ok,
vpic_models,lexus,,,2015,https://vpic.nhtsa.dot.gov/api/vehicles/GetModelsForMakeYear/make/Lexus/modelyear/2015?format=json,200,813,287e4ac70c55e6809a26a196444de24efaf092f14fc050c5715a3c8570c4dc47,2026-10-02T08:34:00+00:00,vpic/models/lexus/2015.json.gz,ok,
vpic_canada_specs,lexus,,,2015,https://vpic.nhtsa.dot.gov/api/vehicles/GetCanadianVehicleSpecifications/?year=2015&make=Lexus&model=&units=Metric&format=json,200,10847,cb7c350481802e6e781d014528177127584dcc91f9ff86e3cf920fe9dde54ee9,2026-10-02T08:34:02+00:00,vpic/canada/lexus/2015.json.gz,ok,
vpic_models,lexus,,,2016,https://vpic.nhtsa.dot.gov/api/vehicles/GetModelsForMakeYear/make/Lexus/modelyear/2016?format=json,200,813,251a04e83ebd710e4dda94956612ee1e2f09545d92dbf61b88341a50848fbbb1,2026-10-02T08:34:05+00:00,vpic/models/lexus/2016.json.gz,ok,
vpic_canada_specs,lexus,,,2016,https://vpic.nhtsa.dot.gov/api/vehicles/GetCanadianVehicleSpecifications/?year=2016&make=Lexus&model=&units=Metric&format=json,200,9753,20e612d871a63dd859c0a84a518c3f7b1c16d3d520f6a94a57fb5c172445da97,2026-10-02T08:34:08+00:00,vpic/canada/lexus/2016.json.gz,ok,
vpic_models,lexus,,,2017,https://vpic.nhtsa.dot.gov/api/vehicles/GetModelsForMakeYear/make/Lexus/modelyear/2017?format=json,200,813,b9422819fb65a0fc9889e9d8bf53cc1ac169fe1ef5f8aeeff04de6947f720111,2026-10-02T08:34:10+00:00,vpic/models/lexus/2017.json.gz,ok,
vpic_canada_specs,lexus,,,2017,https://vpic.nhtsa.dot.gov/api/vehicles/GetCanadianVehicleSpecifications/?year=2017&make=Lexus&model=&units=Metric&format=json,200,9213,24adf21ae1d75a69529e0bb3cabcb493f80d07c656251b5ed322f4e66d7daf05,2026-10-02T08:34:12+00:00,vpic/canada/lexus/2017.json.gz,ok,
vpic_models,lexus,,,2018,https://vpic.nhtsa.dot.gov/api/vehicles/GetModelsForMakeYear/make/Lexus/modelyear/2018?format=json,200,814,55050afd7c8afa382506072e818a2fb8e7a782504d6718b60a794d8ac85e1379,2026-10-02T08:34:15+00:00,vpic/models/lexus/2018.json.gz,ok,
vpic_canada_specs,lexus,,,2018,https://vpic.nhtsa.dot.gov/api/vehicles/GetCanadianVehicleSpecifications/?year=2018&make=Lexus&model=&units=Metric&format=json,200,10777,8d08c831c76a6ad4083ea897c8af9b8c1657e1ad048682a3e2f6e6550c8daab3,2026-10-02T08:34:17+00:00,vpic/canada/lexus/2018.json.gz,ok,
vpic_models,lexus,,,2019,https://vpic.nhtsa.dot.gov/api/vehicles/GetModelsForMakeYear/make/Lexus/modelyear/2019?format=json,200,885,24ff98757c8564ce11a998297e68bba5f528942d15ef1264e81774d618de803c,2026-10-02T08:34:21+00:00,vpic/models/lexus/2019.json.gz,ok,
vpic_canada_specs,lexus,,,2019,https://vpic.nhtsa.dot.gov/api/vehicles/GetCanadianVehicleSpecifications/?year=2019&make=Lexus&model=&units=Metric&format=json,200,11836,d03ae218289e14fd8f11011758f43e0b30ee15e34df768a061656fad658b0259,2026-10-02T08:34:24+00:00,vpic/canada/lexus/2019.json.gz,ok,
vpic_models,lexus,,,2020,https://vpic.nhtsa.dot.gov/api/vehicles/GetModelsForMakeYear/make/Lexus/modelyear/2020?format=json,200,885,567337a9bf6fdfd2eafdabf607e94847631ce69fb4eb60da53e4363d3c25a2bd,2026-10-02T08:34:26+00:00,vpic/models/lexus/2020.json.gz,ok,
vpic_canada_specs,lexus,,,2020,https://vpic.nhtsa.dot.gov/api/vehicles/GetCanadianVehicleSpecifications/?year=2020&make=Lexus&model=&units=Metric&format=json,200,11836,d31d5355f555fee49dbd94949d6778da5936cffcad13dbe887b018f62de0a2d0,2026-10-02T08:34:28+00:00,vpic/canada/lexus/2020.json.gz,ok,
vpic_models,lexus,,,2021,https://vpic.nhtsa.dot.gov/api/vehicles/GetModelsForMakeYear/make/Lexus/modelyear/2021?format=json,200,815,6295d1719900624d81ab0dfda04b79c6662351019e00499a53768aa3f3a2ece5,2026-10-02T08:34:31+00:00,vpic/models/lexus/2021.json.gz,ok,
vpic_canada_specs,lexus,,,2021,https://vpic.nhtsa.dot.gov/api/vehicles/GetCanadianVehicleSpecifications/?year=2021&make=Lexus&model=&units=Metric&format=json,200,12380,85e517c37bd923980816794539c14417d54a214abfa34038b854718ce92359c3,2026-10-02T08:34:34+00:00,vpic/canada/lexus/2021.json.gz,ok,
vpic_models,lexus,,,2022,https://vpic.nhtsa.dot.gov/api/vehicles/GetModelsForMakeYear/make/Lexus/modelyear/2022?format=json,200,815,ef797729d11a00e47128e6e4fbd2728e016a3cf38b03d32c211c74f707167632,2026-10-02T08:34:37+00:00,vpic/models/lexus/2022.json.gz,ok,
vpic_canada_specs,lexus,,,2022,https://vpic.nhtsa.dot.gov/api/vehicles/GetCanadianVehicleSpecifications/?year=2022&make=Lexus&model=&units=Metric&format=json,200,13440,6f181d39f79dd1ca275a14a88e0fec4af8fbf892324ab62d5808d8e93c41057c,2026-10-02T08:34:39+00:00,vpic/canada/lexus/2022.json.gz,ok,
vpic_models,lexus,,,2023,https://vpic.nhtsa.dot.gov/api/vehicles/GetModelsForMakeYear/make/Lexus/modelyear/2023?format=json,200,886,c572e9e3b974080ec69c098953889397671042eefb9e78c496e5ec4d79f4cb79,2026-10-02T08:34:41+00:00,vpic/models/lexus/2023.json.gz,ok,
vpic_canada_specs,lexus,,,2023,https://vpic.nhtsa.dot.gov/api/vehicles/GetCanadianVehicleSpecifications/?year=2023&make=Lexus&model=&units=Metric&format=json,200,12875,909085bc7a8a8283a7b54d3026b5eb306af4ddfd04a81ceed84563268989eda9,2026-10-02T08:34:43+00:00,vpic/canada/lexus/2023.json.gz,ok,
vpic_models,lexus,,,2024,https://vpic.nhtsa.dot.gov/api/vehicles/GetModelsForMakeYear/make/Lexus/modelyear/2024?format=json,200,957,ddca4e297192f63fde34beb7ff13c0293f00e6e44e773f0d4ec52c0948c22696,2026-10-02T08:34:46+00:00,vpic/models/lexus/2024.json.gz,ok,
vpic_canada_specs,lexus,,,2024,https://vpic.nhtsa.dot.gov/api/vehicles/GetCanadianVehicleSpecifications/?year=2024&make=Lexus&model=&units=Metric&format=json,200,14470,632becb8017627ff94412ff4cc30f89b66d0bb8c4b77f1e4e4c2156d50ec1d46,2026-10-02T08:34:48+00:00,vpic/canada/lexus/2024.json.gz,ok,
vpic_models,lexus,,,2025,https://vpic.nhtsa.dot.gov/api/vehicles/GetModelsForMakeYear/make/Lexus/modelyear/2025?format=json,200,957,46cb905da89ba66c2dbe6d1b7f5a72d903dbd3b3d65066875558f15aebc32cd7,2026-10-02T08:34:51+00:00,vpic/models/lexus/2025.json.gz,ok,
vpic_canada_specs,lexus,,,2025,https://vpic.nhtsa.dot.gov/api/vehicles/GetCanadianVehicleSpecifications/?year=2025&make=Lexus&model=&units=Metric&format=json,200,14490,076facf73eecf99a941768508b3a00c2ff1093dd3cb0951d988c39ce6f3dd6f1,2026-10-02T08:34:54+00:00,vpic/canada/lexus/2025.json.gz,ok,
vpic_models,lexus,,,2026,https://vpic.nhtsa.dot.gov/api/vehicles/GetModelsForMakeYear/make/Lexus/modelyear/2026?format=json,200,887,7e41f1274293a448d9bfe056ce840dcddb101cb43d3af00d07eacbc10878f94c,2026-10-02T08:34:57+00:00,vpic/models/lexus/2026.json.gz,ok,
vpic_canada_specs,lexus,,,2026,https://vpic.nhtsa.dot.gov/api/vehicles/GetCanadianVehicleSpecifications/?year=2026&make=Lexus&model=&units=Metric&format=json,200,12848,f64c65c8f33cbf01a6cbdc9f3ca22e1a89321aea81c47db2111035d0ccabfc4d,2026-10-02T08:34:59+00:00,vpic/canada/lexus/2026.json.gz,ok,
vpic_models,honda,,,2014,https://vpic.nhtsa.dot.gov/api/vehicles/GetModelsForMakeYear/make/Honda/modelyear/2014?format=json,200,5604,9d7d3b8abe841e255493106a2172c50afb916a63d8c4dcd3223f17e6628fa4cb,2026-10-02T08:35:01+00:00,vpic/models/honda/2014.json.gz,ok,
vpic_canada_specs,honda,,,2014,https://vpic.nhtsa.dot.gov/api/vehicles/GetCanadianVehicleSpecifications/?year=2014&make=Honda&model=&units=Metric&format=json,200,11573,5a1ca3e5d811e8c8a59bce38e01637f4c29d7d93b286c0e03012c3ffcb5943b9,2026-10-02T08:35:03+00:00,vpic/canada/honda/2014.json.gz,ok,
vpic_models,honda,,,2015,https://vpic.nhtsa.dot.gov/api/vehicles/GetModelsForMakeYear/make/Honda/modelyear/2015?format=json,200,4937,c4992b9319a01464f8ebea7323955f95ed57bf648152faa7412bb5ae518cb62d,2026-10-02T08:35:06+00:00,vpic/models/honda/2015.json.gz,ok,
vpic_canada_specs,honda,,,2015,https://vpic.nhtsa.dot.gov/api/vehicles/GetCanadianVehicleSpecifications/?year=2015&make=Honda&model=&units=Metric&format=json,200,11009,c84433c1b82b3963b949d55f3060dcf057dd67ab7ad2714ef67c372f503285b7,2026-10-02T08:35:08+00:00,vpic/canada/honda/2015.json.gz,ok,
vpic_models,honda,,,2016,https://vpic.nhtsa.dot.gov/api/vehicles/GetModelsForMakeYear/make/Honda/modelyear/2016?format=json,200,5506,966595f721cafc7ac5247f568986d4437e1cba053bd925b5988de51c3632b019,2026-10-02T08:35:11+00:00,vpic/models/honda/2016.json.gz,ok,
vpic_canada_specs,honda,,,2016,https://vpic.nhtsa.dot.gov/api/vehicles/GetCanadianVehicleSpecifications/?year=2016&make=Honda&model=&units=Metric&format=json,200,10415,a3df009bd296b6d490cd166260ad07ebfe5318cc142918ea1bd0fefd55b40afd,2026-10-02T08:35:13+00:00,vpic/canada/honda/2016.json.gz,ok,
vpic_models,honda,,,2017,https://vpic.nhtsa.dot.gov/api/vehicles/GetModelsForMakeYear/make/Honda/modelyear/2017?format=json,200,5418,920f20ccac95a1b7ae2d59a8450500a9971f8fac8ea3ecb0234fc1fedc8ab85e,2026-10-02T08:35:15+00:00,vpic/models/honda/2017.json.gz,ok,
vpic_canada_specs,honda,,,2017,https://vpic.nhtsa.dot.gov/api/vehicles/GetCanadianVehicleSpecifications/?year=2017&make=Honda&model=&units=Metric&format=json,200,12005,81bc1a4c1db644bd242d48b13dea113fb07e703d857166b49840caa40372bdc4,2026-10-02T08:35:18+00:00,vpic/canada/honda/2017.json.gz,ok,
vpic_models,honda,,,2018,https://vpic.nhtsa.dot.gov/api/vehicles/GetModelsForMakeYear/make/Honda/modelyear/2018?format=json,200,5590,bd14c0363d76a002b4f409ce3a8a791c19368ee9690b73a8c141d8deca06a1b7,2026-10-02T08:35:20+00:00,vpic/models/honda/2018.json.gz,ok,
vpic_canada_specs,honda,,,2018,https://vpic.nhtsa.dot.gov/api/vehicles/GetCanadianVehicleSpecifications/?year=2018&make=Honda&model=&units=Metric&format=json,200,13052,0d6dcb79f2b464a5854fda1628ce75385c2450d8ac0e18c8d216b3b7cdcdbe02,2026-10-02T08:35:22+00:00,vpic/canada/honda/2018.json.gz,ok,
vpic_models,honda,,,2019,https://vpic.nhtsa.dot.gov/api/vehicles/GetModelsForMakeYear/make/Honda/modelyear/2019?format=json,200,6304,42d0b470531275b7484c20234aaa27a6ca3caa685653ed7db0702fc891e727b3,2026-10-02T08:35:24+00:00,vpic/models/honda/2019.json.gz,ok,
vpic_canada_specs,honda,,,2019,https://vpic.nhtsa.dot.gov/api/vehicles/GetCanadianVehicleSpecifications/?year=2019&make=Honda&model=&units=Metric&format=json,200,13551,975c999ba47b1926d424a9e004885ad04f9dbb82cf82a6c82b0b0c61722fc232,2026-10-02T08:35:27+00:00,vpic/canada/honda/2019.json.gz,ok,
vpic_models,honda,,,2020,https://vpic.nhtsa.dot.gov/api/vehicles/GetModelsForMakeYear/make/Honda/modelyear/2020?format=json,200,6463,c20fcb60544f4c50ad24b30f428e165df3248697c6f4371fc61b2c2f05830b2c,2026-10-02T08:35:30+00:00,vpic/models/honda/2020.json.gz,ok,
vpic_canada_specs,honda,,,2020,https://vpic.nhtsa.dot.gov/api/vehicles/GetCanadianVehicleSpecifications/?year=2020&make=Honda&model=&units=Metric&format=json,200,13551,f4bcaad3cc6d8b61218e1cc74320a260bfdfa5c1179a4cab82b992ab972a5476,2026-10-02T08:35:32+00:00,vpic/canada/honda/2020.json.gz,ok,
vpic_models,honda,,,2021,https://vpic.nhtsa.dot.gov/api/vehicles/GetModelsForMakeYear/make/Honda/modelyear/2021?format=json,200,6556,4b03eed1e1a91ae90a2572d7921dd2c4f2dc05866560f2f25838110042388252,2026-10-02T08:35:34+00:00,vpic/models/honda/2021.json.gz,ok,
vpic_canada_specs,honda,,,2021,https://vpic.nhtsa.dot.gov/api/vehicles/GetCanadianVehicleSpecifications/?year=2021&make=Honda&model=&units=Metric&format=json,200,11935,53baec8c114039e9ac57ceea2efc38f6252f55d5e2de790595dda97305ac804e,2026-10-02T08:35:37+00:00,vpic/canada/honda/2021.json.gz,ok,
vpic_models,honda,,,2022,https://vpic.nhtsa.dot.gov/api/vehicles/GetModelsForMakeYear/make/Honda/modelyear/2022?format=json,200,6459,448cb295b2c648ea43d7a42d592e28f68280bfca530acd328a16f206e9e1aadd,2026-10-02T08:35:39+00:00,vpic/models/honda/2022.json.gz,ok,
vpic_canada_specs,honda,,,2022,https://vpic.nhtsa.dot.gov/api/vehicles/GetCanadianVehicleSpecifications/?year=2022&make=Honda&model=&units=Metric&format=json,200,10843,ef70336767528699db0147dd6848cc7f52b22d9f1c495c8929b21cf3ecde60b1,2026-10-02T08:35:42+00:00,vpic/canada/honda/2022.json.gz,ok,
vpic_models,honda,,,2023,https://vpic.nhtsa.dot.gov/api/vehicles/GetModelsForMakeYear/make/Honda/modelyear/2023?format=json,200,6597,97b2a81e5bec64acac6a3ce0152c8fe1bc8599d3e85ff02c51fb1607c8f91345,2026-10-02T08:35:45+00:00,vpic/models/honda/2023.json.gz,ok,
vpic_canada_specs,honda,,,2023,https://vpic.nhtsa.dot.gov/api/vehicles/GetCanadianVehicleSpecifications/?year=2023&make=Honda&model=&units=Metric&format=json,200,8704,c28bb0484eafa0d89437ceee378653ca3a0c14af776e819a6875fe7eac109c16,2026-10-02T08:35:47+00:00,vpic/canada/honda/2023.json.gz,ok,
vpic_models,honda,,,2024,https://vpic.nhtsa.dot.gov/api/vehicles/GetModelsForMakeYear/make/Honda/modelyear/2024?format=json,200,6289,77f5ca90f18f697e59730c8b5dbca214c6238729f653b260009f32fdb9826941,2026-10-02T08:35:49+00:00,vpic/models/honda/2024.json.gz,ok,
vpic_canada_specs,honda,,,2024,https://vpic.nhtsa.dot.gov/api/vehicles/GetCanadianVehicleSpecifications/?year=2024&make=Honda&model=&units=Metric&format=json,200,9774,e1a204a80b8be7223f4f66f8e932d9976177d430b8cd47b65f412021ba1e7e71,2026-10-02T08:35:52+00:00,vpic/canada/honda/2024.json.gz,ok,
vpic_models,honda,,,2025,https://vpic.nhtsa.dot.gov/api/vehicles/GetModelsForMakeYear/make/Honda/modelyear/2025?format=json,200,5068,c4bff45241d815164296a8c032bef8eab7e84ca996154282644dc967bbd41ec8,2026-10-02T08:35:55+00:00,vpic/models/honda/2025.json.gz,ok,
vpic_canada_specs,honda,,,2025,https://vpic.nhtsa.dot.gov/api/vehicles/GetCanadianVehicleSpecifications/?year=2025&make=Honda&model=&units=Metric&format=json,200,10848,95d5045d799c33f14c614be782e4abcaed45c71c6ebe277b00144771f9bcbc7a,2026-10-02T08:35:58+00:00,vpic/canada/honda/2025.json.gz,ok,
vpic_models,honda,,,2026,https://vpic.nhtsa.dot.gov/api/vehicles/GetModelsForMakeYear/make/Honda/modelyear/2026?format=json,200,5588,512ebfd644611e860a3d9572dd1210df71c425ea0dfc857205040883911aba31,2026-10-02T08:36:00+00:00,vpic/models/honda/2026.json.gz,ok,
vpic_canada_specs,honda,,,2026,https://vpic.nhtsa.dot.gov/api/vehicles/GetCanadianVehicleSpecifications/?year=2026&make=Honda&model=&units=Metric&format=json,200,11900,98093ce377179681a006c30286e2d99b989f5d6366eeb1d5e90e698254d43148,2026-10-02T08:36:04+00:00,vpic/canada/honda/2026.json.gz,ok,
vpic_models,nissan,,,2014,https://vpic.nhtsa.dot.gov/api/vehicles/GetModelsForMakeYear/make/Nissan/modelyear/2014?format=json,200,2429,ea22fb183188094654170ce4c2b2fb59357251677e9f3dbf5ab5c6a1be209551,2026-10-02T08:36:06+00:00,vpic/models/nissan/2014.json.gz,ok,
vpic_canada_specs,nissan,,,2014,https://vpic.nhtsa.dot.gov/api/vehicles/GetCanadianVehicleSpecifications/?year=2014&make=Nissan&model=&units=Metric&format=json,200,30020,524fa2df920a1405d48c0570695891fd7a7b9e8477d97f5c52d86570d759ffbc,2026-10-02T08:36:09+00:00,vpic/canada/nissan/2014.json.gz,ok,
vpic_models,nissan,,,2015,https://vpic.nhtsa.dot.gov/api/vehicles/GetModelsForMakeYear/make/Nissan/modelyear/2015?format=json,200,2124,da176c5d7b811efa806f0536758823285af19993867d28aacd1022dcb48f0fb1,2026-10-02T08:36:12+00:00,vpic/models/nissan/2015.json.gz,ok,
vpic_canada_specs,nissan,,,2015,https://vpic.nhtsa.dot.gov/api/vehicles/GetCanadianVehicleSpecifications/?year=2015&make=Nissan&model=&units=Metric&format=json,200,28390,26274492f918b4781662118fdb7fae5cb36d9119f055b9997cdc70085dc32556,2026-10-02T08:36:14+00:00,vpic/canada/nissan/2015.json.gz,ok,
vpic_models,nissan,,,2016,https://vpic.nhtsa.dot.gov/api/vehicles/GetModelsForMakeYear/make/Nissan/modelyear/2016?format=json,200,2124,2c28ecb2f1c08cfd63035cc9be23cbaf7cac985dc127fa4c755cff37bbf4e334,2026-10-02T08:36:17+00:00,vpic/models/nissan/2016.json.gz,ok,
vpic_canada_specs,nissan,,,2016,https://vpic.nhtsa.dot.gov/api/vehicles/GetCanadianVehicleSpecifications/?year=2016&make=Nissan&model=&units=Metric&format=json,200,29280,d16d0f9c825701476b9181b5dad8db91e9cb58de2d6ac564c4dd28cf417a4bcc,2026-10-02T08:36:20+00:00,vpic/canada/nissan/2016.json.gz,ok,
vpic_models,nissan,,,2017,https://vpic.nhtsa.dot.gov/api/vehicles/GetModelsForMakeYear/make/Nissan/modelyear/2017?format=json,200,2361,ee2437898d68e48735801ff2163517f57aa4957474866cb02d49a1372c737504,2026-10-02T08:36:24+00:00,vpic/models/nissan/2017.json.gz,ok,
vpic_canada_specs,nissan,,,2017,https://vpic.nhtsa.dot.gov/api/vehicles/GetCanadianVehicleSpecifications/?year=2017&make=Nissan&model=&units=Metric&format=json,200,29266,7cb992ab075e1f13e2e952e8a4823bfb6df074f4c811d402c2409308113cd968,2026-10-02T08:36:26+00:00,vpic/canada/nissan/2017.json.gz,ok,
vpic_models,nissan,,,2018,https://vpic.nhtsa.dot.gov/api/vehicles/GetModelsForMakeYear/make/Nissan/modelyear/2018?format=json,200,2437,223751887c3f4605ecd09ba85dc5741d810c0fcd0c7a2fe935b1d58197a1e420,2026-10-02T08:36:28+00:00,vpic/models/nissan/2018.json.gz,ok,
vpic_canada_specs,nissan,,,2018,https://vpic.nhtsa.dot.gov/api/vehicles/GetCanadianVehicleSpecifications/?year=2018&make=Nissan&model=&units=Metric&format=json,200,28182,5b99006afe45192a017c670a29cabddfb5a662d7283fe57cce1eb7332893a58a,2026-10-02T08:36:30+00:00,vpic/canada/nissan/2018.json.gz,ok,
vpic_models,nissan,,,2019,https://vpic.nhtsa.dot.gov/api/vehicles/GetModelsForMakeYear/make/Nissan/modelyear/2019?format=json,200,2364,9364b6ee5def4441497f1c07d607a3a80ea3d1b22211200911a389549c7dc59f,2026-10-02T08:36:33+00:00,vpic/models/nissan/2019.json.gz,ok,
vpic_canada_specs,nissan,,,2019,https://vpic.nhtsa.dot.gov/api/vehicles/GetCanadianVehicleSpecifications/?year=2019&make=Nissan&model=&units=Metric&format=json,200,27632,b67bfc32b988fa611b099622b59143d4c30325d5ea0abfa771b5415b560d175f,2026-10-02T08:36:36+00:00,vpic/canada/nissan/2019.json.gz,ok,
vpic_models,nissan,,,2020,https://vpic.nhtsa.dot.gov/api/vehicles/GetModelsForMakeYear/make/Nissan/modelyear/2020?format=json,200,2364,621504ab65bd51b61f3151c9cd83786ec3d936dda3f57492c451455c009169e3,2026-10-02T08:36:40+00:00,vpic/models/nissan/2020.json.gz,ok,
vpic_canada_specs,nissan,,,2020,https://vpic.nhtsa.dot.gov/api/vehicles/GetCanadianVehicleSpecifications/?year=2020&make=Nissan&model=&units=Metric&format=json,200,27137,9b02a162a3e0fd9d23f96a7ca25b062de5338f0b89f18a3d5df05a75b290b896,2026-10-02T08:36:42+00:00,vpic/canada/nissan/2020.json.gz,ok,
vpic_models,nissan,,,2021,https://vpic.nhtsa.dot.gov/api/vehicles/GetModelsForMakeYear/make/Nissan/modelyear/2021?format=json,200,2206,54b89b8704aeaba45bb6af6a4dc0920626c92fdf13d8a6b19f353a21d2cb7e33,2026-10-02T08:36:46+00:00,vpic/models/nissan/2021.json.gz,ok,
vpic_canada_specs,nissan,,,2021,https://vpic.nhtsa.dot.gov/api/vehicles/GetCanadianVehicleSpecifications/?year=2021&make=Nissan&model=&units=Metric&format=json,200,27134,ad42492f69286a1632ebfe33361c7460abe7daac1b69abbeba2e7d06fc7001ed,2026-10-02T08:36:48+00:00,vpic/canada/nissan/2021.json.gz,ok,
vpic_models,nissan,,,2022,https://vpic.nhtsa.dot.gov/api/vehicles/GetModelsForMakeYear/make/Nissan/modelyear/2022?format=json,200,1990,362bceaa66f7f5b6e9a6c7bc84153bd533888a4958e7fa3ddefa9095f21e969f,2026-10-02T08:36:51+00:00,vpic/models/nissan/2022.json.gz,ok,
vpic_canada_specs,nissan,,,2022,https://vpic.nhtsa.dot.gov/api/vehicles/GetCanadianVehicleSpecifications/?year=2022&make=Nissan&model=&units=Metric&format=json,200,23309,b2f8b7b20b1782e4c71b51581ca0346e321285c71df71634ca2660f2d2980711,2026-10-02T08:36:54+00:00,vpic/canada/nissan/2022.json.gz,ok,
vpic_models,nissan,,,2023,https://vpic.nhtsa.dot.gov/api/vehicles/GetModelsForMakeYear/make/Nissan/modelyear/2023?format=json,200,1325,9c0acd988df6f4c26f7fc6b04db0a1acb01098e46250ad06217ec3d0663e4db0,2026-10-02T08:36:56+00:00,vpic/models/nissan/2023.json.gz,ok,
vpic_canada_specs,nissan,,,2023,https://vpic.nhtsa.dot.gov/api/vehicles/GetCanadianVehicleSpecifications/?year=2023&make=Nissan&model=&units=Metric&format=json,200,20535,f9c3786286024c3db3b5eabf089aa3b650ecd8c7c1d6382e28b5b264c5089782,2026-10-02T08:36:58+00:00,vpic/canada/nissan/2023.json.gz,ok,
vpic_models,nissan,,,2024,https://vpic.nhtsa.dot.gov/api/vehicles/GetModelsForMakeYear/make/Nissan/modelyear/2024?format=json,200,1250,099a19ac76dd9d0e8331cb8fdd3d5e0b93dcd0136dabfdb32a51fd986d7b7b28,2026-10-02T08:37:02+00:00,vpic/models/nissan/2024.json.gz,ok,
vpic_canada_specs,nissan,,,2024,https://vpic.nhtsa.dot.gov/api/vehicles/GetCanadianVehicleSpecifications/?year=2024&make=Nissan&model=&units=Metric&format=json,200,17319,96f7fbfbe10949339951e9ab8ae8a1e9c39af838d68ef3f2b194e007e8e9b6b1,2026-10-02T08:37:05+00:00,vpic/canada/nissan/2024.json.gz,ok,
vpic_models,nissan,,,2025,https://vpic.nhtsa.dot.gov/api/vehicles/GetModelsForMakeYear/make/Nissan/modelyear/2025?format=json,200,1107,952172ec6470be47999e3a03e82510598e4705b61c37c77acee99a30434b9b7b,2026-10-02T08:37:07+00:00,vpic/models/nissan/2025.json.gz,ok,
vpic_canada_specs,nissan,,,2025,https://vpic.nhtsa.dot.gov/api/vehicles/GetCanadianVehicleSpecifications/?year=2025&make=Nissan&model=&units=Metric&format=json,200,11882,80ecf539e6210c6af351a62bf472002b56cf75406aa27b70e72bee88fa656b21,2026-10-02T08:37:10+00:00,vpic/canada/nissan/2025.json.gz,ok,
vpic_models,nissan,,,2026,https://vpic.nhtsa.dot.gov/api/vehicles/GetModelsForMakeYear/make/Nissan/modelyear/2026?format=json,200,953,c045e6985f1d64a41a6c686208bcf3b40cd7509be10b41fe2250af214f9082ff,2026-10-02T08:37:13+00:00,vpic/models/nissan/2026.json.gz,ok,
vpic_canada_specs,nissan,,,2026,https://vpic.nhtsa.dot.gov/api/vehicles/GetCanadianVehicleSpecifications/?year=2026&make=Nissan&model=&units=Metric&format=json,200,11342,31bc579cb86cae25fe966dba597ae75cedb2637c29b6e2073a721a2f27809405,2026-10-02T08:37:16+00:00,vpic/canada/nissan/2026.json.gz,ok,
vpic_models,land-rover,,,2014,https://vpic.nhtsa.dot.gov/api/vehicles/GetModelsForMakeYear/make/Land Rover/modelyear/2014?format=json,200,534,200d4430853cad78f437a6cd106b22658346385ceaa9a4a91b203391ef25f348,2026-10-02T08:37:19+00:00,vpic/models/land-rover/2014.json.gz,ok,
vpic_canada_specs,land-rover,,,2014,https://vpic.nhtsa.dot.gov/api/vehicles/GetCanadianVehicleSpecifications/?year=2014&make=Land+Rover&model=&units=Metric&format=json,200,4609,89b6d82ed90d93d8f41fe480a3e9129efce11f675f3b78676065cdd1d5f88d74,2026-10-02T08:37:22+00:00,vpic/canada/land-rover/2014.json.gz,ok,
vpic_models,land-rover,,,2015,https://vpic.nhtsa.dot.gov/api/vehicles/GetModelsForMakeYear/make/Land Rover/modelyear/2015?format=json,200,622,8d8e9ee7fe45317a8a296cfd22e36b5b957919a04e57ff002a2efec1484b901f,2026-10-02T08:37:25+00:00,vpic/models/land-rover/2015.json.gz,ok,
vpic_canada_specs,land-rover,,,2015,https://vpic.nhtsa.dot.gov/api/vehicles/GetCanadianVehicleSpecifications/?year=2015&make=Land+Rover&model=&units=Metric&format=json,200,5197,72337881ed4a546e0fbd18020a95f93bd0781f9f484988584a78b5479a33da36,2026-10-02T08:37:28+00:00,vpic/canada/land-rover/2015.json.gz,ok,
vpic_models,land-rover,,,2016,https://vpic.nhtsa.dot.gov/api/vehicles/GetModelsForMakeYear/make/Land Rover/modelyear/2016?format=json,200,546,2efe8cdd57bd35b2ec8d01a70cb7264f9c6fac6c2085236d325744638d10a785,2026-10-02T08:37:33+00:00,vpic/models/land-rover/2016.json.gz,ok,
vpic_canada_specs,land-rover,,,2016,https://vpic.nhtsa.dot.gov/api/vehicles/GetCanadianVehicleSpecifications/?year=2016&make=Land+Rover&model=&units=Metric&format=json,200,5023,7ece0f987609cf9e5766592cb6c87047f8e0ab4df8c2b36b7c115318a8ee6867,2026-10-02T08:37:36+00:00,vpic/canada/land-rover/2016.json.gz,ok,
vpic_models,land-rover,,,2017,https://vpic.nhtsa.dot.gov/api/vehicles/GetModelsForMakeYear/make/Land Rover/modelyear/2017?format=json,200,552,0badfa7d8b430caa11967f63697341da73b0f21c3f4892ce0bd5523e7f60fc9d,2026-10-02T08:37:39+00:00,vpic/models/land-rover/2017.json.gz,ok,
vpic_canada_specs,land-rover,,,2017,https://vpic.nhtsa.dot.gov/api/vehicles/GetCanadianVehicleSpecifications/?year=2017&make=Land+Rover&model=&units=Metric&format=json,200,5543,6863f2613c65468b1b167a865a43f8ec6ebf178e5abe698f50505d4440f86e5c,2026-10-02T08:37:41+00:00,vpic/canada/land-rover/2017.json.gz,ok,
vpic_models,land-rover,,,2018,https://vpic.nhtsa.dot.gov/api/vehicles/GetModelsForMakeYear/make/Land Rover/modelyear/2018?format=json,200,643,720dca6d993cd123209ef0a8c1bd3f34e48c14393f00528096365340b84c0527,2026-10-02T08:37:44+00:00,vpic/models/land-rover/2018.json.gz,ok,
vpic_canada_specs,land-rover,,,2018,https://vpic.nhtsa.dot.gov/api/vehicles/GetCanadianVehicleSpecifications/?year=2018&make=Land+Rover&model=&units=Metric&format=json,200,5032,fd60e61efb0c4c558a3e387fb1afab6e22e5b86c5865663162853a2a605de0fb,2026-10-02T08:37:46+00:00,vpic/canada/land-rover/2018.json.gz,ok,
vpic_models,land-rover,,,2019,https://vpic.nhtsa.dot.gov/api/vehicles/GetModelsForMakeYear/make/Land Rover/modelyear/2019?format=json,200,643,76fcb80c82b8dfa464728135d37d35e564595a409f4611f9ac3fde47abdc0587,2026-10-02T08:37:49+00:00,vpic/models/land-rover/2019.json.gz,ok,
vpic_canada_specs,land-rover,,,2019,https://vpic.nhtsa.dot.gov/api/vehicles/GetCanadianVehicleSpecifications/?year=2019&make=Land+Rover&model=&units=Metric&format=json,200,4485,d55f34069f9d7519e9b4abce63f9bde766d499d255bbd5cc3602ae10d5d45c73,2026-10-02T08:37:51+00:00,vpic/canada/land-rover/2019.json.gz,ok,
vpic_models,land-rover,,,2020,https://vpic.nhtsa.dot.gov/api/vehicles/GetModelsForMakeYear/make/Land Rover/modelyear/2020?format=json,200,724,b0d09fb824099e3c3229fa3428056ca8fc25c15f342adb7c0d40544d15a9af3f,2026-10-02T08:37:55+00:00,vpic/models/land-rover/2020.json.gz,ok,
vpic_canada_specs,land-rover,,,2020,https://vpic.nhtsa.dot.gov/api/vehicles/GetCanadianVehicleSpecifications/?year=2020&make=Land+Rover&model=&units=Metric&format=json,200,9890,aed1bc99f90a0d4eed9e64777dd241bbeb3b7a147cc1f510a70298d793d95ea5,2026-10-02T08:37:58+00:00,vpic/canada/land-rover/2020.json.gz,ok,
vpic_models,land-rover,,,2021,https://vpic.nhtsa.dot.gov/api/vehicles/GetModelsForMakeYear/make/Land Rover/modelyear/2021?format=json,200,724,0737901de877d1caee5fd03a242e1315066f8e4c8d1dca83615f9775ff1ec9f4,2026-10-02T08:38:01+00:00,vpic/models/land-rover/2021.json.gz,ok,
vpic_canada_specs,land-rover,,,2021,https://vpic.nhtsa.dot.gov/api/vehicles/GetCanadianVehicleSpecifications/?year=2021&make=Land+Rover&model=&units=Metric&format=json,200,9944,91d89810ef9bf813c95754e140bd256800e0dee38f9827abbf7d3ef48c628c77,2026-10-02T08:38:04+00:00,vpic/canada/land-rover/2021.json.gz,ok,
vpic_models,land-rover,,,2022,https://vpic.nhtsa.dot.gov/api/vehicles/GetModelsForMakeYear/make/Land Rover/modelyear/2022?format=json,200,813,de3d06726b0d4cc0ee3330f0ba7540df9a2db4d09f688ba575b0437139e8b416,2026-10-02T08:38:07+00:00,vpic/models/land-rover/2022.json.gz,ok,
vpic_canada_specs,land-rover,,,2022,https://vpic.nhtsa.dot.gov/api/vehicles/GetCanadianVehicleSpecifications/?year=2022&make=Land+Rover&model=&units=Metric&format=json,200,8779,51b165e4bac488e69c04db96dbf6e681e81565033b1df04f0a5231e325aa522f,2026-10-02T08:38:10+00:00,vpic/canada/land-rover/2022.json.gz,ok,
vpic_models,land-rover,,,2023,https://vpic.nhtsa.dot.gov/api/vehicles/GetModelsForMakeYear/make/Land Rover/modelyear/2023?format=json,200,724,13984e75a38db40c7d6262ddabe2978b34e3bf6290833b05f68b81b70d8ca3ce,2026-10-02T08:38:12+00:00,vpic/models/land-rover/2023.json.gz,ok,
vpic_canada_specs,land-rover,,,2023,https://vpic.nhtsa.dot.gov/api/vehicles/GetCanadianVehicleSpecifications/?year=2023&make=Land+Rover&model=&units=Metric&format=json,200,7623,2518b1e3a810cf50387a28e91a118e47a424bd8059ba3df4ef6453467a4c9336,2026-10-02T08:38:15+00:00,vpic/canada/land-rover/2023.json.gz,ok,
vpic_models,land-rover,,,2024,https://vpic.nhtsa.dot.gov/api/vehicles/GetModelsForMakeYear/make/Land Rover/modelyear/2024?format=json,200,724,585f145fa93819c2746da7dbad4615b0c109f25541c41cf608511bc778ea1dd0,2026-10-02T08:38:17+00:00,vpic/models/land-rover/2024.json.gz,ok,
vpic_canada_specs,land-rover,,,2024,https://vpic.nhtsa.dot.gov/api/vehicles/GetCanadianVehicleSpecifications/?year=2024&make=Land+Rover&model=&units=Metric&format=json,200,8724,2db0a54650b73b485d8ff24d21d92632e1cb7b9b2aa720665daadc97a71f7e27,2026-10-02T08:38:19+00:00,vpic/canada/land-rover/2024.json.gz,ok,
vpic_models,land-rover,,,2025,https://vpic.nhtsa.dot.gov/api/vehicles/GetModelsForMakeYear/make/Land Rover/modelyear/2025?format=json,200,907,c43943fda7b0bf641fa758ef28424ed87293eca01a5384fb534b0b3708d9ff9b,2026-10-02T08:38:22+00:00,vpic/models/land-rover/2025.json.gz,ok,
vpic_canada_specs,land-rover,,,2025,https://vpic.nhtsa.dot.gov/api/vehicles/GetCanadianVehicleSpecifications/?year=2025&make=Land+Rover&model=&units=Metric&format=json,200,8724,d8cbf2140b803e2f6831e77f5f80d3dafaa6e597e6b060534dd61094537c2e8a,2026-10-02T08:38:24+00:00,vpic/canada/land-rover/2025.json.gz,ok,
vpic_models,land-rover,,,2026,https://vpic.nhtsa.dot.gov/api/vehicles/GetModelsForMakeYear/make/Land Rover/modelyear/2026?format=json,200,1000,322f91702f616635271107d05a8429b5316343074716b71dfc723af03a4c35bb,2026-10-02T08:38:27+00:00,vpic/models/land-rover/2026.json.gz,ok,
vpic_canada_specs,land-rover,,,2026,https://vpic.nhtsa.dot.gov/api/vehicles/GetCanadianVehicleSpecifications/?year=2026&make=Land+Rover&model=&units=Metric&format=json,200,8724,c467be2ae7eebd2e56c987106440231ea663e2f389e9ae36c54c9e94fa892531,2026-10-02T08:38:30+00:00,vpic/canada/land-rover/2026.json.gz,ok,
vpic_models,infiniti,,,2014,https://vpic.nhtsa.dot.gov/api/vehicles/GetModelsForMakeYear/make/Infiniti/modelyear/2014?format=json,200,935,46d56e5fae1f7e1c4987ef5d4e8e4d10cb3bb9340651b2e061cfa0c7e56e4824,2026-10-02T08:38:33+00:00,vpic/models/infiniti/2014.json.gz,ok,
vpic_canada_specs,infiniti,,,2014,https://vpic.nhtsa.dot.gov/api/vehicles/GetCanadianVehicleSpecifications/?year=2014&make=Infiniti&model=&units=Metric&format=json,200,9941,f3a8df65fb56c72c6ab67bbc5dbc8650259528a118df245dc85bbcaa32a182e6,2026-10-02T08:38:36+00:00,vpic/canada/infiniti/2014.json.gz,ok,
vpic_models,infiniti,,,2015,https://vpic.nhtsa.dot.gov/api/vehicles/GetModelsForMakeYear/make/Infiniti/modelyear/2015?format=json,200,1233,32af080976d500ed0f2ccb83ae901ed3a79c2ee6d173da2762e34e38f723604a,2026-10-02T08:38:39+00:00,vpic/models/infiniti/2015.json.gz,ok,
vpic_canada_specs,infiniti,,,2015,https://vpic.nhtsa.dot.gov/api/vehicles/GetCanadianVehicleSpecifications/?year=2015&make=Infiniti&model=&units=Metric&format=json,200,10985,ae490ab2361f11b7c43ce6d046122f2f802d3b197e47bbaab3b9dd894f67fd92,2026-10-02T08:38:42+00:00,vpic/canada/infiniti/2015.json.gz,ok,
vpic_models,infiniti,,,2016,https://vpic.nhtsa.dot.gov/api/vehicles/GetModelsForMakeYear/make/Infiniti/modelyear/2016?format=json,200,1085,bd491e9c721d52e9cc775d7e14f59130044ce1dc3c314c0456e5cc9ac6851e33,2026-10-02T08:38:45+00:00,vpic/models/infiniti/2016.json.gz,ok,
vpic_canada_specs,infiniti,,,2016,https://vpic.nhtsa.dot.gov/api/vehicles/GetCanadianVehicleSpecifications/?year=2016&make=Infiniti&model=&units=Metric&format=json,200,8744,8fe03d94a645be071d04112ecea8b2f537796ffb937a2fedd1b212185745f8dd,2026-10-02T08:38:48+00:00,vpic/canada/infiniti/2016.json.gz,ok,
vpic_models,infiniti,,,2017,https://vpic.nhtsa.dot.gov/api/vehicles/GetModelsForMakeYear/make/Infiniti/modelyear/2017?format=json,200,1237,a058756047b1b394060deb101d3d49bd0233fee36e2ee9f979b24a83953ab8d9,2026-10-02T08:38:51+00:00,vpic/models/infiniti/2017.json.gz,ok,
vpic_canada_specs,infiniti,,,2017,https://vpic.nhtsa.dot.gov/api/vehicles/GetCanadianVehicleSpecifications/?year=2017&make=Infiniti&model=&units=Metric&format=json,200,8706,bf22979f9498b8dca71144084cd87ad88f9e88ac7f394daa12ad076e9b98c842,2026-10-02T08:38:54+00:00,vpic/canada/infiniti/2017.json.gz,ok,
vpic_models,infiniti,,,2018,https://vpic.nhtsa.dot.gov/api/vehicles/GetModelsForMakeYear/make/Infiniti/modelyear/2018?format=json,200,1087,fd717dd9a3fbe3dddeefa4029513e15351af4d83d9581995ffacece237c9bf76,2026-10-02T08:38:57+00:00,vpic/models/infiniti/2018.json.gz,ok,
vpic_canada_specs,infiniti,,,2018,https://vpic.nhtsa.dot.gov/api/vehicles/GetCanadianVehicleSpecifications/?year=2018&make=Infiniti&model=&units=Metric&format=json,200,7652,84d4189c2efa6da28bbd4181c072e298ddb88dcb72329c0defb3700e250e960e,2026-10-02T08:39:00+00:00,vpic/canada/infiniti/2018.json.gz,ok,
vpic_models,infiniti,,,2019,https://vpic.nhtsa.dot.gov/api/vehicles/GetModelsForMakeYear/make/Infiniti/modelyear/2019?format=json,200,1087,3a4e8a6577264acb5a2eab72fd9f3a7d6d3e5b51d5e4e5738d91e6615db34d06,2026-10-02T08:39:03+00:00,vpic/models/infiniti/2019.json.gz,ok,
vpic_canada_specs,infiniti,,,2019,https://vpic.nhtsa.dot.gov/api/vehicles/GetCanadianVehicleSpecifications/?year=2019&make=Infiniti&model=&units=Metric&format=json,200,7095,4b088b6e61b19531ce0b4434a519874cb3fa39e73c7fde728cc17599923a3c85,2026-10-02T08:39:06+00:00,vpic/canada/infiniti/2019.json.gz,ok,
vpic_models,infiniti,,,2020,https://vpic.nhtsa.dot.gov/api/vehicles/GetModelsForMakeYear/make/Infiniti/modelyear/2020?format=json,200,935,dd542009cc349778c59ffbc933424c3a30fd212ebe60f1504cbe47744c8e8e5c,2026-10-02T08:39:09+00:00,vpic/models/infiniti/2020.json.gz,ok,
vpic_canada_specs,infiniti,,,2020,https://vpic.nhtsa.dot.gov/api/vehicles/GetCanadianVehicleSpecifications/?year=2020&make=Infiniti&model=&units=Metric&format=json,200,7095,fc030a57f072ca34ecce8bc1c6e62e1ca0c79f92c5d6bcedc2db02fe19685092,2026-10-02T08:39:11+00:00,vpic/canada/infiniti/2020.json.gz,ok,
vpic_models,infiniti,,,2021,https://vpic.nhtsa.dot.gov/api/vehicles/GetModelsForMakeYear/make/Infiniti/modelyear/2021?format=json,200,935,96c2cd48bd1bff1971aa53208b4e5b6eb1c4918095fb25737e870ae45d0438b4,2026-10-02T08:39:14+00:00,vpic/models/infiniti/2021.json.gz,ok,
vpic_canada_specs,infiniti,,,2021,https://vpic.nhtsa.dot.gov/api/vehicles/GetCanadianVehicleSpecifications/?year=2021&make=Infiniti&model=&units=Metric&format=json,200,4425,59c6edca9aa9854afdce230c52f010584d24675a8b522776736d1fd45597f8b6,2026-10-02T08:39:16+00:00,vpic/canada/infiniti/2021.json.gz,ok,
vpic_models,infiniti,,,2022,https://vpic.nhtsa.dot.gov/api/vehicles/GetModelsForMakeYear/make/Infiniti/modelyear/2022?format=json,200,1011,84a3f154b9792eb8eea173e14504edb20b32cdb15fd9677207860efede049b84,2026-10-02T08:39:20+00:00,vpic/models/infiniti/2022.json.gz,ok,
vpic_canada_specs,infiniti,,,2022,https://vpic.nhtsa.dot.gov/api/vehicles/GetCanadianVehicleSpecifications/?year=2022&make=Infiniti&model=&units=Metric&format=json,200,4959,d540cf3a8c5554a26119de81608dc19ba361c5c9fc5aa6706ccda721311e3784,2026-10-02T08:39:22+00:00,vpic/canada/infiniti/2022.json.gz,ok,
vpic_models,infiniti,,,2023,https://vpic.nhtsa.dot.gov/api/vehicles/GetModelsForMakeYear/make/Infiniti/modelyear/2023?format=json,200,490,f9418b99b48d493eb7cd42985e157350cc774a52fc54154c6d2aa43427f5070c,2026-10-02T08:39:24+00:00,vpic/models/infiniti/2023.json.gz,ok,
vpic_canada_specs,infiniti,,,2023,https://vpic.nhtsa.dot.gov/api/vehicles/GetCanadianVehicleSpecifications/?year=2023&make=Infiniti&model=&units=Metric&format=json,200,3878,2e518dd64657a383ec3dcd1a17c17b3fee8344c023ffc15faa043884e47c2546,2026-10-02T08:39:26+00:00,vpic/canada/infiniti/2023.json.gz,ok,
vpic_models,infiniti,,,2024,https://vpic.nhtsa.dot.gov/api/vehicles/GetModelsForMakeYear/make/Infiniti/modelyear/2024?format=json,200,490,e10269a5d47cf4c5b42edd8842fb3befb529b2037537f8412505d993edbdf69b,2026-10-02T08:39:29+00:00,vpic/models/infiniti/2024.json.gz,ok,
vpic_canada_specs,infiniti,,,2024,https://vpic.nhtsa.dot.gov/api/vehicles/GetCanadianVehicleSpecifications/?year=2024&make=Infiniti&model=&units=Metric&format=json,200,3348,f0fa330c495999f75601f6119cc8a78ca467220d08af7045a4f2b9cb3aa6ed3d,2026-10-02T08:39:32+00:00,vpic/canada/infiniti/2024.json.gz,ok,
vpic_models,infiniti,,,2025,https://vpic.nhtsa.dot.gov/api/vehicles/GetModelsForMakeYear/make/Infiniti/modelyear/2025?format=json,200,416,cfdf4c9006eccb34471437b5dca85ffccc60b5d1df0902cce09b5402a43aebba,2026-10-02T08:39:35+00:00,vpic/models/infiniti/2025.json.gz,ok,
vpic_canada_specs,infiniti,,,2025,https://vpic.nhtsa.dot.gov/api/vehicles/GetCanadianVehicleSpecifications/?year=2025&make=Infiniti&model=&units=Metric&format=json,200,2258,fc043ffd5c70a5f2845a481186715e013f8483246c00884a1dae0071efec59ef,2026-10-02T08:39:38+00:00,vpic/canada/infiniti/2025.json.gz,ok,
vpic_models,infiniti,,,2026,https://vpic.nhtsa.dot.gov/api/vehicles/GetModelsForMakeYear/make/Infiniti/modelyear/2026?format=json,200,265,0efa9ac428de6b01ce81de1df42e53b83550ee8f5ada4b75517a287b867e2c8b,2026-10-02T08:39:41+00:00,vpic/models/infiniti/2026.json.gz,ok,
vpic_canada_specs,infiniti,,,2026,https://vpic.nhtsa.dot.gov/api/vehicles/GetCanadianVehicleSpecifications/?year=2026&make=Infiniti&model=&units=Metric&format=json,200,2258,01990f83c315d68e65be43db91de2ed9b0d78f28bb1a8c7ac85d1cf4ea38f2ad,2026-10-02T08:39:44+00:00,vpic/canada/infiniti/2026.json.gz,ok,
vpic_models,cadillac,,,2014,https://vpic.nhtsa.dot.gov/api/vehicles/GetModelsForMakeYear/make/Cadillac/modelyear/2014?format=json,200,825,448f197f4671d66680a19d86413eed3ab8952b8c4443fb244f4bbfa56fb69398,2026-10-02T08:39:46+00:00,vpic/models/cadillac/2014.json.gz,ok,
vpic_canada_specs,cadillac,,,2014,https://vpic.nhtsa.dot.gov/api/vehicles/GetCanadianVehicleSpecifications/?year=2014&make=Cadillac&model=&units=Metric&format=json,200,11581,66dfec9058aaa575889e8f6ba1f5f05206bac138b18327e83394ee2a233ce1ea,2026-10-02T08:39:49+00:00,vpic/canada/cadillac/2014.json.gz,ok,
vpic_models,cadillac,,,2015,https://vpic.nhtsa.dot.gov/api/vehicles/GetModelsForMakeYear/make/Cadillac/modelyear/2015?format=json,200,825,dc358548223829f1d9efe3767d43a69f48b552b2b80f4195e9f7ad4ebc52e17f,2026-10-02T08:39:51+00:00,vpic/models/cadillac/2015.json.gz,ok,
vpic_canada_specs,cadillac,,,2015,https://vpic.nhtsa.dot.gov/api/vehicles/GetCanadianVehicleSpecifications/?year=2015&make=Cadillac&model=&units=Metric&format=json,200,10350,333b34e2d0ab06a28da7c754f3daaaf1d4375a48a7ddffd37ddb751ddd041b36,2026-10-02T08:39:52+00:00,vpic/canada/cadillac/2015.json.gz,ok,
vpic_models,cadillac,,,2016,https://vpic.nhtsa.dot.gov/api/vehicles/GetModelsForMakeYear/make/Cadillac/modelyear/2016?format=json,200,901,6c7f3143aebebef0d13622f9e58ca5d899e4283640820a28fcaf6b9d25145d27,2026-10-02T08:39:55+00:00,vpic/models/cadillac/2016.json.gz,ok,
vpic_canada_specs,cadillac,,,2016,https://vpic.nhtsa.dot.gov/api/vehicles/GetCanadianVehicleSpecifications/?year=2016&make=Cadillac&model=&units=Metric&format=json,200,14697,077e8cc6346d30fb47fdf49f009fe306efddc2fc1b790b19f1221f91ca949b49,2026-10-02T08:39:58+00:00,vpic/canada/cadillac/2016.json.gz,ok,
vpic_models,cadillac,,,2017,https://vpic.nhtsa.dot.gov/api/vehicles/GetModelsForMakeYear/make/Cadillac/modelyear/2017?format=json,200,985,9b2e8a045f803cad8b1a1c6f3eda9f49cc9e1846597f266a57de9fee05b4e2f4,2026-10-02T08:40:01+00:00,vpic/models/cadillac/2017.json.gz,ok,
vpic_canada_specs,cadillac,,,2017,https://vpic.nhtsa.dot.gov/api/vehicles/GetCanadianVehicleSpecifications/?year=2017&make=Cadillac&model=&units=Metric&format=json,200,13638,9f440c167a344b2e12a88b63d5fe8f3615f64af14b1918d7504b1282793d228a,2026-10-02T08:40:04+00:00,vpic/canada/cadillac/2017.json.gz,ok,
vpic_models,cadillac,,,2018,https://vpic.nhtsa.dot.gov/api/vehicles/GetModelsForMakeYear/make/Cadillac/modelyear/2018?format=json,200,911,92f6510ee20b9f9dff60e24c79bb2c3fe8f9896422b765da48f8bdeb041e104c,2026-10-02T08:40:07+00:00,vpic/models/cadillac/2018.json.gz,ok,
vpic_canada_specs,cadillac,,,2018,https://vpic.nhtsa.dot.gov/api/vehicles/GetCanadianVehicleSpecifications/?year=2018&make=Cadillac&model=&units=Metric&format=json,200,13638,d30a69b0230202fcc3414d1a45768901b19d2ef4706e191b5ac7b8e1388497a6,2026-10-02T08:40:09+00:00,vpic/canada/cadillac/2018.json.gz,ok,
vpic_models,cadillac,,,2019,https://vpic.nhtsa.dot.gov/api/vehicles/GetModelsForMakeYear/make/Cadillac/modelyear/2019?format=json,200,986,6909c83b313d1e842c1b0b8f8851176960a7be9579f2704f4e4fc7f1801b44ff,2026-10-02T08:40:12+00:00,vpic/models/cadillac/2019.json.gz,ok,
vpic_canada_specs,cadillac,,,2019,https://vpic.nhtsa.dot.gov/api/vehicles/GetCanadianVehicleSpecifications/?year=2019&make=Cadillac&model=&units=Metric&format=json,200,14146,f0b2cb63cac709e9bb6a795c7efda3d364da40f0b0cf83ae25b8df57091c2512,2026-10-02T08:40:15+00:00,vpic/canada/cadillac/2019.json.gz,ok,
vpic_models,cadillac,,,2020,https://vpic.nhtsa.dot.gov/api/vehicles/GetModelsForMakeYear/make/Cadillac/modelyear/2020?format=json,200,727,2c1c6ed0bb5e3ff00465d0a481f6c74bbed61ae68ff6233f81208ace1341b088,2026-10-02T08:40:18+00:00,vpic/models/cadillac/2020.json.gz,ok,
vpic_canada_specs,cadillac,,,2020,https://vpic.nhtsa.dot.gov/api/vehicles/GetCanadianVehicleSpecifications/?year=2020&make=Cadillac&model=&units=Metric&format=json,200,14658,968b02de2f475b6cb4f4451b21c02bd582d0c8c36ef33206a9e785ba619e66f9,2026-10-02T08:40:20+00:00,vpic/canada/cadillac/2020.json.gz,ok,
vpic_models,cadillac,,,2021,https://vpic.nhtsa.dot.gov/api/vehicles/GetModelsForMakeYear/make/Cadillac/modelyear/2021?format=json,200,652,85b8bdb1aa63e78a8e6344ca75bf8b70d94828e57c22106fb43c1359eeb2317f,2026-10-02T08:40:24+00:00,vpic/models/cadillac/2021.json.gz,ok,
vpic_canada_specs,cadillac,,,2021,https://vpic.nhtsa.dot.gov/api/vehicles/GetCanadianVehicleSpecifications/?year=2021&make=Cadillac&model=&units=Metric&format=json,200,10490,f9bedbd5843f9d159b3e80a8d7ca8ad57ce4c504d096ba69287609efe7c556a5,2026-10-02T08:40:29+00:00,vpic/canada/cadillac/2021.json.gz,ok,
vpic_models,cadillac,,,2022,https://vpic.nhtsa.dot.gov/api/vehicles/GetModelsForMakeYear/make/Cadillac/modelyear/2022?format=json,200,727,8bd0fc69e5401a7286dea1e7be88f7cc6ac4cda042d5cf1032965b28cde07f1e,2026-10-02T08:40:32+00:00,vpic/models/cadillac/2022.json.gz,ok,
vpic_canada_specs,cadillac,,,2022,https://vpic.nhtsa.dot.gov/api/vehicles/GetCanadianVehicleSpecifications/?year=2022&make=Cadillac&model=&units=Metric&format=json,200,11596,39642440633dc930fccd2cf795651dd11c7b23a9e360590a65caf4a399c386a0,2026-10-02T08:40:34+00:00,vpic/canada/cadillac/2022.json.gz,ok,
vpic_models,cadillac,,,2023,https://vpic.nhtsa.dot.gov/api/vehicles/GetModelsForMakeYear/make/Cadillac/modelyear/2023?format=json,200,804,808a4a89574d9437cf321b276a81fd38b768dc59ade421d2af75392e396c28be,2026-10-02T08:40:37+00:00,vpic/models/cadillac/2023.json.gz,ok,
vpic_canada_specs,cadillac,,,2023,https://vpic.nhtsa.dot.gov/api/vehicles/GetCanadianVehicleSpecifications/?year=2023&make=Cadillac&model=&units=Metric&format=json,200,12122,8aaaa88d0f58d6acc02464f3edcedce049a21d1b4ae4b1a0a348237093c653f9,2026-10-02T08:40:39+00:00,vpic/canada/cadillac/2023.json.gz,ok,
vpic_models,cadillac,,,2024,https://vpic.nhtsa.dot.gov/api/vehicles/GetModelsForMakeYear/make/Cadillac/modelyear/2024?format=json,200,804,2db244da9532c23c197dc390902dd1fd9ff85e94b30768a578646a92ebd9aada,2026-10-02T08:40:42+00:00,vpic/models/cadillac/2024.json.gz,ok,
vpic_canada_specs,cadillac,,,2024,https://vpic.nhtsa.dot.gov/api/vehicles/GetCanadianVehicleSpecifications/?year=2024&make=Cadillac&model=&units=Metric&format=json,200,12122,ec20be1a26a5efcb3f3c95cb6c65076975fc2adc4f7b3eb5f5c3db2c1cb85e46,2026-10-02T08:40:44+00:00,vpic/canada/cadillac/2024.json.gz,ok,
vpic_models,cadillac,,,2025,https://vpic.nhtsa.dot.gov/api/vehicles/GetModelsForMakeYear/make/Cadillac/modelyear/2025?format=json,200,1045,6f523c89d2f645705b02c98287804130e913a24568d2a7e363d7e061e9080de5,2026-10-02T08:40:47+00:00,vpic/models/cadillac/2025.json.gz,ok,
vpic_canada_specs,cadillac,,,2025,https://vpic.nhtsa.dot.gov/api/vehicles/GetCanadianVehicleSpecifications/?year=2025&make=Cadillac&model=&units=Metric&format=json,200,14230,a171a27a5e6e40121639e86b00f9557647f2b5188db544e18036cae3ecc91bba,2026-10-02T08:40:49+00:00,vpic/canada/cadillac/2025.json.gz,ok,
vpic_models,cadillac,,,2026,https://vpic.nhtsa.dot.gov/api/vehicles/GetModelsForMakeYear/make/Cadillac/modelyear/2026?format=json,200,1057,f638fe7a691a4d0a1d74a0f19d2217b54c391922746cc0f326429469986bea72,2026-10-02T08:40:51+00:00,vpic/models/cadillac/2026.json.gz,ok,
vpic_canada_specs,cadillac,,,2026,https://vpic.nhtsa.dot.gov/api/vehicles/GetCanadianVehicleSpecifications/?year=2026&make=Cadillac&model=&units=Metric&format=json,200,14776,2b5e8aa79373ac20c7ed58a72d1278e7f0f18d1f5a1053fe0b7eb0d59bcad3f9,2026-10-02T08:40:55+00:00,vpic/canada/cadillac/2026.json.gz,ok,
vpic_models,jeep,,,2014,https://vpic.nhtsa.dot.gov/api/vehicles/GetModelsForMakeYear/make/Jeep/modelyear/2014?format=json,200,1249,3532f4145c5b61188096364892c25a38e3d3c530c6dca9a9660d551beb76cd50,2026-10-02T08:40:58+00:00,vpic/models/jeep/2014.json.gz,ok,
vpic_canada_specs,jeep,,,2014,https://vpic.nhtsa.dot.gov/api/vehicles/GetCanadianVehicleSpecifications/?year=2014&make=Jeep&model=&units=Metric&format=json,200,8929,29d4831168c20bc9c264a97c1c7abcc024b2928eb7a48c0e02cb66985aed30ea,2026-10-02T08:41:00+00:00,vpic/canada/jeep/2014.json.gz,ok,
vpic_models,jeep,,,2015,https://vpic.nhtsa.dot.gov/api/vehicles/GetModelsForMakeYear/make/Jeep/modelyear/2015?format=json,200,1324,1a3f33fceb418e8ecf19bbde87b75e80b497212c83bfc4e5e62a8bb808662e6a,2026-10-02T08:41:03+00:00,vpic/models/jeep/2015.json.gz,ok,
vpic_canada_specs,jeep,,,2015,https://vpic.nhtsa.dot.gov/api/vehicles/GetCanadianVehicleSpecifications/?year=2015&make=Jeep&model=&units=Metric&format=json,200,10576,538a1c408e1b765499258de5f214981213d13d51d6d7702d86ce6bfbf46b9101,2026-10-02T08:41:05+00:00,vpic/canada/jeep/2015.json.gz,ok,
vpic_models,jeep,,,2016,https://vpic.nhtsa.dot.gov/api/vehicles/GetModelsForMakeYear/make/Jeep/modelyear/2016?format=json,200,1324,5fcdc31ab47c2f65be1e80d8c79dbbe9b9ed8978df667443316d55a468ceeb28,2026-10-02T08:41:07+00:00,vpic/models/jeep/2016.json.gz,ok,
vpic_canada_specs,jeep,,,2016,https://vpic.nhtsa.dot.gov/api/vehicles/GetCanadianVehicleSpecifications/?year=2016&make=Jeep&model=&units=Metric&format=json,200,10457,d9ba62df41961314789c9f7e49441f17f8b7a20a5ee38b404422aa9406c65322,2026-10-02T08:41:10+00:00,vpic/canada/jeep/2016.json.gz,ok,
vpic_models,jeep,,,2017,https://vpic.nhtsa.dot.gov/api/vehicles/GetModelsForMakeYear/make/Jeep/modelyear/2017?format=json,200,1176,537baa3eac477dd41861c3ba721ed1d1bca0bdd295a3930fd00ad980b3e9c372,2026-10-02T08:41:13+00:00,vpic/models/jeep/2017.json.gz,ok,
vpic_canada_specs,jeep,,,2017,https://vpic.nhtsa.dot.gov/api/vehicles/GetCanadianVehicleSpecifications/?year=2017&make=Jeep&model=&units=Metric&format=json,200,10457,ec5399d07cf6a4e4c8aee02fd993c5456b5851953ee3058e47c93c5cdd36fd9e,2026-10-02T08:41:16+00:00,vpic/canada/jeep/2017.json.gz,ok,
vpic_models,jeep,,,2018,https://vpic.nhtsa.dot.gov/api/vehicles/GetModelsForMakeYear/make/Jeep/modelyear/2018?format=json,200,1105,0ea552f50272de24a7aae3abb27b874ecce95c67d56462eb972c57cb96b5bacc,2026-10-02T08:41:19+00:00,vpic/models/jeep/2018.json.gz,ok,
vpic_canada_specs,jeep,,,2018,https://vpic.nhtsa.dot.gov/api/vehicles/GetCanadianVehicleSpecifications/?year=2018&make=Jeep&model=&units=Metric&format=json,200,12679,ab705831c9179f2e919475838da7af9052591db3ae7e560a466fb5fc64f6fa87,2026-10-02T08:41:23+00:00,vpic/canada/jeep/2018.json.gz,ok,
vpic_models,jeep,,,2019,https://vpic.nhtsa.dot.gov/api/vehicles/GetModelsForMakeYear/make/Jeep/modelyear/2019?format=json,200,803,c87182db917dfe7562399b397027ab3e0420f5ce4c85d643f6e297c84f5aaa2b,2026-10-02T08:41:25+00:00,vpic/models/jeep/2019.json.gz,ok,
vpic_canada_specs,jeep,,,2019,https://vpic.nhtsa.dot.gov/api/vehicles/GetCanadianVehicleSpecifications/?year=2019&make=Jeep&model=&units=Metric&format=json,200,13160,484b1bc77b8a07d844640286b4df733207d968128f67516909e778caf4d9f51a,2026-10-02T08:41:27+00:00,vpic/canada/jeep/2019.json.gz,ok,
vpic_models,jeep,,,2020,https://vpic.nhtsa.dot.gov/api/vehicles/GetModelsForMakeYear/make/Jeep/modelyear/2020?format=json,200,881,85bc69c9f5717006de22feb70ddf51c8f330d8f0d11c32e8ba0864ba79f41e4a,2026-10-02T08:41:30+00:00,vpic/models/jeep/2020.json.gz,ok,
vpic_canada_specs,jeep,,,2020,https://vpic.nhtsa.dot.gov/api/vehicles/GetCanadianVehicleSpecifications/?year=2020&make=Jeep&model=&units=Metric&format=json,200,14764,b0875694ac4b4d5d727b164ac74a8d6d6c969581139a3b1c0a217c3ff862fb28,2026-10-02T08:41:32+00:00,vpic/canada/jeep/2020.json.gz,ok,
vpic_models,jeep,,,2021,https://vpic.nhtsa.dot.gov/api/vehicles/GetModelsForMakeYear/make/Jeep/modelyear/2021?format=json,200,802,0939370115e9fb7d2a769f329a7c290db0fc57fe43c9d7278ca0a84f42811a4a,2026-10-02T08:41:34+00:00,vpic/models/jeep/2021.json.gz,ok,
vpic_canada_specs,jeep,,,2021,https://vpic.nhtsa.dot.gov/api/vehicles/GetCanadianVehicleSpecifications/?year=2021&make=Jeep&model=&units=Metric&format=json,200,17513,e7a659c7b42597a7390a644e740aa283825de7044ae54c98090df443340a6785,2026-10-02T08:41:36+00:00,vpic/canada/jeep/2021.json.gz,ok,
vpic_models,jeep,,,2022,https://vpic.nhtsa.dot.gov/api/vehicles/GetModelsForMakeYear/make/Jeep/modelyear/2022?format=json,200,961,fb505ee243ef83f3430163aa6d61c62b541bf042189c4d2af56472f63a39b56d,2026-10-02T08:41:39+00:00,vpic/models/jeep/2022.json.gz,ok,
vpic_canada_specs,jeep,,,2022,https://vpic.nhtsa.dot.gov/api/vehicles/GetCanadianVehicleSpecifications/?year=2022&make=Jeep&model=&units=Metric&format=json,200,20795,2b08c11034371baad69ff5bdb21b2f8719c65d5385a17dc6b9cfbb112f76c242,2026-10-02T08:41:41+00:00,vpic/canada/jeep/2022.json.gz,ok,
vpic_models,jeep,,,2023,https://vpic.nhtsa.dot.gov/api/vehicles/GetModelsForMakeYear/make/Jeep/modelyear/2023?format=json,200,961,0ea52ecbf72e3a6b6497c6b12aed90cb8238b3c9bc26b338ab4997ea74405749,2026-10-02T08:41:45+00:00,vpic/models/jeep/2023.json.gz,ok,
vpic_canada_specs,jeep,,,2023,https://vpic.nhtsa.dot.gov/api/vehicles/GetCanadianVehicleSpecifications/?year=2023&make=Jeep&model=&units=Metric&format=json,200,23027,d7b08b9b35b30ed8e8712b67bdab58d5df63b5eb6f228e70299de3184c21d970,2026-10-02T08:41:48+00:00,vpic/canada/jeep/2023.json.gz,ok,
vpic_models,jeep,,,2024,https://vpic.nhtsa.dot.gov/api/vehicles/GetModelsForMakeYear/make/Jeep/modelyear/2024?format=json,200,901,9a287a6a110610dfa225bbcec6ce1c502ae6df77fae4787e54bd58b92eab24ab,2026-10-02T08:41:51+00:00,vpic/models/jeep/2024.json.gz,ok,
vpic_canada_specs,jeep,,,2024,https://vpic.nhtsa.dot.gov/api/vehicles/GetCanadianVehicleSpecifications/?year=2024&make=Jeep&model=&units=Metric&format=json,200,23027,485fbc11bd67766924c722f94a7a46bf0df57b55af1dd14f36de5556d54294c5,2026-10-02T08:41:54+00:00,vpic/canada/jeep/2024.json.gz,ok,
vpic_models,jeep,,,2025,https://vpic.nhtsa.dot.gov/api/vehicles/GetModelsForMakeYear/make/Jeep/modelyear/2025?format=json,200,901,b54d7e138ad3c7d17fb71611d5bbc809a9816d4904cbf1d5611029f6704bcce5,2026-10-02T08:41:56+00:00,vpic/models/jeep/2025.json.gz,ok,
vpic_canada_specs,jeep,,,2025,https://vpic.nhtsa.dot.gov/api/vehicles/GetCanadianVehicleSpecifications/?year=2025&make=Jeep&model=&units=Metric&format=json,200,21944,cad02a5aff5480420f0c6bc7702f8338e1c40182f2dfca9a9e871c31ace84e26,2026-10-02T08:41:58+00:00,vpic/canada/jeep/2025.json.gz,ok,
vpic_models,jeep,,,2026,https://vpic.nhtsa.dot.gov/api/vehicles/GetModelsForMakeYear/make/Jeep/modelyear/2026?format=json,200,895,ab26983979e51842467c52a9eb9962222c14a9d64d384a2edb2e3ec205b8d1fe,2026-10-02T08:42:01+00:00,vpic/models/jeep/2026.json.gz,ok,
vpic_canada_specs,jeep,,,2026,https://vpic.nhtsa.dot.gov/api/vehicles/GetCanadianVehicleSpecifications/?year=2026&make=Jeep&model=&units=Metric&format=json,200,20834,27bc6e26b0f9c7da92501a36e012373f92a60e93edf207812406318c3ad10bab,2026-10-02T08:42:04+00:00,vpic/canada/jeep/2026.json.gz,ok,
vpic_models,audi,,,2014,https://vpic.nhtsa.dot.gov/api/vehicles/GetModelsForMakeYear/make/Audi/modelyear/2014?format=json,200,1510,a6e1ae60fbcb24db4f453d2904ede646acfac511a8d940601d60990d71d1289e,2026-10-02T08:42:06+00:00,vpic/models/audi/2014.json.gz,ok,
vpic_canada_specs,audi,,,2014,https://vpic.nhtsa.dot.gov/api/vehicles/GetCanadianVehicleSpecifications/?year=2014&make=Audi&model=&units=Metric&format=json,200,22583,6c8a7707a47b349b15df73042e07639d81076e0c24c1c7a8518b4e7a5cd911a0,2026-10-02T08:42:08+00:00,vpic/canada/audi/2014.json.gz,ok,
vpic_models,audi,,,2015,https://vpic.nhtsa.dot.gov/api/vehicles/GetModelsForMakeYear/make/Audi/modelyear/2015?format=json,200,1645,e6309e01d549035c471c5c934e422c19c1787cf4013f3652fa5b8cd9b7abe2d6,2026-10-02T08:42:10+00:00,vpic/models/audi/2015.json.gz,ok,
vpic_canada_specs,audi,,,2015,https://vpic.nhtsa.dot.gov/api/vehicles/GetCanadianVehicleSpecifications/?year=2015&make=Audi&model=&units=Metric&format=json,200,24690,1caa61cdbba7cf11fa09eeb7df7614ced56c533d96d6835b518a23e0ca7519ba,2026-10-02T08:42:13+00:00,vpic/canada/audi/2015.json.gz,ok,
vpic_models,audi,,,2016,https://vpic.nhtsa.dot.gov/api/vehicles/GetModelsForMakeYear/make/Audi/modelyear/2016?format=json,200,1505,93f5ae07ba62b1af392d3fe119aea8977c07c7ed4823c645e0b53a5844a159f0,2026-10-02T08:42:15+00:00,vpic/models/audi/2016.json.gz,ok,
vpic_canada_specs,audi,,,2016,https://vpic.nhtsa.dot.gov/api/vehicles/GetCanadianVehicleSpecifications/?year=2016&make=Audi&model=&units=Metric&format=json,200,21314,b70ee33d5feb41dd09635d1ce002757818129dc65d2738fec46ed4eb2a636dbf,2026-10-02T08:42:18+00:00,vpic/canada/audi/2016.json.gz,ok,
vpic_models,audi,,,2017,https://vpic.nhtsa.dot.gov/api/vehicles/GetModelsForMakeYear/make/Audi/modelyear/2017?format=json,200,1577,462e0fdcf7d663867efa0e882eea7d51e1061eafce0005c3a7c459941b61e3f9,2026-10-02T08:42:22+00:00,vpic/models/audi/2017.json.gz,ok,
vpic_canada_specs,audi,,,2017,https://vpic.nhtsa.dot.gov/api/vehicles/GetCanadianVehicleSpecifications/?year=2017&make=Audi&model=&units=Metric&format=json,200,17402,1c9d900a9435561dd7c6654c71108a0accc40d3e3fa00fed67f5fd7fa00c3613,2026-10-02T08:42:25+00:00,vpic/canada/audi/2017.json.gz,ok,
vpic_models,audi,,,2018,https://vpic.nhtsa.dot.gov/api/vehicles/GetModelsForMakeYear/make/Audi/modelyear/2018?format=json,200,1789,e72b017271dfd89f28da3ff37c2f32113eabcd4fca94585aaccbca0b93f7e11b,2026-10-02T08:42:27+00:00,vpic/models/audi/2018.json.gz,ok,
vpic_canada_specs,audi,,,2018,https://vpic.nhtsa.dot.gov/api/vehicles/GetCanadianVehicleSpecifications/?year=2018&make=Audi&model=&units=Metric&format=json,200,21022,7ec17658b8aee7bf18e2c53c378f25a0ae5d949d993e95733749b4b4a951ae87,2026-10-02T08:42:29+00:00,vpic/canada/audi/2018.json.gz,ok,
vpic_models,audi,,,2019,https://vpic.nhtsa.dot.gov/api/vehicles/GetModelsForMakeYear/make/Audi/modelyear/2019?format=json,200,1586,178553a76ed1235b3b2a98ae2fe9d8c875a5333f006a3f54a13d7f25eb167bfb,2026-10-02T08:42:31+00:00,vpic/models/audi/2019.json.gz,ok,
vpic_canada_specs,audi,,,2019,https://vpic.nhtsa.dot.gov/api/vehicles/GetCanadianVehicleSpecifications/?year=2019&make=Audi&model=&units=Metric&format=json,200,20265,767bf49424b8a0cbc8bf9f404fae72389d31b736f18bd7d4827cb5598ae5def7,2026-10-02T08:42:34+00:00,vpic/canada/audi/2019.json.gz,ok,
vpic_models,audi,,,2020,https://vpic.nhtsa.dot.gov/api/vehicles/GetModelsForMakeYear/make/Audi/modelyear/2020?format=json,200,2238,b0837b629a3e17ce5e22037e556bd38be96b40ecf389fcae7d399e790badadef,2026-10-02T08:42:36+00:00,vpic/models/audi/2020.json.gz,ok,
vpic_canada_specs,audi,,,2020,https://vpic.nhtsa.dot.gov/api/vehicles/GetCanadianVehicleSpecifications/?year=2020&make=Audi&model=&units=Metric&format=json,200,21722,d73d2bf47931a622ff79a162c2231eeec27ddefc7e585392f53504db1dc400ed,2026-10-02T08:42:38+00:00,vpic/canada/audi/2020.json.gz,ok,
vpic_models,audi,,,2021,https://vpic.nhtsa.dot.gov/api/vehicles/GetModelsForMakeYear/make/Audi/modelyear/2021?format=json,200,2399,e8a63347ed5de101e275f860ae26dbea14425fd190f57efd0524634bb64d207a,2026-10-02T08:42:41+00:00,vpic/models/audi/2021.json.gz,ok,
vpic_canada_specs,audi,,,2021,https://vpic.nhtsa.dot.gov/api/vehicles/GetCanadianVehicleSpecifications/?year=2021&make=Audi&model=&units=Metric&format=json,200,22266,34b9d9a2f3a2898f885082bcdb02f8f1e8afbdd0336352abb1ba1d97d670bdde,2026-10-02T08:42:44+00:00,vpic/canada/audi/2021.json.gz,ok,
vpic_models,audi,,,2022,https://vpic.nhtsa.dot.gov/api/vehicles/GetModelsForMakeYear/make/Audi/modelyear/2022?format=json,200,2690,6238417d51aa1c6bc30a9b030ba371d5631a176a8416d706ddadd8bd1db38c3e,2026-10-02T08:42:46+00:00,vpic/models/audi/2022.json.gz,ok,
vpic_canada_specs,audi,,,2022,https://vpic.nhtsa.dot.gov/api/vehicles/GetCanadianVehicleSpecifications/?year=2022&make=Audi&model=&units=Metric&format=json,200,24423,537702deb0e3c8ef82924909b0949b126bcceb76c0143324746b11f0ebd55d19,2026-10-02T08:42:49+00:00,vpic/canada/audi/2022.json.gz,ok,
vpic_models,audi,,,2023,https://vpic.nhtsa.dot.gov/api/vehicles/GetModelsForMakeYear/make/Audi/modelyear/2023?format=json,200,2534,93e8ba9c8aa411aec0a1597e1fc7c09e079119a8ef138f1e123c6b89675874e5,2026-10-02T08:42:51+00:00,vpic/models/audi/2023.json.gz,ok,
vpic_canada_specs,audi,,,2023,https://vpic.nhtsa.dot.gov/api/vehicles/GetCanadianVehicleSpecifications/?year=2023&make=Audi&model=&units=Metric&format=json,200,24423,fbf392cacf779e3b95ae2aed7ade01474a8160ac33152ca2647550bfb765cd80,2026-10-02T08:42:53+00:00,vpic/canada/audi/2023.json.gz,ok,
vpic_models,audi,,,2024,https://vpic.nhtsa.dot.gov/api/vehicles/GetModelsForMakeYear/make/Audi/modelyear/2024?format=json,200,2252,d9ba1e108b55d09138f7e1ac9ed41179c9d42f7b9fcd08b939dbe14665745da9,2026-10-02T08:42:56+00:00,vpic/models/audi/2024.json.gz,ok,
vpic_canada_specs,audi,,,2024,https://vpic.nhtsa.dot.gov/api/vehicles/GetCanadianVehicleSpecifications/?year=2024&make=Audi&model=&units=Metric&format=json,200,24974,edee90e72c6e49799b43c31cd61347b355dda5f57e0299fc1e3a3168acb8034a,2026-10-02T08:42:58+00:00,vpic/canada/audi/2024.json.gz,ok,
vpic_models,audi,,,2025,https://vpic.nhtsa.dot.gov/api/vehicles/GetModelsForMakeYear/make/Audi/modelyear/2025?format=json,200,2395,ee7204735e98199949ab4d2d269fd3c78736579003358526e8a69e7e63805ec7,2026-10-02T08:43:02+00:00,vpic/models/audi/2025.json.gz,ok,
vpic_canada_specs,audi,,,2025,https://vpic.nhtsa.dot.gov/api/vehicles/GetCanadianVehicleSpecifications/?year=2025&make=Audi&model=&units=Metric&format=json,200,28718,f610b129976665adde569e48cf6df15563285ace06eb5695191ce8ea7da703da,2026-10-02T08:43:04+00:00,vpic/canada/audi/2025.json.gz,ok,
vpic_models,audi,,,2026,https://vpic.nhtsa.dot.gov/api/vehicles/GetModelsForMakeYear/make/Audi/modelyear/2026?format=json,200,1829,2bea54c7a3d94c4666913dcf3129850bc7c47e08b020649e5d0e1d6cda1b418e,2026-10-02T08:43:07+00:00,vpic/models/audi/2026.json.gz,ok,
vpic_canada_specs,audi,,,2026,https://vpic.nhtsa.dot.gov/api/vehicles/GetCanadianVehicleSpecifications/?year=2026&make=Audi&model=&units=Metric&format=json,200,16556,04db4607df2bcc3229e0a6dccb942de5ef77d00b32fac06bb2e206861b446f6f,2026-10-02T08:43:09+00:00,vpic/canada/audi/2026.json.gz,ok,
vpic_models,volkswagen,,,2014,https://vpic.nhtsa.dot.gov/api/vehicles/GetModelsForMakeYear/make/Volkswagen/modelyear/2014?format=json,200,1143,f28ac7c2b6dc431eaa50996285771acd162f5d8f50c3e24d8681e65cd91329f3,2026-10-02T08:43:11+00:00,vpic/models/volkswagen/2014.json.gz,ok,
vpic_canada_specs,volkswagen,,,2014,https://vpic.nhtsa.dot.gov/api/vehicles/GetCanadianVehicleSpecifications/?year=2014&make=Volkswagen&model=&units=Metric&format=json,200,13245,1dcf5a5caeb49950a397536ef69249ef005803fda35670a442b7fa9ca30f9de7,2026-10-02T08:43:13+00:00,vpic/canada/volkswagen/2014.json.gz,ok,
vpic_models,volkswagen,,,2015,https://vpic.nhtsa.dot.gov/api/vehicles/GetModelsForMakeYear/make/Volkswagen/modelyear/2015?format=json,200,984,8023add5c34e890d63cf5efcfe1adc470c616a092aaa0734c98dbd920c5e5fb1,2026-10-02T08:43:16+00:00,vpic/models/volkswagen/2015.json.gz,ok,
vpic_canada_specs,volkswagen,,,2015,https://vpic.nhtsa.dot.gov/api/vehicles/GetCanadianVehicleSpecifications/?year=2015&make=Volkswagen&model=&units=Metric&format=json,200,13847,e758166c4ec2056b6914b24b353bf82016599c29967d725daf083d5da010f546,2026-10-02T08:43:19+00:00,vpic/canada/volkswagen/2015.json.gz,ok,
vpic_models,volkswagen,,,2016,https://vpic.nhtsa.dot.gov/api/vehicles/GetModelsForMakeYear/make/Volkswagen/modelyear/2016?format=json,200,1070,65a8e6527d51a54a67e0c802ff2c8a54d6b0b74668cbb61943fdff36e84572f7,2026-10-02T08:43:22+00:00,vpic/models/volkswagen/2016.json.gz,ok,
vpic_canada_specs,volkswagen,,,2016,https://vpic.nhtsa.dot.gov/api/vehicles/GetCanadianVehicleSpecifications/?year=2016&make=Volkswagen&model=&units=Metric&format=json,200,12645,d109470a9e5356452aa454138bafd80b8c2f7cd3da0aeaebd54922fdff993380,2026-10-02T08:43:25+00:00,vpic/canada/volkswagen/2016.json.gz,ok,
vpic_models,volkswagen,,,2017,https://vpic.nhtsa.dot.gov/api/vehicles/GetModelsForMakeYear/make/Volkswagen/modelyear/2017?format=json,200,1081,e0178f7fd5b49fbeb80cf25fef2c433291878c07b5cdb0b1c2c7ce5bcecc204b,2026-10-02T08:43:29+00:00,vpic/models/volkswagen/2017.json.gz,ok,
vpic_canada_specs,volkswagen,,,2017,https://vpic.nhtsa.dot.gov/api/vehicles/GetCanadianVehicleSpecifications/?year=2017&make=Volkswagen&model=&units=Metric&format=json,200,9905,7a80268aa0d40a5571485053629f14fd0e86f7388d6a074ba8313c5e1a17f434,2026-10-02T08:43:32+00:00,vpic/canada/volkswagen/2017.json.gz,ok,
vpic_models,volkswagen,,,2018,https://vpic.nhtsa.dot.gov/api/vehicles/GetModelsForMakeYear/make/Volkswagen/modelyear/2018?format=json,200,1248,b5577bba56fe74f9b01f3b849574923a5ae0d4483d2e5aed75903949dc7d64a0,2026-10-02T08:43:35+00:00,vpic/models/volkswagen/2018.json.gz,ok,
vpic_canada_specs,volkswagen,,,2018,https://vpic.nhtsa.dot.gov/api/vehicles/GetCanadianVehicleSpecifications/?year=2018&make=Volkswagen&model=&units=Metric&format=json,200,8750,9d00f413ab21023b28fa28678ed407a8e519bd395366e0a0c1403e39df2cafcc,2026-10-02T08:43:37+00:00,vpic/canada/volkswagen/2018.json.gz,ok,
vpic_models,volkswagen,,,2019,https://vpic.nhtsa.dot.gov/api/vehicles/GetModelsForMakeYear/make/Volkswagen/modelyear/2019?format=json,200,1085,9af6e7d49e604faedc49535f49d7c61eac0375048bb7e37bfe464a3bcc50e6aa,2026-10-02T08:43:40+00:00,vpic/models/volkswagen/2019.json.gz,ok,
vpic_canada_specs,volkswagen,,,2019,https://vpic.nhtsa.dot.gov/api/vehicles/GetCanadianVehicleSpecifications/?year=2019&make=Volkswagen&model=&units=Metric&format=json,200,9290,3e1182680253efd1d038bd8166fd939b1be3fe87e596a86c3c166c84df21ac69,2026-10-02T08:43:43+00:00,vpic/canada/volkswagen/2019.json.gz,ok,
vpic_models,volkswagen,,,2020,https://vpic.nhtsa.dot.gov/api/vehicles/GetModelsForMakeYear/make/Volkswagen/modelyear/2020?format=json,200,1097,1403815a57508450c69eb630ee1f6972fdf75d87ad984bcff583c53b549f3247,2026-10-02T08:43:45+00:00,vpic/models/volkswagen/2020.json.gz,ok,
vpic_canada_specs,volkswagen,,,2020,https://vpic.nhtsa.dot.gov/api/vehicles/GetCanadianVehicleSpecifications/?year=2020&make=Volkswagen&model=&units=Metric&format=json,200,10412,29bfa096fe9df7026b1157374fc904ba55a2264b6560ca067ea214df8a2d92a3,2026-10-02T08:43:48+00:00,vpic/canada/volkswagen/2020.json.gz,ok,
vpic_models,volkswagen,,,2021,https://vpic.nhtsa.dot.gov/api/vehicles/GetModelsForMakeYear/make/Volkswagen/modelyear/2021?format=json,200,924,899665b89dc840e70fd4f9933d7d626a991fd7c368df28fd086660da9e2a3859,2026-10-02T08:43:51+00:00,vpic/models/volkswagen/2021.json.gz,ok,
vpic_canada_specs,volkswagen,,,2021,https://vpic.nhtsa.dot.gov/api/vehicles/GetCanadianVehicleSpecifications/?year=2021&make=Volkswagen&model=&units=Metric&format=json,200,8794,9a2565658a06ac057830cccb2a7213919e6c75c8a86d52dcfd01d7e64e3da5eb,2026-10-02T08:43:54+00:00,vpic/canada/volkswagen/2021.json.gz,ok,
vpic_models,volkswagen,,,2022,https://vpic.nhtsa.dot.gov/api/vehicles/GetModelsForMakeYear/make/Volkswagen/modelyear/2022?format=json,200,1005,7acce803d9db4467fe71e23da4616fea983b48569bc5508bd47d2e49ff6584aa,2026-10-02T08:43:57+00:00,vpic/models/volkswagen/2022.json.gz,ok,
vpic_canada_specs,volkswagen,,,2022,https://vpic.nhtsa.dot.gov/api/vehicles/GetCanadianVehicleSpecifications/?year=2022&make=Volkswagen&model=&units=Metric&format=json,200,8786,4efe72196229ac4e72d6976648ef8b1344439fd83ff9ba23561bd5f2f5b4c2f8,2026-10-02T08:43:59+00:00,vpic/canada/volkswagen/2022.json.gz,ok,
vpic_models,volkswagen,,,2023,https://vpic.nhtsa.dot.gov/api/vehicles/GetModelsForMakeYear/make/Volkswagen/modelyear/2023?format=json,200,926,be01f9ea22f4bf1c71e1af7506f2f2a2cbdcaaa6e5c7350f8199a08a774f5c0d,2026-10-02T08:44:02+00:00,vpic/models/volkswagen/2023.json.gz,ok,
vpic_canada_specs,volkswagen,,,2023,https://vpic.nhtsa.dot.gov/api/vehicles/GetCanadianVehicleSpecifications/?year=2023&make=Volkswagen&model=&units=Metric&format=json,200,8786,4d0ec28d216f380d28f396343b85c86350651916240b69c10fee9a6b512552b9,2026-10-02T08:44:05+00:00,vpic/canada/volkswagen/2023.json.gz,ok,
vpic_models,volkswagen,,,2024,https://vpic.nhtsa.dot.gov/api/vehicles/GetModelsForMakeYear/make/Volkswagen/modelyear/2024?format=json,200,845,67dc9c262a63aa6f562fc8d3d4b4a9ca5a0c8d6146127bbe942f3ea9f22a1df9,2026-10-02T08:44:08+00:00,vpic/models/volkswagen/2024.json.gz,ok,
vpic_canada_specs,volkswagen,,,2024,https://vpic.nhtsa.dot.gov/api/vehicles/GetCanadianVehicleSpecifications/?year=2024&make=Volkswagen&model=&units=Metric&format=json,200,9332,2ed7e16d4aac62777ce5fc54cacf57e85499da95ca348f1151ffb47b2620cef1,2026-10-02T08:44:10+00:00,vpic/canada/volkswagen/2024.json.gz,ok,
vpic_models,volkswagen,,,2025,https://vpic.nhtsa.dot.gov/api/vehicles/GetModelsForMakeYear/make/Volkswagen/modelyear/2025?format=json,200,922,a0ac96a52cb0f5b587c33831b217cdadea3cace50228360236327ab080eeeac3,2026-10-02T08:44:13+00:00,vpic/models/volkswagen/2025.json.gz,ok,
vpic_canada_specs,volkswagen,,,2025,https://vpic.nhtsa.dot.gov/api/vehicles/GetCanadianVehicleSpecifications/?year=2025&make=Volkswagen&model=&units=Metric&format=json,200,8778,f85091c913723d5a8408c27857d446a1a30b6a5f31ea4a745e605d9ac46817a5,2026-10-02T08:44:15+00:00,vpic/canada/volkswagen/2025.json.gz,ok,
vpic_models,volkswagen,,,2026,https://vpic.nhtsa.dot.gov/api/vehicles/GetModelsForMakeYear/make/Volkswagen/modelyear/2026?format=json,200,845,a297a502a0884e630f46c80dde9b039a15bc5677dddd5f4c09fa995fe88eac58,2026-10-02T08:44:18+00:00,vpic/models/volkswagen/2026.json.gz,ok,
vpic_canada_specs,volkswagen,,,2026,https://vpic.nhtsa.dot.gov/api/vehicles/GetCanadianVehicleSpecifications/?year=2026&make=Volkswagen&model=&units=Metric&format=json,200,8778,7a3d12efc8822884236eb0d9375a6285835a843f1bc2b3733a5cb0d5ccbbd937,2026-10-02T08:44:21+00:00,vpic/canada/volkswagen/2026.json.gz,ok,
vpic_models,mitsubishi,,,2014,https://vpic.nhtsa.dot.gov/api/vehicles/GetModelsForMakeYear/make/Mitsubishi/modelyear/2014?format=json,200,2205,8692fd35f33b2dc1de38fc4e54d4e2d8bb9a19a14fe4701b15fef3216d0fc24a,2026-10-02T08:44:23+00:00,vpic/models/mitsubishi/2014.json.gz,ok,
vpic_canada_specs,mitsubishi,,,2014,https://vpic.nhtsa.dot.gov/api/vehicles/GetCanadianVehicleSpecifications/?year=2014&make=Mitsubishi&model=&units=Metric&format=json,200,6722,f7d678d126562abdd75c4a5ccb6cdd5de6e5a62bf191c581b67202ad932c1320,2026-10-02T08:44:26+00:00,vpic/canada/mitsubishi/2014.json.gz,ok,
vpic_models,mitsubishi,,,2015,https://vpic.nhtsa.dot.gov/api/vehicles/GetModelsForMakeYear/make/Mitsubishi/modelyear/2015?format=json,200,2289,0449989f258862fc4ba13419b1f01ce04a95ff959f81421574c232509583631e,2026-10-02T08:44:28+00:00,vpic/models/mitsubishi/2015.json.gz,ok,
vpic_canada_specs,mitsubishi,,,2015,https://vpic.nhtsa.dot.gov/api/vehicles/GetCanadianVehicleSpecifications/?year=2015&make=Mitsubishi&model=&units=Metric&format=json,200,6703,2873a62a0824ca1929f42dcab94fe1dfdcd1c78b4dd837472dcad3e27c7d3a76,2026-10-02T08:44:31+00:00,vpic/canada/mitsubishi/2015.json.gz,ok,
vpic_models,mitsubishi,,,2016,https://vpic.nhtsa.dot.gov/api/vehicles/GetModelsForMakeYear/make/Mitsubishi/modelyear/2016?format=json,200,2200,a00602ae9517ac8f88a3203769aa478c494546c87f05404d93728ca22d1251d3,2026-10-02T08:44:34+00:00,vpic/models/mitsubishi/2016.json.gz,ok,
vpic_canada_specs,mitsubishi,,,2016,https://vpic.nhtsa.dot.gov/api/vehicles/GetCanadianVehicleSpecifications/?year=2016&make=Mitsubishi&model=&units=Metric&format=json,200,5061,88fdd11b58382f06f05fd55031ad2d5fa8bde59b0fdac7ee19d405496bd92e9f,2026-10-02T08:44:36+00:00,vpic/canada/mitsubishi/2016.json.gz,ok,
vpic_models,mitsubishi,,,2017,https://vpic.nhtsa.dot.gov/api/vehicles/GetModelsForMakeYear/make/Mitsubishi/modelyear/2017?format=json,200,2379,4ae23de94746f9e62951f6fea706eddc206a928aed8f784a1fcdcf05f5304714,2026-10-02T08:44:40+00:00,vpic/models/mitsubishi/2017.json.gz,ok,
vpic_canada_specs,mitsubishi,,,2017,https://vpic.nhtsa.dot.gov/api/vehicles/GetCanadianVehicleSpecifications/?year=2017&make=Mitsubishi&model=&units=Metric&format=json,200,6135,a00bd4dc039b9d74c0543b3c7e960996e2291de1e64a8ab3fd6cc45f7fcc2453,2026-10-02T08:44:42+00:00,vpic/canada/mitsubishi/2017.json.gz,ok,
vpic_models,mitsubishi,,,2018,https://vpic.nhtsa.dot.gov/api/vehicles/GetModelsForMakeYear/make/Mitsubishi/modelyear/2018?format=json,200,2202,51f5c727ea2390d3f1cc1d215307cebb582cd6078c1918f67b004b78d83006b3,2026-10-02T08:44:45+00:00,vpic/models/mitsubishi/2018.json.gz,ok,
vpic_canada_specs,mitsubishi,,,2018,https://vpic.nhtsa.dot.gov/api/vehicles/GetCanadianVehicleSpecifications/?year=2018&make=Mitsubishi&model=&units=Metric&format=json,200,6674,2ed96d918c3f39ef3a4c9421f40d45254c2e988d63efab7fb49eaa9b33b538c7,2026-10-02T08:44:48+00:00,vpic/canada/mitsubishi/2018.json.gz,ok,
vpic_models,mitsubishi,,,2019,https://vpic.nhtsa.dot.gov/api/vehicles/GetModelsForMakeYear/make/Mitsubishi/modelyear/2019?format=json,200,2495,cc30a3ff1b633f4e7f1ac1bebf1401361f0aef0db65a65ebd136acd5ddfbbf4e,2026-10-02T08:44:51+00:00,vpic/models/mitsubishi/2019.json.gz,ok,
vpic_canada_specs,mitsubishi,,,2019,https://vpic.nhtsa.dot.gov/api/vehicles/GetCanadianVehicleSpecifications/?year=2019&make=Mitsubishi&model=&units=Metric&format=json,200,4459,b21c784779e5a940c14b23b870d240309fd78cf9cef6db70c983653804e5e431,2026-10-02T08:44:54+00:00,vpic/canada/mitsubishi/2019.json.gz,ok,
vpic_models,mitsubishi,,,2020,https://vpic.nhtsa.dot.gov/api/vehicles/GetModelsForMakeYear/make/Mitsubishi/modelyear/2020?format=json,200,2495,3de0d0a6ef50e9f2d0bd02a36e7085466e69524b6c7675e8e50c11d6531703a3,2026-10-02T08:44:57+00:00,vpic/models/mitsubishi/2020.json.gz,ok,
vpic_canada_specs,mitsubishi,,,2020,https://vpic.nhtsa.dot.gov/api/vehicles/GetCanadianVehicleSpecifications/?year=2020&make=Mitsubishi&model=&units=Metric&format=json,200,4459,36b3b5f471fa0329c2b90cb188198a45592ea13f4e1ea55d4d985c0f744c6401,2026-10-02T08:45:00+00:00,vpic/canada/mitsubishi/2020.json.gz,ok,
vpic_models,mitsubishi,,,2021,https://vpic.nhtsa.dot.gov/api/vehicles/GetModelsForMakeYear/make/Mitsubishi/modelyear/2021?format=json,200,2123,d86d296a7932d9fd07d5fb618253893395dc91961874beea82a81518b10a6db1,2026-10-02T08:45:02+00:00,vpic/models/mitsubishi/2021.json.gz,ok,
vpic_canada_specs,mitsubishi,,,2021,https://vpic.nhtsa.dot.gov/api/vehicles/GetCanadianVehicleSpecifications/?year=2021&make=Mitsubishi&model=&units=Metric&format=json,200,3926,aa3165587bbcf3fa3eca5a803a50aab57d21cef28fa72dc8f0843d805d30acf7,2026-10-02T08:45:05+00:00,vpic/canada/mitsubishi/2021.json.gz,ok,
vpic_models,mitsubishi,,,2022,https://vpic.nhtsa.dot.gov/api/vehicles/GetModelsForMakeYear/make/Mitsubishi/modelyear/2022?format=json,200,2123,ac9264606b42c4ac783e7340ce2fd8d72ec701b717fa7df75420dfaaf845a35f,2026-10-02T08:45:08+00:00,vpic/models/mitsubishi/2022.json.gz,ok,
vpic_canada_specs,mitsubishi,,,2022,https://vpic.nhtsa.dot.gov/api/vehicles/GetCanadianVehicleSpecifications/?year=2022&make=Mitsubishi&model=&units=Metric&format=json,200,3367,89ba019e6f4196aa911603b971f18988c0a637223b4777f4d8a8a3dfe011b5ee,2026-10-02T08:45:10+00:00,vpic/canada/mitsubishi/2022.json.gz,ok,
vpic_models,mitsubishi,,,2023,https://vpic.nhtsa.dot.gov/api/vehicles/GetModelsForMakeYear/make/Mitsubishi/modelyear/2023?format=json,200,2047,95068a5b716f29014787f996daef5706bd172d6e2e2f5e10801a6a616bc0cbb4,2026-10-02T08:45:13+00:00,vpic/models/mitsubishi/2023.json.gz,ok,
vpic_canada_specs,mitsubishi,,,2023,https://vpic.nhtsa.dot.gov/api/vehicles/GetCanadianVehicleSpecifications/?year=2023&make=Mitsubishi&model=&units=Metric&format=json,200,3367,1f4db3436b56a9aad734dd099ec85a85f57abbc9f6f1c51d93d5f9154cffff78,2026-10-02T08:45:15+00:00,vpic/canada/mitsubishi/2023.json.gz,ok,
vpic_models,mitsubishi,,,2024,https://vpic.nhtsa.dot.gov/api/vehicles/GetModelsForMakeYear/make/Mitsubishi/modelyear/2024?format=json,200,628,bd74052ac66ff3366f027d710b9157454d771f81c4cf5294448dca8d986f6dc5,2026-10-02T08:45:18+00:00,vpic/models/mitsubishi/2024.json.gz,ok,
vpic_canada_specs,mitsubishi,,,2024,https://vpic.nhtsa.dot.gov/api/vehicles/GetCanadianVehicleSpecifications/?year=2024&make=Mitsubishi&model=&units=Metric&format=json,200,3366,e93b06e789f57631345a5c017c19970561c6e7a330bcdd23c55b181852b2cf43,2026-10-02T08:45:20+00:00,vpic/canada/mitsubishi/2024.json.gz,ok,
vpic_models,mitsubishi,,,2025,https://vpic.nhtsa.dot.gov/api/vehicles/GetModelsForMakeYear/make/Mitsubishi/modelyear/2025?format=json,200,466,8a26114c2e157c550a8c8f2eb1a75e939d00d26baa04d2d158390428010fbbdb,2026-10-02T08:45:23+00:00,vpic/models/mitsubishi/2025.json.gz,ok,
vpic_canada_specs,mitsubishi,,,2025,https://vpic.nhtsa.dot.gov/api/vehicles/GetCanadianVehicleSpecifications/?year=2025&make=Mitsubishi&model=&units=Metric&format=json,200,3366,a264dac567f2a8115e4bb5152c3df74dcc5338bb3302b3b8ece2f5a3e08abeb2,2026-10-02T08:45:26+00:00,vpic/canada/mitsubishi/2025.json.gz,ok,
vpic_models,mitsubishi,,,2026,https://vpic.nhtsa.dot.gov/api/vehicles/GetModelsForMakeYear/make/Mitsubishi/modelyear/2026?format=json,200,466,cd215103a11400a96d12a87d40f3309b42ed6bf98cb65a0c76f1f25f90012fdd,2026-10-02T08:45:29+00:00,vpic/models/mitsubishi/2026.json.gz,ok,
vpic_canada_specs,mitsubishi,,,2026,https://vpic.nhtsa.dot.gov/api/vehicles/GetCanadianVehicleSpecifications/?year=2026&make=Mitsubishi&model=&units=Metric&format=json,200,2832,92ad9c5039c9873e4a679f378e76988dd1ec56488db86c0d48523a74b47a99ac,2026-10-02T08:45:31+00:00,vpic/canada/mitsubishi/2026.json.gz,ok,
vpic_models,tesla,,,2014,https://vpic.nhtsa.dot.gov/api/vehicles/GetModelsForMakeYear/make/Tesla/modelyear/2014?format=json,200,187,91fbad2a3c477c14f039844113846cb663a2812b7b419b5df5e5c5858e20a129,2026-10-02T08:45:34+00:00,vpic/models/tesla/2014.json.gz,ok,
vpic_canada_specs,tesla,,,2014,https://vpic.nhtsa.dot.gov/api/vehicles/GetCanadianVehicleSpecifications/?year=2014&make=Tesla&model=&units=Metric&format=json,200,655,dbeeb02c303cff9443d25abd84da757eb276cf7a89c43cf1d9f59481a09e65fe,2026-10-02T08:45:37+00:00,vpic/canada/tesla/2014.json.gz,ok,
vpic_models,tesla,,,2015,https://vpic.nhtsa.dot.gov/api/vehicles/GetModelsForMakeYear/make/Tesla/modelyear/2015?format=json,200,187,2387e1fc69268acbc75f402e01f0290a2cb4c055fc57cda3575fafc59f3d868c,2026-10-02T08:45:40+00:00,vpic/models/tesla/2015.json.gz,ok,
vpic_canada_specs,tesla,,,2015,https://vpic.nhtsa.dot.gov/api/vehicles/GetCanadianVehicleSpecifications/?year=2015&make=Tesla&model=&units=Metric&format=json,200,2822,ed1faf52487800c69e48e3f5101d7937b9a710539945959a01335e538bda23c6,2026-10-02T08:45:44+00:00,vpic/canada/tesla/2015.json.gz,ok,
vpic_models,tesla,,,2016,https://vpic.nhtsa.dot.gov/api/vehicles/GetModelsForMakeYear/make/Tesla/modelyear/2016?format=json,200,263,e158009850d53146ac8f9e5b2a40621c101c31e4d621b8af67175c63b279eba6,2026-10-02T08:45:46+00:00,vpic/models/tesla/2016.json.gz,ok,
vpic_canada_specs,tesla,,,2016,https://vpic.nhtsa.dot.gov/api/vehicles/GetCanadianVehicleSpecifications/?year=2016&make=Tesla&model=&units=Metric&format=json,200,2806,5818106d03d5231b3a479af85b750efacc0b175ca2d7dfefd9ac4635105c2151,2026-10-02T08:45:49+00:00,vpic/canada/tesla/2016.json.gz,ok,
vpic_models,tesla,,,2017,https://vpic.nhtsa.dot.gov/api/vehicles/GetModelsForMakeYear/make/Tesla/modelyear/2017?format=json,200,339,6cfa626dc30e956ee080322b5f97f792daacd50abe7e29d3efa65e837625624b,2026-10-02T08:45:52+00:00,vpic/models/tesla/2017.json.gz,ok,
vpic_canada_specs,tesla,,,2017,https://vpic.nhtsa.dot.gov/api/vehicles/GetCanadianVehicleSpecifications/?year=2017&make=Tesla&model=&units=Metric&format=json,200,1730,91773556813200ed774cbac7ba362ae924e9fbc86fbb6f6a4474287d786d128b,2026-10-02T08:45:54+00:00,vpic/canada/tesla/2017.json.gz,ok,
vpic_models,tesla,,,2018,https://vpic.nhtsa.dot.gov/api/vehicles/GetModelsForMakeYear/make/Tesla/modelyear/2018?format=json,200,339,5cb5d842a16910d6395df81e07501e6fd8b0b0382bf84d17d68d429194125473,2026-10-02T08:45:57+00:00,vpic/models/tesla/2018.json.gz,ok,
vpic_canada_specs,tesla,,,2018,https://vpic.nhtsa.dot.gov/api/vehicles/GetCanadianVehicleSpecifications/?year=2018&make=Tesla&model=&units=Metric&format=json,200,2812,9154f0e31fd5af8c1a84b7409769fd69b7624dcad03707e98452bc1776275ead,2026-10-02T08:46:01+00:00,vpic/canada/tesla/2018.json.gz,ok,
vpic_models,tesla,,,2019,https://vpic.nhtsa.dot.gov/api/vehicles/GetModelsForMakeYear/make/Tesla/modelyear/2019?format=json,200,339,5c8194d8ffeaea23d04e283a4fac1cb1bca2ef6459040d617059932f11315017,2026-10-02T08:46:06+00:00,vpic/models/tesla/2019.json.gz,ok,
vpic_canada_specs,tesla,,,2019,https://vpic.nhtsa.dot.gov/api/vehicles/GetCanadianVehicleSpecifications/?year=2019&make=Tesla&model=&units=Metric&format=json,200,3367,031c522a8e207de64c7e1c550c3aed0ae3b888ba6615a14c4afb2351213fb7c7,2026-10-02T08:46:09+00:00,vpic/canada/tesla/2019.json.gz,ok,
vpic_models,tesla,,,2020,https://vpic.nhtsa.dot.gov/api/vehicles/GetModelsForMakeYear/make/Tesla/modelyear/2020?format=json,200,415,0e14ba2397d99176bec07dbcf2e0a622b217e38fb8b8c133fe7fc040e3e1af6a,2026-10-02T08:46:12+00:00,vpic/models/tesla/2020.json.gz,ok,
vpic_canada_specs,tesla,,,2020,https://vpic.nhtsa.dot.gov/api/vehicles/GetCanadianVehicleSpecifications/?year=2020&make=Tesla&model=&units=Metric&format=json,200,3367,82015ffa6fc4b388e18942a33e9ac69c95f328c88200aeec224bca737da83864,2026-10-02T08:46:18+00:00,vpic/canada/tesla/2020.json.gz,ok,
vpic_models,tesla,,,2021,https://vpic.nhtsa.dot.gov/api/vehicles/GetModelsForMakeYear/make/Tesla/modelyear/2021?format=json,200,415,5453424f58528c452ed3d9ce8590f929d642632f7ef823bcb7c88f382be5b839,2026-10-02T08:46:24+00:00,vpic/models/tesla/2021.json.gz,ok,
vpic_canada_specs,tesla,,,2021,https://vpic.nhtsa.dot.gov/api/vehicles/GetCanadianVehicleSpecifications/?year=2021&make=Tesla&model=&units=Metric&format=json,200,4435,4a85b9189b50f3b6a4a52e07944d4fe2f44f5ecf2f9ab0367d07a620e7680ef7,2026-10-02T08:46:29+00:00,vpic/canada/tesla/2021.json.gz,ok,
vpic_models,tesla,,,2022,https://vpic.nhtsa.dot.gov/api/vehicles/GetModelsForMakeYear/make/Tesla/modelyear/2022?format=json,200,415,39cf38203db8ee8d2ac76937c7a97a1ce71489c3b08842bfe545d9a0192efdae,2026-10-02T08:46:33+00:00,vpic/models/tesla/2022.json.gz,ok,
vpic_canada_specs,tesla,,,2022,https://vpic.nhtsa.dot.gov/api/vehicles/GetCanadianVehicleSpecifications/?year=2022&make=Tesla&model=&units=Metric&format=json,200,4435,75b1c694c9d808af59a86b71e429c9d7af97fdf1850056472580138a55355545,2026-10-02T08:46:35+00:00,vpic/canada/tesla/2022.json.gz,ok,
vpic_models,tesla,,,2023,https://vpic.nhtsa.dot.gov/api/vehicles/GetModelsForMakeYear/make/Tesla/modelyear/2023?format=json,200,488,43ac1bb5d8aa2b4b17a66aa9c0928ad24d276f531dea3e7f5dd308de5b3a9a96,2026-10-02T08:46:38+00:00,vpic/models/tesla/2023.json.gz,ok,
vpic_canada_specs,tesla,,,2023,https://vpic.nhtsa.dot.gov/api/vehicles/GetCanadianVehicleSpecifications/?year=2023&make=Tesla&model=&units=Metric&format=json,200,4435,e363e753fb52a56f2f74c242f4b5e53899f8e71a0342a33231611fe3aefdaaa1,2026-10-02T08:46:40+00:00,vpic/canada/tesla/2023.json.gz,ok,
vpic_models,tesla,,,2024,https://vpic.nhtsa.dot.gov/api/vehicles/GetModelsForMakeYear/make/Tesla/modelyear/2024?format=json,200,567,60c81489df39e11a1d2e93e14ebc9a81aa1ff8d8997a41c71e9bfabb6921659d,2026-10-02T08:46:42+00:00,vpic/models/tesla/2024.json.gz,ok,
vpic_canada_specs,tesla,,,2024,https://vpic.nhtsa.dot.gov/api/vehicles/GetCanadianVehicleSpecifications/?year=2024&make=Tesla&model=&units=Metric&format=json,200,4432,dfb6ccee48267b1338a14e89deb4b0c38fd4a27f2fcd8f15b0692a445861e982,2026-10-02T08:46:44+00:00,vpic/canada/tesla/2024.json.gz,ok,
vpic_models,tesla,,,2025,https://vpic.nhtsa.dot.gov/api/vehicles/GetModelsForMakeYear/make/Tesla/modelyear/2025?format=json,200,567,fdb7c555c9e0e089d9248757acee4a46290a073a6c67c7abd8f2fc113336f352,2026-10-02T08:46:47+00:00,vpic/models/tesla/2025.json.gz,ok,
vpic_canada_specs,tesla,,,2025,https://vpic.nhtsa.dot.gov/api/vehicles/GetCanadianVehicleSpecifications/?year=2025&make=Tesla&model=&units=Metric&format=json,200,3895,c913a85a5ce13a012aecd741e19c602b5d31938dd42d075319efaf1fab3799a5,2026-10-02T08:46:50+00:00,vpic/canada/tesla/2025.json.gz,ok,
vpic_models,tesla,,,2026,https://vpic.nhtsa.dot.gov/api/vehicles/GetModelsForMakeYear/make/Tesla/modelyear/2026?format=json,200,644,23d4af4ea9f9463c9fc02ee920142be4afdd0dffce2d14ee1ab868ff98cef145,2026-10-02T08:46:52+00:00,vpic/models/tesla/2026.json.gz,ok,
vpic_canada_specs,tesla,,,2026,https://vpic.nhtsa.dot.gov/api/vehicles/GetCanadianVehicleSpecifications/?year=2026&make=Tesla&model=&units=Metric&format=json,200,3895,a27c648a51cadeca5beab47d697a50a553fe1b14f723f0f6fc5b8d67e1320d09,2026-10-02T08:46:54+00:00,vpic/canada/tesla/2026.json.gz,ok,
