kind,make,line,year,post,page_url,url,http_status,bytes,sha256,retrieved_at,path,status,note
sitemap,,,,,,https://www.carmans.net/wp-sitemap.xml,200,,,2026-10-02T08:26:30+00:00,,ok,
sitemap,,,,,,https://www.carmans.net/wp-sitemap-posts-post-1.xml,200,,,2026-10-02T08:26:34+00:00,,ok,
sitemap,,,,,,https://www.carmans.net/wp-sitemap-posts-post-2.xml,200,,,2026-10-02T08:26:38+00:00,,ok,
sitemap,,,,,,https://www.carmans.net/wp-sitemap-posts-page-1.xml,200,,,2026-10-02T08:26:41+00:00,,ok,
sitemap,,,,,,https://www.carmans.net/wp-sitemap.xml,200,,,2026-10-02T08:27:06+00:00,,ok,
sitemap,,,,,,https://www.carmans.net/wp-sitemap-posts-post-1.xml,200,,,2026-10-02T08:27:09+00:00,,ok,
sitemap,,,,,,https://www.carmans.net/wp-sitemap-posts-post-2.xml,200,,,2026-10-02T08:27:11+00:00,,ok,
sitemap,,,,,,https://www.carmans.net/wp-sitemap-posts-page-1.xml,200,,,2026-10-02T08:27:15+00:00,,ok,
sitemap,,,,,,https://www.carmans.net/wp-sitemap.xml,200,,,2026-10-02T08:27:20+00:00,,ok,
sitemap,,,,,,https://www.carmans.net/wp-sitemap-posts-post-1.xml,200,,,2026-10-02T08:27:23+00:00,,ok,
sitemap,,,,,,https://www.carmans.net/wp-sitemap-posts-post-2.xml,200,,,2026-10-02T08:27:28+00:00,,ok,
sitemap,,,,,,https://www.carmans.net/wp-sitemap-posts-page-1.xml,200,,,2026-10-02T08:27:32+00:00,,ok,
page,kia,kia/forte,2014,2014-kia-forte,https://www.carmans.net/2014-kia-forte/,https://www.carmans.net/2014-kia-forte/,200,,,2026-10-02T08:27:35+00:00,,ok,https://www.carmans.net/wp-content/uploads/pdf/2014-kia-forte.pdf
sitemap,,,,,,https://www.carmans.net/wp-sitemap.xml,200,,,2026-10-02T08:27:40+00:00,,ok,
pdf,kia,kia/forte,2014,2014-kia-forte,https://www.carmans.net/2014-kia-forte/,https://www.carmans.net/wp-content/uploads/pdf/2014-kia-forte.pdf,200,4287813,dc7e6ae5be9bb885f3249fac829f9093df1d570f5cbc2b4fce4266fd43511321,2026-10-02T08:27:42+00:00,manuals/kia/carmans/2014-kia-forte.pdf,ok,
sitemap,,,,,,https://www.carmans.net/wp-sitemap-posts-post-1.xml,200,,,2026-10-02T08:27:43+00:00,,ok,
sitemap,,,,,,https://www.carmans.net/wp-sitemap-posts-post-2.xml,200,,,2026-10-02T08:27:46+00:00,,ok,
page,kia,kia/forte,2015,2015-kia-forte,https://www.carmans.net/2015-kia-forte/,https://www.carmans.net/2015-kia-forte/,200,,,2026-10-02T08:27:46+00:00,,ok,https://www.carmans.net/wp-content/uploads/pdf/2015-kia-forte.pdf
sitemap,,,,,,https://www.carmans.net/wp-sitemap-posts-page-1.xml,200,,,2026-10-02T08:27:48+00:00,,ok,
pdf,kia,kia/forte,2015,2015-kia-forte,https://www.carmans.net/2015-kia-forte/,https://www.carmans.net/wp-content/uploads/pdf/2015-kia-forte.pdf,200,4681092,4b83cdc0f4623ad726e8db2ac7b50ba8fdf4fc6782f2951c712a5de67c50b48f,2026-10-02T08:27:51+00:00,manuals/kia/carmans/2015-kia-forte.pdf,ok,
sitemap,,,,,,https://www.carmans.net/wp-sitemap.xml,200,,,2026-10-02T08:27:54+00:00,,ok,
page,kia,kia/forte,2016,2016-kia-forte,https://www.carmans.net/2016-kia-forte/,https://www.carmans.net/2016-kia-forte/,200,,,2026-10-02T08:27:55+00:00,,ok,https://www.carmans.net/wp-content/uploads/pdf/2016-kia-forte.pdf
sitemap,,,,,,https://www.carmans.net/wp-sitemap-posts-post-1.xml,200,,,2026-10-02T08:27:57+00:00,,ok,
pdf,kia,kia/forte,2016,2016-kia-forte,https://www.carmans.net/2016-kia-forte/,https://www.carmans.net/wp-content/uploads/pdf/2016-kia-forte.pdf,200,7688589,c0969632c5e6cff08f081b635eaf56e8d6ea1ebc50cc23c8840bd6c7fe446957,2026-10-02T08:27:59+00:00,manuals/kia/carmans/2016-kia-forte.pdf,ok,
sitemap,,,,,,https://www.carmans.net/wp-sitemap-posts-post-2.xml,200,,,2026-10-02T08:28:01+00:00,,ok,
sitemap,,,,,,https://www.carmans.net/wp-sitemap-posts-page-1.xml,200,,,2026-10-02T08:28:04+00:00,,ok,
pdf,kia,kia/forte,2015,2015-kia-forte,https://www.carmans.net/2015-kia-forte/,https://www.carmans.net/wp-content/uploads/pdf/2015-kia-forte.pdf,200,4681092,4b83cdc0f4623ad726e8db2ac7b50ba8fdf4fc6782f2951c712a5de67c50b48f,2026-10-02T08:28:08+00:00,manuals/kia/carmans/2015-kia-forte.pdf,ok,
page,kia,kia/forte,2016,2016-kia-forte,https://www.carmans.net/2016-kia-forte/,https://www.carmans.net/2016-kia-forte/,200,,,2026-10-02T08:28:12+00:00,,ok,https://www.carmans.net/wp-content/uploads/pdf/2016-kia-forte.pdf
pdf,kia,kia/forte,2016,2016-kia-forte,https://www.carmans.net/2016-kia-forte/,https://www.carmans.net/wp-content/uploads/pdf/2016-kia-forte.pdf,200,7688589,c0969632c5e6cff08f081b635eaf56e8d6ea1ebc50cc23c8840bd6c7fe446957,2026-10-02T08:28:16+00:00,manuals/kia/carmans/2016-kia-forte.pdf,ok,
page,kia,kia/forte,2017,2017-kia-forte,https://www.carmans.net/2017-kia-forte/,https://www.carmans.net/2017-kia-forte/,200,,,2026-10-02T08:28:21+00:00,,ok,https://www.carmans.net/wp-content/uploads/pdf/2017-kia-forte.pdf
pdf,kia,kia/forte,2017,2017-kia-forte,https://www.carmans.net/2017-kia-forte/,https://www.carmans.net/wp-content/uploads/pdf/2017-kia-forte.pdf,200,12620196,7c2bb863a0c2fd6a7111b43065ecc2583bf375e86a4c58be5aeb3059ce47b7e3,2026-10-02T08:28:28+00:00,manuals/kia/carmans/2017-kia-forte.pdf,ok,
page,kia,kia/forte,2018,2018-kia-forte,https://www.carmans.net/2018-kia-forte/,https://www.carmans.net/2018-kia-forte/,200,,,2026-10-02T08:28:31+00:00,,ok,https://www.carmans.net/wp-content/uploads/pdf/2018-kia-forte.pdf
pdf,kia,kia/forte,2018,2018-kia-forte,https://www.carmans.net/2018-kia-forte/,https://www.carmans.net/wp-content/uploads/pdf/2018-kia-forte.pdf,200,14673572,d0e14ab1345131ec340918ead5845259c686d97376da9dd21ce9b733ca69278a,2026-10-02T08:28:38+00:00,manuals/kia/carmans/2018-kia-forte.pdf,ok,
page,kia,kia/forte,2019,2019-kia-forte,https://www.carmans.net/2019-kia-forte/,https://www.carmans.net/2019-kia-forte/,200,,,2026-10-02T08:28:42+00:00,,ok,https://www.carmans.net/wp-content/uploads/pdf/2019-kia-forte.pdf
pdf,kia,kia/forte,2019,2019-kia-forte,https://www.carmans.net/2019-kia-forte/,https://www.carmans.net/wp-content/uploads/pdf/2019-kia-forte.pdf,200,11494530,eb9cacb2b94756b5da278a7cf34660a0330f409b33568ed4ebf76caa4d4475e4,2026-10-02T08:28:47+00:00,manuals/kia/carmans/2019-kia-forte.pdf,ok,
page,kia,kia/forte,2020,2020-kia-forte,https://www.carmans.net/2020-kia-forte/,https://www.carmans.net/2020-kia-forte/,200,,,2026-10-02T08:28:52+00:00,,ok,https://www.carmans.net/wp-content/uploads/pdf/2020-kia-forte.pdf
pdf,kia,kia/forte,2020,2020-kia-forte,https://www.carmans.net/2020-kia-forte/,https://www.carmans.net/wp-content/uploads/pdf/2020-kia-forte.pdf,200,7462498,9b97d67a21b131dadb51b767cefb15057334f1c59319a78db50644ba9cd6bccb,2026-10-02T08:28:57+00:00,manuals/kia/carmans/2020-kia-forte.pdf,ok,
page,kia,kia/forte,2021,2021-kia-forte,https://www.carmans.net/2021-kia-forte/,https://www.carmans.net/2021-kia-forte/,200,,,2026-10-02T08:29:02+00:00,,ok,https://www.carmans.net/wp-content/uploads/pdf/2021-kia-forte.pdf
pdf,kia,kia/forte,2021,2021-kia-forte,https://www.carmans.net/2021-kia-forte/,https://www.carmans.net/wp-content/uploads/pdf/2021-kia-forte.pdf,200,10097832,5a8899e8a4a1468576943e566ca60bf816880ff57b06c333f3f5eebc362e3f56,2026-10-02T08:29:07+00:00,manuals/kia/carmans/2021-kia-forte.pdf,ok,
page,kia,kia/forte,2022,2022-kia-forte,https://www.carmans.net/2022-kia-forte/,https://www.carmans.net/2022-kia-forte/,200,,,2026-10-02T08:29:09+00:00,,ok,https://www.carmans.net/wp-content/uploads/pdf/2022-kia-forte.pdf
pdf,kia,kia/forte,2022,2022-kia-forte,https://www.carmans.net/2022-kia-forte/,https://www.carmans.net/wp-content/uploads/pdf/2022-kia-forte.pdf,200,10604660,779eef0439c22d574c299925a4bd28832ee26a8341936420cc527e0fb00497bf,2026-10-02T08:29:16+00:00,manuals/kia/carmans/2022-kia-forte.pdf,ok,
page,kia,kia/forte,2023,2023-kia-forte,https://www.carmans.net/2023-kia-forte/,https://www.carmans.net/2023-kia-forte/,200,,,2026-10-02T08:29:19+00:00,,ok,https://www.carmans.net/wp-content/uploads/pdf/2023-kia-forte.pdf
pdf,kia,kia/forte,2023,2023-kia-forte,https://www.carmans.net/2023-kia-forte/,https://www.carmans.net/wp-content/uploads/pdf/2023-kia-forte.pdf,200,11032309,cd7c3661e0a1c2187f7ac4f7dda64dd1c7c7665a5d367a709bab1642712f9f41,2026-10-02T08:29:25+00:00,manuals/kia/carmans/2023-kia-forte.pdf,ok,
page,kia,kia/optima-k5,2014,2014-kia-optima,https://www.carmans.net/2014-kia-optima/,https://www.carmans.net/2014-kia-optima/,200,,,2026-10-02T08:29:28+00:00,,ok,https://www.carmans.net/wp-content/uploads/pdf/2014-kia-optima.pdf
pdf,kia,kia/optima-k5,2014,2014-kia-optima,https://www.carmans.net/2014-kia-optima/,https://www.carmans.net/wp-content/uploads/pdf/2014-kia-optima.pdf,200,9404675,898f6327faa7e593e0c6250feed71e6a98290da61eba6f3111e57e699af46cc4,2026-10-02T08:29:35+00:00,manuals/kia/carmans/2014-kia-optima.pdf,ok,
page,kia,kia/optima-k5,2014,2014-kia-optima-hybrid,https://www.carmans.net/2014-kia-optima-hybrid/,https://www.carmans.net/2014-kia-optima-hybrid/,200,,,2026-10-02T08:29:39+00:00,,ok,https://www.carmans.net/wp-content/uploads/pdf/2014-kia-optima-hybrid.pdf
pdf,kia,kia/optima-k5,2014,2014-kia-optima-hybrid,https://www.carmans.net/2014-kia-optima-hybrid/,https://www.carmans.net/wp-content/uploads/pdf/2014-kia-optima-hybrid.pdf,200,8565588,9202644c15326d06fa7fe12ee35123e7d4805a14846d021d3096742fc452d707,2026-10-02T08:29:44+00:00,manuals/kia/carmans/2014-kia-optima-hybrid.pdf,ok,
page,kia,kia/optima-k5,2015,2015-kia-optima,https://www.carmans.net/2015-kia-optima/,https://www.carmans.net/2015-kia-optima/,200,,,2026-10-02T08:29:47+00:00,,ok,https://www.carmans.net/wp-content/uploads/pdf/2015-kia-optima.pdf
pdf,kia,kia/optima-k5,2015,2015-kia-optima,https://www.carmans.net/2015-kia-optima/,https://www.carmans.net/wp-content/uploads/pdf/2015-kia-optima.pdf,200,6048109,0e5a40fe3eb16029ebcda92eb74f55c2711d48bf04e3daa9fc784b934dfe6042,2026-10-02T08:29:51+00:00,manuals/kia/carmans/2015-kia-optima.pdf,ok,
page,kia,kia/optima-k5,2015,2015-kia-optima-hybrid,https://www.carmans.net/2015-kia-optima-hybrid/,https://www.carmans.net/2015-kia-optima-hybrid/,200,,,2026-10-02T08:29:54+00:00,,ok,https://www.carmans.net/wp-content/uploads/pdf/2015-kia-optima-hybrid.pdf
pdf,kia,kia/optima-k5,2015,2015-kia-optima-hybrid,https://www.carmans.net/2015-kia-optima-hybrid/,https://www.carmans.net/wp-content/uploads/pdf/2015-kia-optima-hybrid.pdf,200,9366721,2d66b62afff210b36aebadc1daf573358adf8be5ea770eca5520b1498684debe,2026-10-02T08:30:00+00:00,manuals/kia/carmans/2015-kia-optima-hybrid.pdf,ok,
page,kia,kia/optima-k5,2016,2016-kia-optima,https://www.carmans.net/2016-kia-optima/,https://www.carmans.net/2016-kia-optima/,200,,,2026-10-02T08:30:04+00:00,,ok,https://www.carmans.net/wp-content/uploads/pdf/2016-kia-optima.pdf
pdf,kia,kia/optima-k5,2016,2016-kia-optima,https://www.carmans.net/2016-kia-optima/,https://www.carmans.net/wp-content/uploads/pdf/2016-kia-optima.pdf,200,10909223,e4a7d52c6a952930d6907dced7ce42c2cdda057e7d7039ef1be02c6830c92f99,2026-10-02T08:30:09+00:00,manuals/kia/carmans/2016-kia-optima.pdf,ok,
page,kia,kia/optima-k5,2016,2016-kia-optima-hybrid,https://www.carmans.net/2016-kia-optima-hybrid/,https://www.carmans.net/2016-kia-optima-hybrid/,200,,,2026-10-02T08:30:12+00:00,,ok,https://www.carmans.net/wp-content/uploads/pdf/2016-kia-optima-hybrid.pdf
pdf,kia,kia/optima-k5,2016,2016-kia-optima-hybrid,https://www.carmans.net/2016-kia-optima-hybrid/,https://www.carmans.net/wp-content/uploads/pdf/2016-kia-optima-hybrid.pdf,200,7948247,c52bb14b6ad9746c819f9083238c38447cfecdf661f8583e23719baf4988ac65,2026-10-02T08:30:18+00:00,manuals/kia/carmans/2016-kia-optima-hybrid.pdf,ok,
page,kia,kia/optima-k5,2017,2017-kia-optima-phev,https://www.carmans.net/2017-kia-optima-phev/,https://www.carmans.net/2017-kia-optima-phev/,200,,,2026-10-02T08:30:23+00:00,,ok,https://www.carmans.net/wp-content/uploads/pdf/2017-kia-optima-phev.pdf
pdf,kia,kia/optima-k5,2017,2017-kia-optima-phev,https://www.carmans.net/2017-kia-optima-phev/,https://www.carmans.net/wp-content/uploads/pdf/2017-kia-optima-phev.pdf,200,15892533,6acab586a2353cef95a92dc99a7ccd5c2810fdba1b9c8d408420dec00df5fe7d,2026-10-02T08:30:29+00:00,manuals/kia/carmans/2017-kia-optima-phev.pdf,ok,
page,kia,kia/optima-k5,2018,2018-kia-optima,https://www.carmans.net/2018-kia-optima/,https://www.carmans.net/2018-kia-optima/,200,,,2026-10-02T08:30:33+00:00,,ok,https://www.carmans.net/wp-content/uploads/pdf/2018-kia-optima.pdf
pdf,kia,kia/optima-k5,2018,2018-kia-optima,https://www.carmans.net/2018-kia-optima/,https://www.carmans.net/wp-content/uploads/pdf/2018-kia-optima.pdf,200,11332864,bd0a38c8833714f9e145e5ab910a5c4b603c75a65c55af8ae41b44d65ecb5060,2026-10-02T08:30:39+00:00,manuals/kia/carmans/2018-kia-optima.pdf,ok,
page,kia,kia/optima-k5,2018,2018-kia-optima-phev,https://www.carmans.net/2018-kia-optima-phev/,https://www.carmans.net/2018-kia-optima-phev/,200,,,2026-10-02T08:30:41+00:00,,ok,https://www.carmans.net/wp-content/uploads/pdf/2018-kia-optima-phev.pdf
pdf,kia,kia/optima-k5,2018,2018-kia-optima-phev,https://www.carmans.net/2018-kia-optima-phev/,https://www.carmans.net/wp-content/uploads/pdf/2018-kia-optima-phev.pdf,200,13335337,f6d130cb1f7bc1cf91808adf03f3bf169473de37ed09ae8e80d076e646de1b68,2026-10-02T08:30:48+00:00,manuals/kia/carmans/2018-kia-optima-phev.pdf,ok,
page,kia,kia/optima-k5,2019,2019-kia-optima,https://www.carmans.net/2019-kia-optima/,https://www.carmans.net/2019-kia-optima/,200,,,2026-10-02T08:30:52+00:00,,ok,https://www.carmans.net/wp-content/uploads/pdf/2019-kia-optima.pdf
pdf,kia,kia/optima-k5,2019,2019-kia-optima,https://www.carmans.net/2019-kia-optima/,https://www.carmans.net/wp-content/uploads/pdf/2019-kia-optima.pdf,200,14459342,e22066619104a445ccf874e81c02fa91244fe7ef6140d4f136e8fe9633658b48,2026-10-02T08:30:59+00:00,manuals/kia/carmans/2019-kia-optima.pdf,ok,
page,kia,kia/optima-k5,2019,2019-kia-optima-hybrid,https://www.carmans.net/2019-kia-optima-hybrid/,https://www.carmans.net/2019-kia-optima-hybrid/,200,,,2026-10-02T08:31:03+00:00,,ok,https://www.carmans.net/wp-content/uploads/pdf/2019-kia-optima-hybrid.pdf
pdf,kia,kia/optima-k5,2019,2019-kia-optima-hybrid,https://www.carmans.net/2019-kia-optima-hybrid/,https://www.carmans.net/wp-content/uploads/pdf/2019-kia-optima-hybrid.pdf,200,12549770,34b5d6f9e2d62fbed63da6811644924d33b4f52d8558f19532eeb722ecbfa899,2026-10-02T08:31:09+00:00,manuals/kia/carmans/2019-kia-optima-hybrid.pdf,ok,
page,kia,kia/optima-k5,2019,2019-kia-optima-phev,https://www.carmans.net/2019-kia-optima-phev/,https://www.carmans.net/2019-kia-optima-phev/,200,,,2026-10-02T08:31:12+00:00,,ok,https://www.carmans.net/wp-content/uploads/pdf/2019-kia-optima-phev.pdf
pdf,kia,kia/optima-k5,2019,2019-kia-optima-phev,https://www.carmans.net/2019-kia-optima-phev/,https://www.carmans.net/wp-content/uploads/pdf/2019-kia-optima-phev.pdf,200,13161641,d77f5820b5511379f50ed8ddc699b8922a6991ee07a05c1233f0d2816c39aa8a,2026-10-02T08:31:18+00:00,manuals/kia/carmans/2019-kia-optima-phev.pdf,ok,
page,kia,kia/optima-k5,2020,2020-kia-optima,https://www.carmans.net/2020-kia-optima/,https://www.carmans.net/2020-kia-optima/,200,,,2026-10-02T08:31:22+00:00,,ok,https://www.carmans.net/wp-content/uploads/pdf/2020-kia-optima.pdf
pdf,kia,kia/optima-k5,2020,2020-kia-optima,https://www.carmans.net/2020-kia-optima/,https://www.carmans.net/wp-content/uploads/pdf/2020-kia-optima.pdf,200,14781880,415c8a0b7c072c777cf9e47ab292ae1762f8678e66297469bc25778f2bd7a3c8,2026-10-02T08:31:27+00:00,manuals/kia/carmans/2020-kia-optima.pdf,ok,
page,kia,kia/optima-k5,2020,2020-kia-optima-hybrid,https://www.carmans.net/2020-kia-optima-hybrid/,https://www.carmans.net/2020-kia-optima-hybrid/,200,,,2026-10-02T08:31:31+00:00,,ok,https://www.carmans.net/wp-content/uploads/pdf/2020-kia-optima-hybrid.pdf
pdf,kia,kia/optima-k5,2020,2020-kia-optima-hybrid,https://www.carmans.net/2020-kia-optima-hybrid/,https://www.carmans.net/wp-content/uploads/pdf/2020-kia-optima-hybrid.pdf,200,14885172,705ef5a624b84f4db5ce8f47db66d156fb6d2bcf9a2ca29d77aede5b345e6a97,2026-10-02T08:31:39+00:00,manuals/kia/carmans/2020-kia-optima-hybrid.pdf,ok,
page,kia,kia/optima-k5,2020,2020-kia-optima-incl-hybrid,https://www.carmans.net/2020-kia-optima-incl-hybrid/,https://www.carmans.net/2020-kia-optima-incl-hybrid/,200,,,2026-10-02T08:31:43+00:00,,ok,https://www.carmans.net/wp-content/uploads/pdf/2020-kia-optima-(incl.-hybrid).pdf
pdf,kia,kia/optima-k5,2020,2020-kia-optima-incl-hybrid,https://www.carmans.net/2020-kia-optima-incl-hybrid/,https://www.carmans.net/wp-content/uploads/pdf/2020-kia-optima-(incl.-hybrid).pdf,200,10659534,fbb56f0936cea82286f4e54fa057dae061d8fb086f30953dcbd3e85c5bd63ef5,2026-10-02T08:31:48+00:00,manuals/kia/carmans/2020-kia-optima-incl-hybrid.pdf,ok,
page,kia,kia/optima-k5,2021,2021-kia-k5,https://www.carmans.net/2021-kia-k5/,https://www.carmans.net/2021-kia-k5/,200,,,2026-10-02T08:31:51+00:00,,ok,https://www.carmans.net/wp-content/uploads/pdf/2021-kia-k5.pdf
pdf,kia,kia/optima-k5,2021,2021-kia-k5,https://www.carmans.net/2021-kia-k5/,https://www.carmans.net/wp-content/uploads/pdf/2021-kia-k5.pdf,200,10248415,79df5b8fb09c9c3e5b39fcfc4679f0dbdcff9020e659301dc18d5e458d436baf,2026-10-02T08:31:57+00:00,manuals/kia/carmans/2021-kia-k5.pdf,ok,
page,kia,kia/optima-k5,2021,2021-kia-optima-incl-hybrid,https://www.carmans.net/2021-kia-optima-incl-hybrid/,https://www.carmans.net/2021-kia-optima-incl-hybrid/,200,,,2026-10-02T08:32:01+00:00,,ok,https://www.carmans.net/wp-content/uploads/pdf/2021-kia-optima-(incl.-hybrid).pdf
pdf,kia,kia/optima-k5,2021,2021-kia-optima-incl-hybrid,https://www.carmans.net/2021-kia-optima-incl-hybrid/,https://www.carmans.net/wp-content/uploads/pdf/2021-kia-optima-(incl.-hybrid).pdf,200,10659534,fbb56f0936cea82286f4e54fa057dae061d8fb086f30953dcbd3e85c5bd63ef5,2026-10-02T08:32:06+00:00,manuals/kia/carmans/2021-kia-optima-incl-hybrid.pdf,ok,
page,kia,kia/optima-k5,2022,2022-kia-optima-incl-hybrid,https://www.carmans.net/2022-kia-optima-incl-hybrid/,https://www.carmans.net/2022-kia-optima-incl-hybrid/,200,,,2026-10-02T08:32:10+00:00,,ok,https://www.carmans.net/wp-content/uploads/pdf/2022-kia-optima-(incl.-hybrid).pdf
pdf,kia,kia/optima-k5,2022,2022-kia-optima-incl-hybrid,https://www.carmans.net/2022-kia-optima-incl-hybrid/,https://www.carmans.net/wp-content/uploads/pdf/2022-kia-optima-(incl.-hybrid).pdf,200,10659534,fbb56f0936cea82286f4e54fa057dae061d8fb086f30953dcbd3e85c5bd63ef5,2026-10-02T08:32:16+00:00,manuals/kia/carmans/2022-kia-optima-incl-hybrid.pdf,ok,
page,kia,kia/optima-k5,2023,2023-kia-k5,https://www.carmans.net/2023-kia-k5/,https://www.carmans.net/2023-kia-k5/,200,,,2026-10-02T08:32:18+00:00,,ok,https://www.carmans.net/wp-content/uploads/pdf/2021-kia-k5.pdf
page,kia,kia/optima-k5,2023,2023-kia-optima-incl-hybrid,https://www.carmans.net/2023-kia-optima-incl-hybrid/,https://www.carmans.net/2023-kia-optima-incl-hybrid/,200,,,2026-10-02T08:32:21+00:00,,ok,https://www.carmans.net/wp-content/uploads/pdf/2023-kia-optima-(incl.-hybrid).pdf
pdf,kia,kia/optima-k5,2023,2023-kia-optima-incl-hybrid,https://www.carmans.net/2023-kia-optima-incl-hybrid/,https://www.carmans.net/wp-content/uploads/pdf/2023-kia-optima-(incl.-hybrid).pdf,200,10018939,cf8b8976b4a5dfeb7a0c4d32c8dd560941aefbb2cdd0ec195cef1a5a1d6c6556,2026-10-02T08:32:28+00:00,manuals/kia/carmans/2023-kia-optima-incl-hybrid.pdf,ok,
page,kia,kia/rio,2014,2014-kia-rio,https://www.carmans.net/2014-kia-rio/,https://www.carmans.net/2014-kia-rio/,200,,,2026-10-02T08:32:30+00:00,,ok,https://www.carmans.net/wp-content/uploads/pdf/2014-kia-rio.pdf
pdf,kia,kia/rio,2014,2014-kia-rio,https://www.carmans.net/2014-kia-rio/,https://www.carmans.net/wp-content/uploads/pdf/2014-kia-rio.pdf,200,6205086,43d3c8f1f354eb35438b04480cb9f08456f41afe2bc9fd4fc086020873d8eca2,2026-10-02T08:32:35+00:00,manuals/kia/carmans/2014-kia-rio.pdf,ok,
page,kia,kia/rio,2015,2015-kia-rio,https://www.carmans.net/2015-kia-rio/,https://www.carmans.net/2015-kia-rio/,200,,,2026-10-02T08:32:40+00:00,,ok,https://www.carmans.net/wp-content/uploads/pdf/2015-kia-rio.pdf
pdf,kia,kia/rio,2015,2015-kia-rio,https://www.carmans.net/2015-kia-rio/,https://www.carmans.net/wp-content/uploads/pdf/2015-kia-rio.pdf,200,4423242,9bac225c14cc398516ec7d144eb11e83aa8963154f5262da7b9ba21887bdd1fd,2026-10-02T08:32:43+00:00,manuals/kia/carmans/2015-kia-rio.pdf,ok,
page,kia,kia/rio,2016,2016-kia-rio,https://www.carmans.net/2016-kia-rio/,https://www.carmans.net/2016-kia-rio/,200,,,2026-10-02T08:32:47+00:00,,ok,https://www.carmans.net/wp-content/uploads/pdf/2016-kia-rio.pdf
pdf,kia,kia/rio,2016,2016-kia-rio,https://www.carmans.net/2016-kia-rio/,https://www.carmans.net/wp-content/uploads/pdf/2016-kia-rio.pdf,200,7807329,2dbf68836d4f0ae9cb0e857ea1cf123b1a2cdcc46a1d400123ca307cb88d23ab,2026-10-02T08:32:54+00:00,manuals/kia/carmans/2016-kia-rio.pdf,ok,
page,kia,kia/rio,2017,2017-kia-rio,https://www.carmans.net/2017-kia-rio/,https://www.carmans.net/2017-kia-rio/,200,,,2026-10-02T08:32:59+00:00,,ok,https://www.carmans.net/wp-content/uploads/pdf/2017-kia-rio.pdf
pdf,kia,kia/rio,2017,2017-kia-rio,https://www.carmans.net/2017-kia-rio/,https://www.carmans.net/wp-content/uploads/pdf/2017-kia-rio.pdf,200,11128632,d3a243cf1774dc620cb88649e01df27eb20f7c84f856cf0496875d2953c0d98b,2026-10-02T08:33:04+00:00,manuals/kia/carmans/2017-kia-rio.pdf,ok,
page,kia,kia/rio,2018,2018-kia-rio,https://www.carmans.net/2018-kia-rio/,https://www.carmans.net/2018-kia-rio/,200,,,2026-10-02T08:33:07+00:00,,ok,https://www.carmans.net/wp-content/uploads/pdf/2018-kia-rio.pdf
pdf,kia,kia/rio,2018,2018-kia-rio,https://www.carmans.net/2018-kia-rio/,https://www.carmans.net/wp-content/uploads/pdf/2018-kia-rio.pdf,200,10477257,c936f224f40b99aac225640fcefaa0fa19848e58e314197cfe4ca163023cedf7,2026-10-02T08:33:11+00:00,manuals/kia/carmans/2018-kia-rio.pdf,ok,
page,kia,kia/rio,2019,2019-kia-rio,https://www.carmans.net/2019-kia-rio/,https://www.carmans.net/2019-kia-rio/,200,,,2026-10-02T08:33:15+00:00,,ok,https://www.carmans.net/wp-content/uploads/pdf/2019-kia-rio.pdf
pdf,kia,kia/rio,2019,2019-kia-rio,https://www.carmans.net/2019-kia-rio/,https://www.carmans.net/wp-content/uploads/pdf/2019-kia-rio.pdf,200,11275949,2ba10f3d24cd4a887914c88efb264f3be6ec7bd2fbd24ea609937a1054ca843b,2026-10-02T08:33:21+00:00,manuals/kia/carmans/2019-kia-rio.pdf,ok,
page,kia,kia/rio,2020,2020-kia-rio,https://www.carmans.net/2020-kia-rio/,https://www.carmans.net/2020-kia-rio/,200,,,2026-10-02T08:33:25+00:00,,ok,https://www.carmans.net/wp-content/uploads/pdf/2020-kia-rio.pdf
pdf,kia,kia/rio,2020,2020-kia-rio,https://www.carmans.net/2020-kia-rio/,https://www.carmans.net/wp-content/uploads/pdf/2020-kia-rio.pdf,200,10771842,4a499e84c5c6436176daa5ce38b0ec0aa16c0d45187f5d4200f386cc83a04c11,2026-10-02T08:33:32+00:00,manuals/kia/carmans/2020-kia-rio.pdf,ok,
page,kia,kia/rio,2021,2021-kia-rio,https://www.carmans.net/2021-kia-rio/,https://www.carmans.net/2021-kia-rio/,200,,,2026-10-02T08:33:36+00:00,,ok,https://www.carmans.net/wp-content/uploads/pdf/2021-kia-rio.pdf
pdf,kia,kia/rio,2021,2021-kia-rio,https://www.carmans.net/2021-kia-rio/,https://www.carmans.net/wp-content/uploads/pdf/2021-kia-rio.pdf,200,14146507,f367313521efd6d39533a31a4322d1c00dfafcdd56472b7aa8d2f7279598c70f,2026-10-02T08:33:41+00:00,manuals/kia/carmans/2021-kia-rio.pdf,ok,
page,kia,kia/rio,2022,2022-kia-rio,https://www.carmans.net/2022-kia-rio/,https://www.carmans.net/2022-kia-rio/,200,,,2026-10-02T08:33:45+00:00,,ok,https://www.carmans.net/wp-content/uploads/pdf/2022-kia-rio.pdf
pdf,kia,kia/rio,2022,2022-kia-rio,https://www.carmans.net/2022-kia-rio/,https://www.carmans.net/wp-content/uploads/pdf/2022-kia-rio.pdf,200,7328244,62d7474099ddb2e35d270168e78ba79994b5a67f3a4ae0eb0ceb79b4032c0f18,2026-10-02T08:33:51+00:00,manuals/kia/carmans/2022-kia-rio.pdf,ok,
page,kia,kia/rio,2023,2023-kia-rio,https://www.carmans.net/2023-kia-rio/,https://www.carmans.net/2023-kia-rio/,200,,,2026-10-02T08:33:54+00:00,,ok,https://www.carmans.net/wp-content/uploads/pdf/2023-kia-rio.pdf
pdf,kia,kia/rio,2023,2023-kia-rio,https://www.carmans.net/2023-kia-rio/,https://www.carmans.net/wp-content/uploads/pdf/2023-kia-rio.pdf,200,7328244,62d7474099ddb2e35d270168e78ba79994b5a67f3a4ae0eb0ceb79b4032c0f18,2026-10-02T08:33:59+00:00,manuals/kia/carmans/2023-kia-rio.pdf,ok,
page,kia,kia/sorento,2014,2014-kia-sorento,https://www.carmans.net/2014-kia-sorento/,https://www.carmans.net/2014-kia-sorento/,200,,,2026-10-02T08:34:02+00:00,,ok,https://www.carmans.net/wp-content/uploads/pdf/2014-kia-sorento.pdf
pdf,kia,kia/sorento,2014,2014-kia-sorento,https://www.carmans.net/2014-kia-sorento/,https://www.carmans.net/wp-content/uploads/pdf/2014-kia-sorento.pdf,200,7208061,b0b35e91d63b68d66431f294ec6c11439d5b661a9831b53437fcb8dc036c2b0e,2026-10-02T08:34:07+00:00,manuals/kia/carmans/2014-kia-sorento.pdf,ok,
page,kia,kia/sorento,2015,2015-kia-sorento,https://www.carmans.net/2015-kia-sorento/,https://www.carmans.net/2015-kia-sorento/,200,,,2026-10-02T08:34:11+00:00,,ok,https://www.carmans.net/wp-content/uploads/pdf/2015-kia-sorento.pdf
pdf,kia,kia/sorento,2015,2015-kia-sorento,https://www.carmans.net/2015-kia-sorento/,https://www.carmans.net/wp-content/uploads/pdf/2015-kia-sorento.pdf,200,5957725,3a49a5fd34389dc56b2a9d88be89debdd65fdd186cdd2666ce1d09bbb3e0c04d,2026-10-02T08:34:16+00:00,manuals/kia/carmans/2015-kia-sorento.pdf,ok,
page,kia,kia/sorento,2016,2016-kia-sorento,https://www.carmans.net/2016-kia-sorento/,https://www.carmans.net/2016-kia-sorento/,200,,,2026-10-02T08:34:21+00:00,,ok,https://www.carmans.net/wp-content/uploads/pdf/2016-kia-sorento.pdf
pdf,kia,kia/sorento,2016,2016-kia-sorento,https://www.carmans.net/2016-kia-sorento/,https://www.carmans.net/wp-content/uploads/pdf/2016-kia-sorento.pdf,200,10348220,2e9878d32649d3f218de266e06af699a8262267093cc87a7065d9c5d61dbb630,2026-10-02T08:34:26+00:00,manuals/kia/carmans/2016-kia-sorento.pdf,ok,
page,kia,kia/sorento,2017,2017-kia-sorento,https://www.carmans.net/2017-kia-sorento/,https://www.carmans.net/2017-kia-sorento/,200,,,2026-10-02T08:34:30+00:00,,ok,https://www.carmans.net/wp-content/uploads/pdf/2017-kia-sorento.pdf
pdf,kia,kia/sorento,2017,2017-kia-sorento,https://www.carmans.net/2017-kia-sorento/,https://www.carmans.net/wp-content/uploads/pdf/2017-kia-sorento.pdf,200,6220666,59bb66d5fbfdfc2febcbbe1d388e00309f49277dab662ec688604b78495e5e42,2026-10-02T08:34:37+00:00,manuals/kia/carmans/2017-kia-sorento.pdf,ok,
page,kia,kia/sorento,2018,2018-kia-sorento,https://www.carmans.net/2018-kia-sorento/,https://www.carmans.net/2018-kia-sorento/,200,,,2026-10-02T08:34:42+00:00,,ok,https://www.carmans.net/wp-content/uploads/pdf/2018-kia-sorento.pdf
pdf,kia,kia/sorento,2018,2018-kia-sorento,https://www.carmans.net/2018-kia-sorento/,https://www.carmans.net/wp-content/uploads/pdf/2018-kia-sorento.pdf,200,12618471,a1c9f8ad1045ddb1b38944515ab93de771c4ce97ac70b2e48f2d53f04887dc34,2026-10-02T08:34:48+00:00,manuals/kia/carmans/2018-kia-sorento.pdf,ok,
page,kia,kia/sorento,2019,2019-kia-sorento,https://www.carmans.net/2019-kia-sorento/,https://www.carmans.net/2019-kia-sorento/,200,,,2026-10-02T08:34:53+00:00,,ok,https://www.carmans.net/wp-content/uploads/pdf/2019-kia-sorento.pdf
pdf,kia,kia/sorento,2019,2019-kia-sorento,https://www.carmans.net/2019-kia-sorento/,https://www.carmans.net/wp-content/uploads/pdf/2019-kia-sorento.pdf,200,20098650,5133fdbff85a715697085de5e20c3d04e78340e2a9ce073ca1753e30e689a3f3,2026-10-02T08:34:59+00:00,manuals/kia/carmans/2019-kia-sorento.pdf,ok,
page,kia,kia/sorento,2020,2020-kia-sorento,https://www.carmans.net/2020-kia-sorento/,https://www.carmans.net/2020-kia-sorento/,200,,,2026-10-02T08:35:02+00:00,,ok,https://www.carmans.net/wp-content/uploads/pdf/2020-kia-sorento.pdf
pdf,kia,kia/sorento,2020,2020-kia-sorento,https://www.carmans.net/2020-kia-sorento/,https://www.carmans.net/wp-content/uploads/pdf/2020-kia-sorento.pdf,200,15333046,523bc9f2be405050097a33fe48750482762ef38089be6d9ffdca6fd6b9565005,2026-10-02T08:35:07+00:00,manuals/kia/carmans/2020-kia-sorento.pdf,ok,
page,kia,kia/sorento,2021,2021-kia-sorento,https://www.carmans.net/2021-kia-sorento/,https://www.carmans.net/2021-kia-sorento/,200,,,2026-10-02T08:35:10+00:00,,ok,https://www.carmans.net/wp-content/uploads/pdf/2021-kia-sorento.pdf
pdf,kia,kia/sorento,2021,2021-kia-sorento,https://www.carmans.net/2021-kia-sorento/,https://www.carmans.net/wp-content/uploads/pdf/2021-kia-sorento.pdf,200,12285673,79505b48918929d69016beba23e62aef8b839c7f805f57bd9311ed60eeb11103,2026-10-02T08:35:16+00:00,manuals/kia/carmans/2021-kia-sorento.pdf,ok,
page,kia,kia/sorento,2022,2022-kia-sorento,https://www.carmans.net/2022-kia-sorento/,https://www.carmans.net/2022-kia-sorento/,200,,,2026-10-02T08:35:19+00:00,,ok,https://www.carmans.net/wp-content/uploads/pdf/2022-kia-sorento.pdf
pdf,kia,kia/sorento,2022,2022-kia-sorento,https://www.carmans.net/2022-kia-sorento/,https://www.carmans.net/wp-content/uploads/pdf/2022-kia-sorento.pdf,200,16598147,7e6418a71b9cbe0e9b2a45eda176562b26d6d707e4056ba3fbd38bdacb5e8f65,2026-10-02T08:35:26+00:00,manuals/kia/carmans/2022-kia-sorento.pdf,ok,
page,kia,kia/sorento,2023,2023-kia-sorento,https://www.carmans.net/2023-kia-sorento/,https://www.carmans.net/2023-kia-sorento/,200,,,2026-10-02T08:35:30+00:00,,ok,https://www.carmans.net/wp-content/uploads/pdf/2023-kia-sorento.pdf
pdf,kia,kia/sorento,2023,2023-kia-sorento,https://www.carmans.net/2023-kia-sorento/,https://www.carmans.net/wp-content/uploads/pdf/2023-kia-sorento.pdf,200,16598147,7e6418a71b9cbe0e9b2a45eda176562b26d6d707e4056ba3fbd38bdacb5e8f65,2026-10-02T08:35:35+00:00,manuals/kia/carmans/2023-kia-sorento.pdf,ok,
page,kia,kia/sportage,2014,2014-kia-sportage,https://www.carmans.net/2014-kia-sportage/,https://www.carmans.net/2014-kia-sportage/,200,,,2026-10-02T08:35:39+00:00,,ok,https://www.carmans.net/wp-content/uploads/pdf/2014-kia-sportage.pdf
pdf,kia,kia/sportage,2014,2014-kia-sportage,https://www.carmans.net/2014-kia-sportage/,https://www.carmans.net/wp-content/uploads/pdf/2014-kia-sportage.pdf,200,7360643,217bf24f55b4c02150c0c5649bd27fa18e0464a9d1cd2383acb9e5fba1279dc0,2026-10-02T08:35:43+00:00,manuals/kia/carmans/2014-kia-sportage.pdf,ok,
page,kia,kia/sportage,2015,2015-kia-sportage,https://www.carmans.net/2015-kia-sportage/,https://www.carmans.net/2015-kia-sportage/,200,,,2026-10-02T08:35:46+00:00,,ok,https://www.carmans.net/wp-content/uploads/pdf/2015-kia-sportage.pdf
pdf,kia,kia/sportage,2015,2015-kia-sportage,https://www.carmans.net/2015-kia-sportage/,https://www.carmans.net/wp-content/uploads/pdf/2015-kia-sportage.pdf,200,5070197,8e861b9a865a312c36f5e588771597ca7852f19059c772c9b5e74bb9ec904b83,2026-10-02T08:35:53+00:00,manuals/kia/carmans/2015-kia-sportage.pdf,ok,
page,kia,kia/sportage,2016,2016-kia-sportage,https://www.carmans.net/2016-kia-sportage/,https://www.carmans.net/2016-kia-sportage/,200,,,2026-10-02T08:35:56+00:00,,ok,https://www.carmans.net/wp-content/uploads/pdf/2016-kia-sportage.pdf
pdf,kia,kia/sportage,2016,2016-kia-sportage,https://www.carmans.net/2016-kia-sportage/,https://www.carmans.net/wp-content/uploads/pdf/2016-kia-sportage.pdf,200,7502719,0b73915bb519b9447e4703190a7d8e78bdb8383445ce0158869d608b26b5c37c,2026-10-02T08:36:01+00:00,manuals/kia/carmans/2016-kia-sportage.pdf,ok,
page,kia,kia/sportage,2017,2017-kia-sportage,https://www.carmans.net/2017-kia-sportage/,https://www.carmans.net/2017-kia-sportage/,200,,,2026-10-02T08:36:06+00:00,,ok,https://www.carmans.net/wp-content/uploads/pdf/2017-kia-sportage.pdf
pdf,kia,kia/sportage,2017,2017-kia-sportage,https://www.carmans.net/2017-kia-sportage/,https://www.carmans.net/wp-content/uploads/pdf/2017-kia-sportage.pdf,200,15948954,b32cb877757f9d2598c2902cb7af85bd230201482fc531d51f593e9de27f0253,2026-10-02T08:36:12+00:00,manuals/kia/carmans/2017-kia-sportage.pdf,ok,
page,kia,kia/sportage,2018,2018-kia-sportage,https://www.carmans.net/2018-kia-sportage/,https://www.carmans.net/2018-kia-sportage/,200,,,2026-10-02T08:36:17+00:00,,ok,https://www.carmans.net/wp-content/uploads/pdf/2018-kia-sportage.pdf
pdf,kia,kia/sportage,2018,2018-kia-sportage,https://www.carmans.net/2018-kia-sportage/,https://www.carmans.net/wp-content/uploads/pdf/2018-kia-sportage.pdf,200,13371482,3e802516d4c31ac5214318db63c3216c8c17e6968b33e913a5a036f2f8a16022,2026-10-02T08:36:21+00:00,manuals/kia/carmans/2018-kia-sportage.pdf,ok,
page,kia,kia/sportage,2019,2019-kia-sportage,https://www.carmans.net/2019-kia-sportage/,https://www.carmans.net/2019-kia-sportage/,200,,,2026-10-02T08:36:25+00:00,,ok,https://www.carmans.net/wp-content/uploads/pdf/2019-kia-sportage.pdf
pdf,kia,kia/sportage,2019,2019-kia-sportage,https://www.carmans.net/2019-kia-sportage/,https://www.carmans.net/wp-content/uploads/pdf/2019-kia-sportage.pdf,200,17792331,cb7c85108725bcc0028305edbe79b7e0e0f4755bbdeb48c7bd9fce3eee23a092,2026-10-02T08:36:30+00:00,manuals/kia/carmans/2019-kia-sportage.pdf,ok,
page,kia,kia/sportage,2020,2020-kia-sportage,https://www.carmans.net/2020-kia-sportage/,https://www.carmans.net/2020-kia-sportage/,200,,,2026-10-02T08:36:33+00:00,,ok,https://www.carmans.net/wp-content/uploads/pdf/2020-kia-sportage.pdf
pdf,kia,kia/sportage,2020,2020-kia-sportage,https://www.carmans.net/2020-kia-sportage/,https://www.carmans.net/wp-content/uploads/pdf/2020-kia-sportage.pdf,200,16155347,4fa6cf40e4fd977f68a98743a66e2cfb6e887e4ce7d6f359a4891559138f7706,2026-10-02T08:36:40+00:00,manuals/kia/carmans/2020-kia-sportage.pdf,ok,
page,kia,kia/sportage,2021,2021-kia-sportage,https://www.carmans.net/2021-kia-sportage/,https://www.carmans.net/2021-kia-sportage/,200,,,2026-10-02T08:36:45+00:00,,ok,https://www.carmans.net/wp-content/uploads/pdf/2021-kia-sportage.pdf
pdf,kia,kia/sportage,2021,2021-kia-sportage,https://www.carmans.net/2021-kia-sportage/,https://www.carmans.net/wp-content/uploads/pdf/2021-kia-sportage.pdf,200,11072900,2b962fbd3a778aa62ac0aabcd0ff7a3889a7c612485dfbc301dc13a63c508e48,2026-10-02T08:36:49+00:00,manuals/kia/carmans/2021-kia-sportage.pdf,ok,
page,kia,kia/sportage,2022,2022-kia-sportage,https://www.carmans.net/2022-kia-sportage/,https://www.carmans.net/2022-kia-sportage/,200,,,2026-10-02T08:36:52+00:00,,ok,https://www.carmans.net/wp-content/uploads/pdf/2022-kia-sportage.pdf
pdf,kia,kia/sportage,2022,2022-kia-sportage,https://www.carmans.net/2022-kia-sportage/,https://www.carmans.net/wp-content/uploads/pdf/2022-kia-sportage.pdf,200,12646212,4d6b8a7485b38b8b499a55f39eacaedea47397c8b10bbf77ff9c6a33fb9f2ed5,2026-10-02T08:36:58+00:00,manuals/kia/carmans/2022-kia-sportage.pdf,ok,
page,kia,kia/sportage,2023,2023-kia-sportage,https://www.carmans.net/2023-kia-sportage/,https://www.carmans.net/2023-kia-sportage/,200,,,2026-10-02T08:37:01+00:00,,ok,https://www.carmans.net/wp-content/uploads/pdf/2023-kia-sportage.pdf
pdf,kia,kia/sportage,2023,2023-kia-sportage,https://www.carmans.net/2023-kia-sportage/,https://www.carmans.net/wp-content/uploads/pdf/2023-kia-sportage.pdf,200,8154700,9f0a4b19fb71eeddcc4e7825c9bb4da76996be32237dcaf315799fdc253a67fe,2026-10-02T08:37:07+00:00,manuals/kia/carmans/2023-kia-sportage.pdf,ok,
page,toyota,toyota/corolla,2017,2017-toyota-corolla,https://www.carmans.net/2017-toyota-corolla/,https://www.carmans.net/2017-toyota-corolla/,200,,,2026-10-02T08:37:09+00:00,,ok,https://www.carmans.net/wp-content/uploads/pdf/2017-toyota-corolla.pdf
pdf,toyota,toyota/corolla,2017,2017-toyota-corolla,https://www.carmans.net/2017-toyota-corolla/,https://www.carmans.net/wp-content/uploads/pdf/2017-toyota-corolla.pdf,200,10528165,5c6720bf7df325957e0e774756aa051f6244a35306f6b0e8489e6e030e4d448c,2026-10-02T08:37:16+00:00,manuals/toyota/carmans/2017-toyota-corolla.pdf,ok,
page,toyota,toyota/corolla,2018,2018-toyota-corolla,https://www.carmans.net/2018-toyota-corolla/,https://www.carmans.net/2018-toyota-corolla/,200,,,2026-10-02T08:37:19+00:00,,ok,https://www.carmans.net/wp-content/uploads/pdf/2018-toyota-corolla.pdf
pdf,toyota,toyota/corolla,2018,2018-toyota-corolla,https://www.carmans.net/2018-toyota-corolla/,https://www.carmans.net/wp-content/uploads/pdf/2018-toyota-corolla.pdf,200,8963794,3904063fa9db0624364ff82eb4fbc67878ed11d3e67b7277a2331d0900df7086,2026-10-02T08:37:23+00:00,manuals/toyota/carmans/2018-toyota-corolla.pdf,ok,
page,toyota,toyota/corolla,2019,2019-toyota-corolla,https://www.carmans.net/2019-toyota-corolla/,https://www.carmans.net/2019-toyota-corolla/,200,,,2026-10-02T08:37:28+00:00,,ok,https://www.carmans.net/wp-content/uploads/pdf/2019-toyota-corolla.pdf
pdf,toyota,toyota/corolla,2019,2019-toyota-corolla,https://www.carmans.net/2019-toyota-corolla/,https://www.carmans.net/wp-content/uploads/pdf/2019-toyota-corolla.pdf,200,9093460,2412a79bf67588c8284ad416d60e825190dab642346a759daaadf1a29462bde9,2026-10-02T08:37:32+00:00,manuals/toyota/carmans/2019-toyota-corolla.pdf,ok,
page,toyota,toyota/corolla,2020,2020-toyota-corolla,https://www.carmans.net/2020-toyota-corolla/,https://www.carmans.net/2020-toyota-corolla/,200,,,2026-10-02T08:37:35+00:00,,ok,https://www.carmans.net/wp-content/uploads/pdf/2020-toyota-corolla.pdf
pdf,toyota,toyota/corolla,2020,2020-toyota-corolla,https://www.carmans.net/2020-toyota-corolla/,https://www.carmans.net/wp-content/uploads/pdf/2020-toyota-corolla.pdf,200,13163098,8a654e498b8daeab5aef8f1429c1a5cc1bdeeb0a8a73157ef6acb8428dd52dcc,2026-10-02T08:37:42+00:00,manuals/toyota/carmans/2020-toyota-corolla.pdf,ok,
page,toyota,toyota/corolla,2021,2021-toyota-corolla,https://www.carmans.net/2021-toyota-corolla/,https://www.carmans.net/2021-toyota-corolla/,200,,,2026-10-02T08:37:45+00:00,,ok,https://www.carmans.net/wp-content/uploads/pdf/2021-toyota-corolla.pdf
pdf,toyota,toyota/corolla,2021,2021-toyota-corolla,https://www.carmans.net/2021-toyota-corolla/,https://www.carmans.net/wp-content/uploads/pdf/2021-toyota-corolla.pdf,200,13595252,79ae9a51a665ad11755e3123b4da6ce5925a29a75178c5f319e194cfe84c57bc,2026-10-02T08:37:51+00:00,manuals/toyota/carmans/2021-toyota-corolla.pdf,ok,
page,toyota,toyota/corolla,2022,2022-toyota-corolla,https://www.carmans.net/2022-toyota-corolla/,https://www.carmans.net/2022-toyota-corolla/,200,,,2026-10-02T08:37:54+00:00,,ok,https://www.carmans.net/wp-content/uploads/pdf/2022-toyota-corolla.pdf
pdf,toyota,toyota/corolla,2022,2022-toyota-corolla,https://www.carmans.net/2022-toyota-corolla/,https://www.carmans.net/wp-content/uploads/pdf/2022-toyota-corolla.pdf,200,13595252,79ae9a51a665ad11755e3123b4da6ce5925a29a75178c5f319e194cfe84c57bc,2026-10-02T08:38:01+00:00,manuals/toyota/carmans/2022-toyota-corolla.pdf,ok,
page,toyota,toyota/corolla,2023,2023-toyota-corolla,https://www.carmans.net/2023-toyota-corolla/,https://www.carmans.net/2023-toyota-corolla/,200,,,2026-10-02T08:38:05+00:00,,ok,https://www.carmans.net/wp-content/uploads/pdf/2023-toyota-corolla.pdf
pdf,toyota,toyota/corolla,2023,2023-toyota-corolla,https://www.carmans.net/2023-toyota-corolla/,https://www.carmans.net/wp-content/uploads/pdf/2023-toyota-corolla.pdf,200,8968062,a603e858149c2dbee86945f5529f1982a766d6a0b2ab3c4ea71893f9b2537a78,2026-10-02T08:38:11+00:00,manuals/toyota/carmans/2023-toyota-corolla.pdf,ok,
page,toyota,toyota/corolla,2026,2026-toyota-corolla,https://www.carmans.net/2026-toyota-corolla/,https://www.carmans.net/2026-toyota-corolla/,200,,,2026-10-02T08:38:14+00:00,,ok,https://www.carmans.net/wp-content/uploads/pdf/2026-toyota-corolla.pdf
pdf,toyota,toyota/corolla,2026,2026-toyota-corolla,https://www.carmans.net/2026-toyota-corolla/,https://www.carmans.net/wp-content/uploads/pdf/2026-toyota-corolla.pdf,200,10957574,b57dd6768c9ffe74580b6fe62fb633375a508086d4e85961ef23e148d501a6dc,2026-10-02T08:38:20+00:00,manuals/toyota/carmans/2026-toyota-corolla.pdf,ok,
page,toyota,toyota/highlander,2015,2015-toyota-highlander,https://www.carmans.net/2015-toyota-highlander/,https://www.carmans.net/2015-toyota-highlander/,200,,,2026-10-02T08:38:23+00:00,,ok,https://www.carmans.net/wp-content/uploads/pdf/2015-toyota-highlander.pdf
pdf,toyota,toyota/highlander,2015,2015-toyota-highlander,https://www.carmans.net/2015-toyota-highlander/,https://www.carmans.net/wp-content/uploads/pdf/2015-toyota-highlander.pdf,200,9892850,bbb0c8c9d0b92df287fc14cf30d98eaa8224aa264c6e1a8608bbfa6a4c8e4b78,2026-10-02T08:38:29+00:00,manuals/toyota/carmans/2015-toyota-highlander.pdf,ok,
page,toyota,toyota/highlander,2016,2016-toyota-highlander,https://www.carmans.net/2016-toyota-highlander/,https://www.carmans.net/2016-toyota-highlander/,200,,,2026-10-02T08:38:31+00:00,,ok,https://www.carmans.net/wp-content/uploads/pdf/2016-toyota-highlander.pdf
pdf,toyota,toyota/highlander,2016,2016-toyota-highlander,https://www.carmans.net/2016-toyota-highlander/,https://www.carmans.net/wp-content/uploads/pdf/2016-toyota-highlander.pdf,200,9892850,bbb0c8c9d0b92df287fc14cf30d98eaa8224aa264c6e1a8608bbfa6a4c8e4b78,2026-10-02T08:38:38+00:00,manuals/toyota/carmans/2016-toyota-highlander.pdf,ok,
page,toyota,toyota/highlander,2017,2017-toyota-highlander,https://www.carmans.net/2017-toyota-highlander/,https://www.carmans.net/2017-toyota-highlander/,200,,,2026-10-02T08:38:44+00:00,,ok,https://www.carmans.net/wp-content/uploads/pdf/2017-toyota-highlander.pdf
pdf,toyota,toyota/highlander,2017,2017-toyota-highlander,https://www.carmans.net/2017-toyota-highlander/,https://www.carmans.net/wp-content/uploads/pdf/2017-toyota-highlander.pdf,200,9892850,bbb0c8c9d0b92df287fc14cf30d98eaa8224aa264c6e1a8608bbfa6a4c8e4b78,2026-10-02T08:38:49+00:00,manuals/toyota/carmans/2017-toyota-highlander.pdf,ok,
page,toyota,toyota/highlander,2018,2018-toyota-highlander,https://www.carmans.net/2018-toyota-highlander/,https://www.carmans.net/2018-toyota-highlander/,200,,,2026-10-02T08:38:53+00:00,,ok,https://www.carmans.net/wp-content/uploads/pdf/2018-toyota-highlander.pdf
pdf,toyota,toyota/highlander,2018,2018-toyota-highlander,https://www.carmans.net/2018-toyota-highlander/,https://www.carmans.net/wp-content/uploads/pdf/2018-toyota-highlander.pdf,200,9892850,bbb0c8c9d0b92df287fc14cf30d98eaa8224aa264c6e1a8608bbfa6a4c8e4b78,2026-10-02T08:38:58+00:00,manuals/toyota/carmans/2018-toyota-highlander.pdf,ok,
page,toyota,toyota/highlander,2019,2019-toyota-highlander,https://www.carmans.net/2019-toyota-highlander/,https://www.carmans.net/2019-toyota-highlander/,200,,,2026-10-02T08:39:02+00:00,,ok,https://www.carmans.net/wp-content/uploads/pdf/2019-toyota-highlander.pdf
pdf,toyota,toyota/highlander,2019,2019-toyota-highlander,https://www.carmans.net/2019-toyota-highlander/,https://www.carmans.net/wp-content/uploads/pdf/2019-toyota-highlander.pdf,200,11683022,d63d3bae7669cc0f1b05ac0caaef33a5db29640de420f0df855d60c9468929d8,2026-10-02T08:39:06+00:00,manuals/toyota/carmans/2019-toyota-highlander.pdf,ok,
page,toyota,toyota/highlander,2020,2020-toyota-highlander,https://www.carmans.net/2020-toyota-highlander/,https://www.carmans.net/2020-toyota-highlander/,200,,,2026-10-02T08:39:09+00:00,,ok,https://www.carmans.net/wp-content/uploads/pdf/2020-toyota-highlander.pdf
pdf,toyota,toyota/highlander,2020,2020-toyota-highlander,https://www.carmans.net/2020-toyota-highlander/,https://www.carmans.net/wp-content/uploads/pdf/2020-toyota-highlander.pdf,200,12966489,5ec7d8995eca147bcdf6e4327787a9a96f2eb4f7c9301f633bf6776e48f40160,2026-10-02T08:39:14+00:00,manuals/toyota/carmans/2020-toyota-highlander.pdf,ok,
page,toyota,toyota/highlander,2021,2021-toyota-highlander,https://www.carmans.net/2021-toyota-highlander/,https://www.carmans.net/2021-toyota-highlander/,200,,,2026-10-02T08:39:17+00:00,,ok,https://www.carmans.net/wp-content/uploads/pdf/2021-toyota-highlander.pdf
pdf,toyota,toyota/highlander,2021,2021-toyota-highlander,https://www.carmans.net/2021-toyota-highlander/,https://www.carmans.net/wp-content/uploads/pdf/2021-toyota-highlander.pdf,200,12966489,5ec7d8995eca147bcdf6e4327787a9a96f2eb4f7c9301f633bf6776e48f40160,2026-10-02T08:39:24+00:00,manuals/toyota/carmans/2021-toyota-highlander.pdf,ok,
page,toyota,toyota/highlander,2021,2021-toyota-highlander-hybrid,https://www.carmans.net/2021-toyota-highlander-hybrid/,https://www.carmans.net/2021-toyota-highlander-hybrid/,200,,,2026-10-02T08:39:28+00:00,,ok,https://www.carmans.net/wp-content/uploads/pdf/2021-toyota-highlander-hybrid.pdf
pdf,toyota,toyota/highlander,2021,2021-toyota-highlander-hybrid,https://www.carmans.net/2021-toyota-highlander-hybrid/,https://www.carmans.net/wp-content/uploads/pdf/2021-toyota-highlander-hybrid.pdf,200,14247201,40eb061e62ec2562ad9c29796d52371c9c299dd2a19c5d5455b02137d765f3c2,2026-10-02T08:39:34+00:00,manuals/toyota/carmans/2021-toyota-highlander-hybrid.pdf,ok,
page,toyota,toyota/highlander,2022,2022-toyota-highlander,https://www.carmans.net/2022-toyota-highlander/,https://www.carmans.net/2022-toyota-highlander/,200,,,2026-10-02T08:39:39+00:00,,ok,https://www.carmans.net/wp-content/uploads/pdf/2022-toyota-highlander.pdf
pdf,toyota,toyota/highlander,2022,2022-toyota-highlander,https://www.carmans.net/2022-toyota-highlander/,https://www.carmans.net/wp-content/uploads/pdf/2022-toyota-highlander.pdf,200,12966489,5ec7d8995eca147bcdf6e4327787a9a96f2eb4f7c9301f633bf6776e48f40160,2026-10-02T08:39:45+00:00,manuals/toyota/carmans/2022-toyota-highlander.pdf,ok,
page,toyota,toyota/highlander,2022,2022-toyota-highlander-hybrid,https://www.carmans.net/2022-toyota-highlander-hybrid/,https://www.carmans.net/2022-toyota-highlander-hybrid/,200,,,2026-10-02T08:39:48+00:00,,ok,https://www.carmans.net/wp-content/uploads/pdf/2022-toyota-highlander-hybrid.pdf
pdf,toyota,toyota/highlander,2022,2022-toyota-highlander-hybrid,https://www.carmans.net/2022-toyota-highlander-hybrid/,https://www.carmans.net/wp-content/uploads/pdf/2022-toyota-highlander-hybrid.pdf,200,13999219,685541d9c95fe60da6a4c00f484f50eb77dbbac82ca2baed8569dac3cb54614a,2026-10-02T08:39:55+00:00,manuals/toyota/carmans/2022-toyota-highlander-hybrid.pdf,ok,
page,toyota,toyota/highlander,2023,2023-toyota-highlander,https://www.carmans.net/2023-toyota-highlander/,https://www.carmans.net/2023-toyota-highlander/,200,,,2026-10-02T08:40:00+00:00,,ok,https://www.carmans.net/wp-content/uploads/pdf/2023-toyota-highlander.pdf
pdf,toyota,toyota/highlander,2023,2023-toyota-highlander,https://www.carmans.net/2023-toyota-highlander/,https://www.carmans.net/wp-content/uploads/pdf/2023-toyota-highlander.pdf,200,13236584,85c77aeca4ba2e49c7830d9e03911fd801aba2d6365c809242e3f931439d73a3,2026-10-02T08:40:07+00:00,manuals/toyota/carmans/2023-toyota-highlander.pdf,ok,
page,toyota,toyota/highlander,2023,2023-toyota-highlander-hybrid,https://www.carmans.net/2023-toyota-highlander-hybrid/,https://www.carmans.net/2023-toyota-highlander-hybrid/,200,,,2026-10-02T08:40:09+00:00,,ok,https://www.carmans.net/wp-content/uploads/pdf/2023-toyota-highlander-hybrid.pdf
pdf,toyota,toyota/highlander,2023,2023-toyota-highlander-hybrid,https://www.carmans.net/2023-toyota-highlander-hybrid/,https://www.carmans.net/wp-content/uploads/pdf/2023-toyota-highlander-hybrid.pdf,200,13999219,685541d9c95fe60da6a4c00f484f50eb77dbbac82ca2baed8569dac3cb54614a,2026-10-02T08:40:15+00:00,manuals/toyota/carmans/2023-toyota-highlander-hybrid.pdf,ok,
page,toyota,toyota/prius,2014,2014-toyota-prius-plug-in-hybrid,https://www.carmans.net/2014-toyota-prius-plug-in-hybrid/,https://www.carmans.net/2014-toyota-prius-plug-in-hybrid/,200,,,2026-10-02T08:40:20+00:00,,ok,https://www.carmans.net/wp-content/uploads/pdf/2014-toyota-prius-plug-in-hybrid.pdf
pdf,toyota,toyota/prius,2014,2014-toyota-prius-plug-in-hybrid,https://www.carmans.net/2014-toyota-prius-plug-in-hybrid/,https://www.carmans.net/wp-content/uploads/pdf/2014-toyota-prius-plug-in-hybrid.pdf,200,11434035,ce2627a87057473a446ecaf1c8db1ff5be3027a7be22ed9ac76ea883eb21f912,2026-10-02T08:40:25+00:00,manuals/toyota/carmans/2014-toyota-prius-plug-in-hybrid.pdf,ok,
page,toyota,toyota/prius,2015,2015-toyota-prius-plug-in-hybrid,https://www.carmans.net/2015-toyota-prius-plug-in-hybrid/,https://www.carmans.net/2015-toyota-prius-plug-in-hybrid/,200,,,2026-10-02T08:40:30+00:00,,ok,https://www.carmans.net/wp-content/uploads/pdf/2015-toyota-prius-plug-in-hybrid.pdf
pdf,toyota,toyota/prius,2015,2015-toyota-prius-plug-in-hybrid,https://www.carmans.net/2015-toyota-prius-plug-in-hybrid/,https://www.carmans.net/wp-content/uploads/pdf/2015-toyota-prius-plug-in-hybrid.pdf,200,11404221,12b7e5005c1686dad33d3bc2e56960aa59b3a95bbc08deb0f3e71ac39407403e,2026-10-02T08:40:37+00:00,manuals/toyota/carmans/2015-toyota-prius-plug-in-hybrid.pdf,ok,
page,toyota,toyota/prius,2018,2018-toyota-prius-prime,https://www.carmans.net/2018-toyota-prius-prime/,https://www.carmans.net/2018-toyota-prius-prime/,200,,,2026-10-02T08:40:40+00:00,,ok,https://www.carmans.net/wp-content/uploads/pdf/2018-toyota-prius-prime.pdf
pdf,toyota,toyota/prius,2018,2018-toyota-prius-prime,https://www.carmans.net/2018-toyota-prius-prime/,https://www.carmans.net/wp-content/uploads/pdf/2018-toyota-prius-prime.pdf,200,13035568,e3c56270c4da0db50561361a1f215fa652f17c45c9e4cc2544e4d6b1cd67789b,2026-10-02T08:40:46+00:00,manuals/toyota/carmans/2018-toyota-prius-prime.pdf,ok,
page,toyota,toyota/prius,2019,2019-toyota-prius,https://www.carmans.net/2019-toyota-prius/,https://www.carmans.net/2019-toyota-prius/,200,,,2026-10-02T08:40:50+00:00,,ok,https://www.carmans.net/wp-content/uploads/pdf/2019-toyota-prius.pdf
pdf,toyota,toyota/prius,2019,2019-toyota-prius,https://www.carmans.net/2019-toyota-prius/,https://www.carmans.net/wp-content/uploads/pdf/2019-toyota-prius.pdf,200,15454037,68751b7044f2a5bf60d2ddcd321a8b8cc8a7428691ac49e6bb6d66904216dccf,2026-10-02T08:40:58+00:00,manuals/toyota/carmans/2019-toyota-prius.pdf,ok,
page,toyota,toyota/prius,2019,2019-toyota-prius-prime,https://www.carmans.net/2019-toyota-prius-prime/,https://www.carmans.net/2019-toyota-prius-prime/,200,,,2026-10-02T08:41:03+00:00,,ok,https://www.carmans.net/wp-content/uploads/pdf/2019-toyota-prius-prime.pdf
pdf,toyota,toyota/prius,2019,2019-toyota-prius-prime,https://www.carmans.net/2019-toyota-prius-prime/,https://www.carmans.net/wp-content/uploads/pdf/2019-toyota-prius-prime.pdf,200,14624233,7da79476e3769c3adc9fe57918fdb1897bbfe4cfe3049049b34c1337f878a212,2026-10-02T08:41:08+00:00,manuals/toyota/carmans/2019-toyota-prius-prime.pdf,ok,
page,toyota,toyota/prius,2020,2020-toyota-prius,https://www.carmans.net/2020-toyota-prius/,https://www.carmans.net/2020-toyota-prius/,200,,,2026-10-02T08:41:11+00:00,,ok,https://www.carmans.net/wp-content/uploads/pdf/2020-toyota-prius.pdf
pdf,toyota,toyota/prius,2020,2020-toyota-prius,https://www.carmans.net/2020-toyota-prius/,https://www.carmans.net/wp-content/uploads/pdf/2020-toyota-prius.pdf,200,14430576,5953461a03b65787e6c5852f2483b0590076840c3e82761459afe74ae4cc00c1,2026-10-02T08:41:19+00:00,manuals/toyota/carmans/2020-toyota-prius.pdf,ok,
page,toyota,toyota/prius,2022,2022-toyota-prius,https://www.carmans.net/2022-toyota-prius/,https://www.carmans.net/2022-toyota-prius/,200,,,2026-10-02T08:41:24+00:00,,ok,https://www.carmans.net/wp-content/uploads/pdf/2022-toyota-prius.pdf
pdf,toyota,toyota/prius,2022,2022-toyota-prius,https://www.carmans.net/2022-toyota-prius/,https://www.carmans.net/wp-content/uploads/pdf/2022-toyota-prius.pdf,200,111610788,b76ed3a13e9fbf2be453aa0699cbde75d32d464698739034d3839e18a9446402,2026-10-02T08:41:40+00:00,manuals/toyota/carmans/2022-toyota-prius.pdf,ok,
page,toyota,toyota/prius,2023,2023-toyota-prius,https://www.carmans.net/2023-toyota-prius/,https://www.carmans.net/2023-toyota-prius/,200,,,2026-10-02T08:41:44+00:00,,ok,https://www.carmans.net/wp-content/uploads/pdf/2022-toyota-prius.pdf
page,toyota,toyota/prius,2026,2026-toyota-prius,https://www.carmans.net/2026-toyota-prius/,https://www.carmans.net/2026-toyota-prius/,200,,,2026-10-02T08:41:49+00:00,,ok,https://www.carmans.net/wp-content/uploads/pdf/2026-toyota-prius.pdf
pdf,toyota,toyota/prius,2026,2026-toyota-prius,https://www.carmans.net/2026-toyota-prius/,https://www.carmans.net/wp-content/uploads/pdf/2026-toyota-prius.pdf,200,13575176,b621b86ab4e0d49e063a39e3121dd35efae73f60cc154da74b61a789be95ac1a,2026-10-02T08:41:54+00:00,manuals/toyota/carmans/2026-toyota-prius.pdf,ok,
page,toyota,toyota/rav4,2014,2014-toyota-rav4,https://www.carmans.net/2014-toyota-rav4/,https://www.carmans.net/2014-toyota-rav4/,200,,,2026-10-02T08:41:58+00:00,,ok,https://www.carmans.net/wp-content/uploads/pdf/2014-toyota-rav4.pdf
pdf,toyota,toyota/rav4,2014,2014-toyota-rav4,https://www.carmans.net/2014-toyota-rav4/,https://www.carmans.net/wp-content/uploads/pdf/2014-toyota-rav4.pdf,200,10449965,16210b85be6da31c9895c42a1cbf6a64e9c6257ebb28537b7e3236010054acd1,2026-10-02T08:42:03+00:00,manuals/toyota/carmans/2014-toyota-rav4.pdf,ok,
page,toyota,toyota/rav4,2015,2015-toyota-rav4,https://www.carmans.net/2015-toyota-rav4/,https://www.carmans.net/2015-toyota-rav4/,200,,,2026-10-02T08:42:06+00:00,,ok,https://www.carmans.net/wp-content/uploads/pdf/2015-toyota-rav4.pdf
pdf,toyota,toyota/rav4,2015,2015-toyota-rav4,https://www.carmans.net/2015-toyota-rav4/,https://www.carmans.net/wp-content/uploads/pdf/2015-toyota-rav4.pdf,200,11322788,997eaa031e07bc46888189511343b0beab164273b13911aac9a14ee7c886378a,2026-10-02T08:42:12+00:00,manuals/toyota/carmans/2015-toyota-rav4.pdf,ok,
page,toyota,toyota/rav4,2016,2016-toyota-rav4,https://www.carmans.net/2016-toyota-rav4/,https://www.carmans.net/2016-toyota-rav4/,200,,,2026-10-02T08:42:15+00:00,,ok,https://www.carmans.net/wp-content/uploads/pdf/2016-toyota-rav4.pdf
pdf,toyota,toyota/rav4,2016,2016-toyota-rav4,https://www.carmans.net/2016-toyota-rav4/,https://www.carmans.net/wp-content/uploads/pdf/2016-toyota-rav4.pdf,200,12997042,a0389583defd3a19a2b98c538d7aaa4cc2b51806450a67ee8adac988a9eb0129,2026-10-02T08:42:20+00:00,manuals/toyota/carmans/2016-toyota-rav4.pdf,ok,
page,toyota,toyota/rav4,2017,2017-toyota-rav4,https://www.carmans.net/2017-toyota-rav4/,https://www.carmans.net/2017-toyota-rav4/,200,,,2026-10-02T08:42:24+00:00,,ok,https://www.carmans.net/wp-content/uploads/pdf/2017-toyota-rav4.pdf
pdf,toyota,toyota/rav4,2017,2017-toyota-rav4,https://www.carmans.net/2017-toyota-rav4/,https://www.carmans.net/wp-content/uploads/pdf/2017-toyota-rav4.pdf,200,12859147,3a35aa8c3ffc5a2778b9fde308e45228b583edd0e153e9aa217da321575d408e,2026-10-02T08:42:30+00:00,manuals/toyota/carmans/2017-toyota-rav4.pdf,ok,
page,toyota,toyota/rav4,2017,2017-toyota-rav4-hybrid,https://www.carmans.net/2017-toyota-rav4-hybrid/,https://www.carmans.net/2017-toyota-rav4-hybrid/,200,,,2026-10-02T08:42:33+00:00,,ok,https://www.carmans.net/wp-content/uploads/pdf/2017-toyota-rav4-hybrid.pdf
pdf,toyota,toyota/rav4,2017,2017-toyota-rav4-hybrid,https://www.carmans.net/2017-toyota-rav4-hybrid/,https://www.carmans.net/wp-content/uploads/pdf/2017-toyota-rav4-hybrid.pdf,200,12994295,93f9e8582488cd2be93ce1044c7284f75c40d8977ce7b82e997d5c7897e5597b,2026-10-02T08:42:40+00:00,manuals/toyota/carmans/2017-toyota-rav4-hybrid.pdf,ok,
page,toyota,toyota/rav4,2018,2018-toyota-rav4,https://www.carmans.net/2018-toyota-rav4/,https://www.carmans.net/2018-toyota-rav4/,200,,,2026-10-02T08:42:44+00:00,,ok,https://www.carmans.net/wp-content/uploads/pdf/2018-toyota-rav4.pdf
pdf,toyota,toyota/rav4,2018,2018-toyota-rav4,https://www.carmans.net/2018-toyota-rav4/,https://www.carmans.net/wp-content/uploads/pdf/2018-toyota-rav4.pdf,200,12861381,cb7ad7a1e2359668895f297a53f501d7710cc9936e20426a785514b7f02ad4e9,2026-10-02T08:42:52+00:00,manuals/toyota/carmans/2018-toyota-rav4.pdf,ok,
page,toyota,toyota/rav4,2018,2018-toyota-rav4-hybrid,https://www.carmans.net/2018-toyota-rav4-hybrid/,https://www.carmans.net/2018-toyota-rav4-hybrid/,200,,,2026-10-02T08:42:54+00:00,,ok,https://www.carmans.net/wp-content/uploads/pdf/2018-toyota-rav4-hybrid.pdf
pdf,toyota,toyota/rav4,2018,2018-toyota-rav4-hybrid,https://www.carmans.net/2018-toyota-rav4-hybrid/,https://www.carmans.net/wp-content/uploads/pdf/2018-toyota-rav4-hybrid.pdf,200,12699135,4ed119169c3d99113ab3cabb1a2f9f2665310ad2732343caab32e9b3dd5423b9,2026-10-02T08:42:59+00:00,manuals/toyota/carmans/2018-toyota-rav4-hybrid.pdf,ok,
page,toyota,toyota/rav4,2019,2019-toyota-rav4,https://www.carmans.net/2019-toyota-rav4/,https://www.carmans.net/2019-toyota-rav4/,200,,,2026-10-02T08:43:04+00:00,,ok,https://www.carmans.net/wp-content/uploads/pdf/2019-toyota-rav4.pdf
pdf,toyota,toyota/rav4,2019,2019-toyota-rav4,https://www.carmans.net/2019-toyota-rav4/,https://www.carmans.net/wp-content/uploads/pdf/2019-toyota-rav4.pdf,200,19726134,4d319a1841c81cc1ca75ab82e9b182d71fd19d1eedb322b6ebe2e3565eab2527,2026-10-02T08:43:09+00:00,manuals/toyota/carmans/2019-toyota-rav4.pdf,ok,
page,toyota,toyota/rav4,2020,2020-toyota-rav4,https://www.carmans.net/2020-toyota-rav4/,https://www.carmans.net/2020-toyota-rav4/,200,,,2026-10-02T08:43:15+00:00,,ok,https://www.carmans.net/wp-content/uploads/pdf/2020-toyota-rav4.pdf
pdf,toyota,toyota/rav4,2020,2020-toyota-rav4,https://www.carmans.net/2020-toyota-rav4/,https://www.carmans.net/wp-content/uploads/pdf/2020-toyota-rav4.pdf,200,21455097,4097da65ad0583585569e24e54057097d222a4299a6e26d847b7d74f488eeffd,2026-10-02T08:43:20+00:00,manuals/toyota/carmans/2020-toyota-rav4.pdf,ok,
page,toyota,toyota/rav4,2020,2020-toyota-rav4-hybrid,https://www.carmans.net/2020-toyota-rav4-hybrid/,https://www.carmans.net/2020-toyota-rav4-hybrid/,200,,,2026-10-02T08:43:25+00:00,,ok,https://www.carmans.net/wp-content/uploads/pdf/2020-toyota-rav4-hybrid.pdf
pdf,toyota,toyota/rav4,2020,2020-toyota-rav4-hybrid,https://www.carmans.net/2020-toyota-rav4-hybrid/,https://www.carmans.net/wp-content/uploads/pdf/2020-toyota-rav4-hybrid.pdf,200,24513642,c9548c1e68b988633e98a644e888898b188ca8bd2743913465c4606cfa464cb2,2026-10-02T08:43:33+00:00,manuals/toyota/carmans/2020-toyota-rav4-hybrid.pdf,ok,
page,toyota,toyota/rav4,2021,2021-toyota-rav4,https://www.carmans.net/2021-toyota-rav4/,https://www.carmans.net/2021-toyota-rav4/,200,,,2026-10-02T08:43:38+00:00,,ok,https://www.carmans.net/wp-content/uploads/pdf/2021-toyota-rav4.pdf
pdf,toyota,toyota/rav4,2021,2021-toyota-rav4,https://www.carmans.net/2021-toyota-rav4/,https://www.carmans.net/wp-content/uploads/pdf/2021-toyota-rav4.pdf,200,16635745,52b257e41edd7b376565ab98b0a20dceddd88662989f5025b293e0fd5facc2f9,2026-10-02T08:43:44+00:00,manuals/toyota/carmans/2021-toyota-rav4.pdf,ok,
page,toyota,toyota/rav4,2021,2021-toyota-rav4-hybrid,https://www.carmans.net/2021-toyota-rav4-hybrid/,https://www.carmans.net/2021-toyota-rav4-hybrid/,200,,,2026-10-02T08:43:49+00:00,,ok,https://www.carmans.net/wp-content/uploads/pdf/2021-toyota-rav4-hybrid.pdf
pdf,toyota,toyota/rav4,2021,2021-toyota-rav4-hybrid,https://www.carmans.net/2021-toyota-rav4-hybrid/,https://www.carmans.net/wp-content/uploads/pdf/2021-toyota-rav4-hybrid.pdf,200,21727169,acf3961b9757ffc07bdd02500f0a44385f67594cc77067792f41089c1a33f970,2026-10-02T08:43:54+00:00,manuals/toyota/carmans/2021-toyota-rav4-hybrid.pdf,ok,
page,toyota,toyota/rav4,2022,2022-toyota-rav4,https://www.carmans.net/2022-toyota-rav4/,https://www.carmans.net/2022-toyota-rav4/,200,,,2026-10-02T08:43:59+00:00,,ok,https://www.carmans.net/wp-content/uploads/pdf/2022-toyota-rav4.pdf
pdf,toyota,toyota/rav4,2022,2022-toyota-rav4,https://www.carmans.net/2022-toyota-rav4/,https://www.carmans.net/wp-content/uploads/pdf/2022-toyota-rav4.pdf,200,16635745,52b257e41edd7b376565ab98b0a20dceddd88662989f5025b293e0fd5facc2f9,2026-10-02T08:44:06+00:00,manuals/toyota/carmans/2022-toyota-rav4.pdf,ok,
page,toyota,toyota/rav4,2022,2022-toyota-rav4-hybrid,https://www.carmans.net/2022-toyota-rav4-hybrid/,https://www.carmans.net/2022-toyota-rav4-hybrid/,200,,,2026-10-02T08:44:10+00:00,,ok,https://www.carmans.net/wp-content/uploads/pdf/2022-toyota-rav4-hybrid.pdf
pdf,toyota,toyota/rav4,2022,2022-toyota-rav4-hybrid,https://www.carmans.net/2022-toyota-rav4-hybrid/,https://www.carmans.net/wp-content/uploads/pdf/2022-toyota-rav4-hybrid.pdf,200,21878020,9d3fd1d74c36a158410ba075b5bfb6b73aa4279149536cc53c1757988e120734,2026-10-02T08:44:17+00:00,manuals/toyota/carmans/2022-toyota-rav4-hybrid.pdf,ok,
page,toyota,toyota/rav4,2023,2023-toyota-rav4,https://www.carmans.net/2023-toyota-rav4/,https://www.carmans.net/2023-toyota-rav4/,200,,,2026-10-02T08:44:20+00:00,,ok,https://www.carmans.net/wp-content/uploads/pdf/2023-toyota-rav4.pdf
pdf,toyota,toyota/rav4,2023,2023-toyota-rav4,https://www.carmans.net/2023-toyota-rav4/,https://www.carmans.net/wp-content/uploads/pdf/2023-toyota-rav4.pdf,200,21722583,fd5543a136e7ebd9093b15319f1f83f0e586727cdefa0837f12eb81737fd9f04,2026-10-02T08:44:26+00:00,manuals/toyota/carmans/2023-toyota-rav4.pdf,ok,
page,toyota,toyota/rav4,2023,2023-toyota-rav4-hybrid,https://www.carmans.net/2023-toyota-rav4-hybrid/,https://www.carmans.net/2023-toyota-rav4-hybrid/,200,,,2026-10-02T08:44:29+00:00,,ok,https://www.carmans.net/wp-content/uploads/pdf/2023-toyota-rav4-hybrid.pdf
pdf,toyota,toyota/rav4,2023,2023-toyota-rav4-hybrid,https://www.carmans.net/2023-toyota-rav4-hybrid/,https://www.carmans.net/wp-content/uploads/pdf/2023-toyota-rav4-hybrid.pdf,200,21878020,9d3fd1d74c36a158410ba075b5bfb6b73aa4279149536cc53c1757988e120734,2026-10-02T08:44:35+00:00,manuals/toyota/carmans/2023-toyota-rav4-hybrid.pdf,ok,
page,toyota,toyota/rav4,2026,2026-toyota-rav4-plug-in-hybrid,https://www.carmans.net/2026-toyota-rav4-plug-in-hybrid/,https://www.carmans.net/2026-toyota-rav4-plug-in-hybrid/,200,,,2026-10-02T08:44:37+00:00,,ok,https://www.carmans.net/wp-content/uploads/pdf/2026-rav4.pdf
pdf,toyota,toyota/rav4,2026,2026-toyota-rav4-plug-in-hybrid,https://www.carmans.net/2026-toyota-rav4-plug-in-hybrid/,https://www.carmans.net/wp-content/uploads/pdf/2026-rav4.pdf,200,14312936,31225f66b342ed0bff82009a9c0f018ff22b3aadd1621bd8934c3e6be40b65b8,2026-10-02T08:44:51+00:00,manuals/toyota/carmans/2026-toyota-rav4-plug-in-hybrid.pdf,ok,
page,bmw,bmw/3-series,2023,2023-bmw-3,https://www.carmans.net/2023-bmw-3/,https://www.carmans.net/2023-bmw-3/,200,,,2026-10-02T08:44:55+00:00,,ok,https://www.carmans.net/wp-content/uploads/pdf/2023-bmw-3.pdf
pdf,bmw,bmw/3-series,2023,2023-bmw-3,https://www.carmans.net/2023-bmw-3/,https://www.carmans.net/wp-content/uploads/pdf/2023-bmw-3.pdf,200,5638736,3488d08d97af01259ab0d9f0ed961786301c3e70dd9854679633e5cdf2ae2f48,2026-10-02T08:44:59+00:00,manuals/bmw/carmans/2023-bmw-3.pdf,ok,
page,bmw,bmw/5-series,2022,2022-bmw-5-series,https://www.carmans.net/2022-bmw-5-series/,https://www.carmans.net/2022-bmw-5-series/,200,,,2026-10-02T08:45:04+00:00,,ok,https://www.carmans.net/wp-content/uploads/pdf/2022-bmw-5-series.pdf
pdf,bmw,bmw/5-series,2022,2022-bmw-5-series,https://www.carmans.net/2022-bmw-5-series/,https://www.carmans.net/wp-content/uploads/pdf/2022-bmw-5-series.pdf,200,5698747,073f0c4f7e64289f5b7a73a67115eab1973b28f315a7dbc7744f8125fe18b2ef,2026-10-02T08:45:10+00:00,manuals/bmw/carmans/2022-bmw-5-series.pdf,ok,
page,bmw,bmw/5-series,2023,2023-bmw-5,https://www.carmans.net/2023-bmw-5/,https://www.carmans.net/2023-bmw-5/,200,,,2026-10-02T08:45:14+00:00,,ok,https://www.carmans.net/wp-content/uploads/pdf/2023-bmw-5.pdf
pdf,bmw,bmw/5-series,2023,2023-bmw-5,https://www.carmans.net/2023-bmw-5/,https://www.carmans.net/wp-content/uploads/pdf/2023-bmw-5.pdf,200,5698747,073f0c4f7e64289f5b7a73a67115eab1973b28f315a7dbc7744f8125fe18b2ef,2026-10-02T08:45:19+00:00,manuals/bmw/carmans/2023-bmw-5.pdf,ok,
page,bmw,bmw/7-series,2023,2023-bmw-7,https://www.carmans.net/2023-bmw-7/,https://www.carmans.net/2023-bmw-7/,200,,,2026-10-02T08:45:23+00:00,,ok,https://www.carmans.net/wp-content/uploads/pdf/2023-bmw-7.pdf
pdf,bmw,bmw/7-series,2023,2023-bmw-7,https://www.carmans.net/2023-bmw-7/,https://www.carmans.net/wp-content/uploads/pdf/2023-bmw-7.pdf,200,7436684,353827e1ab9ea4d22a8ac065776fa4a8c8985be48687c64697c8ad7ef1341862,2026-10-02T08:45:27+00:00,manuals/bmw/carmans/2023-bmw-7.pdf,ok,
page,bmw,bmw/x5,2023,2023-bmw-x5,https://www.carmans.net/2023-bmw-x5/,https://www.carmans.net/2023-bmw-x5/,200,,,2026-10-02T08:45:32+00:00,,ok,https://www.carmans.net/wp-content/uploads/pdf/2023-bmw-x5.pdf
pdf,bmw,bmw/x5,2023,2023-bmw-x5,https://www.carmans.net/2023-bmw-x5/,https://www.carmans.net/wp-content/uploads/pdf/2023-bmw-x5.pdf,200,6053334,e32b5a0644865d5d01818f236de8a443ea0679b316ceb99d19526c87b38ee8db,2026-10-02T08:45:37+00:00,manuals/bmw/carmans/2023-bmw-x5.pdf,ok,
page,bmw,bmw/x6,2023,2023-bmw-x6,https://www.carmans.net/2023-bmw-x6/,https://www.carmans.net/2023-bmw-x6/,200,,,2026-10-02T08:45:42+00:00,,ok,https://www.carmans.net/wp-content/uploads/pdf/2023-bmw-x6.pdf
pdf,bmw,bmw/x6,2023,2023-bmw-x6,https://www.carmans.net/2023-bmw-x6/,https://www.carmans.net/wp-content/uploads/pdf/2023-bmw-x6.pdf,200,7058791,43cc9658dc0882e74e8f0b3c4825ea21d43e53dc3dbf6022c6ffd51266930d79,2026-10-02T08:45:48+00:00,manuals/bmw/carmans/2023-bmw-x6.pdf,ok,
page,bmw,bmw/x7,2023,2023-bmw-x7,https://www.carmans.net/2023-bmw-x7/,https://www.carmans.net/2023-bmw-x7/,200,,,2026-10-02T08:45:52+00:00,,ok,https://www.carmans.net/wp-content/uploads/pdf/2023-bmw-x7.pdf
pdf,bmw,bmw/x7,2023,2023-bmw-x7,https://www.carmans.net/2023-bmw-x7/,https://www.carmans.net/wp-content/uploads/pdf/2023-bmw-x7.pdf,200,7813312,c4bf362503ee9d02e4f83bd9928fc72d5a4ece6e6d0cf39cb81f5c1e5d075fdf,2026-10-02T08:45:59+00:00,manuals/bmw/carmans/2023-bmw-x7.pdf,ok,
page,chevrolet,chevrolet/equinox,2014,2014-chevrolet-equinox,https://www.carmans.net/2014-chevrolet-equinox/,https://www.carmans.net/2014-chevrolet-equinox/,200,,,2026-10-02T08:46:02+00:00,,ok,https://www.carmans.net/wp-content/uploads/pdf/2014-chevrolet-equinox.pdf
pdf,chevrolet,chevrolet/equinox,2014,2014-chevrolet-equinox,https://www.carmans.net/2014-chevrolet-equinox/,https://www.carmans.net/wp-content/uploads/pdf/2014-chevrolet-equinox.pdf,200,2887584,3866abd02435f8926507aeb1d46aa6665800d72d870c52168011998fe0dd564c,2026-10-02T08:46:08+00:00,manuals/chevrolet/carmans/2014-chevrolet-equinox.pdf,ok,
page,chevrolet,chevrolet/equinox,2015,2015-chevrolet-equinox,https://www.carmans.net/2015-chevrolet-equinox/,https://www.carmans.net/2015-chevrolet-equinox/,200,,,2026-10-02T08:46:12+00:00,,ok,https://www.carmans.net/wp-content/uploads/pdf/2015-chevrolet-equinox.pdf
pdf,chevrolet,chevrolet/equinox,2015,2015-chevrolet-equinox,https://www.carmans.net/2015-chevrolet-equinox/,https://www.carmans.net/wp-content/uploads/pdf/2015-chevrolet-equinox.pdf,200,5158552,71237947cfea2c981a01ea8835860973fa0cbb2842e46c26e399fe20e6fd54ae,2026-10-02T08:46:18+00:00,manuals/chevrolet/carmans/2015-chevrolet-equinox.pdf,ok,
page,chevrolet,chevrolet/equinox,2016,2016-chevrolet-equinox,https://www.carmans.net/2016-chevrolet-equinox/,https://www.carmans.net/2016-chevrolet-equinox/,200,,,2026-10-02T08:46:22+00:00,,ok,https://www.carmans.net/wp-content/uploads/pdf/2016-chevrolet-equinox.pdf
pdf,chevrolet,chevrolet/equinox,2016,2016-chevrolet-equinox,https://www.carmans.net/2016-chevrolet-equinox/,https://www.carmans.net/wp-content/uploads/pdf/2016-chevrolet-equinox.pdf,200,5543148,abd5f557d9acf082a757497468e4c6b62d3398d9ce603aa290cf63a680c42679,2026-10-02T08:46:28+00:00,manuals/chevrolet/carmans/2016-chevrolet-equinox.pdf,ok,
page,chevrolet,chevrolet/equinox,2017,2017-chevrolet-equinox,https://www.carmans.net/2017-chevrolet-equinox/,https://www.carmans.net/2017-chevrolet-equinox/,200,,,2026-10-02T08:46:33+00:00,,ok,https://www.carmans.net/wp-content/uploads/pdf/2017-chevrolet-equinox.pdf
pdf,chevrolet,chevrolet/equinox,2017,2017-chevrolet-equinox,https://www.carmans.net/2017-chevrolet-equinox/,https://www.carmans.net/wp-content/uploads/pdf/2017-chevrolet-equinox.pdf,200,5543148,abd5f557d9acf082a757497468e4c6b62d3398d9ce603aa290cf63a680c42679,2026-10-02T08:46:38+00:00,manuals/chevrolet/carmans/2017-chevrolet-equinox.pdf,ok,
page,chevrolet,chevrolet/equinox,2018,2018-chevrolet-equinox,https://www.carmans.net/2018-chevrolet-equinox/,https://www.carmans.net/2018-chevrolet-equinox/,200,,,2026-10-02T08:46:40+00:00,,ok,https://www.carmans.net/wp-content/uploads/pdf/2018-chevrolet-equinox.pdf
pdf,chevrolet,chevrolet/equinox,2018,2018-chevrolet-equinox,https://www.carmans.net/2018-chevrolet-equinox/,https://www.carmans.net/wp-content/uploads/pdf/2018-chevrolet-equinox.pdf,200,6343454,e41b141721aeb10fe96abaa8724e3e85d73eee72f2d9dce4799f78877998d1cf,2026-10-02T08:46:46+00:00,manuals/chevrolet/carmans/2018-chevrolet-equinox.pdf,ok,
page,chevrolet,chevrolet/equinox,2019,2019-chevrolet-equinox,https://www.carmans.net/2019-chevrolet-equinox/,https://www.carmans.net/2019-chevrolet-equinox/,200,,,2026-10-02T08:46:51+00:00,,ok,https://www.carmans.net/wp-content/uploads/pdf/2019-chevrolet-equinox.pdf
pdf,chevrolet,chevrolet/equinox,2019,2019-chevrolet-equinox,https://www.carmans.net/2019-chevrolet-equinox/,https://www.carmans.net/wp-content/uploads/pdf/2019-chevrolet-equinox.pdf,200,6682748,1238d220893e65337ba7eaa80aab1bc1a804a6b5f3a07f5abe16542dc1a92ab5,2026-10-02T08:46:57+00:00,manuals/chevrolet/carmans/2019-chevrolet-equinox.pdf,ok,
page,chevrolet,chevrolet/equinox,2020,2020-chevrolet-equinox,https://www.carmans.net/2020-chevrolet-equinox/,https://www.carmans.net/2020-chevrolet-equinox/,200,,,2026-10-02T08:47:00+00:00,,ok,https://www.carmans.net/wp-content/uploads/pdf/2020-chevrolet-equinox.pdf
pdf,chevrolet,chevrolet/equinox,2020,2020-chevrolet-equinox,https://www.carmans.net/2020-chevrolet-equinox/,https://www.carmans.net/wp-content/uploads/pdf/2020-chevrolet-equinox.pdf,200,6777478,78c5ed41aaaff87ad9a8a3947e19acef5ddb1a8a753c6cfd87d9a8f0c6b4a5d8,2026-10-02T08:47:07+00:00,manuals/chevrolet/carmans/2020-chevrolet-equinox.pdf,ok,
page,chevrolet,chevrolet/equinox,2021,2021-chevrolet-equinox,https://www.carmans.net/2021-chevrolet-equinox/,https://www.carmans.net/2021-chevrolet-equinox/,200,,,2026-10-02T08:47:10+00:00,,ok,https://www.carmans.net/wp-content/uploads/pdf/2021-chevrolet-equinox.pdf
pdf,chevrolet,chevrolet/equinox,2021,2021-chevrolet-equinox,https://www.carmans.net/2021-chevrolet-equinox/,https://www.carmans.net/wp-content/uploads/pdf/2021-chevrolet-equinox.pdf,200,6777478,78c5ed41aaaff87ad9a8a3947e19acef5ddb1a8a753c6cfd87d9a8f0c6b4a5d8,2026-10-02T08:47:16+00:00,manuals/chevrolet/carmans/2021-chevrolet-equinox.pdf,ok,
page,chevrolet,chevrolet/equinox,2022,2022-chevrolet-equinox,https://www.carmans.net/2022-chevrolet-equinox/,https://www.carmans.net/2022-chevrolet-equinox/,200,,,2026-10-02T08:47:20+00:00,,ok,https://www.carmans.net/wp-content/uploads/pdf/2022-chevrolet-equinox.pdf
pdf,chevrolet,chevrolet/equinox,2022,2022-chevrolet-equinox,https://www.carmans.net/2022-chevrolet-equinox/,https://www.carmans.net/wp-content/uploads/pdf/2022-chevrolet-equinox.pdf,200,7226294,d39c4e89502d765fa3bf5f5dd028fd32fc463fb77cc38b47df1d11669e9060a2,2026-10-02T08:47:24+00:00,manuals/chevrolet/carmans/2022-chevrolet-equinox.pdf,ok,
page,chevrolet,chevrolet/equinox,2023,2023-chevrolet-equinox,https://www.carmans.net/2023-chevrolet-equinox/,https://www.carmans.net/2023-chevrolet-equinox/,200,,,2026-10-02T08:47:30+00:00,,ok,https://www.carmans.net/wp-content/uploads/pdf/2023-chevrolet-equinox.pdf
pdf,chevrolet,chevrolet/equinox,2023,2023-chevrolet-equinox,https://www.carmans.net/2023-chevrolet-equinox/,https://www.carmans.net/wp-content/uploads/pdf/2023-chevrolet-equinox.pdf,200,15427547,cc1673f1e7f506b18438c24f20f08752e6ee6b44976da116c1992868a6ae931e,2026-10-02T08:47:37+00:00,manuals/chevrolet/carmans/2023-chevrolet-equinox.pdf,ok,
page,chevrolet,chevrolet/equinox,2024,2024-chevrolet-equinox,https://www.carmans.net/2024-chevrolet-equinox/,https://www.carmans.net/2024-chevrolet-equinox/,200,,,2026-10-02T08:47:41+00:00,,ok,https://www.carmans.net/wp-content/uploads/pdf/2024-chevrolet-equinox.pdf
pdf,chevrolet,chevrolet/equinox,2024,2024-chevrolet-equinox,https://www.carmans.net/2024-chevrolet-equinox/,https://www.carmans.net/wp-content/uploads/pdf/2024-chevrolet-equinox.pdf,200,14121810,f3da509aec22267d05d3ef1a2f528ab19e9fd91513027e4741803b1fdd40f2cf,2026-10-02T08:47:46+00:00,manuals/chevrolet/carmans/2024-chevrolet-equinox.pdf,ok,
page,chevrolet,chevrolet/equinox,2025,2025-chevrolet-equinox,https://www.carmans.net/2025-chevrolet-equinox/,https://www.carmans.net/2025-chevrolet-equinox/,200,,,2026-10-02T08:47:51+00:00,,ok,https://www.carmans.net/wp-content/uploads/pdf/2025-equinox.pdf
pdf,chevrolet,chevrolet/equinox,2025,2025-chevrolet-equinox,https://www.carmans.net/2025-chevrolet-equinox/,https://www.carmans.net/wp-content/uploads/pdf/2025-equinox.pdf,200,27823948,3d0c87af63b1d6b817e4a8444b5294b65faff092180de08d1ecd757d85f56107,2026-10-02T08:47:57+00:00,manuals/chevrolet/carmans/2025-chevrolet-equinox.pdf,ok,
page,chevrolet,chevrolet/equinox,2026,2026-chevrolet-equinox,https://www.carmans.net/2026-chevrolet-equinox/,https://www.carmans.net/2026-chevrolet-equinox/,200,,,2026-10-02T08:48:00+00:00,,ok,https://www.carmans.net/wp-content/uploads/pdf/2026-equinox.pdf
pdf,chevrolet,chevrolet/equinox,2026,2026-chevrolet-equinox,https://www.carmans.net/2026-chevrolet-equinox/,https://www.carmans.net/wp-content/uploads/pdf/2026-equinox.pdf,200,4109916,df68224201df6dd1a30ca95d0b427cc310ca26ab80bfceb88637b6b757fa43fc,2026-10-02T08:48:04+00:00,manuals/chevrolet/carmans/2026-chevrolet-equinox.pdf,ok,
page,chevrolet,chevrolet/malibu,2023,2023-chevrolet-malibu,https://www.carmans.net/2023-chevrolet-malibu/,https://www.carmans.net/2023-chevrolet-malibu/,200,,,2026-10-02T08:48:08+00:00,,ok,https://www.carmans.net/wp-content/uploads/pdf/2023-chevrolet-malibu.pdf
pdf,chevrolet,chevrolet/malibu,2023,2023-chevrolet-malibu,https://www.carmans.net/2023-chevrolet-malibu/,https://www.carmans.net/wp-content/uploads/pdf/2023-chevrolet-malibu.pdf,200,6610697,ca13d51a8844f4467424255104f22e1d73e5eb23bfdcd307a979ff2dda024f15,2026-10-02T08:48:13+00:00,manuals/chevrolet/carmans/2023-chevrolet-malibu.pdf,ok,
page,chevrolet,chevrolet/malibu,2025,2025-chevrolet-malibu,https://www.carmans.net/2025-chevrolet-malibu/,https://www.carmans.net/2025-chevrolet-malibu/,200,,,2026-10-02T08:48:16+00:00,,ok,https://www.carmans.net/wp-content/uploads/pdf/2025-malibu.pdf
pdf,chevrolet,chevrolet/malibu,2025,2025-chevrolet-malibu,https://www.carmans.net/2025-chevrolet-malibu/,https://www.carmans.net/wp-content/uploads/pdf/2025-malibu.pdf,200,4646131,d3577cfa16293aa5a9bc72a8926cc87326e7ba1e82c640de49678d90625043e8,2026-10-02T08:48:20+00:00,manuals/chevrolet/carmans/2025-chevrolet-malibu.pdf,ok,
page,chevrolet,chevrolet/trax,2023,2023-chevrolet-trax,https://www.carmans.net/2023-chevrolet-trax/,https://www.carmans.net/2023-chevrolet-trax/,200,,,2026-10-02T08:48:24+00:00,,ok,https://www.carmans.net/wp-content/uploads/pdf/2022-chevrolet-trax.pdf
pdf,chevrolet,chevrolet/trax,2023,2023-chevrolet-trax,https://www.carmans.net/2023-chevrolet-trax/,https://www.carmans.net/wp-content/uploads/pdf/2022-chevrolet-trax.pdf,200,12963522,3941f086e1f3c3410ec8cb660cbd7a231f22a6b5678c2ccb318661481f608f7d,2026-10-02T08:48:28+00:00,manuals/chevrolet/carmans/2023-chevrolet-trax.pdf,ok,
page,chevrolet,chevrolet/trax,2025,2025-chevrolet-trax,https://www.carmans.net/2025-chevrolet-trax/,https://www.carmans.net/2025-chevrolet-trax/,200,,,2026-10-02T08:48:31+00:00,,ok,https://www.carmans.net/wp-content/uploads/pdf/2025-trax.pdf
pdf,chevrolet,chevrolet/trax,2025,2025-chevrolet-trax,https://www.carmans.net/2025-chevrolet-trax/,https://www.carmans.net/wp-content/uploads/pdf/2025-trax.pdf,200,4493897,e5cfe7948d08b6df3e479aed66649ad4d589e9e6dcae3030d3c50b577897b7fc,2026-10-02T08:48:37+00:00,manuals/chevrolet/carmans/2025-chevrolet-trax.pdf,ok,
page,ford,ford/fusion,2014,2014-ford-fusion,https://www.carmans.net/2014-ford-fusion/,https://www.carmans.net/2014-ford-fusion/,200,,,2026-10-02T08:48:41+00:00,,ok,https://www.carmans.net/wp-content/uploads/pdf/2014-ford-fusion.pdf
pdf,ford,ford/fusion,2014,2014-ford-fusion,https://www.carmans.net/2014-ford-fusion/,https://www.carmans.net/wp-content/uploads/pdf/2014-ford-fusion.pdf,200,29244491,d0b052fe451ab36dbb4f06508cdac59b7c595407d0f35d58b38dfa731bbc15c3,2026-10-02T08:48:49+00:00,manuals/ford/carmans/2014-ford-fusion.pdf,ok,
page,ford,ford/fusion,2014,2014-ford-fusion-hybrid,https://www.carmans.net/2014-ford-fusion-hybrid/,https://www.carmans.net/2014-ford-fusion-hybrid/,200,,,2026-10-02T08:48:54+00:00,,ok,https://www.carmans.net/wp-content/uploads/pdf/2014-ford-fusion-hybrid.pdf
pdf,ford,ford/fusion,2014,2014-ford-fusion-hybrid,https://www.carmans.net/2014-ford-fusion-hybrid/,https://www.carmans.net/wp-content/uploads/pdf/2014-ford-fusion-hybrid.pdf,200,4929736,5af1e1348f17c9cb561a6157a087fcb8e64d3c0aa3ee9924a3e991304f14468a,2026-10-02T08:48:59+00:00,manuals/ford/carmans/2014-ford-fusion-hybrid.pdf,ok,
page,ford,ford/fusion,2015,2015-ford-fusion,https://www.carmans.net/2015-ford-fusion/,https://www.carmans.net/2015-ford-fusion/,200,,,2026-10-02T08:49:03+00:00,,ok,https://www.carmans.net/wp-content/uploads/pdf/2015-ford-fusion.pdf
pdf,ford,ford/fusion,2015,2015-ford-fusion,https://www.carmans.net/2015-ford-fusion/,https://www.carmans.net/wp-content/uploads/pdf/2015-ford-fusion.pdf,200,5779783,262acab61c68c2b7471e1ff13397fdbc7fd9717ece7a2d6e965870914d2edda5,2026-10-02T08:49:08+00:00,manuals/ford/carmans/2015-ford-fusion.pdf,ok,
page,ford,ford/fusion,2015,2015-ford-fusion-hybrid,https://www.carmans.net/2015-ford-fusion-hybrid/,https://www.carmans.net/2015-ford-fusion-hybrid/,200,,,2026-10-02T08:49:12+00:00,,ok,https://www.carmans.net/wp-content/uploads/pdf/2015-ford-fusion-hybrid.pdf
pdf,ford,ford/fusion,2015,2015-ford-fusion-hybrid,https://www.carmans.net/2015-ford-fusion-hybrid/,https://www.carmans.net/wp-content/uploads/pdf/2015-ford-fusion-hybrid.pdf,200,5905962,cf486d095f1198c08ce4b3147a212553623a9d4104328918faa6ebc72ef72b81,2026-10-02T08:49:18+00:00,manuals/ford/carmans/2015-ford-fusion-hybrid.pdf,ok,
page,ford,ford/fusion,2016,2016-ford-fusion,https://www.carmans.net/2016-ford-fusion/,https://www.carmans.net/2016-ford-fusion/,200,,,2026-10-02T08:49:23+00:00,,ok,https://www.carmans.net/wp-content/uploads/pdf/2016-ford-fusion.pdf
pdf,ford,ford/fusion,2016,2016-ford-fusion,https://www.carmans.net/2016-ford-fusion/,https://www.carmans.net/wp-content/uploads/pdf/2016-ford-fusion.pdf,200,5672230,a489ef3679726409c65faf8df4a7ccafd4b166e652935dfdf14edd0d4febc404,2026-10-02T08:49:29+00:00,manuals/ford/carmans/2016-ford-fusion.pdf,ok,
page,ford,ford/fusion,2016,2016-ford-fusion-hybrid,https://www.carmans.net/2016-ford-fusion-hybrid/,https://www.carmans.net/2016-ford-fusion-hybrid/,200,,,2026-10-02T08:49:32+00:00,,ok,https://www.carmans.net/wp-content/uploads/pdf/2016-ford-fusion-hybrid.pdf
pdf,ford,ford/fusion,2016,2016-ford-fusion-hybrid,https://www.carmans.net/2016-ford-fusion-hybrid/,https://www.carmans.net/wp-content/uploads/pdf/2016-ford-fusion-hybrid.pdf,200,6078481,d3d16ce5c7996d8ddc82073fdb2759cd72f6aaac8868f56a9173fdd5ae0a0ceb,2026-10-02T08:49:36+00:00,manuals/ford/carmans/2016-ford-fusion-hybrid.pdf,ok,
page,ford,ford/fusion,2017,2017-ford-fusion,https://www.carmans.net/2017-ford-fusion/,https://www.carmans.net/2017-ford-fusion/,200,,,2026-10-02T08:49:40+00:00,,ok,https://www.carmans.net/wp-content/uploads/pdf/2017-ford-fusion.pdf
pdf,ford,ford/fusion,2017,2017-ford-fusion,https://www.carmans.net/2017-ford-fusion/,https://www.carmans.net/wp-content/uploads/pdf/2017-ford-fusion.pdf,200,7708132,3dc75637db3c188b28fbc02e530c76b9ff37ac2b63980286829d8dd67efad39b,2026-10-02T08:49:45+00:00,manuals/ford/carmans/2017-ford-fusion.pdf,ok,
page,ford,ford/fusion,2017,2017-ford-fusion-hybrid,https://www.carmans.net/2017-ford-fusion-hybrid/,https://www.carmans.net/2017-ford-fusion-hybrid/,200,,,2026-10-02T08:49:50+00:00,,ok,https://www.carmans.net/wp-content/uploads/pdf/2017-ford-fusion-hybrid.pdf
pdf,ford,ford/fusion,2017,2017-ford-fusion-hybrid,https://www.carmans.net/2017-ford-fusion-hybrid/,https://www.carmans.net/wp-content/uploads/pdf/2017-ford-fusion-hybrid.pdf,200,6558233,384c491819aba63f341ba5fcd3ed126f21160f702a974807fb1669b5f448ef05,2026-10-02T08:49:53+00:00,manuals/ford/carmans/2017-ford-fusion-hybrid.pdf,ok,
page,ford,ford/fusion,2018,2018-ford-fusion,https://www.carmans.net/2018-ford-fusion/,https://www.carmans.net/2018-ford-fusion/,200,,,2026-10-02T08:49:57+00:00,,ok,https://www.carmans.net/wp-content/uploads/pdf/2018-ford-fusion.pdf
pdf,ford,ford/fusion,2018,2018-ford-fusion,https://www.carmans.net/2018-ford-fusion/,https://www.carmans.net/wp-content/uploads/pdf/2018-ford-fusion.pdf,200,6490334,9f830cd5b0e0753c12b7e2b4e3dad076bcd50ec77085d384c0a52d1c7ebd4f07,2026-10-02T08:50:00+00:00,manuals/ford/carmans/2018-ford-fusion.pdf,ok,
page,ford,ford/fusion,2018,2018-ford-fusion-hybrid,https://www.carmans.net/2018-ford-fusion-hybrid/,https://www.carmans.net/2018-ford-fusion-hybrid/,200,,,2026-10-02T08:50:03+00:00,,ok,https://www.carmans.net/wp-content/uploads/pdf/2018-ford-fusion-hybrid.pdf
pdf,ford,ford/fusion,2018,2018-ford-fusion-hybrid,https://www.carmans.net/2018-ford-fusion-hybrid/,https://www.carmans.net/wp-content/uploads/pdf/2018-ford-fusion-hybrid.pdf,200,6355982,0b8f962920f3183586978fcd2eb8ef59a16f665a8d17d43241851d561ac22849,2026-10-02T08:50:07+00:00,manuals/ford/carmans/2018-ford-fusion-hybrid.pdf,ok,
page,ford,ford/fusion,2019,2019-ford-fusion,https://www.carmans.net/2019-ford-fusion/,https://www.carmans.net/2019-ford-fusion/,200,,,2026-10-02T08:50:10+00:00,,ok,https://www.carmans.net/wp-content/uploads/pdf/2019-ford-fusion.pdf
pdf,ford,ford/fusion,2019,2019-ford-fusion,https://www.carmans.net/2019-ford-fusion/,https://www.carmans.net/wp-content/uploads/pdf/2019-ford-fusion.pdf,200,7709167,ed22c88f959a51b28c816733c0555817616df798b86f3aa6a52cf3a893433a05,2026-10-02T08:50:15+00:00,manuals/ford/carmans/2019-ford-fusion.pdf,ok,
page,ford,ford/fusion,2019,2019-ford-fusion-hybrid,https://www.carmans.net/2019-ford-fusion-hybrid/,https://www.carmans.net/2019-ford-fusion-hybrid/,200,,,2026-10-02T08:50:18+00:00,,ok,https://www.carmans.net/wp-content/uploads/pdf/2019-ford-fusion-hybrid.pdf
pdf,ford,ford/fusion,2019,2019-ford-fusion-hybrid,https://www.carmans.net/2019-ford-fusion-hybrid/,https://www.carmans.net/wp-content/uploads/pdf/2019-ford-fusion-hybrid.pdf,200,7234121,d2118b4cd537ca5cb12a31b53f49fee3b4121e651ae2f66043745da3ed5cb380,2026-10-02T08:50:23+00:00,manuals/ford/carmans/2019-ford-fusion-hybrid.pdf,ok,
page,ford,ford/fusion,2020,2020-ford-fusion,https://www.carmans.net/2020-ford-fusion/,https://www.carmans.net/2020-ford-fusion/,200,,,2026-10-02T08:50:28+00:00,,ok,https://www.carmans.net/wp-content/uploads/pdf/2020-ford-fusion.pdf
pdf,ford,ford/fusion,2020,2020-ford-fusion,https://www.carmans.net/2020-ford-fusion/,https://www.carmans.net/wp-content/uploads/pdf/2020-ford-fusion.pdf,200,6684956,14fd27e603e0e215a2058d42a769cf2a98a9671dc5fd3d4a4cf68963d1ec283c,2026-10-02T08:50:32+00:00,manuals/ford/carmans/2020-ford-fusion.pdf,ok,
page,ford,ford/fusion,2020,2020-ford-fusion-hybrid,https://www.carmans.net/2020-ford-fusion-hybrid/,https://www.carmans.net/2020-ford-fusion-hybrid/,200,,,2026-10-02T08:50:36+00:00,,ok,https://www.carmans.net/wp-content/uploads/pdf/2020-ford-fusion-hybrid.pdf
pdf,ford,ford/fusion,2020,2020-ford-fusion-hybrid,https://www.carmans.net/2020-ford-fusion-hybrid/,https://www.carmans.net/wp-content/uploads/pdf/2020-ford-fusion-hybrid.pdf,200,6024875,32e33602c002a919039e5023edd40c545ed58c1ca1434a2317ade3a9be42253b,2026-10-02T08:50:41+00:00,manuals/ford/carmans/2020-ford-fusion-hybrid.pdf,ok,
page,honda,honda/accord,2018,2018-honda-accord,https://www.carmans.net/2018-honda-accord/,https://www.carmans.net/2018-honda-accord/,200,,,2026-10-02T08:50:45+00:00,,ok,https://www.carmans.net/wp-content/uploads/pdf/2018-honda-accord.pdf
pdf,honda,honda/accord,2018,2018-honda-accord,https://www.carmans.net/2018-honda-accord/,https://www.carmans.net/wp-content/uploads/pdf/2018-honda-accord.pdf,200,25985885,fcb18b9cacfdf39798534602e351197c782dba7dd7d81c79931f5d8848bfcfbe,2026-10-02T08:50:51+00:00,manuals/honda/carmans/2018-honda-accord.pdf,ok,
page,honda,honda/accord,2019,2019-honda-accord,https://www.carmans.net/2019-honda-accord/,https://www.carmans.net/2019-honda-accord/,200,,,2026-10-02T08:50:55+00:00,,ok,https://www.carmans.net/wp-content/uploads/pdf/2019-honda-accord.pdf
pdf,honda,honda/accord,2019,2019-honda-accord,https://www.carmans.net/2019-honda-accord/,https://www.carmans.net/wp-content/uploads/pdf/2019-honda-accord.pdf,200,25978191,95af5f0e4be44f8748bc9ca88dc6ae0de6d171806fbe2af2807d5b6af12e9161,2026-10-02T08:51:03+00:00,manuals/honda/carmans/2019-honda-accord.pdf,ok,
page,honda,honda/accord,2020,2020-honda-accord,https://www.carmans.net/2020-honda-accord/,https://www.carmans.net/2020-honda-accord/,200,,,2026-10-02T08:51:07+00:00,,ok,https://www.carmans.net/wp-content/uploads/pdf/2020-honda-accord.pdf
pdf,honda,honda/accord,2020,2020-honda-accord,https://www.carmans.net/2020-honda-accord/,https://www.carmans.net/wp-content/uploads/pdf/2020-honda-accord.pdf,200,35716263,0c85bc0c56c679dd4442e1579c79190ff2967911a905ad4dad2d9ad054d41554,2026-10-02T08:51:16+00:00,manuals/honda/carmans/2020-honda-accord.pdf,ok,
page,honda,honda/accord,2021,2021-honda-accord,https://www.carmans.net/2021-honda-accord/,https://www.carmans.net/2021-honda-accord/,200,,,2026-10-02T08:51:21+00:00,,ok,https://www.carmans.net/wp-content/uploads/pdf/2021-honda-accord.pdf
pdf,honda,honda/accord,2021,2021-honda-accord,https://www.carmans.net/2021-honda-accord/,https://www.carmans.net/wp-content/uploads/pdf/2021-honda-accord.pdf,200,16310093,1c87f3418ad47a5f66e23d3a482ea3986f77b6842acb0b145eac2ac32b240ba2,2026-10-02T08:51:28+00:00,manuals/honda/carmans/2021-honda-accord.pdf,ok,
page,honda,honda/accord,2022,2022-honda-accord,https://www.carmans.net/2022-honda-accord/,https://www.carmans.net/2022-honda-accord/,200,,,2026-10-02T08:51:30+00:00,,ok,https://www.carmans.net/wp-content/uploads/pdf/2022-honda-accord.pdf
pdf,honda,honda/accord,2022,2022-honda-accord,https://www.carmans.net/2022-honda-accord/,https://www.carmans.net/wp-content/uploads/pdf/2022-honda-accord.pdf,200,11978791,65832c99c2a10684041049c8f3a55b529727e8527211fb7189448f7ad071bee5,2026-10-02T08:51:34+00:00,manuals/honda/carmans/2022-honda-accord.pdf,ok,
page,honda,honda/accord,2023,2023-honda-accord,https://www.carmans.net/2023-honda-accord/,https://www.carmans.net/2023-honda-accord/,200,,,2026-10-02T08:51:38+00:00,,ok,https://www.carmans.net/wp-content/uploads/pdf/2023-honda-accord.pdf
pdf,honda,honda/accord,2023,2023-honda-accord,https://www.carmans.net/2023-honda-accord/,https://www.carmans.net/wp-content/uploads/pdf/2023-honda-accord.pdf,200,11978791,65832c99c2a10684041049c8f3a55b529727e8527211fb7189448f7ad071bee5,2026-10-02T08:51:44+00:00,manuals/honda/carmans/2023-honda-accord.pdf,ok,
page,honda,honda/accord,2024,2024-honda-accord,https://www.carmans.net/2024-honda-accord/,https://www.carmans.net/2024-honda-accord/,200,,,2026-10-02T08:51:47+00:00,,ok,https://www.carmans.net/wp-content/uploads/pdf/2024-honda-accord.pdf
pdf,honda,honda/accord,2024,2024-honda-accord,https://www.carmans.net/2024-honda-accord/,https://www.carmans.net/wp-content/uploads/pdf/2024-honda-accord.pdf,200,20832370,23fc60a551d86e38bd058a9414daa53382015a52ceb05fecbca0392fe594935a,2026-10-02T08:51:51+00:00,manuals/honda/carmans/2024-honda-accord.pdf,ok,
page,honda,honda/civic,2015,2015-honda-civic,https://www.carmans.net/2015-honda-civic/,https://www.carmans.net/2015-honda-civic/,200,,,2026-10-02T08:51:55+00:00,,ok,https://www.carmans.net/wp-content/uploads/pdf/2015-honda-civic.pdf
pdf,honda,honda/civic,2015,2015-honda-civic,https://www.carmans.net/2015-honda-civic/,https://www.carmans.net/wp-content/uploads/pdf/2015-honda-civic.pdf,200,13980444,5d5b607d39c6f0b875e401b17e6b853341c27028d782ca28b90cd5f3a61ab9d9,2026-10-02T08:52:02+00:00,manuals/honda/carmans/2015-honda-civic.pdf,ok,
page,honda,honda/civic,2016,2016-honda-civic,https://www.carmans.net/2016-honda-civic/,https://www.carmans.net/2016-honda-civic/,200,,,2026-10-02T08:52:06+00:00,,ok,https://www.carmans.net/wp-content/uploads/pdf/2016-honda-civic.pdf
pdf,honda,honda/civic,2016,2016-honda-civic,https://www.carmans.net/2016-honda-civic/,https://www.carmans.net/wp-content/uploads/pdf/2016-honda-civic.pdf,200,22407311,6a90702d00addf50a6b53b60bb9ebd73a895cafb093f78397590ac4f152bdab6,2026-10-02T08:52:13+00:00,manuals/honda/carmans/2016-honda-civic.pdf,ok,
page,honda,honda/civic,2017,2017-honda-civic,https://www.carmans.net/2017-honda-civic/,https://www.carmans.net/2017-honda-civic/,200,,,2026-10-02T08:52:18+00:00,,ok,https://www.carmans.net/wp-content/uploads/pdf/2017-honda-civic.pdf
pdf,honda,honda/civic,2017,2017-honda-civic,https://www.carmans.net/2017-honda-civic/,https://www.carmans.net/wp-content/uploads/pdf/2017-honda-civic.pdf,200,26182937,936ffb327f7e3e6fd4352ffc42d2d3020cc5777390d38c2f3b73db3fca119d26,2026-10-02T08:52:24+00:00,manuals/honda/carmans/2017-honda-civic.pdf,ok,
page,honda,honda/civic,2022,2022-honda-civic,https://www.carmans.net/2022-honda-civic/,https://www.carmans.net/2022-honda-civic/,200,,,2026-10-02T08:52:29+00:00,,ok,https://www.carmans.net/wp-content/uploads/pdf/2022-honda-civic.pdf
pdf,honda,honda/civic,2022,2022-honda-civic,https://www.carmans.net/2022-honda-civic/,https://www.carmans.net/wp-content/uploads/pdf/2022-honda-civic.pdf,200,14661453,919a9ee588c3f2ab8c9e186f67411563ed09e4648165adc72e9e16ecd7133c28,2026-10-02T08:52:34+00:00,manuals/honda/carmans/2022-honda-civic.pdf,ok,
page,honda,honda/civic,2023,2023-honda-civic,https://www.carmans.net/2023-honda-civic/,https://www.carmans.net/2023-honda-civic/,200,,,2026-10-02T08:52:37+00:00,,ok,https://www.carmans.net/wp-content/uploads/pdf/2023-honda-civic.pdf
pdf,honda,honda/civic,2023,2023-honda-civic,https://www.carmans.net/2023-honda-civic/,https://www.carmans.net/wp-content/uploads/pdf/2023-honda-civic.pdf,200,14661453,919a9ee588c3f2ab8c9e186f67411563ed09e4648165adc72e9e16ecd7133c28,2026-10-02T08:52:43+00:00,manuals/honda/carmans/2023-honda-civic.pdf,ok,
page,honda,honda/civic,2024,2024-honda-civic,https://www.carmans.net/2024-honda-civic/,https://www.carmans.net/2024-honda-civic/,200,,,2026-10-02T08:52:46+00:00,,ok,https://www.carmans.net/wp-content/uploads/pdf/2024-honda-civic.pdf
pdf,honda,honda/civic,2024,2024-honda-civic,https://www.carmans.net/2024-honda-civic/,https://www.carmans.net/wp-content/uploads/pdf/2024-honda-civic.pdf,200,19742050,2839cc4c26977708f129b7fbd26d158cff6f73c9240cf415137d6ab157ca4a79,2026-10-02T08:52:52+00:00,manuals/honda/carmans/2024-honda-civic.pdf,ok,
page,honda,honda/cr-v,2014,2014-honda-cr-v,https://www.carmans.net/2014-honda-cr-v/,https://www.carmans.net/2014-honda-cr-v/,200,,,2026-10-02T08:52:56+00:00,,ok,https://www.carmans.net/wp-content/uploads/pdf/2014-honda-cr-v.pdf
pdf,honda,honda/cr-v,2014,2014-honda-cr-v,https://www.carmans.net/2014-honda-cr-v/,https://www.carmans.net/wp-content/uploads/pdf/2014-honda-cr-v.pdf,200,19288236,11f60d0d7648590651fbf73b20aa569580cc66cd5a70ed556806d72109ee0969,2026-10-02T08:53:02+00:00,manuals/honda/carmans/2014-honda-cr-v.pdf,ok,
page,honda,honda/cr-v,2015,2015-honda-cr-v,https://www.carmans.net/2015-honda-cr-v/,https://www.carmans.net/2015-honda-cr-v/,200,,,2026-10-02T08:53:05+00:00,,ok,https://www.carmans.net/wp-content/uploads/pdf/2015-honda-cr-v.pdf
pdf,honda,honda/cr-v,2015,2015-honda-cr-v,https://www.carmans.net/2015-honda-cr-v/,https://www.carmans.net/wp-content/uploads/pdf/2015-honda-cr-v.pdf,200,26029661,15745033fb326e9dc11d0bb044fc56653034f93c0ef53965665e0b8062003b4a,2026-10-02T08:53:13+00:00,manuals/honda/carmans/2015-honda-cr-v.pdf,ok,
page,honda,honda/cr-v,2015,2015-honda-crv,https://www.carmans.net/2015-honda-crv/,https://www.carmans.net/2015-honda-crv/,200,,,2026-10-02T08:53:16+00:00,,ok,https://www.carmans.net/wp-content/uploads/pdf/2015-honda-crv.pdf
pdf,honda,honda/cr-v,2015,2015-honda-crv,https://www.carmans.net/2015-honda-crv/,https://www.carmans.net/wp-content/uploads/pdf/2015-honda-crv.pdf,200,18575897,48ddd063da17e527e6fcc4c8998f0958a40a7dcca4b39b9d32d08d7f401a272f,2026-10-02T08:53:23+00:00,manuals/honda/carmans/2015-honda-crv.pdf,ok,
page,honda,honda/cr-v,2016,2016-honda-cr-v,https://www.carmans.net/2016-honda-cr-v/,https://www.carmans.net/2016-honda-cr-v/,200,,,2026-10-02T08:53:26+00:00,,ok,https://www.carmans.net/wp-content/uploads/pdf/2016-honda-cr-v.pdf
pdf,honda,honda/cr-v,2016,2016-honda-cr-v,https://www.carmans.net/2016-honda-cr-v/,https://www.carmans.net/wp-content/uploads/pdf/2016-honda-cr-v.pdf,200,21671827,791c6fd5a1759936eaacac9091b84505b889c3afee803bf6f00b02df315a66db,2026-10-02T08:53:32+00:00,manuals/honda/carmans/2016-honda-cr-v.pdf,ok,
page,honda,honda/cr-v,2016,2016-honda-crv,https://www.carmans.net/2016-honda-crv/,https://www.carmans.net/2016-honda-crv/,200,,,2026-10-02T08:53:37+00:00,,ok,https://www.carmans.net/wp-content/uploads/pdf/2016-honda-crv.pdf
pdf,honda,honda/cr-v,2016,2016-honda-crv,https://www.carmans.net/2016-honda-crv/,https://www.carmans.net/wp-content/uploads/pdf/2016-honda-crv.pdf,200,23106626,8fd3ec73b31b048216250f37f5fd56afd55931c077808afec6f0dfc4996f031d,2026-10-02T08:53:42+00:00,manuals/honda/carmans/2016-honda-crv.pdf,ok,
page,honda,honda/cr-v,2017,2017-honda-cr-v,https://www.carmans.net/2017-honda-cr-v/,https://www.carmans.net/2017-honda-cr-v/,200,,,2026-10-02T08:53:45+00:00,,ok,https://www.carmans.net/wp-content/uploads/pdf/2017-honda-cr-v.pdf
pdf,honda,honda/cr-v,2017,2017-honda-cr-v,https://www.carmans.net/2017-honda-cr-v/,https://www.carmans.net/wp-content/uploads/pdf/2017-honda-cr-v.pdf,200,35452910,c9699c70229272a25a0b5ac051a54018618c7d41424abdbc68d081aca6f29997,2026-10-02T08:53:51+00:00,manuals/honda/carmans/2017-honda-cr-v.pdf,ok,
page,honda,honda/cr-v,2017,2017-honda-crv,https://www.carmans.net/2017-honda-crv/,https://www.carmans.net/2017-honda-crv/,200,,,2026-10-02T08:53:55+00:00,,ok,https://www.carmans.net/wp-content/uploads/pdf/2017-honda-crv.pdf
pdf,honda,honda/cr-v,2017,2017-honda-crv,https://www.carmans.net/2017-honda-crv/,https://www.carmans.net/wp-content/uploads/pdf/2017-honda-crv.pdf,200,21139047,15b65c834b5ac2baa33ed5b7f93652895753b0eb6a66031282f9978833666d06,2026-10-02T08:54:05+00:00,manuals/honda/carmans/2017-honda-crv.pdf,ok,
page,honda,honda/cr-v,2018,2018-honda-cr-v,https://www.carmans.net/2018-honda-cr-v/,https://www.carmans.net/2018-honda-cr-v/,200,,,2026-10-02T08:54:08+00:00,,ok,https://www.carmans.net/wp-content/uploads/pdf/2018-honda-cr-v.pdf
pdf,honda,honda/cr-v,2018,2018-honda-cr-v,https://www.carmans.net/2018-honda-cr-v/,https://www.carmans.net/wp-content/uploads/pdf/2018-honda-cr-v.pdf,200,24348126,ae08d988e5cda6a8d9212bb6b715c866c4c33f412a4a05736f80936ecaa7961e,2026-10-02T08:54:13+00:00,manuals/honda/carmans/2018-honda-cr-v.pdf,ok,
page,honda,honda/cr-v,2018,2018-honda-crv,https://www.carmans.net/2018-honda-crv/,https://www.carmans.net/2018-honda-crv/,200,,,2026-10-02T08:54:18+00:00,,ok,https://www.carmans.net/wp-content/uploads/pdf/2018-honda-crv.pdf
pdf,honda,honda/cr-v,2018,2018-honda-crv,https://www.carmans.net/2018-honda-crv/,https://www.carmans.net/wp-content/uploads/pdf/2018-honda-crv.pdf,200,21610223,f75294cd53c7801b0bace6353c7684dfc2554af660f5bc85e0860219ae14283f,2026-10-02T08:54:24+00:00,manuals/honda/carmans/2018-honda-crv.pdf,ok,
page,honda,honda/cr-v,2019,2019-honda-cr-v,https://www.carmans.net/2019-honda-cr-v/,https://www.carmans.net/2019-honda-cr-v/,200,,,2026-10-02T08:54:28+00:00,,ok,https://www.carmans.net/wp-content/uploads/pdf/2019-honda-cr-v.pdf
pdf,honda,honda/cr-v,2019,2019-honda-cr-v,https://www.carmans.net/2019-honda-cr-v/,https://www.carmans.net/wp-content/uploads/pdf/2019-honda-cr-v.pdf,200,37763300,2bc09edc0d9316e4b6625c62e9e344b8c93512df670e4f77d9c6aee17e2509da,2026-10-02T08:54:35+00:00,manuals/honda/carmans/2019-honda-cr-v.pdf,ok,
page,honda,honda/cr-v,2020,2020-honda-cr-v-hybrid,https://www.carmans.net/2020-honda-cr-v-hybrid/,https://www.carmans.net/2020-honda-cr-v-hybrid/,200,,,2026-10-02T08:54:37+00:00,,ok,https://www.carmans.net/wp-content/uploads/pdf/2020-honda-cr-v-hybrid.pdf
pdf,honda,honda/cr-v,2020,2020-honda-cr-v-hybrid,https://www.carmans.net/2020-honda-cr-v-hybrid/,https://www.carmans.net/wp-content/uploads/pdf/2020-honda-cr-v-hybrid.pdf,200,43606217,3fd26fd0ad3b2ca28612b9cf569a22b35c2c7c4fa29e33367f078f077e789d6e,2026-10-02T08:54:45+00:00,manuals/honda/carmans/2020-honda-cr-v-hybrid.pdf,ok,
page,honda,honda/cr-v,2021,2021-honda-cr-v-hybrid,https://www.carmans.net/2021-honda-cr-v-hybrid/,https://www.carmans.net/2021-honda-cr-v-hybrid/,200,,,2026-10-02T08:54:49+00:00,,ok,https://www.carmans.net/wp-content/uploads/pdf/2021-honda-cr-v-hybrid.pdf
pdf,honda,honda/cr-v,2021,2021-honda-cr-v-hybrid,https://www.carmans.net/2021-honda-cr-v-hybrid/,https://www.carmans.net/wp-content/uploads/pdf/2021-honda-cr-v-hybrid.pdf,200,43606217,3fd26fd0ad3b2ca28612b9cf569a22b35c2c7c4fa29e33367f078f077e789d6e,2026-10-02T08:54:57+00:00,manuals/honda/carmans/2021-honda-cr-v-hybrid.pdf,ok,
page,honda,honda/cr-v,2021,2021-honda-crv,https://www.carmans.net/2021-honda-crv/,https://www.carmans.net/2021-honda-crv/,200,,,2026-10-02T08:55:01+00:00,,ok,https://www.carmans.net/wp-content/uploads/pdf/2021-honda-crv.pdf
pdf,honda,honda/cr-v,2021,2021-honda-crv,https://www.carmans.net/2021-honda-crv/,https://www.carmans.net/wp-content/uploads/pdf/2021-honda-crv.pdf,200,29447164,86b35de903e0829ed01169fe4d7a8c3f7dfa2ce672b234cd0e84abc4068659b3,2026-10-02T08:55:08+00:00,manuals/honda/carmans/2021-honda-crv.pdf,ok,
page,honda,honda/cr-v,2022,2022-honda-cr-v-hybrid,https://www.carmans.net/2022-honda-cr-v-hybrid/,https://www.carmans.net/2022-honda-cr-v-hybrid/,200,,,2026-10-02T08:55:12+00:00,,ok,https://www.carmans.net/wp-content/uploads/pdf/2022-honda-cr-v-hybrid.pdf
pdf,honda,honda/cr-v,2022,2022-honda-cr-v-hybrid,https://www.carmans.net/2022-honda-cr-v-hybrid/,https://www.carmans.net/wp-content/uploads/pdf/2022-honda-cr-v-hybrid.pdf,200,23624110,2f3c0e5d1efaa29735083626bbf95e917b5e1ea2792d561da496590e0abef8f2,2026-10-02T08:55:20+00:00,manuals/honda/carmans/2022-honda-cr-v-hybrid.pdf,ok,
page,honda,honda/cr-v,2022,2022-honda-crv,https://www.carmans.net/2022-honda-crv/,https://www.carmans.net/2022-honda-crv/,200,,,2026-10-02T08:55:23+00:00,,ok,https://www.carmans.net/wp-content/uploads/pdf/2022-honda-crv.pdf
pdf,honda,honda/cr-v,2022,2022-honda-crv,https://www.carmans.net/2022-honda-crv/,https://www.carmans.net/wp-content/uploads/pdf/2022-honda-crv.pdf,200,23120077,a01143fb128378f49d5879d8a96128e1a161dd67150071d81e9eca4704313876,2026-10-02T08:55:30+00:00,manuals/honda/carmans/2022-honda-crv.pdf,ok,
page,honda,honda/cr-v,2023,2023-honda-cr-v,https://www.carmans.net/2023-honda-cr-v/,https://www.carmans.net/2023-honda-cr-v/,200,,,2026-10-02T08:55:34+00:00,,ok,https://www.carmans.net/wp-content/uploads/pdf/2023-honda-cr-v.pdf
pdf,honda,honda/cr-v,2023,2023-honda-cr-v,https://www.carmans.net/2023-honda-cr-v/,https://www.carmans.net/wp-content/uploads/pdf/2023-honda-cr-v.pdf,200,23624110,2f3c0e5d1efaa29735083626bbf95e917b5e1ea2792d561da496590e0abef8f2,2026-10-02T08:55:40+00:00,manuals/honda/carmans/2023-honda-cr-v.pdf,ok,
page,honda,honda/cr-v,2023,2023-honda-cr-v-hybrid,https://www.carmans.net/2023-honda-cr-v-hybrid/,https://www.carmans.net/2023-honda-cr-v-hybrid/,200,,,2026-10-02T08:55:44+00:00,,ok,https://www.carmans.net/wp-content/uploads/pdf/2023-honda-cr-v-hybrid.pdf
pdf,honda,honda/cr-v,2023,2023-honda-cr-v-hybrid,https://www.carmans.net/2023-honda-cr-v-hybrid/,https://www.carmans.net/wp-content/uploads/pdf/2023-honda-cr-v-hybrid.pdf,200,23624110,2f3c0e5d1efaa29735083626bbf95e917b5e1ea2792d561da496590e0abef8f2,2026-10-02T08:55:51+00:00,manuals/honda/carmans/2023-honda-cr-v-hybrid.pdf,ok,
page,honda,honda/cr-v,2023,2023-honda-crv,https://www.carmans.net/2023-honda-crv/,https://www.carmans.net/2023-honda-crv/,200,,,2026-10-02T08:55:55+00:00,,ok,https://www.carmans.net/wp-content/uploads/pdf/2023-honda-crv.pdf
pdf,honda,honda/cr-v,2023,2023-honda-crv,https://www.carmans.net/2023-honda-crv/,https://www.carmans.net/wp-content/uploads/pdf/2023-honda-crv.pdf,200,14078275,31fb35ca29f371da31f899f68755eca8431a3a53c0d6d473434ab1a70a377a4e,2026-10-02T08:56:02+00:00,manuals/honda/carmans/2023-honda-crv.pdf,ok,
page,honda,honda/cr-v,2024,2024-honda-crv,https://www.carmans.net/2024-honda-crv/,https://www.carmans.net/2024-honda-crv/,200,,,2026-10-02T08:56:06+00:00,,ok,https://www.carmans.net/wp-content/uploads/pdf/2024-honda-crv.pdf
pdf,honda,honda/cr-v,2024,2024-honda-crv,https://www.carmans.net/2024-honda-crv/,https://www.carmans.net/wp-content/uploads/pdf/2024-honda-crv.pdf,200,17683649,e5b5881610e0f1a3fe5c6ba384faf3758067647806211411402c6f67b470cc9b,2026-10-02T08:56:12+00:00,manuals/honda/carmans/2024-honda-crv.pdf,ok,
page,honda,honda/cr-v,2025,2025-honda-cr-v,https://www.carmans.net/2025-honda-cr-v/,https://www.carmans.net/2025-honda-cr-v/,200,,,2026-10-02T08:56:16+00:00,,ok,https://www.carmans.net/wp-content/uploads/pdf/2025-honda-cr-v.pdf
pdf,honda,honda/cr-v,2025,2025-honda-cr-v,https://www.carmans.net/2025-honda-cr-v/,https://www.carmans.net/wp-content/uploads/pdf/2025-honda-cr-v.pdf,200,14810657,a4343197c1c6911fd3354bc48b42acd4df0c8a1f425b7342670254a6aa73b010,2026-10-02T08:56:23+00:00,manuals/honda/carmans/2025-honda-cr-v.pdf,ok,
page,honda,honda/cr-v,2026,2026-honda-cr-v,https://www.carmans.net/2026-honda-cr-v/,https://www.carmans.net/2026-honda-cr-v/,200,,,2026-10-02T08:56:27+00:00,,ok,https://www.carmans.net/wp-content/uploads/pdf/2026-honda-cr-v.pdf
pdf,honda,honda/cr-v,2026,2026-honda-cr-v,https://www.carmans.net/2026-honda-cr-v/,https://www.carmans.net/wp-content/uploads/pdf/2026-honda-cr-v.pdf,200,25109874,62e936130510e9136cdd12b0b3cddb5c1e0e24df0d34bf60af955483d867b36f,2026-10-02T08:56:35+00:00,manuals/honda/carmans/2026-honda-cr-v.pdf,ok,
page,nissan,nissan/altima,2014,2014-nissan-altima-sedan,https://www.carmans.net/2014-nissan-altima-sedan/,https://www.carmans.net/2014-nissan-altima-sedan/,200,,,2026-10-02T08:56:37+00:00,,ok,https://www.carmans.net/wp-content/uploads/pdf/2014-nissan-altima-sedan.pdf
pdf,nissan,nissan/altima,2014,2014-nissan-altima-sedan,https://www.carmans.net/2014-nissan-altima-sedan/,https://www.carmans.net/wp-content/uploads/pdf/2014-nissan-altima-sedan.pdf,200,4232073,8475c96bcecde2a0375f7490494a099a0f7f39d5313cf275f176fa82956274be,2026-10-02T08:56:42+00:00,manuals/nissan/carmans/2014-nissan-altima-sedan.pdf,ok,
page,nissan,nissan/altima,2015,2015-nissan-altima-sedan,https://www.carmans.net/2015-nissan-altima-sedan/,https://www.carmans.net/2015-nissan-altima-sedan/,200,,,2026-10-02T08:56:46+00:00,,ok,https://www.carmans.net/wp-content/uploads/pdf/2015-nissan-altima-sedan.pdf
pdf,nissan,nissan/altima,2015,2015-nissan-altima-sedan,https://www.carmans.net/2015-nissan-altima-sedan/,https://www.carmans.net/wp-content/uploads/pdf/2015-nissan-altima-sedan.pdf,200,4662332,f8df86889a4ec2d3c0ed225e2def7559283c396d92162119393ae7acf3414f75,2026-10-02T08:56:52+00:00,manuals/nissan/carmans/2015-nissan-altima-sedan.pdf,ok,
page,nissan,nissan/altima,2016,2016-nissan-altima-sedan,https://www.carmans.net/2016-nissan-altima-sedan/,https://www.carmans.net/2016-nissan-altima-sedan/,200,,,2026-10-02T08:56:56+00:00,,ok,https://www.carmans.net/wp-content/uploads/pdf/2016-nissan-altima-sedan.pdf
pdf,nissan,nissan/altima,2016,2016-nissan-altima-sedan,https://www.carmans.net/2016-nissan-altima-sedan/,https://www.carmans.net/wp-content/uploads/pdf/2016-nissan-altima-sedan.pdf,200,5534376,372b877b16b320b9e466b63e8bb96ee0625542b72a0c55d1450684fa1c7a652d,2026-10-02T08:57:01+00:00,manuals/nissan/carmans/2016-nissan-altima-sedan.pdf,ok,
page,nissan,nissan/altima,2017,2017-nissan-altima-sedan,https://www.carmans.net/2017-nissan-altima-sedan/,https://www.carmans.net/2017-nissan-altima-sedan/,200,,,2026-10-02T08:57:06+00:00,,ok,https://www.carmans.net/wp-content/uploads/pdf/2017-nissan-altima-sedan.pdf
pdf,nissan,nissan/altima,2017,2017-nissan-altima-sedan,https://www.carmans.net/2017-nissan-altima-sedan/,https://www.carmans.net/wp-content/uploads/pdf/2017-nissan-altima-sedan.pdf,200,5503824,d1ae8e264f3c9aabc9648f7ae13aa5732934d62142c356821168ad0e5cb1e44f,2026-10-02T08:57:12+00:00,manuals/nissan/carmans/2017-nissan-altima-sedan.pdf,ok,
page,nissan,nissan/altima,2018,2018-nissan-altima-sedan,https://www.carmans.net/2018-nissan-altima-sedan/,https://www.carmans.net/2018-nissan-altima-sedan/,200,,,2026-10-02T08:57:15+00:00,,ok,https://www.carmans.net/wp-content/uploads/pdf/2018-nissan-altima-sedan.pdf
pdf,nissan,nissan/altima,2018,2018-nissan-altima-sedan,https://www.carmans.net/2018-nissan-altima-sedan/,https://www.carmans.net/wp-content/uploads/pdf/2018-nissan-altima-sedan.pdf,200,5301412,ce1443acf1742a34e8412932336010a4d29ea640e945b3dcac04b668fd471520,2026-10-02T08:57:19+00:00,manuals/nissan/carmans/2018-nissan-altima-sedan.pdf,ok,
page,nissan,nissan/altima,2019,2019-nissan-altima-sedan,https://www.carmans.net/2019-nissan-altima-sedan/,https://www.carmans.net/2019-nissan-altima-sedan/,200,,,2026-10-02T08:57:21+00:00,,ok,https://www.carmans.net/wp-content/uploads/pdf/2019-nissan-altima-sedan.pdf
pdf,nissan,nissan/altima,2019,2019-nissan-altima-sedan,https://www.carmans.net/2019-nissan-altima-sedan/,https://www.carmans.net/wp-content/uploads/pdf/2019-nissan-altima-sedan.pdf,200,7284068,51c074132625f50fb93a549411c7515377e86dd5a6f7bed8a21c710d3b0d341a,2026-10-02T08:57:27+00:00,manuals/nissan/carmans/2019-nissan-altima-sedan.pdf,ok,
page,nissan,nissan/altima,2020,2020-nissan-altima,https://www.carmans.net/2020-nissan-altima/,https://www.carmans.net/2020-nissan-altima/,200,,,2026-10-02T08:57:30+00:00,,ok,https://www.carmans.net/wp-content/uploads/pdf/2020-nissan altima.pdf
pdf,nissan,nissan/altima,2020,2020-nissan-altima,https://www.carmans.net/2020-nissan-altima/,https://www.carmans.net/wp-content/uploads/pdf/2020-nissan altima.pdf,200,6564596,bb859449bf03695f600b49c9ef5a63a7bdbc545b47f5657c9bab88c89f7c54f9,2026-10-02T08:57:36+00:00,manuals/nissan/carmans/2020-nissan-altima.pdf,ok,
page,nissan,nissan/altima,2021,2021-nissan-altima,https://www.carmans.net/2021-nissan-altima/,https://www.carmans.net/2021-nissan-altima/,200,,,2026-10-02T08:57:41+00:00,,ok,https://www.carmans.net/wp-content/uploads/pdf/2021-nissan altima.pdf
pdf,nissan,nissan/altima,2021,2021-nissan-altima,https://www.carmans.net/2021-nissan-altima/,https://www.carmans.net/wp-content/uploads/pdf/2021-nissan altima.pdf,200,6564596,bb859449bf03695f600b49c9ef5a63a7bdbc545b47f5657c9bab88c89f7c54f9,2026-10-02T08:57:46+00:00,manuals/nissan/carmans/2021-nissan-altima.pdf,ok,
page,nissan,nissan/altima,2022,2022-nissan-altima,https://www.carmans.net/2022-nissan-altima/,https://www.carmans.net/2022-nissan-altima/,200,,,2026-10-02T08:57:49+00:00,,ok,https://www.carmans.net/wp-content/uploads/pdf/2022-nissan altima.pdf
pdf,nissan,nissan/altima,2022,2022-nissan-altima,https://www.carmans.net/2022-nissan-altima/,https://www.carmans.net/wp-content/uploads/pdf/2022-nissan altima.pdf,200,6564596,bb859449bf03695f600b49c9ef5a63a7bdbc545b47f5657c9bab88c89f7c54f9,2026-10-02T08:57:54+00:00,manuals/nissan/carmans/2022-nissan-altima.pdf,ok,
page,nissan,nissan/altima,2023,2023-nissan-altima,https://www.carmans.net/2023-nissan-altima/,https://www.carmans.net/2023-nissan-altima/,200,,,2026-10-02T08:57:56+00:00,,ok,https://www.carmans.net/wp-content/uploads/pdf/2023-nissan altima.pdf
pdf,nissan,nissan/altima,2023,2023-nissan-altima,https://www.carmans.net/2023-nissan-altima/,https://www.carmans.net/wp-content/uploads/pdf/2023-nissan altima.pdf,200,4065823,ecfe2a3f8370f5d3bb13d8ec88293bb04bfb029706f6c5f6766537425639eabe,2026-10-02T08:58:00+00:00,manuals/nissan/carmans/2023-nissan-altima.pdf,ok,
page,nissan,nissan/pathfinder,2014,2014-nissan-pathfinder,https://www.carmans.net/2014-nissan-pathfinder/,https://www.carmans.net/2014-nissan-pathfinder/,200,,,2026-10-02T08:58:04+00:00,,ok,https://www.carmans.net/wp-content/uploads/pdf/2014-nissan-pathfinder.pdf
pdf,nissan,nissan/pathfinder,2014,2014-nissan-pathfinder,https://www.carmans.net/2014-nissan-pathfinder/,https://www.carmans.net/wp-content/uploads/pdf/2014-nissan-pathfinder.pdf,200,4616117,94b3a22a20773983bbb513817278ffa18b1dedb0f8068c39c7587b2261564bc1,2026-10-02T08:58:08+00:00,manuals/nissan/carmans/2014-nissan-pathfinder.pdf,ok,
page,nissan,nissan/pathfinder,2015,2015-nissan-pathfinder,https://www.carmans.net/2015-nissan-pathfinder/,https://www.carmans.net/2015-nissan-pathfinder/,200,,,2026-10-02T08:58:12+00:00,,ok,https://www.carmans.net/wp-content/uploads/pdf/2015-nissan-pathfinder.pdf
pdf,nissan,nissan/pathfinder,2015,2015-nissan-pathfinder,https://www.carmans.net/2015-nissan-pathfinder/,https://www.carmans.net/wp-content/uploads/pdf/2015-nissan-pathfinder.pdf,200,4782901,b8cc4c464660badc9af38be3540740cd7fe4f050235282249cfee9ae9810b10c,2026-10-02T08:58:17+00:00,manuals/nissan/carmans/2015-nissan-pathfinder.pdf,ok,
page,nissan,nissan/pathfinder,2016,2016-nissan-pathfinder,https://www.carmans.net/2016-nissan-pathfinder/,https://www.carmans.net/2016-nissan-pathfinder/,200,,,2026-10-02T08:58:22+00:00,,ok,https://www.carmans.net/wp-content/uploads/pdf/2016-nissan-pathfinder.pdf
pdf,nissan,nissan/pathfinder,2016,2016-nissan-pathfinder,https://www.carmans.net/2016-nissan-pathfinder/,https://www.carmans.net/wp-content/uploads/pdf/2016-nissan-pathfinder.pdf,200,5501274,af537c295cacbe82186aaf9f7f25dbad8b5cdedc9c53597618bcedb1d8b97334,2026-10-02T08:58:27+00:00,manuals/nissan/carmans/2016-nissan-pathfinder.pdf,ok,
page,nissan,nissan/pathfinder,2017,2017-nissan-pathfinder,https://www.carmans.net/2017-nissan-pathfinder/,https://www.carmans.net/2017-nissan-pathfinder/,200,,,2026-10-02T08:58:31+00:00,,ok,https://www.carmans.net/wp-content/uploads/pdf/2017-nissan-pathfinder.pdf
pdf,nissan,nissan/pathfinder,2017,2017-nissan-pathfinder,https://www.carmans.net/2017-nissan-pathfinder/,https://www.carmans.net/wp-content/uploads/pdf/2017-nissan-pathfinder.pdf,200,6361739,7f61f9e18ee6a89bc09e6a1fcea605004a75f2b9d5e6b2ce581bdf1f4c0acbcd,2026-10-02T08:58:35+00:00,manuals/nissan/carmans/2017-nissan-pathfinder.pdf,ok,
page,nissan,nissan/pathfinder,2018,2018-nissan-pathfinder,https://www.carmans.net/2018-nissan-pathfinder/,https://www.carmans.net/2018-nissan-pathfinder/,200,,,2026-10-02T08:58:40+00:00,,ok,https://www.carmans.net/wp-content/uploads/pdf/2018-nissan-pathfinder.pdf
pdf,nissan,nissan/pathfinder,2018,2018-nissan-pathfinder,https://www.carmans.net/2018-nissan-pathfinder/,https://www.carmans.net/wp-content/uploads/pdf/2018-nissan-pathfinder.pdf,200,5220290,90d8e57a411133fd0460bad60798365c97c09254cedeae06c664dcec2131c4df,2026-10-02T08:58:43+00:00,manuals/nissan/carmans/2018-nissan-pathfinder.pdf,ok,
page,nissan,nissan/pathfinder,2019,2019-nissan-pathfinder,https://www.carmans.net/2019-nissan-pathfinder/,https://www.carmans.net/2019-nissan-pathfinder/,200,,,2026-10-02T08:58:46+00:00,,ok,https://www.carmans.net/wp-content/uploads/pdf/2019-nissan-pathfinder.pdf
pdf,nissan,nissan/pathfinder,2019,2019-nissan-pathfinder,https://www.carmans.net/2019-nissan-pathfinder/,https://www.carmans.net/wp-content/uploads/pdf/2019-nissan-pathfinder.pdf,200,5346843,545a4a90d177ad34d1f28fd3f4b7b075a72cc9ff02eae94a10a271da22fa8de0,2026-10-02T08:58:52+00:00,manuals/nissan/carmans/2019-nissan-pathfinder.pdf,ok,
page,nissan,nissan/pathfinder,2020,2020-nissan-pathfinder,https://www.carmans.net/2020-nissan-pathfinder/,https://www.carmans.net/2020-nissan-pathfinder/,200,,,2026-10-02T08:58:56+00:00,,ok,https://www.carmans.net/wp-content/uploads/pdf/2020-nissan-pathfinder.pdf
pdf,nissan,nissan/pathfinder,2020,2020-nissan-pathfinder,https://www.carmans.net/2020-nissan-pathfinder/,https://www.carmans.net/wp-content/uploads/pdf/2020-nissan-pathfinder.pdf,200,5522587,29342c1fc542303e1f564a0b902f5cec2784aae485d09ebfb568a777eaf38d3e,2026-10-02T08:59:02+00:00,manuals/nissan/carmans/2020-nissan-pathfinder.pdf,ok,
page,nissan,nissan/pathfinder,2021,2021-nissan-pathfinder,https://www.carmans.net/2021-nissan-pathfinder/,https://www.carmans.net/2021-nissan-pathfinder/,200,,,2026-10-02T08:59:04+00:00,,ok,https://www.carmans.net/wp-content/uploads/pdf/2021-nissan-pathfinder.pdf
pdf,nissan,nissan/pathfinder,2021,2021-nissan-pathfinder,https://www.carmans.net/2021-nissan-pathfinder/,https://www.carmans.net/wp-content/uploads/pdf/2021-nissan-pathfinder.pdf,200,5588375,ef7343394ec6c27fea3877061c518cf41f3e8892227a74b7e2a247b3d1a3d48e,2026-10-02T08:59:09+00:00,manuals/nissan/carmans/2021-nissan-pathfinder.pdf,ok,
page,nissan,nissan/pathfinder,2022,2022-nissan-pathfinder,https://www.carmans.net/2022-nissan-pathfinder/,https://www.carmans.net/2022-nissan-pathfinder/,200,,,2026-10-02T08:59:12+00:00,,ok,https://www.carmans.net/wp-content/uploads/pdf/2022-nissan-pathfinder.pdf
pdf,nissan,nissan/pathfinder,2022,2022-nissan-pathfinder,https://www.carmans.net/2022-nissan-pathfinder/,https://www.carmans.net/wp-content/uploads/pdf/2022-nissan-pathfinder.pdf,200,4969372,dce737bca24ca7553adb13cfb967feb6064bbeee111f56bb68a480fc43ff171d,2026-10-02T08:59:19+00:00,manuals/nissan/carmans/2022-nissan-pathfinder.pdf,ok,
page,nissan,nissan/pathfinder,2023,2023-nissan-pathfinder,https://www.carmans.net/2023-nissan-pathfinder/,https://www.carmans.net/2023-nissan-pathfinder/,200,,,2026-10-02T08:59:22+00:00,,ok,https://www.carmans.net/wp-content/uploads/pdf/2023-nissan-pathfinder.pdf
pdf,nissan,nissan/pathfinder,2023,2023-nissan-pathfinder,https://www.carmans.net/2023-nissan-pathfinder/,https://www.carmans.net/wp-content/uploads/pdf/2023-nissan-pathfinder.pdf,200,4603197,668defacaadf6b93c60fa90be9d9b8eacd73a939011105d6a34f4e168aab2385,2026-10-02T08:59:27+00:00,manuals/nissan/carmans/2023-nissan-pathfinder.pdf,ok,
page,nissan,nissan/rogue,2014,2014-nissan-rogue,https://www.carmans.net/2014-nissan-rogue/,https://www.carmans.net/2014-nissan-rogue/,200,,,2026-10-02T08:59:32+00:00,,ok,https://www.carmans.net/wp-content/uploads/pdf/2014-nissan-rogue.pdf
pdf,nissan,nissan/rogue,2014,2014-nissan-rogue,https://www.carmans.net/2014-nissan-rogue/,https://www.carmans.net/wp-content/uploads/pdf/2014-nissan-rogue.pdf,200,5444662,2b8eaaf476790f62456368484fafb21202c7aa2082a0e1f536ee47bcfa82a6e7,2026-10-02T08:59:36+00:00,manuals/nissan/carmans/2014-nissan-rogue.pdf,ok,
page,nissan,nissan/rogue,2014,2014-nissan-rogue-select,https://www.carmans.net/2014-nissan-rogue-select/,https://www.carmans.net/2014-nissan-rogue-select/,200,,,2026-10-02T08:59:39+00:00,,ok,https://www.carmans.net/wp-content/uploads/pdf/2014-nissan-rogue-select.pdf
pdf,nissan,nissan/rogue,2014,2014-nissan-rogue-select,https://www.carmans.net/2014-nissan-rogue-select/,https://www.carmans.net/wp-content/uploads/pdf/2014-nissan-rogue-select.pdf,200,3194984,9979a4b892cd41a844d9ff2f76d23b69c36335deeb0af1e09fb6cfb67f0bf40d,2026-10-02T08:59:43+00:00,manuals/nissan/carmans/2014-nissan-rogue-select.pdf,ok,
page,nissan,nissan/rogue,2015,2015-nissan-rogue,https://www.carmans.net/2015-nissan-rogue/,https://www.carmans.net/2015-nissan-rogue/,200,,,2026-10-02T08:59:47+00:00,,ok,https://www.carmans.net/wp-content/uploads/pdf/2015-nissan-rogue.pdf
pdf,nissan,nissan/rogue,2015,2015-nissan-rogue,https://www.carmans.net/2015-nissan-rogue/,https://www.carmans.net/wp-content/uploads/pdf/2015-nissan-rogue.pdf,200,4874785,c95702df069e520b91fc70b9b15e893ca05172701e6d76b180e639bab5a64d95,2026-10-02T08:59:53+00:00,manuals/nissan/carmans/2015-nissan-rogue.pdf,ok,
page,nissan,nissan/rogue,2015,2015-nissan-rogue-select,https://www.carmans.net/2015-nissan-rogue-select/,https://www.carmans.net/2015-nissan-rogue-select/,200,,,2026-10-02T08:59:57+00:00,,ok,https://www.carmans.net/wp-content/uploads/pdf/2015-nissan-rogue-select.pdf
pdf,nissan,nissan/rogue,2015,2015-nissan-rogue-select,https://www.carmans.net/2015-nissan-rogue-select/,https://www.carmans.net/wp-content/uploads/pdf/2015-nissan-rogue-select.pdf,200,2320922,053975d6a3f18d23c4c46850b132066e98e5662882776d67d5e610c4c9f23651,2026-10-02T09:00:02+00:00,manuals/nissan/carmans/2015-nissan-rogue-select.pdf,ok,
page,nissan,nissan/rogue,2016,2016-nissan-rogue,https://www.carmans.net/2016-nissan-rogue/,https://www.carmans.net/2016-nissan-rogue/,200,,,2026-10-02T09:00:07+00:00,,ok,https://www.carmans.net/wp-content/uploads/pdf/2016-nissan-rogue.pdf
pdf,nissan,nissan/rogue,2016,2016-nissan-rogue,https://www.carmans.net/2016-nissan-rogue/,https://www.carmans.net/wp-content/uploads/pdf/2016-nissan-rogue.pdf,200,5520203,ee76c139fbcfc4ad5cbf92be1f2ac2498fcad9e2472b96d27ecee43a8c1b1d31,2026-10-02T09:00:11+00:00,manuals/nissan/carmans/2016-nissan-rogue.pdf,ok,
page,nissan,nissan/rogue,2017,2017-nissan-rogue,https://www.carmans.net/2017-nissan-rogue/,https://www.carmans.net/2017-nissan-rogue/,200,,,2026-10-02T09:00:15+00:00,,ok,https://www.carmans.net/wp-content/uploads/pdf/2017-nissan-rogue.pdf
pdf,nissan,nissan/rogue,2017,2017-nissan-rogue,https://www.carmans.net/2017-nissan-rogue/,https://www.carmans.net/wp-content/uploads/pdf/2017-nissan-rogue.pdf,200,6218938,f0b4eea88786439931801db96fe6ae14f14fd38250d87d2cbacf44ae32714725,2026-10-02T09:00:20+00:00,manuals/nissan/carmans/2017-nissan-rogue.pdf,ok,
page,nissan,nissan/rogue,2017,2017-nissan-rogue-hybrid,https://www.carmans.net/2017-nissan-rogue-hybrid/,https://www.carmans.net/2017-nissan-rogue-hybrid/,200,,,2026-10-02T09:00:25+00:00,,ok,https://www.carmans.net/wp-content/uploads/pdf/2017-nissan-rogue-hybrid.pdf
pdf,nissan,nissan/rogue,2017,2017-nissan-rogue-hybrid,https://www.carmans.net/2017-nissan-rogue-hybrid/,https://www.carmans.net/wp-content/uploads/pdf/2017-nissan-rogue-hybrid.pdf,200,5838414,782524e0e0370501fbb29110e016437929d3b39bc2feab89fbbd22974b336196,2026-10-02T09:00:31+00:00,manuals/nissan/carmans/2017-nissan-rogue-hybrid.pdf,ok,
page,nissan,nissan/rogue,2018,2018-nissan-rogue,https://www.carmans.net/2018-nissan-rogue/,https://www.carmans.net/2018-nissan-rogue/,200,,,2026-10-02T09:00:35+00:00,,ok,https://www.carmans.net/wp-content/uploads/pdf/2018-nissan-rogue.pdf
pdf,nissan,nissan/rogue,2018,2018-nissan-rogue,https://www.carmans.net/2018-nissan-rogue/,https://www.carmans.net/wp-content/uploads/pdf/2018-nissan-rogue.pdf,200,6577539,b231afb083dcae07d4531dd19fadd45c59af9f6cce1c3dd1881e3d549a434c9f,2026-10-02T09:00:39+00:00,manuals/nissan/carmans/2018-nissan-rogue.pdf,ok,
page,nissan,nissan/rogue,2018,2018-nissan-rogue-hybrid,https://www.carmans.net/2018-nissan-rogue-hybrid/,https://www.carmans.net/2018-nissan-rogue-hybrid/,200,,,2026-10-02T09:00:43+00:00,,ok,https://www.carmans.net/wp-content/uploads/pdf/2018-nissan-rogue-hybrid.pdf
pdf,nissan,nissan/rogue,2018,2018-nissan-rogue-hybrid,https://www.carmans.net/2018-nissan-rogue-hybrid/,https://www.carmans.net/wp-content/uploads/pdf/2018-nissan-rogue-hybrid.pdf,200,11854659,8274c67ce338abb28447b404b495f34337ea95c46a76bde31dd4a5dababe106d,2026-10-02T09:00:49+00:00,manuals/nissan/carmans/2018-nissan-rogue-hybrid.pdf,ok,
page,nissan,nissan/rogue,2019,2019-nissan-rogue,https://www.carmans.net/2019-nissan-rogue/,https://www.carmans.net/2019-nissan-rogue/,200,,,2026-10-02T09:00:52+00:00,,ok,https://www.carmans.net/wp-content/uploads/pdf/2019-nissan-rogue.pdf
pdf,nissan,nissan/rogue,2019,2019-nissan-rogue,https://www.carmans.net/2019-nissan-rogue/,https://www.carmans.net/wp-content/uploads/pdf/2019-nissan-rogue.pdf,200,6522607,472e9af5dea4fdd2ab711d07932dc1447974ea6ba9d44306b54afc8a68fd9f2c,2026-10-02T09:00:58+00:00,manuals/nissan/carmans/2019-nissan-rogue.pdf,ok,
page,nissan,nissan/rogue,2019,2019-nissan-rogue-hybrid,https://www.carmans.net/2019-nissan-rogue-hybrid/,https://www.carmans.net/2019-nissan-rogue-hybrid/,200,,,2026-10-02T09:01:02+00:00,,ok,https://www.carmans.net/wp-content/uploads/pdf/2019-nissan-rogue-hybrid.pdf
pdf,nissan,nissan/rogue,2019,2019-nissan-rogue-hybrid,https://www.carmans.net/2019-nissan-rogue-hybrid/,https://www.carmans.net/wp-content/uploads/pdf/2019-nissan-rogue-hybrid.pdf,200,6438286,601d2cf4dddf2965a4790dd5889f61f2bb4bac211c8bff713ed7ac3ee0cb301c,2026-10-02T09:01:09+00:00,manuals/nissan/carmans/2019-nissan-rogue-hybrid.pdf,ok,
page,nissan,nissan/rogue,2020,2020-nissan-rogue,https://www.carmans.net/2020-nissan-rogue/,https://www.carmans.net/2020-nissan-rogue/,200,,,2026-10-02T09:01:13+00:00,,ok,https://www.carmans.net/wp-content/uploads/pdf/2020-nissan-rogue.pdf
pdf,nissan,nissan/rogue,2020,2020-nissan-rogue,https://www.carmans.net/2020-nissan-rogue/,https://www.carmans.net/wp-content/uploads/pdf/2020-nissan-rogue.pdf,200,6883204,be08ebf11c05c6971b373de5c34c69350d3b2ce876fc6d974b50d937257ded84,2026-10-02T09:01:17+00:00,manuals/nissan/carmans/2020-nissan-rogue.pdf,ok,
page,nissan,nissan/rogue,2021,2021-nissan-rogue,https://www.carmans.net/2021-nissan-rogue/,https://www.carmans.net/2021-nissan-rogue/,200,,,2026-10-02T09:01:22+00:00,,ok,https://www.carmans.net/wp-content/uploads/pdf/2021-nissan-rogue.pdf
pdf,nissan,nissan/rogue,2021,2021-nissan-rogue,https://www.carmans.net/2021-nissan-rogue/,https://www.carmans.net/wp-content/uploads/pdf/2021-nissan-rogue.pdf,200,2495289,83be43976aa04d7e480afb335b34a9034b02a1bbc098c4c227735581b947364a,2026-10-02T09:01:26+00:00,manuals/nissan/carmans/2021-nissan-rogue.pdf,ok,
page,nissan,nissan/rogue,2022,2022-nissan-rogue,https://www.carmans.net/2022-nissan-rogue/,https://www.carmans.net/2022-nissan-rogue/,200,,,2026-10-02T09:01:29+00:00,,ok,https://www.carmans.net/wp-content/uploads/pdf/2022-nissan-rogue.pdf
pdf,nissan,nissan/rogue,2022,2022-nissan-rogue,https://www.carmans.net/2022-nissan-rogue/,https://www.carmans.net/wp-content/uploads/pdf/2022-nissan-rogue.pdf,200,2830298,dd12c73e997790f4c9eeb322db378dab15b7d685ef9c07646c3f1ab663f2620b,2026-10-02T09:01:33+00:00,manuals/nissan/carmans/2022-nissan-rogue.pdf,ok,
page,nissan,nissan/rogue,2023,2023-nissan-rogue,https://www.carmans.net/2023-nissan-rogue/,https://www.carmans.net/2023-nissan-rogue/,200,,,2026-10-02T09:01:37+00:00,,ok,https://www.carmans.net/wp-content/uploads/pdf/2023-nissan-rogue.pdf
pdf,nissan,nissan/rogue,2023,2023-nissan-rogue,https://www.carmans.net/2023-nissan-rogue/,https://www.carmans.net/wp-content/uploads/pdf/2023-nissan-rogue.pdf,200,2707590,d6d1b643d2a524b32c514eca5a5c19e5bac96c9e27b42c434fe84abbb3653780,2026-10-02T09:01:41+00:00,manuals/nissan/carmans/2023-nissan-rogue.pdf,ok,
page,nissan,nissan/rogue,2024,2024-nissan-rogue,https://www.carmans.net/2024-nissan-rogue/,https://www.carmans.net/2024-nissan-rogue/,200,,,2026-10-02T09:01:44+00:00,,ok,https://www.carmans.net/wp-content/uploads/pdf/2024-nissan-rogue.pdf
pdf,nissan,nissan/rogue,2024,2024-nissan-rogue,https://www.carmans.net/2024-nissan-rogue/,https://www.carmans.net/wp-content/uploads/pdf/2024-nissan-rogue.pdf,200,2908216,c06e7a8345c106cb235eefef063bee5c9a69e360571f5553cff3c65bfd91cc70,2026-10-02T09:01:49+00:00,manuals/nissan/carmans/2024-nissan-rogue.pdf,ok,
page,nissan,nissan/rogue,2026,2026-nissan-rogue,https://www.carmans.net/2026-nissan-rogue/,https://www.carmans.net/2026-nissan-rogue/,200,,,2026-10-02T09:01:54+00:00,,ok,https://www.carmans.net/wp-content/uploads/pdf/2026-nissan-rogue.pdf
pdf,nissan,nissan/rogue,2026,2026-nissan-rogue,https://www.carmans.net/2026-nissan-rogue/,https://www.carmans.net/wp-content/uploads/pdf/2026-nissan-rogue.pdf,200,3094584,50cf4353ff7881d6008375c8dc1ec7de28566b49de5e0f6e5f3203a0c3ebab65,2026-10-02T09:02:01+00:00,manuals/nissan/carmans/2026-nissan-rogue.pdf,ok,
page,nissan,nissan/sentra,2016,2016-nissan-sentra,https://www.carmans.net/2016-nissan-sentra/,https://www.carmans.net/2016-nissan-sentra/,200,,,2026-10-02T09:02:04+00:00,,ok,https://www.carmans.net/wp-content/uploads/pdf/2016-nissan-sentra.pdf
pdf,nissan,nissan/sentra,2016,2016-nissan-sentra,https://www.carmans.net/2016-nissan-sentra/,https://www.carmans.net/wp-content/uploads/pdf/2016-nissan-sentra.pdf,200,5456351,bf6d9454664ece1d0a88def907ee8e20fdc025aea7d4069ff47dd31f2625bf21,2026-10-02T09:02:08+00:00,manuals/nissan/carmans/2016-nissan-sentra.pdf,ok,
page,nissan,nissan/sentra,2017,2017-nissan-sentra,https://www.carmans.net/2017-nissan-sentra/,https://www.carmans.net/2017-nissan-sentra/,200,,,2026-10-02T09:02:12+00:00,,ok,https://www.carmans.net/wp-content/uploads/pdf/2017-nissan-sentra.pdf
pdf,nissan,nissan/sentra,2017,2017-nissan-sentra,https://www.carmans.net/2017-nissan-sentra/,https://www.carmans.net/wp-content/uploads/pdf/2017-nissan-sentra.pdf,200,5728151,ccda0ac4f40d3f4307df3e7dd2e8dbceb91ceacb55ef15adaac54b6c3bcd1401,2026-10-02T09:02:18+00:00,manuals/nissan/carmans/2017-nissan-sentra.pdf,ok,
page,nissan,nissan/sentra,2018,2018-nissan-sentra,https://www.carmans.net/2018-nissan-sentra/,https://www.carmans.net/2018-nissan-sentra/,200,,,2026-10-02T09:02:20+00:00,,ok,https://www.carmans.net/wp-content/uploads/pdf/2018-nissan-sentra.pdf
pdf,nissan,nissan/sentra,2018,2018-nissan-sentra,https://www.carmans.net/2018-nissan-sentra/,https://www.carmans.net/wp-content/uploads/pdf/2018-nissan-sentra.pdf,200,5963435,b9f3dbd965e8591c08ee18d3c3634ca09b573e4789856a0ebc3a6020aab6b820,2026-10-02T09:02:25+00:00,manuals/nissan/carmans/2018-nissan-sentra.pdf,ok,
page,nissan,nissan/sentra,2019,2019-nissan-sentra,https://www.carmans.net/2019-nissan-sentra/,https://www.carmans.net/2019-nissan-sentra/,200,,,2026-10-02T09:02:30+00:00,,ok,https://www.carmans.net/wp-content/uploads/pdf/2019-nissan-sentra.pdf
pdf,nissan,nissan/sentra,2019,2019-nissan-sentra,https://www.carmans.net/2019-nissan-sentra/,https://www.carmans.net/wp-content/uploads/pdf/2019-nissan-sentra.pdf,200,5477730,1356233e3de6b790dede704a6eee04b6d3c597d38396609b15a62d4c2b8b8783,2026-10-02T09:02:36+00:00,manuals/nissan/carmans/2019-nissan-sentra.pdf,ok,
page,nissan,nissan/sentra,2020,2020-nissan-sentra,https://www.carmans.net/2020-nissan-sentra/,https://www.carmans.net/2020-nissan-sentra/,200,,,2026-10-02T09:02:40+00:00,,ok,https://www.carmans.net/wp-content/uploads/pdf/2020-nissan-sentra.pdf
pdf,nissan,nissan/sentra,2020,2020-nissan-sentra,https://www.carmans.net/2020-nissan-sentra/,https://www.carmans.net/wp-content/uploads/pdf/2020-nissan-sentra.pdf,200,3676961,10986cedae5933d957c9a4fb834e2fff694474e2dbd8d35b43410b032f49f87d,2026-10-02T09:02:46+00:00,manuals/nissan/carmans/2020-nissan-sentra.pdf,ok,
page,nissan,nissan/sentra,2021,2021-nissan-sentra,https://www.carmans.net/2021-nissan-sentra/,https://www.carmans.net/2021-nissan-sentra/,200,,,2026-10-02T09:02:48+00:00,,ok,https://www.carmans.net/wp-content/uploads/pdf/2021-nissan-sentra.pdf
pdf,nissan,nissan/sentra,2021,2021-nissan-sentra,https://www.carmans.net/2021-nissan-sentra/,https://www.carmans.net/wp-content/uploads/pdf/2021-nissan-sentra.pdf,200,3751643,bc543c4fc60023190f51ee1a4f4b089965ff45e72b9c06d825ac7f6a0f2684be,2026-10-02T09:02:52+00:00,manuals/nissan/carmans/2021-nissan-sentra.pdf,ok,
page,nissan,nissan/sentra,2022,2022-nissan-sentra,https://www.carmans.net/2022-nissan-sentra/,https://www.carmans.net/2022-nissan-sentra/,200,,,2026-10-02T09:02:56+00:00,,ok,https://www.carmans.net/wp-content/uploads/pdf/2022-nissan-sentra.pdf
pdf,nissan,nissan/sentra,2022,2022-nissan-sentra,https://www.carmans.net/2022-nissan-sentra/,https://www.carmans.net/wp-content/uploads/pdf/2022-nissan-sentra.pdf,200,6191228,168fbd299b5f9e9f00c17016befeec03b047e6e3069f884bb0574bf6ae1e7014,2026-10-02T09:03:03+00:00,manuals/nissan/carmans/2022-nissan-sentra.pdf,ok,
page,nissan,nissan/sentra,2023,2023-nissan-sentra,https://www.carmans.net/2023-nissan-sentra/,https://www.carmans.net/2023-nissan-sentra/,200,,,2026-10-02T09:03:06+00:00,,ok,https://www.carmans.net/wp-content/uploads/pdf/2023-nissan-sentra.pdf
pdf,nissan,nissan/sentra,2023,2023-nissan-sentra,https://www.carmans.net/2023-nissan-sentra/,https://www.carmans.net/wp-content/uploads/pdf/2023-nissan-sentra.pdf,200,6191228,168fbd299b5f9e9f00c17016befeec03b047e6e3069f884bb0574bf6ae1e7014,2026-10-02T09:03:12+00:00,manuals/nissan/carmans/2023-nissan-sentra.pdf,ok,
page,cadillac,cadillac/cts,2014,2014-cadillac-cts,https://www.carmans.net/2014-cadillac-cts/,https://www.carmans.net/2014-cadillac-cts/,200,,,2026-10-02T09:03:16+00:00,,ok,https://www.carmans.net/wp-content/uploads/pdf/2014-cadillac-cts.pdf
pdf,cadillac,cadillac/cts,2014,2014-cadillac-cts,https://www.carmans.net/2014-cadillac-cts/,https://www.carmans.net/wp-content/uploads/pdf/2014-cadillac-cts.pdf,200,4488042,45f9e9ce4d13bc2213bdb942aac537850ec39ff44398540e28960d52be2a9edf,2026-10-02T09:03:22+00:00,manuals/cadillac/carmans/2014-cadillac-cts.pdf,ok,
page,cadillac,cadillac/cts,2015,2015-cadillac-cts,https://www.carmans.net/2015-cadillac-cts/,https://www.carmans.net/2015-cadillac-cts/,200,,,2026-10-02T09:03:27+00:00,,ok,https://www.carmans.net/wp-content/uploads/pdf/2015-cadillac-cts.pdf
pdf,cadillac,cadillac/cts,2015,2015-cadillac-cts,https://www.carmans.net/2015-cadillac-cts/,https://www.carmans.net/wp-content/uploads/pdf/2015-cadillac-cts.pdf,200,4354677,8634aecd08c6d03eef7c7c3a5e7b6e829659f5e54534569c677a891a1abaf474,2026-10-02T09:03:31+00:00,manuals/cadillac/carmans/2015-cadillac-cts.pdf,ok,
page,cadillac,cadillac/cts,2016,2016-cadillac-cts,https://www.carmans.net/2016-cadillac-cts/,https://www.carmans.net/2016-cadillac-cts/,200,,,2026-10-02T09:03:35+00:00,,ok,https://www.carmans.net/wp-content/uploads/pdf/2016-cadillac-cts.pdf
pdf,cadillac,cadillac/cts,2016,2016-cadillac-cts,https://www.carmans.net/2016-cadillac-cts/,https://www.carmans.net/wp-content/uploads/pdf/2016-cadillac-cts.pdf,200,4402391,c0ef8ccae96e447d261ff1367a77d880bcc55063ab3f3cfc1371863064519cab,2026-10-02T09:03:40+00:00,manuals/cadillac/carmans/2016-cadillac-cts.pdf,ok,
page,cadillac,cadillac/cts,2017,2017-cadillac-cts,https://www.carmans.net/2017-cadillac-cts/,https://www.carmans.net/2017-cadillac-cts/,200,,,2026-10-02T09:03:42+00:00,,ok,https://www.carmans.net/wp-content/uploads/pdf/2017-cadillac-cts.pdf
pdf,cadillac,cadillac/cts,2017,2017-cadillac-cts,https://www.carmans.net/2017-cadillac-cts/,https://www.carmans.net/wp-content/uploads/pdf/2017-cadillac-cts.pdf,200,6444388,fd0fd24c53ae4b4f48bf3f0d71c5a0c0e000eb695fad43fa3a5b626a6b0a4841,2026-10-02T09:03:46+00:00,manuals/cadillac/carmans/2017-cadillac-cts.pdf,ok,
page,cadillac,cadillac/cts,2018,2018-cadillac-cts,https://www.carmans.net/2018-cadillac-cts/,https://www.carmans.net/2018-cadillac-cts/,200,,,2026-10-02T09:03:48+00:00,,ok,https://www.carmans.net/wp-content/uploads/pdf/2018-cadillac-cts.pdf
pdf,cadillac,cadillac/cts,2018,2018-cadillac-cts,https://www.carmans.net/2018-cadillac-cts/,https://www.carmans.net/wp-content/uploads/pdf/2018-cadillac-cts.pdf,200,6544829,e0ae416d55b70417aac4b674f4b026d75c4710f14cd4060e94bb91873a212102,2026-10-02T09:03:54+00:00,manuals/cadillac/carmans/2018-cadillac-cts.pdf,ok,
page,cadillac,cadillac/cts,2019,2019-cadillac-cts,https://www.carmans.net/2019-cadillac-cts/,https://www.carmans.net/2019-cadillac-cts/,200,,,2026-10-02T09:03:57+00:00,,ok,https://www.carmans.net/wp-content/uploads/pdf/2019-cadillac-cts.pdf
pdf,cadillac,cadillac/cts,2019,2019-cadillac-cts,https://www.carmans.net/2019-cadillac-cts/,https://www.carmans.net/wp-content/uploads/pdf/2019-cadillac-cts.pdf,200,6926799,0ec21c3ccd84912b1a68e82bcd0ad886f3b4c35f5bfd7ff09983c93452e2a57c,2026-10-02T09:04:02+00:00,manuals/cadillac/carmans/2019-cadillac-cts.pdf,ok,
page,cadillac,cadillac/escalade,2014,2014-cadillac-escalade-esv,https://www.carmans.net/2014-cadillac-escalade-esv/,https://www.carmans.net/2014-cadillac-escalade-esv/,200,,,2026-10-02T09:04:06+00:00,,ok,https://www.carmans.net/wp-content/uploads/pdf/2014-cadillac-escalade-esv.pdf
pdf,cadillac,cadillac/escalade,2014,2014-cadillac-escalade-esv,https://www.carmans.net/2014-cadillac-escalade-esv/,https://www.carmans.net/wp-content/uploads/pdf/2014-cadillac-escalade-esv.pdf,200,6371660,01b0fc31c6a9231f8fda2194f6616a988019edd47f91a22bacd1cbebccc2bd4d,2026-10-02T09:04:12+00:00,manuals/cadillac/carmans/2014-cadillac-escalade-esv.pdf,ok,
page,cadillac,cadillac/escalade,2015,2015-cadillac-escalade,https://www.carmans.net/2015-cadillac-escalade/,https://www.carmans.net/2015-cadillac-escalade/,200,,,2026-10-02T09:04:16+00:00,,ok,https://www.carmans.net/wp-content/uploads/pdf/2015-cadillac-escalade.pdf
pdf,cadillac,cadillac/escalade,2015,2015-cadillac-escalade,https://www.carmans.net/2015-cadillac-escalade/,https://www.carmans.net/wp-content/uploads/pdf/2015-cadillac-escalade.pdf,200,4690301,3a359a4e18482f8513400d5436ef585a0e0374070850f3028d44eee13ea00277,2026-10-02T09:04:21+00:00,manuals/cadillac/carmans/2015-cadillac-escalade.pdf,ok,
page,cadillac,cadillac/escalade,2016,2016-cadillac-escalade,https://www.carmans.net/2016-cadillac-escalade/,https://www.carmans.net/2016-cadillac-escalade/,200,,,2026-10-02T09:04:25+00:00,,ok,https://www.carmans.net/wp-content/uploads/pdf/2016-cadillac-escalade.pdf
pdf,cadillac,cadillac/escalade,2016,2016-cadillac-escalade,https://www.carmans.net/2016-cadillac-escalade/,https://www.carmans.net/wp-content/uploads/pdf/2016-cadillac-escalade.pdf,200,4231112,41c34fc458d03e8b18e4737d001b48180cadc9d29822edbc46e358ff7b597ba8,2026-10-02T09:04:30+00:00,manuals/cadillac/carmans/2016-cadillac-escalade.pdf,ok,
page,cadillac,cadillac/escalade,2018,2018-cadillac-escalade,https://www.carmans.net/2018-cadillac-escalade/,https://www.carmans.net/2018-cadillac-escalade/,200,,,2026-10-02T09:04:33+00:00,,ok,https://www.carmans.net/wp-content/uploads/pdf/2018-cadillac-escalade.pdf
pdf,cadillac,cadillac/escalade,2018,2018-cadillac-escalade,https://www.carmans.net/2018-cadillac-escalade/,https://www.carmans.net/wp-content/uploads/pdf/2018-cadillac-escalade.pdf,200,6288746,cb0225f3e4b94b9a0226105aa5e8b94b3862da8bfa7bd6ea85909e5e142dac71,2026-10-02T09:04:37+00:00,manuals/cadillac/carmans/2018-cadillac-escalade.pdf,ok,
page,cadillac,cadillac/escalade,2019,2019-cadillac-escalade,https://www.carmans.net/2019-cadillac-escalade/,https://www.carmans.net/2019-cadillac-escalade/,200,,,2026-10-02T09:04:40+00:00,,ok,https://www.carmans.net/wp-content/uploads/pdf/2019-cadillac-escalade.pdf
pdf,cadillac,cadillac/escalade,2019,2019-cadillac-escalade,https://www.carmans.net/2019-cadillac-escalade/,https://www.carmans.net/wp-content/uploads/pdf/2019-cadillac-escalade.pdf,200,6728233,29ccf042239dff2604b6386be5555f5a4bd29da08d9297f309a46ccf9dffef41,2026-10-02T09:04:46+00:00,manuals/cadillac/carmans/2019-cadillac-escalade.pdf,ok,
page,cadillac,cadillac/escalade,2020,2020-cadillac-escalade,https://www.carmans.net/2020-cadillac-escalade/,https://www.carmans.net/2020-cadillac-escalade/,200,,,2026-10-02T09:04:51+00:00,,ok,https://www.carmans.net/wp-content/uploads/pdf/2020-cadillac-escalade.pdf
pdf,cadillac,cadillac/escalade,2020,2020-cadillac-escalade,https://www.carmans.net/2020-cadillac-escalade/,https://www.carmans.net/wp-content/uploads/pdf/2020-cadillac-escalade.pdf,200,6364692,42ed56d3f72cfd0de611844d5832770fdc05c52b8f3d4e4e5989cd44346762a9,2026-10-02T09:04:57+00:00,manuals/cadillac/carmans/2020-cadillac-escalade.pdf,ok,
page,cadillac,cadillac/escalade,2021,2021-cadillac-escalade,https://www.carmans.net/2021-cadillac-escalade/,https://www.carmans.net/2021-cadillac-escalade/,200,,,2026-10-02T09:05:01+00:00,,ok,https://www.carmans.net/wp-content/uploads/pdf/2021-cadillac-escalade.pdf
pdf,cadillac,cadillac/escalade,2021,2021-cadillac-escalade,https://www.carmans.net/2021-cadillac-escalade/,https://www.carmans.net/wp-content/uploads/pdf/2021-cadillac-escalade.pdf,200,8202292,cef7da9b5fb49afd1112c10e240771b5b73bb088624eaf1bafc3e60febc641fb,2026-10-02T09:05:07+00:00,manuals/cadillac/carmans/2021-cadillac-escalade.pdf,ok,
page,cadillac,cadillac/escalade,2022,2022-cadillac-escalade,https://www.carmans.net/2022-cadillac-escalade/,https://www.carmans.net/2022-cadillac-escalade/,200,,,2026-10-02T09:05:12+00:00,,ok,https://www.carmans.net/wp-content/uploads/pdf/2022-cadillac-escalade.pdf
pdf,cadillac,cadillac/escalade,2022,2022-cadillac-escalade,https://www.carmans.net/2022-cadillac-escalade/,https://www.carmans.net/wp-content/uploads/pdf/2022-cadillac-escalade.pdf,200,9236459,0da179973927037b15c43812b133cd61f82ddd68bb9e0c3a3b32d848050a4210,2026-10-02T09:05:17+00:00,manuals/cadillac/carmans/2022-cadillac-escalade.pdf,ok,
page,cadillac,cadillac/escalade,2023,2023-cadillac-escalade,https://www.carmans.net/2023-cadillac-escalade/,https://www.carmans.net/2023-cadillac-escalade/,200,,,2026-10-02T09:05:21+00:00,,ok,https://www.carmans.net/wp-content/uploads/pdf/2023-cadillac-escalade.pdf
pdf,cadillac,cadillac/escalade,2023,2023-cadillac-escalade,https://www.carmans.net/2023-cadillac-escalade/,https://www.carmans.net/wp-content/uploads/pdf/2023-cadillac-escalade.pdf,200,8129876,d32bcb2c1a35698ff10a333c8835a87c091c4093be23dfe1b61f0230c8c3eabf,2026-10-02T09:05:27+00:00,manuals/cadillac/carmans/2023-cadillac-escalade.pdf,ok,
page,cadillac,cadillac/escalade,2024,2024-cadillac-escalade,https://www.carmans.net/2024-cadillac-escalade/,https://www.carmans.net/2024-cadillac-escalade/,200,,,2026-10-02T09:05:31+00:00,,ok,https://www.carmans.net/wp-content/uploads/pdf/2024-cadillac-escalade.pdf
pdf,cadillac,cadillac/escalade,2024,2024-cadillac-escalade,https://www.carmans.net/2024-cadillac-escalade/,https://www.carmans.net/wp-content/uploads/pdf/2024-cadillac-escalade.pdf,200,8712933,dcfaf66476db75c561e0b7749829eb622b28d11a2572c92e6a8a3a3e034c72e0,2026-10-02T09:05:37+00:00,manuals/cadillac/carmans/2024-cadillac-escalade.pdf,ok,
page,cadillac,cadillac/srx,2014,2014-cadillac-srx,https://www.carmans.net/2014-cadillac-srx/,https://www.carmans.net/2014-cadillac-srx/,200,,,2026-10-02T09:05:41+00:00,,ok,https://www.carmans.net/wp-content/uploads/pdf/2014-cadillac-srx.pdf
pdf,cadillac,cadillac/srx,2014,2014-cadillac-srx,https://www.carmans.net/2014-cadillac-srx/,https://www.carmans.net/wp-content/uploads/pdf/2014-cadillac-srx.pdf,200,4516196,3a650b77e08cb485009f6d8ecb1a8045d7e5099e428355aa8517d8fc1cad97cb,2026-10-02T09:05:48+00:00,manuals/cadillac/carmans/2014-cadillac-srx.pdf,ok,
page,cadillac,cadillac/srx,2015,2015-cadillac-srx,https://www.carmans.net/2015-cadillac-srx/,https://www.carmans.net/2015-cadillac-srx/,200,,,2026-10-02T09:05:51+00:00,,ok,https://www.carmans.net/wp-content/uploads/pdf/2015-cadillac-srx.pdf
pdf,cadillac,cadillac/srx,2015,2015-cadillac-srx,https://www.carmans.net/2015-cadillac-srx/,https://www.carmans.net/wp-content/uploads/pdf/2015-cadillac-srx.pdf,200,4589535,7536b892e2f8f4fca2ab74fe20608de1efd00eea724be8f681490f752f317012,2026-10-02T09:05:56+00:00,manuals/cadillac/carmans/2015-cadillac-srx.pdf,ok,
page,cadillac,cadillac/srx,2016,2016-cadillac-srx,https://www.carmans.net/2016-cadillac-srx/,https://www.carmans.net/2016-cadillac-srx/,200,,,2026-10-02T09:05:59+00:00,,ok,https://www.carmans.net/wp-content/uploads/pdf/2016-cadillac-srx.pdf
pdf,cadillac,cadillac/srx,2016,2016-cadillac-srx,https://www.carmans.net/2016-cadillac-srx/,https://www.carmans.net/wp-content/uploads/pdf/2016-cadillac-srx.pdf,200,5591906,4d73b2312555fd69bdd94ee9117782342f843c0bcc0b44b623310e26320a83e8,2026-10-02T09:06:03+00:00,manuals/cadillac/carmans/2016-cadillac-srx.pdf,ok,
page,jeep,jeep/cherokee,2026,2026-jeep-cherokee,https://www.carmans.net/2026-jeep-cherokee/,https://www.carmans.net/2026-jeep-cherokee/,200,,,2026-10-02T09:06:06+00:00,,ok,https://www.carmans.net/wp-content/uploads/pdf/2026-cherokee.pdf
pdf,jeep,jeep/cherokee,2026,2026-jeep-cherokee,https://www.carmans.net/2026-jeep-cherokee/,https://www.carmans.net/wp-content/uploads/pdf/2026-cherokee.pdf,200,12150852,a1a0dd7825d176d52a6e0b7a37ff7ec0b10e57490b8ebd427b5fff4bed090c38,2026-10-02T09:06:12+00:00,manuals/jeep/carmans/2026-jeep-cherokee.pdf,ok,
page,volkswagen,volkswagen/arteon,2021,2021-volkswagen-arteon,https://www.carmans.net/2021-volkswagen-arteon/,https://www.carmans.net/2021-volkswagen-arteon/,200,,,2026-10-02T09:06:16+00:00,,ok,https://www.carmans.net/wp-content/uploads/pdf/2021-vw-arteon.pdf
pdf,volkswagen,volkswagen/arteon,2021,2021-volkswagen-arteon,https://www.carmans.net/2021-volkswagen-arteon/,https://www.carmans.net/wp-content/uploads/pdf/2021-vw-arteon.pdf,200,3138391,7b66330a87522183eab11bddd66f15bb55beaa5b426cc0adcd2ddfa8af155242,2026-10-02T09:06:21+00:00,manuals/volkswagen/carmans/2021-volkswagen-arteon.pdf,ok,
page,volkswagen,volkswagen/arteon,2022,2022-volkswagen-arteon,https://www.carmans.net/2022-volkswagen-arteon/,https://www.carmans.net/2022-volkswagen-arteon/,200,,,2026-10-02T09:06:25+00:00,,ok,https://www.carmans.net/wp-content/uploads/pdf/2021-vw-arteon.pdf
page,volkswagen,volkswagen/arteon,2023,2023-volkswagen-arteon,https://www.carmans.net/2023-volkswagen-arteon/,https://www.carmans.net/2023-volkswagen-arteon/,200,,,2026-10-02T09:06:29+00:00,,ok,https://www.carmans.net/wp-content/uploads/pdf/2021-vw-arteon.pdf
page,volkswagen,volkswagen/atlas,2021,2021-volkswagen-atlas,https://www.carmans.net/2021-volkswagen-atlas/,https://www.carmans.net/2021-volkswagen-atlas/,200,,,2026-10-02T09:06:34+00:00,,ok,https://www.carmans.net/wp-content/uploads/pdf/2021-vw-atlas.pdf
pdf,volkswagen,volkswagen/atlas,2021,2021-volkswagen-atlas,https://www.carmans.net/2021-volkswagen-atlas/,https://www.carmans.net/wp-content/uploads/pdf/2021-vw-atlas.pdf,200,10641335,31750ad277acad5a11e03e11586a8fd232216cee817ee7da3a7870f2b23623e9,2026-10-02T09:06:39+00:00,manuals/volkswagen/carmans/2021-volkswagen-atlas.pdf,ok,
page,volkswagen,volkswagen/atlas,2022,2022-volkswagen-atlas,https://www.carmans.net/2022-volkswagen-atlas/,https://www.carmans.net/2022-volkswagen-atlas/,200,,,2026-10-02T09:06:44+00:00,,ok,https://www.carmans.net/wp-content/uploads/pdf/2021-vw-atlas.pdf
page,volkswagen,volkswagen/atlas,2023,2023-volkswagen-atlas,https://www.carmans.net/2023-volkswagen-atlas/,https://www.carmans.net/2023-volkswagen-atlas/,200,,,2026-10-02T09:06:47+00:00,,ok,https://www.carmans.net/wp-content/uploads/pdf/2021-vw-atlas.pdf
page,volkswagen,volkswagen/jetta,2014,2014-volkswagen-jetta,https://www.carmans.net/2014-volkswagen-jetta/,https://www.carmans.net/2014-volkswagen-jetta/,200,,,2026-10-02T09:06:52+00:00,,ok,https://www.carmans.net/wp-content/uploads/pdf/2014-volkswagen-jetta.pdf
pdf,volkswagen,volkswagen/jetta,2014,2014-volkswagen-jetta,https://www.carmans.net/2014-volkswagen-jetta/,https://www.carmans.net/wp-content/uploads/pdf/2014-volkswagen-jetta.pdf,200,3856320,335713d4dd6bf997452bd7c7241cc84d5979cadfd744683d38f7f14935789a4c,2026-10-02T09:06:56+00:00,manuals/volkswagen/carmans/2014-volkswagen-jetta.pdf,ok,
page,volkswagen,volkswagen/jetta,2015,2015-volkswagen-jetta,https://www.carmans.net/2015-volkswagen-jetta/,https://www.carmans.net/2015-volkswagen-jetta/,200,,,2026-10-02T09:06:59+00:00,,ok,https://www.carmans.net/wp-content/uploads/pdf/2018-volkswagen-jetta.pdf
pdf,volkswagen,volkswagen/jetta,2015,2015-volkswagen-jetta,https://www.carmans.net/2015-volkswagen-jetta/,https://www.carmans.net/wp-content/uploads/pdf/2018-volkswagen-jetta.pdf,200,4231904,3b1ef32983416042ff8f2e01dcb0cb09af159665931acb4659b69760e6338ca2,2026-10-02T09:07:04+00:00,manuals/volkswagen/carmans/2015-volkswagen-jetta.pdf,ok,
page,volkswagen,volkswagen/jetta,2016,2016-volkswagen-jetta,https://www.carmans.net/2016-volkswagen-jetta/,https://www.carmans.net/2016-volkswagen-jetta/,200,,,2026-10-02T09:07:07+00:00,,ok,https://www.carmans.net/wp-content/uploads/pdf/2018-volkswagen-jetta.pdf
page,volkswagen,volkswagen/jetta,2017,2017-volkswagen-jetta,https://www.carmans.net/2017-volkswagen-jetta/,https://www.carmans.net/2017-volkswagen-jetta/,200,,,2026-10-02T09:07:12+00:00,,ok,https://www.carmans.net/wp-content/uploads/pdf/2018-volkswagen-jetta.pdf
page,volkswagen,volkswagen/jetta,2018,2018-volkswagen-jetta,https://www.carmans.net/2018-volkswagen-jetta/,https://www.carmans.net/2018-volkswagen-jetta/,200,,,2026-10-02T09:07:17+00:00,,ok,https://www.carmans.net/wp-content/uploads/pdf/2018-volkswagen-jetta.pdf
page,volkswagen,volkswagen/jetta,2019,2019-volkswagen-jetta,https://www.carmans.net/2019-volkswagen-jetta/,https://www.carmans.net/2019-volkswagen-jetta/,200,,,2026-10-02T09:07:21+00:00,,ok,https://www.carmans.net/wp-content/uploads/pdf/2019-volkswagen-jetta.pdf
pdf,volkswagen,volkswagen/jetta,2019,2019-volkswagen-jetta,https://www.carmans.net/2019-volkswagen-jetta/,https://www.carmans.net/wp-content/uploads/pdf/2019-volkswagen-jetta.pdf,200,20526994,5c74fa1c9d17e21edc0f2e3486cf1aacb313246b379d9a8ce8d0fe1d78ec3a59,2026-10-02T09:07:26+00:00,manuals/volkswagen/carmans/2019-volkswagen-jetta.pdf,ok,
page,volkswagen,volkswagen/jetta,2020,2020-volkswagen-jetta,https://www.carmans.net/2020-volkswagen-jetta/,https://www.carmans.net/2020-volkswagen-jetta/,200,,,2026-10-02T09:07:28+00:00,,ok,https://www.carmans.net/wp-content/uploads/pdf/2020-volkswagen-jetta.pdf
pdf,volkswagen,volkswagen/jetta,2020,2020-volkswagen-jetta,https://www.carmans.net/2020-volkswagen-jetta/,https://www.carmans.net/wp-content/uploads/pdf/2020-volkswagen-jetta.pdf,200,20526994,5c74fa1c9d17e21edc0f2e3486cf1aacb313246b379d9a8ce8d0fe1d78ec3a59,2026-10-02T09:07:34+00:00,manuals/volkswagen/carmans/2020-volkswagen-jetta.pdf,ok,
page,volkswagen,volkswagen/jetta,2021,2021-volkswagen-jetta,https://www.carmans.net/2021-volkswagen-jetta/,https://www.carmans.net/2021-volkswagen-jetta/,200,,,2026-10-02T09:07:37+00:00,,ok,https://www.carmans.net/wp-content/uploads/pdf/2021-volkswagen-jetta.pdf
pdf,volkswagen,volkswagen/jetta,2021,2021-volkswagen-jetta,https://www.carmans.net/2021-volkswagen-jetta/,https://www.carmans.net/wp-content/uploads/pdf/2021-volkswagen-jetta.pdf,200,20526994,5c74fa1c9d17e21edc0f2e3486cf1aacb313246b379d9a8ce8d0fe1d78ec3a59,2026-10-02T09:07:44+00:00,manuals/volkswagen/carmans/2021-volkswagen-jetta.pdf,ok,
page,volkswagen,volkswagen/jetta,2022,2022-volkswagen-jetta,https://www.carmans.net/2022-volkswagen-jetta/,https://www.carmans.net/2022-volkswagen-jetta/,200,,,2026-10-02T09:07:47+00:00,,ok,https://www.carmans.net/wp-content/uploads/pdf/2022-volkswagen-jetta.pdf
pdf,volkswagen,volkswagen/jetta,2022,2022-volkswagen-jetta,https://www.carmans.net/2022-volkswagen-jetta/,https://www.carmans.net/wp-content/uploads/pdf/2022-volkswagen-jetta.pdf,200,23374763,1cd21b90df9d2771066186b0c1ebccdba41777e3b85c65a3659883e30831c653,2026-10-02T09:07:53+00:00,manuals/volkswagen/carmans/2022-volkswagen-jetta.pdf,ok,
page,volkswagen,volkswagen/jetta,2023,2023-volkswagen-jetta,https://www.carmans.net/2023-volkswagen-jetta/,https://www.carmans.net/2023-volkswagen-jetta/,200,,,2026-10-02T09:07:57+00:00,,ok,https://www.carmans.net/wp-content/uploads/pdf/2018-volkswagen-jetta.pdf
page,volkswagen,volkswagen/jetta,2023,2023-volkswagen-jetta-2,https://www.carmans.net/2023-volkswagen-jetta-2/,https://www.carmans.net/2023-volkswagen-jetta-2/,200,,,2026-10-02T09:07:59+00:00,,ok,https://www.carmans.net/wp-content/uploads/pdf/2024-volkswagen-jetta.pdf
pdf,volkswagen,volkswagen/jetta,2023,2023-volkswagen-jetta-2,https://www.carmans.net/2023-volkswagen-jetta-2/,https://www.carmans.net/wp-content/uploads/pdf/2024-volkswagen-jetta.pdf,200,23374763,1cd21b90df9d2771066186b0c1ebccdba41777e3b85c65a3659883e30831c653,2026-10-02T09:08:06+00:00,manuals/volkswagen/carmans/2023-volkswagen-jetta-2.pdf,ok,
page,volkswagen,volkswagen/jetta,2024,2024-volkswagen-jetta,https://www.carmans.net/2024-volkswagen-jetta/,https://www.carmans.net/2024-volkswagen-jetta/,200,,,2026-10-02T09:08:09+00:00,,ok,https://www.carmans.net/wp-content/uploads/pdf/2024-volkswagen-jetta.pdf
page,volkswagen,volkswagen/passat,2014,2014-volkswagen-passat,https://www.carmans.net/2014-volkswagen-passat/,https://www.carmans.net/2014-volkswagen-passat/,200,,,2026-10-02T09:08:12+00:00,,ok,https://www.carmans.net/wp-content/uploads/pdf/2014-volkswagen-passat.pdf
pdf,volkswagen,volkswagen/passat,2014,2014-volkswagen-passat,https://www.carmans.net/2014-volkswagen-passat/,https://www.carmans.net/wp-content/uploads/pdf/2014-volkswagen-passat.pdf,200,4296348,14c8415d1bf705c2953aee1b1d1d9c0343dc7fa796c892fa122a9b3f743dafa1,2026-10-02T09:08:19+00:00,manuals/volkswagen/carmans/2014-volkswagen-passat.pdf,ok,
page,volkswagen,volkswagen/passat,2015,2015-volkswagen-passat,https://www.carmans.net/2015-volkswagen-passat/,https://www.carmans.net/2015-volkswagen-passat/,200,,,2026-10-02T09:08:23+00:00,,ok,https://www.carmans.net/wp-content/uploads/pdf/2015-volkswagen-passat.pdf
pdf,volkswagen,volkswagen/passat,2015,2015-volkswagen-passat,https://www.carmans.net/2015-volkswagen-passat/,https://www.carmans.net/wp-content/uploads/pdf/2015-volkswagen-passat.pdf,200,4296348,14c8415d1bf705c2953aee1b1d1d9c0343dc7fa796c892fa122a9b3f743dafa1,2026-10-02T09:08:28+00:00,manuals/volkswagen/carmans/2015-volkswagen-passat.pdf,ok,
page,volkswagen,volkswagen/passat,2016,2016-volkswagen-passat,https://www.carmans.net/2016-volkswagen-passat/,https://www.carmans.net/2016-volkswagen-passat/,200,,,2026-10-02T09:08:32+00:00,,ok,https://www.carmans.net/wp-content/uploads/pdf/2016-volkswagen-passat.pdf
pdf,volkswagen,volkswagen/passat,2016,2016-volkswagen-passat,https://www.carmans.net/2016-volkswagen-passat/,https://www.carmans.net/wp-content/uploads/pdf/2016-volkswagen-passat.pdf,200,63495084,bb5ea3dc4dec46da81db69d7da0e9e9e724d22af9292f851383472fada288aa0,2026-10-02T09:08:41+00:00,manuals/volkswagen/carmans/2016-volkswagen-passat.pdf,ok,
page,volkswagen,volkswagen/passat,2017,2017-volkswagen-passat,https://www.carmans.net/2017-volkswagen-passat/,https://www.carmans.net/2017-volkswagen-passat/,200,,,2026-10-02T09:08:44+00:00,,ok,https://www.carmans.net/wp-content/uploads/pdf/2016-volkswagen-passat.pdf
page,volkswagen,volkswagen/passat,2018,2018-volkswagen-passat,https://www.carmans.net/2018-volkswagen-passat/,https://www.carmans.net/2018-volkswagen-passat/,200,,,2026-10-02T09:08:48+00:00,,ok,https://www.carmans.net/wp-content/uploads/pdf/2016-volkswagen-passat.pdf
page,volkswagen,volkswagen/passat,2019,2019-volkswagen-passat,https://www.carmans.net/2019-volkswagen-passat/,https://www.carmans.net/2019-volkswagen-passat/,200,,,2026-10-02T09:08:52+00:00,,ok,https://www.carmans.net/wp-content/uploads/pdf/2016-volkswagen-passat.pdf
page,volkswagen,volkswagen/passat,2020,2020-volkswagen-passat,https://www.carmans.net/2020-volkswagen-passat/,https://www.carmans.net/2020-volkswagen-passat/,200,,,2026-10-02T09:08:56+00:00,,ok,https://www.carmans.net/wp-content/uploads/pdf/2016-volkswagen-passat.pdf
page,volkswagen,volkswagen/passat,2021,2021-volkswagen-passat,https://www.carmans.net/2021-volkswagen-passat/,https://www.carmans.net/2021-volkswagen-passat/,200,,,2026-10-02T09:08:59+00:00,,ok,https://www.carmans.net/wp-content/uploads/pdf/2016-volkswagen-passat.pdf
page,volkswagen,volkswagen/passat,2022,2022-volkswagen-passat,https://www.carmans.net/2022-volkswagen-passat/,https://www.carmans.net/2022-volkswagen-passat/,200,,,2026-10-02T09:09:03+00:00,,ok,https://www.carmans.net/wp-content/uploads/pdf/2016-volkswagen-passat.pdf
page,volkswagen,volkswagen/tiguan,2014,2014-volkswagen-tiguan,https://www.carmans.net/2014-volkswagen-tiguan/,https://www.carmans.net/2014-volkswagen-tiguan/,200,,,2026-10-02T09:09:07+00:00,,ok,https://www.carmans.net/wp-content/uploads/pdf/2014-volkswagen-tiguan.pdf
pdf,volkswagen,volkswagen/tiguan,2014,2014-volkswagen-tiguan,https://www.carmans.net/2014-volkswagen-tiguan/,https://www.carmans.net/wp-content/uploads/pdf/2014-volkswagen-tiguan.pdf,200,4434160,515be57609ab61d5dadb77e4e7ad5a6f5881f96ed34e10ee604151ccd7c21f96,2026-10-02T09:09:11+00:00,manuals/volkswagen/carmans/2014-volkswagen-tiguan.pdf,ok,
page,volkswagen,volkswagen/tiguan,2015,2015-volkswagen-tiguan,https://www.carmans.net/2015-volkswagen-tiguan/,https://www.carmans.net/2015-volkswagen-tiguan/,200,,,2026-10-02T09:09:15+00:00,,ok,https://www.carmans.net/wp-content/uploads/pdf/2015-volkswagen-tiguan.pdf
pdf,volkswagen,volkswagen/tiguan,2015,2015-volkswagen-tiguan,https://www.carmans.net/2015-volkswagen-tiguan/,https://www.carmans.net/wp-content/uploads/pdf/2015-volkswagen-tiguan.pdf,200,4434160,515be57609ab61d5dadb77e4e7ad5a6f5881f96ed34e10ee604151ccd7c21f96,2026-10-02T09:09:22+00:00,manuals/volkswagen/carmans/2015-volkswagen-tiguan.pdf,ok,
page,volkswagen,volkswagen/tiguan,2016,2016-volkswagen-tiguan,https://www.carmans.net/2016-volkswagen-tiguan/,https://www.carmans.net/2016-volkswagen-tiguan/,200,,,2026-10-02T09:09:26+00:00,,ok,https://www.carmans.net/wp-content/uploads/pdf/2016-volkswagen-tiguan.pdf
pdf,volkswagen,volkswagen/tiguan,2016,2016-volkswagen-tiguan,https://www.carmans.net/2016-volkswagen-tiguan/,https://www.carmans.net/wp-content/uploads/pdf/2016-volkswagen-tiguan.pdf,200,6410003,1bb000a4c290e8482e055c0e7a94b71b2d18e69eb6a0d0f10e4bf916c6eb057a,2026-10-02T09:09:30+00:00,manuals/volkswagen/carmans/2016-volkswagen-tiguan.pdf,ok,
page,volkswagen,volkswagen/tiguan,2017,2017-volkswagen-tiguan,https://www.carmans.net/2017-volkswagen-tiguan/,https://www.carmans.net/2017-volkswagen-tiguan/,200,,,2026-10-02T09:09:35+00:00,,ok,https://www.carmans.net/wp-content/uploads/pdf/2017-volkswagen-tiguan.pdf
pdf,volkswagen,volkswagen/tiguan,2017,2017-volkswagen-tiguan,https://www.carmans.net/2017-volkswagen-tiguan/,https://www.carmans.net/wp-content/uploads/pdf/2017-volkswagen-tiguan.pdf,200,6410003,1bb000a4c290e8482e055c0e7a94b71b2d18e69eb6a0d0f10e4bf916c6eb057a,2026-10-02T09:09:40+00:00,manuals/volkswagen/carmans/2017-volkswagen-tiguan.pdf,ok,
page,volkswagen,volkswagen/tiguan,2018,2018-volkswagen-tiguan,https://www.carmans.net/2018-volkswagen-tiguan/,https://www.carmans.net/2018-volkswagen-tiguan/,200,,,2026-10-02T09:09:45+00:00,,ok,https://www.carmans.net/wp-content/uploads/pdf/2018-volkswagen-tiguan.pdf
pdf,volkswagen,volkswagen/tiguan,2018,2018-volkswagen-tiguan,https://www.carmans.net/2018-volkswagen-tiguan/,https://www.carmans.net/wp-content/uploads/pdf/2018-volkswagen-tiguan.pdf,200,6410003,1bb000a4c290e8482e055c0e7a94b71b2d18e69eb6a0d0f10e4bf916c6eb057a,2026-10-02T09:09:51+00:00,manuals/volkswagen/carmans/2018-volkswagen-tiguan.pdf,ok,
page,volkswagen,volkswagen/tiguan,2019,2019-volkswagen-tiguan,https://www.carmans.net/2019-volkswagen-tiguan/,https://www.carmans.net/2019-volkswagen-tiguan/,200,,,2026-10-02T09:09:55+00:00,,ok,https://www.carmans.net/wp-content/uploads/pdf/2019-volkswagen-tiguan.pdf
pdf,volkswagen,volkswagen/tiguan,2019,2019-volkswagen-tiguan,https://www.carmans.net/2019-volkswagen-tiguan/,https://www.carmans.net/wp-content/uploads/pdf/2019-volkswagen-tiguan.pdf,200,6410003,1bb000a4c290e8482e055c0e7a94b71b2d18e69eb6a0d0f10e4bf916c6eb057a,2026-10-02T09:10:00+00:00,manuals/volkswagen/carmans/2019-volkswagen-tiguan.pdf,ok,
page,volkswagen,volkswagen/tiguan,2020,2020-volkswagen-tiguan,https://www.carmans.net/2020-volkswagen-tiguan/,https://www.carmans.net/2020-volkswagen-tiguan/,200,,,2026-10-02T09:10:05+00:00,,ok,https://www.carmans.net/wp-content/uploads/pdf/2020-volkswagen-tiguan.pdf
pdf,volkswagen,volkswagen/tiguan,2020,2020-volkswagen-tiguan,https://www.carmans.net/2020-volkswagen-tiguan/,https://www.carmans.net/wp-content/uploads/pdf/2020-volkswagen-tiguan.pdf,200,6410003,1bb000a4c290e8482e055c0e7a94b71b2d18e69eb6a0d0f10e4bf916c6eb057a,2026-10-02T09:10:08+00:00,manuals/volkswagen/carmans/2020-volkswagen-tiguan.pdf,ok,
page,volkswagen,volkswagen/tiguan,2021,2021-volkswagen-tiguan,https://www.carmans.net/2021-volkswagen-tiguan/,https://www.carmans.net/2021-volkswagen-tiguan/,200,,,2026-10-02T09:10:13+00:00,,ok,https://www.carmans.net/wp-content/uploads/pdf/2021-volkswagen-tiguan.pdf
pdf,volkswagen,volkswagen/tiguan,2021,2021-volkswagen-tiguan,https://www.carmans.net/2021-volkswagen-tiguan/,https://www.carmans.net/wp-content/uploads/pdf/2021-volkswagen-tiguan.pdf,200,6410003,1bb000a4c290e8482e055c0e7a94b71b2d18e69eb6a0d0f10e4bf916c6eb057a,2026-10-02T09:10:18+00:00,manuals/volkswagen/carmans/2021-volkswagen-tiguan.pdf,ok,
page,volkswagen,volkswagen/tiguan,2022,2022-volkswagen-tiguan,https://www.carmans.net/2022-volkswagen-tiguan/,https://www.carmans.net/2022-volkswagen-tiguan/,200,,,2026-10-02T09:10:23+00:00,,ok,https://www.carmans.net/wp-content/uploads/pdf/2022-volkswagen-tiguan.pdf
pdf,volkswagen,volkswagen/tiguan,2022,2022-volkswagen-tiguan,https://www.carmans.net/2022-volkswagen-tiguan/,https://www.carmans.net/wp-content/uploads/pdf/2022-volkswagen-tiguan.pdf,200,6410003,1bb000a4c290e8482e055c0e7a94b71b2d18e69eb6a0d0f10e4bf916c6eb057a,2026-10-02T09:10:29+00:00,manuals/volkswagen/carmans/2022-volkswagen-tiguan.pdf,ok,
page,volkswagen,volkswagen/tiguan,2023,2023-volkswagen-tiguan,https://www.carmans.net/2023-volkswagen-tiguan/,https://www.carmans.net/2023-volkswagen-tiguan/,200,,,2026-10-02T09:10:32+00:00,,ok,https://www.carmans.net/wp-content/uploads/pdf/2022-volkswagen-tiguan.pdf
page,volkswagen,volkswagen/tiguan,2024,2024-volkswagen-tiguan,https://www.carmans.net/2024-volkswagen-tiguan/,https://www.carmans.net/2024-volkswagen-tiguan/,200,,,2026-10-02T09:10:36+00:00,,ok,https://www.carmans.net/wp-content/uploads/pdf/2024-volkswagen-tiguan.pdf
pdf,volkswagen,volkswagen/tiguan,2024,2024-volkswagen-tiguan,https://www.carmans.net/2024-volkswagen-tiguan/,https://www.carmans.net/wp-content/uploads/pdf/2024-volkswagen-tiguan.pdf,200,26854506,398512851f6bcd8af123c9881c43037180c67637c1725508662905520faad6f9,2026-10-02T09:10:42+00:00,manuals/volkswagen/carmans/2024-volkswagen-tiguan.pdf,ok,
page,volkswagen,volkswagen/touareg,2015,2015-volkswagen-touareg,https://www.carmans.net/2015-volkswagen-touareg/,https://www.carmans.net/2015-volkswagen-touareg/,200,,,2026-10-02T09:10:47+00:00,,ok,https://www.carmans.net/wp-content/uploads/pdf/2015-volkswagen-touareg.pdf
pdf,volkswagen,volkswagen/touareg,2015,2015-volkswagen-touareg,https://www.carmans.net/2015-volkswagen-touareg/,https://www.carmans.net/wp-content/uploads/pdf/2015-volkswagen-touareg.pdf,200,6672167,ff453dae312ae527a669ba3e17b4b6e3a926b2c6d261f550cf07a41716984e0b,2026-10-02T09:10:54+00:00,manuals/volkswagen/carmans/2015-volkswagen-touareg.pdf,ok,
page,volkswagen,volkswagen/touareg,2016,2016-volkswagen-touareg,https://www.carmans.net/2016-volkswagen-touareg/,https://www.carmans.net/2016-volkswagen-touareg/,200,,,2026-10-02T09:10:59+00:00,,ok,https://www.carmans.net/wp-content/uploads/pdf/2016-volkswagen-touareg.pdf
pdf,volkswagen,volkswagen/touareg,2016,2016-volkswagen-touareg,https://www.carmans.net/2016-volkswagen-touareg/,https://www.carmans.net/wp-content/uploads/pdf/2016-volkswagen-touareg.pdf,200,6672167,ff453dae312ae527a669ba3e17b4b6e3a926b2c6d261f550cf07a41716984e0b,2026-10-02T09:11:03+00:00,manuals/volkswagen/carmans/2016-volkswagen-touareg.pdf,ok,
page,volkswagen,volkswagen/touareg,2017,2017-volkswagen-touareg,https://www.carmans.net/2017-volkswagen-touareg/,https://www.carmans.net/2017-volkswagen-touareg/,200,,,2026-10-02T09:11:06+00:00,,ok,https://www.carmans.net/wp-content/uploads/pdf/2017-volkswagen-touareg.pdf
pdf,volkswagen,volkswagen/touareg,2017,2017-volkswagen-touareg,https://www.carmans.net/2017-volkswagen-touareg/,https://www.carmans.net/wp-content/uploads/pdf/2017-volkswagen-touareg.pdf,200,6672167,ff453dae312ae527a669ba3e17b4b6e3a926b2c6d261f550cf07a41716984e0b,2026-10-02T09:11:12+00:00,manuals/volkswagen/carmans/2017-volkswagen-touareg.pdf,ok,
page,tesla,tesla/model-s,2020,2020-tesla-model-s,https://www.carmans.net/2020-tesla-model-s/,https://www.carmans.net/2020-tesla-model-s/,200,,,2026-10-02T09:11:16+00:00,,ok,https://www.carmans.net/wp-content/uploads/pdf/2020-tesla-model-s.pdf
pdf,tesla,tesla/model-s,2020,2020-tesla-model-s,https://www.carmans.net/2020-tesla-model-s/,https://www.carmans.net/wp-content/uploads/pdf/2020-tesla-model-s.pdf,200,6349160,fc2c95f52299218bdaefb6d48ffac44996fdae37c5c65d4dcc0f8ac3e917107c,2026-10-02T09:11:22+00:00,manuals/tesla/carmans/2020-tesla-model-s.pdf,ok,
page,tesla,tesla/model-s,2021,2021-tesla-model-s,https://www.carmans.net/2021-tesla-model-s/,https://www.carmans.net/2021-tesla-model-s/,200,,,2026-10-02T09:11:26+00:00,,ok,https://www.carmans.net/wp-content/uploads/pdf/2021-tesla-model-s.pdf
pdf,tesla,tesla/model-s,2021,2021-tesla-model-s,https://www.carmans.net/2021-tesla-model-s/,https://www.carmans.net/wp-content/uploads/pdf/2021-tesla-model-s.pdf,200,7996694,e32035367ac9a4d09b8bf53715d3352d41b3f0e8888016f023150b00b1bda4cb,2026-10-02T09:11:32+00:00,manuals/tesla/carmans/2021-tesla-model-s.pdf,ok,
page,tesla,tesla/model-s,2022,2022-tesla-model-s,https://www.carmans.net/2022-tesla-model-s/,https://www.carmans.net/2022-tesla-model-s/,200,,,2026-10-02T09:11:35+00:00,,ok,https://www.carmans.net/wp-content/uploads/pdf/2022-tesla-model-s.pdf
pdf,tesla,tesla/model-s,2022,2022-tesla-model-s,https://www.carmans.net/2022-tesla-model-s/,https://www.carmans.net/wp-content/uploads/pdf/2022-tesla-model-s.pdf,200,8209768,2d54d4e00d0d860c17621d90efbc7841123380faddead173735e6e38ed5d22cd,2026-10-02T09:11:41+00:00,manuals/tesla/carmans/2022-tesla-model-s.pdf,ok,
page,tesla,tesla/model-s,2023,2023-tesla-model-s,https://www.carmans.net/2023-tesla-model-s/,https://www.carmans.net/2023-tesla-model-s/,200,,,2026-10-02T09:11:45+00:00,,ok,https://www.carmans.net/wp-content/uploads/pdf/2023-tesla-model-s.pdf
pdf,tesla,tesla/model-s,2023,2023-tesla-model-s,https://www.carmans.net/2023-tesla-model-s/,https://www.carmans.net/wp-content/uploads/pdf/2023-tesla-model-s.pdf,200,13603347,3c9728a03c473f5a1b15b165052a5d929909183ad13da6824dac3554fd8632d3,2026-10-02T09:11:52+00:00,manuals/tesla/carmans/2023-tesla-model-s.pdf,ok,
page,tesla,tesla/model-x,2020,2020-tesla-model-x,https://www.carmans.net/2020-tesla-model-x/,https://www.carmans.net/2020-tesla-model-x/,200,,,2026-10-02T09:11:55+00:00,,ok,https://www.carmans.net/wp-content/uploads/pdf/2020-tesla-model-x.pdf
pdf,tesla,tesla/model-x,2020,2020-tesla-model-x,https://www.carmans.net/2020-tesla-model-x/,https://www.carmans.net/wp-content/uploads/pdf/2020-tesla-model-x.pdf,200,6785454,828db4d291a783300c45c7e0c31a22e124245d551ec8fc0c65cd8cfedf40f4ec,2026-10-02T09:12:03+00:00,manuals/tesla/carmans/2020-tesla-model-x.pdf,ok,
page,tesla,tesla/model-x,2021,2021-tesla-model-x,https://www.carmans.net/2021-tesla-model-x/,https://www.carmans.net/2021-tesla-model-x/,200,,,2026-10-02T09:12:06+00:00,,ok,https://www.carmans.net/wp-content/uploads/pdf/2021-tesla-model-x.pdf
pdf,tesla,tesla/model-x,2021,2021-tesla-model-x,https://www.carmans.net/2021-tesla-model-x/,https://www.carmans.net/wp-content/uploads/pdf/2021-tesla-model-x.pdf,200,5314770,b90af2f00e56b23c9257bbc7bfc7f1aa5947fbeddb8404ce5fb8bdf2d4acd488,2026-10-02T09:12:11+00:00,manuals/tesla/carmans/2021-tesla-model-x.pdf,ok,
page,tesla,tesla/model-x,2022,2022-tesla-model-x,https://www.carmans.net/2022-tesla-model-x/,https://www.carmans.net/2022-tesla-model-x/,200,,,2026-10-02T09:12:15+00:00,,ok,https://www.carmans.net/wp-content/uploads/pdf/2022-tesla-model-x.pdf
pdf,tesla,tesla/model-x,2022,2022-tesla-model-x,https://www.carmans.net/2022-tesla-model-x/,https://www.carmans.net/wp-content/uploads/pdf/2022-tesla-model-x.pdf,200,8893986,a2ec3028464d235aa611de61c6dd907ccd02ccda2e570b1cd8c26a9ac01b23aa,2026-10-02T09:12:22+00:00,manuals/tesla/carmans/2022-tesla-model-x.pdf,ok,
page,tesla,tesla/model-x,2023,2023-tesla-model-x,https://www.carmans.net/2023-tesla-model-x/,https://www.carmans.net/2023-tesla-model-x/,200,,,2026-10-02T09:12:25+00:00,,ok,https://www.carmans.net/wp-content/uploads/pdf/2023-tesla-model-x.pdf
pdf,tesla,tesla/model-x,2023,2023-tesla-model-x,https://www.carmans.net/2023-tesla-model-x/,https://www.carmans.net/wp-content/uploads/pdf/2023-tesla-model-x.pdf,200,14569584,7b869b79648eb7e377718765fac5fc74dbfafb65e707714f2560c47e63148a14,2026-10-02T09:12:29+00:00,manuals/tesla/carmans/2023-tesla-model-x.pdf,ok,
page,tesla,tesla/model-y,2020,2020-tesla-model-y,https://www.carmans.net/2020-tesla-model-y/,https://www.carmans.net/2020-tesla-model-y/,200,,,2026-10-02T09:12:33+00:00,,ok,https://www.carmans.net/wp-content/uploads/pdf/2020-tesla-model-y.pdf
pdf,tesla,tesla/model-y,2020,2020-tesla-model-y,https://www.carmans.net/2020-tesla-model-y/,https://www.carmans.net/wp-content/uploads/pdf/2020-tesla-model-y.pdf,200,8048585,449acc78fa6fe56822f100e705101f84732991edf4c4896df1e80158f895867a,2026-10-02T09:12:37+00:00,manuals/tesla/carmans/2020-tesla-model-y.pdf,ok,
page,tesla,tesla/model-y,2021,2021-tesla-model-y,https://www.carmans.net/2021-tesla-model-y/,https://www.carmans.net/2021-tesla-model-y/,200,,,2026-10-02T09:12:42+00:00,,ok,https://www.carmans.net/wp-content/uploads/pdf/2021-tesla-model-y.pdf
pdf,tesla,tesla/model-y,2021,2021-tesla-model-y,https://www.carmans.net/2021-tesla-model-y/,https://www.carmans.net/wp-content/uploads/pdf/2021-tesla-model-y.pdf,200,8803354,fc40acb6a2b5b85c127cd6114789689426e18513cb3d4f8f848a299fe2341f53,2026-10-02T09:12:47+00:00,manuals/tesla/carmans/2021-tesla-model-y.pdf,ok,
page,tesla,tesla/model-y,2022,2022-tesla-model-y,https://www.carmans.net/2022-tesla-model-y/,https://www.carmans.net/2022-tesla-model-y/,200,,,2026-10-02T09:12:49+00:00,,ok,https://www.carmans.net/wp-content/uploads/pdf/2022-tesla-model-y.pdf
pdf,tesla,tesla/model-y,2022,2022-tesla-model-y,https://www.carmans.net/2022-tesla-model-y/,https://www.carmans.net/wp-content/uploads/pdf/2022-tesla-model-y.pdf,200,9281490,066131b46c9c1f297793205ee69cf1c8d3c4e7c7c94b3378a6e48f04d6b21b75,2026-10-02T09:12:54+00:00,manuals/tesla/carmans/2022-tesla-model-y.pdf,ok,
page,tesla,tesla/model-y,2023,2023-tesla-model-y,https://www.carmans.net/2023-tesla-model-y/,https://www.carmans.net/2023-tesla-model-y/,200,,,2026-10-02T09:12:57+00:00,,ok,https://www.carmans.net/wp-content/uploads/pdf/2023-tesla-model-y.pdf
pdf,tesla,tesla/model-y,2023,2023-tesla-model-y,https://www.carmans.net/2023-tesla-model-y/,https://www.carmans.net/wp-content/uploads/pdf/2023-tesla-model-y.pdf,200,16375304,21dfd4476d2326700bcad2d059ad4be72d8e1563058fd1f8dac91d121dc43f17,2026-10-02T09:13:02+00:00,manuals/tesla/carmans/2023-tesla-model-y.pdf,ok,
category,volkswagen,,,,,https://www.carmans.net/category/volkswagen/,200,,,2026-10-04T04:28:27+00:00,,ok,
category,volkswagen,,,,,https://www.carmans.net/category/volkswagen/volkswagen-arteon/,200,,,2026-10-04T04:28:30+00:00,,ok,
category,volkswagen,,,,,https://www.carmans.net/category/volkswagen/volkswagen-atlas/,200,,,2026-10-04T04:28:32+00:00,,ok,
category,volkswagen,,,,,https://www.carmans.net/category/volkswagen/volkswagen-beetle/,200,,,2026-10-04T04:28:36+00:00,,ok,
category,volkswagen,,,,,https://www.carmans.net/category/volkswagen/volkswagen-cc/,200,,,2026-10-04T04:28:39+00:00,,ok,
category,volkswagen,,,,,https://www.carmans.net/category/volkswagen/volkswagen-eos/,200,,,2026-10-04T04:28:42+00:00,,ok,
category,volkswagen,,,,,https://www.carmans.net/category/volkswagen/volkswagen-golf/,200,,,2026-10-04T04:28:46+00:00,,ok,
category,volkswagen,,,,,https://www.carmans.net/category/volkswagen/volkswagen-golf-plus/,200,,,2026-10-04T04:28:51+00:00,,ok,
category,volkswagen,,,,,https://www.carmans.net/category/volkswagen/volkswagen-id-3/,200,,,2026-10-04T04:28:54+00:00,,ok,
category,volkswagen,,,,,https://www.carmans.net/category/volkswagen/volkswagen-id-4/,200,,,2026-10-04T04:28:57+00:00,,ok,
category,volkswagen,,,,,https://www.carmans.net/category/volkswagen/volkswagen-id-5/,200,,,2026-10-04T04:29:00+00:00,,ok,
category,volkswagen,,,,,https://www.carmans.net/category/volkswagen/volkswagen-jetta/,200,,,2026-10-04T04:29:05+00:00,,ok,
category,volkswagen,,,,,https://www.carmans.net/category/volkswagen/volkswagen-passat/,200,,,2026-10-04T04:29:09+00:00,,ok,
category,volkswagen,,,,,https://www.carmans.net/category/volkswagen/volkswagen-polo/,200,,,2026-10-04T04:29:12+00:00,,ok,
category,volkswagen,,,,,https://www.carmans.net/category/volkswagen/volkswagen-scirocco/,200,,,2026-10-04T04:29:16+00:00,,ok,
category,volkswagen,,,,,https://www.carmans.net/category/volkswagen/volkswagen-sharan/,200,,,2026-10-04T04:29:22+00:00,,ok,
category,volkswagen,,,,,https://www.carmans.net/category/volkswagen/volkswagen-t-roc/,200,,,2026-10-04T04:29:24+00:00,,ok,
category,volkswagen,,,,,https://www.carmans.net/category/volkswagen/volkswagen-taos/,200,,,2026-10-04T04:29:28+00:00,,ok,
category,volkswagen,,,,,https://www.carmans.net/category/volkswagen/volkswagen-tiguan/,200,,,2026-10-04T04:29:30+00:00,,ok,
category,volkswagen,,,,,https://www.carmans.net/category/volkswagen/volkswagen-touareg/,200,,,2026-10-04T04:29:33+00:00,,ok,
category,volkswagen,,,,,https://www.carmans.net/category/volkswagen/volkswagen-transporter/,200,,,2026-10-04T04:29:36+00:00,,ok,
category,volkswagen,,,,,https://www.carmans.net/category/volkswagen/volkswagen-up/,200,,,2026-10-04T04:29:41+00:00,,ok,
category,volkswagen,,,,,https://www.carmans.net/category/volkswagen/,200,,,2026-10-04T04:30:16+00:00,,ok,
category,volkswagen,,,,,https://www.carmans.net/category/volkswagen/volkswagen-arteon/,200,,,2026-10-04T04:30:19+00:00,,ok,
category,volkswagen,,,,,https://www.carmans.net/category/volkswagen/volkswagen-atlas/,200,,,2026-10-04T04:30:23+00:00,,ok,
category,volkswagen,,,,,https://www.carmans.net/category/volkswagen/volkswagen-beetle/,200,,,2026-10-04T04:30:28+00:00,,ok,
category,volkswagen,,,,,https://www.carmans.net/category/volkswagen/volkswagen-cc/,200,,,2026-10-04T04:30:33+00:00,,ok,
category,volkswagen,,,,,https://www.carmans.net/category/volkswagen/volkswagen-eos/,200,,,2026-10-04T04:30:38+00:00,,ok,
category,volkswagen,,,,,https://www.carmans.net/category/volkswagen/volkswagen-golf/,200,,,2026-10-04T04:30:42+00:00,,ok,
category,volkswagen,,,,,https://www.carmans.net/category/volkswagen/volkswagen-golf-plus/,200,,,2026-10-04T04:30:47+00:00,,ok,
category,volkswagen,,,,,https://www.carmans.net/category/volkswagen/volkswagen-id-3/,200,,,2026-10-04T04:30:49+00:00,,ok,
category,volkswagen,,,,,https://www.carmans.net/category/volkswagen/volkswagen-id-4/,200,,,2026-10-04T04:30:52+00:00,,ok,
category,volkswagen,,,,,https://www.carmans.net/category/volkswagen/volkswagen-id-5/,200,,,2026-10-04T04:30:54+00:00,,ok,
category,volkswagen,,,,,https://www.carmans.net/category/volkswagen/volkswagen-jetta/,200,,,2026-10-04T04:30:57+00:00,,ok,
category,volkswagen,,,,,https://www.carmans.net/category/volkswagen/volkswagen-passat/,200,,,2026-10-04T04:31:00+00:00,,ok,
category,volkswagen,,,,,https://www.carmans.net/category/volkswagen/volkswagen-polo/,200,,,2026-10-04T04:31:03+00:00,,ok,
category,volkswagen,,,,,https://www.carmans.net/category/volkswagen/volkswagen-scirocco/,200,,,2026-10-04T04:31:07+00:00,,ok,
category,volkswagen,,,,,https://www.carmans.net/category/volkswagen/volkswagen-sharan/,200,,,2026-10-04T04:31:11+00:00,,ok,
category,volkswagen,,,,,https://www.carmans.net/category/volkswagen/volkswagen-t-roc/,200,,,2026-10-04T04:31:14+00:00,,ok,
category,volkswagen,,,,,https://www.carmans.net/category/volkswagen/volkswagen-taos/,200,,,2026-10-04T04:31:19+00:00,,ok,
category,volkswagen,,,,,https://www.carmans.net/category/volkswagen/volkswagen-tiguan/,200,,,2026-10-04T04:31:23+00:00,,ok,
category,volkswagen,,,,,https://www.carmans.net/category/volkswagen/volkswagen-touareg/,200,,,2026-10-04T04:31:27+00:00,,ok,
category,volkswagen,,,,,https://www.carmans.net/category/volkswagen/volkswagen-transporter/,200,,,2026-10-04T04:31:30+00:00,,ok,
category,volkswagen,,,,,https://www.carmans.net/category/volkswagen/volkswagen-up/,200,,,2026-10-04T04:31:33+00:00,,ok,
page,volkswagen,volkswagen/jetta,2014,2014-volkswagen-jetta,https://www.carmans.net/2014-volkswagen-jetta/,https://www.carmans.net/2014-volkswagen-jetta/#rescan-20261004,200,,,2026-10-04T04:31:37+00:00,,ok,https://www.carmans.net/wp-content/uploads/pdf/2014-volkswagen-jetta.pdf
page,volkswagen,volkswagen/passat,2014,2014-volkswagen-passat,https://www.carmans.net/2014-volkswagen-passat/,https://www.carmans.net/2014-volkswagen-passat/#rescan-20261004,200,,,2026-10-04T04:31:41+00:00,,ok,https://www.carmans.net/wp-content/uploads/pdf/2014-volkswagen-passat.pdf
page,volkswagen,volkswagen/tiguan,2014,2014-volkswagen-tiguan,https://www.carmans.net/2014-volkswagen-tiguan/,https://www.carmans.net/2014-volkswagen-tiguan/#rescan-20261004,200,,,2026-10-04T04:31:44+00:00,,ok,https://www.carmans.net/wp-content/uploads/pdf/2014-volkswagen-tiguan.pdf
page,volkswagen,volkswagen/jetta,2015,2015-volkswagen-jetta,https://www.carmans.net/2015-volkswagen-jetta/,https://www.carmans.net/2015-volkswagen-jetta/#rescan-20261004,200,,,2026-10-04T04:31:47+00:00,,ok,https://www.carmans.net/wp-content/uploads/pdf/2018-volkswagen-jetta.pdf
page,volkswagen,volkswagen/passat,2015,2015-volkswagen-passat,https://www.carmans.net/2015-volkswagen-passat/,https://www.carmans.net/2015-volkswagen-passat/#rescan-20261004,200,,,2026-10-04T04:31:52+00:00,,ok,https://www.carmans.net/wp-content/uploads/pdf/2015-volkswagen-passat.pdf
page,volkswagen,volkswagen/tiguan,2015,2015-volkswagen-tiguan,https://www.carmans.net/2015-volkswagen-tiguan/,https://www.carmans.net/2015-volkswagen-tiguan/#rescan-20261004,200,,,2026-10-04T04:31:55+00:00,,ok,https://www.carmans.net/wp-content/uploads/pdf/2015-volkswagen-tiguan.pdf
page,volkswagen,volkswagen/touareg,2015,2015-volkswagen-touareg,https://www.carmans.net/2015-volkswagen-touareg/,https://www.carmans.net/2015-volkswagen-touareg/#rescan-20261004,200,,,2026-10-04T04:31:59+00:00,,ok,https://www.carmans.net/wp-content/uploads/pdf/2015-volkswagen-touareg.pdf
page,volkswagen,volkswagen/jetta,2016,2016-volkswagen-jetta,https://www.carmans.net/2016-volkswagen-jetta/,https://www.carmans.net/2016-volkswagen-jetta/#rescan-20261004,200,,,2026-10-04T04:32:01+00:00,,ok,https://www.carmans.net/wp-content/uploads/pdf/2018-volkswagen-jetta.pdf
page,volkswagen,volkswagen/passat,2016,2016-volkswagen-passat,https://www.carmans.net/2016-volkswagen-passat/,https://www.carmans.net/2016-volkswagen-passat/#rescan-20261004,200,,,2026-10-04T04:32:04+00:00,,ok,https://www.carmans.net/wp-content/uploads/pdf/2016-volkswagen-passat.pdf
page,volkswagen,volkswagen/tiguan,2016,2016-volkswagen-tiguan,https://www.carmans.net/2016-volkswagen-tiguan/,https://www.carmans.net/2016-volkswagen-tiguan/#rescan-20261004,200,,,2026-10-04T04:32:08+00:00,,ok,https://www.carmans.net/wp-content/uploads/pdf/2016-volkswagen-tiguan.pdf
page,volkswagen,volkswagen/touareg,2016,2016-volkswagen-touareg,https://www.carmans.net/2016-volkswagen-touareg/,https://www.carmans.net/2016-volkswagen-touareg/#rescan-20261004,200,,,2026-10-04T04:32:12+00:00,,ok,https://www.carmans.net/wp-content/uploads/pdf/2016-volkswagen-touareg.pdf
page,volkswagen,volkswagen/jetta,2017,2017-volkswagen-jetta,https://www.carmans.net/2017-volkswagen-jetta/,https://www.carmans.net/2017-volkswagen-jetta/#rescan-20261004,200,,,2026-10-04T04:32:17+00:00,,ok,https://www.carmans.net/wp-content/uploads/pdf/2018-volkswagen-jetta.pdf
page,volkswagen,volkswagen/passat,2017,2017-volkswagen-passat,https://www.carmans.net/2017-volkswagen-passat/,https://www.carmans.net/2017-volkswagen-passat/#rescan-20261004,200,,,2026-10-04T04:32:20+00:00,,ok,https://www.carmans.net/wp-content/uploads/pdf/2016-volkswagen-passat.pdf
page,volkswagen,volkswagen/tiguan,2017,2017-volkswagen-tiguan,https://www.carmans.net/2017-volkswagen-tiguan/,https://www.carmans.net/2017-volkswagen-tiguan/#rescan-20261004,200,,,2026-10-04T04:32:24+00:00,,ok,https://www.carmans.net/wp-content/uploads/pdf/2017-volkswagen-tiguan.pdf
page,volkswagen,volkswagen/touareg,2017,2017-volkswagen-touareg,https://www.carmans.net/2017-volkswagen-touareg/,https://www.carmans.net/2017-volkswagen-touareg/#rescan-20261004,200,,,2026-10-04T04:32:28+00:00,,ok,https://www.carmans.net/wp-content/uploads/pdf/2017-volkswagen-touareg.pdf
page,volkswagen,volkswagen/jetta,2018,2018-volkswagen-jetta,https://www.carmans.net/2018-volkswagen-jetta/,https://www.carmans.net/2018-volkswagen-jetta/#rescan-20261004,200,,,2026-10-04T04:32:33+00:00,,ok,https://www.carmans.net/wp-content/uploads/pdf/2018-volkswagen-jetta.pdf
page,volkswagen,volkswagen/passat,2018,2018-volkswagen-passat,https://www.carmans.net/2018-volkswagen-passat/,https://www.carmans.net/2018-volkswagen-passat/#rescan-20261004,200,,,2026-10-04T04:32:36+00:00,,ok,https://www.carmans.net/wp-content/uploads/pdf/2016-volkswagen-passat.pdf
page,volkswagen,volkswagen/tiguan,2018,2018-volkswagen-tiguan,https://www.carmans.net/2018-volkswagen-tiguan/,https://www.carmans.net/2018-volkswagen-tiguan/#rescan-20261004,200,,,2026-10-04T04:32:39+00:00,,ok,https://www.carmans.net/wp-content/uploads/pdf/2018-volkswagen-tiguan.pdf
page,volkswagen,volkswagen/jetta,2019,2019-volkswagen-jetta,https://www.carmans.net/2019-volkswagen-jetta/,https://www.carmans.net/2019-volkswagen-jetta/#rescan-20261004,200,,,2026-10-04T04:32:44+00:00,,ok,https://www.carmans.net/wp-content/uploads/pdf/2019-volkswagen-jetta.pdf
page,volkswagen,volkswagen/passat,2019,2019-volkswagen-passat,https://www.carmans.net/2019-volkswagen-passat/,https://www.carmans.net/2019-volkswagen-passat/#rescan-20261004,200,,,2026-10-04T04:32:48+00:00,,ok,https://www.carmans.net/wp-content/uploads/pdf/2016-volkswagen-passat.pdf
page,volkswagen,volkswagen/tiguan,2019,2019-volkswagen-tiguan,https://www.carmans.net/2019-volkswagen-tiguan/,https://www.carmans.net/2019-volkswagen-tiguan/#rescan-20261004,200,,,2026-10-04T04:32:53+00:00,,ok,https://www.carmans.net/wp-content/uploads/pdf/2019-volkswagen-tiguan.pdf
page,volkswagen,volkswagen/jetta,2020,2020-volkswagen-jetta,https://www.carmans.net/2020-volkswagen-jetta/,https://www.carmans.net/2020-volkswagen-jetta/#rescan-20261004,200,,,2026-10-04T04:32:58+00:00,,ok,https://www.carmans.net/wp-content/uploads/pdf/2020-volkswagen-jetta.pdf
page,volkswagen,volkswagen/passat,2020,2020-volkswagen-passat,https://www.carmans.net/2020-volkswagen-passat/,https://www.carmans.net/2020-volkswagen-passat/#rescan-20261004,200,,,2026-10-04T04:33:01+00:00,,ok,https://www.carmans.net/wp-content/uploads/pdf/2016-volkswagen-passat.pdf
page,volkswagen,volkswagen/tiguan,2020,2020-volkswagen-tiguan,https://www.carmans.net/2020-volkswagen-tiguan/,https://www.carmans.net/2020-volkswagen-tiguan/#rescan-20261004,200,,,2026-10-04T04:33:05+00:00,,ok,https://www.carmans.net/wp-content/uploads/pdf/2020-volkswagen-tiguan.pdf
page,volkswagen,volkswagen/arteon,2021,2021-volkswagen-arteon,https://www.carmans.net/2021-volkswagen-arteon/,https://www.carmans.net/2021-volkswagen-arteon/#rescan-20261004,200,,,2026-10-04T04:33:08+00:00,,ok,https://www.carmans.net/wp-content/uploads/pdf/2021-vw-arteon.pdf
page,volkswagen,volkswagen/atlas,2021,2021-volkswagen-atlas,https://www.carmans.net/2021-volkswagen-atlas/,https://www.carmans.net/2021-volkswagen-atlas/#rescan-20261004,200,,,2026-10-04T04:33:11+00:00,,ok,https://www.carmans.net/wp-content/uploads/pdf/2021-vw-atlas.pdf
page,volkswagen,volkswagen/jetta,2021,2021-volkswagen-jetta,https://www.carmans.net/2021-volkswagen-jetta/,https://www.carmans.net/2021-volkswagen-jetta/#rescan-20261004,200,,,2026-10-04T04:33:15+00:00,,ok,https://www.carmans.net/wp-content/uploads/pdf/2021-volkswagen-jetta.pdf
page,volkswagen,volkswagen/passat,2021,2021-volkswagen-passat,https://www.carmans.net/2021-volkswagen-passat/,https://www.carmans.net/2021-volkswagen-passat/#rescan-20261004,200,,,2026-10-04T04:33:20+00:00,,ok,https://www.carmans.net/wp-content/uploads/pdf/2016-volkswagen-passat.pdf
page,volkswagen,volkswagen/tiguan,2021,2021-volkswagen-tiguan,https://www.carmans.net/2021-volkswagen-tiguan/,https://www.carmans.net/2021-volkswagen-tiguan/#rescan-20261004,200,,,2026-10-04T04:33:23+00:00,,ok,https://www.carmans.net/wp-content/uploads/pdf/2021-volkswagen-tiguan.pdf
page,volkswagen,volkswagen/arteon,2022,2022-volkswagen-arteon,https://www.carmans.net/2022-volkswagen-arteon/,https://www.carmans.net/2022-volkswagen-arteon/#rescan-20261004,200,,,2026-10-04T04:33:25+00:00,,ok,https://www.carmans.net/wp-content/uploads/pdf/2021-vw-arteon.pdf
page,volkswagen,volkswagen/atlas,2022,2022-volkswagen-atlas,https://www.carmans.net/2022-volkswagen-atlas/,https://www.carmans.net/2022-volkswagen-atlas/#rescan-20261004,200,,,2026-10-04T04:33:30+00:00,,ok,https://www.carmans.net/wp-content/uploads/pdf/2021-vw-atlas.pdf
page,volkswagen,volkswagen/jetta,2022,2022-volkswagen-jetta,https://www.carmans.net/2022-volkswagen-jetta/,https://www.carmans.net/2022-volkswagen-jetta/#rescan-20261004,200,,,2026-10-04T04:33:35+00:00,,ok,https://www.carmans.net/wp-content/uploads/pdf/2022-volkswagen-jetta.pdf
page,volkswagen,volkswagen/passat,2022,2022-volkswagen-passat,https://www.carmans.net/2022-volkswagen-passat/,https://www.carmans.net/2022-volkswagen-passat/#rescan-20261004,200,,,2026-10-04T04:33:40+00:00,,ok,https://www.carmans.net/wp-content/uploads/pdf/2016-volkswagen-passat.pdf
page,volkswagen,volkswagen/tiguan,2022,2022-volkswagen-tiguan,https://www.carmans.net/2022-volkswagen-tiguan/,https://www.carmans.net/2022-volkswagen-tiguan/#rescan-20261004,200,,,2026-10-04T04:33:43+00:00,,ok,https://www.carmans.net/wp-content/uploads/pdf/2022-volkswagen-tiguan.pdf
page,volkswagen,volkswagen/arteon,2023,2023-volkswagen-arteon,https://www.carmans.net/2023-volkswagen-arteon/,https://www.carmans.net/2023-volkswagen-arteon/#rescan-20261004,200,,,2026-10-04T04:33:47+00:00,,ok,https://www.carmans.net/wp-content/uploads/pdf/2021-vw-arteon.pdf
page,volkswagen,volkswagen/atlas,2023,2023-volkswagen-atlas,https://www.carmans.net/2023-volkswagen-atlas/,https://www.carmans.net/2023-volkswagen-atlas/#rescan-20261004,200,,,2026-10-04T04:33:51+00:00,,ok,https://www.carmans.net/wp-content/uploads/pdf/2021-vw-atlas.pdf
page,volkswagen,volkswagen/jetta,2023,2023-volkswagen-jetta-2,https://www.carmans.net/2023-volkswagen-jetta-2/,https://www.carmans.net/2023-volkswagen-jetta-2/#rescan-20261004,200,,,2026-10-04T04:33:55+00:00,,ok,https://www.carmans.net/wp-content/uploads/pdf/2024-volkswagen-jetta.pdf
page,volkswagen,volkswagen/jetta,2023,2023-volkswagen-jetta,https://www.carmans.net/2023-volkswagen-jetta/,https://www.carmans.net/2023-volkswagen-jetta/#rescan-20261004,200,,,2026-10-04T04:33:57+00:00,,ok,https://www.carmans.net/wp-content/uploads/pdf/2018-volkswagen-jetta.pdf
page,volkswagen,volkswagen/passat,2023,2023-volkswagen-passat,https://www.carmans.net/2023-volkswagen-passat/,https://www.carmans.net/2023-volkswagen-passat/#rescan-20261004,200,,,2026-10-04T04:34:01+00:00,,ok,https://www.carmans.net/wp-content/uploads/pdf/2023-volkswagen-passat.pdf
pdf,volkswagen,volkswagen/passat,2023,2023-volkswagen-passat,https://www.carmans.net/2023-volkswagen-passat/,https://www.carmans.net/wp-content/uploads/pdf/2023-volkswagen-passat.pdf,200,19863615,fc80607f9f9c8eb370d6513ea579844e2755647e9f6cebb5df1e8e8e6344c848,2026-10-04T04:34:12+00:00,manuals/volkswagen/carmans/2023-volkswagen-passat.pdf,ok,
page,volkswagen,volkswagen/tiguan,2023,2023-volkswagen-tiguan,https://www.carmans.net/2023-volkswagen-tiguan/,https://www.carmans.net/2023-volkswagen-tiguan/#rescan-20261004,200,,,2026-10-04T04:34:16+00:00,,ok,https://www.carmans.net/wp-content/uploads/pdf/2022-volkswagen-tiguan.pdf
page,volkswagen,volkswagen/touareg,2023,2023-volkswagen-touareg,https://www.carmans.net/2023-volkswagen-touareg/,https://www.carmans.net/2023-volkswagen-touareg/#rescan-20261004,200,,,2026-10-04T04:34:21+00:00,,ok,https://www.carmans.net/wp-content/uploads/pdf/2017-volkswagen-touareg.pdf
page,volkswagen,volkswagen/jetta,2024,2024-volkswagen-jetta,https://www.carmans.net/2024-volkswagen-jetta/,https://www.carmans.net/2024-volkswagen-jetta/#rescan-20261004,200,,,2026-10-04T04:34:23+00:00,,ok,https://www.carmans.net/wp-content/uploads/pdf/2024-volkswagen-jetta.pdf
page,volkswagen,volkswagen/passat,2024,2024-volkswagen-passat,https://www.carmans.net/2024-volkswagen-passat/,https://www.carmans.net/2024-volkswagen-passat/#rescan-20261004,200,,,2026-10-04T04:34:26+00:00,,ok,https://www.carmans.net/wp-content/uploads/pdf/2024-volkswagen-passat.pdf
pdf,volkswagen,volkswagen/passat,2024,2024-volkswagen-passat,https://www.carmans.net/2024-volkswagen-passat/,https://www.carmans.net/wp-content/uploads/pdf/2024-volkswagen-passat.pdf,200,19863615,fc80607f9f9c8eb370d6513ea579844e2755647e9f6cebb5df1e8e8e6344c848,2026-10-04T04:34:37+00:00,manuals/volkswagen/carmans/2024-volkswagen-passat.pdf,ok,same bytes as 2023-volkswagen-passat
page,volkswagen,volkswagen/tiguan,2024,2024-volkswagen-tiguan,https://www.carmans.net/2024-volkswagen-tiguan/,https://www.carmans.net/2024-volkswagen-tiguan/#rescan-20261004,200,,,2026-10-04T04:34:42+00:00,,ok,https://www.carmans.net/wp-content/uploads/pdf/2024-volkswagen-tiguan.pdf
