make,model,body,years,section,url,http_status,sha256,retrieved_at,edition_market,note
toyota,camry,,,_model,https://www.mycarusermanual.com/toyota/camry,200,5a834628aab7c9585194f60fffe367ba572cbcb7c6f12d71a64efa065583344f,2026-10-02T06:37:32+00:00,,
toyota,corolla,,,_model,https://www.mycarusermanual.com/toyota/corolla,200,4bdcb9c5477496e7e60cf8605cdd4c285bd5909a0f8c5e1b1e7964fd2d88589c,2026-10-02T06:37:35+00:00,,
toyota,corolla,4-door,2013-2017,_index,https://www.mycarusermanual.com/toyota/corolla/4-door/2013-2017,200,db95b86108df854f2bd46102f637b680f1285d61862273d673ddcdd5a74a6f47,2026-10-02T06:37:38+00:00,,
toyota,corolla,4-door,2013-2017,foryourinformation,https://www.mycarusermanual.com/toyota/corolla/4-door/2013-2017/foryourinformation,200,812d7271c24d8d00e8fc5d8a2ae0d705914bb5f4cd6e6ac897dc86506a3039a6,2026-10-02T06:37:42+00:00,,
toyota,corolla,4-door,2013-2017,readingthismanual,https://www.mycarusermanual.com/toyota/corolla/4-door/2013-2017/readingthismanual,200,e66fb2d3cdf1fd6abd1f51ede86f59097051e97c746254637873da2feaf137bf,2026-10-02T06:37:45+00:00,,
toyota,corolla,4-door,2013-2017,howtosearch,https://www.mycarusermanual.com/toyota/corolla/4-door/2013-2017/howtosearch,200,9b99afb74618edb57e9f2923dfe301b256f3f2b98e41ab0fedc7d277d88a60c3,2026-10-02T06:37:48+00:00,,
toyota,corolla,4-door,2013-2017,pictorialindex,https://www.mycarusermanual.com/toyota/corolla/4-door/2013-2017/pictorialindex,200,09167846c9a879c0f625ab953718de52cdf61e414e1d7cb6b4c2d00bf433a0d8,2026-10-02T06:37:54+00:00,,
toyota,corolla,4-door,2013-2017,forsafetyandsecurity,https://www.mycarusermanual.com/toyota/corolla/4-door/2013-2017/forsafetyandsecurity,200,40d2853133da8d83084f6424f7b8622611cef38c01456886c6ab6358b92dc67b,2026-10-02T06:37:59+00:00,,
toyota,corolla,4-door,2013-2017,forsafetyandsecurity--for-safety-drive,https://www.mycarusermanual.com/toyota/corolla/4-door/2013-2017/forsafetyandsecurity--for-safety-drive,200,302a7430366f61fb0f21903c2723525a271d3bb8e461b87903e63a9cf5909c4f,2026-10-02T06:38:03+00:00,,
toyota,corolla,4-door,2013-2017,forsafetyandsecurity--seat-belts,https://www.mycarusermanual.com/toyota/corolla/4-door/2013-2017/forsafetyandsecurity--seat-belts,200,c067a384c4c278c3d33eacbc652e3c54b2c0ef9596a7488417cb327bbee69a31,2026-10-02T06:38:08+00:00,,
toyota,corolla,4-door,2013-2017,forsafetyandsecurity--front-passenger-occupant-classification-system,https://www.mycarusermanual.com/toyota/corolla/4-door/2013-2017/forsafetyandsecurity--front-passenger-occupant-classification-system,200,00ae7864db3610d89fdba99ec560db6b0698090d3dbbba49514fb4be1fbe554d,2026-10-02T06:38:12+00:00,,
toyota,corolla,4-door,2013-2017,forsafetyandsecurity--safety-information-for-children,https://www.mycarusermanual.com/toyota/corolla/4-door/2013-2017/forsafetyandsecurity--safety-information-for-children,200,f2d237740ffb0bff40050d52795a7e1bbeea5438d1da79c77c0ab48073c4f858,2026-10-02T06:38:16+00:00,,
toyota,corolla,4-door,2013-2017,forsafetyandsecurity--child-restraint-systems,https://www.mycarusermanual.com/toyota/corolla/4-door/2013-2017/forsafetyandsecurity--child-restraint-systems,200,81ff9932bbdf5854e0eaf0d0a746b0f02cb81c00e0087262e0730892a063d298,2026-10-02T06:38:20+00:00,,
toyota,corolla,4-door,2013-2017,forsafetyandsecurity--installing-child-restraints,https://www.mycarusermanual.com/toyota/corolla/4-door/2013-2017/forsafetyandsecurity--installing-child-restraints,200,f9448f9addb9faea4769e8a448abd5a1ee4033d4e6fad2d6cb9c545bdfca9b2e,2026-10-02T06:38:24+00:00,,
toyota,corolla,4-door,2013-2017,forsafetyandsecurity--engine-immobilizer-system,https://www.mycarusermanual.com/toyota/corolla/4-door/2013-2017/forsafetyandsecurity--engine-immobilizer-system,200,760ab792c6f18e6b7cd7b2173b0503ed84b41fbecd7dba9645edd32e6ef3791d,2026-10-02T06:38:28+00:00,,
toyota,corolla,4-door,2013-2017,forsafetyandsecurity--alarm,https://www.mycarusermanual.com/toyota/corolla/4-door/2013-2017/forsafetyandsecurity--alarm,200,22dd7a65aa078b0138c9899bc88b0b50719ec8ac70850d032400f9d7b62d7720,2026-10-02T06:38:32+00:00,,
toyota,corolla,4-door,2013-2017,instrumentcluster,https://www.mycarusermanual.com/toyota/corolla/4-door/2013-2017/instrumentcluster,200,c6a1663f5270a12396399397839181613331e31529ecb4ddcb513e2131d0a9f5,2026-10-02T06:38:36+00:00,,
toyota,corolla,4-door,2013-2017,instrumentcluster--warning-lights-and-indicators,https://www.mycarusermanual.com/toyota/corolla/4-door/2013-2017/instrumentcluster--warning-lights-and-indicators,200,195afc10dc3712a6deef43fe7ff6e2a605c46345485d4b013527da14ce8597ac,2026-10-02T06:38:40+00:00,,
toyota,corolla,4-door,2013-2017,instrumentcluster--gauges-and-meters-drive-monitor-display-,https://www.mycarusermanual.com/toyota/corolla/4-door/2013-2017/instrumentcluster--gauges-and-meters-drive-monitor-display-,200,eae9d6974f7222823388428d9092e9435e055b320445ac07133df24793d91160,2026-10-02T06:38:44+00:00,,
toyota,corolla,4-door,2013-2017,instrumentcluster--gauges-and-meters-multi-information-display-,https://www.mycarusermanual.com/toyota/corolla/4-door/2013-2017/instrumentcluster--gauges-and-meters-multi-information-display-,200,bd52ad574fce2a292eb96ea8581dccb303d220d8c501a4153d80a6b2737eee92,2026-10-02T06:38:49+00:00,,
toyota,corolla,4-door,2013-2017,instrumentcluster--eco-driving-indicator,https://www.mycarusermanual.com/toyota/corolla/4-door/2013-2017/instrumentcluster--eco-driving-indicator,200,ab8f87385df85dca63d17c9b91bb8dd2eee70f025e4356d0fc49727f7789baaf,2026-10-02T06:38:52+00:00,,
toyota,corolla,4-door,2013-2017,operationofeachcomponent,https://www.mycarusermanual.com/toyota/corolla/4-door/2013-2017/operationofeachcomponent,200,87cd1abc993053dc3c570d34b8a36eb4bda7862bec94a10d0093cb8c14d2c6f2,2026-10-02T06:38:55+00:00,,
toyota,corolla,4-door,2013-2017,operationofeachcomponent--keys,https://www.mycarusermanual.com/toyota/corolla/4-door/2013-2017/operationofeachcomponent--keys,200,9060ae5e42d93d1fbad35bbbef5a0c3a9d3ce6b0147cf7a6e6174487a1762adb,2026-10-02T06:38:58+00:00,,
toyota,corolla,4-door,2013-2017,operationofeachcomponent--smart-key-system,https://www.mycarusermanual.com/toyota/corolla/4-door/2013-2017/operationofeachcomponent--smart-key-system,200,4f8b90b11938d4c06472cb5180121e4a27e0164450792060196d41a0acc57a93,2026-10-02T06:39:02+00:00,,
toyota,corolla,4-door,2013-2017,operationofeachcomponent--front-seats,https://www.mycarusermanual.com/toyota/corolla/4-door/2013-2017/operationofeachcomponent--front-seats,200,01323c50eb15033eb456516bd49d0352fb48b8fa1c2324275cdfd5ec94bc39fa,2026-10-02T06:39:04+00:00,,
toyota,corolla,4-door,2013-2017,operationofeachcomponent--head-restraints,https://www.mycarusermanual.com/toyota/corolla/4-door/2013-2017/operationofeachcomponent--head-restraints,200,75e546beaa6425b050f305ee8e71e49d3f648416ece72a545a1ef7b2672db8ca,2026-10-02T06:39:07+00:00,,
toyota,corolla,4-door,2013-2017,operationofeachcomponent--steering-wheel,https://www.mycarusermanual.com/toyota/corolla/4-door/2013-2017/operationofeachcomponent--steering-wheel,200,735fbeb4066b38dd72d5985306e6a7c71d1ae37d569bc60f0ea8a8bc599afc3e,2026-10-02T06:39:11+00:00,,
toyota,corolla,4-door,2013-2017,operationofeachcomponent--inside-rear-view-mirror,https://www.mycarusermanual.com/toyota/corolla/4-door/2013-2017/operationofeachcomponent--inside-rear-view-mirror,200,2d6cbf66e8f8d4ac1ffdba90b8730d19ee02fd0ac7fa0902ca1de1689d80a2f8,2026-10-02T06:39:14+00:00,,
toyota,corolla,4-door,2013-2017,operationofeachcomponent--outside-rear-view-mirrors,https://www.mycarusermanual.com/toyota/corolla/4-door/2013-2017/operationofeachcomponent--outside-rear-view-mirrors,200,c71837cfcad8da42d47169ea15548bc607a2552700c1b335cde0ff1be52411e3,2026-10-02T06:39:16+00:00,,
toyota,corolla,4-door,2013-2017,driving,https://www.mycarusermanual.com/toyota/corolla/4-door/2013-2017/driving,200,3846fdab10b84b5d6dac557e25a5fb16ea1bc0d1ce4c3839530cbedb0d5588c9,2026-10-02T06:39:20+00:00,,
toyota,corolla,4-door,2013-2017,driving--driving-the-vehicle,https://www.mycarusermanual.com/toyota/corolla/4-door/2013-2017/driving--driving-the-vehicle,200,68bc0f90db8825849132307a8797ae17acedb4cd095e9a03c7c7bd39a674b2c4,2026-10-02T06:39:25+00:00,,
toyota,corolla,4-door,2013-2017,driving--cargo-and-luggage,https://www.mycarusermanual.com/toyota/corolla/4-door/2013-2017/driving--cargo-and-luggage,200,77ac98c91f0ab5718d42487d79289f192da4501b31fce78633d07a09648e5518,2026-10-02T06:39:28+00:00,,
toyota,corolla,4-door,2013-2017,driving--vehicle-load-limits,https://www.mycarusermanual.com/toyota/corolla/4-door/2013-2017/driving--vehicle-load-limits,200,0f2254f6b85d7baec4ae81840eb32087d914a2248877e23635a37e726af6e9bd,2026-10-02T06:39:32+00:00,,
toyota,corolla,4-door,2013-2017,driving--trailer-towing,https://www.mycarusermanual.com/toyota/corolla/4-door/2013-2017/driving--trailer-towing,200,bac2e19546a5123f45ab3ff8078bd1a00c5b4aa76541cfc4245d5874b1402e46,2026-10-02T06:39:35+00:00,,
toyota,corolla,4-door,2013-2017,driving--dinghy-towing-except-vehicles-with-a-manual-transmission-,https://www.mycarusermanual.com/toyota/corolla/4-door/2013-2017/driving--dinghy-towing-except-vehicles-with-a-manual-transmission-,200,81bf63885d811ed21391c704ff841c742504a017094a08dd1c348640c88aaaee,2026-10-02T06:39:38+00:00,,
toyota,corolla,4-door,2013-2017,driving--dinghy-towing-vehicles-with-a-manual-transmission-,https://www.mycarusermanual.com/toyota/corolla/4-door/2013-2017/driving--dinghy-towing-vehicles-with-a-manual-transmission-,200,29f62152201b25b4935027ffabddf4bfc21047272b79c52bc5b40fa06d9e1208,2026-10-02T06:39:40+00:00,,
toyota,corolla,4-door,2013-2017,driving--engine-ignition-switch-vehicles-without-a-smart-key-system-,https://www.mycarusermanual.com/toyota/corolla/4-door/2013-2017/driving--engine-ignition-switch-vehicles-without-a-smart-key-system-,200,6b77fe0e1abfc4d09c93526a732111b4f3edf1cf81aee0fb12ea47e7499a0293,2026-10-02T06:39:46+00:00,,
toyota,corolla,4-door,2013-2017,driving--engine-ignition-switch-vehicles-with-a-smart-key-system-,https://www.mycarusermanual.com/toyota/corolla/4-door/2013-2017/driving--engine-ignition-switch-vehicles-with-a-smart-key-system-,200,7a025bd8ea133e0372f598e7cb717fae6673707166c854ba4ceffc36f8065dcb,2026-10-02T06:39:48+00:00,,
toyota,corolla,4-door,2013-2017,driving--continuously-variable-transmission-vehicles-without-paddle-shift-switches-,https://www.mycarusermanual.com/toyota/corolla/4-door/2013-2017/driving--continuously-variable-transmission-vehicles-without-paddle-shift-switches-,200,2c1bf1a4cd4edd9837a232e704eaca4975fe9b6c08d5f04812ee60190e1d2e97,2026-10-02T06:39:51+00:00,,
toyota,corolla,4-door,2013-2017,driving--continuously-variable-transmission-vehicles-with-paddle-shift-switches-,https://www.mycarusermanual.com/toyota/corolla/4-door/2013-2017/driving--continuously-variable-transmission-vehicles-with-paddle-shift-switches-,200,50e602e32cbc2fb5a7b80bbf228093ce4450dcecbe40ad4d2d4fb963f11f488d,2026-10-02T06:39:53+00:00,,
toyota,corolla,4-door,2013-2017,driving--manual-transmission,https://www.mycarusermanual.com/toyota/corolla/4-door/2013-2017/driving--manual-transmission,200,a43b96d6af0b7ea5e59ebc1ced596ba159db9846799e458f2d7d395b5ead6d3e,2026-10-02T06:39:57+00:00,,
toyota,corolla,4-door,2013-2017,driving--turn-signal-lever,https://www.mycarusermanual.com/toyota/corolla/4-door/2013-2017/driving--turn-signal-lever,200,13211d4addc95a4af19deb6a90dfa7e9d0b03fc5c5bb89ee5c9ac54d3e3b2b72,2026-10-02T06:40:02+00:00,,
toyota,corolla,4-door,2013-2017,driving--parking-brake,https://www.mycarusermanual.com/toyota/corolla/4-door/2013-2017/driving--parking-brake,200,8f33530b8b870406523b8abcc7c81e431ebc1ceec658b5463a7ced065834f432,2026-10-02T06:40:06+00:00,,
toyota,corolla,4-door,2013-2017,driving--headlight-switch,https://www.mycarusermanual.com/toyota/corolla/4-door/2013-2017/driving--headlight-switch,200,94370a44c4217d399e43616809cd6a189e6e9598bfe984923478319fe9018e73,2026-10-02T06:40:10+00:00,,
toyota,corolla,4-door,2013-2017,driving--fog-light-switch,https://www.mycarusermanual.com/toyota/corolla/4-door/2013-2017/driving--fog-light-switch,200,765a18490bbe2bee94119ab058c5e85f750d5ae430156fae720d687306b5ec26,2026-10-02T06:40:13+00:00,,
toyota,corolla,4-door,2013-2017,driving--windshield-wipers-and-washer,https://www.mycarusermanual.com/toyota/corolla/4-door/2013-2017/driving--windshield-wipers-and-washer,200,d39f30df9f9676ff05e9158ac7b8a701c129e051a5525f4f471060dd6837e618,2026-10-02T06:40:15+00:00,,
toyota,corolla,4-door,2013-2017,driving--opening-the-fuel-tank-cap,https://www.mycarusermanual.com/toyota/corolla/4-door/2013-2017/driving--opening-the-fuel-tank-cap,200,afd82d73372edec8f1b58bcdd2bc7a1aee68f5c2adc8329100b7776947a8454d,2026-10-02T06:40:21+00:00,,
toyota,corolla,4-door,2013-2017,driving--cruise-control,https://www.mycarusermanual.com/toyota/corolla/4-door/2013-2017/driving--cruise-control,200,038d8460b3e8f01beba1a9b3cda5caafce7114a25fe4b642b85544dd9744cac6,2026-10-02T06:40:25+00:00,,
toyota,corolla,4-door,2013-2017,audiosystem,https://www.mycarusermanual.com/toyota/corolla/4-door/2013-2017/audiosystem,200,dd8b37a0592eb98bf6c92cbaf417f3ed3dd0d0ad96fa9d3995ed0444259a975e,2026-10-02T06:40:28+00:00,,
toyota,corolla,4-door,2013-2017,audiosystem--steering-wheel-audio-switches,https://www.mycarusermanual.com/toyota/corolla/4-door/2013-2017/audiosystem--steering-wheel-audio-switches,200,0e0d0ffeb61aaee199beee6ecfa98dd453ab84b01dd5d0e4ec7e1faf7550d040,2026-10-02T06:40:32+00:00,,
toyota,corolla,4-door,2013-2017,audiosystem--optimal-use-of-the-audio-system,https://www.mycarusermanual.com/toyota/corolla/4-door/2013-2017/audiosystem--optimal-use-of-the-audio-system,200,429fe8d5c54f7586118a291f689a2ee91fb39a17e1ca598f522579710f8bc39f,2026-10-02T06:40:34+00:00,,
toyota,corolla,4-door,2013-2017,audiosystem--cd-player-operation,https://www.mycarusermanual.com/toyota/corolla/4-door/2013-2017/audiosystem--cd-player-operation,200,b2a609426d2b6ea1318712f7735e70f9ec13f41117c230fb968c0c6767d5b5b4,2026-10-02T06:40:39+00:00,,
toyota,corolla,4-door,2013-2017,audiosystem--listening-to-a-usb-memory-device,https://www.mycarusermanual.com/toyota/corolla/4-door/2013-2017/audiosystem--listening-to-a-usb-memory-device,200,b82cce9571f9c17a435986d485bc85111c37956af4346ad64467e3923b275d37,2026-10-02T06:40:44+00:00,,
toyota,corolla,4-door,2013-2017,audiosystem--bluetooth-audio-phone,https://www.mycarusermanual.com/toyota/corolla/4-door/2013-2017/audiosystem--bluetooth-audio-phone,200,1c315ea80b0d162dabaa9d8ee71502431c9fef6c4652e36d75084f88d95a4805,2026-10-02T06:40:48+00:00,,
toyota,corolla,4-door,2013-2017,audiosystem--using-the-steering-wheel-switches,https://www.mycarusermanual.com/toyota/corolla/4-door/2013-2017/audiosystem--using-the-steering-wheel-switches,200,d5b8a631f9b37e7b0e6e7817b64094238f1cba4c0a51233a3326404f6b642baa,2026-10-02T06:40:53+00:00,,
toyota,corolla,4-door,2013-2017,audiosystem--registering-a-bluetooth-device,https://www.mycarusermanual.com/toyota/corolla/4-door/2013-2017/audiosystem--registering-a-bluetooth-device,200,abe011ed92902c85a07d6589390c9f302677fb5c84bc65156c158b83c02c6852,2026-10-02T06:40:58+00:00,,
toyota,corolla,4-door,2013-2017,audiosystem--using-the-set-up-menu--bluetooth-menu-,https://www.mycarusermanual.com/toyota/corolla/4-door/2013-2017/audiosystem--using-the-set-up-menu--bluetooth-menu-,200,93613361cb63c3ad88663135743ee768626024b06c53daeb24ff428f8e968e1b,2026-10-02T06:41:02+00:00,,
toyota,corolla,4-door,2013-2017,audiosystem--using-the-set-up-menu--phone-menu-,https://www.mycarusermanual.com/toyota/corolla/4-door/2013-2017/audiosystem--using-the-set-up-menu--phone-menu-,200,551ce4cd791fecac873b1e3c45886d6065c89934470a5d2d6f3b89e00f397b7a,2026-10-02T06:41:06+00:00,,
toyota,corolla,4-door,2013-2017,audiosystem--operating-a-bluetooth-enabled-portable-player,https://www.mycarusermanual.com/toyota/corolla/4-door/2013-2017/audiosystem--operating-a-bluetooth-enabled-portable-player,200,08926ca7769a18478b7deaaba04f1a42e67aa8493904de19e30418b828d2e00b,2026-10-02T06:41:09+00:00,,
toyota,corolla,4-door,2013-2017,audiosystem--making-a-phone-call,https://www.mycarusermanual.com/toyota/corolla/4-door/2013-2017/audiosystem--making-a-phone-call,200,9b6c5858ea38d1d985cfa16bf9a4c9cf822790834a16751bece77f9fc13e007e,2026-10-02T06:41:11+00:00,,
toyota,corolla,4-door,2013-2017,audiosystem--receiving-a-phone-call,https://www.mycarusermanual.com/toyota/corolla/4-door/2013-2017/audiosystem--receiving-a-phone-call,200,05f689af236878ad202adb8d7812d53996be153111680df35f6a5bfb1d04ce4c,2026-10-02T06:41:16+00:00,,
toyota,corolla,4-door,2013-2017,audiosystem--bluetooth-,https://www.mycarusermanual.com/toyota/corolla/4-door/2013-2017/audiosystem--bluetooth-,200,87f553a8afc176553e105e001733418bbb4eae0c8c57594560269eb7cbf55d59,2026-10-02T06:41:20+00:00,,
toyota,corolla,4-door,2013-2017,audiosystem--multimedia-system,https://www.mycarusermanual.com/toyota/corolla/4-door/2013-2017/audiosystem--multimedia-system,200,20460325281bdfab9452ab627f42fa15a8033800051046cd1e606bf2114db0b2,2026-10-02T06:41:22+00:00,,
toyota,corolla,4-door,2013-2017,audiosystem--setup-menu,https://www.mycarusermanual.com/toyota/corolla/4-door/2013-2017/audiosystem--setup-menu,200,82ee03c6ad72f60670ab56d27173ff71a5a0a579d176dd2f7190068a69358488,2026-10-02T06:41:26+00:00,,
toyota,corolla,4-door,2013-2017,audiosystem--general-settings,https://www.mycarusermanual.com/toyota/corolla/4-door/2013-2017/audiosystem--general-settings,200,f26a39ab024fdcdc6199a02dc4e8a84257b39f31b8f749c4c03d2afb70692486,2026-10-02T06:41:31+00:00,,
toyota,corolla,4-door,2013-2017,audiosystem--display-settings,https://www.mycarusermanual.com/toyota/corolla/4-door/2013-2017/audiosystem--display-settings,200,f904ef6511483d0117509a4a12f65fb7d55a9be03c1be4099c53af1290d8f333,2026-10-02T06:41:33+00:00,,
toyota,corolla,4-door,2013-2017,audiosystem--selecting-the-audio-source,https://www.mycarusermanual.com/toyota/corolla/4-door/2013-2017/audiosystem--selecting-the-audio-source,200,712e36e3ff7ba602d5b76f794c173450498695de9c9723496a1c94ece34e7d54,2026-10-02T06:41:36+00:00,,
toyota,corolla,4-door,2013-2017,audiosystem--optimal-use-of-the-multimedia-system,https://www.mycarusermanual.com/toyota/corolla/4-door/2013-2017/audiosystem--optimal-use-of-the-multimedia-system,200,814de25ad01d0f370b66fcee874f9167717eb491bec6d38a82004b0d9512198c,2026-10-02T06:41:40+00:00,,
toyota,corolla,4-door,2013-2017,audiosystem--vehicle-information,https://www.mycarusermanual.com/toyota/corolla/4-door/2013-2017/audiosystem--vehicle-information,200,c85b70ede4ef3f31c640c387ed71abada0a920f3d5b4eeb040a86a3a43b5600d,2026-10-02T06:41:44+00:00,,
toyota,corolla,4-door,2013-2017,audiosystem--preparations-to-use-wireless-communication,https://www.mycarusermanual.com/toyota/corolla/4-door/2013-2017/audiosystem--preparations-to-use-wireless-communication,200,5e789cac50c53a780172160580003bf97d06ffa2fe414b77f2beaadacb99a95b,2026-10-02T06:41:47+00:00,,
toyota,corolla,4-door,2013-2017,audiosystem--connecting-a-bluetooth-device,https://www.mycarusermanual.com/toyota/corolla/4-door/2013-2017/audiosystem--connecting-a-bluetooth-device,200,602e3018d0f1276adc3d8b2e970710d7cb0bd9d62b51d61fa6aa681be6bc27e5,2026-10-02T06:41:52+00:00,,
toyota,corolla,4-door,2013-2017,audiosystem--displaying-a-bluetooth-device-details,https://www.mycarusermanual.com/toyota/corolla/4-door/2013-2017/audiosystem--displaying-a-bluetooth-device-details,200,8816c8d8a4d89ce2ac11175998c8af4e3858c38a59b57db33dc1fb8c0c0f100a,2026-10-02T06:41:57+00:00,,
toyota,corolla,4-door,2013-2017,audiosystem--detailed-bluetooth-system-settings,https://www.mycarusermanual.com/toyota/corolla/4-door/2013-2017/audiosystem--detailed-bluetooth-system-settings,200,2a7545e8da181a6407418863d20a1bbbbf78334aa803cad4abdf8b530c121712,2026-10-02T06:41:59+00:00,,
toyota,corolla,4-door,2013-2017,audiosystem--listening-to-bluetooth-audio,https://www.mycarusermanual.com/toyota/corolla/4-door/2013-2017/audiosystem--listening-to-bluetooth-audio,200,5c03748b9964d3f96fa3327f173e365a55af33a8bd020b61cf80fee599e34daf,2026-10-02T06:42:03+00:00,,
toyota,corolla,4-door,2013-2017,audiosystem--using-a-bluetooth-phone,https://www.mycarusermanual.com/toyota/corolla/4-door/2013-2017/audiosystem--using-a-bluetooth-phone,200,fd8562a5f814dd8a910af97e52edcfb796c82762b72ad3e4c79a08b366770f2c,2026-10-02T06:42:06+00:00,,
toyota,corolla,4-door,2013-2017,audiosystem--making-a-call,https://www.mycarusermanual.com/toyota/corolla/4-door/2013-2017/audiosystem--making-a-call,200,0069f53a56c7cbd940692f9ec2469d48b65396f5ebf0afb2b8660f75067c1ff2,2026-10-02T06:42:10+00:00,,
toyota,corolla,4-door,2013-2017,audiosystem--receiving-a-call,https://www.mycarusermanual.com/toyota/corolla/4-door/2013-2017/audiosystem--receiving-a-call,200,a919403556847d7a7af1f0c3c41224692a1d55d254eb8e785b919c94bd138615,2026-10-02T06:42:13+00:00,,
toyota,corolla,4-door,2013-2017,audiosystem--bluetooth-phone-message-function,https://www.mycarusermanual.com/toyota/corolla/4-door/2013-2017/audiosystem--bluetooth-phone-message-function,200,385528915ec5438cd5ad804041a786cc0f52ba4730990bdbae6f7a3e9471cf37,2026-10-02T06:42:16+00:00,,
toyota,corolla,4-door,2013-2017,audiosystem--bluetooth-phone-settings,https://www.mycarusermanual.com/toyota/corolla/4-door/2013-2017/audiosystem--bluetooth-phone-settings,200,581d11544b53d76665d5f09e85ddc601bab476b982b40873bcce09762c1a43e1,2026-10-02T06:42:21+00:00,,
toyota,corolla,4-door,2013-2017,audiosystem--contact-call-history-settings,https://www.mycarusermanual.com/toyota/corolla/4-door/2013-2017/audiosystem--contact-call-history-settings,200,3f22193920a7575941206e164932a52bd08c0fd081e59b63a432395ac262da20,2026-10-02T06:42:23+00:00,,
toyota,corolla,4-door,2013-2017,audiosystem--what-to-do-if---troubleshooting-,https://www.mycarusermanual.com/toyota/corolla/4-door/2013-2017/audiosystem--what-to-do-if---troubleshooting-,200,55dfa5c539bd2b82aa7e9600df75c315dcd710085536bb7d2d291127760c9163,2026-10-02T06:42:28+00:00,,
toyota,corolla,4-door,2013-2017,audiosystem--bluetooth,https://www.mycarusermanual.com/toyota/corolla/4-door/2013-2017/audiosystem--bluetooth,200,bf7267e404e482768ff215bfc904545d14eb468200d8067bc1224651c0ec4c18,2026-10-02T06:42:33+00:00,,
toyota,corolla,4-door,2013-2017,interiorfeatures,https://www.mycarusermanual.com/toyota/corolla/4-door/2013-2017/interiorfeatures,200,796e6bc907d547d359485ad059e7afc8437d3c917903df2dbd441fd604f199a5,2026-10-02T06:42:38+00:00,,
toyota,corolla,4-door,2013-2017,interiorfeatures--manual-air-conditioning-system,https://www.mycarusermanual.com/toyota/corolla/4-door/2013-2017/interiorfeatures--manual-air-conditioning-system,200,d5596e6d6b69cad1779f2bfe2514490ebd8abf39792b370bb56351fceff429f4,2026-10-02T06:42:43+00:00,,
toyota,corolla,4-door,2013-2017,interiorfeatures--interior-lights-list,https://www.mycarusermanual.com/toyota/corolla/4-door/2013-2017/interiorfeatures--interior-lights-list,200,595d3742cd32d145129d85933809f16de361bb16f6a1771f84a990fa7a5b0fff,2026-10-02T06:42:46+00:00,,
toyota,corolla,4-door,2013-2017,interiorfeatures--other-interior-features,https://www.mycarusermanual.com/toyota/corolla/4-door/2013-2017/interiorfeatures--other-interior-features,200,3493daff25cde218902013fe73f521f7587a73bafa049d27e1f66e9219177696,2026-10-02T06:42:49+00:00,,
toyota,corolla,4-door,2013-2017,interiorfeatures--compass,https://www.mycarusermanual.com/toyota/corolla/4-door/2013-2017/interiorfeatures--compass,200,5b391e970536231b1e9e68649adf97b4fcd66ea77744d483dd38aa47ac96fdfe,2026-10-02T06:42:52+00:00,,
toyota,corolla,4-door,2013-2017,interiorfeatures--seat-heaters,https://www.mycarusermanual.com/toyota/corolla/4-door/2013-2017/interiorfeatures--seat-heaters,200,450260453d974d86f1d8f3ba65d372a6c9d45a70b8dfed087a311c923f86b354,2026-10-02T06:42:57+00:00,,
toyota,corolla,4-door,2013-2017,maintenanceandcare,https://www.mycarusermanual.com/toyota/corolla/4-door/2013-2017/maintenanceandcare,200,07234137e8ff22bb268e7c1bf9db289bed7ae664a0f6a98f8c5a04be8383b898,2026-10-02T06:42:59+00:00,,
toyota,corolla,4-door,2013-2017,maintenanceandcare--cleaning-and-protecting-the-vehicle-exterior,https://www.mycarusermanual.com/toyota/corolla/4-door/2013-2017/maintenanceandcare--cleaning-and-protecting-the-vehicle-exterior,200,a69081cc3f5044ecdb89c3505d319bbfc0498667bd280489386dea7fb2d5e980,2026-10-02T06:43:02+00:00,,
toyota,corolla,4-door,2013-2017,maintenanceandcare--cleaning-and-protecting-the-vehicle-interior,https://www.mycarusermanual.com/toyota/corolla/4-door/2013-2017/maintenanceandcare--cleaning-and-protecting-the-vehicle-interior,200,e06d19040f5de9176909b8ae53053bef2104ae5141ec9f7c609e1741c92395d6,2026-10-02T06:43:07+00:00,,
toyota,corolla,4-door,2013-2017,maintenanceandcare--general-maintenance,https://www.mycarusermanual.com/toyota/corolla/4-door/2013-2017/maintenanceandcare--general-maintenance,200,769760c01e467e135941b78f3d05f8401d6938200c2b29c74e09c95e73b2442b,2026-10-02T06:43:11+00:00,,
toyota,corolla,4-door,2013-2017,maintenanceandcare--emission-inspection-and-maintenance-i-m-programs,https://www.mycarusermanual.com/toyota/corolla/4-door/2013-2017/maintenanceandcare--emission-inspection-and-maintenance-i-m-programs,200,0df11c1385b3ef90c845608d6ea4592294041ef3ddbe2d7ea158988472bf4c45,2026-10-02T06:43:16+00:00,,
toyota,corolla,4-door,2013-2017,maintenanceandcare--do-it-yourself-service-precautions,https://www.mycarusermanual.com/toyota/corolla/4-door/2013-2017/maintenanceandcare--do-it-yourself-service-precautions,200,dd0e9c658ae868af19ac7cfcd3b385fde5a86fa06092e7b9083c9cbf60d73a5e,2026-10-02T06:43:19+00:00,,
toyota,corolla,4-door,2013-2017,maintenanceandcare--hood,https://www.mycarusermanual.com/toyota/corolla/4-door/2013-2017/maintenanceandcare--hood,200,e4dbb9c5134e499bdf25a9fe10aaf9dc06f109a363076be847642b233df1e982,2026-10-02T06:43:23+00:00,,
toyota,corolla,4-door,2013-2017,maintenanceandcare--positioning-a-floor-jack,https://www.mycarusermanual.com/toyota/corolla/4-door/2013-2017/maintenanceandcare--positioning-a-floor-jack,200,58eb5f07f6885dd9290e1ce5ef77fc94683bc896f62bcd7aee3cddbd98c1df45,2026-10-02T06:43:28+00:00,,
toyota,corolla,4-door,2013-2017,maintenanceandcare--engine-compartment,https://www.mycarusermanual.com/toyota/corolla/4-door/2013-2017/maintenanceandcare--engine-compartment,200,44a95cae8b11b24d8eeb59df13d0e3511f558015a129d5bc642dc01e4964710f,2026-10-02T06:43:30+00:00,,
toyota,corolla,4-door,2013-2017,maintenanceandcare--tires,https://www.mycarusermanual.com/toyota/corolla/4-door/2013-2017/maintenanceandcare--tires,200,4c45eadabf6bd2347ccc0eb9caf0eacdc5cbc75001d0e4d8415e4a6467cb1801,2026-10-02T06:43:34+00:00,,
toyota,corolla,4-door,2013-2017,maintenanceandcare--tire-inflation-pressure,https://www.mycarusermanual.com/toyota/corolla/4-door/2013-2017/maintenanceandcare--tire-inflation-pressure,200,995d7d8ac7a7eccc8db72e7877d7451d4dd4c87d1ecb47f6ad9250efd96c85b2,2026-10-02T06:43:37+00:00,,
toyota,corolla,4-door,2013-2017,maintenanceandcare--wheels,https://www.mycarusermanual.com/toyota/corolla/4-door/2013-2017/maintenanceandcare--wheels,200,1c6cb76c10ed9a52fea3beb816d134e8c5d1a0ee83d40922f4f7fc1b0b880cc0,2026-10-02T06:43:42+00:00,,
toyota,corolla,4-door,2013-2017,maintenanceandcare--air-conditioning-filter,https://www.mycarusermanual.com/toyota/corolla/4-door/2013-2017/maintenanceandcare--air-conditioning-filter,200,bd70185a5651655ca4730af61f89983b3108fca1c59cd3070ba51624caa3eae3,2026-10-02T06:43:46+00:00,,
toyota,corolla,4-door,2013-2017,maintenanceandcare--wireless-remote-control-electronic-key-battery,https://www.mycarusermanual.com/toyota/corolla/4-door/2013-2017/maintenanceandcare--wireless-remote-control-electronic-key-battery,200,227bf862a4643ee01c50ace32f24594d71ebe9c5d28109a49fd87688b23e8375,2026-10-02T06:43:51+00:00,,
toyota,corolla,4-door,2013-2017,maintenanceandcare--checking-and-replacing-fuses,https://www.mycarusermanual.com/toyota/corolla/4-door/2013-2017/maintenanceandcare--checking-and-replacing-fuses,200,055e60a8a226184787cebbea283b9cdbe78f7733813a16f1795b353e9ec73b51,2026-10-02T06:43:56+00:00,,
toyota,corolla,4-door,2013-2017,maintenanceandcare--light-bulbs,https://www.mycarusermanual.com/toyota/corolla/4-door/2013-2017/maintenanceandcare--light-bulbs,200,ed1a82f43afa5fbf8b3961cc9df988fff127ae7cb291c921267e546df2266481,2026-10-02T06:43:59+00:00,,
toyota,corolla,4-door,2013-2017,whentroublearises,https://www.mycarusermanual.com/toyota/corolla/4-door/2013-2017/whentroublearises,200,7d2f2a62d66f29614c478394ff6018cd8ababf3e4d45c1b1b7f56b9cfaa983dd,2026-10-02T06:44:04+00:00,,
toyota,corolla,4-door,2013-2017,whentroublearises--emergency-flashers,https://www.mycarusermanual.com/toyota/corolla/4-door/2013-2017/whentroublearises--emergency-flashers,200,64dcd9d58e0fd81809db0957115289172f986b4670496d30cc3a1d4d760f6251,2026-10-02T06:44:10+00:00,,
toyota,corolla,4-door,2013-2017,whentroublearises--if-your-vehicle-has-to-be-stopped-in-an-emergency,https://www.mycarusermanual.com/toyota/corolla/4-door/2013-2017/whentroublearises--if-your-vehicle-has-to-be-stopped-in-an-emergency,200,9b56617cdbb1376faa19dcb241dd96ec91f3fc04587ed88f178263de1adc050e,2026-10-02T06:44:14+00:00,,
toyota,corolla,4-door,2013-2017,whentroublearises--if-your-vehicle-needs-to-be-towed,https://www.mycarusermanual.com/toyota/corolla/4-door/2013-2017/whentroublearises--if-your-vehicle-needs-to-be-towed,200,21a0d338c42c7d28c9868a162375f289d1cc5f8a456d52fedb8d3982381387fe,2026-10-02T06:44:18+00:00,,
toyota,corolla,4-door,2013-2017,whentroublearises--if-you-think-something-is-wrong,https://www.mycarusermanual.com/toyota/corolla/4-door/2013-2017/whentroublearises--if-you-think-something-is-wrong,200,55a830af6b8db687c98aed2209e5c0fdfef59317d97fce1a8e1e65bcc537c90e,2026-10-02T06:44:21+00:00,,
toyota,corolla,4-door,2013-2017,whentroublearises--fuel-pump-shut-off-system,https://www.mycarusermanual.com/toyota/corolla/4-door/2013-2017/whentroublearises--fuel-pump-shut-off-system,200,a2607200317017aa52260d20f733075bfd87700ed6b4953abd3fdfeecd84401f,2026-10-02T06:44:24+00:00,,
toyota,corolla,4-door,2013-2017,whentroublearises--if-a-warning-message-or-indicator-is-displayed,https://www.mycarusermanual.com/toyota/corolla/4-door/2013-2017/whentroublearises--if-a-warning-message-or-indicator-is-displayed,200,a074fcf1dd5d0ac1614b5ce6d2db4303e3a1326d5ae246a86fb40bcfe27f6b7d,2026-10-02T06:44:27+00:00,,
toyota,corolla,4-door,2013-2017,whentroublearises--if-you-have-a-flat-tire,https://www.mycarusermanual.com/toyota/corolla/4-door/2013-2017/whentroublearises--if-you-have-a-flat-tire,200,28769e7d37cc7d25014b698858d26522751d071c6e40001084fc8d0db6879c5a,2026-10-02T06:44:32+00:00,,
toyota,corolla,4-door,2013-2017,whentroublearises--if-the-engine-will-not-start,https://www.mycarusermanual.com/toyota/corolla/4-door/2013-2017/whentroublearises--if-the-engine-will-not-start,200,feb0f591d5bdb33a0a514e1cc75acae81e549de181883bd4317c1b670ea3dd7f,2026-10-02T06:44:35+00:00,,
toyota,corolla,4-door,2013-2017,whentroublearises--if-the-shift-lever-cannot-be-shifted-from-p,https://www.mycarusermanual.com/toyota/corolla/4-door/2013-2017/whentroublearises--if-the-shift-lever-cannot-be-shifted-from-p,200,bbceb2325bdb4de7e0a44d2702746e6f6f50a626b8ca2bd480bf7c447dd62b62,2026-10-02T06:44:37+00:00,,
toyota,corolla,4-door,2013-2017,whentroublearises--if-the-electronic-key-does-not-operate-properly,https://www.mycarusermanual.com/toyota/corolla/4-door/2013-2017/whentroublearises--if-the-electronic-key-does-not-operate-properly,200,c2e68cffe3958d3e16081d6465e76eb35a0602a441a5136b0d4263c2c18fe781,2026-10-02T06:44:40+00:00,,
toyota,corolla,4-door,2013-2017,whentroublearises--if-the-vehicle-battery-is-discharged,https://www.mycarusermanual.com/toyota/corolla/4-door/2013-2017/whentroublearises--if-the-vehicle-battery-is-discharged,200,f0a20ada05bced17a4d305ded698b3f33dd380707748ac456c0539c0b8e82fb1,2026-10-02T06:44:44+00:00,,
toyota,corolla,4-door,2013-2017,whentroublearises--if-your-vehicle-overheats,https://www.mycarusermanual.com/toyota/corolla/4-door/2013-2017/whentroublearises--if-your-vehicle-overheats,200,6bdf54acf9c9ed336e0b224edab858ddbfbf351fd2edf5dd8a9216413eafd9da,2026-10-02T06:44:49+00:00,,
toyota,corolla,4-door,2013-2017,whentroublearises--if-the-vehicle-becomes-stuck,https://www.mycarusermanual.com/toyota/corolla/4-door/2013-2017/whentroublearises--if-the-vehicle-becomes-stuck,200,c1fb306f8e1d59b40ff455b49f5d4902b08bff55a8c565385ad9a13a642f0b35,2026-10-02T06:44:51+00:00,,
toyota,corolla,4-door,2013-2017,vehiclespecifications,https://www.mycarusermanual.com/toyota/corolla/4-door/2013-2017/vehiclespecifications,200,1aa42ec7eadd9bf201bd74a679d862a5c503c5fe1ef80051e561d29612a00b66,2026-10-02T06:44:56+00:00,,
toyota,corolla,4-door,2013-2017,vehiclespecifications--maintenance-data-fuel-oil-level-etc-,https://www.mycarusermanual.com/toyota/corolla/4-door/2013-2017/vehiclespecifications--maintenance-data-fuel-oil-level-etc-,200,ac426c834ebe878c7fafe43e3f04ad6b88cdeb899e4575cfd272d031438bf3df,2026-10-02T06:44:59+00:00,,
toyota,corolla,4-door,2013-2017,vehiclespecifications--fuel-information,https://www.mycarusermanual.com/toyota/corolla/4-door/2013-2017/vehiclespecifications--fuel-information,200,3b7a24e3d4feb654d63e85b7efce7484ca078a8981536121bcb14203e8545289,2026-10-02T06:45:04+00:00,,
toyota,corolla,4-door,2013-2017,vehiclespecifications--tire-information,https://www.mycarusermanual.com/toyota/corolla/4-door/2013-2017/vehiclespecifications--tire-information,200,122cf2c28fcc3e3a371e480e2902335ee58edf5c7babae51924d03c239a845bd,2026-10-02T06:45:08+00:00,,
toyota,corolla,4-door,2013-2017,vehiclespecifications--customizable-features,https://www.mycarusermanual.com/toyota/corolla/4-door/2013-2017/vehiclespecifications--customizable-features,200,f106268926799e3005470250c9cde1b88fc786942aa5f3c91f2c07c928bf9174,2026-10-02T06:45:14+00:00,,
toyota,corolla,4-door,2013-2017,vehiclespecifications--items-to-initialize,https://www.mycarusermanual.com/toyota/corolla/4-door/2013-2017/vehiclespecifications--items-to-initialize,200,8c08831437e8bb5860bf00e9012f348f65abe77cdc2e8e9a449964eb8d18746e,2026-10-02T06:45:16+00:00,,
toyota,corolla,4-door,2013-2017,forowners,https://www.mycarusermanual.com/toyota/corolla/4-door/2013-2017/forowners,200,6f5be0099e8de0c01fcd3a7b7abd72d61428b46047c525c4531005aaa02adacc,2026-10-02T06:45:21+00:00,,
toyota,corolla,4-door,2013-2017,forowners--seat-belt-instructions-for-canadian-owners-in-french-,https://www.mycarusermanual.com/toyota/corolla/4-door/2013-2017/forowners--seat-belt-instructions-for-canadian-owners-in-french-,200,171fecf6b667fd333bced591f65ba7f5006425a9b3b6e2f332c5cf73175c9e39,2026-10-02T06:45:23+00:00,,
toyota,corolla,4-door,2023,_index,https://www.mycarusermanual.com/toyota/corolla/4-door/2023,200,8f5f8ce2805bf83f25ce0261def9f0a3c1413314844483ea9af1a57c66ac4bd4,2026-10-02T06:45:26+00:00,,
toyota,corolla,4-door,2023,table-of-contents,https://www.mycarusermanual.com/toyota/corolla/4-door/2023/table-of-contents,200,f174b089ea73cf2e40910279c1fdb2c8eb52a0c91b07425b76dc9cfb591b97ab,2026-10-02T06:45:30+00:00,,
toyota,corolla,4-door,2023,for-your-information,https://www.mycarusermanual.com/toyota/corolla/4-door/2023/for-your-information,200,a418a5e957385527258b831fb4bd8dce41a1a1458edf825e719dd22650385f02,2026-10-02T06:45:35+00:00,,
toyota,corolla,4-door,2023,reading-this-manual,https://www.mycarusermanual.com/toyota/corolla/4-door/2023/reading-this-manual,200,8271a57db6fa165bc05e7d1f1e8ea0e0a0a247e9d095ceeb046cfb21b7cb25e9,2026-10-02T06:45:38+00:00,,
toyota,corolla,4-door,2023,how-to-search,https://www.mycarusermanual.com/toyota/corolla/4-door/2023/how-to-search,200,9079e0292287af946491b2dbf5517bd9e27691c899454ee259a07ded6007c351,2026-10-02T06:45:42+00:00,,
toyota,corolla,4-door,2023,pictorial-index,https://www.mycarusermanual.com/toyota/corolla/4-door/2023/pictorial-index,200,6dae38b0e99e5c15fdde52afca12c94c7fd91b3772f30e1f21cbd4f0c132c83c,2026-10-02T06:45:46+00:00,,
toyota,corolla,4-door,2023,for-safety-and-security,https://www.mycarusermanual.com/toyota/corolla/4-door/2023/for-safety-and-security,200,9b68789d83af9560713cf79dee454142cfbfb9fd3a42312d98f9d0c9bb49bde9,2026-10-02T06:45:50+00:00,,
toyota,corolla,4-door,2023,for-safety-and-security--before-driving,https://www.mycarusermanual.com/toyota/corolla/4-door/2023/for-safety-and-security--before-driving,200,a33c1f9f8b2f69606db2f5263fb09d4345ed7022d62145bd0d6f69af414aa5a8,2026-10-02T06:45:55+00:00,,
toyota,corolla,4-door,2023,for-safety-and-security--for-safe-driving,https://www.mycarusermanual.com/toyota/corolla/4-door/2023/for-safety-and-security--for-safe-driving,200,405eb756a182473cf80fdbcc4eb75090573020f268c64297f8e6e74240d1bee1,2026-10-02T06:45:59+00:00,,
toyota,corolla,4-door,2023,for-safety-and-security--seat-belts,https://www.mycarusermanual.com/toyota/corolla/4-door/2023/for-safety-and-security--seat-belts,200,ec1bef9e7c23299f36058a115fb87df66d0e22c144917b771a2de5d8b551e822,2026-10-02T06:46:04+00:00,,
toyota,corolla,4-door,2023,for-safety-and-security--srs-airbags,https://www.mycarusermanual.com/toyota/corolla/4-door/2023/for-safety-and-security--srs-airbags,200,98865a504fbe4fca60c187ddd5a723c22a1e62262498c3343f68e518903d2e70,2026-10-02T06:46:07+00:00,,
toyota,corolla,4-door,2023,for-safety-and-security--front-passenger-occupant-classification-system,https://www.mycarusermanual.com/toyota/corolla/4-door/2023/for-safety-and-security--front-passenger-occupant-classification-system,200,655c8d15862ae2ea3d0ee4a39b0bb834b506703783e3c38ae64bdb500b3a21eb,2026-10-02T06:46:10+00:00,,
toyota,corolla,4-door,2023,for-safety-and-security--exhaust-gas-precautions,https://www.mycarusermanual.com/toyota/corolla/4-door/2023/for-safety-and-security--exhaust-gas-precautions,200,51737e5b607196a405a6c33ad396cfb3cae9c13e971a40f882f6a4c387a90827,2026-10-02T06:46:14+00:00,,
toyota,corolla,4-door,2023,for-safety-and-security--child-safety-riding-with-children,https://www.mycarusermanual.com/toyota/corolla/4-door/2023/for-safety-and-security--child-safety-riding-with-children,200,4d9e859084ba0c757b1040f00401baac5f5bc5fe0e575a622fbefde11b9b9eab,2026-10-02T06:46:18+00:00,,
toyota,corolla,4-door,2023,for-safety-and-security--child-safety-child-restraint-systems,https://www.mycarusermanual.com/toyota/corolla/4-door/2023/for-safety-and-security--child-safety-child-restraint-systems,200,8694d7dab7f1330a6405da50aa9fe0e03fb973ba2a0d3af3f43845d4707cd0d6,2026-10-02T06:46:22+00:00,,
toyota,corolla,4-door,2023,for-safety-and-security--emergency-assistance-safety-connect,https://www.mycarusermanual.com/toyota/corolla/4-door/2023/for-safety-and-security--emergency-assistance-safety-connect,200,baec8ee497ded118da1c4bf9eab78a00fbbdd3c27db5ca0a27bf9297e528085d,2026-10-02T06:46:24+00:00,,
toyota,corolla,4-door,2023,for-safety-and-security--theft-deterrent-system-engine-immobilizer-system,https://www.mycarusermanual.com/toyota/corolla/4-door/2023/for-safety-and-security--theft-deterrent-system-engine-immobilizer-system,200,cc3b9d9a69e7cddf382365dccc9231a3b04aab62cfa36c8deea66df0fab90864,2026-10-02T06:46:29+00:00,,
toyota,corolla,4-door,2023,for-safety-and-security--theft-deterrent-system-alarm,https://www.mycarusermanual.com/toyota/corolla/4-door/2023/for-safety-and-security--theft-deterrent-system-alarm,200,1acf9e05819f62847e5d935a308e3a0fe7b0b695b9b76f36faf6f0cbd1089512,2026-10-02T06:46:33+00:00,,
toyota,corolla,4-door,2023,vehicle-status-information-and-indicators--,https://www.mycarusermanual.com/toyota/corolla/4-door/2023/vehicle-status-information-and-indicators--,200,1ddba3be26f1804d782c4f445d3687c1d55adcd6780b23976dd162642d3479ee,2026-10-02T06:46:37+00:00,,
toyota,corolla,4-door,2023,vehicle-status-information-and-indicators--instrument-cluster-warning-lights-and-indicators,https://www.mycarusermanual.com/toyota/corolla/4-door/2023/vehicle-status-information-and-indicators--instrument-cluster-warning-lights-and-indicators,200,71bd63c09c1882e55f3fdb7eb169122905459b35bcd89ea548db7edbeef45ebb,2026-10-02T06:46:41+00:00,,
toyota,corolla,4-door,2023,vehicle-status-information-and-indicators--instrument-cluster-gauges-and-meters-7-inch-display,https://www.mycarusermanual.com/toyota/corolla/4-door/2023/vehicle-status-information-and-indicators--instrument-cluster-gauges-and-meters-7-inch-display,200,4100b87bd6df263d95907078d900c6062ddb27bf232a8fa5df8f3549d2be60c8,2026-10-02T06:46:44+00:00,,
toyota,corolla,4-door,2023,vehicle-status-information-and-indicators--instrument-cluster-multi-information-display-7-inch-display,https://www.mycarusermanual.com/toyota/corolla/4-door/2023/vehicle-status-information-and-indicators--instrument-cluster-multi-information-display-7-inch-display,200,db9bca10b5950bdbecab0391ecdb9aea6fb22690aa128cd253b4c017828e931a,2026-10-02T06:46:47+00:00,,
toyota,corolla,4-door,2023,vehicle-status-information-and-indicators--instrument-cluster-fuel-consumption-information,https://www.mycarusermanual.com/toyota/corolla/4-door/2023/vehicle-status-information-and-indicators--instrument-cluster-fuel-consumption-information,200,453db1c42962927f2c0dd88f1d8092f787fabb74751641841eddfb007290dadc,2026-10-02T06:46:52+00:00,,
toyota,corolla,4-door,2023,before-driving,https://www.mycarusermanual.com/toyota/corolla/4-door/2023/before-driving,200,f3a027201a687518602825e3e32a5d2272fc56aaac2ff8cdd9e45bdbff75d46a,2026-10-02T06:46:57+00:00,,
toyota,corolla,4-door,2023,before-driving--key-information-keys,https://www.mycarusermanual.com/toyota/corolla/4-door/2023/before-driving--key-information-keys,200,96db9c5732bb334db51c8a297f77462ed88051563153be693f9f3c20426eb41d,2026-10-02T06:47:01+00:00,,
toyota,corolla,4-door,2023,before-driving--opening-closing-and-locking-the-doors-doors,https://www.mycarusermanual.com/toyota/corolla/4-door/2023/before-driving--opening-closing-and-locking-the-doors-doors,200,ec1b1c8e74dc4a9b96b5da2ffb669d5fe2bdbadaa0ded260436de0b5b53bc936,2026-10-02T06:47:03+00:00,,
toyota,corolla,4-door,2023,before-driving--opening-closing-and-locking-the-doors-trunk,https://www.mycarusermanual.com/toyota/corolla/4-door/2023/before-driving--opening-closing-and-locking-the-doors-trunk,200,c1edccbb7a7b9e7f254c1efc5c4ba338fff705fb4f6958828fb99df7634b1612,2026-10-02T06:47:08+00:00,,
toyota,corolla,4-door,2023,before-driving--opening-closing-and-locking-the-doors-smart-key-system,https://www.mycarusermanual.com/toyota/corolla/4-door/2023/before-driving--opening-closing-and-locking-the-doors-smart-key-system,200,f65c4f8e7d423d75b58db88fa299c4c9a268e591d1deef951cdfe257f9c752b5,2026-10-02T06:47:12+00:00,,
toyota,corolla,4-door,2023,before-driving--adjusting-the-seats-front-seats,https://www.mycarusermanual.com/toyota/corolla/4-door/2023/before-driving--adjusting-the-seats-front-seats,200,7e63c8ab59cfc99ecbc14b9d507bc1835e38e9f614561c3327ec78d5adda5d15,2026-10-02T06:47:15+00:00,,
toyota,corolla,4-door,2023,before-driving--adjusting-the-seats-rear-seats,https://www.mycarusermanual.com/toyota/corolla/4-door/2023/before-driving--adjusting-the-seats-rear-seats,200,80da8c74d3233379f7d122216a861ec374692af1d412b30939976121230bf633,2026-10-02T06:47:18+00:00,,
toyota,corolla,4-door,2023,before-driving--adjusting-the-seats-head-restraints,https://www.mycarusermanual.com/toyota/corolla/4-door/2023/before-driving--adjusting-the-seats-head-restraints,200,fe4a09922f3ae1c5dd240a3500ee6b9fb356c81bea9c7a1f864825f315e52ef3,2026-10-02T06:47:21+00:00,,
toyota,corolla,4-door,2023,before-driving--adjusting-the-steering-wheel-and-mirrors-steering-wheel,https://www.mycarusermanual.com/toyota/corolla/4-door/2023/before-driving--adjusting-the-steering-wheel-and-mirrors-steering-wheel,200,c1a1d0d319aed704b7111b439a11f72c0666e83d957c83d328f9d2c9ac3a814a,2026-10-02T06:47:25+00:00,,
toyota,corolla,4-door,2023,before-driving--adjusting-the-steering-wheel-and-mirrors-inside-rear-view-mirror,https://www.mycarusermanual.com/toyota/corolla/4-door/2023/before-driving--adjusting-the-steering-wheel-and-mirrors-inside-rear-view-mirror,200,8f2d4c53933ffd9654c63e7c5a1b14bace6d0e418b15a5f35f936ad231925d86,2026-10-02T06:47:30+00:00,,
toyota,corolla,4-door,2023,before-driving--adjusting-the-steering-wheel-and-mirrors-outside-rear-view-mirrors,https://www.mycarusermanual.com/toyota/corolla/4-door/2023/before-driving--adjusting-the-steering-wheel-and-mirrors-outside-rear-view-mirrors,200,44cf651bd82a949a0597e95a9193d32351f05653ebfa112b308b67c6f17cbbd5,2026-10-02T06:47:34+00:00,,
toyota,corolla,4-door,2023,before-driving--opening-and-closing-the-windows-power-windows,https://www.mycarusermanual.com/toyota/corolla/4-door/2023/before-driving--opening-and-closing-the-windows-power-windows,200,efe3372108dcd2238750e4c2703d1b89ce9a7e5681126e5b9372bd030221b513,2026-10-02T06:47:39+00:00,,
toyota,corolla,4-door,2023,before-driving--opening-and-closing-the-windows-moon-roof,https://www.mycarusermanual.com/toyota/corolla/4-door/2023/before-driving--opening-and-closing-the-windows-moon-roof,200,b5bbde81d95d33c599f5dc7ca69b4cd6bda1de07d2f70d063779485c0fe94091,2026-10-02T06:47:41+00:00,,
toyota,corolla,4-door,2023,before-driving--favorite-settings-my-settings,https://www.mycarusermanual.com/toyota/corolla/4-door/2023/before-driving--favorite-settings-my-settings,200,149c4bb0466da9c592ea6176dd52697b1dd009a9ffa916b5c9a80af08504c6e9,2026-10-02T06:47:46+00:00,,
toyota,corolla,4-door,2023,driving,https://www.mycarusermanual.com/toyota/corolla/4-door/2023/driving,200,16ccd8fde8575da9884d730f3e0a0a2de1ac5367202f13755622636665792ac7,2026-10-02T06:47:51+00:00,,
toyota,corolla,4-door,2023,driving--before-driving-driving-the-vehicle,https://www.mycarusermanual.com/toyota/corolla/4-door/2023/driving--before-driving-driving-the-vehicle,200,891f3f884c0d124217a3847dfa07ae6998852219ff0c1bc409787265f4877693,2026-10-02T06:47:55+00:00,,
toyota,corolla,4-door,2023,driving--before-driving-cargo-and-luggage,https://www.mycarusermanual.com/toyota/corolla/4-door/2023/driving--before-driving-cargo-and-luggage,200,6618ea966899234e1920405afabfcd25bb4761cf7442798af82bb368e0b81fa4,2026-10-02T06:47:58+00:00,,
toyota,corolla,4-door,2023,driving--before-driving-vehicle-load-limits-trailer-towing,https://www.mycarusermanual.com/toyota/corolla/4-door/2023/driving--before-driving-vehicle-load-limits-trailer-towing,200,9ece95af5e5e50f98d76e2603f87d8a5cebafe775f7b255afcd25bda4c9bde4f,2026-10-02T06:48:02+00:00,,
toyota,corolla,4-door,2023,driving--before-driving-dinghy-towing,https://www.mycarusermanual.com/toyota/corolla/4-door/2023/driving--before-driving-dinghy-towing,200,57e085bdaeee771ed3d93e37715990eaed0005d3fb88c1db82e636cf0793ec22,2026-10-02T06:48:07+00:00,,
toyota,corolla,4-door,2023,driving--driving-procedures-engine-ignition-switch-vehicles-without-a-smart-key-system,https://www.mycarusermanual.com/toyota/corolla/4-door/2023/driving--driving-procedures-engine-ignition-switch-vehicles-without-a-smart-key-system,200,a6c3b5137e8beed97fb843630be4c5362105383b3af20872d7a177577fc2473b,2026-10-02T06:48:11+00:00,,
toyota,corolla,4-door,2023,driving--driving-procedures-engine-ignition-switch-vehicles-with-a-smart-key-system,https://www.mycarusermanual.com/toyota/corolla/4-door/2023/driving--driving-procedures-engine-ignition-switch-vehicles-with-a-smart-key-system,200,bcbd1dd25c98c63058a821fd6c567cae8149225620eed82baea1762615696b39,2026-10-02T06:48:14+00:00,,
toyota,corolla,4-door,2023,driving--driving-procedures-continuously-variable-transmission-vehicles-without-paddle-shift-switches,https://www.mycarusermanual.com/toyota/corolla/4-door/2023/driving--driving-procedures-continuously-variable-transmission-vehicles-without-paddle-shift-switches,200,481cab3283e7800a1ab6ef72c01c1da8fe131563ce26cd1ac1c6fd10d73be450,2026-10-02T06:48:18+00:00,,
toyota,corolla,4-door,2023,driving--driving-procedures-continuously-variable-transmission-vehicles-with-paddle-shift-switches,https://www.mycarusermanual.com/toyota/corolla/4-door/2023/driving--driving-procedures-continuously-variable-transmission-vehicles-with-paddle-shift-switches,200,4b04b02f0fcd28dbeaa509309e67097433373c71e98f8f5944e1b27c2bd47c69,2026-10-02T06:48:21+00:00,,
toyota,corolla,4-door,2023,driving--driving-procedures-turn-signal-lever,https://www.mycarusermanual.com/toyota/corolla/4-door/2023/driving--driving-procedures-turn-signal-lever,200,2abc15eafe8ee5153a228073e156ea6e8b6f858e992a7965e67cbebcaae58612,2026-10-02T06:48:25+00:00,,
toyota,corolla,4-door,2023,driving--driving-procedures-parking-brake,https://www.mycarusermanual.com/toyota/corolla/4-door/2023/driving--driving-procedures-parking-brake,200,f35f0024606357fef48fda4b4a67ec651ec866fc20be53acda6aa280344bd059,2026-10-02T06:48:28+00:00,,
toyota,corolla,4-door,2023,driving--driving-procedures-brake-hold,https://www.mycarusermanual.com/toyota/corolla/4-door/2023/driving--driving-procedures-brake-hold,200,8b6c5a657e56841072208c44de3fa3d351d583b7578c3b8e831361c69d8287fb,2026-10-02T06:48:31+00:00,,
toyota,corolla,4-door,2023,driving--operating-the-lights-and-wipers-headlight-switch,https://www.mycarusermanual.com/toyota/corolla/4-door/2023/driving--operating-the-lights-and-wipers-headlight-switch,200,d53814c808c2c45ab91aa27854f3399a32a3500ca402b0261055624063f25192,2026-10-02T06:48:35+00:00,,
toyota,corolla,4-door,2023,driving--operating-the-lights-and-wipers-ahb-automatic-high-beam,https://www.mycarusermanual.com/toyota/corolla/4-door/2023/driving--operating-the-lights-and-wipers-ahb-automatic-high-beam,200,aa3f875ebc278f8c8b5171d6912cae8e97781a22f1fbd22ba4c3db831e9d6833,2026-10-02T06:48:38+00:00,,
toyota,corolla,4-door,2023,driving--operating-the-lights-and-wipers-windshield-wipers-and-washer,https://www.mycarusermanual.com/toyota/corolla/4-door/2023/driving--operating-the-lights-and-wipers-windshield-wipers-and-washer,200,abe7879a3695b69d1b6a0785492504ecbd51d07cf8454907de35b9c2a1ad9bf8,2026-10-02T06:48:41+00:00,,
toyota,corolla,4-door,2023,driving--refueling-opening-the-fuel-tank-cap,https://www.mycarusermanual.com/toyota/corolla/4-door/2023/driving--refueling-opening-the-fuel-tank-cap,200,ed18c7729aa55e769a4594b5317c62d3530a91f7d6db9d368b8fcdd3dc0c3e97,2026-10-02T06:48:46+00:00,,
toyota,corolla,4-door,2023,driving--using-the-driving-support-systems-pcs-pre-collision-system,https://www.mycarusermanual.com/toyota/corolla/4-door/2023/driving--using-the-driving-support-systems-pcs-pre-collision-system,200,8698e6257fae7c58f4532bdccb3a73552fb90ba14aa09708fc64c9a37fe47b39,2026-10-02T06:48:49+00:00,,
toyota,corolla,4-door,2023,driving--using-the-driving-support-systems-lta-lane-tracing-assist,https://www.mycarusermanual.com/toyota/corolla/4-door/2023/driving--using-the-driving-support-systems-lta-lane-tracing-assist,200,ebc5edbad2b0f17208a0aeaa13224c3ab26011b98ed20e9a54301d8ba31e3ded,2026-10-02T06:48:54+00:00,,
toyota,corolla,4-door,2023,driving--using-the-driving-support-systems-lda-lane-departure-alert,https://www.mycarusermanual.com/toyota/corolla/4-door/2023/driving--using-the-driving-support-systems-lda-lane-departure-alert,200,de5e1e4f8bafcb8e6d5f686f0451bc3aa4ef5c33cfcaed22c50c06faac24c47f,2026-10-02T06:48:56+00:00,,
toyota,corolla,4-door,2023,driving--using-the-driving-support-systems-rsa-road-sign-assist,https://www.mycarusermanual.com/toyota/corolla/4-door/2023/driving--using-the-driving-support-systems-rsa-road-sign-assist,200,618cf563d80984b1dbbe72e527a99ba1c2fb544ba186eb672b2432c0eccb0b5e,2026-10-02T06:49:00+00:00,,
toyota,corolla,4-door,2023,driving--using-the-driving-support-systems-dynamic-radar-cruise-control,https://www.mycarusermanual.com/toyota/corolla/4-door/2023/driving--using-the-driving-support-systems-dynamic-radar-cruise-control,200,59bfbd08e088653e084945cc2dea6048eefc280590e410e17d618a47ef5ac111,2026-10-02T06:49:03+00:00,,
toyota,corolla,4-door,2023,driving--using-the-driving-support-systems-cruise-control,https://www.mycarusermanual.com/toyota/corolla/4-door/2023/driving--using-the-driving-support-systems-cruise-control,200,70a905d6930be9395952b4b2c04f6103ec8a12d0a17990121d1fe94340cd369d,2026-10-02T06:49:07+00:00,,
toyota,corolla,4-door,2023,driving--using-the-driving-support-systems-emergency-driving-stop-system,https://www.mycarusermanual.com/toyota/corolla/4-door/2023/driving--using-the-driving-support-systems-emergency-driving-stop-system,200,f34c640bb2e4030e873b6a4f80182464307df7af792425b6ab366463247e4860,2026-10-02T06:49:12+00:00,,
toyota,corolla,4-door,2023,driving--using-the-driving-support-systems-bsm-blind-spot-monitor,https://www.mycarusermanual.com/toyota/corolla/4-door/2023/driving--using-the-driving-support-systems-bsm-blind-spot-monitor,200,077238d1d2c8e62c147aef94221cd95fadf16da7af5dfdd841e57b51e29b4b56,2026-10-02T06:49:16+00:00,,
toyota,corolla,4-door,2023,driving--using-the-driving-support-systems-rcta-rear-cross-traffic-alert-function,https://www.mycarusermanual.com/toyota/corolla/4-door/2023/driving--using-the-driving-support-systems-rcta-rear-cross-traffic-alert-function,200,56b0a533e5b1e16980692ae222d4863691fa0c651f46e976f57f3f98857f8303,2026-10-02T06:49:21+00:00,,
toyota,corolla,4-door,2023,driving--using-the-driving-support-systems-safe-exit-assist,https://www.mycarusermanual.com/toyota/corolla/4-door/2023/driving--using-the-driving-support-systems-safe-exit-assist,200,09cc487dcfbb34e8c88a8a0e4859e623d8c1778771d89931832136a1f70067d9,2026-10-02T06:49:23+00:00,,
toyota,corolla,4-door,2023,driving--using-the-driving-support-systems-driving-mode-select-switch,https://www.mycarusermanual.com/toyota/corolla/4-door/2023/driving--using-the-driving-support-systems-driving-mode-select-switch,200,214e300116c3483d11217c304660ac1d63be36b96a78ead23898b15907238ebc,2026-10-02T06:49:27+00:00,,
toyota,corolla,4-door,2023,driving--using-the-driving-support-systems-driving-assist-systems,https://www.mycarusermanual.com/toyota/corolla/4-door/2023/driving--using-the-driving-support-systems-driving-assist-systems,200,b036530140f72589bbb3f44f0a9eebc5f6595de1314446f9b399e80f2ca076ef,2026-10-02T06:49:32+00:00,,
toyota,corolla,4-door,2023,driving--driving-tips-winter-driving-tips,https://www.mycarusermanual.com/toyota/corolla/4-door/2023/driving--driving-tips-winter-driving-tips,200,8e5636eb124acef5804a42e97fda415e4e5bc9a56cc5aea51ed8cd92be9783fc,2026-10-02T06:49:37+00:00,,
toyota,corolla,4-door,2023,interior-features,https://www.mycarusermanual.com/toyota/corolla/4-door/2023/interior-features,200,cb638851c4536d3c0775bf4b1b41de2a09aea3ffe0f113b3f09e39beb5502db7,2026-10-02T06:49:41+00:00,,
toyota,corolla,4-door,2023,interior-features--using-the-air-conditioning-system-and-defogger-manual-air-conditioning-system,https://www.mycarusermanual.com/toyota/corolla/4-door/2023/interior-features--using-the-air-conditioning-system-and-defogger-manual-air-conditioning-system,200,0b4fb51dc1c1845ddb2ebfb7a9ee3c757e2cb1a4db3f259a32522dd802c57f37,2026-10-02T06:49:44+00:00,,
toyota,corolla,4-door,2023,interior-features--using-the-air-conditioning-system-and-defogger-automatic-air-conditioning-system,https://www.mycarusermanual.com/toyota/corolla/4-door/2023/interior-features--using-the-air-conditioning-system-and-defogger-automatic-air-conditioning-system,200,0eb1c71a30827ffcc8b20d63f27407e93d66ece46a8f36e6ba5f0802f145a11d,2026-10-02T06:49:49+00:00,,
toyota,corolla,4-door,2023,interior-features--using-the-air-conditioning-system-and-defogger-heated-steering-wheel-seat-heaters,https://www.mycarusermanual.com/toyota/corolla/4-door/2023/interior-features--using-the-air-conditioning-system-and-defogger-heated-steering-wheel-seat-heaters,200,fbb42e87449eb5d5fbd0bf1aaf147b72a357dc9bfb98f5ff3de51445e3049470,2026-10-02T06:49:54+00:00,,
toyota,corolla,4-door,2023,interior-features--using-the-interior-lights-interior-lights-list,https://www.mycarusermanual.com/toyota/corolla/4-door/2023/interior-features--using-the-interior-lights-interior-lights-list,200,a71975e3bb10642214812fd71243bf23b47f1a81ec2784912aa3eeac881ec68f,2026-10-02T06:49:57+00:00,,
toyota,corolla,4-door,2023,interior-features--using-the-storage-features-list-of-storage-features,https://www.mycarusermanual.com/toyota/corolla/4-door/2023/interior-features--using-the-storage-features-list-of-storage-features,200,bbb036e575db11c1c5b67ca25c4151eedf838ae264b232e4d742ac336d573aa1,2026-10-02T06:50:00+00:00,,
toyota,corolla,4-door,2023,interior-features--other-interior-features-other-interior-features,https://www.mycarusermanual.com/toyota/corolla/4-door/2023/interior-features--other-interior-features-other-interior-features,200,bc3e29ac91a9a7ee16d572ffafba01838c9e870a533c5e04e35db7257cd3d68b,2026-10-02T06:50:05+00:00,,
toyota,corolla,4-door,2023,maintenance-and-care,https://www.mycarusermanual.com/toyota/corolla/4-door/2023/maintenance-and-care,200,3d4f23fe12186a4e95ebea77d7628957ef0e6b14b583901de7989edc2ee23f3f,2026-10-02T06:50:08+00:00,,
toyota,corolla,4-door,2023,maintenance-and-care--maintenance-and-care-cleaning-and-protecting-the-vehicle-exterior,https://www.mycarusermanual.com/toyota/corolla/4-door/2023/maintenance-and-care--maintenance-and-care-cleaning-and-protecting-the-vehicle-exterior,200,f709a509b40a82d288151a6150a683479b49967cb2feebd854ab6eae02bbf4c4,2026-10-02T06:50:13+00:00,,
toyota,corolla,4-door,2023,maintenance-and-care--maintenance-and-care-cleaning-and-protecting-the-vehicle-interior,https://www.mycarusermanual.com/toyota/corolla/4-door/2023/maintenance-and-care--maintenance-and-care-cleaning-and-protecting-the-vehicle-interior,200,22298b138fd2cbe5942432968ccf380ba14de44e0d681b20cab01ce6b79a7957,2026-10-02T06:50:16+00:00,,
toyota,corolla,4-door,2023,maintenance-and-care--maintenance-maintenance-requirements,https://www.mycarusermanual.com/toyota/corolla/4-door/2023/maintenance-and-care--maintenance-maintenance-requirements,200,5089440a2eae7c2ba6171731b096d52cdfe5f247816bd25e9dae325fe7d10dcb,2026-10-02T06:50:21+00:00,,
toyota,corolla,4-door,2023,maintenance-and-care--maintenance-general-maintenance,https://www.mycarusermanual.com/toyota/corolla/4-door/2023/maintenance-and-care--maintenance-general-maintenance,200,fe9d5363b94ddbe79308319ac54c9520a5bec9553983eb8ba31d6b4bc29b5a28,2026-10-02T06:50:24+00:00,,
toyota,corolla,4-door,2023,maintenance-and-care--maintenance-emission-inspection-and-maintenance-i-m-programs,https://www.mycarusermanual.com/toyota/corolla/4-door/2023/maintenance-and-care--maintenance-emission-inspection-and-maintenance-i-m-programs,200,a9035fdcba0bc67355731685043ffc78bd38a62e246821a388413bbe62c26ce4,2026-10-02T06:50:26+00:00,,
toyota,corolla,4-door,2023,maintenance-and-care--do-it-yourself-maintenance-do-it-yourself-service-precautions,https://www.mycarusermanual.com/toyota/corolla/4-door/2023/maintenance-and-care--do-it-yourself-maintenance-do-it-yourself-service-precautions,200,b38d269038b71b24d4b37a54d05411f00743979783af4813c33762c9afc86a58,2026-10-02T06:50:29+00:00,,
toyota,corolla,4-door,2023,maintenance-and-care--do-it-yourself-maintenance-hood,https://www.mycarusermanual.com/toyota/corolla/4-door/2023/maintenance-and-care--do-it-yourself-maintenance-hood,200,723bd902483128d402c3701ff07ad0c61a0a8dfaf4c24f83fb768e1397247488,2026-10-02T06:50:34+00:00,,
toyota,corolla,4-door,2023,maintenance-and-care--do-it-yourself-maintenance-positioning-a-floor-jack,https://www.mycarusermanual.com/toyota/corolla/4-door/2023/maintenance-and-care--do-it-yourself-maintenance-positioning-a-floor-jack,200,cea2ceca7f71ccfef1a0162ddf65a6cc8c107d08ac4194ea0ad4683399f4a54b,2026-10-02T06:50:38+00:00,,
toyota,corolla,4-door,2023,maintenance-and-care--do-it-yourself-maintenance-engine-compartment,https://www.mycarusermanual.com/toyota/corolla/4-door/2023/maintenance-and-care--do-it-yourself-maintenance-engine-compartment,200,f7057f0369f0fe61682e073d5a17e715eb16ad65e8346da06e5eec0ae2f977f6,2026-10-02T06:50:42+00:00,,
toyota,corolla,4-door,2023,maintenance-and-care--do-it-yourself-maintenance-tires,https://www.mycarusermanual.com/toyota/corolla/4-door/2023/maintenance-and-care--do-it-yourself-maintenance-tires,200,10e49758656eace42aef1da9c55f5f105875ff0b624cc5f9d9655a4b4d72b430,2026-10-02T06:50:45+00:00,,
toyota,corolla,4-door,2023,maintenance-and-care--do-it-yourself-maintenance-tire-inflation-pressure,https://www.mycarusermanual.com/toyota/corolla/4-door/2023/maintenance-and-care--do-it-yourself-maintenance-tire-inflation-pressure,200,10580e70e96b1b432ea6d96a0bd99bb6c1ba1f1113423aa93800e99d16e65dc3,2026-10-02T06:50:50+00:00,,
toyota,corolla,4-door,2023,maintenance-and-care--do-it-yourself-maintenance-wheels,https://www.mycarusermanual.com/toyota/corolla/4-door/2023/maintenance-and-care--do-it-yourself-maintenance-wheels,200,e7ee7fbc99d54a5542db56427e558e53cf79b47a3886027106de3a2f7d481dc1,2026-10-02T06:50:52+00:00,,
toyota,corolla,4-door,2023,maintenance-and-care--do-it-yourself-maintenance-air-conditioning-filter,https://www.mycarusermanual.com/toyota/corolla/4-door/2023/maintenance-and-care--do-it-yourself-maintenance-air-conditioning-filter,200,392d415e6b3bf375e586472bcdaf73f1a278309adb596f3735181b7528893b76,2026-10-02T06:50:56+00:00,,
toyota,corolla,4-door,2023,maintenance-and-care--do-it-yourself-maintenance-wireless-remote-control-electronic-key-battery,https://www.mycarusermanual.com/toyota/corolla/4-door/2023/maintenance-and-care--do-it-yourself-maintenance-wireless-remote-control-electronic-key-battery,200,1808aee5bc51c3e17af897f128132dc7bcef5798b287df8c9969e9f744b2324b,2026-10-02T06:50:59+00:00,,
toyota,corolla,4-door,2023,maintenance-and-care--do-it-yourself-maintenance-checking-and-replacing-fuses,https://www.mycarusermanual.com/toyota/corolla/4-door/2023/maintenance-and-care--do-it-yourself-maintenance-checking-and-replacing-fuses,200,f6194ef4f992f7972d36ccd3cc6613248f577bfcbdc724f6ac22c88f642f32de,2026-10-02T06:51:03+00:00,,
toyota,corolla,4-door,2023,maintenance-and-care--do-it-yourself-maintenance-headlight-aim,https://www.mycarusermanual.com/toyota/corolla/4-door/2023/maintenance-and-care--do-it-yourself-maintenance-headlight-aim,200,32804e9746a33d0dffc9db862ef7e9634508faa860c16bb053b78d7b84ae1233,2026-10-02T06:51:07+00:00,,
toyota,corolla,4-door,2023,maintenance-and-care--do-it-yourself-maintenance-light-bulbs,https://www.mycarusermanual.com/toyota/corolla/4-door/2023/maintenance-and-care--do-it-yourself-maintenance-light-bulbs,200,538ccdd5d7a75a03158c8681037886e5b867a9920a9fba9b6746de5fb6795b82,2026-10-02T06:51:10+00:00,,
toyota,corolla,4-door,2023,when-trouble-arises,https://www.mycarusermanual.com/toyota/corolla/4-door/2023/when-trouble-arises,200,dc085ff91b971b247c9d3da8a452af71398890c510af23dacf541f7253c047b0,2026-10-02T06:51:15+00:00,,
toyota,corolla,4-door,2023,when-trouble-arises--essential-information-emergency-flashers,https://www.mycarusermanual.com/toyota/corolla/4-door/2023/when-trouble-arises--essential-information-emergency-flashers,200,d3d082bc5072f45e1a41dd5311a33b0f7e0473fe72fdace12e34ff005cc04e8a,2026-10-02T06:51:18+00:00,,
toyota,corolla,4-door,2023,when-trouble-arises--essential-information-if-your-vehicle-has-to-be-stopped-in-an-emergency,https://www.mycarusermanual.com/toyota/corolla/4-door/2023/when-trouble-arises--essential-information-if-your-vehicle-has-to-be-stopped-in-an-emergency,200,e7f561dd2040ee42a8513a29ea46eef85fb2e538b7fbf32187ccece9c9c160f4,2026-10-02T06:51:20+00:00,,
toyota,corolla,4-door,2023,when-trouble-arises--essential-information-if-the-vehicle-is-submerged-or-water-on-the-road-is-rising,https://www.mycarusermanual.com/toyota/corolla/4-door/2023/when-trouble-arises--essential-information-if-the-vehicle-is-submerged-or-water-on-the-road-is-rising,200,396c08872ae3deddd8b2d676805d39c6bb59c44caebe79a4cbdb79978bdffb86,2026-10-02T06:51:25+00:00,,
toyota,corolla,4-door,2023,when-trouble-arises--steps-to-take-in-an-emergency-if-your-vehicle-needs-to-be-towed,https://www.mycarusermanual.com/toyota/corolla/4-door/2023/when-trouble-arises--steps-to-take-in-an-emergency-if-your-vehicle-needs-to-be-towed,200,7208624de6f5e2d7e056685b97dd8197972d35d180855f730efa2e3a9997262c,2026-10-02T06:51:29+00:00,,
toyota,corolla,4-door,2023,when-trouble-arises--steps-to-take-in-an-emergency-if-you-think-something-is-wrong,https://www.mycarusermanual.com/toyota/corolla/4-door/2023/when-trouble-arises--steps-to-take-in-an-emergency-if-you-think-something-is-wrong,200,eb5a035fbd94f39abfe28b3a0bf232904341acfaf7d15c21de94eacee81d26d2,2026-10-02T06:51:32+00:00,,
toyota,corolla,4-door,2023,when-trouble-arises--steps-to-take-in-an-emergency-fuel-pump-shut-off-system,https://www.mycarusermanual.com/toyota/corolla/4-door/2023/when-trouble-arises--steps-to-take-in-an-emergency-fuel-pump-shut-off-system,200,0948024d9124ae7ace9a5920ad1b9fc8374ddb26bad97a263c53ce6185ed008d,2026-10-02T06:51:35+00:00,,
toyota,corolla,4-door,2023,when-trouble-arises--steps-to-take-in-an-emergency-if-a-warning-message-is-displayed,https://www.mycarusermanual.com/toyota/corolla/4-door/2023/when-trouble-arises--steps-to-take-in-an-emergency-if-a-warning-message-is-displayed,200,cee7ae960935ccb184c823b7e4bb4e2458217a2a9c6b0857aae9019c63c35fb8,2026-10-02T06:51:37+00:00,,
toyota,corolla,4-door,2023,when-trouble-arises--steps-to-take-in-an-emergency-if-you-have-a-flat-tire,https://www.mycarusermanual.com/toyota/corolla/4-door/2023/when-trouble-arises--steps-to-take-in-an-emergency-if-you-have-a-flat-tire,200,382c7d63aa070dbdd71131e199cbcb530961adcdc32d1226566b30f6e7701e5f,2026-10-02T06:51:40+00:00,,
toyota,corolla,4-door,2023,when-trouble-arises--steps-to-take-in-an-emergency-if-the-engine-will-not-start,https://www.mycarusermanual.com/toyota/corolla/4-door/2023/when-trouble-arises--steps-to-take-in-an-emergency-if-the-engine-will-not-start,200,ac438e8353ebbd736173cf15257290f9ed6d23050d09fb883f4537d8018e5e0c,2026-10-02T06:51:44+00:00,,
toyota,corolla,4-door,2023,when-trouble-arises--steps-to-take-in-an-emergency-if-you-lose-your-keys,https://www.mycarusermanual.com/toyota/corolla/4-door/2023/when-trouble-arises--steps-to-take-in-an-emergency-if-you-lose-your-keys,200,9bb2c03f690fc96d578a7db95d76b945f65e7c96553074d242965872b039b76f,2026-10-02T06:51:49+00:00,,
toyota,corolla,4-door,2023,when-trouble-arises--steps-to-take-in-an-emergency-if-the-electronic-key-does-not-operate-properly,https://www.mycarusermanual.com/toyota/corolla/4-door/2023/when-trouble-arises--steps-to-take-in-an-emergency-if-the-electronic-key-does-not-operate-properly,200,a44b5bb8ecda5d642e0bc4c7c9d357dfd52dddf5ec2ef2c99e4b07cbcec589e3,2026-10-02T06:51:53+00:00,,
toyota,corolla,4-door,2023,when-trouble-arises--steps-to-take-in-an-emergency-if-the-vehicle-battery-is-discharged,https://www.mycarusermanual.com/toyota/corolla/4-door/2023/when-trouble-arises--steps-to-take-in-an-emergency-if-the-vehicle-battery-is-discharged,200,2b655795021137af470eccb0399a3066d098838875814e99f512f941247ca541,2026-10-02T06:51:58+00:00,,
toyota,corolla,4-door,2023,when-trouble-arises--steps-to-take-in-an-emergency-if-your-vehicle-overheats,https://www.mycarusermanual.com/toyota/corolla/4-door/2023/when-trouble-arises--steps-to-take-in-an-emergency-if-your-vehicle-overheats,200,7e9f1a546746d7fea7f89006b24bf5727308db2b5105dd9c44690f72f1b8d407,2026-10-02T06:52:02+00:00,,
toyota,corolla,4-door,2023,when-trouble-arises--steps-to-take-in-an-emergency-if-the-vehicle-becomes-stuck,https://www.mycarusermanual.com/toyota/corolla/4-door/2023/when-trouble-arises--steps-to-take-in-an-emergency-if-the-vehicle-becomes-stuck,200,015ad257e2013216a672b44e6d572babd55c2c3a875dac552706f10dbc3c708c,2026-10-02T06:52:06+00:00,,
toyota,corolla,4-door,2023,vehicle-specifications,https://www.mycarusermanual.com/toyota/corolla/4-door/2023/vehicle-specifications,200,0631e9af98bb6163d7905ca744b2f8899709699c75087fda0963b50e2348d82a,2026-10-02T06:52:08+00:00,,
toyota,corolla,4-door,2023,vehicle-specifications--specifications-maintenance-data-fuel-oil-level-etc,https://www.mycarusermanual.com/toyota/corolla/4-door/2023/vehicle-specifications--specifications-maintenance-data-fuel-oil-level-etc,200,b531e7a7a07a1d9a935b7c4c0dc26a4f6bd4b23474e12b1f77cb801237bf04b5,2026-10-02T06:52:13+00:00,,
toyota,corolla,4-door,2023,vehicle-specifications--specifications-tire-information,https://www.mycarusermanual.com/toyota/corolla/4-door/2023/vehicle-specifications--specifications-tire-information,200,c67bd4c88dc000a03fc2643273c319d309d107b641a685f609b106ee9f2c0a74,2026-10-02T06:52:18+00:00,,
toyota,corolla,4-door,2023,vehicle-specifications--customization-customizable-features,https://www.mycarusermanual.com/toyota/corolla/4-door/2023/vehicle-specifications--customization-customizable-features,200,1f36b7274afe6b78beea9fb542cb6318dba1f7d892a2bb2dbcdf6017af3a838e,2026-10-02T06:52:23+00:00,,
toyota,corolla,4-door,2023,vehicle-specifications--initialization-items-to-initialize,https://www.mycarusermanual.com/toyota/corolla/4-door/2023/vehicle-specifications--initialization-items-to-initialize,200,903ec2e2cb5cfe4cb2523e3e0a2273eef64f872fd4f14e8b7649ed0a0b02925a,2026-10-02T06:52:26+00:00,,
toyota,corolla,4-door,2023,for-owners-,https://www.mycarusermanual.com/toyota/corolla/4-door/2023/for-owners-,200,0fc99a1f3ab807b72d2fcff840a9aa76dad690df83df81cc8153d5432be8d29e,2026-10-02T06:52:29+00:00,,
toyota,corolla,4-door,2023,for-owners--for-owners-seat-belt-instructions-for-canadian-owners-in-french,https://www.mycarusermanual.com/toyota/corolla/4-door/2023/for-owners--for-owners-seat-belt-instructions-for-canadian-owners-in-french,200,142970de0f4f47cb95daf1c438a6d25c77c1380864057525cc07363f6c8776f7,2026-10-02T06:52:31+00:00,,
toyota,corolla,4-door,2023,for-owners--for-owners-srs-airbag-instructions-for-canadian-owners-in-french,https://www.mycarusermanual.com/toyota/corolla/4-door/2023/for-owners--for-owners-srs-airbag-instructions-for-canadian-owners-in-french,200,e1eb0ddf2b6212688bdbff8b067e669c73cc1d1c4a2dc54b1553f378efc8974b,2026-10-02T06:52:36+00:00,,
toyota,corolla,4-door,2023,index,https://www.mycarusermanual.com/toyota/corolla/4-door/2023/index,200,7fb38987b3a73073f250bd437aef5808e57ca80232a4ee4b871074670a674a3b,2026-10-02T06:52:40+00:00,,
toyota,corolla,4-door,2023,index--alphabetical-index,https://www.mycarusermanual.com/toyota/corolla/4-door/2023/index--alphabetical-index,200,3298758431fb0cc8bf3d1250301084959043f5a6aee05cb4c0249c6f660c4b59,2026-10-02T06:52:44+00:00,,
toyota,corolla,4-door,2023,certifications--safety-connect,https://www.mycarusermanual.com/toyota/corolla/4-door/2023/certifications--safety-connect,200,3146c316d47924268232585f445a678dbfd8ac3b5b1b8101d74f820d37bfea70,2026-10-02T06:52:49+00:00,,
toyota,corolla,4-door,2023,certifications--engine-immobilizer-system,https://www.mycarusermanual.com/toyota/corolla/4-door/2023/certifications--engine-immobilizer-system,200,7366dff341ec8c638150c852dcee3f710fb3414489ba26d0a0166e897fa1fbae,2026-10-02T06:52:53+00:00,,
toyota,corolla,4-door,2023,certifications--smart-key-system,https://www.mycarusermanual.com/toyota/corolla/4-door/2023/certifications--smart-key-system,200,4e27ee267db696f9627857040d90d92a9c083aa3d441ecad886f7bdf9baa1209,2026-10-02T06:52:58+00:00,,
toyota,corolla,4-door,2023,certifications--wireless-remote-control,https://www.mycarusermanual.com/toyota/corolla/4-door/2023/certifications--wireless-remote-control,200,c2fcb8bb2fccc325952e887c13b27efa81e1a94cbca63bc25574930683e5e49e,2026-10-02T06:53:01+00:00,,
toyota,corolla,4-door,2023,certifications--milimeter-wave-radar-sensor,https://www.mycarusermanual.com/toyota/corolla/4-door/2023/certifications--milimeter-wave-radar-sensor,200,2c638ae07e96d55bc3dbe1f2df5fd5a63f36092d869deffa796785699a707f7f,2026-10-02T06:53:04+00:00,,
toyota,corolla,4-door,2023,certifications--wireless-charger,https://www.mycarusermanual.com/toyota/corolla/4-door/2023/certifications--wireless-charger,200,e148cfe1d8a2a3255137f9f2e2fb4778ac6ca504dd7a7ac93ccb8cecf7b5027e,2026-10-02T06:53:07+00:00,,
toyota,corolla,4-door,2023,certifications--tire-pressure-warning-system,https://www.mycarusermanual.com/toyota/corolla/4-door/2023/certifications--tire-pressure-warning-system,200,646405ea977cbcbd544d19f2c0e0a373914ce5b4280a66c487b2179d528ba262,2026-10-02T06:53:11+00:00,,
toyota,corolla,4-door,2023,certifications--bsm-blind-spot-monitor,https://www.mycarusermanual.com/toyota/corolla/4-door/2023/certifications--bsm-blind-spot-monitor,200,8bfb8d632db67826a9ae16e9fc74bce409d35efe3859731624377b97a7ebcb43,2026-10-02T06:53:14+00:00,,
toyota,corolla,4-door,2023,gas-station-information,https://www.mycarusermanual.com/toyota/corolla/4-door/2023/gas-station-information,200,c1a8662b9f8d4d23ce4a4c09d4f81f8410496cde253623fe57cd5f7261fafd9e,2026-10-02T06:53:19+00:00,,
toyota,rav4,,,_model,https://www.mycarusermanual.com/toyota/rav4,200,386de61c4e7993ad4ddd0a47a7be1ac5f8ba8816a3c41d2b0d943b38a44679ee,2026-10-02T06:53:23+00:00,,
toyota,rav4,suv,2020,_index,https://www.mycarusermanual.com/toyota/rav4/suv/2020,200,b0df05309404dc6f4ae5770be47d8878988957349b5ab72696ea34a711bca745,2026-10-02T06:53:25+00:00,,
toyota,rav4,suv,2020,for-safety-and-security,https://www.mycarusermanual.com/toyota/rav4/suv/2020/for-safety-and-security,200,6770992530aac8296c41da72612152e85ed38bd2a8c341c64d171fb59d56b2dc,2026-10-02T06:53:29+00:00,,
toyota,rav4,suv,2020,for-safety-and-security--for-safe-use,https://www.mycarusermanual.com/toyota/rav4/suv/2020/for-safety-and-security--for-safe-use,200,ce07596743a41578554d59207ed1924ed87a78770c0cbaaa54c8581ab6ca53bc,2026-10-02T06:53:34+00:00,,
toyota,rav4,suv,2020,for-safety-and-security--child-safety,https://www.mycarusermanual.com/toyota/rav4/suv/2020/for-safety-and-security--child-safety,200,b24d8105a157d7eab88a2bbd8727fbd970580acb65c11edb85075adbe1880b4f,2026-10-02T06:53:38+00:00,,
toyota,rav4,suv,2020,for-safety-and-security--emergency-assistance,https://www.mycarusermanual.com/toyota/rav4/suv/2020/for-safety-and-security--emergency-assistance,200,839ebc3dcf7289f1736fad84b7e5a7d50695f9cbb7e94383deea21a581bd5f7d,2026-10-02T06:53:44+00:00,,
toyota,rav4,suv,2020,for-safety-and-security--theft-deterrent-system,https://www.mycarusermanual.com/toyota/rav4/suv/2020/for-safety-and-security--theft-deterrent-system,200,0f78ecb295e533e17e2eaba253d39f99262f5ba943db7f24ff5de208ef96959c,2026-10-02T06:53:47+00:00,,
toyota,rav4,suv,2020,vehicle-status-information-and-indicators,https://www.mycarusermanual.com/toyota/rav4/suv/2020/vehicle-status-information-and-indicators,200,476f6be2ea2dc5651f13ec346429c1fdf14016c44d47b3386cf5aa1f65edee04,2026-10-02T06:53:51+00:00,,
toyota,rav4,suv,2020,vehicle-status-information-and-indicators--instrument-cluster,https://www.mycarusermanual.com/toyota/rav4/suv/2020/vehicle-status-information-and-indicators--instrument-cluster,200,de69d049b8fd1df3cfe7798894746084a190d2313561d6e678422d5cb51912f1,2026-10-02T06:53:54+00:00,,
toyota,rav4,suv,2020,before-driving,https://www.mycarusermanual.com/toyota/rav4/suv/2020/before-driving,200,14f9a7b0a3cfa8ef13598eccf471d9d0bb6e071289cdc318d0b83d41ac0eeff2,2026-10-02T06:53:59+00:00,,
toyota,rav4,suv,2020,before-driving--key-information,https://www.mycarusermanual.com/toyota/rav4/suv/2020/before-driving--key-information,200,ee4bb6261e513ba2813a48a4129c1d551eb7fc56c541d2aa106ee625bf313ada,2026-10-02T06:54:03+00:00,,
toyota,rav4,suv,2020,before-driving--opening-closing-and-locking-the-doors,https://www.mycarusermanual.com/toyota/rav4/suv/2020/before-driving--opening-closing-and-locking-the-doors,200,dbeaaaf2adbdec7b4406f05d23c80150e3232275daeffed2704ed17842f27bfa,2026-10-02T06:54:07+00:00,,
toyota,rav4,suv,2020,before-driving--adjusting-the-seats,https://www.mycarusermanual.com/toyota/rav4/suv/2020/before-driving--adjusting-the-seats,200,0ea9d626bb8fe0aeb24918fb520e11dfc94a2d48acffb885f3cf698a40e9551d,2026-10-02T06:54:10+00:00,,
toyota,rav4,suv,2020,before-driving--adjusting-the-steering-wheel-and-mirrors,https://www.mycarusermanual.com/toyota/rav4/suv/2020/before-driving--adjusting-the-steering-wheel-and-mirrors,200,ea2d5a98cbf23158bef32baa0d39f4a1520d9a57d98ed6fa980b40dcb7fe5f02,2026-10-02T06:54:13+00:00,,
toyota,rav4,suv,2020,before-driving--opening-closing-the-windows-and-moon-roof,https://www.mycarusermanual.com/toyota/rav4/suv/2020/before-driving--opening-closing-the-windows-and-moon-roof,200,da87d48bc567e75a356b40e88ace63648eca5549e620c561c3d5e0b0672e1860,2026-10-02T06:54:18+00:00,,
toyota,rav4,suv,2020,driving,https://www.mycarusermanual.com/toyota/rav4/suv/2020/driving,200,e2fb07a63eb3f3b1c9ef0518fe7b392ba55157e9d936e22dabdbc7296d593ede,2026-10-02T06:54:23+00:00,,
toyota,rav4,suv,2020,driving--before-driving,https://www.mycarusermanual.com/toyota/rav4/suv/2020/driving--before-driving,200,57af25227eb35435bb5020f29643cf14f1dea99358938a293b563b84374becd7,2026-10-02T06:54:29+00:00,,
toyota,rav4,suv,2020,driving--driving-procedures,https://www.mycarusermanual.com/toyota/rav4/suv/2020/driving--driving-procedures,200,07a189421828dffeb9e398561450106b0e3b70a170541fa87f14aff134137792,2026-10-02T06:54:35+00:00,,
toyota,rav4,suv,2020,driving--operating-the-lights-and-wipers,https://www.mycarusermanual.com/toyota/rav4/suv/2020/driving--operating-the-lights-and-wipers,200,d4d96cb6d1a2d2ee55c4e3820730404a2a61816f8635912c04d7dacd66143b01,2026-10-02T06:54:39+00:00,,
toyota,rav4,suv,2020,driving--refueling,https://www.mycarusermanual.com/toyota/rav4/suv/2020/driving--refueling,200,8d1c14f04abf90e06db88ea64ef3bfe2536a506754a1ece10f7e92ea4024e034,2026-10-02T06:54:44+00:00,,
toyota,rav4,suv,2020,driving--using-the-driving-support-systems,https://www.mycarusermanual.com/toyota/rav4/suv/2020/driving--using-the-driving-support-systems,200,c09b1504fe3357c21fe31e10cbd9364a2fa46d08b2e3fab20b1704e03cab7c2f,2026-10-02T06:54:49+00:00,,
toyota,rav4,suv,2020,driving--driving-tips,https://www.mycarusermanual.com/toyota/rav4/suv/2020/driving--driving-tips,200,fd2fd51300a8731e25d1ef1dab6cafdeab6beff7efab81b52803e17983527026,2026-10-02T06:54:53+00:00,,
toyota,rav4,suv,2020,audio,https://www.mycarusermanual.com/toyota/rav4/suv/2020/audio,200,8bf4caab8d036d985ecac066fe81b0bd3f19d54233e1c9d606e605bbb1ff51fb,2026-10-02T06:54:57+00:00,,
toyota,rav4,suv,2020,audio--basic-function,https://www.mycarusermanual.com/toyota/rav4/suv/2020/audio--basic-function,200,40c0e8a58a8ca3013809268d2c2b37928d57c8f6884d6a67190878346f632f1d,2026-10-02T06:55:03+00:00,,
toyota,rav4,suv,2020,audio--basic-information-before-operation,https://www.mycarusermanual.com/toyota/rav4/suv/2020/audio--basic-information-before-operation,200,b4d9751ef97a5b5f533099dc71f0a86a0207fa7d13d23996c417e986a33e8fe0,2026-10-02T06:55:06+00:00,,
toyota,rav4,suv,2020,audio--connectivity-settings,https://www.mycarusermanual.com/toyota/rav4/suv/2020/audio--connectivity-settings,200,f59bd44b295d5c786ef623dfc92f2ed5c875c915106ebe5eb10cc559b4fbc45b,2026-10-02T06:55:11+00:00,,
toyota,rav4,suv,2020,audio--apple-carplay-android-auto,https://www.mycarusermanual.com/toyota/rav4/suv/2020/audio--apple-carplay-android-auto,200,80809414018d74ef65cfb40db75e3b9e4267db983b7fea197437048fbba39b66,2026-10-02T06:55:16+00:00,,
toyota,rav4,suv,2020,audio--other-settings,https://www.mycarusermanual.com/toyota/rav4/suv/2020/audio--other-settings,200,93479e13bce12f77943dc3f59b65c1d0c60dba6a41829bd4eed047fe99cffc26,2026-10-02T06:55:18+00:00,,
toyota,rav4,suv,2020,audio--using-the-audio-visual-system,https://www.mycarusermanual.com/toyota/rav4/suv/2020/audio--using-the-audio-visual-system,200,5c9e1de24527e10e2b36fbc6fb7610453dd0278ed0f7f2ff802dddabe7de5a7c,2026-10-02T06:55:21+00:00,,
toyota,rav4,suv,2020,audio--radio-operation,https://www.mycarusermanual.com/toyota/rav4/suv/2020/audio--radio-operation,200,543876cc26aee859e370c02f0a016ee57d52a854d1678bb93ee07b9ec4c1c6f0,2026-10-02T06:55:27+00:00,,
toyota,rav4,suv,2020,audio--media-operation,https://www.mycarusermanual.com/toyota/rav4/suv/2020/audio--media-operation,200,3c7e2e832088a05138b93a364ab326e94c85d90c86173bb6592a3fdc8aac3177,2026-10-02T06:55:30+00:00,,
toyota,rav4,suv,2020,audio--audio-visual-remote-controls,https://www.mycarusermanual.com/toyota/rav4/suv/2020/audio--audio-visual-remote-controls,200,ad9d9a99ff88ff162bf0d553f3babb5bb30361b19f751b2294923d7b4ab57183,2026-10-02T06:55:33+00:00,,
toyota,rav4,suv,2020,audio--audio-settings,https://www.mycarusermanual.com/toyota/rav4/suv/2020/audio--audio-settings,200,ecd33f131d2d9f69b8213cf8d9429b8c478d16a99db51cfc0b106c9325ed2b37,2026-10-02T06:55:38+00:00,,
toyota,rav4,suv,2020,audio--tips-for-operating-the-audio-visual-system,https://www.mycarusermanual.com/toyota/rav4/suv/2020/audio--tips-for-operating-the-audio-visual-system,200,59b424cd3221b5810f4f5c872dc4d8635b7cea7e252e93960c15fc7df3f0a195,2026-10-02T06:55:41+00:00,,
toyota,rav4,suv,2020,audio--voice-command-system-operation,https://www.mycarusermanual.com/toyota/rav4/suv/2020/audio--voice-command-system-operation,200,5e509139248bf4a3ecffa857745152bea139e68b0f21de79323d8db19bc303a4,2026-10-02T06:55:44+00:00,,
toyota,rav4,suv,2020,audio--phone-operation-phone-settings,https://www.mycarusermanual.com/toyota/rav4/suv/2020/audio--phone-operation-phone-settings,200,9b1ac6b26e40e2f1242e497c9e48e2d2185e97e0eb03beea7a287a0681a373c6,2026-10-02T06:55:49+00:00,,
toyota,rav4,suv,2020,audio--what-to-do-if,https://www.mycarusermanual.com/toyota/rav4/suv/2020/audio--what-to-do-if,200,cde99fef3111f1936d9625f27039b0f6ccab23dc4200c26e41decdd2de1a5299,2026-10-02T06:55:52+00:00,,
toyota,rav4,suv,2020,audio--connected-services-overview,https://www.mycarusermanual.com/toyota/rav4/suv/2020/audio--connected-services-overview,200,23f9d50c06341c96823ac714b53257e8998c59be786214061ead4cf9a5b0849f,2026-10-02T06:55:55+00:00,,
toyota,rav4,suv,2020,audio--setup,https://www.mycarusermanual.com/toyota/rav4/suv/2020/audio--setup,200,2e070ffcbe0e6993e17013f361ac4560a625d810dc670f903a5f1d926da560ab,2026-10-02T06:56:00+00:00,,
toyota,rav4,suv,2020,interior-features,https://www.mycarusermanual.com/toyota/rav4/suv/2020/interior-features,200,dd32551893c407b40db64ccadf881010d28ef043ba6e5e8772e1bd22722ca5dc,2026-10-02T06:56:03+00:00,,
toyota,rav4,suv,2020,interior-features--using-the-air-conditioning-system-and-defogger,https://www.mycarusermanual.com/toyota/rav4/suv/2020/interior-features--using-the-air-conditioning-system-and-defogger,200,c2d6f5e66f3112eb31fb0d318482027b83ad5a829cffba8f43db387affbcda36,2026-10-02T06:56:07+00:00,,
toyota,rav4,suv,2020,interior-features--using-the-interior-lights,https://www.mycarusermanual.com/toyota/rav4/suv/2020/interior-features--using-the-interior-lights,200,fb6246f409f5cb6cc2e017c74eefec74619b1a7887158f0d64d023d582ac747e,2026-10-02T06:56:11+00:00,,
toyota,rav4,suv,2020,interior-features--using-the-storage-features,https://www.mycarusermanual.com/toyota/rav4/suv/2020/interior-features--using-the-storage-features,200,878454485dea4960ecf52dfc86020f404e90510ced2d22c7fb508861f1cbea3e,2026-10-02T06:56:15+00:00,,
toyota,rav4,suv,2020,interior-features--using-the-other-interior-features,https://www.mycarusermanual.com/toyota/rav4/suv/2020/interior-features--using-the-other-interior-features,200,14b4713463e6ad3826d7c589bfcfca1bc8ee35d354be175ecbce4d4702091164,2026-10-02T06:56:20+00:00,,
toyota,rav4,suv,2020,maintenance-and-care,https://www.mycarusermanual.com/toyota/rav4/suv/2020/maintenance-and-care,200,411c6e59181fa4ef9a16ad72cd9c5407df22d9b8e64b8e73498ef9a47dc99755,2026-10-02T06:56:25+00:00,,
toyota,rav4,suv,2020,maintenance-and-care--maintenance-and-care,https://www.mycarusermanual.com/toyota/rav4/suv/2020/maintenance-and-care--maintenance-and-care,200,ced4a03d15810d79234606d3294db7352608ec0acc8cfc6b97051baa0848ff42,2026-10-02T06:56:29+00:00,,
toyota,rav4,suv,2020,maintenance-and-care--maintenance,https://www.mycarusermanual.com/toyota/rav4/suv/2020/maintenance-and-care--maintenance,200,a5a356c4ab1f6e4d232d0c3edf7e9f3c58d68a2eb87d836eb1708e87498beead,2026-10-02T06:56:33+00:00,,
toyota,rav4,suv,2020,maintenance-and-care--do-it-yourself-maintenance,https://www.mycarusermanual.com/toyota/rav4/suv/2020/maintenance-and-care--do-it-yourself-maintenance,200,8e52260c4bce258b27dc06c26e2e4f885a993ddcda24a34801c74ae9f53601a8,2026-10-02T06:56:37+00:00,,
toyota,rav4,suv,2020,when-trouble-arises,https://www.mycarusermanual.com/toyota/rav4/suv/2020/when-trouble-arises,200,26fa2bddb5599f037e618042ee069f52d062241a7bd596d339c8132facabe4e6,2026-10-02T06:56:41+00:00,,
toyota,rav4,suv,2020,when-trouble-arises--essential-information,https://www.mycarusermanual.com/toyota/rav4/suv/2020/when-trouble-arises--essential-information,200,ae40d097adb94ae9c1113ed12a82ea25098ef3f07c763d3b27014253064ef233,2026-10-02T06:56:46+00:00,,
toyota,rav4,suv,2020,when-trouble-arises--steps-to-take-in-an-emergency,https://www.mycarusermanual.com/toyota/rav4/suv/2020/when-trouble-arises--steps-to-take-in-an-emergency,200,14fa24a600ddbdc6a8e0bf0d48e4b6380225b09b27a6a4ca7d6a29c9f07fb6b0,2026-10-02T06:56:49+00:00,,
toyota,rav4,suv,2020,vehicle-specifications,https://www.mycarusermanual.com/toyota/rav4/suv/2020/vehicle-specifications,200,68acd6e88a91c4fa59fd7fd0fb23435a247baa8d6e7441493a68eb5d2a673802,2026-10-02T06:56:53+00:00,,
toyota,rav4,suv,2020,vehicle-specifications--specifications,https://www.mycarusermanual.com/toyota/rav4/suv/2020/vehicle-specifications--specifications,200,8f953ffa0922aa86b2332c6323a1c52303f01efac33599502bee60a44f6d78b9,2026-10-02T06:56:57+00:00,,
toyota,rav4,suv,2020,vehicle-specifications--customization,https://www.mycarusermanual.com/toyota/rav4/suv/2020/vehicle-specifications--customization,200,f96149a1464e413d74aa6cff9d341f7b5c9e28e6bae0b5e5dc743bc2e9f76a98,2026-10-02T06:57:02+00:00,,
toyota,rav4,suv,2020,vehicle-specifications--initialization,https://www.mycarusermanual.com/toyota/rav4/suv/2020/vehicle-specifications--initialization,200,382a5e45a36832da93e615fb6a6ba98e98a22aa88bf29a15416dc13100a5c949,2026-10-02T06:57:07+00:00,,
toyota,rav4,suv,2020,for-owners,https://www.mycarusermanual.com/toyota/rav4/suv/2020/for-owners,200,078cb35bc8a70aff3eba1b6742ce80269bde3c511ae7aa606422a1eeed7ea68b,2026-10-02T06:57:09+00:00,,
toyota,rav4,suv,2020,for-owners--reporting-safety-defects-for-u-s-owners,https://www.mycarusermanual.com/toyota/rav4/suv/2020/for-owners--reporting-safety-defects-for-u-s-owners,200,f20aeba06f2dd861f811a619dd01fbd69006b6c87196180ea7c73b4dc12fd799,2026-10-02T06:57:13+00:00,,
toyota,rav4,suv,2020,for-owners--seat-belt-instructions-for-canadian-owners,https://www.mycarusermanual.com/toyota/rav4/suv/2020/for-owners--seat-belt-instructions-for-canadian-owners,200,dcf06c8ca7c3907f000c62eba8ebb3d1f2829c070aaa9e246903971b718f057e,2026-10-02T06:57:16+00:00,,
toyota,rav4,suv,2020,for-owners--srs-airbag-instructions-for-canadian-owners,https://www.mycarusermanual.com/toyota/rav4/suv/2020/for-owners--srs-airbag-instructions-for-canadian-owners,200,086e664ed71895ed75c42fc002e82c19386c7e447bc06dc236a0360c5b9b00d3,2026-10-02T06:57:21+00:00,,
toyota,highlander,,,_model,https://www.mycarusermanual.com/toyota/highlander,200,548d0317bd9e8330549e35ad1cfc5816f2fa8d51344145750bc0f8d5db2a8a52,2026-10-02T06:57:24+00:00,,
toyota,prius,,,_model,https://www.mycarusermanual.com/toyota/prius,200,0cbd4bcf1199205227ac33fa56cced68b328359ee76e5bffde2e6fd719253cc9,2026-10-02T06:57:29+00:00,,
toyota,prius,4-door,2010-2015,_index,https://www.mycarusermanual.com/toyota/prius/4-door/2010-2015,200,f05243add2be40667176c6794ab2720c2afcd8d1041be57b371f4d3387a488c2,2026-10-02T06:57:31+00:00,,
toyota,prius,4-door,2010-2015,pictorial-index,https://www.mycarusermanual.com/toyota/prius/4-door/2010-2015/pictorial-index,200,75de767e26a7d4a50309d18d6ce9f4307c6d67e4db914bc435c59d1f82281715,2026-10-02T06:57:34+00:00,,
toyota,prius,4-door,2010-2015,pictorial-index--exterior,https://www.mycarusermanual.com/toyota/prius/4-door/2010-2015/pictorial-index--exterior,200,a0d6df07d5ff706f46a6ed7dcba8fcbbbf54fb58a437588f1fa652644d5cb701,2026-10-02T06:57:39+00:00,,
toyota,prius,4-door,2010-2015,pictorial-index--interior,https://www.mycarusermanual.com/toyota/prius/4-door/2010-2015/pictorial-index--interior,200,a57127d598c144f8db6602c68a48f3727820570a682ef5aaa24db74170253f65,2026-10-02T06:57:42+00:00,,
toyota,prius,4-door,2010-2015,pictorial-index--instrument-panel,https://www.mycarusermanual.com/toyota/prius/4-door/2010-2015/pictorial-index--instrument-panel,200,6e213529c3fb3f3eefa819188ef575b2e789893522ef68ca5076f8ed0d30d088,2026-10-02T06:57:45+00:00,,
toyota,prius,4-door,2010-2015,pictorial-index--luggage-compartment,https://www.mycarusermanual.com/toyota/prius/4-door/2010-2015/pictorial-index--luggage-compartment,200,8c2bbdff7449bb25fbea9a1a45c551bd180ae611cf55dc3ccdfda9554d4c871a,2026-10-02T06:57:49+00:00,,
toyota,prius,4-door,2010-2015,for-your-information,https://www.mycarusermanual.com/toyota/prius/4-door/2010-2015/for-your-information,200,d13e04641719f78745b66164e957f65b4aaa0c804bf48ae3a26b6bdcafcde32f,2026-10-02T06:57:53+00:00,,
toyota,prius,4-door,2010-2015,symbols-used-throughout-this-manual,https://www.mycarusermanual.com/toyota/prius/4-door/2010-2015/symbols-used-throughout-this-manual,200,14849597a74c717af99b6e07283a726f87e3aa62f463c54024cc9228eb2c1961,2026-10-02T06:57:55+00:00,,
toyota,prius,4-door,2010-2015,before-driving,https://www.mycarusermanual.com/toyota/prius/4-door/2010-2015/before-driving,200,0c488159d2ea537ce0a26d36344e907b2d841d05494a03342af9a7b5ceb14f5c,2026-10-02T06:58:00+00:00,,
toyota,prius,4-door,2010-2015,before-driving--hybrid-vehicle-driving-tips,https://www.mycarusermanual.com/toyota/prius/4-door/2010-2015/before-driving--hybrid-vehicle-driving-tips,200,97ef91083c6b985aaa1a11bcf6b317cef51634cea208ea2180f2ecb81620ba61,2026-10-02T06:58:04+00:00,,
toyota,prius,4-door,2010-2015,before-driving--keys,https://www.mycarusermanual.com/toyota/prius/4-door/2010-2015/before-driving--keys,200,5cb5c99759863877d5529baaefec884cb42a9f9da443d6114ef2157657e6566c,2026-10-02T06:58:09+00:00,,
toyota,prius,4-door,2010-2015,before-driving--wireless-remote-control,https://www.mycarusermanual.com/toyota/prius/4-door/2010-2015/before-driving--wireless-remote-control,200,22d21dd48b47eceacf71db8cfd156602785b475ef2c4245bbf5f47cea96b8495,2026-10-02T06:58:14+00:00,,
toyota,prius,4-door,2010-2015,before-driving--side-doors,https://www.mycarusermanual.com/toyota/prius/4-door/2010-2015/before-driving--side-doors,200,72bb6986f283bc9341ee91b288717d9775ae280c70b603a280fd744879b57ba6,2026-10-02T06:58:18+00:00,,
toyota,prius,4-door,2010-2015,before-driving--back-door,https://www.mycarusermanual.com/toyota/prius/4-door/2010-2015/before-driving--back-door,200,ff452f5b228feb7ac1f9730ef506b9becdc3e5438bb013e51ded250305617de3,2026-10-02T06:58:22+00:00,,
toyota,prius,4-door,2010-2015,before-driving--front-seats,https://www.mycarusermanual.com/toyota/prius/4-door/2010-2015/before-driving--front-seats,200,d002097b27a38b36dc22892094025eb7c646d7c98938a50fc31da36f0e39d9d1,2026-10-02T06:58:27+00:00,,
toyota,prius,4-door,2010-2015,before-driving--rear-seats,https://www.mycarusermanual.com/toyota/prius/4-door/2010-2015/before-driving--rear-seats,200,3346045b8f680af0aecaf2cb0ed99aa87fb0aadff9186e17bfbf27954686b510,2026-10-02T06:58:30+00:00,,
toyota,prius,4-door,2010-2015,before-driving--seat-belts,https://www.mycarusermanual.com/toyota/prius/4-door/2010-2015/before-driving--seat-belts,200,c1dda310a39483ebefdb04589b17273d3ff7b2e63f0b67dde67d4d5b157e8d89,2026-10-02T06:58:34+00:00,,
toyota,prius,4-door,2010-2015,before-driving--steering-wheel,https://www.mycarusermanual.com/toyota/prius/4-door/2010-2015/before-driving--steering-wheel,200,e8dc70a33f6415209b24cd54e3dcbba05cb82b8eac8ce96e4fe77d7870f276b8,2026-10-02T06:58:36+00:00,,
toyota,prius,4-door,2010-2015,before-driving--inside-rear-view-mirror,https://www.mycarusermanual.com/toyota/prius/4-door/2010-2015/before-driving--inside-rear-view-mirror,200,4690549cbee0157093b98e22b8e24eaa3cf49f0473f192593bcf2678c1cc0314,2026-10-02T06:58:39+00:00,,
toyota,prius,4-door,2010-2015,before-driving--outside-rear-view-mirrors,https://www.mycarusermanual.com/toyota/prius/4-door/2010-2015/before-driving--outside-rear-view-mirrors,200,4d66ae3b483dc115251cc1382b3ee2a806994ebb60248f4595db01ba8bfccfe4,2026-10-02T06:58:44+00:00,,
toyota,prius,4-door,2010-2015,before-driving--moon-roof-with-solar-panel,https://www.mycarusermanual.com/toyota/prius/4-door/2010-2015/before-driving--moon-roof-with-solar-panel,200,ca55338d63c89c4a2d2f6dbb543c6239078615640156282f7c268a54f3e10aae,2026-10-02T06:58:47+00:00,,
toyota,prius,4-door,2010-2015,before-driving--opening-the-fuel-tank-cap,https://www.mycarusermanual.com/toyota/prius/4-door/2010-2015/before-driving--opening-the-fuel-tank-cap,200,8035b0164001cd8e5819e64779f47e1bdcc00ec10354fe33e7dd808921f23daf,2026-10-02T06:58:50+00:00,,
toyota,prius,4-door,2010-2015,before-driving--immobilizer-system,https://www.mycarusermanual.com/toyota/prius/4-door/2010-2015/before-driving--immobilizer-system,200,aa4613f51f0766e97f40f5ee68ecea9f1acde9492527352cad7d585837fc0cba,2026-10-02T06:58:53+00:00,,
toyota,prius,4-door,2010-2015,before-driving--theft-prevention-labels-for-the-u-s-a-,https://www.mycarusermanual.com/toyota/prius/4-door/2010-2015/before-driving--theft-prevention-labels-for-the-u-s-a-,200,92b3f921b5717a7b90008a89ebf2dc5041b839d0f0773028e7c0a8e72f73c7e9,2026-10-02T06:58:56+00:00,,
toyota,prius,4-door,2010-2015,before-driving--correct-driving-posture,https://www.mycarusermanual.com/toyota/prius/4-door/2010-2015/before-driving--correct-driving-posture,200,50afde6c00f13ff05f33ce8a913b9be7d237ca7423aa7d16bba1bc51f24fd93d,2026-10-02T06:59:01+00:00,,
toyota,prius,4-door,2010-2015,before-driving--srs-airbags,https://www.mycarusermanual.com/toyota/prius/4-door/2010-2015/before-driving--srs-airbags,200,c30c802bd7927fc21604be88c00f750fa07ff0cca7d1f9317402c8e3b6a401bb,2026-10-02T06:59:06+00:00,,
toyota,prius,4-door,2010-2015,before-driving--front-passenger-occupant-classification-system,https://www.mycarusermanual.com/toyota/prius/4-door/2010-2015/before-driving--front-passenger-occupant-classification-system,200,1629ea651a1c7308e7cba11e0d19e3b839c64f3b43adfb615d9dbf01521041d8,2026-10-02T06:59:11+00:00,,
toyota,prius,4-door,2010-2015,before-driving--child-restraint-systems,https://www.mycarusermanual.com/toyota/prius/4-door/2010-2015/before-driving--child-restraint-systems,200,c2cd67059499708c77d65229549df06c2ee8c3b21d890a807c16035f28d03a1c,2026-10-02T06:59:16+00:00,,
toyota,prius,4-door,2010-2015,before-driving--installing-child-restraints,https://www.mycarusermanual.com/toyota/prius/4-door/2010-2015/before-driving--installing-child-restraints,200,3b2b33f68dcddfe487dfdfba584f92568c98982b2d43a314fa7039df3cb13bb4,2026-10-02T06:59:21+00:00,,
toyota,prius,4-door,2010-2015,when-driving,https://www.mycarusermanual.com/toyota/prius/4-door/2010-2015/when-driving,200,a61df874226422de2e56bfa5088c02d7cd0772ac266a0bc97d08853d44f9707e,2026-10-02T06:59:26+00:00,,
toyota,prius,4-door,2010-2015,when-driving--driving-the-vehicle,https://www.mycarusermanual.com/toyota/prius/4-door/2010-2015/when-driving--driving-the-vehicle,200,f5a6c63e7dfa3565570d3677aa900c2b9378c589a6f6c40582f4ffe9e98182e9,2026-10-02T06:59:30+00:00,,
toyota,prius,4-door,2010-2015,when-driving--ev-drive-mode,https://www.mycarusermanual.com/toyota/prius/4-door/2010-2015/when-driving--ev-drive-mode,200,fa474f41706ad0ddfaa6b4dfabd38f11fec5cb73c8d4792610902d2f52f0aa9c,2026-10-02T06:59:35+00:00,,
toyota,prius,4-door,2010-2015,when-driving--turn-signal-lever,https://www.mycarusermanual.com/toyota/prius/4-door/2010-2015/when-driving--turn-signal-lever,200,75af8afaa51863dd38e602e947fe95e6c30eefe895d639c130afc289a9bb48b5,2026-10-02T06:59:39+00:00,,
toyota,prius,4-door,2010-2015,when-driving--parking-brake,https://www.mycarusermanual.com/toyota/prius/4-door/2010-2015/when-driving--parking-brake,200,4b25873e209a847a4ff7007dde57c11f7dde62e714552f3d104fe8b5dd10fd1e,2026-10-02T06:59:41+00:00,,
toyota,prius,4-door,2010-2015,when-driving--horn,https://www.mycarusermanual.com/toyota/prius/4-door/2010-2015/when-driving--horn,200,e3d73d550542ed954eed59228eaa6a7c5aeaedb9ddbbe767375641e95b2a3f6e,2026-10-02T06:59:44+00:00,,
toyota,prius,4-door,2010-2015,when-driving--indicators-and-warning-lights,https://www.mycarusermanual.com/toyota/prius/4-door/2010-2015/when-driving--indicators-and-warning-lights,200,a6bc1c3884ed21bf3848618a4fd8518e58bde5b794d1cddadca6c7ce671d816e,2026-10-02T06:59:48+00:00,,
toyota,prius,4-door,2010-2015,when-driving--multi-information-display,https://www.mycarusermanual.com/toyota/prius/4-door/2010-2015/when-driving--multi-information-display,200,6472a1872123acc805a547efafda16bd16d2466819750ecb5f15d19bdc3317f7,2026-10-02T06:59:51+00:00,,
toyota,prius,4-door,2010-2015,when-driving--head-up-display,https://www.mycarusermanual.com/toyota/prius/4-door/2010-2015/when-driving--head-up-display,200,365875d501be82b54ef13f50efed93bd7f2ed9dfc675d31f91e0c873536ac5ad,2026-10-02T06:59:55+00:00,,
toyota,prius,4-door,2010-2015,when-driving--headlight-switch,https://www.mycarusermanual.com/toyota/prius/4-door/2010-2015/when-driving--headlight-switch,200,ded9238f0eaf792a9b0f38735cadd4c07bc1451878b4fff696b361a52cc602f6,2026-10-02T06:59:58+00:00,,
toyota,prius,4-door,2010-2015,when-driving--fog-light-switch,https://www.mycarusermanual.com/toyota/prius/4-door/2010-2015/when-driving--fog-light-switch,200,1f8521a4c5091aeebf19063f86c886478def5ba968c6c439b48efa1779a9f10d,2026-10-02T07:00:03+00:00,,
toyota,prius,4-door,2010-2015,when-driving--windshield-wipers-and-washer,https://www.mycarusermanual.com/toyota/prius/4-door/2010-2015/when-driving--windshield-wipers-and-washer,200,7ed353a92a06bfe170eccac0df8ec81f1e34735dfecb9c9894ad0b076677794e,2026-10-02T07:00:08+00:00,,
toyota,prius,4-door,2010-2015,when-driving--headlight-cleaner-switch,https://www.mycarusermanual.com/toyota/prius/4-door/2010-2015/when-driving--headlight-cleaner-switch,200,1c0e719b5494cf6fd909927daf7a9f53627755ef03c4e6a28cdea18a10bdf915,2026-10-02T07:00:12+00:00,,
toyota,prius,4-door,2010-2015,when-driving--cruise-control,https://www.mycarusermanual.com/toyota/prius/4-door/2010-2015/when-driving--cruise-control,200,08eb06fe537cdc7f82abb74e2ceb44e94b57cff6be428b20397d09a9d3de3a42,2026-10-02T07:00:16+00:00,,
toyota,prius,4-door,2010-2015,when-driving--dynamic-radar-cruise-control,https://www.mycarusermanual.com/toyota/prius/4-door/2010-2015/when-driving--dynamic-radar-cruise-control,200,668d5b6ac5db3ddd36af3c0e3a27d27a3a41094973698a79e62177839d9f685c,2026-10-02T07:00:21+00:00,,
toyota,prius,4-door,2010-2015,when-driving--hill-start-assist-control,https://www.mycarusermanual.com/toyota/prius/4-door/2010-2015/when-driving--hill-start-assist-control,200,877dc183e5fc3fe70eafe81d19f498bf6d0c433e3070571a5493a93e46e5fc03,2026-10-02T07:00:23+00:00,,
toyota,prius,4-door,2010-2015,when-driving--pcs-pre-collision-system-,https://www.mycarusermanual.com/toyota/prius/4-door/2010-2015/when-driving--pcs-pre-collision-system-,200,7334a7128033941e06ff0a88773fa16cfc241d7e1930b5d2df5b32db842c88ba,2026-10-02T07:00:27+00:00,,
toyota,prius,4-door,2010-2015,when-driving--cargo-and-luggage,https://www.mycarusermanual.com/toyota/prius/4-door/2010-2015/when-driving--cargo-and-luggage,200,2237683b1e9e2a37910ed19697d762debcc2178166bd48f58be04dcf1d6ca414,2026-10-02T07:00:30+00:00,,
toyota,prius,4-door,2010-2015,when-driving--vehicle-load-limits,https://www.mycarusermanual.com/toyota/prius/4-door/2010-2015/when-driving--vehicle-load-limits,200,23e19a5a0c23bf3b7114fffd522aaeae96e6be2914bd5c90b3c3216e3835b9b3,2026-10-02T07:00:32+00:00,,
toyota,prius,4-door,2010-2015,when-driving--trailer-towing,https://www.mycarusermanual.com/toyota/prius/4-door/2010-2015/when-driving--trailer-towing,200,3d2f34c27290e69e72d84292adcabc7aa09660aa6aed7b95e8142f531e3abf9f,2026-10-02T07:00:36+00:00,,
toyota,prius,4-door,2010-2015,when-driving--dinghy-towing,https://www.mycarusermanual.com/toyota/prius/4-door/2010-2015/when-driving--dinghy-towing,200,942e1d9dca730621649993d3308e1a0652ab6e7781d019a629eb18faf5f7a3d5,2026-10-02T07:00:40+00:00,,
toyota,prius,4-door,2010-2015,interior-features,https://www.mycarusermanual.com/toyota/prius/4-door/2010-2015/interior-features,200,03160d81171966953a03ddc6883f86e40a6f216a1f44888371c683c3411e488b,2026-10-02T07:00:45+00:00,,
toyota,prius,4-door,2010-2015,interior-features--air-conditioning-system,https://www.mycarusermanual.com/toyota/prius/4-door/2010-2015/interior-features--air-conditioning-system,200,5a7ce617a98ae6be1e957685355e79b98262bd16827c9e9b8b02c049e0cf9d58,2026-10-02T07:00:48+00:00,,
toyota,prius,4-door,2010-2015,interior-features--using-the-steering-wheel-climate-remote-control-switches,https://www.mycarusermanual.com/toyota/prius/4-door/2010-2015/interior-features--using-the-steering-wheel-climate-remote-control-switches,200,a34e07b7390664c99901b95375f8fd7c3cf9472ff62719c0414eae904a3cce4d,2026-10-02T07:00:53+00:00,,
toyota,prius,4-door,2010-2015,interior-features--solar-ventilation-system,https://www.mycarusermanual.com/toyota/prius/4-door/2010-2015/interior-features--solar-ventilation-system,200,b28d07cc2302c833f9d19fa0c523d73ec60f8acbc6989e87d1b98a45cbdccf7c,2026-10-02T07:00:58+00:00,,
toyota,prius,4-door,2010-2015,interior-features--audio-system-types,https://www.mycarusermanual.com/toyota/prius/4-door/2010-2015/interior-features--audio-system-types,200,9dbb377f98ef4b878dd39ebdf7452ca55178f5b17869ff98207ca38408953b03,2026-10-02T07:01:00+00:00,,
toyota,prius,4-door,2010-2015,interior-features--interior-lights-list,https://www.mycarusermanual.com/toyota/prius/4-door/2010-2015/interior-features--interior-lights-list,200,66d5330d5b74c9defda103809eb7489e97ccf05fa450ddd2906c10cd1c1f9f5e,2026-10-02T07:01:05+00:00,,
toyota,prius,4-door,2010-2015,interior-features--front-interior-lights,https://www.mycarusermanual.com/toyota/prius/4-door/2010-2015/interior-features--front-interior-lights,200,1f1da5790accfb9d415ad6f4b5cc372f592082e1f55b6b8be0fe0c4004d8e97d,2026-10-02T07:01:09+00:00,,
toyota,prius,4-door,2010-2015,interior-features--personal-lights,https://www.mycarusermanual.com/toyota/prius/4-door/2010-2015/interior-features--personal-lights,200,9413514de1b3af463357252b06b44ad079b920ce35e3455159466275a3f941af,2026-10-02T07:01:12+00:00,,
toyota,prius,4-door,2010-2015,interior-features--rear-interior-light,https://www.mycarusermanual.com/toyota/prius/4-door/2010-2015/interior-features--rear-interior-light,200,4c6579e15a6c170c5732ca452226937ac8a280b99cb7165572ead041556ada68,2026-10-02T07:01:15+00:00,,
toyota,prius,4-door,2010-2015,interior-features--glove-boxes,https://www.mycarusermanual.com/toyota/prius/4-door/2010-2015/interior-features--glove-boxes,200,5fc3a29b51b5a6ff3bf3132cb2f366c55e57bd6e87a900c5e35e9b5e2fed8cac,2026-10-02T07:01:20+00:00,,
toyota,prius,4-door,2010-2015,interior-features--console-box,https://www.mycarusermanual.com/toyota/prius/4-door/2010-2015/interior-features--console-box,200,32b5775ffae4189453c9b3f615fbdc80aea624a744cfa89bd80caed39f3ebb12,2026-10-02T07:01:25+00:00,,
toyota,prius,4-door,2010-2015,interior-features--cup-holders,https://www.mycarusermanual.com/toyota/prius/4-door/2010-2015/interior-features--cup-holders,200,0af00ee94a82ad22ab2f023bb2a3801b07da048c315b506842113964059633b8,2026-10-02T07:01:30+00:00,,
toyota,prius,4-door,2010-2015,interior-features--bottle-holders,https://www.mycarusermanual.com/toyota/prius/4-door/2010-2015/interior-features--bottle-holders,200,d9b9d2dabaa57f1a078a48be38c558388d503282274283f72fb8359646a1760c,2026-10-02T07:01:34+00:00,,
toyota,prius,4-door,2010-2015,interior-features--auxiliary-boxes,https://www.mycarusermanual.com/toyota/prius/4-door/2010-2015/interior-features--auxiliary-boxes,200,66f4b6b4a5942252408e9b5e91f03f51eb02bc81bad147a7e2fe009dc5d153ef,2026-10-02T07:01:36+00:00,,
toyota,prius,4-door,2010-2015,interior-features--sun-visors,https://www.mycarusermanual.com/toyota/prius/4-door/2010-2015/interior-features--sun-visors,200,3d423be392a75e34c24bf873ee436f5c1e2f57ed541324edd881eb41c4c03bd3,2026-10-02T07:01:39+00:00,,
toyota,prius,4-door,2010-2015,interior-features--vanity-mirrors,https://www.mycarusermanual.com/toyota/prius/4-door/2010-2015/interior-features--vanity-mirrors,200,090aa4cdd131d433deaa95cbd1edd2ce83886ad18710d5dfd91bb26a2aa6e187,2026-10-02T07:01:42+00:00,,
toyota,prius,4-door,2010-2015,interior-features--outside-temperature-display,https://www.mycarusermanual.com/toyota/prius/4-door/2010-2015/interior-features--outside-temperature-display,200,5768252405e8efcd17376091e928317739c5851223cfb16f8130e196ce0616d4,2026-10-02T07:01:47+00:00,,
toyota,prius,4-door,2010-2015,interior-features--power-outlets,https://www.mycarusermanual.com/toyota/prius/4-door/2010-2015/interior-features--power-outlets,200,654f18d9b074e58f5e81a27dafb70944dfa679b9bc5248911579661bdd625650,2026-10-02T07:01:50+00:00,,
toyota,prius,4-door,2010-2015,interior-features--seat-heaters,https://www.mycarusermanual.com/toyota/prius/4-door/2010-2015/interior-features--seat-heaters,200,dc09df48490301ac680a51ffe16c7e2deb2a96ff29a77f919cbd5dc37f8dc9a4,2026-10-02T07:01:54+00:00,,
toyota,prius,4-door,2010-2015,interior-features--armrest,https://www.mycarusermanual.com/toyota/prius/4-door/2010-2015/interior-features--armrest,200,f92aed253a885bc61462bdd96b9ad016bce40e4115bcbd5299618a0a5dcd8f8e,2026-10-02T07:01:58+00:00,,
toyota,prius,4-door,2010-2015,interior-features--floor-mats,https://www.mycarusermanual.com/toyota/prius/4-door/2010-2015/interior-features--floor-mats,200,96115be3c5cbb99f4a7968290d59f948aa675c5475e237c5f512e37bc4ecd46e,2026-10-02T07:02:02+00:00,,
toyota,prius,4-door,2010-2015,interior-features--safety-connect,https://www.mycarusermanual.com/toyota/prius/4-door/2010-2015/interior-features--safety-connect,200,ed44eecda95c6849fa0a0db84186ffea4b99ee183f6574926d231ccdb281e511,2026-10-02T07:02:07+00:00,,
toyota,prius,4-door,2010-2015,maintenance-and-care,https://www.mycarusermanual.com/toyota/prius/4-door/2010-2015/maintenance-and-care,200,3f4b2daa89a3653af3669cd064eb3a7428e93118896a638497f97e07a24edc4b,2026-10-02T07:02:10+00:00,,
toyota,prius,4-door,2010-2015,maintenance-and-care--cleaning-and-protecting-the-vehicle-exterior,https://www.mycarusermanual.com/toyota/prius/4-door/2010-2015/maintenance-and-care--cleaning-and-protecting-the-vehicle-exterior,200,818fa00ec4c02fba4b8cdf8d61ceb9124866ac298e2dd71fc19bd6d78f08cc62,2026-10-02T07:02:14+00:00,,
toyota,prius,4-door,2010-2015,maintenance-and-care--cleaning-and-protecting-the-vehicle-interior,https://www.mycarusermanual.com/toyota/prius/4-door/2010-2015/maintenance-and-care--cleaning-and-protecting-the-vehicle-interior,200,bf10d97745e4394ca216969ab6f14bf5391f4077d6eb96dfaf920f3a278eeb12,2026-10-02T07:02:18+00:00,,
toyota,prius,4-door,2010-2015,maintenance-and-care--general-maintenance,https://www.mycarusermanual.com/toyota/prius/4-door/2010-2015/maintenance-and-care--general-maintenance,200,e1d29e12b718321a8cdc0b909bfcfb42ac3954a2b78655fe0c711a1b67eb6ca6,2026-10-02T07:02:22+00:00,,
toyota,prius,4-door,2010-2015,maintenance-and-care--emission-inspection-and-maintenance-i-m-programs,https://www.mycarusermanual.com/toyota/prius/4-door/2010-2015/maintenance-and-care--emission-inspection-and-maintenance-i-m-programs,200,7ed08756268786fc735c0063b62fcf9bbac18d9dd2760dc0652911cf4ce1f2e1,2026-10-02T07:02:26+00:00,,
toyota,prius,4-door,2010-2015,maintenance-and-care--do-it-yourself-service-precautions,https://www.mycarusermanual.com/toyota/prius/4-door/2010-2015/maintenance-and-care--do-it-yourself-service-precautions,200,c4ee22c51e362a2b7ac8d5d7704f95910ba9a40dcfc7098d22fa13e744668216,2026-10-02T07:02:28+00:00,,
toyota,prius,4-door,2010-2015,maintenance-and-care--hood,https://www.mycarusermanual.com/toyota/prius/4-door/2010-2015/maintenance-and-care--hood,200,e233f3baaf28dce1ec27ec3d1e8192a323edbd35bae57c71e2f13571fa13a236,2026-10-02T07:02:32+00:00,,
toyota,prius,4-door,2010-2015,maintenance-and-care--positioning-a-floor-jack,https://www.mycarusermanual.com/toyota/prius/4-door/2010-2015/maintenance-and-care--positioning-a-floor-jack,200,900be6e4159349b11c0f3914d0c7c35065423d37cc8e30809750a4b910deacc0,2026-10-02T07:02:37+00:00,,
toyota,prius,4-door,2010-2015,maintenance-and-care--engine-compartment,https://www.mycarusermanual.com/toyota/prius/4-door/2010-2015/maintenance-and-care--engine-compartment,200,a94f1eba98024a474d3a8460dec2e5f4b2907fb89d17ef1b91433bc0ac5f510a,2026-10-02T07:02:40+00:00,,
toyota,prius,4-door,2010-2015,maintenance-and-care--12-volt-battery,https://www.mycarusermanual.com/toyota/prius/4-door/2010-2015/maintenance-and-care--12-volt-battery,200,616343ec701def15f637264ce629d12a1369340a01161f7338c612d40257487f,2026-10-02T07:02:42+00:00,,
toyota,prius,4-door,2010-2015,maintenance-and-care--tires,https://www.mycarusermanual.com/toyota/prius/4-door/2010-2015/maintenance-and-care--tires,200,60de79954a387c68bd797297c2168d03c0353e2f83ab51ec991dbf5915f4125c,2026-10-02T07:02:45+00:00,,
toyota,prius,4-door,2010-2015,maintenance-and-care--tire-inflation-pressure,https://www.mycarusermanual.com/toyota/prius/4-door/2010-2015/maintenance-and-care--tire-inflation-pressure,200,b2be7062512ecf240aab88f052e560c8515831f17f6125179f5e979527a43693,2026-10-02T07:02:49+00:00,,
toyota,prius,4-door,2010-2015,maintenance-and-care--wheels,https://www.mycarusermanual.com/toyota/prius/4-door/2010-2015/maintenance-and-care--wheels,200,47977399ab75b9496fe245f6f2d74148f9140189d535753067dfd95c74e3361e,2026-10-02T07:02:52+00:00,,
toyota,prius,4-door,2010-2015,maintenance-and-care--electronic-key-battery,https://www.mycarusermanual.com/toyota/prius/4-door/2010-2015/maintenance-and-care--electronic-key-battery,200,85688ceee815d62bc62ecbca99b7ffaeccb3c58a5adbc06a8daea9068e656ba7,2026-10-02T07:02:55+00:00,,
toyota,prius,4-door,2010-2015,maintenance-and-care--checking-and-replacing-fuses,https://www.mycarusermanual.com/toyota/prius/4-door/2010-2015/maintenance-and-care--checking-and-replacing-fuses,200,c11d7ba8972761d6e7c9dab620a2186233054ccf7953bb47a29b0536390ade70,2026-10-02T07:02:57+00:00,,
toyota,prius,4-door,2010-2015,maintenance-and-care--light-bulbs,https://www.mycarusermanual.com/toyota/prius/4-door/2010-2015/maintenance-and-care--light-bulbs,200,e3cf0d7a0086289da58191bf28092d06d06faf703aa8a45c2d6775cdd7e39739,2026-10-02T07:03:00+00:00,,
toyota,prius,4-door,2010-2015,when-trouble-arises,https://www.mycarusermanual.com/toyota/prius/4-door/2010-2015/when-trouble-arises,200,8ec25a5e6781b91bec2177a33006e51492d3b6e67b3d26a69a9bc5555e8d32c8,2026-10-02T07:03:05+00:00,,
toyota,prius,4-door,2010-2015,when-trouble-arises--emergency-flashers,https://www.mycarusermanual.com/toyota/prius/4-door/2010-2015/when-trouble-arises--emergency-flashers,200,22dd6c072b2cd6a598de31c6196eeea9665ce968ac061fb0881de61837757d7c,2026-10-02T07:03:09+00:00,,
toyota,prius,4-door,2010-2015,when-trouble-arises--if-your-vehicle-needs-to-be-towed,https://www.mycarusermanual.com/toyota/prius/4-door/2010-2015/when-trouble-arises--if-your-vehicle-needs-to-be-towed,200,4b18787ac16b39d3d13fe4b87664e6853d4a09f99873f1351ebf3937dd6b4fd3,2026-10-02T07:03:13+00:00,,
toyota,prius,4-door,2010-2015,when-trouble-arises--if-you-think-something-is-wrong,https://www.mycarusermanual.com/toyota/prius/4-door/2010-2015/when-trouble-arises--if-you-think-something-is-wrong,200,33bd5b74de3bfb29f68fa88f80a738c69192d5f69f0bf3c293809176c4496059,2026-10-02T07:03:17+00:00,,
toyota,prius,4-door,2010-2015,when-trouble-arises--if-a-warning-message-is-displayed,https://www.mycarusermanual.com/toyota/prius/4-door/2010-2015/when-trouble-arises--if-a-warning-message-is-displayed,200,bff1e2fc8f7016dcea389c302954cac201aa50be631708f28fc8ddf24f95cb1a,2026-10-02T07:03:22+00:00,,
toyota,prius,4-door,2010-2015,when-trouble-arises--if-you-have-a-flat-tire,https://www.mycarusermanual.com/toyota/prius/4-door/2010-2015/when-trouble-arises--if-you-have-a-flat-tire,200,3753eba8f552695d673023ad1efa42e4eb95049361dbbc68fa0a98d1a227033e,2026-10-02T07:03:26+00:00,,
toyota,prius,4-door,2010-2015,when-trouble-arises--if-the-hybrid-system-will-not-start,https://www.mycarusermanual.com/toyota/prius/4-door/2010-2015/when-trouble-arises--if-the-hybrid-system-will-not-start,200,172ab1b5adac6bbb5996d022673d22ef1112854c3d254e7825b434670e3adc93,2026-10-02T07:03:30+00:00,,
toyota,prius,4-door,2010-2015,when-trouble-arises--if-you-lose-your-keys,https://www.mycarusermanual.com/toyota/prius/4-door/2010-2015/when-trouble-arises--if-you-lose-your-keys,200,6bdc480bdf3417eef02731e5dd1f80973718c37665fc7c33a5eff050441a7266,2026-10-02T07:03:33+00:00,,
toyota,prius,4-door,2010-2015,when-trouble-arises--if-the-electronic-key-does-not-operate-properly,https://www.mycarusermanual.com/toyota/prius/4-door/2010-2015/when-trouble-arises--if-the-electronic-key-does-not-operate-properly,200,9b33a88da1cef21a61a15ba5222f8430bfd3045cdcf92d7597a4b99dc517e8f7,2026-10-02T07:03:38+00:00,,
toyota,prius,4-door,2010-2015,when-trouble-arises--if-the-12-volt-battery-is-discharged,https://www.mycarusermanual.com/toyota/prius/4-door/2010-2015/when-trouble-arises--if-the-12-volt-battery-is-discharged,200,f63d20f5b9a88461dd17b4a9fde50a1d1bc91074cd95b4c0d01f77ceacdb9bc2,2026-10-02T07:03:42+00:00,,
toyota,prius,4-door,2010-2015,when-trouble-arises--if-your-vehicle-overheats,https://www.mycarusermanual.com/toyota/prius/4-door/2010-2015/when-trouble-arises--if-your-vehicle-overheats,200,156e6aeabb9e1efc05b09fcf30bb5070236dfeac0c98ceef89ea924750807869,2026-10-02T07:03:47+00:00,,
toyota,prius,4-door,2010-2015,when-trouble-arises--if-the-vehicle-becomes-stuck,https://www.mycarusermanual.com/toyota/prius/4-door/2010-2015/when-trouble-arises--if-the-vehicle-becomes-stuck,200,2d1354fe465a6372cae0fec4451a5f9c5bddd16cf69e0d38d016611dac98925e,2026-10-02T07:03:51+00:00,,
toyota,prius,4-door,2010-2015,when-trouble-arises--if-your-vehicle-has-to-be-stopped-in-an-emergency,https://www.mycarusermanual.com/toyota/prius/4-door/2010-2015/when-trouble-arises--if-your-vehicle-has-to-be-stopped-in-an-emergency,200,41799ccb7efad8e926812186efda685b7cd37176443a24c9cc3bb4e4b18a934b,2026-10-02T07:03:54+00:00,,
toyota,prius,4-door,2010-2015,vehicle-specifications,https://www.mycarusermanual.com/toyota/prius/4-door/2010-2015/vehicle-specifications,200,82c98a791e48553a22489212b166376d028acd7165795794e11b539078dc1683,2026-10-02T07:03:57+00:00,,
toyota,prius,4-door,2010-2015,vehicle-specifications--maintenance-data-fuel-oil-level-etc-,https://www.mycarusermanual.com/toyota/prius/4-door/2010-2015/vehicle-specifications--maintenance-data-fuel-oil-level-etc-,200,5c20de2b1458e497b34943be7a175164ef62abdd69afd7248f937de849e96afe,2026-10-02T07:04:01+00:00,,
toyota,prius,4-door,2010-2015,vehicle-specifications--fuel-information,https://www.mycarusermanual.com/toyota/prius/4-door/2010-2015/vehicle-specifications--fuel-information,200,4dcda181183648dae3f08c2387f2909dee359bc6c07147e42b5acc107612e8f5,2026-10-02T07:04:04+00:00,,
toyota,prius,4-door,2010-2015,vehicle-specifications--tire-information,https://www.mycarusermanual.com/toyota/prius/4-door/2010-2015/vehicle-specifications--tire-information,200,3979bd8fdebc038c9a0aa9273f6f7b5032c20f7d5edce03695ebbddec78d5a01,2026-10-02T07:04:08+00:00,,
toyota,prius,4-door,2010-2015,vehicle-specifications--customizable-features,https://www.mycarusermanual.com/toyota/prius/4-door/2010-2015/vehicle-specifications--customizable-features,200,b1091e10c7cfb50b3272aa7c50e60af19702746457fc26bf1a72644fdd6d21cf,2026-10-02T07:04:11+00:00,,
toyota,prius,4-door,2010-2015,vehicle-specifications--items-to-initialize,https://www.mycarusermanual.com/toyota/prius/4-door/2010-2015/vehicle-specifications--items-to-initialize,200,1ed9298a16021e1cebfbd48f30154f662b3fa1885a66adf45ec494bc6b92c169,2026-10-02T07:04:15+00:00,,
toyota,prius,4-door,2010-2015,for-owners,https://www.mycarusermanual.com/toyota/prius/4-door/2010-2015/for-owners,200,4ac2b5e5fdef3b68835174bbca834f4cfd16b4168f226cf02ed50e14724011a5,2026-10-02T07:04:21+00:00,,
toyota,prius,4-door,2010-2015,for-owners--seat-belt-instructions-for-canadian-owners-in-french-,https://www.mycarusermanual.com/toyota/prius/4-door/2010-2015/for-owners--seat-belt-instructions-for-canadian-owners-in-french-,200,62e8af37dd82ead9a52d29dececec940b264007b03dd1913b74baf38b8fb88ab,2026-10-02T07:04:25+00:00,,
toyota,prius,4-door,2016-2022,_index,https://www.mycarusermanual.com/toyota/prius/4-door/2016-2022,200,67b033f1244de6a676bed4da21337ae01efcae645f95ba79e1d043ebbeb4485f,2026-10-02T07:04:28+00:00,,
toyota,prius,4-door,2016-2022,for-your-information,https://www.mycarusermanual.com/toyota/prius/4-door/2016-2022/for-your-information,200,265b103b2ce7025a52de80383ccc6a6f8418d34058ede9ae60fcdd76a479fee5,2026-10-02T07:04:30+00:00,,
toyota,prius,4-door,2016-2022,reading-this-manual,https://www.mycarusermanual.com/toyota/prius/4-door/2016-2022/reading-this-manual,200,6e189ef3af7c6a39eb14b7bb693ddb7f149b1563cdfc9e4220a61d4d2fff5c9b,2026-10-02T07:04:33+00:00,,
toyota,prius,4-door,2016-2022,how-to-search,https://www.mycarusermanual.com/toyota/prius/4-door/2016-2022/how-to-search,200,5faf4e70fe18225efd693cb23c6835e9cddfc4638f46cc792375c88c1f6d0c23,2026-10-02T07:04:36+00:00,,
toyota,prius,4-door,2016-2022,pictorial-index,https://www.mycarusermanual.com/toyota/prius/4-door/2016-2022/pictorial-index,200,ae3588731ef1d594ab6902aa4e3832996e5f4b7cef10650121a5b7600b06ddde,2026-10-02T07:04:38+00:00,,
toyota,prius,4-door,2016-2022,for-safety-and-security,https://www.mycarusermanual.com/toyota/prius/4-door/2016-2022/for-safety-and-security,200,14a8a36d3ef7a2e23b8847f940f6eee5ee617d1dd887440cb338c61610feb146,2026-10-02T07:04:42+00:00,,
toyota,prius,4-door,2016-2022,for-safe-use,https://www.mycarusermanual.com/toyota/prius/4-door/2016-2022/for-safe-use,200,78fc2d4a0db3bdf9d9d59c18b98980a5e92b4d2f5b8a10ca2ccded71d133ebc0,2026-10-02T07:04:46+00:00,,
toyota,prius,4-door,2016-2022,for-safe-use--for-safe-driving,https://www.mycarusermanual.com/toyota/prius/4-door/2016-2022/for-safe-use--for-safe-driving,200,728019cfcd0399fe2de87b159b960bdc8d2b9032361c0c30817555c610398171,2026-10-02T07:04:49+00:00,,
toyota,prius,4-door,2016-2022,for-safe-use--seat-belts,https://www.mycarusermanual.com/toyota/prius/4-door/2016-2022/for-safe-use--seat-belts,200,7768b97ef4ead701929c7dbe024e6e9df817709de999345e4eba735bd58a196b,2026-10-02T07:04:52+00:00,,
toyota,prius,4-door,2016-2022,for-safe-use--srs-airbags,https://www.mycarusermanual.com/toyota/prius/4-door/2016-2022/for-safe-use--srs-airbags,200,bbad58af15d4ba0babf58837efb6f70271faeb89b86efc8684b8b0c913ba7423,2026-10-02T07:04:55+00:00,,
toyota,prius,4-door,2016-2022,for-safe-use--front-passenger-occupant-classification-system,https://www.mycarusermanual.com/toyota/prius/4-door/2016-2022/for-safe-use--front-passenger-occupant-classification-system,200,a5e1d4ae6069aea9ea2901b0c20091c7e6009d5d7e7340d2bf9bccf2bef9f3ee,2026-10-02T07:04:59+00:00,,
toyota,prius,4-door,2016-2022,for-safe-use--exhaust-gas-precautions,https://www.mycarusermanual.com/toyota/prius/4-door/2016-2022/for-safe-use--exhaust-gas-precautions,200,ee178125067f4643909503c5ed6a0fa809e43a6e4dee30ff67b9c7912329af92,2026-10-02T07:05:02+00:00,,
toyota,prius,4-door,2016-2022,child-safety,https://www.mycarusermanual.com/toyota/prius/4-door/2016-2022/child-safety,200,4e68d630dc803edad5e0bc5c482a727abed0f10a6088e4de326e67a29c2b5de2,2026-10-02T07:05:05+00:00,,
toyota,prius,4-door,2016-2022,child-safety--child-restraint-systems,https://www.mycarusermanual.com/toyota/prius/4-door/2016-2022/child-safety--child-restraint-systems,200,71667c4d6acb8fa637bf26f580f7a9549b44f022237777c03bfd0d7ff25cd44e,2026-10-02T07:05:08+00:00,,
toyota,prius,4-door,2016-2022,emergency-assistance--safety-connect,https://www.mycarusermanual.com/toyota/prius/4-door/2016-2022/emergency-assistance--safety-connect,200,bbc88f4e616a4136e4f036aefddc2200ad3420085ed30da18a1f4d0d4b1b39f6,2026-10-02T07:05:12+00:00,,
toyota,prius,4-door,2016-2022,theft-deterrent-system--immobilizer-system,https://www.mycarusermanual.com/toyota/prius/4-door/2016-2022/theft-deterrent-system--immobilizer-system,200,ec40ab34715cd9a2053b84656fe24055d56490d412e50be72fb2fd07e4fcea50,2026-10-02T07:05:16+00:00,,
toyota,prius,4-door,2016-2022,instrument-cluster,https://www.mycarusermanual.com/toyota/prius/4-door/2016-2022/instrument-cluster,200,cbc2468346d7f30f3ddcf97c79bcf9de822ba8508e3b7ae4d2e9006c73a3d772,2026-10-02T07:05:19+00:00,,
toyota,prius,4-door,2016-2022,instrument-cluster--combination-meter,https://www.mycarusermanual.com/toyota/prius/4-door/2016-2022/instrument-cluster--combination-meter,200,5b0b1a1168babe7d110cae5f9a5a7204600e4a5703c2dc82e00a6425ec797b27,2026-10-02T07:05:25+00:00,,
toyota,prius,4-door,2016-2022,instrument-cluster--warning-lights-and-indicators,https://www.mycarusermanual.com/toyota/prius/4-door/2016-2022/instrument-cluster--warning-lights-and-indicators,200,80b4a79f8e3ee3c25dbfc58cebbf3dca87498f1280f6d70e5212578ee90a17fe,2026-10-02T07:05:27+00:00,,
toyota,prius,4-door,2016-2022,instrument-cluster--main-display,https://www.mycarusermanual.com/toyota/prius/4-door/2016-2022/instrument-cluster--main-display,200,36c99edc03ca82c1eee5b756a32966c9142c1d1d1bd6e615e81d23b071bf4022,2026-10-02T07:05:31+00:00,,
toyota,prius,4-door,2016-2022,instrument-cluster--multi-information-display,https://www.mycarusermanual.com/toyota/prius/4-door/2016-2022/instrument-cluster--multi-information-display,200,37a0af83a61fd5dc156e1485e26c85bd4525a565bf2e43eeed0914709acc5b56,2026-10-02T07:05:36+00:00,,
toyota,prius,4-door,2016-2022,instrument-cluster--head-up-display,https://www.mycarusermanual.com/toyota/prius/4-door/2016-2022/instrument-cluster--head-up-display,200,b1683633779f687863617f6555d96396beef06dc933a0c964e8df2375436f01e,2026-10-02T07:05:39+00:00,,
toyota,prius,4-door,2016-2022,instrument-cluster--energy-monitor-consumption-screen-vehicles-with-7-inch-display-,https://www.mycarusermanual.com/toyota/prius/4-door/2016-2022/instrument-cluster--energy-monitor-consumption-screen-vehicles-with-7-inch-display-,200,215c71c834a346ddf52f91b462ab89653512bdff20d34b55ece2482d75d2c54c,2026-10-02T07:05:42+00:00,,
toyota,prius,4-door,2016-2022,instrument-cluster--energy-monitor-consumption-screen-vehicles-with-11-6-inch-display-,https://www.mycarusermanual.com/toyota/prius/4-door/2016-2022/instrument-cluster--energy-monitor-consumption-screen-vehicles-with-11-6-inch-display-,200,17e651db42f3b75633605f1731c43a27f289f1ba298a8169ed8743127a7c5095,2026-10-02T07:05:45+00:00,,
toyota,prius,4-door,2016-2022,operation-of-each-component,https://www.mycarusermanual.com/toyota/prius/4-door/2016-2022/operation-of-each-component,200,4854262ab7e5bbd05df0a483c6507b4b3cc1a44b10e7d960d25a08d0a1652ea3,2026-10-02T07:05:50+00:00,,
toyota,prius,4-door,2016-2022,key-information-,https://www.mycarusermanual.com/toyota/prius/4-door/2016-2022/key-information-,200,b6024de754afa1ba1c9f42bf2656151cc32c4874fb3d8c0804caa512f8b6eff9,2026-10-02T07:05:54+00:00,,
toyota,prius,4-door,2016-2022,opening-closing-and-locking-the-doors,https://www.mycarusermanual.com/toyota/prius/4-door/2016-2022/opening-closing-and-locking-the-doors,200,b05bab983231878ff62bceb42290790194712b8e30bb30437d35a83373801901,2026-10-02T07:05:56+00:00,,
toyota,prius,4-door,2016-2022,opening-closing-and-locking-the-doors--back-door,https://www.mycarusermanual.com/toyota/prius/4-door/2016-2022/opening-closing-and-locking-the-doors--back-door,200,712cec031e6a3b1723677036f3e414e3af0883be9df6639e39fa9b4d6d0cb847,2026-10-02T07:06:00+00:00,,
toyota,prius,4-door,2016-2022,opening-closing-and-locking-the-doors--smart-key-system,https://www.mycarusermanual.com/toyota/prius/4-door/2016-2022/opening-closing-and-locking-the-doors--smart-key-system,200,ea7b2d044fc08b1103b07e322f0b2bee94bf37de50924df9b1f7efe3c05e4029,2026-10-02T07:06:03+00:00,,
toyota,prius,4-door,2016-2022,adjusting-the-seats-,https://www.mycarusermanual.com/toyota/prius/4-door/2016-2022/adjusting-the-seats-,200,41c6633e35980641138c0dbd568a42a120f6cdef06866d5af0a7734c1a2f757b,2026-10-02T07:06:07+00:00,,
toyota,prius,4-door,2016-2022,adjusting-the-seats--rear-seats,https://www.mycarusermanual.com/toyota/prius/4-door/2016-2022/adjusting-the-seats--rear-seats,200,30ec35f7604575631e9255d1ec77fd75966db49a96649e9ea80c7f44212e94c5,2026-10-02T07:06:10+00:00,,
toyota,prius,4-door,2016-2022,adjusting-the-seats--head-restraints,https://www.mycarusermanual.com/toyota/prius/4-door/2016-2022/adjusting-the-seats--head-restraints,200,70f8dbefb4dab75a897ee755fa21222722f8224cfc9af016ad961034a6ffe935,2026-10-02T07:06:14+00:00,,
toyota,prius,4-door,2016-2022,adjusting-the-steering-wheel-and-mirrors--steering-wheel,https://www.mycarusermanual.com/toyota/prius/4-door/2016-2022/adjusting-the-steering-wheel-and-mirrors--steering-wheel,200,11d5e1063a5550a5986334787f7930aa4af40bfdfa86e935b5a21ed4f992c195,2026-10-02T07:06:19+00:00,,
toyota,prius,4-door,2016-2022,adjusting-the-steering-wheel-and-mirrors--inside-rear-view-mirror,https://www.mycarusermanual.com/toyota/prius/4-door/2016-2022/adjusting-the-steering-wheel-and-mirrors--inside-rear-view-mirror,200,d521b88a47e2d337b9b380163dda831fa91ff2abb0617641310ff744615ffc6f,2026-10-02T07:06:21+00:00,,
toyota,prius,4-door,2016-2022,adjusting-the-steering-wheel-and-mirrors--outside-rear-view-mirrors,https://www.mycarusermanual.com/toyota/prius/4-door/2016-2022/adjusting-the-steering-wheel-and-mirrors--outside-rear-view-mirrors,200,4498f476ddfb8e2c7538b8d0a658604094be1a7a7c5d768feaf39be39fca5d1d,2026-10-02T07:06:24+00:00,,
toyota,prius,4-door,2016-2022,opening-and-closing-the-windows-and-moon-roof,https://www.mycarusermanual.com/toyota/prius/4-door/2016-2022/opening-and-closing-the-windows-and-moon-roof,200,d7afe6909cf0ec23a600233dfbbbf90d785d0ad38501ab4dafcef17912a7d591,2026-10-02T07:06:27+00:00,,
toyota,prius,4-door,2016-2022,opening-and-closing-the-windows-and-moon-roof--moon-roof,https://www.mycarusermanual.com/toyota/prius/4-door/2016-2022/opening-and-closing-the-windows-and-moon-roof--moon-roof,200,e89a7d252cea42345e2103be864871d13a51eb44c3733aa1a1c715f85fe92223,2026-10-02T07:06:31+00:00,,
toyota,prius,4-door,2016-2022,before-driving,https://www.mycarusermanual.com/toyota/prius/4-door/2016-2022/before-driving,200,071d4c71f46bfe7ebbb3349f75e4bd816be6348e488f928a858f42d7e701884d,2026-10-02T07:06:33+00:00,,
toyota,prius,4-door,2016-2022,before-driving--driving-the-vehicle,https://www.mycarusermanual.com/toyota/prius/4-door/2016-2022/before-driving--driving-the-vehicle,200,0471f30125d2004d323d8a21015bd7c8b1013696e249439703117a0427a6c246,2026-10-02T07:06:37+00:00,,
toyota,prius,4-door,2016-2022,before-driving--cargo-and-luggage,https://www.mycarusermanual.com/toyota/prius/4-door/2016-2022/before-driving--cargo-and-luggage,200,9e3a6335cd48beba6622cf776b0fc464bfd122f6e063412047d1fc0bc74c46e7,2026-10-02T07:06:40+00:00,,
toyota,prius,4-door,2016-2022,before-driving--vehicle-load-limits,https://www.mycarusermanual.com/toyota/prius/4-door/2016-2022/before-driving--vehicle-load-limits,200,e739df9200e38645c6248f6c2a9582fa41bc8967cfca7afbbb027789141425db,2026-10-02T07:06:44+00:00,,
toyota,prius,4-door,2016-2022,before-driving--trailer-towing,https://www.mycarusermanual.com/toyota/prius/4-door/2016-2022/before-driving--trailer-towing,200,0cfde71b62f290276d9a55983d57d4f5d2b41aac7ddc70c73b0160a8e879d0b4,2026-10-02T07:06:47+00:00,,
toyota,prius,4-door,2016-2022,before-driving--dinghy-towing,https://www.mycarusermanual.com/toyota/prius/4-door/2016-2022/before-driving--dinghy-towing,200,dbbf8b3a648b1743f78ecd55805aff1d2511390da6af67f5943aacb1639973af,2026-10-02T07:06:51+00:00,,
toyota,prius,4-door,2016-2022,driving-procedures--turn-signal-lever,https://www.mycarusermanual.com/toyota/prius/4-door/2016-2022/driving-procedures--turn-signal-lever,200,eb5511b50b43c4dcec94cf838bd6f45540d91e06745ee5c331594c74eda2a4e7,2026-10-02T07:06:55+00:00,,
toyota,prius,4-door,2016-2022,operating-the-lights-and-wipers,https://www.mycarusermanual.com/toyota/prius/4-door/2016-2022/operating-the-lights-and-wipers,200,05dc7485cb20c7e66664782ae9ccf23b6eeeee65ec95a6852141c24de367ec0c,2026-10-02T07:07:00+00:00,,
toyota,prius,4-door,2016-2022,operating-the-lights-and-wipers--automatic-high-beam,https://www.mycarusermanual.com/toyota/prius/4-door/2016-2022/operating-the-lights-and-wipers--automatic-high-beam,200,1863feab6685217b4fc45a915d85bcfe92982db1921bb1971f5908f2f534fbfb,2026-10-02T07:07:05+00:00,,
toyota,prius,4-door,2016-2022,operating-the-lights-and-wipers--fog-light-switch,https://www.mycarusermanual.com/toyota/prius/4-door/2016-2022/operating-the-lights-and-wipers--fog-light-switch,200,0cb4e5d0c7aa2f0f930f86ce321f35431e0c7440f8f9f2013da06d338a3b2641,2026-10-02T07:07:09+00:00,,
toyota,prius,4-door,2016-2022,operating-the-lights-and-wipers--windshield-wipers-and-washer,https://www.mycarusermanual.com/toyota/prius/4-door/2016-2022/operating-the-lights-and-wipers--windshield-wipers-and-washer,200,b528ed1cd3249832cf4c76a8972550779b748042e431a141cd1f54310e8b79a2,2026-10-02T07:07:13+00:00,,
toyota,prius,4-door,2016-2022,using-the-driving-support-systems--pcs-pre-collision-system-,https://www.mycarusermanual.com/toyota/prius/4-door/2016-2022/using-the-driving-support-systems--pcs-pre-collision-system-,200,7a87714064e85b3a1f44df2deaaa28939eaf6c67aff921bc9546cc7cd379b45e,2026-10-02T07:07:18+00:00,,
toyota,prius,4-door,2016-2022,using-the-driving-support-systems--lda-lane-departure-alert-with-steering-control-,https://www.mycarusermanual.com/toyota/prius/4-door/2016-2022/using-the-driving-support-systems--lda-lane-departure-alert-with-steering-control-,200,3a4ab41ed32f1b64d4713705a2680d05cab762c991a649e223dbb81781b85c32,2026-10-02T07:07:21+00:00,,
toyota,prius,4-door,2016-2022,using-the-driving-support-systems--dynamic-radar-cruise-control-with-full-speed-range,https://www.mycarusermanual.com/toyota/prius/4-door/2016-2022/using-the-driving-support-systems--dynamic-radar-cruise-control-with-full-speed-range,200,a53d69670cd59187864400d06f6762411893b80eecbf00b64f79ec48d18b4199,2026-10-02T07:07:26+00:00,,
toyota,prius,4-door,2016-2022,using-the-driving-support-systems--cruise-control,https://www.mycarusermanual.com/toyota/prius/4-door/2016-2022/using-the-driving-support-systems--cruise-control,200,769d71495f732e2e44ce67db40bdbd32a0cd825a4d61a1c587f12d37b2f4e2ad,2026-10-02T07:07:29+00:00,,
toyota,prius,4-door,2016-2022,using-the-driving-support-systems--driving-mode-select-switch,https://www.mycarusermanual.com/toyota/prius/4-door/2016-2022/using-the-driving-support-systems--driving-mode-select-switch,200,ff96cbf8d09ddd4118774a00fe2bad191345d27d2353f75145c94742ade22ec7,2026-10-02T07:07:33+00:00,,
toyota,prius,4-door,2016-2022,using-the-driving-support-systems--intuitive-parking-assist,https://www.mycarusermanual.com/toyota/prius/4-door/2016-2022/using-the-driving-support-systems--intuitive-parking-assist,200,200d26b3c99992cc1d3ee74cc74ab9af4a1b38bd1313f921af57966af5929646,2026-10-02T07:07:36+00:00,,
toyota,prius,4-door,2016-2022,using-the-driving-support-systems--s-apgs-simple-advanced-parking-guidance-system-,https://www.mycarusermanual.com/toyota/prius/4-door/2016-2022/using-the-driving-support-systems--s-apgs-simple-advanced-parking-guidance-system-,200,efb3d599feaa89295712c8278ca43f780f19985037abcdf18f0ed0b6f66e7abd,2026-10-02T07:07:40+00:00,,
toyota,prius,4-door,2016-2022,driving-tips--hybrid-vehicle-driving-tips,https://www.mycarusermanual.com/toyota/prius/4-door/2016-2022/driving-tips--hybrid-vehicle-driving-tips,200,6e2e973ce564e7b81cff391c07c96d4031a63d74de3ae13886e60a3978e31c67,2026-10-02T07:07:46+00:00,,
toyota,prius,4-door,2016-2022,interior-features,https://www.mycarusermanual.com/toyota/prius/4-door/2016-2022/interior-features,200,32c101bf46b9807ac605d7666ab8a60eeea4ccc5c292e6f102383a6d07dbcb8b,2026-10-02T07:07:50+00:00,,
toyota,prius,4-door,2016-2022,using-the-air-conditioning-system-and-defogger--automatic-air-conditioning-system-vehicles-with-7-inch-display-,https://www.mycarusermanual.com/toyota/prius/4-door/2016-2022/using-the-air-conditioning-system-and-defogger--automatic-air-conditioning-system-vehicles-with-7-inch-display-,200,7dc9419176a09a5ae8bc8f244a1d2fbe9dd291ad9693ea4656232dc8baa4baea,2026-10-02T07:07:54+00:00,,
toyota,prius,4-door,2016-2022,using-the-air-conditioning-system-and-defogger--automatic-air-conditioning-system-vehicles-with-11-6-inch-display-,https://www.mycarusermanual.com/toyota/prius/4-door/2016-2022/using-the-air-conditioning-system-and-defogger--automatic-air-conditioning-system-vehicles-with-11-6-inch-display-,200,f69c8cdd90b9939e2305c6cef0a5819a099528d9b31d290e66fb99bc070bbd79,2026-10-02T07:07:59+00:00,,
toyota,prius,4-door,2016-2022,using-the-air-conditioning-system-and-defogger--heated-steering-wheel-seat-heaters,https://www.mycarusermanual.com/toyota/prius/4-door/2016-2022/using-the-air-conditioning-system-and-defogger--heated-steering-wheel-seat-heaters,200,92bf8cb082821572988ed508d10fc5c921f40a37d729cd2171352316decc9d0a,2026-10-02T07:08:04+00:00,,
toyota,prius,4-door,2016-2022,using-the-interior-lights--interior-lights-list,https://www.mycarusermanual.com/toyota/prius/4-door/2016-2022/using-the-interior-lights--interior-lights-list,200,cd2cf79b9759fe4adbba2429207a2eb354a5c6fd54a8fb1179cf7942dead5949,2026-10-02T07:08:08+00:00,,
toyota,prius,4-door,2016-2022,using-the-other-interior-features--other-interior-features,https://www.mycarusermanual.com/toyota/prius/4-door/2016-2022/using-the-other-interior-features--other-interior-features,200,223cf7319ee568e033aab186392640e349eb8833dd8031cf0702fecd3ef1b539,2026-10-02T07:08:12+00:00,,
toyota,prius,4-door,2016-2022,maintenance-and-care,https://www.mycarusermanual.com/toyota/prius/4-door/2016-2022/maintenance-and-care,200,5bfac863ec2510e3d204a0edb72903ad7fbea0164816774906960701dbbd0b68,2026-10-02T07:08:15+00:00,,
toyota,prius,4-door,2016-2022,maintenance-and-care--cleaning-and-protecting-the-vehicle-exterior,https://www.mycarusermanual.com/toyota/prius/4-door/2016-2022/maintenance-and-care--cleaning-and-protecting-the-vehicle-exterior,200,180afa573aa9bbb1c0bd1ad7f25ea7393dbc720c042921a0727ba1bebb7dc4e3,2026-10-02T07:08:21+00:00,,
toyota,prius,4-door,2016-2022,maintenance-and-care--cleaning-and-protecting-the-vehicle-interior,https://www.mycarusermanual.com/toyota/prius/4-door/2016-2022/maintenance-and-care--cleaning-and-protecting-the-vehicle-interior,200,2063607ab947a329797e57d40e473a83a6888957f63153f2dc7a8e7a24046d03,2026-10-02T07:08:25+00:00,,
toyota,prius,4-door,2016-2022,maintenance--general-maintenance,https://www.mycarusermanual.com/toyota/prius/4-door/2016-2022/maintenance--general-maintenance,200,f68b27dda3851294e5a7237300744f72dc39616116397c9ace89613fbe91bc7d,2026-10-02T07:08:30+00:00,,
toyota,prius,4-door,2016-2022,maintenance--emission-inspection-and-maintenance-i-m-programs,https://www.mycarusermanual.com/toyota/prius/4-door/2016-2022/maintenance--emission-inspection-and-maintenance-i-m-programs,200,a4cafd940e83af501b9742fc69466f047e6f2eac675484a776c55fb0f1456058,2026-10-02T07:08:32+00:00,,
toyota,prius,4-door,2016-2022,do-it-yourself-maintenance-,https://www.mycarusermanual.com/toyota/prius/4-door/2016-2022/do-it-yourself-maintenance-,200,0812d925262f118cf1f74e76123c61e9356a7db3701a24af11c3e3bda70e67d8,2026-10-02T07:08:37+00:00,,
toyota,prius,4-door,2016-2022,do-it-yourself-maintenance--hood,https://www.mycarusermanual.com/toyota/prius/4-door/2016-2022/do-it-yourself-maintenance--hood,200,8385095bca60c23b2a42fea4228cfcfb1bd0a71cb70e8947a6d0470843a58778,2026-10-02T07:08:40+00:00,,
toyota,prius,4-door,2016-2022,do-it-yourself-maintenance--positioning-a-floor-jack,https://www.mycarusermanual.com/toyota/prius/4-door/2016-2022/do-it-yourself-maintenance--positioning-a-floor-jack,200,56aecae1a535320d404fc3ad6831146855fb00cc0bfef872339b067dceb776ca,2026-10-02T07:08:42+00:00,,
toyota,prius,4-door,2016-2022,do-it-yourself-maintenance--engine-compartment,https://www.mycarusermanual.com/toyota/prius/4-door/2016-2022/do-it-yourself-maintenance--engine-compartment,200,0b3714c72eecd79482008334cee5aa2520e597c65c6a96595215ed798ec9274a,2026-10-02T07:08:47+00:00,,
toyota,prius,4-door,2016-2022,do-it-yourself-maintenance--tires,https://www.mycarusermanual.com/toyota/prius/4-door/2016-2022/do-it-yourself-maintenance--tires,200,5ccee19c55c6ff6f6695face3b012b0bcf1caa4d1477acdd9c666f438458df60,2026-10-02T07:08:52+00:00,,
toyota,prius,4-door,2016-2022,do-it-yourself-maintenance--tire-inflation-pressure,https://www.mycarusermanual.com/toyota/prius/4-door/2016-2022/do-it-yourself-maintenance--tire-inflation-pressure,200,5a24f0d1374e2391a9b6e98291b3b627fc599bcdab6318c3d7534a501650e134,2026-10-02T07:08:55+00:00,,
toyota,prius,4-door,2016-2022,do-it-yourself-maintenance--wheels,https://www.mycarusermanual.com/toyota/prius/4-door/2016-2022/do-it-yourself-maintenance--wheels,200,9a0397b990b8b00aa44ded714960ff27bdddb2fdb2b7aae68e1894dacc80804e,2026-10-02T07:08:59+00:00,,
toyota,prius,4-door,2016-2022,do-it-yourself-maintenance--air-conditioning-filter,https://www.mycarusermanual.com/toyota/prius/4-door/2016-2022/do-it-yourself-maintenance--air-conditioning-filter,200,f5517d49257a7c00f0fa579939c5c53f2559bf15d0ec1ba6338a35dbaafdd661,2026-10-02T07:09:04+00:00,,
toyota,prius,4-door,2016-2022,do-it-yourself-maintenance--cleaning-the-hybrid-battery-traction-battery-air-intake-vent-and-filter,https://www.mycarusermanual.com/toyota/prius/4-door/2016-2022/do-it-yourself-maintenance--cleaning-the-hybrid-battery-traction-battery-air-intake-vent-and-filter,200,a42e7a55465bcc11d5b426fc7a2b664de6b99de6fd52c9ad8887797342525f85,2026-10-02T07:09:08+00:00,,
toyota,prius,4-door,2016-2022,do-it-yourself-maintenance--wiper-insert-replacement,https://www.mycarusermanual.com/toyota/prius/4-door/2016-2022/do-it-yourself-maintenance--wiper-insert-replacement,200,1bcb971b803b64462284b2a4a16f9c16884abde987f6c6d595ff1ba14646d617,2026-10-02T07:09:11+00:00,,
toyota,prius,4-door,2016-2022,do-it-yourself-maintenance--electronic-key-battery,https://www.mycarusermanual.com/toyota/prius/4-door/2016-2022/do-it-yourself-maintenance--electronic-key-battery,200,c2a593c22080b21a74cca3a3bc0cc77943b9951702f14fa92c0c5168a021b3eb,2026-10-02T07:09:15+00:00,,
toyota,prius,4-door,2016-2022,do-it-yourself-maintenance--checking-and-replacing-fuses,https://www.mycarusermanual.com/toyota/prius/4-door/2016-2022/do-it-yourself-maintenance--checking-and-replacing-fuses,200,f5d9e9dbf2c586c357b06a58ea3156d881f42434dd6dbfaffdfd1320614c3051,2026-10-02T07:09:19+00:00,,
toyota,prius,4-door,2016-2022,do-it-yourself-maintenance--headlight-aim,https://www.mycarusermanual.com/toyota/prius/4-door/2016-2022/do-it-yourself-maintenance--headlight-aim,200,a7b8b971dc63d9ab7aeed5da85720bd3237c13f2f996e660308d33395ab29416,2026-10-02T07:09:22+00:00,,
toyota,prius,4-door,2016-2022,do-it-yourself-maintenance--light-bulbs,https://www.mycarusermanual.com/toyota/prius/4-door/2016-2022/do-it-yourself-maintenance--light-bulbs,200,7bf75c75a827f21ee696f30ac1939e92f372cc848b609811a1555b5005e21992,2026-10-02T07:09:27+00:00,,
toyota,prius,4-door,2016-2022,essential-information-,https://www.mycarusermanual.com/toyota/prius/4-door/2016-2022/essential-information-,200,71ff79d6679afc1e406cc616aa34552a69bf8f34b9fdc19647c437d2a1e66ff8,2026-10-02T07:09:33+00:00,,
toyota,prius,4-door,2016-2022,essential-information--emergency-flashers,https://www.mycarusermanual.com/toyota/prius/4-door/2016-2022/essential-information--emergency-flashers,200,381a3b0b8f66317f61eff145d033e0a4c5f82c5ee3b5e670c0a759f22ce3efeb,2026-10-02T07:09:37+00:00,,
toyota,prius,4-door,2016-2022,essential-information--if-your-vehicle-has-to-be-stopped-in-an-emergency,https://www.mycarusermanual.com/toyota/prius/4-door/2016-2022/essential-information--if-your-vehicle-has-to-be-stopped-in-an-emergency,200,6a072cc4a00a021f29c73caa2a6f3b9a994fac07aa033db15d2a3e3e68877977,2026-10-02T07:09:42+00:00,,
toyota,prius,4-door,2016-2022,essential-information--if-the-vehicle-is-trapped-in-rising-water,https://www.mycarusermanual.com/toyota/prius/4-door/2016-2022/essential-information--if-the-vehicle-is-trapped-in-rising-water,200,3cdb7f56026a203a10ba422c32d4f001c1dc2a528e8e152903f0d561e5569740,2026-10-02T07:09:47+00:00,,
toyota,prius,4-door,2016-2022,steps-to-take-in-an-emergency,https://www.mycarusermanual.com/toyota/prius/4-door/2016-2022/steps-to-take-in-an-emergency,200,b2a5a92ed7d471b100a4fbb7730202b4f7b93c7a20f40d9135d5418d73e231d4,2026-10-02T07:09:50+00:00,,
toyota,prius,4-door,2016-2022,steps-to-take-in-an-emergency--if-you-think-something-is-wrong,https://www.mycarusermanual.com/toyota/prius/4-door/2016-2022/steps-to-take-in-an-emergency--if-you-think-something-is-wrong,200,efa648f743439b5008e06a1db477b0495b2de95fca722c6a50a43db865923981,2026-10-02T07:09:54+00:00,,
toyota,prius,4-door,2016-2022,steps-to-take-in-an-emergency--if-a-warning-message-is-displayed,https://www.mycarusermanual.com/toyota/prius/4-door/2016-2022/steps-to-take-in-an-emergency--if-a-warning-message-is-displayed,200,34904aba9aa2b488a8463b2533f83e94cf953adadf401f98637108995b87d3e8,2026-10-02T07:09:58+00:00,,
toyota,prius,4-door,2016-2022,steps-to-take-in-an-emergency--if-you-have-a-flat-tire-vehicles-without-spare-tire-,https://www.mycarusermanual.com/toyota/prius/4-door/2016-2022/steps-to-take-in-an-emergency--if-you-have-a-flat-tire-vehicles-without-spare-tire-,200,aeea1d946d7635f891ae2fcde886c5847ff6bf1607ee38b4abaef03876cf507b,2026-10-02T07:10:03+00:00,,
toyota,prius,4-door,2016-2022,steps-to-take-in-an-emergency--if-you-have-a-flat-tire-vehicles-with-spare-tire-,https://www.mycarusermanual.com/toyota/prius/4-door/2016-2022/steps-to-take-in-an-emergency--if-you-have-a-flat-tire-vehicles-with-spare-tire-,200,63e3b9d286adabaaf38bc62d50f9b2e68083f5f7257ff17fd0104e4e5c795685,2026-10-02T07:10:07+00:00,,
toyota,prius,4-door,2016-2022,steps-to-take-in-an-emergency--if-the-hybrid-system-will-not-start,https://www.mycarusermanual.com/toyota/prius/4-door/2016-2022/steps-to-take-in-an-emergency--if-the-hybrid-system-will-not-start,200,8c883c1e80ae544135d1dde4fd8f8e29de10cffe27f23391ccf1d0ed58e03d2c,2026-10-02T07:10:10+00:00,,
toyota,prius,4-door,2016-2022,steps-to-take-in-an-emergency--if-the-electronic-key-does-not-operate-properly,https://www.mycarusermanual.com/toyota/prius/4-door/2016-2022/steps-to-take-in-an-emergency--if-the-electronic-key-does-not-operate-properly,200,17c37d63638776d9b3fc3b42ae4692b3ba7e20cfbcb0773d5406feeb49633113,2026-10-02T07:10:13+00:00,,
toyota,prius,4-door,2016-2022,steps-to-take-in-an-emergency--if-the-12-volt-battery-is-discharged,https://www.mycarusermanual.com/toyota/prius/4-door/2016-2022/steps-to-take-in-an-emergency--if-the-12-volt-battery-is-discharged,200,1dc8e88f02569930ee3d455409c2eb2c8856b74954fc8aae7d2351075d52372d,2026-10-02T07:10:17+00:00,,
toyota,prius,4-door,2016-2022,steps-to-take-in-an-emergency--if-your-vehicle-overheats,https://www.mycarusermanual.com/toyota/prius/4-door/2016-2022/steps-to-take-in-an-emergency--if-your-vehicle-overheats,200,24096013bcc1192d09457f630a95f75c3750f3e78d86497c9e7ee870b3d9a0e9,2026-10-02T07:10:21+00:00,,
toyota,prius,4-door,2016-2022,steps-to-take-in-an-emergency--if-the-vehicle-becomes-stuck,https://www.mycarusermanual.com/toyota/prius/4-door/2016-2022/steps-to-take-in-an-emergency--if-the-vehicle-becomes-stuck,200,e0a4600b5d68a752920d8ea1483dc23fb424e159ecc51ba08708a281fce29afe,2026-10-02T07:10:25+00:00,,
toyota,prius,4-door,2016-2022,specifications,https://www.mycarusermanual.com/toyota/prius/4-door/2016-2022/specifications,200,1152ec31338c6ba25c574bb66efce306b3027cb16c595f227d379a7c1d0ad894,2026-10-02T07:10:30+00:00,,
toyota,prius,4-door,2016-2022,specifications--maintenance-data-fuel-oil-level-etc-,https://www.mycarusermanual.com/toyota/prius/4-door/2016-2022/specifications--maintenance-data-fuel-oil-level-etc-,200,07fd7a84715e9c50a0b1a65370c24804ef6a4abcde8ec8b5e9fb76024e04eb01,2026-10-02T07:10:35+00:00,,
toyota,prius,4-door,2016-2022,specifications--fuel-information,https://www.mycarusermanual.com/toyota/prius/4-door/2016-2022/specifications--fuel-information,200,e2510752e1cb90c23436ae9aac1ebbf57e97a1343759d41b8a905ad0cbe97d5e,2026-10-02T07:10:38+00:00,,
toyota,prius,4-door,2016-2022,specifications--tire-information,https://www.mycarusermanual.com/toyota/prius/4-door/2016-2022/specifications--tire-information,200,3ffbba7fb0d463767d84bf1f19a504650434b33f61ac44a6b994b9ddf2c248a8,2026-10-02T07:10:42+00:00,,
toyota,prius,4-door,2016-2022,customization--customizable-features,https://www.mycarusermanual.com/toyota/prius/4-door/2016-2022/customization--customizable-features,200,93ee91c712424e9866377b2b5a2b115ffe8106cd1d7d736cebebdeb27c85fb54,2026-10-02T07:10:45+00:00,,
toyota,prius,4-door,2016-2022,initialization--items-to-initialize,https://www.mycarusermanual.com/toyota/prius/4-door/2016-2022/initialization--items-to-initialize,200,68fe13c89942ad5da2c133c9f3b8e6fc11803e14aa3f81df922e95f1b4834a5d,2026-10-02T07:10:50+00:00,,
toyota,prius,4-door,2016-2022,for-owners,https://www.mycarusermanual.com/toyota/prius/4-door/2016-2022/for-owners,200,45f846aaf2e0dfa45d5036c6e0d3c05409d4f5b4c84160fb1f4cdd5a675edb60,2026-10-02T07:10:55+00:00,,
toyota,prius,4-door,2016-2022,for-owners--seat-belt-instructions-for-canadian-owners-in-french-,https://www.mycarusermanual.com/toyota/prius/4-door/2016-2022/for-owners--seat-belt-instructions-for-canadian-owners-in-french-,200,d758d37ea0f7eff4f634e4ea513c1cc6f5d803976b343485e1dc900acba43324,2026-10-02T07:10:57+00:00,,
toyota,prius,4-door,2023-2026,_index,https://www.mycarusermanual.com/toyota/prius/4-door/2023-2026,200,0fcd2b20c2b4124bcf18f8bdac5719ce5a5007d142f6addd88477838c313b956,2026-10-02T07:11:02+00:00,,
toyota,prius,4-door,2023-2026,foryourinformation,https://www.mycarusermanual.com/toyota/prius/4-door/2023-2026/foryourinformation,200,1c6556acc4fe818b74c64763bdd817913558260012359af3fc0227084fa8250b,2026-10-02T07:11:07+00:00,,
toyota,prius,4-door,2023-2026,readingthismanual,https://www.mycarusermanual.com/toyota/prius/4-door/2023-2026/readingthismanual,200,012f82011447d15d510ae364a0d9d87c860f6792e91e1fcb842365c55b2010fd,2026-10-02T07:11:11+00:00,,
toyota,prius,4-door,2023-2026,howtosearch,https://www.mycarusermanual.com/toyota/prius/4-door/2023-2026/howtosearch,200,5afe9b3abc11674953f1f700a7e66899ac82a36b9ced9b655477452a582bea58,2026-10-02T07:11:15+00:00,,
toyota,prius,4-door,2023-2026,pictorialindex,https://www.mycarusermanual.com/toyota/prius/4-door/2023-2026/pictorialindex,200,78fcc29b82b1ba6e33408144374f232f58a3c6bda30865873fbe58e21b689939,2026-10-02T07:11:19+00:00,,
toyota,prius,4-door,2023-2026,forsafetyandsecurity,https://www.mycarusermanual.com/toyota/prius/4-door/2023-2026/forsafetyandsecurity,200,3967a6c13125d8362c5c0f8533ede6472a328627d5b3703cae164e43d78b4157,2026-10-02T07:11:23+00:00,,
toyota,prius,4-door,2023-2026,forsafetyandsecurity--1-1-for-safe-use,https://www.mycarusermanual.com/toyota/prius/4-door/2023-2026/forsafetyandsecurity--1-1-for-safe-use,200,68a126c0fad334ec675e134cee7eceeb2038ce56b56dfd963be1ded05f78da4e,2026-10-02T07:11:29+00:00,,
toyota,prius,4-door,2023-2026,forsafetyandsecurity--1-2-child-safety,https://www.mycarusermanual.com/toyota/prius/4-door/2023-2026/forsafetyandsecurity--1-2-child-safety,200,1d692a5cdb7c83752eec48ba9bc7ba3c689ab7bb96034363969492badad55121,2026-10-02T07:11:32+00:00,,
toyota,prius,4-door,2023-2026,forsafetyandsecurity--1-4-theft-deterrent-system,https://www.mycarusermanual.com/toyota/prius/4-door/2023-2026/forsafetyandsecurity--1-4-theft-deterrent-system,200,94a0995aaf163f899437875cb00680706f874eaa6cec60109ced3bf9eb9865a2,2026-10-02T07:11:35+00:00,,
toyota,prius,4-door,2023-2026,plug-inhybridsystem,https://www.mycarusermanual.com/toyota/prius/4-door/2023-2026/plug-inhybridsystem,200,82288bebdf0521c7a710b4c2b86c75794c09f40e26502f687852c7bfa249520a,2026-10-02T07:11:39+00:00,,
toyota,prius,4-door,2023-2026,plug-inhybridsystem--2-1-plug-in-hybrid-system,https://www.mycarusermanual.com/toyota/prius/4-door/2023-2026/plug-inhybridsystem--2-1-plug-in-hybrid-system,200,e4964f5fd63615f1e9bb70ca49cbe4160748f9f935a7647d5813dfddb6c02637,2026-10-02T07:11:44+00:00,,
toyota,prius,4-door,2023-2026,plug-inhybridsystem--2-2-charging,https://www.mycarusermanual.com/toyota/prius/4-door/2023-2026/plug-inhybridsystem--2-2-charging,200,cc2b8ccde97cde4c4159072f9ea14ad9f15af72a3023180f704cf21b8f73d370,2026-10-02T07:11:47+00:00,,
toyota,prius,4-door,2023-2026,vehiclestatusinformationandindicators,https://www.mycarusermanual.com/toyota/prius/4-door/2023-2026/vehiclestatusinformationandindicators,200,9218371e8b3dcf65df25439ec8c30a2f2688ca5365d94dfaf26b0c44617342be,2026-10-02T07:11:51+00:00,,
toyota,prius,4-door,2023-2026,vehiclestatusinformationandindicators--3-1-instrument-cluster,https://www.mycarusermanual.com/toyota/prius/4-door/2023-2026/vehiclestatusinformationandindicators--3-1-instrument-cluster,200,baf48398f50e50e24d0bf1bb9d3de87d3168964dd69f496d4134af82e68ce941,2026-10-02T07:11:53+00:00,,
toyota,prius,4-door,2023-2026,beforedriving,https://www.mycarusermanual.com/toyota/prius/4-door/2023-2026/beforedriving,200,0686eb789b633a14eb849762bb180da8072c1c35b3ad945c29f75eca8ff4f7d7,2026-10-02T07:11:57+00:00,,
toyota,prius,4-door,2023-2026,beforedriving--4-1-key-information,https://www.mycarusermanual.com/toyota/prius/4-door/2023-2026/beforedriving--4-1-key-information,200,e2e648892a11e141f0ba1efaddf0ec8ffdbc031af3bb337cf58fdf528314e04f,2026-10-02T07:12:02+00:00,,
toyota,prius,4-door,2023-2026,beforedriving--4-2-opening-closing-and-locking-the-doors,https://www.mycarusermanual.com/toyota/prius/4-door/2023-2026/beforedriving--4-2-opening-closing-and-locking-the-doors,200,49e2e5781f40c7b4ffb5a7b27bd7b17288e3743d586899bb9e904f7663bf454b,2026-10-02T07:12:05+00:00,,
toyota,prius,4-door,2023-2026,beforedriving--4-3-adjusting-the-seats,https://www.mycarusermanual.com/toyota/prius/4-door/2023-2026/beforedriving--4-3-adjusting-the-seats,200,5439a9b90ab80ca4a137ec7bf85b777039ea6b2640ea511f503c02604c1a8b52,2026-10-02T07:12:10+00:00,,
toyota,prius,4-door,2023-2026,beforedriving--4-4-adjusting-the-steering-wheel-and-mirrors,https://www.mycarusermanual.com/toyota/prius/4-door/2023-2026/beforedriving--4-4-adjusting-the-steering-wheel-and-mirrors,200,35b7a45798a892edae68988016337361ddfe93c8196bb4ea17a0a867a52ee921,2026-10-02T07:12:13+00:00,,
toyota,prius,4-door,2023-2026,beforedriving--4-5-opening-closing-the-windows,https://www.mycarusermanual.com/toyota/prius/4-door/2023-2026/beforedriving--4-5-opening-closing-the-windows,200,1bbf1e5e7fbcc1ed4a6862f6561b6b7c04d00c78e96943f9ef4192aa302a8bb8,2026-10-02T07:12:18+00:00,,
toyota,prius,4-door,2023-2026,beforedriving--4-6-favorite-settings,https://www.mycarusermanual.com/toyota/prius/4-door/2023-2026/beforedriving--4-6-favorite-settings,200,88b05910ca8eb0cebc870c2f82397f1f6be64b18535d8586180f698c5306f15d,2026-10-02T07:12:23+00:00,,
toyota,prius,4-door,2023-2026,driving,https://www.mycarusermanual.com/toyota/prius/4-door/2023-2026/driving,200,e1d60feb13fd4c97e2f64d09854051ef6cb907923fbf0a3f86ef69c21afc39ec,2026-10-02T07:12:26+00:00,,
toyota,prius,4-door,2023-2026,driving--5-1-before-driving,https://www.mycarusermanual.com/toyota/prius/4-door/2023-2026/driving--5-1-before-driving,200,8dd5beab6290dbd0930786fbd028c7ed664d10d115c1239633c3642b6e759483,2026-10-02T07:12:33+00:00,,
toyota,prius,4-door,2023-2026,driving--5-2-driving-procedures,https://www.mycarusermanual.com/toyota/prius/4-door/2023-2026/driving--5-2-driving-procedures,200,794dfe2ec82bd088ea3d76c98ad7aaf12952a37dd95b1244a4f91e25c4d4001e,2026-10-02T07:12:37+00:00,,
toyota,prius,4-door,2023-2026,driving--5-3-operating-the-lights-and-wipers,https://www.mycarusermanual.com/toyota/prius/4-door/2023-2026/driving--5-3-operating-the-lights-and-wipers,200,e3abbac325d2f0cc49f587e2f034d2d3eb98f58d1e9f9a07de1709dbfb8ff18c,2026-10-02T07:12:40+00:00,,
toyota,prius,4-door,2023-2026,driving--5-4-refueling,https://www.mycarusermanual.com/toyota/prius/4-door/2023-2026/driving--5-4-refueling,200,efad0733ad153551f4ece23101941c099cdbc9c6a84a152a6196c4823c2ea4aa,2026-10-02T07:12:42+00:00,,
toyota,prius,4-door,2023-2026,driving--5-5-using-the-driving-support-systems,https://www.mycarusermanual.com/toyota/prius/4-door/2023-2026/driving--5-5-using-the-driving-support-systems,200,9d8d3eabbef1bc4d1381f7d9a9ac9f576407a29b609b3c3de87f2bb38285dd59,2026-10-02T07:12:46+00:00,,
toyota,prius,4-door,2023-2026,driving--5-6-driving-tips,https://www.mycarusermanual.com/toyota/prius/4-door/2023-2026/driving--5-6-driving-tips,200,a20c6f4c6188c6cad4a5a23369a0b9217d18e3c7f4af0c465604b334b8221f0a,2026-10-02T07:12:51+00:00,,
toyota,prius,4-door,2023-2026,interiorfeatures,https://www.mycarusermanual.com/toyota/prius/4-door/2023-2026/interiorfeatures,200,594a9113efb7f99eccca87c13e3a3f38b3ecbfcf8ec2c479e4d90a3282fdf587,2026-10-02T07:12:56+00:00,,
toyota,prius,4-door,2023-2026,interiorfeatures--6-2-using-the-interior-lights,https://www.mycarusermanual.com/toyota/prius/4-door/2023-2026/interiorfeatures--6-2-using-the-interior-lights,200,a94e2bd4a1e245a3bd647fb89039bb253fcb0407a3edeeca82d5d4025b181964,2026-10-02T07:12:59+00:00,,
toyota,prius,4-door,2023-2026,maintenanceandcare,https://www.mycarusermanual.com/toyota/prius/4-door/2023-2026/maintenanceandcare,200,174650a8d84396acea839bdf4d83cf82fd12ddc472bf93a589d3062ff63671ef,2026-10-02T07:13:02+00:00,,
toyota,prius,4-door,2023-2026,maintenanceandcare--7-1-maintenance-and-care,https://www.mycarusermanual.com/toyota/prius/4-door/2023-2026/maintenanceandcare--7-1-maintenance-and-care,200,815925f54f84eb512a921f05b6bf74c6cc4b9009cc18a6e19005d0b03c0e4589,2026-10-02T07:13:06+00:00,,
toyota,prius,4-door,2023-2026,maintenanceandcare--7-2-maintenance,https://www.mycarusermanual.com/toyota/prius/4-door/2023-2026/maintenanceandcare--7-2-maintenance,200,08f91b5a4607a0eb4dddf96d60a4ca21a5913e1f3b94e3d098f257798c8e4dfb,2026-10-02T07:13:11+00:00,,
toyota,prius,4-door,2023-2026,maintenanceandcare--7-3-do-it-yourself-maintenance,https://www.mycarusermanual.com/toyota/prius/4-door/2023-2026/maintenanceandcare--7-3-do-it-yourself-maintenance,200,1f44047889f1e6068bb3d322c48da55c9845857ba2441858536fd60cf0ec53ad,2026-10-02T07:13:15+00:00,,
toyota,prius,4-door,2023-2026,whentroublearises,https://www.mycarusermanual.com/toyota/prius/4-door/2023-2026/whentroublearises,200,6534cbff0d9c2d91e683c8d4e0afa9983c69bb5b64963da73adaea9d27818aa0,2026-10-02T07:13:18+00:00,,
toyota,prius,4-door,2023-2026,whentroublearises--8-1-essential-information,https://www.mycarusermanual.com/toyota/prius/4-door/2023-2026/whentroublearises--8-1-essential-information,200,7314dab345c35c6f88e1a8d5a8145fc895bd04a96a681441e85497fdc478ca2c,2026-10-02T07:13:22+00:00,,
toyota,prius,4-door,2023-2026,whentroublearises--8-2-steps-to-take-in-an-emergency,https://www.mycarusermanual.com/toyota/prius/4-door/2023-2026/whentroublearises--8-2-steps-to-take-in-an-emergency,200,5d467816c7cfd3fac7cb57048b6776c5331a8a48f8b152ceff5f51bd68dc0739,2026-10-02T07:13:27+00:00,,
toyota,prius,4-door,2023-2026,vehiclespecifications,https://www.mycarusermanual.com/toyota/prius/4-door/2023-2026/vehiclespecifications,200,fda48ac5015915cbac694b8c264f8cbd16c8f64918b4b29d384478965100c915,2026-10-02T07:13:31+00:00,,
toyota,prius,4-door,2023-2026,vehiclespecifications--9-1-specifications,https://www.mycarusermanual.com/toyota/prius/4-door/2023-2026/vehiclespecifications--9-1-specifications,200,294a4bd9efd2b0cb05c5ef5cfc0607d6c2b297d0aae9a382aa02af509e0b61ee,2026-10-02T07:13:35+00:00,,
toyota,prius,4-door,2023-2026,vehiclespecifications--9-2-customization,https://www.mycarusermanual.com/toyota/prius/4-door/2023-2026/vehiclespecifications--9-2-customization,200,0f17523e025cfccf20a9624307eb7bc416132552818af1be0783065e05fc0dd2,2026-10-02T07:13:40+00:00,,
toyota,prius,4-door,2023-2026,vehiclespecifications--9-3-initialization,https://www.mycarusermanual.com/toyota/prius/4-door/2023-2026/vehiclespecifications--9-3-initialization,200,56c6e191d4efae4699d8ff000721b0bd3eb6e2b8dba7633d6fca6ed214e3c907,2026-10-02T07:13:44+00:00,,
toyota,prius,4-door,2023-2026,forowners,https://www.mycarusermanual.com/toyota/prius/4-door/2023-2026/forowners,200,879cda8435ba6814e3230e9b7132f0527c0b8c7c02263534dd00acc1202f17f7,2026-10-02T07:13:47+00:00,,
toyota,prius,4-door,2023-2026,forowners--10-1-for-owners,https://www.mycarusermanual.com/toyota/prius/4-door/2023-2026/forowners--10-1-for-owners,200,61b0c16878124d6d698fb130d882e554be8931d3cec64015a8537da1583ba4db,2026-10-02T07:13:50+00:00,,
toyota,prius,4-door,2023-2026,index,https://www.mycarusermanual.com/toyota/prius/4-door/2023-2026/index,200,d2d988e6fc41d947af5a436c7155ef9012a09ae84f46c2ef6c65feb714c2867a,2026-10-02T07:13:55+00:00,,
toyota,prius,4-door,2023-2026,index--what-to-do-if---troubleshooting-,https://www.mycarusermanual.com/toyota/prius/4-door/2023-2026/index--what-to-do-if---troubleshooting-,200,4a65e35942e0ad0fd9476c2a0ff50096014406c9239b23f396c76ff2ae933942,2026-10-02T07:13:58+00:00,,
toyota,prius,4-door,2023-2026,index--alphabetical-index,https://www.mycarusermanual.com/toyota/prius/4-door/2023-2026/index--alphabetical-index,200,996669638fe677582778fb6e6d46413386a1117c774477050eed4f63f9dcd09b,2026-10-02T07:14:01+00:00,,
toyota,prius,4-door,2023-2026,certifications,https://www.mycarusermanual.com/toyota/prius/4-door/2023-2026/certifications,200,ebd1e86bf42fe2cc942da535177e8b533593489a996e4ca51f84a9df0793f4ad,2026-10-02T07:14:05+00:00,,
toyota,prius,4-door,2023-2026,certifications--safety-connect,https://www.mycarusermanual.com/toyota/prius/4-door/2023-2026/certifications--safety-connect,200,6742a2181edbd7c1aa482571840f4e7024c4a5450d665ab4919a8eb49c397b99,2026-10-02T07:14:08+00:00,,
toyota,prius,4-door,2023-2026,certifications--digital-key-system,https://www.mycarusermanual.com/toyota/prius/4-door/2023-2026/certifications--digital-key-system,200,61fd81ac1743c7c2e16a27cb08d9230845e058624ebb730ece8f6de9e77f22d0,2026-10-02T07:14:13+00:00,,
toyota,prius,4-door,2023-2026,certifications--smart-key-system-and-immobilizer-system,https://www.mycarusermanual.com/toyota/prius/4-door/2023-2026/certifications--smart-key-system-and-immobilizer-system,200,7de118993244f6daf90884cc50247e976f0962887075db94f018ccc290d5e439,2026-10-02T07:14:16+00:00,,
toyota,prius,4-door,2023-2026,certifications--millimeter-wave-radar-sensor,https://www.mycarusermanual.com/toyota/prius/4-door/2023-2026/certifications--millimeter-wave-radar-sensor,200,30a3b8d01dd0d17d9af6b7f789de1561b85a78d5fa3807e0c27258069a335f72,2026-10-02T07:14:20+00:00,,
toyota,prius,4-door,2023-2026,certifications--blind-spot-monitor,https://www.mycarusermanual.com/toyota/prius/4-door/2023-2026/certifications--blind-spot-monitor,200,1f4e1d06a33589012a7cc5ef357a4a58de259e202760b089537726e4919b83c1,2026-10-02T07:14:24+00:00,,
toyota,prius,4-door,2023-2026,certifications--intuitive-parking-assist,https://www.mycarusermanual.com/toyota/prius/4-door/2023-2026/certifications--intuitive-parking-assist,200,4528c0acf466c7d37c7ba2c4c70bfca35ba14f4469b85d2a6d781fbfb7db7b6b,2026-10-02T07:14:27+00:00,,
toyota,prius,4-door,2023-2026,certifications--wireless-charger-if-equipped-,https://www.mycarusermanual.com/toyota/prius/4-door/2023-2026/certifications--wireless-charger-if-equipped-,200,6c83f6a5d6c72543356df93b43c0c2329c767e1b4b090dce5dae8c3027bd0474,2026-10-02T07:14:32+00:00,,
toyota,prius,4-door,2023-2026,certifications--tire-pressure-warning-system,https://www.mycarusermanual.com/toyota/prius/4-door/2023-2026/certifications--tire-pressure-warning-system,200,7e4229e3e5a000ced5717e30878db38c29c6b8868d4eacf8b84b54017838bcde,2026-10-02T07:14:35+00:00,,
hyundai,tucson,,,_model,https://www.mycarusermanual.com/hyundai/tucson,200,a6b713a6afe72574144ab38b1d3550b55ddff5045f3ddb879227bca6469c4c02,2026-10-02T08:29:30+00:00,,
hyundai,tucson,suv,2010-2015,_index,https://www.mycarusermanual.com/hyundai/tucson/suv/2010-2015,200,f5258d7b977371dbf9666c02b63b84732c04079c827da29ad6ed0a96a6a9be8f,2026-10-02T08:29:33+00:00,,
hyundai,tucson,suv,2010-2015,hyundai-warranty-policy--labour-free-service-of-vehicle,https://www.mycarusermanual.com/hyundai/tucson/suv/2010-2015/hyundai-warranty-policy--labour-free-service-of-vehicle,200,9e000901e8a9b9e2b078c9d92d52fb11bb80e132abd3555feebed5bf010b8a58,2026-10-02T08:29:38+00:00,,
hyundai,tucson,suv,2010-2015,hyundai-warranty-policy--labour-free-service-coupons,https://www.mycarusermanual.com/hyundai/tucson/suv/2010-2015/hyundai-warranty-policy--labour-free-service-coupons,200,7b33cb9906312f5bf44b68db4176b75b3bc91c022cd2604c0be697b90608a075,2026-10-02T08:29:42+00:00,,
hyundai,tucson,suv,2010-2015,vehicle-information--engine-compartment,https://www.mycarusermanual.com/hyundai/tucson/suv/2010-2015/vehicle-information--engine-compartment,200,6a6c6d637e405b8550c88b0ff3917e1193c383871c98540cf060e48c7bb3f8fa,2026-10-02T08:29:45+00:00,,
hyundai,tucson,suv,2010-2015,vehicle-information--dimensions,https://www.mycarusermanual.com/hyundai/tucson/suv/2010-2015/vehicle-information--dimensions,200,cdec1fc38a2bddf3b072ad7b02e210134922872b82ef6d4e29c8c33429e9e885,2026-10-02T08:29:48+00:00,,
hyundai,tucson,suv,2010-2015,vehicle-information--engine,https://www.mycarusermanual.com/hyundai/tucson/suv/2010-2015/vehicle-information--engine,200,4d17d9fa6cdedbf1b8ad12addda0b64e65fa89a3440d6c317ac4df8a8cdd6597,2026-10-02T08:29:51+00:00,,
hyundai,tucson,suv,2010-2015,vehicle-information--tires-and-wheels,https://www.mycarusermanual.com/hyundai/tucson/suv/2010-2015/vehicle-information--tires-and-wheels,200,7f486389f3bae6ad2040c452d13c0423c7cd900a94f366d698f0a88f5b983c37,2026-10-02T08:29:54+00:00,,
hyundai,tucson,suv,2010-2015,vehicle-information--load-and-speed-capacity-tires,https://www.mycarusermanual.com/hyundai/tucson/suv/2010-2015/vehicle-information--load-and-speed-capacity-tires,200,b9052968f90f7cb06d6158316448a38d87083840b689b8a3120b99e5e4954777,2026-10-02T08:29:58+00:00,,
hyundai,tucson,suv,2010-2015,vehicle-information--gross-vehicle-weight,https://www.mycarusermanual.com/hyundai/tucson/suv/2010-2015/vehicle-information--gross-vehicle-weight,200,d9ed83b82a25642c4e754aa2413c20ab80c4d2c76a26d33cf611ce533df127ee,2026-10-02T08:30:02+00:00,,
hyundai,tucson,suv,2010-2015,vehicle-information--recommended-lubricants-and-capacities,https://www.mycarusermanual.com/hyundai/tucson/suv/2010-2015/vehicle-information--recommended-lubricants-and-capacities,200,3fea29b9a764a81d0fcd421c3b475fa288ca1724fd66f9cdc635732743e7eb56,2026-10-02T08:30:07+00:00,,
hyundai,tucson,suv,2010-2015,vehicle-information--tire-specification-and-pressure-label,https://www.mycarusermanual.com/hyundai/tucson/suv/2010-2015/vehicle-information--tire-specification-and-pressure-label,200,57801463826d2ce0ac3b0c80ed0eca6bd2ec13f6cc7e1a08dec3c282d45bc973,2026-10-02T08:30:12+00:00,,
hyundai,tucson,suv,2010-2015,vehicle-information--engine-number,https://www.mycarusermanual.com/hyundai/tucson/suv/2010-2015/vehicle-information--engine-number,200,2141ab20082e23f69142a59336adb5583efd6ebae99877e19932566a7bf94029,2026-10-02T08:30:15+00:00,,
hyundai,tucson,suv,2010-2015,vehicle-information--fuel-label-if-equipped-,https://www.mycarusermanual.com/hyundai/tucson/suv/2010-2015/vehicle-information--fuel-label-if-equipped-,200,95ba278faee3b6c3116d9593537f93d40ac267468687a8c9a020e4492c90e008,2026-10-02T08:30:19+00:00,,
hyundai,tucson,suv,2010-2015,convenience-features--steering-wheel,https://www.mycarusermanual.com/hyundai/tucson/suv/2010-2015/convenience-features--steering-wheel,200,b0d7f3d92e1c0756c3165b765f59382f655578c3a49d57ddca2eeb87b5a80184,2026-10-02T08:30:22+00:00,,
hyundai,tucson,suv,2010-2015,driving-your-vehicle--four-wheel-driver-4wd-selection-if-equipped-,https://www.mycarusermanual.com/hyundai/tucson/suv/2010-2015/driving-your-vehicle--four-wheel-driver-4wd-selection-if-equipped-,200,1d488bbea0829818a245e2099a282ffd161107201b9dcec14d4cee3a5b184280,2026-10-02T08:30:25+00:00,,
hyundai,tucson,suv,2010-2015,driving-your-vehicle--vehicle-weight,https://www.mycarusermanual.com/hyundai/tucson/suv/2010-2015/driving-your-vehicle--vehicle-weight,200,2c5f66ab488132f929d55e6ba019bdd0175421b53e91dca9e8b882fe20fabe9f,2026-10-02T08:30:30+00:00,,
hyundai,tucson,suv,2010-2015,emergency-situations--if-the-engine-will-not-start,https://www.mycarusermanual.com/hyundai/tucson/suv/2010-2015/emergency-situations--if-the-engine-will-not-start,200,968d4af6c31718570c4e1471167efbe2bcb8330e338fe6f31690b2269dcda5e6,2026-10-02T08:30:33+00:00,,
hyundai,tucson,suv,2010-2015,emergency-situations--if-the-engine-overheats,https://www.mycarusermanual.com/hyundai/tucson/suv/2010-2015/emergency-situations--if-the-engine-overheats,200,b1e8d295b36304fd2cd779681f7a9e76b766d1678f064ec452d2fa769d2f78da,2026-10-02T08:30:37+00:00,,
hyundai,tucson,suv,2010-2015,emergency-situations--tire-pressure-monitoring-system-tpms-,https://www.mycarusermanual.com/hyundai/tucson/suv/2010-2015/emergency-situations--tire-pressure-monitoring-system-tpms-,200,ddc84875207996d5816f51d51eb0f4591f06eca3a5b7b1e094f4fee6d9f266b8,2026-10-02T08:30:41+00:00,,
hyundai,tucson,suv,2010-2015,emergency-situations--if-you-have-a-flat-tire-with-spare-tire-if-equipped-,https://www.mycarusermanual.com/hyundai/tucson/suv/2010-2015/emergency-situations--if-you-have-a-flat-tire-with-spare-tire-if-equipped-,200,de3b09ce0f026eeea19aa530d7a8c16749f1574780a90bdeb633803834dc1f73,2026-10-02T08:30:46+00:00,,
hyundai,tucson,suv,2010-2015,emergency-situations--if-you-have-a-flat-tire-with-tire-mobility-kit-if-equipped-,https://www.mycarusermanual.com/hyundai/tucson/suv/2010-2015/emergency-situations--if-you-have-a-flat-tire-with-tire-mobility-kit-if-equipped-,200,a600a423f9c05b855c248852c29bd55f8c0b7a5f6f7dbc23bebc8e111c840aa7,2026-10-02T08:30:49+00:00,,
hyundai,tucson,suv,2010-2015,maintenance,https://www.mycarusermanual.com/hyundai/tucson/suv/2010-2015/maintenance,200,ba1767962cfd73762f766df69af4972702d39e9ea324ce8c1aff753bc6385830,2026-10-02T08:30:55+00:00,,
hyundai,tucson,suv,2010-2015,maintenance--engine-compartment,https://www.mycarusermanual.com/hyundai/tucson/suv/2010-2015/maintenance--engine-compartment,200,c785062d47e1cd8c174f55f07518b5fb38db59b7c9b1708f8fdf7df5a795174b,2026-10-02T08:31:05+00:00,,
hyundai,tucson,suv,2010-2015,maintenance--maintenance-services,https://www.mycarusermanual.com/hyundai/tucson/suv/2010-2015/maintenance--maintenance-services,200,44c6883b27444a745fff39c5e21360fb731408c05871ea2bc3e2e762cd9ba3b4,2026-10-02T08:31:10+00:00,,
hyundai,tucson,suv,2010-2015,maintenance--owner-maintenance,https://www.mycarusermanual.com/hyundai/tucson/suv/2010-2015/maintenance--owner-maintenance,200,f0ff6a27b4fabe4a1355ee86161fd53d055ca4b51111f0103750431e9b1f2746,2026-10-02T08:31:13+00:00,,
hyundai,tucson,suv,2010-2015,maintenance--scheduled-maintenance-services,https://www.mycarusermanual.com/hyundai/tucson/suv/2010-2015/maintenance--scheduled-maintenance-services,200,6dbb0245c18a751551433d8a03fd30b91916a71d82dddd16bbb83faeeb1264d1,2026-10-02T08:31:16+00:00,,
hyundai,tucson,suv,2010-2015,maintenance--explanation-of-scheduled-maintenance-items,https://www.mycarusermanual.com/hyundai/tucson/suv/2010-2015/maintenance--explanation-of-scheduled-maintenance-items,200,c5ab0f278f66c3dc352789215a8cd832655a87e37b65dc4508f40f751b3b3fb0,2026-10-02T08:31:20+00:00,,
hyundai,tucson,suv,2010-2015,maintenance--engine-oil,https://www.mycarusermanual.com/hyundai/tucson/suv/2010-2015/maintenance--engine-oil,200,b5e7733e9af71d766aa4a34d87d5cd3d58c563147967831c9a54f3be4b01fb3a,2026-10-02T08:31:25+00:00,,
hyundai,tucson,suv,2010-2015,maintenance--engine-coolant,https://www.mycarusermanual.com/hyundai/tucson/suv/2010-2015/maintenance--engine-coolant,200,2522b589e2bb3123f4511ef9d23bb29112df34d45ea87cc07916cfe4916d9870,2026-10-02T08:31:28+00:00,,
hyundai,tucson,suv,2010-2015,maintenance--brake-clutch-fluid-if-equipped-,https://www.mycarusermanual.com/hyundai/tucson/suv/2010-2015/maintenance--brake-clutch-fluid-if-equipped-,200,4cac283b860a5461c319f69adc23da577727d470bc796f2dae230ddf7aafdd93,2026-10-02T08:31:33+00:00,,
hyundai,tucson,suv,2010-2015,maintenance--washer-fluid,https://www.mycarusermanual.com/hyundai/tucson/suv/2010-2015/maintenance--washer-fluid,200,2025b3da91013d5ee089c5ce7770472d0de9228783626e8044db86ecba5fcc2b,2026-10-02T08:31:39+00:00,,
hyundai,tucson,suv,2010-2015,maintenance--fuel-filter-for-diesel-engine-,https://www.mycarusermanual.com/hyundai/tucson/suv/2010-2015/maintenance--fuel-filter-for-diesel-engine-,200,78cbf52715fb0002d8d6b9b631d54ba1d72fdf38593aa9d367cea211d9c83cee,2026-10-02T08:31:43+00:00,,
hyundai,tucson,suv,2010-2015,maintenance--air-cleaner,https://www.mycarusermanual.com/hyundai/tucson/suv/2010-2015/maintenance--air-cleaner,200,7ee273614c13218e56a0f5cbba17ac9fdeef4850b3b2fb76d74e2ad1e1d8a5dd,2026-10-02T08:31:46+00:00,,
hyundai,tucson,suv,2010-2015,maintenance--cabin-air-filter,https://www.mycarusermanual.com/hyundai/tucson/suv/2010-2015/maintenance--cabin-air-filter,200,5c8a80175ffa0aac5d33ddd50ad966ac086f31c17d53d03c129eb8c1515d3d0b,2026-10-02T08:31:49+00:00,,
hyundai,tucson,suv,2010-2015,maintenance--wiper-blades,https://www.mycarusermanual.com/hyundai/tucson/suv/2010-2015/maintenance--wiper-blades,200,0896477fe031c4f7a3335f966bc685e9cd140a61ec6f7dd0232ee5f25e8f01dc,2026-10-02T08:31:52+00:00,,
hyundai,tucson,suv,2010-2015,maintenance--battery,https://www.mycarusermanual.com/hyundai/tucson/suv/2010-2015/maintenance--battery,200,310c07077533ff5e364a51d11d26e127b6998c428edd21ff62dd312bc9da5fb4,2026-10-02T08:31:57+00:00,,
hyundai,tucson,suv,2010-2015,maintenance--tires-and-wheels,https://www.mycarusermanual.com/hyundai/tucson/suv/2010-2015/maintenance--tires-and-wheels,200,20e58ceb8a692ed4eb530fd67bb6912a2efc07691564da6c86f987d8d3301435,2026-10-02T08:32:03+00:00,,
hyundai,tucson,suv,2010-2015,maintenance--fuses,https://www.mycarusermanual.com/hyundai/tucson/suv/2010-2015/maintenance--fuses,200,5afc91f851bff0b130bd8fe454dd77823c4e64096dbcebac8de166c250e58ddc,2026-10-02T08:32:09+00:00,,
hyundai,tucson,suv,2010-2015,maintenance--light-bulbs,https://www.mycarusermanual.com/hyundai/tucson/suv/2010-2015/maintenance--light-bulbs,200,e59771a2076ff11bdb19e85cb389055a93121cbbc60064175d05b269fd077f14,2026-10-02T08:32:14+00:00,,
hyundai,tucson,suv,2010-2015,maintenance--appearance-care,https://www.mycarusermanual.com/hyundai/tucson/suv/2010-2015/maintenance--appearance-care,200,fdc3281bcb6a5f091d342996f7279c5a138e68c1aa33a3d2a14f6102bc728746,2026-10-02T08:32:19+00:00,,
hyundai,tucson,suv,2010-2015,maintenance--emission-control-system,https://www.mycarusermanual.com/hyundai/tucson/suv/2010-2015/maintenance--emission-control-system,200,3121d3c2b0a8aa6e0c0f82e9a471a0659b1413a94ff39f85ad7c8d8779c675cd,2026-10-02T08:32:24+00:00,,
hyundai,tucson,suv,2016-2019,_index,https://www.mycarusermanual.com/hyundai/tucson/suv/2016-2019,200,3e751331c8fb8c3c2e51fee4031d30628e3f24924e04392a8591bb29530236c9,2026-10-02T08:32:29+00:00,,
hyundai,tucson,suv,2016-2019,your-vehicle-at-a-glance--engine-compartment,https://www.mycarusermanual.com/hyundai/tucson/suv/2016-2019/your-vehicle-at-a-glance--engine-compartment,200,db793036989b0fb0297950704346dec11c7032cfa36e284c5d9330309f279ebb,2026-10-02T08:32:32+00:00,,
hyundai,tucson,suv,2016-2019,convenient-features-of-your-vehicle--steering-wheel,https://www.mycarusermanual.com/hyundai/tucson/suv/2016-2019/convenient-features-of-your-vehicle--steering-wheel,200,931324f5d76382d2ed8dad9728d3df6336299182dcd2bb3073e7074a78a6ce43,2026-10-02T08:32:35+00:00,,
hyundai,tucson,suv,2016-2019,driving-your-vehicle--four-wheel-drive-4wd-,https://www.mycarusermanual.com/hyundai/tucson/suv/2016-2019/driving-your-vehicle--four-wheel-drive-4wd-,200,da2f91ab852fc865ffe3fd53c0a80d5ec5264225fbe859e1b000ec1e4d2c576f,2026-10-02T08:32:38+00:00,,
hyundai,tucson,suv,2016-2019,driving-your-vehicle--flex-steering-wheel,https://www.mycarusermanual.com/hyundai/tucson/suv/2016-2019/driving-your-vehicle--flex-steering-wheel,200,162950b4be93733067669317dd739b500a8c1799d1a04ba3ab7626fdaa5cf48d,2026-10-02T08:32:40+00:00,,
hyundai,tucson,suv,2016-2019,driving-your-vehicle--vehicle-weight,https://www.mycarusermanual.com/hyundai/tucson/suv/2016-2019/driving-your-vehicle--vehicle-weight,200,020915a933e58ada3a1ee97f3e4274d64d92bd0c01cdbc7ee9074212e8bcc880,2026-10-02T08:32:44+00:00,,
hyundai,tucson,suv,2016-2019,what-to-do-in-an-emergency--if-the-engine-will-not-start,https://www.mycarusermanual.com/hyundai/tucson/suv/2016-2019/what-to-do-in-an-emergency--if-the-engine-will-not-start,200,2576874553c3d0a037f2e1c0bf67a7a5d28c0ab47a43b2e1aa70926ad1fe944a,2026-10-02T08:32:47+00:00,,
hyundai,tucson,suv,2016-2019,what-to-do-in-an-emergency--if-the-engine-overheats,https://www.mycarusermanual.com/hyundai/tucson/suv/2016-2019/what-to-do-in-an-emergency--if-the-engine-overheats,200,68bc3877b9e815bcc8711fe3f8fabeaf4c4d726fba66a44ad4873233fef6eb00,2026-10-02T08:32:49+00:00,,
hyundai,tucson,suv,2016-2019,what-to-do-in-an-emergency--if-you-have-a-flat-tire-with-spare-tire-,https://www.mycarusermanual.com/hyundai/tucson/suv/2016-2019/what-to-do-in-an-emergency--if-you-have-a-flat-tire-with-spare-tire-,200,87c898d71b7306b1affaffa99427f871465f6a01312929154a86ef058e699894,2026-10-02T08:32:53+00:00,,
hyundai,tucson,suv,2016-2019,what-to-do-in-an-emergency--if-you-have-a-flat-tire-with-tire-mobility-kit-,https://www.mycarusermanual.com/hyundai/tucson/suv/2016-2019/what-to-do-in-an-emergency--if-you-have-a-flat-tire-with-tire-mobility-kit-,200,a2ad6860535a0422e0492c28983567f3e6ba8745f9f169cfb070a2f600f830d3,2026-10-02T08:32:56+00:00,,
hyundai,tucson,suv,2016-2019,maintenance,https://www.mycarusermanual.com/hyundai/tucson/suv/2016-2019/maintenance,200,115cdae140516204725c76ac31746bece0a291cb584d117960591e67825ddda6,2026-10-02T08:33:01+00:00,,
hyundai,tucson,suv,2016-2019,maintenance--owner-maintenance,https://www.mycarusermanual.com/hyundai/tucson/suv/2016-2019/maintenance--owner-maintenance,200,8a096316a1e77e281074a1052fa99f3d225e0c88d257ab59af9c2adda7c43897,2026-10-02T08:33:07+00:00,,
hyundai,tucson,suv,2016-2019,maintenance--scheduled-maintenance-services,https://www.mycarusermanual.com/hyundai/tucson/suv/2016-2019/maintenance--scheduled-maintenance-services,200,aba32afc5f28285eaf70f04a1607c8835da60654375884f43e648262d11cbd8a,2026-10-02T08:33:10+00:00,,
hyundai,tucson,suv,2016-2019,maintenance--explanation-of-scheduled-maintenance-items,https://www.mycarusermanual.com/hyundai/tucson/suv/2016-2019/maintenance--explanation-of-scheduled-maintenance-items,200,b2f9107a985bab95b3cf3702b3f72176dc0fc0fccb56a12eb3c3994aebb66242,2026-10-02T08:33:16+00:00,,
hyundai,tucson,suv,2016-2019,maintenance--engine-oil,https://www.mycarusermanual.com/hyundai/tucson/suv/2016-2019/maintenance--engine-oil,200,8c4676f2aa30702601f0edd9985a0e12752dd2be0ff68f1b2af8716dbdd4e56d,2026-10-02T08:33:21+00:00,,
hyundai,tucson,suv,2016-2019,maintenance--engine-coolant,https://www.mycarusermanual.com/hyundai/tucson/suv/2016-2019/maintenance--engine-coolant,200,370e718e2d8db39b0b461f03fb6201a7b3adf8bf9bb544ca67324d4723c68963,2026-10-02T08:33:25+00:00,,
hyundai,tucson,suv,2016-2019,maintenance--brake-clutch-fluid,https://www.mycarusermanual.com/hyundai/tucson/suv/2016-2019/maintenance--brake-clutch-fluid,200,3c7aa353b0434cb1ccd801bec46f08cea486b96412f462b3adc120bea854baa9,2026-10-02T08:33:27+00:00,,
hyundai,tucson,suv,2016-2019,maintenance--washer-fluid,https://www.mycarusermanual.com/hyundai/tucson/suv/2016-2019/maintenance--washer-fluid,200,aa48f5345a4ba2cd7f5346cdac4b558fd6df6f483f78b9c3666bc70cec44d7a8,2026-10-02T08:33:30+00:00,,
hyundai,tucson,suv,2016-2019,maintenance--parking-brake,https://www.mycarusermanual.com/hyundai/tucson/suv/2016-2019/maintenance--parking-brake,200,decc245e12eed41534db48bde32087cee07836603ac3d85f6d1e81cda4decf81,2026-10-02T08:33:35+00:00,,
hyundai,tucson,suv,2016-2019,maintenance--fuel-filter-for-diesel-,https://www.mycarusermanual.com/hyundai/tucson/suv/2016-2019/maintenance--fuel-filter-for-diesel-,200,89bd7837b73755bf8a3919f63950e9a4dd413c12e86f0cb8e146f9437e725a1e,2026-10-02T08:33:37+00:00,,
hyundai,tucson,suv,2016-2019,maintenance--air-cleaner,https://www.mycarusermanual.com/hyundai/tucson/suv/2016-2019/maintenance--air-cleaner,200,b627448365827b2a572565f6b5f51c1ee74e3caa09e27bc59fc74854bb15037e,2026-10-02T08:33:41+00:00,,
hyundai,tucson,suv,2016-2019,maintenance--climate-control-air-filter,https://www.mycarusermanual.com/hyundai/tucson/suv/2016-2019/maintenance--climate-control-air-filter,200,c6d77e9872fbcf7af63aa40c227544d648e0283285658001a3d48276c4a92a37,2026-10-02T08:33:43+00:00,,
hyundai,tucson,suv,2016-2019,maintenance--wiper-blades,https://www.mycarusermanual.com/hyundai/tucson/suv/2016-2019/maintenance--wiper-blades,200,9aa63e11bafaee7e29c8c39ee60a06f85d39760ac6d91885b38bbdf96571499c,2026-10-02T08:33:48+00:00,,
hyundai,tucson,suv,2016-2019,maintenance--battery,https://www.mycarusermanual.com/hyundai/tucson/suv/2016-2019/maintenance--battery,200,4d9bc13972819f4afa61dedcdbdd18e8beb01dd41d7486ad08e61688258956a2,2026-10-02T08:33:52+00:00,,
hyundai,tucson,suv,2016-2019,maintenance--tires-and-wheels,https://www.mycarusermanual.com/hyundai/tucson/suv/2016-2019/maintenance--tires-and-wheels,200,02d9c44e6f17c57deacb713d551566b8653e4ac5b99c04753aeb93738d721e1b,2026-10-02T08:33:55+00:00,,
hyundai,tucson,suv,2016-2019,maintenance--fuses,https://www.mycarusermanual.com/hyundai/tucson/suv/2016-2019/maintenance--fuses,200,98ec530109160d04a2656b3c08c368539fe4bd3c1c582181d471c50f2f915e58,2026-10-02T08:34:00+00:00,,
hyundai,tucson,suv,2016-2019,maintenance--light-bulbs,https://www.mycarusermanual.com/hyundai/tucson/suv/2016-2019/maintenance--light-bulbs,200,13d947ebfb01ccae3133c96f8b0511b6bd0a68963777b22a7ac4fd5f59dd37a3,2026-10-02T08:34:03+00:00,,
hyundai,tucson,suv,2016-2019,maintenance--emission-control-system,https://www.mycarusermanual.com/hyundai/tucson/suv/2016-2019/maintenance--emission-control-system,200,a749fae34fd5975f410a4580d1daa49c8cc9515ad18ad105619735aa0c94741e,2026-10-02T08:34:07+00:00,,
hyundai,tucson,suv,2016-2019,specifications--consumer-information,https://www.mycarusermanual.com/hyundai/tucson/suv/2016-2019/specifications--consumer-information,200,911de48bf0ba3abdf57150d3dbfdb13e56cbc4c2ebf8db5738d71f33ce1cc47c,2026-10-02T08:34:11+00:00,,
hyundai,tucson,suv,2016-2019,specifications--consumer-information--bulb-wattage,https://www.mycarusermanual.com/hyundai/tucson/suv/2016-2019/specifications--consumer-information--bulb-wattage,200,4e291e0e43735003519dcff0f496115d6c70b382118639810fe5c34f5075feaa,2026-10-02T08:34:14+00:00,,
hyundai,tucson,suv,2016-2019,specifications--consumer-information--tires-and-wheels,https://www.mycarusermanual.com/hyundai/tucson/suv/2016-2019/specifications--consumer-information--tires-and-wheels,200,7a026c68f772e4930057993cd8ffcab0ee47f5eb7ee517f11a00199d101068e7,2026-10-02T08:34:17+00:00,,
hyundai,tucson,suv,2016-2019,specifications--consumer-information--gross-vehicle-weight,https://www.mycarusermanual.com/hyundai/tucson/suv/2016-2019/specifications--consumer-information--gross-vehicle-weight,200,a487d7b066826f0725d7fe641d63b365c37e3e1bc998403e86c514f7d4f05733,2026-10-02T08:34:20+00:00,,
hyundai,tucson,suv,2016-2019,specifications--consumer-information--luggage-volume,https://www.mycarusermanual.com/hyundai/tucson/suv/2016-2019/specifications--consumer-information--luggage-volume,200,936ac55841892b8c45685541b3688239e5fe28ef1923147687d9c253be374ca8,2026-10-02T08:34:23+00:00,,
hyundai,tucson,suv,2016-2019,specifications--consumer-information--recommended-lubricants-and-capacities,https://www.mycarusermanual.com/hyundai/tucson/suv/2016-2019/specifications--consumer-information--recommended-lubricants-and-capacities,200,2b565a581c193a8b1ef23aaeab53f4b6afd1f7cf129093f792ccb3d18a9a769b,2026-10-02T08:34:25+00:00,,
hyundai,tucson,suv,2016-2019,specifications--consumer-information--vehicle-identification-number-vin-,https://www.mycarusermanual.com/hyundai/tucson/suv/2016-2019/specifications--consumer-information--vehicle-identification-number-vin-,200,5e10946d967c5abc59230579cad507915ecd0c413f7a3b0abdba025807ea6dc8,2026-10-02T08:34:29+00:00,,
hyundai,tucson,suv,2016-2019,specifications--consumer-information--vehicle-certification-label,https://www.mycarusermanual.com/hyundai/tucson/suv/2016-2019/specifications--consumer-information--vehicle-certification-label,200,d0cd94165f9bd8fc39c534710070ae9e3044c6410e219baf2eac8506e615c384,2026-10-02T08:34:33+00:00,,
hyundai,tucson,suv,2016-2019,specifications--consumer-information--tire-specification-and-pressure-label,https://www.mycarusermanual.com/hyundai/tucson/suv/2016-2019/specifications--consumer-information--tire-specification-and-pressure-label,200,39a08b9a12b316826986a35f81de76fffe833027e4b54d20c0140a29c6a54aa5,2026-10-02T08:34:36+00:00,,
hyundai,tucson,suv,2016-2019,specifications--consumer-information--air-conditioner-compressor-label,https://www.mycarusermanual.com/hyundai/tucson/suv/2016-2019/specifications--consumer-information--air-conditioner-compressor-label,200,76b0a0c88c3bde00773ef17dec6244aca5de0aaa9a5baa87414cf079986a3faf,2026-10-02T08:34:40+00:00,,
hyundai,tucson,suv,2016-2019,specifications--consumer-information--refrigerant-label,https://www.mycarusermanual.com/hyundai/tucson/suv/2016-2019/specifications--consumer-information--refrigerant-label,200,4fb4b609d546b65d80079855e697ac59d90ce13832b154b4e5a412deff4394ab,2026-10-02T08:34:45+00:00,,
hyundai,tucson,suv,2016-2019,specifications--consumer-information--declaration-of-conformity,https://www.mycarusermanual.com/hyundai/tucson/suv/2016-2019/specifications--consumer-information--declaration-of-conformity,200,12370ed359fe9478fc0569f5118d876ccdef18db0e62da8e30ce6aed4ff959de,2026-10-02T08:34:47+00:00,,
hyundai,tucson,suv,2020,_index,https://www.mycarusermanual.com/hyundai/tucson/suv/2020,200,44b14a46b24a8a571514521f1b88de2360706f2f47cfdcd9aa1de7467f69c7ff,2026-10-02T08:34:53+00:00,,
hyundai,tucson,suv,2020,your-vehicle-at-a-glance--engine-compartment,https://www.mycarusermanual.com/hyundai/tucson/suv/2020/your-vehicle-at-a-glance--engine-compartment,200,fa578d52a86fa8315643f56f95bbf031692031a1f67bb3790f0f96d9e5451492,2026-10-02T08:34:56+00:00,,
hyundai,tucson,suv,2020,convenient-features-of-your-vehicle--steering-wheel,https://www.mycarusermanual.com/hyundai/tucson/suv/2020/convenient-features-of-your-vehicle--steering-wheel,200,dfc70db2218553df6873770f5f8f0ea6b95289f98154a7831b060b449bb13af1,2026-10-02T08:34:58+00:00,,
hyundai,tucson,suv,2020,driving-your-vehicle--all-wheel-drive,https://www.mycarusermanual.com/hyundai/tucson/suv/2020/driving-your-vehicle--all-wheel-drive,200,796eb3506523e73686eb94409b72df089aab68096b8919eb4af173616bc09c64,2026-10-02T08:35:01+00:00,,
hyundai,tucson,suv,2020,what-to-do-in-an-emergency--if-the-engine-will-not-start,https://www.mycarusermanual.com/hyundai/tucson/suv/2020/what-to-do-in-an-emergency--if-the-engine-will-not-start,200,c4602332afd9a3adeb2a30e04aceb95d0767113ba678fa1b01640b365b607cda,2026-10-02T08:35:06+00:00,,
hyundai,tucson,suv,2020,what-to-do-in-an-emergency--tire-pressure-monitoring-system,https://www.mycarusermanual.com/hyundai/tucson/suv/2020/what-to-do-in-an-emergency--tire-pressure-monitoring-system,200,836a82b69efa2291d95430616f5b6526917ad0730f12a459125ab08256725eab,2026-10-02T08:35:10+00:00,,
hyundai,tucson,suv,2020,what-to-do-in-an-emergency--if-you-have-a-flat-tire,https://www.mycarusermanual.com/hyundai/tucson/suv/2020/what-to-do-in-an-emergency--if-you-have-a-flat-tire,200,98adb5cd1c76d5e91609c915e98faab0ce283fb23e63bf8d7a45d48c2b97ba66,2026-10-02T08:35:15+00:00,,
hyundai,tucson,suv,2020,maintenance,https://www.mycarusermanual.com/hyundai/tucson/suv/2020/maintenance,200,9f1b7de057d76b00fb3a1b13c415226873c70f974b72829af76f5714474c8fc6,2026-10-02T08:35:20+00:00,,
hyundai,tucson,suv,2020,maintenance--engine-compartment,https://www.mycarusermanual.com/hyundai/tucson/suv/2020/maintenance--engine-compartment,200,8124f1a79e5ee1aa0b0d82303e39db11d9f9bdfd6485c9579849d1bfde1211d0,2026-10-02T08:35:26+00:00,,
hyundai,tucson,suv,2020,maintenance--maintenance-services,https://www.mycarusermanual.com/hyundai/tucson/suv/2020/maintenance--maintenance-services,200,a9a754d6afd81478072e83d3b59e263bd6d78fdee57762108127e4afd7cfff73,2026-10-02T08:35:30+00:00,,
hyundai,tucson,suv,2020,maintenance--owner-maintenance,https://www.mycarusermanual.com/hyundai/tucson/suv/2020/maintenance--owner-maintenance,200,00daf34d306bdbc9fb49f67d6ed36f0429f4fb7b82964eccfdc9e492e4901e74,2026-10-02T08:35:32+00:00,,
hyundai,tucson,suv,2020,maintenance--scheduled-maintenance-services,https://www.mycarusermanual.com/hyundai/tucson/suv/2020/maintenance--scheduled-maintenance-services,200,00e5264d5094ef610fb12ac96bd83e75797c219cafae4efe35cd377a239df4d1,2026-10-02T08:35:35+00:00,,
hyundai,tucson,suv,2020,maintenance--explanation-of-scheduled-maintenance-items,https://www.mycarusermanual.com/hyundai/tucson/suv/2020/maintenance--explanation-of-scheduled-maintenance-items,200,57aab0cd765fcd6c65b06aa65060d6228bc8dfb1ce138c53ba2e4f6d2c5ed022,2026-10-02T08:35:40+00:00,,
hyundai,tucson,suv,2020,maintenance--engine-oil,https://www.mycarusermanual.com/hyundai/tucson/suv/2020/maintenance--engine-oil,200,7ef941896292d1feb2ee76ded16d20f01d16a818f106de7e195eec9aaba6def3,2026-10-02T08:35:44+00:00,,
hyundai,tucson,suv,2020,maintenance--engine-coolant,https://www.mycarusermanual.com/hyundai/tucson/suv/2020/maintenance--engine-coolant,200,947cc481787866724b04d2661643c2b7fc1bcf5561e5111b902ee481999d0e96,2026-10-02T08:35:47+00:00,,
hyundai,tucson,suv,2020,maintenance--brake-fluid,https://www.mycarusermanual.com/hyundai/tucson/suv/2020/maintenance--brake-fluid,200,d956297d099e8ea36b7f99c557212e83ed29fb5f15964fb4a029c10910601ed8,2026-10-02T08:35:53+00:00,,
hyundai,tucson,suv,2020,maintenance--washer-fluid,https://www.mycarusermanual.com/hyundai/tucson/suv/2020/maintenance--washer-fluid,200,9d8c5a8cff653dd7cb2b6b609fc099c894f7ec2bfd629f534a82b541f3ecf95e,2026-10-02T08:35:58+00:00,,
hyundai,tucson,suv,2020,maintenance--parking-brake,https://www.mycarusermanual.com/hyundai/tucson/suv/2020/maintenance--parking-brake,200,b0d68cfc4c36a53291b538107a34e678fa6ba68965e361f9389a3d2dbcd281f0,2026-10-02T08:36:01+00:00,,
hyundai,tucson,suv,2020,maintenance--air-cleaner,https://www.mycarusermanual.com/hyundai/tucson/suv/2020/maintenance--air-cleaner,200,8d6139fde408bcdaab3d979d3ef256efe90bfc70d6e82aa7d66b469953db1767,2026-10-02T08:36:06+00:00,,
hyundai,tucson,suv,2020,maintenance--climate-control-air-filter,https://www.mycarusermanual.com/hyundai/tucson/suv/2020/maintenance--climate-control-air-filter,200,a62e97d0fb30471fc6e05b6ea47cbcc2e2dab9197ed4d66901cff2cfd975bfa4,2026-10-02T08:36:09+00:00,,
hyundai,tucson,suv,2020,maintenance--wiper-blades,https://www.mycarusermanual.com/hyundai/tucson/suv/2020/maintenance--wiper-blades,200,e7caec9966b67c37b302e3cb1f420f6e58854ca2a281ac9d3b632024095064a4,2026-10-02T08:36:13+00:00,,
hyundai,tucson,suv,2020,maintenance--battery,https://www.mycarusermanual.com/hyundai/tucson/suv/2020/maintenance--battery,200,20d753ba059d18b10b416d7eba89df1cdcc9ecf5b82f7614343c796118e93af2,2026-10-02T08:36:16+00:00,,
hyundai,tucson,suv,2020,maintenance--tires-and-wheels,https://www.mycarusermanual.com/hyundai/tucson/suv/2020/maintenance--tires-and-wheels,200,f4354ae0ba28945a7a88e1aa9106223615357ee26fc79a84f20b1e5509856c65,2026-10-02T08:36:19+00:00,,
hyundai,tucson,suv,2020,maintenance--fuses,https://www.mycarusermanual.com/hyundai/tucson/suv/2020/maintenance--fuses,200,6f02c6423211db805511b45f9189d1967bd0c3ec5e24c878194b54e0d76ade5f,2026-10-02T08:36:24+00:00,,
hyundai,tucson,suv,2020,maintenance--light-bulbs,https://www.mycarusermanual.com/hyundai/tucson/suv/2020/maintenance--light-bulbs,200,310db5d9a60e98437a4949ea76ab406992164363d77cd81c07beb164d503ddb1,2026-10-02T08:36:28+00:00,,
hyundai,tucson,suv,2020,maintenance--appearance-care,https://www.mycarusermanual.com/hyundai/tucson/suv/2020/maintenance--appearance-care,200,5b185d532cd8d604d3eab78cd6c0d26b6e08d36fbeee3a10c4689e8f8626bcc5,2026-10-02T08:36:32+00:00,,
hyundai,tucson,suv,2020,maintenance--emission-control-system,https://www.mycarusermanual.com/hyundai/tucson/suv/2020/maintenance--emission-control-system,200,3f67e35558d2dfa8fe3171dd719f5b54902e9423a34579b94556c80addc0986f,2026-10-02T08:36:37+00:00,,
hyundai,tucson,suv,2020,maintenance--california-perchlorate-notice,https://www.mycarusermanual.com/hyundai/tucson/suv/2020/maintenance--california-perchlorate-notice,200,b92c0806116087ba728f364e4d2a9de99a827e5002b60220a87bbb768028f36e,2026-10-02T08:36:41+00:00,,
hyundai,tucson,suv,2020,specifications-consumer-information-and-reporting-safety-defects,https://www.mycarusermanual.com/hyundai/tucson/suv/2020/specifications-consumer-information-and-reporting-safety-defects,200,9c82b6a08b21de610f8cc157b3c19650ceade8a8ba82828852943c8e102e046f,2026-10-02T08:36:45+00:00,,
hyundai,tucson,suv,2020,specifications-consumer-information-and-reporting-safety-defects--dimensions,https://www.mycarusermanual.com/hyundai/tucson/suv/2020/specifications-consumer-information-and-reporting-safety-defects--dimensions,200,a8da170b284390ec16f9a90a9b8c0711c367c2996b49ca829f97d4e2f05f6ec1,2026-10-02T08:36:47+00:00,,
hyundai,tucson,suv,2020,specifications-consumer-information-and-reporting-safety-defects--engine,https://www.mycarusermanual.com/hyundai/tucson/suv/2020/specifications-consumer-information-and-reporting-safety-defects--engine,200,9ad4dbf2d0d552bf1092a2382bf4f0c12abd73d2947716a3075dbadbdc03356a,2026-10-02T08:36:52+00:00,,
hyundai,tucson,suv,2020,specifications-consumer-information-and-reporting-safety-defects--gross-vehicle-weight,https://www.mycarusermanual.com/hyundai/tucson/suv/2020/specifications-consumer-information-and-reporting-safety-defects--gross-vehicle-weight,200,4550e8eeb320aeff9191d99c2b1e925f7b6fc4c100d7b98b81fa1f41ff55cc4e,2026-10-02T08:36:56+00:00,,
hyundai,tucson,suv,2020,specifications-consumer-information-and-reporting-safety-defects--luggage-volume,https://www.mycarusermanual.com/hyundai/tucson/suv/2020/specifications-consumer-information-and-reporting-safety-defects--luggage-volume,200,48e788385bc44aed4c1ddc2c16a49da2557dd1d817d2df02753914f7a6142f5c,2026-10-02T08:36:59+00:00,,
hyundai,tucson,suv,2020,specifications-consumer-information-and-reporting-safety-defects--bulb-wattage,https://www.mycarusermanual.com/hyundai/tucson/suv/2020/specifications-consumer-information-and-reporting-safety-defects--bulb-wattage,200,f08105310ddcc3a2337460634c12d42628d1847bc4fe37f1e0d6981ba93e5ffb,2026-10-02T08:37:04+00:00,,
hyundai,tucson,suv,2020,specifications-consumer-information-and-reporting-safety-defects--tires-and-wheels,https://www.mycarusermanual.com/hyundai/tucson/suv/2020/specifications-consumer-information-and-reporting-safety-defects--tires-and-wheels,200,684acea6a42a065058caa1cbe7902c261123d169490c7be74a87bd7b8a0559db,2026-10-02T08:37:06+00:00,,
hyundai,tucson,suv,2020,specifications-consumer-information-and-reporting-safety-defects--air-conditioning-system,https://www.mycarusermanual.com/hyundai/tucson/suv/2020/specifications-consumer-information-and-reporting-safety-defects--air-conditioning-system,200,1c0ce653c81bd0e33e06bac16edea74a73e625696537cf516680f8095ab64860,2026-10-02T08:37:09+00:00,,
hyundai,tucson,suv,2020,specifications-consumer-information-and-reporting-safety-defects--vehicle-identification-number,https://www.mycarusermanual.com/hyundai/tucson/suv/2020/specifications-consumer-information-and-reporting-safety-defects--vehicle-identification-number,200,097543f3d77ddd7ca3a03be3f9a1735991ed01b8ca7a5830a728355ff6eff209,2026-10-02T08:37:12+00:00,,
hyundai,tucson,suv,2020,specifications-consumer-information-and-reporting-safety-defects--vehicle-certification-label,https://www.mycarusermanual.com/hyundai/tucson/suv/2020/specifications-consumer-information-and-reporting-safety-defects--vehicle-certification-label,200,21bc9202971b23bb99db4959dd3a60a1423d630d907d73ed8d85a099bfe70e48,2026-10-02T08:37:15+00:00,,
hyundai,tucson,suv,2020,specifications-consumer-information-and-reporting-safety-defects--tire-specification-and-pressure-label,https://www.mycarusermanual.com/hyundai/tucson/suv/2020/specifications-consumer-information-and-reporting-safety-defects--tire-specification-and-pressure-label,200,c407555818deee4d690a92c16d3fa7e2baa3a9ee147f487c2389a376f065f3cb,2026-10-02T08:37:20+00:00,,
hyundai,tucson,suv,2020,specifications-consumer-information-and-reporting-safety-defects--engine-number,https://www.mycarusermanual.com/hyundai/tucson/suv/2020/specifications-consumer-information-and-reporting-safety-defects--engine-number,200,efa003569f0bc3644447e0a95b6b50d01b0b4ec1419d97aa0fcf7e1ae6de031b,2026-10-02T08:37:24+00:00,,
hyundai,tucson,suv,2020,specifications-consumer-information-and-reporting-safety-defects--refrigerant-label,https://www.mycarusermanual.com/hyundai/tucson/suv/2020/specifications-consumer-information-and-reporting-safety-defects--refrigerant-label,200,e6d27f8ad0f2ffbfb4a4e70cfbd4bbcc972639b3ee639567d91c92cd8934deae,2026-10-02T08:37:28+00:00,,
hyundai,tucson,suv,2020,specifications-consumer-information-and-reporting-safety-defects--consumer-information,https://www.mycarusermanual.com/hyundai/tucson/suv/2020/specifications-consumer-information-and-reporting-safety-defects--consumer-information,200,96285f26b7c458caa9c310392e1209ea4bfc753bec23608a8bb31642ff21ae40,2026-10-02T08:37:33+00:00,,
hyundai,tucson,suv,2020,specifications-consumer-information-and-reporting-safety-defects--reporting-safety-defects,https://www.mycarusermanual.com/hyundai/tucson/suv/2020/specifications-consumer-information-and-reporting-safety-defects--reporting-safety-defects,200,fd15ac385694277eacbdc0bb76103b0cfdac838a4c46b5b467393b80df6f1b50,2026-10-02T08:37:36+00:00,,
hyundai,santa-fe,,,_model,https://www.mycarusermanual.com/hyundai/santa-fe,200,aca80b00b8db8ed45e14d01d30fdadd16b304d9029f59c716caba8470c0b97d8,2026-10-02T08:37:40+00:00,,
hyundai,santa-fe,suv,2023,_index,https://www.mycarusermanual.com/hyundai/santa-fe/suv/2023,200,72674b7cbb0606f96447fc103e5a54198b8bd67c909e0dc05cb945455ba37750,2026-10-02T08:37:44+00:00,,
hyundai,santa-fe,suv,2023,foreword--fuel-requirements,https://www.mycarusermanual.com/hyundai/santa-fe/suv/2023/foreword--fuel-requirements,200,fa2c65a3a4cf90ea9294b8651a8fd20e21f5fdf29fa73eca61d6322e3cd70954,2026-10-02T08:37:48+00:00,,
hyundai,santa-fe,suv,2023,vehicle-information-consumer-information-and-reporting-safety-defects--engine-compartment,https://www.mycarusermanual.com/hyundai/santa-fe/suv/2023/vehicle-information-consumer-information-and-reporting-safety-defects--engine-compartment,200,b0c64f2317e331587746548ff9698e35e2cdd60f884ab8f705674da0befc8fab,2026-10-02T08:37:52+00:00,,
hyundai,santa-fe,suv,2023,vehicle-information-consumer-information-and-reporting-safety-defects--dimensions,https://www.mycarusermanual.com/hyundai/santa-fe/suv/2023/vehicle-information-consumer-information-and-reporting-safety-defects--dimensions,200,509a97ed2b64e12ef584c3e4959b8d6e6d799afad6178ce8fae9ff2e90215731,2026-10-02T08:37:55+00:00,,
hyundai,santa-fe,suv,2023,vehicle-information-consumer-information-and-reporting-safety-defects--engine,https://www.mycarusermanual.com/hyundai/santa-fe/suv/2023/vehicle-information-consumer-information-and-reporting-safety-defects--engine,200,f1c06160ce4f64898b506dbbc14b1420c31685bfb2b7c5d83ca4ee1c3a2afb8e,2026-10-02T08:38:00+00:00,,
hyundai,santa-fe,suv,2023,vehicle-information-consumer-information-and-reporting-safety-defects--tires-and-wheels,https://www.mycarusermanual.com/hyundai/santa-fe/suv/2023/vehicle-information-consumer-information-and-reporting-safety-defects--tires-and-wheels,200,6bbf3c4efe8935b0a84fcf905a32225eb1f107d4e3978295e349fca8936fdbd8,2026-10-02T08:38:03+00:00,,
hyundai,santa-fe,suv,2023,vehicle-information-consumer-information-and-reporting-safety-defects--volume-and-weight,https://www.mycarusermanual.com/hyundai/santa-fe/suv/2023/vehicle-information-consumer-information-and-reporting-safety-defects--volume-and-weight,200,b4994abea5eaa66225f216272547fec2b4a781b83fcc55a8a64d218601d0dc33,2026-10-02T08:38:06+00:00,,
hyundai,santa-fe,suv,2023,vehicle-information-consumer-information-and-reporting-safety-defects--recommended-lubricants-and-capacities,https://www.mycarusermanual.com/hyundai/santa-fe/suv/2023/vehicle-information-consumer-information-and-reporting-safety-defects--recommended-lubricants-and-capacities,200,a9d098ce30927ade410b99655667c56c481773edd0a705a2bdc66c2f0fe59658,2026-10-02T08:38:11+00:00,,
hyundai,santa-fe,suv,2023,vehicle-information-consumer-information-and-reporting-safety-defects--tire-specification-and-pressure-label,https://www.mycarusermanual.com/hyundai/santa-fe/suv/2023/vehicle-information-consumer-information-and-reporting-safety-defects--tire-specification-and-pressure-label,200,63c6fb294f58578706b313ee40ed7c8a84b76fb9217e6273db969772bee7def3,2026-10-02T08:38:15+00:00,,
hyundai,santa-fe,suv,2023,vehicle-information-consumer-information-and-reporting-safety-defects--engine-number,https://www.mycarusermanual.com/hyundai/santa-fe/suv/2023/vehicle-information-consumer-information-and-reporting-safety-defects--engine-number,200,78195825d22a5e164fa428ee69f1f46e735d6d65070f45facef8639582ac6a4e,2026-10-02T08:38:20+00:00,,
hyundai,santa-fe,suv,2023,convenience-features--steering-wheel,https://www.mycarusermanual.com/hyundai/santa-fe/suv/2023/convenience-features--steering-wheel,200,388d577a3ef56be549972c42c579ebc164dd734dd6d26296f4305582602ee685,2026-10-02T08:38:23+00:00,,
hyundai,santa-fe,suv,2023,convenience-features--infotainment-system-specifications,https://www.mycarusermanual.com/hyundai/santa-fe/suv/2023/convenience-features--infotainment-system-specifications,200,1eb4def0fbbe91e390aa20a07392ddd32f1354a5aac85b5e7bb32f66283f187d,2026-10-02T08:38:27+00:00,,
hyundai,santa-fe,suv,2023,driving-your-vehicle--engine-start-stop-button,https://www.mycarusermanual.com/hyundai/santa-fe/suv/2023/driving-your-vehicle--engine-start-stop-button,200,311efa4bcb4f07efb61692cdba40c3fd7d8b851777ab8f49c9a1b31b18211bfd,2026-10-02T08:38:31+00:00,,
hyundai,santa-fe,suv,2023,driving-your-vehicle--four-wheel-drive,https://www.mycarusermanual.com/hyundai/santa-fe/suv/2023/driving-your-vehicle--four-wheel-drive,200,6db3dcfc08c0d93fcd1de0c3317e8cfb23c82a54a3862438ee763ccd0605abfc,2026-10-02T08:38:35+00:00,,
hyundai,santa-fe,suv,2023,emergency-situations--if-the-engine-will-not-start,https://www.mycarusermanual.com/hyundai/santa-fe/suv/2023/emergency-situations--if-the-engine-will-not-start,200,bb2f8ed14780ecf2d05f5c3b25739ebf1c9b5fe2dcb0151ba38dbb70c118f3a6,2026-10-02T08:38:39+00:00,,
hyundai,santa-fe,suv,2023,emergency-situations--if-the-engine-overheats,https://www.mycarusermanual.com/hyundai/santa-fe/suv/2023/emergency-situations--if-the-engine-overheats,200,77b7143f27db95a18afac793aa419e582d9e2327387c7f82d2bc1f227abeb16b,2026-10-02T08:38:44+00:00,,
hyundai,santa-fe,suv,2023,emergency-situations--tire-pressure-monitoring-system,https://www.mycarusermanual.com/hyundai/santa-fe/suv/2023/emergency-situations--tire-pressure-monitoring-system,200,c512174ab2e58875116aea1d44d97544da8e9ebaedb5fbaea8e53743d51405c0,2026-10-02T08:38:46+00:00,,
hyundai,santa-fe,suv,2023,emergency-situations--if-you-have-a-flat-tire,https://www.mycarusermanual.com/hyundai/santa-fe/suv/2023/emergency-situations--if-you-have-a-flat-tire,200,bb7c2419b5f1d2ebcd66846988f10a202c16b18c0f8a298d069505eb1b1cad06,2026-10-02T08:38:52+00:00,,
hyundai,santa-fe,suv,2023,maintenance,https://www.mycarusermanual.com/hyundai/santa-fe/suv/2023/maintenance,200,64c743cf21ac03407cfb29a8f362cc8f7f810c04a44eab12c33ea14c2bd81633,2026-10-02T08:38:57+00:00,,
hyundai,santa-fe,suv,2023,maintenance--engine-compartment,https://www.mycarusermanual.com/hyundai/santa-fe/suv/2023/maintenance--engine-compartment,200,13d3cd70c145aa9403f3e304f4a18b82aa840a5ebe7e431b5780e6f86abfea2a,2026-10-02T08:39:02+00:00,,
hyundai,santa-fe,suv,2023,maintenance--maintenance-services,https://www.mycarusermanual.com/hyundai/santa-fe/suv/2023/maintenance--maintenance-services,200,8c40b91ee8fbec35f877d4d2c31004d38cf7750937353892d8bc2a1642089232,2026-10-02T08:39:07+00:00,,
hyundai,santa-fe,suv,2023,maintenance--owner-maintenance,https://www.mycarusermanual.com/hyundai/santa-fe/suv/2023/maintenance--owner-maintenance,200,ec670f235d7a2761f4d975797969d1478d291d1aef687c1bb06a672c017c2a39,2026-10-02T08:39:09+00:00,,
hyundai,santa-fe,suv,2023,maintenance--scheduled-maintenance-services,https://www.mycarusermanual.com/hyundai/santa-fe/suv/2023/maintenance--scheduled-maintenance-services,200,1050fad70d0c20f03e39362bee71602f3d855db14a9fc8eb77f4b2d07f6c07e8,2026-10-02T08:39:14+00:00,,
hyundai,santa-fe,suv,2023,maintenance--explanation-of-scheduled-maintenance-items,https://www.mycarusermanual.com/hyundai/santa-fe/suv/2023/maintenance--explanation-of-scheduled-maintenance-items,200,de1e899c5ed3b035d17e2f1b87fac95dea95aeeba805454a6e5057fba76bf8e4,2026-10-02T08:39:18+00:00,,
hyundai,santa-fe,suv,2023,maintenance--engine-oil,https://www.mycarusermanual.com/hyundai/santa-fe/suv/2023/maintenance--engine-oil,200,fb6aeb73d86eb85312e2366ea1d75714da0cf492bc85e65289525cde5ab818a2,2026-10-02T08:39:23+00:00,,
hyundai,santa-fe,suv,2023,maintenance--brake-fluid,https://www.mycarusermanual.com/hyundai/santa-fe/suv/2023/maintenance--brake-fluid,200,d221d5e04efa938be25b1b2b02d707c200ea2ae4e54f95a95dbeb88d02a06f44,2026-10-02T08:39:27+00:00,,
hyundai,santa-fe,suv,2023,maintenance--washer-fluid,https://www.mycarusermanual.com/hyundai/santa-fe/suv/2023/maintenance--washer-fluid,200,f68abe35818e304fa52596e93acf5b849213fed003e7084cdf5182b6a1199707,2026-10-02T08:39:30+00:00,,
hyundai,santa-fe,suv,2023,maintenance--air-cleaner,https://www.mycarusermanual.com/hyundai/santa-fe/suv/2023/maintenance--air-cleaner,200,47cfc07dbdf1ef0509eb9f6d1cca75ed0f9d1b27f67aa2239bfc70adc758d484,2026-10-02T08:39:35+00:00,,
hyundai,santa-fe,suv,2023,maintenance--cabin-air-filter,https://www.mycarusermanual.com/hyundai/santa-fe/suv/2023/maintenance--cabin-air-filter,200,309a0967f0b68861854744c49f3bebf36c6b879d220f436108c7f0fbffe83d72,2026-10-02T08:39:39+00:00,,
hyundai,santa-fe,suv,2023,maintenance--wiper-blades,https://www.mycarusermanual.com/hyundai/santa-fe/suv/2023/maintenance--wiper-blades,200,a1fafcc99faaebec66a5dc4d273a1a0aa4153289f61fc4ab3895737a09e242f3,2026-10-02T08:39:43+00:00,,
hyundai,santa-fe,suv,2023,maintenance--battery,https://www.mycarusermanual.com/hyundai/santa-fe/suv/2023/maintenance--battery,200,95e2750b0fc38572cb62aa4edd377d8b1ec1a6e680c69db63ae4e609acbe6940,2026-10-02T08:39:46+00:00,,
hyundai,santa-fe,suv,2023,maintenance--tires-and-wheels,https://www.mycarusermanual.com/hyundai/santa-fe/suv/2023/maintenance--tires-and-wheels,200,f7762ed111a62893c5b489328bfcda1f07461346a6697de1d7945ce669397238,2026-10-02T08:39:49+00:00,,
hyundai,santa-fe,suv,2023,maintenance--fuses,https://www.mycarusermanual.com/hyundai/santa-fe/suv/2023/maintenance--fuses,200,c96e5bd64fcaa718d673a05593255bb93943032dbb0a0b2737aea26f967211ee,2026-10-02T08:39:52+00:00,,
hyundai,santa-fe,suv,2023,maintenance--light-bulbs,https://www.mycarusermanual.com/hyundai/santa-fe/suv/2023/maintenance--light-bulbs,200,6b6510fe7977535af6cc3eb8b610916e6158953426a60d9d96b605a25c66b74f,2026-10-02T08:39:58+00:00,,
hyundai,santa-fe,suv,2023,maintenance--appearance-care,https://www.mycarusermanual.com/hyundai/santa-fe/suv/2023/maintenance--appearance-care,200,2266ac3038afbe9e84d6381fd59bb0805f3081c73ee47793acb5daebd53fe9e6,2026-10-02T08:40:01+00:00,,
hyundai,santa-fe,suv,2023,maintenance--emission-control-system,https://www.mycarusermanual.com/hyundai/santa-fe/suv/2023/maintenance--emission-control-system,200,3570f40c0c83288add3c169389d2b8d92d2456d4e11447cbf8cb72702aaba30d,2026-10-02T08:40:06+00:00,,
hyundai,santa-fe,suv,2023,maintenance--california-perchlorate-notice,https://www.mycarusermanual.com/hyundai/santa-fe/suv/2023/maintenance--california-perchlorate-notice,200,904e014a95e234863ffd8434f43de940437699490a45a82e5833b6805e1f78d5,2026-10-02T08:40:09+00:00,,
hyundai,kona,,,_model,https://www.mycarusermanual.com/hyundai/kona,200,6bfeb2000a597f3a717e3be2a4955b0d95e1a128e92126b999c080045abae018,2026-10-02T08:40:14+00:00,,
hyundai,kona,suv,2020,_index,https://www.mycarusermanual.com/hyundai/kona/suv/2020,200,2d6170f1339c40dc8c61d08f3eaf70f09a08836e5b62d0fdbec88cd353b0e3ad,2026-10-02T08:40:18+00:00,,
hyundai,kona,suv,2020,your-vehicle-at-a-glance--engine-compartment,https://www.mycarusermanual.com/hyundai/kona/suv/2020/your-vehicle-at-a-glance--engine-compartment,200,4320f153d5c3a95c6ef4280f1ae0f8188f7ef205f1c90984dff0d85bf53b881a,2026-10-02T08:40:21+00:00,,
hyundai,kona,suv,2020,convenient-features-of-your-vehicle--steering-wheel,https://www.mycarusermanual.com/hyundai/kona/suv/2020/convenient-features-of-your-vehicle--steering-wheel,200,b062db16fbbd0cf97e60171261a48d2a75dd37dbb0a210f159b2f927f50781cf,2026-10-02T08:40:27+00:00,,
hyundai,kona,suv,2020,driving-your-vehicle--all-wheel-drive-awd-,https://www.mycarusermanual.com/hyundai/kona/suv/2020/driving-your-vehicle--all-wheel-drive-awd-,200,0955d7c09fa6423dad45398c858a5162bfd815a8a7c4ea462a3590193b0a476b,2026-10-02T08:40:31+00:00,,
hyundai,kona,suv,2020,what-to-do-in-an-emergency--if-the-engine-will-not-start,https://www.mycarusermanual.com/hyundai/kona/suv/2020/what-to-do-in-an-emergency--if-the-engine-will-not-start,200,fc2482fc9f7dfa6650091c8462ff829d7daecaa81b3e12be2b2ea8ad2ac3d32a,2026-10-02T08:40:34+00:00,,
hyundai,kona,suv,2020,what-to-do-in-an-emergency--if-you-have-a-flat-tire-with-spare-tire-,https://www.mycarusermanual.com/hyundai/kona/suv/2020/what-to-do-in-an-emergency--if-you-have-a-flat-tire-with-spare-tire-,200,94baa79aff7ab425d4142341318d979e25abe843ff189c24d8049521c13195e8,2026-10-02T08:40:38+00:00,,
hyundai,kona,suv,2020,what-to-do-in-an-emergency--if-you-have-a-flat-tire-with-tire-mobility-kit-,https://www.mycarusermanual.com/hyundai/kona/suv/2020/what-to-do-in-an-emergency--if-you-have-a-flat-tire-with-tire-mobility-kit-,200,a6cc113530a32b9982e8acf0ba6e5bfd9b2d67be91566c3195a2d69bfde10072,2026-10-02T08:40:43+00:00,,
hyundai,kona,suv,2020,maintenance,https://www.mycarusermanual.com/hyundai/kona/suv/2020/maintenance,200,be76cf85ca354b0ed4b6b152e0e149a678da42be0fff25b333233d167650b892,2026-10-02T08:40:48+00:00,,
hyundai,kona,suv,2020,maintenance--engine-compartment,https://www.mycarusermanual.com/hyundai/kona/suv/2020/maintenance--engine-compartment,200,1b50afb292bcdeefb17360d77a4feade5b69d03e190de89aa6d92ff9f3f8cb47,2026-10-02T08:40:53+00:00,,
hyundai,kona,suv,2020,maintenance--owners-responsibility,https://www.mycarusermanual.com/hyundai/kona/suv/2020/maintenance--owners-responsibility,200,ce7792b1e2abd5a4b1f06adadbdd4d6540828ef04acf282057673fd7cdec087f,2026-10-02T08:40:56+00:00,,
hyundai,kona,suv,2020,maintenance--scheduled-maintenance-services,https://www.mycarusermanual.com/hyundai/kona/suv/2020/maintenance--scheduled-maintenance-services,200,49564061c43a65dfd14d22c72a5200a18731e2c902bb3c66d1733e93f9a677a0,2026-10-02T08:41:01+00:00,,
hyundai,kona,suv,2020,maintenance--explanation-of-scheduled-maintenance-items,https://www.mycarusermanual.com/hyundai/kona/suv/2020/maintenance--explanation-of-scheduled-maintenance-items,200,130cad2b4548dde27427da8384a6ea2098fee57b985872d781b1cccf6fdb94ce,2026-10-02T08:41:05+00:00,,
hyundai,kona,suv,2020,maintenance--engine-coolant,https://www.mycarusermanual.com/hyundai/kona/suv/2020/maintenance--engine-coolant,200,00bbfb89ba0daa2e939ec607a7fa9fc4c97a5cda7e731e6585cbacfa1ce2a580,2026-10-02T08:41:09+00:00,,
hyundai,kona,suv,2020,maintenance--brake-fluid,https://www.mycarusermanual.com/hyundai/kona/suv/2020/maintenance--brake-fluid,200,a3a598cf8959b5695bd1e04309f71799359ed49ecf0d03008650f9e5ff3313ac,2026-10-02T08:41:17+00:00,,
hyundai,kona,suv,2020,maintenance--washer-fluid,https://www.mycarusermanual.com/hyundai/kona/suv/2020/maintenance--washer-fluid,200,5e11fdfd6842c1f6d2c2f2989b9bea109f9ab5258687c5a22e6162ee91acc2e9,2026-10-02T08:41:21+00:00,,
hyundai,kona,suv,2020,maintenance--air-cleaner,https://www.mycarusermanual.com/hyundai/kona/suv/2020/maintenance--air-cleaner,200,59c0daeda7b59145315b867a15394a48c98409e745b8316aafbf7baaec171727,2026-10-02T08:41:25+00:00,,
hyundai,kona,suv,2020,maintenance--wiper-blades,https://www.mycarusermanual.com/hyundai/kona/suv/2020/maintenance--wiper-blades,200,ad469416f8fadc15849efc4180de6cd2de28c6f4508befd66b793527cec225cb,2026-10-02T08:41:30+00:00,,
hyundai,kona,suv,2020,maintenance--battery,https://www.mycarusermanual.com/hyundai/kona/suv/2020/maintenance--battery,200,b9ae3a04135d157965734668df90dfce4e332ad8a1a232fc954c0c9c1f4f7488,2026-10-02T08:41:35+00:00,,
hyundai,kona,suv,2020,maintenance--tires-and-wheels,https://www.mycarusermanual.com/hyundai/kona/suv/2020/maintenance--tires-and-wheels,200,be78a07a38be9c727a09012d33ae456e7f89c03e34fdbd759699fea431ad6d5d,2026-10-02T08:41:40+00:00,,
hyundai,kona,suv,2020,maintenance--tire-care,https://www.mycarusermanual.com/hyundai/kona/suv/2020/maintenance--tire-care,200,9c8ab09f70c01bb6b352b213611c0207239a254115ba5aa8aa70b259dbe1a034,2026-10-02T08:41:58+00:00,,
hyundai,kona,suv,2020,maintenance--fuses,https://www.mycarusermanual.com/hyundai/kona/suv/2020/maintenance--fuses,200,0c5b1218c0d432e2d24e27d0eb104c837a6d08b294ea781348ca15ba9384c776,2026-10-02T08:42:02+00:00,,
hyundai,kona,suv,2020,maintenance--light-bulbs,https://www.mycarusermanual.com/hyundai/kona/suv/2020/maintenance--light-bulbs,200,eb9182353352dc66df769fdc259b48266d428dff8a411881417ebbad37a4a9a9,2026-10-02T08:42:06+00:00,,
hyundai,kona,suv,2020,maintenance--appearance-care,https://www.mycarusermanual.com/hyundai/kona/suv/2020/maintenance--appearance-care,200,81990b7c55b134c703942d92e3b2235c55de299366253c24e1410abe4f3dc0c5,2026-10-02T08:42:10+00:00,,
hyundai,kona,suv,2020,maintenance--emission-control-system,https://www.mycarusermanual.com/hyundai/kona/suv/2020/maintenance--emission-control-system,200,3883649c44077bda5dad23e5f451e2d666a2311b1a3627507ab4094f9bf42cea,2026-10-02T08:42:15+00:00,,
hyundai,kona,suv,2020,maintenance--california-perchlorate-notice,https://www.mycarusermanual.com/hyundai/kona/suv/2020/maintenance--california-perchlorate-notice,200,f8f54735908ce99b30af39d8c72731c9a3e7acb22d151c67f12668055f849908,2026-10-02T08:42:20+00:00,,
hyundai,kona,suv,2020,specifications-consumer-information-and-reporting-safety-defects,https://www.mycarusermanual.com/hyundai/kona/suv/2020/specifications-consumer-information-and-reporting-safety-defects,200,323e71e7f12886b648b487ef82d73abb2999bd7a7ffc614876c2093f2cdd1ca6,2026-10-02T08:42:23+00:00,,
hyundai,kona,suv,2020,specifications-consumer-information-and-reporting-safety-defects--dimensions,https://www.mycarusermanual.com/hyundai/kona/suv/2020/specifications-consumer-information-and-reporting-safety-defects--dimensions,200,6b3ffd1178506a465d98624247858f8c82f92ecd1e269e3f09724531932adc38,2026-10-02T08:42:28+00:00,,
hyundai,kona,suv,2020,specifications-consumer-information-and-reporting-safety-defects--engine,https://www.mycarusermanual.com/hyundai/kona/suv/2020/specifications-consumer-information-and-reporting-safety-defects--engine,200,e9c7f33fb995a8efcd62e9fd4fd2851390960ea8a69d1c31bbe4d6477985bd26,2026-10-02T08:42:31+00:00,,
hyundai,kona,suv,2020,specifications-consumer-information-and-reporting-safety-defects--bulb-wattage,https://www.mycarusermanual.com/hyundai/kona/suv/2020/specifications-consumer-information-and-reporting-safety-defects--bulb-wattage,200,3c1109d8b2008d5d082949fe2b3c064bcd6168a95efe9ca016ad58441db3a8b6,2026-10-02T08:42:34+00:00,,
hyundai,kona,suv,2020,specifications-consumer-information-and-reporting-safety-defects--tires-and-wheels,https://www.mycarusermanual.com/hyundai/kona/suv/2020/specifications-consumer-information-and-reporting-safety-defects--tires-and-wheels,200,df77482e237e92238256a92657477b4545b991fa34d7c003f431db20c46d3780,2026-10-02T08:42:39+00:00,,
hyundai,kona,suv,2020,specifications-consumer-information-and-reporting-safety-defects--volume-and-weight,https://www.mycarusermanual.com/hyundai/kona/suv/2020/specifications-consumer-information-and-reporting-safety-defects--volume-and-weight,200,0435253f71262e22a3f749d828fa032dfa14a50e02bb23302e70b4471b298a67,2026-10-02T08:42:42+00:00,,
hyundai,kona,suv,2020,specifications-consumer-information-and-reporting-safety-defects--air-conditioning-system,https://www.mycarusermanual.com/hyundai/kona/suv/2020/specifications-consumer-information-and-reporting-safety-defects--air-conditioning-system,200,f43cfe8bf9b93323abf0a510e8e26450062a087331a826e7223f43e61c6cbe84,2026-10-02T08:42:46+00:00,,
hyundai,kona,suv,2020,specifications-consumer-information-and-reporting-safety-defects--recommended-lubricants-and-capacities,https://www.mycarusermanual.com/hyundai/kona/suv/2020/specifications-consumer-information-and-reporting-safety-defects--recommended-lubricants-and-capacities,200,8f7fa62d0503d85d69749c15a251c90441fce8404e3ba0701fe6f6a31d7dde9e,2026-10-02T08:42:51+00:00,,
hyundai,kona,suv,2020,specifications-consumer-information-and-reporting-safety-defects--vehicle-identification-number-vin-,https://www.mycarusermanual.com/hyundai/kona/suv/2020/specifications-consumer-information-and-reporting-safety-defects--vehicle-identification-number-vin-,200,331e4ff7b90cf4567e1647e2b9947806cc436924e259d030d0e26605c6da90f9,2026-10-02T08:42:58+00:00,,
hyundai,kona,suv,2020,specifications-consumer-information-and-reporting-safety-defects--vehicle-certification-label,https://www.mycarusermanual.com/hyundai/kona/suv/2020/specifications-consumer-information-and-reporting-safety-defects--vehicle-certification-label,200,24cc88be7230ed927c4300fe776ddbf03520ef4904c3dc09afaee92de9d9f32b,2026-10-02T08:43:03+00:00,,
hyundai,kona,suv,2020,specifications-consumer-information-and-reporting-safety-defects--tire-specification-and-pressure-label,https://www.mycarusermanual.com/hyundai/kona/suv/2020/specifications-consumer-information-and-reporting-safety-defects--tire-specification-and-pressure-label,200,5f5cd23febe70fa00fc95c703bc68e4b088e645f2adf24c0542ae341769e08cf,2026-10-02T08:43:07+00:00,,
hyundai,kona,suv,2020,specifications-consumer-information-and-reporting-safety-defects--engine-number,https://www.mycarusermanual.com/hyundai/kona/suv/2020/specifications-consumer-information-and-reporting-safety-defects--engine-number,200,f42ad542bacffa03c7e5982b8f93c92b5cce7e329a0cb3338cff022ce30d4a72,2026-10-02T08:43:11+00:00,,
hyundai,kona,suv,2020,specifications-consumer-information-and-reporting-safety-defects--consumer-information,https://www.mycarusermanual.com/hyundai/kona/suv/2020/specifications-consumer-information-and-reporting-safety-defects--consumer-information,200,ac6725e529ca29935c4daaf145a90a36a2ce92ba43bc97808ee2177e100545a6,2026-10-02T08:43:15+00:00,,
hyundai,kona,suv,2020,specifications-consumer-information-and-reporting-safety-defects--reporting-safety-defects,https://www.mycarusermanual.com/hyundai/kona/suv/2020/specifications-consumer-information-and-reporting-safety-defects--reporting-safety-defects,200,c41dbd400eafd23d0636c16b818d7b2085620514a0cfd9179070c4381c359d07,2026-10-02T08:43:18+00:00,,
hyundai,kona,suv,2023-2026,_index,https://www.mycarusermanual.com/hyundai/kona/suv/2023-2026,200,0f0ac8305b4615bf9c7999000dc9044deddbf2eaa3bb82df90506cc56b581b25,2026-10-02T08:43:23+00:00,,
hyundai,kona,suv,2023-2026,vehicle-information-consumer-information-and-reporting-safety-defects--steering-wheel-control-overview,https://www.mycarusermanual.com/hyundai/kona/suv/2023-2026/vehicle-information-consumer-information-and-reporting-safety-defects--steering-wheel-control-overview,200,0a99ea24afc4863bd9cae718387712646d64fbd15939ed4b7da3e912bb18a9ee,2026-10-02T08:43:28+00:00,,
hyundai,kona,suv,2023-2026,vehicle-information-consumer-information-and-reporting-safety-defects--engine,https://www.mycarusermanual.com/hyundai/kona/suv/2023-2026/vehicle-information-consumer-information-and-reporting-safety-defects--engine,200,90e30cf059f0fdba0a8c5ea57b40434a1e5a1533573aa19e3af82347e99adb95,2026-10-02T08:43:32+00:00,,
hyundai,kona,suv,2023-2026,vehicle-information-consumer-information-and-reporting-safety-defects--tires-and-wheels,https://www.mycarusermanual.com/hyundai/kona/suv/2023-2026/vehicle-information-consumer-information-and-reporting-safety-defects--tires-and-wheels,200,d5331f52276146b98bcff800d87e7883081a5fa06bb3efc62050e80dd63e71f0,2026-10-02T08:43:36+00:00,,
hyundai,kona,suv,2023-2026,vehicle-information-consumer-information-and-reporting-safety-defects--vehicle-weight-and-luggage-volume,https://www.mycarusermanual.com/hyundai/kona/suv/2023-2026/vehicle-information-consumer-information-and-reporting-safety-defects--vehicle-weight-and-luggage-volume,200,c8cde598f3c56292f3bd715d32d159557406d46d4ff1f2ee3389f96399016644,2026-10-02T08:43:41+00:00,,
hyundai,kona,suv,2023-2026,vehicle-information-consumer-information-and-reporting-safety-defects--recommended-lubricants-and-capacities,https://www.mycarusermanual.com/hyundai/kona/suv/2023-2026/vehicle-information-consumer-information-and-reporting-safety-defects--recommended-lubricants-and-capacities,200,1fa4c1e71e47fb645547cc0650a6bd05903542d83c6d397092a56e31de1526e1,2026-10-02T08:43:45+00:00,,
hyundai,kona,suv,2023-2026,vehicle-information-consumer-information-and-reporting-safety-defects--tire-specification-and-pressure-label,https://www.mycarusermanual.com/hyundai/kona/suv/2023-2026/vehicle-information-consumer-information-and-reporting-safety-defects--tire-specification-and-pressure-label,200,5518b74fc04793b8b3bad13bcb25566d115b3c7b41dbd57ac1bcfb8aee09756a,2026-10-02T08:43:50+00:00,,
hyundai,kona,suv,2023-2026,convenience-features--steering-wheel,https://www.mycarusermanual.com/hyundai/kona/suv/2023-2026/convenience-features--steering-wheel,200,edae55beb0fa4b30743888a03b59060a3ff7b753cbd842d62ec692cb1100198f,2026-10-02T08:43:53+00:00,,
hyundai,kona,suv,2023-2026,convenience-features--fuel-filler-door,https://www.mycarusermanual.com/hyundai/kona/suv/2023-2026/convenience-features--fuel-filler-door,200,ab87de4db37ae26a0527198d427094b3035678d860458d928e60ea32848293c6,2026-10-02T08:43:57+00:00,,
hyundai,kona,suv,2023-2026,driving-your-vehicle--engine-start-stop-button,https://www.mycarusermanual.com/hyundai/kona/suv/2023-2026/driving-your-vehicle--engine-start-stop-button,200,dbbda090ccd4db4764ced9dfade40aa5ea765ca9c0f3ad9e31c5639dbeefd82c,2026-10-02T08:44:02+00:00,,
hyundai,kona,suv,2023-2026,driving-your-vehicle--all-wheel-drive-awd-,https://www.mycarusermanual.com/hyundai/kona/suv/2023-2026/driving-your-vehicle--all-wheel-drive-awd-,200,dd0f8d3cea8747c3bc44bdd84ac3cde863c0da8f783ce98387899a501dda5d79,2026-10-02T08:44:05+00:00,,
hyundai,kona,suv,2023-2026,emergency-situations--if-the-engine-does-not-start,https://www.mycarusermanual.com/hyundai/kona/suv/2023-2026/emergency-situations--if-the-engine-does-not-start,200,abb07a29500070a5c0ce397c8000f1a13ab3033aacce61891eeeb142a24dcd5a,2026-10-02T08:44:12+00:00,,
hyundai,kona,suv,2023-2026,emergency-situations--if-the-engine-overheats,https://www.mycarusermanual.com/hyundai/kona/suv/2023-2026/emergency-situations--if-the-engine-overheats,200,49691188e92b1a26b12a3ac2b84a8e73b8f71d1b7254ed1801c3c5b0f789b94f,2026-10-02T08:44:15+00:00,,
hyundai,kona,suv,2023-2026,emergency-situations--if-you-have-a-flat-tire-with-spare-tire-,https://www.mycarusermanual.com/hyundai/kona/suv/2023-2026/emergency-situations--if-you-have-a-flat-tire-with-spare-tire-,200,1896e444d50331eb80627cc834bf74fc015001eedbe0606ea2e32f695487d9ec,2026-10-02T08:44:20+00:00,,
hyundai,kona,suv,2023-2026,emergency-situations--if-you-have-a-flat-tire-with-tire-mobility-kit-,https://www.mycarusermanual.com/hyundai/kona/suv/2023-2026/emergency-situations--if-you-have-a-flat-tire-with-tire-mobility-kit-,200,77e95649e7fbbcb5ae6d5b97310465e611c5459e4f26c93903bf593ed16087eb,2026-10-02T08:44:24+00:00,,
hyundai,kona,suv,2023-2026,maintenance--engine-compartment,https://www.mycarusermanual.com/hyundai/kona/suv/2023-2026/maintenance--engine-compartment,200,c3e82fbd917d3459686f7b72138ed8c445c44ffc645518fb5de3f364f1ef48b9,2026-10-02T08:44:29+00:00,,
hyundai,kona,suv,2023-2026,maintenance--maintenance-services,https://www.mycarusermanual.com/hyundai/kona/suv/2023-2026/maintenance--maintenance-services,200,3a6ac53dde56fdaa70c65839ec754c53e8110841565be6a7cf56496761986395,2026-10-02T08:44:35+00:00,,
hyundai,kona,suv,2023-2026,maintenance--owner-maintenance,https://www.mycarusermanual.com/hyundai/kona/suv/2023-2026/maintenance--owner-maintenance,200,e1dd4422649b1b77130bea244664e37595a5716f0b592fd3ffa0a72d1ef34cd6,2026-10-02T08:44:38+00:00,,
hyundai,kona,suv,2023-2026,maintenance--scheduled-maintenance-services,https://www.mycarusermanual.com/hyundai/kona/suv/2023-2026/maintenance--scheduled-maintenance-services,200,44dfa93131be3838d16ec0e5ad858ffd8f190470fc8a01c0e10adb827c27365e,2026-10-02T08:44:45+00:00,,
hyundai,kona,suv,2023-2026,maintenance--explanation-of-scheduled-maintenance-items,https://www.mycarusermanual.com/hyundai/kona/suv/2023-2026/maintenance--explanation-of-scheduled-maintenance-items,200,401dd778522ca24b43f814aeb81048c813ea57137f9bd4ed6bdcc1cb0742cc5c,2026-10-02T08:44:50+00:00,,
hyundai,kona,suv,2023-2026,maintenance--engine-oil,https://www.mycarusermanual.com/hyundai/kona/suv/2023-2026/maintenance--engine-oil,200,15d8c093cd6acff8309bccc1f93bbeefffb6672b22de522320af2bf5d8a2c010,2026-10-02T08:44:56+00:00,,
hyundai,kona,suv,2023-2026,maintenance--engine-coolant,https://www.mycarusermanual.com/hyundai/kona/suv/2023-2026/maintenance--engine-coolant,200,7f0137a286d80a42dc4756935e80b1a0d058432f1126cfd00994ce26c63c26b4,2026-10-02T08:45:02+00:00,,
hyundai,kona,suv,2023-2026,maintenance--brake-fluid,https://www.mycarusermanual.com/hyundai/kona/suv/2023-2026/maintenance--brake-fluid,200,c778b1c6b3e9031bcd48aa0bb9bdb7bc4d0ca8fe93d6fda05e34522fb0ddc16b,2026-10-02T08:45:07+00:00,,
hyundai,kona,suv,2023-2026,maintenance--washer-fluid,https://www.mycarusermanual.com/hyundai/kona/suv/2023-2026/maintenance--washer-fluid,200,8e97072322c6f4bf2855a22396d9e4cdaa31092f639dd700a873501df9156d8b,2026-10-02T08:45:12+00:00,,
hyundai,kona,suv,2023-2026,maintenance--air-cleaner,https://www.mycarusermanual.com/hyundai/kona/suv/2023-2026/maintenance--air-cleaner,200,1e631ff7a61664f53f96826a8efa940276665a27af5ccbd379b6e72db5aaa7dc,2026-10-02T08:45:18+00:00,,
hyundai,kona,suv,2023-2026,maintenance--cabin-air-filter,https://www.mycarusermanual.com/hyundai/kona/suv/2023-2026/maintenance--cabin-air-filter,200,9bb20f7fc41df459f532cfa6507970a0eae1773e84727acd0f16145b7b4ea984,2026-10-02T08:45:23+00:00,,
hyundai,kona,suv,2023-2026,maintenance--wiper-blades,https://www.mycarusermanual.com/hyundai/kona/suv/2023-2026/maintenance--wiper-blades,200,5a9e7d7524ff47bb0f4ffd7126dc8eb4e350566e6e4e0fa796cdb619e7672059,2026-10-02T08:45:32+00:00,,
hyundai,kona,suv,2023-2026,maintenance--battery,https://www.mycarusermanual.com/hyundai/kona/suv/2023-2026/maintenance--battery,200,ead6d4e945702bffcf8567801f29e9b0c7a8e3df7f9535f358df78a09f251a96,2026-10-02T08:45:36+00:00,,
hyundai,kona,suv,2023-2026,maintenance--tires-and-wheels,https://www.mycarusermanual.com/hyundai/kona/suv/2023-2026/maintenance--tires-and-wheels,200,af86c7019f136dfef21556706e415a29c2b324ac8c12efcb17c1283b1e9c682d,2026-10-02T08:45:41+00:00,,
hyundai,kona,suv,2023-2026,maintenance--fuses,https://www.mycarusermanual.com/hyundai/kona/suv/2023-2026/maintenance--fuses,200,862fd3848e60ddfe4e1013994078dd94fc4563df658cf15a0b4a3fcd2728b1f2,2026-10-02T08:45:45+00:00,,
hyundai,kona,suv,2023-2026,maintenance--light-bulbs,https://www.mycarusermanual.com/hyundai/kona/suv/2023-2026/maintenance--light-bulbs,200,41449d0995aa9e63dec8a13640d88274f09b6ab27c9c263e93db3796b57493a3,2026-10-02T08:45:51+00:00,,
hyundai,kona,suv,2023-2026,maintenance--appearance-care,https://www.mycarusermanual.com/hyundai/kona/suv/2023-2026/maintenance--appearance-care,200,23215cd12a319f5325a99bb4c745b9420829626f2a2cf234cb7ebcb39499a6ab,2026-10-02T08:45:57+00:00,,
hyundai,kona,suv,2023-2026,maintenance--emission-control-system,https://www.mycarusermanual.com/hyundai/kona/suv/2023-2026/maintenance--emission-control-system,200,64f9d2f7d5d5c9600d95bbccd72a03cac7bcc95b7c05a53e8e9c80afac2b1cd9,2026-10-02T08:46:01+00:00,,
hyundai,kona,suv,2023-2026,maintenance--california-perchlorate-notice,https://www.mycarusermanual.com/hyundai/kona/suv/2023-2026/maintenance--california-perchlorate-notice,200,bf1e68d6c9bf4e7d1d502ce297d3940aaacc0dd0b9a6cfdba2e571e0425ec8c9,2026-10-02T08:46:04+00:00,,
kia,rio,,,_model,https://www.mycarusermanual.com/kia/rio,200,12ba07a67bea7cd06f3c4df6b80dbb7a5f58a5beb11a4b2d887c414b474a27d5,2026-10-02T08:46:09+00:00,,
kia,rio,4-door,2017-2023,_index,https://www.mycarusermanual.com/kia/rio/4-door/2017-2023,200,69935ad6f5b75766b1f1a615061f0c3e77e1ae8aa123906426662aeb363a347b,2026-10-02T08:46:11+00:00,,
kia,rio,4-door,2017-2023,introduction--fuel-requirements,https://www.mycarusermanual.com/kia/rio/4-door/2017-2023/introduction--fuel-requirements,200,2646439b257b64d3185fdfbfad0f0f17ed6b58fe9bfb2d79a6dff8d4eb168828,2026-10-02T08:46:16+00:00,,
kia,rio,4-door,2017-2023,your-vehicle-at-a-glance--engine-compartment,https://www.mycarusermanual.com/kia/rio/4-door/2017-2023/your-vehicle-at-a-glance--engine-compartment,200,1d92308312e3fe21be6a87548399f727863d85508b4c912c825a822b4a477e3a,2026-10-02T08:46:19+00:00,,
kia,rio,4-door,2017-2023,features-of-your-vehicle--fuel-filler-lid,https://www.mycarusermanual.com/kia/rio/4-door/2017-2023/features-of-your-vehicle--fuel-filler-lid,200,847356768ad232c678186a05022b63758416ac254542f7a5eca8e6ac6a30712a,2026-10-02T08:46:23+00:00,,
kia,rio,4-door,2017-2023,features-of-your-vehicle--steering-wheel,https://www.mycarusermanual.com/kia/rio/4-door/2017-2023/features-of-your-vehicle--steering-wheel,200,c43627930a64675edc404cfc6dca90458b6ea9e35aa60430500309cb8de9a93c,2026-10-02T08:46:28+00:00,,
kia,rio,4-door,2017-2023,driving-your-vehicle--brake-system,https://www.mycarusermanual.com/kia/rio/4-door/2017-2023/driving-your-vehicle--brake-system,200,1b9d38161aebb3e8b2464b99324dc87b22deba073c3035cb45c3f381ed0ad473,2026-10-02T08:46:33+00:00,,
kia,rio,4-door,2017-2023,driving-your-vehicle--vehicle-weight,https://www.mycarusermanual.com/kia/rio/4-door/2017-2023/driving-your-vehicle--vehicle-weight,200,40293c3d694e9cc180edef29d911515732f72d76e514437b53fff51d73295b9a,2026-10-02T08:46:37+00:00,,
kia,rio,4-door,2017-2023,what-to-do-in-an-emergency--if-the-engine-will-not-start,https://www.mycarusermanual.com/kia/rio/4-door/2017-2023/what-to-do-in-an-emergency--if-the-engine-will-not-start,200,29ece11af01d4591280d4d1b59697254ce9b1512ab799122c025c64da672c465,2026-10-02T08:46:41+00:00,,
kia,rio,4-door,2017-2023,what-to-do-in-an-emergency--if-the-engine-overheats,https://www.mycarusermanual.com/kia/rio/4-door/2017-2023/what-to-do-in-an-emergency--if-the-engine-overheats,200,f34047d808ec49a5d71ed843b642bcc070954f290af5980b56131279a5108fdd,2026-10-02T08:46:44+00:00,,
kia,rio,4-door,2017-2023,what-to-do-in-an-emergency--tire-pressure-monitoring-system-tpms--type-a-,https://www.mycarusermanual.com/kia/rio/4-door/2017-2023/what-to-do-in-an-emergency--tire-pressure-monitoring-system-tpms--type-a-,200,7a992067a398e7954c6c2c1168446245041cf56f5c4aa6892b25df0f014dd594,2026-10-02T08:46:48+00:00,,
kia,rio,4-door,2017-2023,what-to-do-in-an-emergency--tire-pressure-monitoring-system-tpms--type-b-if-equipped-,https://www.mycarusermanual.com/kia/rio/4-door/2017-2023/what-to-do-in-an-emergency--tire-pressure-monitoring-system-tpms--type-b-if-equipped-,200,d3d0a68d109932a44a3cb94df87caf0cb35f4122d25b1a0fc6e4bb2fa642b03a,2026-10-02T08:46:52+00:00,,
kia,rio,4-door,2017-2023,what-to-do-in-an-emergency--if-you-have-a-flat-tire-with-spare-tire-if-equipped-,https://www.mycarusermanual.com/kia/rio/4-door/2017-2023/what-to-do-in-an-emergency--if-you-have-a-flat-tire-with-spare-tire-if-equipped-,200,3a1ea6411c1ac95e6212fa583b072a69f75e3dda7b5dad856974feec304b5245,2026-10-02T08:46:55+00:00,,
kia,rio,4-door,2017-2023,maintenance,https://www.mycarusermanual.com/kia/rio/4-door/2017-2023/maintenance,200,62ce6c866dd5559af4dff096d7a521bab7f01f774d109161bfc651d7e6f2b760,2026-10-02T08:46:59+00:00,,
kia,rio,4-door,2017-2023,maintenance--engine-compartment,https://www.mycarusermanual.com/kia/rio/4-door/2017-2023/maintenance--engine-compartment,200,099c5bd12cf88ad2c79dbfd2a430cf7ff2816e395a05546c9b27882a77ced9e4,2026-10-02T08:47:05+00:00,,
kia,rio,4-door,2017-2023,maintenance--maintenance-services,https://www.mycarusermanual.com/kia/rio/4-door/2017-2023/maintenance--maintenance-services,200,5c1cab7b34098746e9918cbe364cdcfac1b50e5c17ffab243fea95d2e65ee7cf,2026-10-02T08:47:08+00:00,,
kia,rio,4-door,2017-2023,maintenance--owner-maintenance,https://www.mycarusermanual.com/kia/rio/4-door/2017-2023/maintenance--owner-maintenance,200,e4af62ea64008ae6b3b40288167134075c536029bfb3717a25ed57a9f571b298,2026-10-02T08:47:13+00:00,,
kia,rio,4-door,2017-2023,maintenance--scheduled-maintenance-service,https://www.mycarusermanual.com/kia/rio/4-door/2017-2023/maintenance--scheduled-maintenance-service,200,3aeaff35532812a8e924456c29915825f66d5a8f47a91ab9732d2e974b78255a,2026-10-02T08:47:18+00:00,,
kia,rio,4-door,2017-2023,maintenance--explanation-of-scheduled-maintenance-items,https://www.mycarusermanual.com/kia/rio/4-door/2017-2023/maintenance--explanation-of-scheduled-maintenance-items,200,8d2b016c14ba47cf8030bd6d17ab33c0a9ecc73137e586293aa2126012ccea27,2026-10-02T08:47:23+00:00,,
kia,rio,4-door,2017-2023,maintenance--checking-fluid-levels,https://www.mycarusermanual.com/kia/rio/4-door/2017-2023/maintenance--checking-fluid-levels,200,81850a5e7d84e19b23538a796388bab04cd1b6934b22eab274af5e503dd3eb22,2026-10-02T08:47:26+00:00,,
kia,rio,4-door,2017-2023,maintenance--engine-oil,https://www.mycarusermanual.com/kia/rio/4-door/2017-2023/maintenance--engine-oil,200,fd41f9734714c06ba8d1adc8ab5d8b659996656d3ef59717216aecf855b408cc,2026-10-02T08:47:29+00:00,,
kia,rio,4-door,2017-2023,maintenance--engine-coolant,https://www.mycarusermanual.com/kia/rio/4-door/2017-2023/maintenance--engine-coolant,200,4aa54083e61ed1ecc5c683ee003e61f7597e64fde7da76cda2d8eacc898cf2e7,2026-10-02T08:47:34+00:00,,
kia,rio,4-door,2017-2023,maintenance--brake-clutch-fluid-if-equipped-,https://www.mycarusermanual.com/kia/rio/4-door/2017-2023/maintenance--brake-clutch-fluid-if-equipped-,200,ee70e29366d3b86be2fddc0aeef697e57d349d444ee51f065d4dd8aaa4e3b6cb,2026-10-02T08:47:37+00:00,,
kia,rio,4-door,2017-2023,maintenance--washer-fluid,https://www.mycarusermanual.com/kia/rio/4-door/2017-2023/maintenance--washer-fluid,200,5228f79fdab6fd42100ab7b7282ca42525796c141336cd6b3da416e8202adc0c,2026-10-02T08:47:42+00:00,,
kia,rio,4-door,2017-2023,maintenance--parking-brake,https://www.mycarusermanual.com/kia/rio/4-door/2017-2023/maintenance--parking-brake,200,321ca782b44bb0d043bf3492d6567ebf6d9b4bb9d6a0009797dd46e446d13e5b,2026-10-02T08:47:44+00:00,,
kia,rio,4-door,2017-2023,maintenance--air-cleaner,https://www.mycarusermanual.com/kia/rio/4-door/2017-2023/maintenance--air-cleaner,200,c9d451ba8426b5277a38bfde0ed15e332e878f45cc3b5d11e583ab46a766e538,2026-10-02T08:47:49+00:00,,
kia,rio,4-door,2017-2023,maintenance--climate-control-air-filter,https://www.mycarusermanual.com/kia/rio/4-door/2017-2023/maintenance--climate-control-air-filter,200,ab88025fa9505903addb625cdd2bde756efb6b2b374ab39966e50d96f48feee9,2026-10-02T08:47:53+00:00,,
kia,rio,4-door,2017-2023,maintenance--wiper-blades,https://www.mycarusermanual.com/kia/rio/4-door/2017-2023/maintenance--wiper-blades,200,59f48d4ae19c7084395e16f4eadd64c7114ec9b5558688888caab631f4925156,2026-10-02T08:47:58+00:00,,
kia,rio,4-door,2017-2023,maintenance--battery,https://www.mycarusermanual.com/kia/rio/4-door/2017-2023/maintenance--battery,200,5adcdd6463ad6f5f8e438d8990fb6545d16c064f17f1f947da15a5da1068ad83,2026-10-02T08:48:02+00:00,,
kia,rio,4-door,2017-2023,maintenance--tires-and-wheels,https://www.mycarusermanual.com/kia/rio/4-door/2017-2023/maintenance--tires-and-wheels,200,df5a8041e0722cfbbfbf1f4a872b07ac15fbfe6755c6bad65e94e401883345c4,2026-10-02T08:48:06+00:00,,
kia,rio,4-door,2017-2023,maintenance--fuses,https://www.mycarusermanual.com/kia/rio/4-door/2017-2023/maintenance--fuses,200,9ddfcd37cafb24e5f82b5d3651230cfdd8660a53a2fac8b26dfd1808551db5d9,2026-10-02T08:48:11+00:00,,
kia,rio,4-door,2017-2023,maintenance--light-bulbs,https://www.mycarusermanual.com/kia/rio/4-door/2017-2023/maintenance--light-bulbs,200,ee61a01f57762f464ade8f5fefd88dbe28c8af30d33f7d9779a32b6a67006a96,2026-10-02T08:48:14+00:00,,
kia,rio,4-door,2017-2023,maintenance--appearance-care,https://www.mycarusermanual.com/kia/rio/4-door/2017-2023/maintenance--appearance-care,200,0cef42fd6f83205fdcb778ae0086ff7604efbe62c20aa3c7648406c155e1bc8f,2026-10-02T08:48:18+00:00,,
kia,rio,4-door,2017-2023,maintenance--emission-control-system,https://www.mycarusermanual.com/kia/rio/4-door/2017-2023/maintenance--emission-control-system,200,c17526ed20223a0f0648d00ec90db32da14140cdfcbcfc7d5e319bf130a184c4,2026-10-02T08:48:23+00:00,,
kia,rio,4-door,2017-2023,specifications-consumer-information-and-reporting-safety-defects,https://www.mycarusermanual.com/kia/rio/4-door/2017-2023/specifications-consumer-information-and-reporting-safety-defects,200,b90bfe2ed896f03ff889333a2021a3cb785eadabe93f4f3f4507949b3c9aa1a9,2026-10-02T08:48:26+00:00,,
kia,rio,4-door,2017-2023,specifications-consumer-information-and-reporting-safety-defects--engine,https://www.mycarusermanual.com/kia/rio/4-door/2017-2023/specifications-consumer-information-and-reporting-safety-defects--engine,200,6677bbb8643bbf0dc6d0ffcc26b11285e612b8918d81ffa911a0c3ecad36b8c2,2026-10-02T08:48:28+00:00,,
kia,rio,4-door,2017-2023,specifications-consumer-information-and-reporting-safety-defects--dimensions,https://www.mycarusermanual.com/kia/rio/4-door/2017-2023/specifications-consumer-information-and-reporting-safety-defects--dimensions,200,47b1cefc4ebfd6e5293654bf1d27e3cd0045137d5e6091c4d31e42b4b8b7d142,2026-10-02T08:48:32+00:00,,
kia,rio,4-door,2017-2023,specifications-consumer-information-and-reporting-safety-defects--bulb-wattage,https://www.mycarusermanual.com/kia/rio/4-door/2017-2023/specifications-consumer-information-and-reporting-safety-defects--bulb-wattage,200,281bf1416eac2e7f0f4988ce52dd1b756f3fab054ba137ceb8aa5e4ce7cf9c11,2026-10-02T08:48:36+00:00,,
kia,rio,4-door,2017-2023,specifications-consumer-information-and-reporting-safety-defects--tires-and-wheels,https://www.mycarusermanual.com/kia/rio/4-door/2017-2023/specifications-consumer-information-and-reporting-safety-defects--tires-and-wheels,200,c1cf835675086fe5bbb6a2d5c43987ef2a4341fc9fd7c5b15404888042566523,2026-10-02T08:48:42+00:00,,
kia,rio,4-door,2017-2023,specifications-consumer-information-and-reporting-safety-defects--weight-volume,https://www.mycarusermanual.com/kia/rio/4-door/2017-2023/specifications-consumer-information-and-reporting-safety-defects--weight-volume,200,d12f21e291e5c1568e0078e1504afbdda7f8975cb80e2881e8d9d3d356d26654,2026-10-02T08:48:47+00:00,,
kia,rio,4-door,2017-2023,specifications-consumer-information-and-reporting-safety-defects--air-conditioning-system,https://www.mycarusermanual.com/kia/rio/4-door/2017-2023/specifications-consumer-information-and-reporting-safety-defects--air-conditioning-system,200,1787b72094fd87350439d7b2fd273f3dd11b1b0c499dbb26f5292a31e2a1595d,2026-10-02T08:48:50+00:00,,
kia,rio,4-door,2017-2023,specifications-consumer-information-and-reporting-safety-defects--recommended-lubricants-and-capacities,https://www.mycarusermanual.com/kia/rio/4-door/2017-2023/specifications-consumer-information-and-reporting-safety-defects--recommended-lubricants-and-capacities,200,b458864053788f6331b56eee8712d14ecce94af5f4a15cff4f3a4f68babc4fca,2026-10-02T08:48:53+00:00,,
kia,rio,4-door,2017-2023,specifications-consumer-information-and-reporting-safety-defects--vehicle-identification-number-vin-,https://www.mycarusermanual.com/kia/rio/4-door/2017-2023/specifications-consumer-information-and-reporting-safety-defects--vehicle-identification-number-vin-,200,af1d347993dad2d945a3b3d711f6ece556acc333417be1faa380d5c3bec67ad8,2026-10-02T08:48:58+00:00,,
kia,rio,4-door,2017-2023,specifications-consumer-information-and-reporting-safety-defects--vehicle-certification-label,https://www.mycarusermanual.com/kia/rio/4-door/2017-2023/specifications-consumer-information-and-reporting-safety-defects--vehicle-certification-label,200,eeb3436e0eba5cba92f14b4137866d7cf2d8084241ad0076e2f93aa26c464b94,2026-10-02T08:49:01+00:00,,
kia,rio,4-door,2017-2023,specifications-consumer-information-and-reporting-safety-defects--tire-specification-and-pressure-label,https://www.mycarusermanual.com/kia/rio/4-door/2017-2023/specifications-consumer-information-and-reporting-safety-defects--tire-specification-and-pressure-label,200,a5f6c241c4dd935072d5690a8cba220f54374618dc6418ef51c6c95ed0968b0b,2026-10-02T08:49:05+00:00,,
kia,rio,4-door,2017-2023,specifications-consumer-information-and-reporting-safety-defects--engine-number,https://www.mycarusermanual.com/kia/rio/4-door/2017-2023/specifications-consumer-information-and-reporting-safety-defects--engine-number,200,9f4c1eb66b85c1fbee2909f1f7737b6c93a11044a5afccf5a6c5e09653a3bcd4,2026-10-02T08:49:08+00:00,,
kia,rio,4-door,2017-2023,specifications-consumer-information-and-reporting-safety-defects--refrigerant-label,https://www.mycarusermanual.com/kia/rio/4-door/2017-2023/specifications-consumer-information-and-reporting-safety-defects--refrigerant-label,200,34ff34c4a70b75f6e61bc9f60635efece0a629add136a4f5a9a351fb7b3deab3,2026-10-02T08:49:12+00:00,,
kia,rio,4-door,2017-2023,specifications-consumer-information-and-reporting-safety-defects--consumer-assistance-u-s-only-,https://www.mycarusermanual.com/kia/rio/4-door/2017-2023/specifications-consumer-information-and-reporting-safety-defects--consumer-assistance-u-s-only-,200,7e78a728e3d55c0849306adf042dea59d99806f30ad6758e95caa77e67761831,2026-10-02T08:49:17+00:00,,
kia,rio,4-door,2017-2023,specifications-consumer-information-and-reporting-safety-defects--electrical-equipment-u-s-only-,https://www.mycarusermanual.com/kia/rio/4-door/2017-2023/specifications-consumer-information-and-reporting-safety-defects--electrical-equipment-u-s-only-,200,95ecda80e19d43afbd5585665683f947ae5bbb6bd5034cebbc58d8a191601290,2026-10-02T08:49:22+00:00,,
kia,rio,4-door,2017-2023,specifications-consumer-information-and-reporting-safety-defects--reporting-safety-defects-u-s-only-,https://www.mycarusermanual.com/kia/rio/4-door/2017-2023/specifications-consumer-information-and-reporting-safety-defects--reporting-safety-defects-u-s-only-,200,51d3d7b2dd53ddcbdd2fcfc6e2306cf8f361c7b61f684e64267f7bd2dc46188a,2026-10-02T08:49:25+00:00,,
kia,rio,4-door,2017-2023,specifications-consumer-information-and-reporting-safety-defects--online-factory-authorized-manuals-u-s-only-,https://www.mycarusermanual.com/kia/rio/4-door/2017-2023/specifications-consumer-information-and-reporting-safety-defects--online-factory-authorized-manuals-u-s-only-,200,3750e05456fe574d58f6a5a1b1244dc07aa72001d4a1ece98bd7fde3e69c4d6f,2026-10-02T08:49:29+00:00,,
kia,sorento,,,_model,https://www.mycarusermanual.com/kia/sorento,200,acf353d5c280beb2b53dffc3bb02a3c6406e36699033dc5e470ba5c0a9b2c44d,2026-10-02T08:49:32+00:00,,
kia,sorento,suv,2016-2020,_index,https://www.mycarusermanual.com/kia/sorento/suv/2016-2020,200,8b556637ec0a5e92e66f7f0a04f69795a34ff6e0610bd6957555b832bb5a16d1,2026-10-02T08:49:36+00:00,,
kia,sorento,suv,2016-2020,introduction--fuel-requirements,https://www.mycarusermanual.com/kia/sorento/suv/2016-2020/introduction--fuel-requirements,200,12e81d788f21182abadb7bfeff00117115e9a101eb3cf5cee9ea3d560777c117,2026-10-02T08:49:41+00:00,,
kia,sorento,suv,2016-2020,your-vehicle-at-a-glance--engine-compartment,https://www.mycarusermanual.com/kia/sorento/suv/2016-2020/your-vehicle-at-a-glance--engine-compartment,200,39e58646b6feff4b025ce015830a8c80634acd091ed4ca30842fbc9a9c0dc768,2026-10-02T08:49:46+00:00,,
kia,sorento,suv,2016-2020,driving-your-vehicle--engine-start-stop-button,https://www.mycarusermanual.com/kia/sorento/suv/2016-2020/driving-your-vehicle--engine-start-stop-button,200,12899786aaab6b695166be0147ba44689e5f73dd4834b89c657fbe3ed316df1d,2026-10-02T08:49:49+00:00,,
kia,sorento,suv,2016-2020,driving-your-vehicle--brake-system,https://www.mycarusermanual.com/kia/sorento/suv/2016-2020/driving-your-vehicle--brake-system,200,a523f2ab1025b7eac8ad4f52a9b12a18dc768c7d7a93c0cc50c0f7c92e8980bb,2026-10-02T08:49:53+00:00,,
kia,sorento,suv,2016-2020,what-to-do-in-an-emergency--if-the-engine-will-not-start,https://www.mycarusermanual.com/kia/sorento/suv/2016-2020/what-to-do-in-an-emergency--if-the-engine-will-not-start,200,0cba82f2ce419da8a3fdb369fd4c2bd1ccfe1dcebaf67e34c45f59370311e89e,2026-10-02T08:49:58+00:00,,
kia,sorento,suv,2016-2020,what-to-do-in-an-emergency--if-the-engine-overheats,https://www.mycarusermanual.com/kia/sorento/suv/2016-2020/what-to-do-in-an-emergency--if-the-engine-overheats,200,017bfcc92b7eaf5360abbf9927926d31826a9aa2c731bf3a7f7cfbdf9a5b9104,2026-10-02T08:50:02+00:00,,
kia,sorento,suv,2016-2020,what-to-do-in-an-emergency--tire-pressure-monitoring-system-tpms-,https://www.mycarusermanual.com/kia/sorento/suv/2016-2020/what-to-do-in-an-emergency--tire-pressure-monitoring-system-tpms-,200,b0bd62db17460fc1a904b051570c06b82eda4563edbf1e58e2624b8a1a221285,2026-10-02T08:50:08+00:00,,
kia,sorento,suv,2016-2020,what-to-do-in-an-emergency--if-you-have-a-flat-tire,https://www.mycarusermanual.com/kia/sorento/suv/2016-2020/what-to-do-in-an-emergency--if-you-have-a-flat-tire,200,337a35d9d334d0f2dc987538b0bb9f1d607df813da86e055185030b6af545647,2026-10-02T08:50:12+00:00,,
kia,sorento,suv,2016-2020,maintenance,https://www.mycarusermanual.com/kia/sorento/suv/2016-2020/maintenance,200,230f1d50f825d26397a76093e8ca99da895124e2398834d5f0974009b5093a0e,2026-10-02T08:50:17+00:00,,
kia,sorento,suv,2016-2020,maintenance--engine-compartment,https://www.mycarusermanual.com/kia/sorento/suv/2016-2020/maintenance--engine-compartment,200,717192c171e6825334a6cfde615fa59bd62d4baced978c484d6c127204295416,2026-10-02T08:50:22+00:00,,
kia,sorento,suv,2016-2020,maintenance--scheduled-maintenance-service,https://www.mycarusermanual.com/kia/sorento/suv/2016-2020/maintenance--scheduled-maintenance-service,200,6e941396ed045bade04325d019ca8714cb1c1eca9086833d94ae87661ad6a414,2026-10-02T08:50:24+00:00,,
kia,sorento,suv,2016-2020,maintenance--engine-oil,https://www.mycarusermanual.com/kia/sorento/suv/2016-2020/maintenance--engine-oil,200,a0cf66e9606602184ded2d18ce1447c455c43ed7302aad21476ba2a7e4edd98b,2026-10-02T08:50:30+00:00,,
kia,sorento,suv,2016-2020,maintenance--engine-coolant,https://www.mycarusermanual.com/kia/sorento/suv/2016-2020/maintenance--engine-coolant,200,36c1e0b68ee1b3004677a608d5371d2557094d64316f9886baf159588b81015c,2026-10-02T08:50:33+00:00,,
kia,sorento,suv,2016-2020,maintenance--tires-and-wheels,https://www.mycarusermanual.com/kia/sorento/suv/2016-2020/maintenance--tires-and-wheels,200,17f3a96868846a2f6c4938b51c70af0da69dc4517ef396d4fa3de11239137e2c,2026-10-02T08:50:37+00:00,,
kia,sorento,suv,2016-2020,maintenance--fuses,https://www.mycarusermanual.com/kia/sorento/suv/2016-2020/maintenance--fuses,200,e74ab7f645de6849c4782b89344488b1df1967807755f8cadb8b85fa4cbdcce5,2026-10-02T08:50:40+00:00,,
kia,sorento,suv,2016-2020,maintenance--light-bulbs,https://www.mycarusermanual.com/kia/sorento/suv/2016-2020/maintenance--light-bulbs,200,3dca185156e9fb47ccef313cc0e4be78aeadb96da9fdf0c5189ea4c746ca9ab7,2026-10-02T08:50:44+00:00,,
kia,sorento,suv,2016-2020,maintenance--appearance-care,https://www.mycarusermanual.com/kia/sorento/suv/2016-2020/maintenance--appearance-care,200,135296e8939d1b5b57223a5dca5158af55e370b7f094b7716ad0a5790562aad9,2026-10-02T08:50:47+00:00,,
kia,sorento,suv,2016-2020,specifications-consumer-information-and-reporting-safety-defects,https://www.mycarusermanual.com/kia/sorento/suv/2016-2020/specifications-consumer-information-and-reporting-safety-defects,200,204b8189205ad468dbaa62d7d43b33ae40b47ab72efac699c5e356ad00149f37,2026-10-02T08:50:51+00:00,,
kia,sorento,suv,2016-2020,specifications-consumer-information-and-reporting-safety-defects--dimensions,https://www.mycarusermanual.com/kia/sorento/suv/2016-2020/specifications-consumer-information-and-reporting-safety-defects--dimensions,200,b0b2403e7c0d4e55df85ab57875678fc73a0f6e84fc78e1da98295c64d2c88a1,2026-10-02T08:50:55+00:00,,
kia,sorento,suv,2016-2020,specifications-consumer-information-and-reporting-safety-defects--engine,https://www.mycarusermanual.com/kia/sorento/suv/2016-2020/specifications-consumer-information-and-reporting-safety-defects--engine,200,6970052ade4adad83529b341a100d07214b5178ea79b1f86d70f03d3823ac629,2026-10-02T08:50:58+00:00,,
kia,sorento,suv,2016-2020,specifications-consumer-information-and-reporting-safety-defects--bulb-wattage,https://www.mycarusermanual.com/kia/sorento/suv/2016-2020/specifications-consumer-information-and-reporting-safety-defects--bulb-wattage,200,64041e057cf5e3131747ca5880ff1f1be4ff6fb7a4c9d59df4e3eb9660d9fa85,2026-10-02T08:51:03+00:00,,
kia,sorento,suv,2016-2020,specifications-consumer-information-and-reporting-safety-defects--tires-and-wheels,https://www.mycarusermanual.com/kia/sorento/suv/2016-2020/specifications-consumer-information-and-reporting-safety-defects--tires-and-wheels,200,d47c65f6faa525afa35b3b35a4eb544d43249d0d156ebbb90fdad881700c63bd,2026-10-02T08:51:07+00:00,,
kia,sorento,suv,2016-2020,specifications-consumer-information-and-reporting-safety-defects--recommended-lubricants-and-capacities,https://www.mycarusermanual.com/kia/sorento/suv/2016-2020/specifications-consumer-information-and-reporting-safety-defects--recommended-lubricants-and-capacities,200,d948dbb9c5c1e2a83d286fcb5e9bb51814926b3e46367ba2fd6f4e0b5a5105da,2026-10-02T08:51:11+00:00,,
kia,sorento,suv,2016-2020,specifications-consumer-information-and-reporting-safety-defects--vehicle-identification-number-vin-,https://www.mycarusermanual.com/kia/sorento/suv/2016-2020/specifications-consumer-information-and-reporting-safety-defects--vehicle-identification-number-vin-,200,3c6feade972499d62afbb88c6b21794d6fbbad34bfeb556c8bf4c0375e808aca,2026-10-02T08:51:16+00:00,,
kia,sorento,suv,2016-2020,specifications-consumer-information-and-reporting-safety-defects--consumer-assistance-u-s-only-,https://www.mycarusermanual.com/kia/sorento/suv/2016-2020/specifications-consumer-information-and-reporting-safety-defects--consumer-assistance-u-s-only-,200,0b4c9a6228796ab387a3a1a33d0118619e734861af5896812bc3d539a5a81b81,2026-10-02T08:51:20+00:00,,
kia,sorento,suv,2016-2020,specifications-consumer-information-and-reporting-safety-defects--reporting-safety-defects-u-s-only-,https://www.mycarusermanual.com/kia/sorento/suv/2016-2020/specifications-consumer-information-and-reporting-safety-defects--reporting-safety-defects-u-s-only-,200,62f7b201567de64bb8a1e5c7a1749d5636216a55f5e449efb9c7b8baa1271961,2026-10-02T08:51:24+00:00,,
kia,sorento,suv,2023,_index,https://www.mycarusermanual.com/kia/sorento/suv/2023,200,37f5ecc457796aea28f19567504dc0407a1c0c330df4eb8485d6fe4848f3cf32,2026-10-02T08:51:29+00:00,,
kia,sorento,suv,2023,introduction--fuel-requirements,https://www.mycarusermanual.com/kia/sorento/suv/2023/introduction--fuel-requirements,200,8ebd639c08d703b96505ddd8b5d5dfbf11b7a4b8a1fcbd8db3bea79b5e862c20,2026-10-02T08:51:34+00:00,,
kia,sorento,suv,2023,your-vehicle-at-a-glance--engine-compartment,https://www.mycarusermanual.com/kia/sorento/suv/2023/your-vehicle-at-a-glance--engine-compartment,200,ecff0b918974745dcf4b6b90bf9d1f66ebea1ab40285a2c9e727b2a4e81f9b01,2026-10-02T08:51:37+00:00,,
kia,sorento,suv,2023,features-of-your-vehicle--fuel-filler-door,https://www.mycarusermanual.com/kia/sorento/suv/2023/features-of-your-vehicle--fuel-filler-door,200,dcc7ff44380fc5875c90f1bd39b645056f121c458bef2a8de4bd8d068d0b09d9,2026-10-02T08:51:40+00:00,,
kia,sorento,suv,2023,features-of-your-vehicle--steering-wheel,https://www.mycarusermanual.com/kia/sorento/suv/2023/features-of-your-vehicle--steering-wheel,200,821074f10b5ea47139214faf9d24e9eee237a3eade92a694e214837defb218f2,2026-10-02T08:51:44+00:00,,
kia,sorento,suv,2023,driving-your-vehicle--engine-start-stop-button,https://www.mycarusermanual.com/kia/sorento/suv/2023/driving-your-vehicle--engine-start-stop-button,200,aee9db22776fc8a78a54c370f5da304d992c961b4b54520000ffb19f777589be,2026-10-02T08:51:48+00:00,,
kia,sorento,suv,2023,driving-your-vehicle--all-wheel-drive-awd-system,https://www.mycarusermanual.com/kia/sorento/suv/2023/driving-your-vehicle--all-wheel-drive-awd-system,200,7558d8d704e7e361e5e0c9e04030a954db265a908d460e55ff89e0dac69878e3,2026-10-02T08:51:51+00:00,,
kia,sorento,suv,2023,driving-your-vehicle--brake-system,https://www.mycarusermanual.com/kia/sorento/suv/2023/driving-your-vehicle--brake-system,200,fff1e975e26e144bf7f0830fc86dcec9d75f6c94f5179863ececaf0ae3818393,2026-10-02T08:51:57+00:00,,
kia,sorento,suv,2023,driving-your-vehicle--vehicle-weight,https://www.mycarusermanual.com/kia/sorento/suv/2023/driving-your-vehicle--vehicle-weight,200,1c1c672a35602bcac389a99d8e1e69d4dc0f81933b824449f96ad26e37f0a3ba,2026-10-02T08:52:00+00:00,,
kia,sorento,suv,2023,what-to-do-in-an-emergency--if-the-engine-will-not-start,https://www.mycarusermanual.com/kia/sorento/suv/2023/what-to-do-in-an-emergency--if-the-engine-will-not-start,200,443118145f77c1ee42ca78b5ce502bc6754f9f52ed8152a4ca79bdddb15e90d7,2026-10-02T08:52:03+00:00,,
kia,sorento,suv,2023,what-to-do-in-an-emergency--if-the-engine-overheats,https://www.mycarusermanual.com/kia/sorento/suv/2023/what-to-do-in-an-emergency--if-the-engine-overheats,200,1e7e6fc8703a6da45383fbe5fd41b69aa369dd67081ef38f30fe94824ed39838,2026-10-02T08:52:08+00:00,,
kia,sorento,suv,2023,what-to-do-in-an-emergency--tire-pressure-monitoring-system,https://www.mycarusermanual.com/kia/sorento/suv/2023/what-to-do-in-an-emergency--tire-pressure-monitoring-system,200,9c77dec28fc336d2186b951eb6d345f061d7416956d642f00b7567c95a32e0bc,2026-10-02T08:52:12+00:00,,
kia,sorento,suv,2023,what-to-do-in-an-emergency--if-you-have-a-flat-tire,https://www.mycarusermanual.com/kia/sorento/suv/2023/what-to-do-in-an-emergency--if-you-have-a-flat-tire,200,c9935cb902ea481f1a1733b47a97efa94361d5d04f4edb8078699637790f2f45,2026-10-02T08:52:16+00:00,,
kia,sorento,suv,2023,maintenance--,https://www.mycarusermanual.com/kia/sorento/suv/2023/maintenance--,200,3e5fa8497a54c1d79f24ec438d2d6be6f945e013c48b66feefe7115d1719dd99,2026-10-02T08:52:21+00:00,,
kia,sorento,suv,2023,maintenance--engine-compartment,https://www.mycarusermanual.com/kia/sorento/suv/2023/maintenance--engine-compartment,200,dce4252f4f0331b8be76c4ab5526e0f820cadb8af0ce2f160baefa2382c4c056,2026-10-02T08:52:25+00:00,,
kia,sorento,suv,2023,maintenance--maintenance-services,https://www.mycarusermanual.com/kia/sorento/suv/2023/maintenance--maintenance-services,200,a1203462eb80a2527ca1e56ac8241684b62770422bae40264e332f1f7eb474e6,2026-10-02T08:52:27+00:00,,
kia,sorento,suv,2023,maintenance--owner-maintenance,https://www.mycarusermanual.com/kia/sorento/suv/2023/maintenance--owner-maintenance,200,eb594287c0d7df7e8217d16b05f548a8da88747ec9aff39fb20e13e3bf932c1c,2026-10-02T08:52:32+00:00,,
kia,sorento,suv,2023,maintenance--scheduled-maintenance-service,https://www.mycarusermanual.com/kia/sorento/suv/2023/maintenance--scheduled-maintenance-service,200,293f6c3e88437ab410562142f615dd7dc300b5b2c78803ea06012073663e941b,2026-10-02T08:52:36+00:00,,
kia,sorento,suv,2023,maintenance--explanation-of-scheduled-maintenance-items,https://www.mycarusermanual.com/kia/sorento/suv/2023/maintenance--explanation-of-scheduled-maintenance-items,200,a62b9a4533b72fcd86a78cd83c6c448dcda28e7326c3d772cd5657840f7d1bb7,2026-10-02T08:52:41+00:00,,
kia,sorento,suv,2023,maintenance--engine-oil,https://www.mycarusermanual.com/kia/sorento/suv/2023/maintenance--engine-oil,200,a8d0a89bfc28ffa2705668dd4165762dd20af7a64e15fb632f3fbace4b18cbe6,2026-10-02T08:52:45+00:00,,
kia,sorento,suv,2023,maintenance--engine-coolant,https://www.mycarusermanual.com/kia/sorento/suv/2023/maintenance--engine-coolant,200,dc808e4e326939d0e2c0e86bb81304073342cae2bb713491a4ae33e415ca3749,2026-10-02T08:52:48+00:00,,
kia,sorento,suv,2023,maintenance--brake-fluid,https://www.mycarusermanual.com/kia/sorento/suv/2023/maintenance--brake-fluid,200,e36faff7009fc5d18f64ef3629b5e75d7fd03d42b9cf5028b0992d875f234499,2026-10-02T08:52:51+00:00,,
kia,sorento,suv,2023,maintenance--washer-fluid,https://www.mycarusermanual.com/kia/sorento/suv/2023/maintenance--washer-fluid,200,6de386f49a067cc9bf9e9bb9d109521c2d512744d0bab746544800740bcb3622,2026-10-02T08:52:55+00:00,,
kia,sorento,suv,2023,maintenance--parking-brake,https://www.mycarusermanual.com/kia/sorento/suv/2023/maintenance--parking-brake,200,eec6a7dd39ce365064477b527d43e0b8b5bd52adb6546352a406305cdc1ca406,2026-10-02T08:52:59+00:00,,
kia,sorento,suv,2023,maintenance--air-cleaner,https://www.mycarusermanual.com/kia/sorento/suv/2023/maintenance--air-cleaner,200,5c920bba56aa86079f4434cc7a2045861cf2d9bfcccb36ca9dd74dc168e0bcc7,2026-10-02T08:53:02+00:00,,
kia,sorento,suv,2023,maintenance--climate-control-air-filter,https://www.mycarusermanual.com/kia/sorento/suv/2023/maintenance--climate-control-air-filter,200,da24b3280a2c188459d6afcd68c24547c107bfd7602d02bbe51211a08654ee6a,2026-10-02T08:53:05+00:00,,
kia,sorento,suv,2023,maintenance--wiper-blades,https://www.mycarusermanual.com/kia/sorento/suv/2023/maintenance--wiper-blades,200,e7d020ec6f6f92979e12ca835011ccb198e80ada6da00a805c4850cb33de5d4b,2026-10-02T08:53:09+00:00,,
kia,sorento,suv,2023,maintenance--battery,https://www.mycarusermanual.com/kia/sorento/suv/2023/maintenance--battery,200,88946a11294168c9f4029483ef5d3421637456664515ece9a56af7f64732ec1c,2026-10-02T08:53:12+00:00,,
kia,sorento,suv,2023,maintenance--tires-and-wheels,https://www.mycarusermanual.com/kia/sorento/suv/2023/maintenance--tires-and-wheels,200,bf5b148cfbeeddeeacff58e77ba392ff9da211ce114e099d6737c26309e16696,2026-10-02T08:53:16+00:00,,
kia,sorento,suv,2023,maintenance--fuses,https://www.mycarusermanual.com/kia/sorento/suv/2023/maintenance--fuses,200,0d9b2e0022d787544d6d6f72be525ab2257e6935990c88dd766a7dd14a6d291a,2026-10-02T08:53:21+00:00,,
kia,sorento,suv,2023,maintenance--light-bulbs,https://www.mycarusermanual.com/kia/sorento/suv/2023/maintenance--light-bulbs,200,4058c76fa3f07fd65ae1ee68b54224634481e2ad23712dfbf60669ccaeec2623,2026-10-02T08:53:25+00:00,,
kia,sorento,suv,2023,maintenance--appearance-care,https://www.mycarusermanual.com/kia/sorento/suv/2023/maintenance--appearance-care,200,8996b076acf8487d7b13449a8940a7acde66ad3c5abe711584a1cc483ebf4b80,2026-10-02T08:53:30+00:00,,
kia,sorento,suv,2023,maintenance--emission-control-system,https://www.mycarusermanual.com/kia/sorento/suv/2023/maintenance--emission-control-system,200,6ed285774c502c275aacd0f355d2b6db0d4e4e40c676411eee86f10e1e8600af,2026-10-02T08:53:34+00:00,,
kia,sorento,suv,2023,specifications-consumer-information,https://www.mycarusermanual.com/kia/sorento/suv/2023/specifications-consumer-information,200,eef100065270989503120d14f9b670f8d869fb6913440ce3db92b9e4e063bab1,2026-10-02T08:53:37+00:00,,
kia,sorento,suv,2023,specifications--consumer-information--dimensions,https://www.mycarusermanual.com/kia/sorento/suv/2023/specifications--consumer-information--dimensions,200,f6ed056f2a35c6f5cb803ed739b4951fed0a2e2f31a5ccea1e23d1be99a8b26d,2026-10-02T08:53:39+00:00,,
kia,sorento,suv,2023,specifications--consumer-information--engine,https://www.mycarusermanual.com/kia/sorento/suv/2023/specifications--consumer-information--engine,200,273563286fa7cfe821e22d060fe7a2b31359c5d773a09248db8bbdcefce6d0cf,2026-10-02T08:53:42+00:00,,
kia,sorento,suv,2023,specifications--consumer-information--gross-vehicle-weight,https://www.mycarusermanual.com/kia/sorento/suv/2023/specifications--consumer-information--gross-vehicle-weight,200,bfa4dcb15d2f5ec5aecd05d7fe21f89417e4205f1ee4cea20005500a124fbc90,2026-10-02T08:53:47+00:00,,
kia,sorento,suv,2023,specifications--consumer-information--luggage-volume,https://www.mycarusermanual.com/kia/sorento/suv/2023/specifications--consumer-information--luggage-volume,200,6074bd77e9f13f2df41714f4a615cd3330136210753805c7fa5f3aa3a73478fb,2026-10-02T08:53:50+00:00,,
kia,sorento,suv,2023,specifications--consumer-information--air-conditioning-system,https://www.mycarusermanual.com/kia/sorento/suv/2023/specifications--consumer-information--air-conditioning-system,200,146399c7229cb66376e1e9d7878ab30dc3bfa459fb7a7fc15c53122f4b991050,2026-10-02T08:53:53+00:00,,
kia,sorento,suv,2023,specifications--consumer-information--bulb-wattage,https://www.mycarusermanual.com/kia/sorento/suv/2023/specifications--consumer-information--bulb-wattage,200,c4f451c3a97414f14fa60b394db51e885f8093344868d9844bda44495730b1ef,2026-10-02T08:53:56+00:00,,
kia,sorento,suv,2023,specifications--consumer-information--tires-and-wheels,https://www.mycarusermanual.com/kia/sorento/suv/2023/specifications--consumer-information--tires-and-wheels,200,6aa83df23b25a5318d9ca066284e9d7895101d822c7421296d8ea93d7e4282fc,2026-10-02T08:53:58+00:00,,
kia,sorento,suv,2023,specifications--consumer-information--recommended-lubricants-and-capacities,https://www.mycarusermanual.com/kia/sorento/suv/2023/specifications--consumer-information--recommended-lubricants-and-capacities,200,1097d27ee7a55c51d060d03743ad8e95756790e755d6472e82ec3e5294300e2f,2026-10-02T08:54:02+00:00,,
kia,sorento,suv,2023,specifications--consumer-information--vehicle-identification-number,https://www.mycarusermanual.com/kia/sorento/suv/2023/specifications--consumer-information--vehicle-identification-number,200,d81009f991c2c9aedd5f1e4663c18913126dc80a7a71eced6ccc9658dbd2aaca,2026-10-02T08:54:08+00:00,,
kia,sorento,suv,2023,specifications--consumer-information--vehicle-certification-label,https://www.mycarusermanual.com/kia/sorento/suv/2023/specifications--consumer-information--vehicle-certification-label,200,293379cd9827d1cc91e8df34e6dfe389d19b88b32df6a47e2088dcf37ec61dfe,2026-10-02T08:54:13+00:00,,
kia,sorento,suv,2023,specifications--consumer-information--tire-specification-and-pressure-label,https://www.mycarusermanual.com/kia/sorento/suv/2023/specifications--consumer-information--tire-specification-and-pressure-label,200,1da030b6af08e8052ddc950947f4fbf4b419c96c94cc71a49fa3dca31e7c8e55,2026-10-02T08:54:17+00:00,,
kia,sorento,suv,2023,specifications--consumer-information--engine-number,https://www.mycarusermanual.com/kia/sorento/suv/2023/specifications--consumer-information--engine-number,200,d12d9251964e2234a52f009f363412afddeb2f6c24c6233e1791bf00ce9ac348,2026-10-02T08:54:21+00:00,,
kia,sorento,suv,2023,specifications--consumer-information--reporting-safety-defects,https://www.mycarusermanual.com/kia/sorento/suv/2023/specifications--consumer-information--reporting-safety-defects,200,69d084d3a1664aa9939f6e239e3f71ffdd4027df12a59e6dd820fee12b0349de,2026-10-02T08:54:24+00:00,,
kia,sportage,,,_model,https://www.mycarusermanual.com/kia/sportage,200,33341dff78aa9c3e94844db3d279a9927676aaf9bfc046071bc426b368dc12f4,2026-10-02T08:54:29+00:00,,
kia,sportage,suv,2011-2016,_index,https://www.mycarusermanual.com/kia/sportage/suv/2011-2016,200,3b6230ced6e27bbac1530a5214f38fd7193a1b87d2a3b621ea0c6223a120b80a,2026-10-02T08:54:33+00:00,,
kia,sportage,suv,2011-2016,introduction--fuel-requirements,https://www.mycarusermanual.com/kia/sportage/suv/2011-2016/introduction--fuel-requirements,200,609b8aaa8d69119705a9f26ba1a0db2edf2162a39f2e34d0c5db2a6d879567ff,2026-10-02T08:54:36+00:00,,
kia,sportage,suv,2011-2016,your-vehicle-at-a-glance--engine-compartment,https://www.mycarusermanual.com/kia/sportage/suv/2011-2016/your-vehicle-at-a-glance--engine-compartment,200,43f44edc2e383abacb440a68814c09f1c8cdafa56a2a3aadded66ded13e2e088,2026-10-02T08:54:40+00:00,,
kia,sportage,suv,2011-2016,features-of-your-vehicle--fuel-filler-lid,https://www.mycarusermanual.com/kia/sportage/suv/2011-2016/features-of-your-vehicle--fuel-filler-lid,200,6ad8a640cc2c983e1a56ae09b85c89de9ab02d1a0ffdb2aed7b996d164b0ce1c,2026-10-02T08:54:45+00:00,,
kia,sportage,suv,2011-2016,features-of-your-vehicle--steering-wheel,https://www.mycarusermanual.com/kia/sportage/suv/2011-2016/features-of-your-vehicle--steering-wheel,200,79da22ebc49b9eaa60671c24050a89d8c303d1d1f104230fd815bd14a2fcee27,2026-10-02T08:54:49+00:00,,
kia,sportage,suv,2011-2016,driving-your-vehicle--engine-start-stop-button-if-equipped-,https://www.mycarusermanual.com/kia/sportage/suv/2011-2016/driving-your-vehicle--engine-start-stop-button-if-equipped-,200,83a8093e229d2984a01127963029fd2428f6afd4cd539a893f154ac3e12029a0,2026-10-02T08:54:54+00:00,,
kia,sportage,suv,2011-2016,driving-your-vehicle--four-wheel-drive-4wd--if-equipped-,https://www.mycarusermanual.com/kia/sportage/suv/2011-2016/driving-your-vehicle--four-wheel-drive-4wd--if-equipped-,200,3cae647ebbac9a9d1cdf51681dd09a4cfca396f25c4d519b35003e494be2c9a8,2026-10-02T08:54:58+00:00,,
kia,sportage,suv,2011-2016,driving-your-vehicle--brake-system,https://www.mycarusermanual.com/kia/sportage/suv/2011-2016/driving-your-vehicle--brake-system,200,5f3af89f74eb5b0ac98d2f0dfb9f05ca42885af80fbd9b4bbc5929fd686f7684,2026-10-02T08:55:01+00:00,,
kia,sportage,suv,2011-2016,driving-your-vehicle--vehicle-weight-glossary,https://www.mycarusermanual.com/kia/sportage/suv/2011-2016/driving-your-vehicle--vehicle-weight-glossary,200,826c087af3b5569ff06ee13588bbc36f4ef43feb7c852cf36945249f3f8e5a58,2026-10-02T08:55:04+00:00,,
kia,sportage,suv,2011-2016,what-to-do-in-an-emergency--if-the-engine-will-not-start,https://www.mycarusermanual.com/kia/sportage/suv/2011-2016/what-to-do-in-an-emergency--if-the-engine-will-not-start,200,089f917effbab69c05d30486a1864abc1ba4bf08fd7cac1638f59f0090c73ad2,2026-10-02T08:55:06+00:00,,
kia,sportage,suv,2011-2016,what-to-do-in-an-emergency--if-the-engine-overheats,https://www.mycarusermanual.com/kia/sportage/suv/2011-2016/what-to-do-in-an-emergency--if-the-engine-overheats,200,fe3004742034fe4c8b1ad9abfe146b108013c79933b58f7dc85a165f4e64c758,2026-10-02T08:55:11+00:00,,
kia,sportage,suv,2011-2016,what-to-do-in-an-emergency--if-you-have-a-flat-tire,https://www.mycarusermanual.com/kia/sportage/suv/2011-2016/what-to-do-in-an-emergency--if-you-have-a-flat-tire,200,a633cc150f8950e8fa519b49ba69ff9664f6a5887c2ddc1bac822c32a1a54ae9,2026-10-02T08:55:15+00:00,,
kia,sportage,suv,2011-2016,maintenance,https://www.mycarusermanual.com/kia/sportage/suv/2011-2016/maintenance,200,5c1459ac60e5ef207f239de83fcbf25e2bce9b5bf14e0653ec2bb18e18872e60,2026-10-02T08:55:19+00:00,,
kia,sportage,suv,2011-2016,maintenance--owner-maintenance,https://www.mycarusermanual.com/kia/sportage/suv/2011-2016/maintenance--owner-maintenance,200,ed18d9c1e52798492f9779ccb7e258ffc7f4b5bc37fa66f1f4f6ac07bde29222,2026-10-02T08:55:25+00:00,,
kia,sportage,suv,2011-2016,maintenance--maintenance-schedule,https://www.mycarusermanual.com/kia/sportage/suv/2011-2016/maintenance--maintenance-schedule,200,c96b8cec108ed6b2cfc73dec6880c3cbc84b4c20006296123082b1818251e5be,2026-10-02T08:55:29+00:00,,
kia,sportage,suv,2011-2016,maintenance--explanation-of-scheduled-maintenance-items,https://www.mycarusermanual.com/kia/sportage/suv/2011-2016/maintenance--explanation-of-scheduled-maintenance-items,200,5947e9488deaa7d67faa7dd82ecb00fe448dd8e4cf0c5bb25d55f1af718160aa,2026-10-02T08:55:32+00:00,,
kia,sportage,suv,2011-2016,maintenance--engine-oil,https://www.mycarusermanual.com/kia/sportage/suv/2011-2016/maintenance--engine-oil,200,a94cad33970c83114354e8e0e33f0d85dea644c2619ae9e1cc79426062f86198,2026-10-02T08:55:37+00:00,,
kia,sportage,suv,2011-2016,maintenance--engine-coolant,https://www.mycarusermanual.com/kia/sportage/suv/2011-2016/maintenance--engine-coolant,200,7a4d18c649811fc1b7b53d216416eb7164cc6976135dc34e8fe41caab2600e31,2026-10-02T08:55:41+00:00,,
kia,sportage,suv,2011-2016,maintenance--brake-clutch-fluid,https://www.mycarusermanual.com/kia/sportage/suv/2011-2016/maintenance--brake-clutch-fluid,200,f26a5a43aa831a5cf83f0f253750a75c6d0caf6564b5e44e36090e70bf99356c,2026-10-02T08:55:45+00:00,,
kia,sportage,suv,2011-2016,maintenance--washer-fluid,https://www.mycarusermanual.com/kia/sportage/suv/2011-2016/maintenance--washer-fluid,200,4e2a718f6c4b2a99dd46929b2963546ee3c47915e24305b2b7b410109113b8df,2026-10-02T08:55:48+00:00,,
kia,sportage,suv,2011-2016,maintenance--parking-brake,https://www.mycarusermanual.com/kia/sportage/suv/2011-2016/maintenance--parking-brake,200,1775d70b0193867f1bc73842fb17b4b34587f9f91fedfe40da88ab5f5877761d,2026-10-02T08:55:51+00:00,,
kia,sportage,suv,2011-2016,maintenance--air-cleaner,https://www.mycarusermanual.com/kia/sportage/suv/2011-2016/maintenance--air-cleaner,200,84489a12d44423753fbcfd83b7da461aa42853e50de231cbb9927b1a0c9a9dd8,2026-10-02T08:55:56+00:00,,
kia,sportage,suv,2011-2016,maintenance--climate-control-air-filter-if-equipped-,https://www.mycarusermanual.com/kia/sportage/suv/2011-2016/maintenance--climate-control-air-filter-if-equipped-,200,3929edf8fb2124981399b3f9623eb5b4b56fe8ae18103bb79b5b4e9e9804d314,2026-10-02T08:56:00+00:00,,
kia,sportage,suv,2011-2016,maintenance--wiper-blades,https://www.mycarusermanual.com/kia/sportage/suv/2011-2016/maintenance--wiper-blades,200,55caeb1b94f3e7cc6f7ce79c4c7816f210920bc6c266b5b68ea240a31c642956,2026-10-02T08:56:05+00:00,,
kia,sportage,suv,2011-2016,maintenance--battery,https://www.mycarusermanual.com/kia/sportage/suv/2011-2016/maintenance--battery,200,7f9c81f6ca737e0948484f8d62787564a47988e6aceb6a76bfbb2bace4487620,2026-10-02T08:56:10+00:00,,
kia,sportage,suv,2011-2016,maintenance--tires-and-wheels,https://www.mycarusermanual.com/kia/sportage/suv/2011-2016/maintenance--tires-and-wheels,200,8f2b0ddee43f221e7bf68644be1ef7c842f6d261bd66309950ad4c62aa1e3943,2026-10-02T08:56:13+00:00,,
kia,sportage,suv,2011-2016,maintenance--fuses,https://www.mycarusermanual.com/kia/sportage/suv/2011-2016/maintenance--fuses,200,175303e4c96c1d24444d459167588b27952aa6cb297491cb3492eb17963023d5,2026-10-02T08:56:15+00:00,,
kia,sportage,suv,2011-2016,maintenance--emission-control-system,https://www.mycarusermanual.com/kia/sportage/suv/2011-2016/maintenance--emission-control-system,200,819335714c3209c3a268e58917568ef9e858fbf66ab6e3082636c4885e36b6f0,2026-10-02T08:56:18+00:00,,
kia,sportage,suv,2011-2016,specifications--consumer-information-,https://www.mycarusermanual.com/kia/sportage/suv/2011-2016/specifications--consumer-information-,200,d9b0f1a04b155c26b8c1a69173f6651b40f97e324b8f68f54088c1285af7e2ee,2026-10-02T08:56:21+00:00,,
kia,sportage,suv,2011-2016,specifications--consumer-information--tires-and-wheels,https://www.mycarusermanual.com/kia/sportage/suv/2011-2016/specifications--consumer-information--tires-and-wheels,200,61403fbbde0345486bab0c1c0d093f54f1ba47e65e478de3cd6ca9149fc8648f,2026-10-02T08:56:26+00:00,,
kia,sportage,suv,2011-2016,specifications--consumer-information--recommended-lubricants-and-capacities,https://www.mycarusermanual.com/kia/sportage/suv/2011-2016/specifications--consumer-information--recommended-lubricants-and-capacities,200,0e76d087aa01f8ed44c0b46870db9d384353dc0a385f31de16b91e3178f892bd,2026-10-02T08:56:30+00:00,,
kia,sportage,suv,2011-2016,specifications--consumer-information--vehicle-identification-number-vin-,https://www.mycarusermanual.com/kia/sportage/suv/2011-2016/specifications--consumer-information--vehicle-identification-number-vin-,200,d7f1572526d5c37fed081b437b42b6f04eb8dd2bae6b1f7984c1d76878c1f027,2026-10-02T08:56:35+00:00,,
kia,sportage,suv,2011-2016,specifications--consumer-information--vehicle-certification-label,https://www.mycarusermanual.com/kia/sportage/suv/2011-2016/specifications--consumer-information--vehicle-certification-label,200,4329abd94d9abf1596ee1954ed35ebbcc12779955d385e082088a8b51bec6beb,2026-10-02T08:56:40+00:00,,
kia,sportage,suv,2011-2016,specifications--consumer-information--tire-specification-and-pressure-label,https://www.mycarusermanual.com/kia/sportage/suv/2011-2016/specifications--consumer-information--tire-specification-and-pressure-label,200,5dcb1c09138dd75ab6251fe735d6615c5eaa425ba998258e311af6ed573480a9,2026-10-02T08:56:42+00:00,,
kia,sportage,suv,2020,_index,https://www.mycarusermanual.com/kia/sportage/suv/2020,200,25c02b539e31c34faed5f148ded7de75abb75d8f436dc751e77f407ff2545bf6,2026-10-02T08:56:47+00:00,,
kia,sportage,suv,2020,introduction--fuel-requirements,https://www.mycarusermanual.com/kia/sportage/suv/2020/introduction--fuel-requirements,200,5b89cd7f63a7ad41a3df2bd027e9244163ef1d6fe02a6806c5d6e7417c0efaf9,2026-10-02T08:56:52+00:00,,
kia,sportage,suv,2020,your-vehicle-at-a-glance--engine-compartment,https://www.mycarusermanual.com/kia/sportage/suv/2020/your-vehicle-at-a-glance--engine-compartment,200,991ab03676efb5187ed19a1bc530c8bde3cb4d246ef08cc0be7ffad80ef181f4,2026-10-02T08:56:55+00:00,,
kia,sportage,suv,2020,features-of-your-vehicle--fuel-filler-lid,https://www.mycarusermanual.com/kia/sportage/suv/2020/features-of-your-vehicle--fuel-filler-lid,200,0d09e5b4dce2ee23198a5b56eb1072b0617aacb31983f1cd351fad4d7c9aaea8,2026-10-02T08:56:57+00:00,,
kia,sportage,suv,2020,features-of-your-vehicle--steering-wheel,https://www.mycarusermanual.com/kia/sportage/suv/2020/features-of-your-vehicle--steering-wheel,200,a4b6ea6a76c72627e911c5c74918fa26c5f96626c0990f1dfc79faed875d9819,2026-10-02T08:57:01+00:00,,
kia,sportage,suv,2020,driving-your-vehicle--engine-start-stop-button,https://www.mycarusermanual.com/kia/sportage/suv/2020/driving-your-vehicle--engine-start-stop-button,200,138bfe434ac2dc93fa6418ff3cdae1137bd68f39b0593c3a4045a8d32a4f0800,2026-10-02T08:57:04+00:00,,
kia,sportage,suv,2020,driving-your-vehicle--all-wheel-drive,https://www.mycarusermanual.com/kia/sportage/suv/2020/driving-your-vehicle--all-wheel-drive,200,6eb386e2993c8ead6f6a94e1fd263586f8fe2508bb380cb6b2152e177d0c550f,2026-10-02T08:57:07+00:00,,
kia,sportage,suv,2020,driving-your-vehicle--brake-system,https://www.mycarusermanual.com/kia/sportage/suv/2020/driving-your-vehicle--brake-system,200,24448a02d4d3d0e2322b8cc690a23c5dac85904d245135fd294379859f68a772,2026-10-02T08:57:12+00:00,,
kia,sportage,suv,2020,driving-your-vehicle--vehicle-weight,https://www.mycarusermanual.com/kia/sportage/suv/2020/driving-your-vehicle--vehicle-weight,200,609c380e1aac9cafeeb689c6ebf59e4b62dc7ccbda0b5e45742aa7850c0234be,2026-10-02T08:57:17+00:00,,
kia,sportage,suv,2020,what-to-do-in-an-emergency--if-the-engine-will-not-start,https://www.mycarusermanual.com/kia/sportage/suv/2020/what-to-do-in-an-emergency--if-the-engine-will-not-start,200,f36a5f780852170782fa9481072f55437d5a36a7a45631239a64670dbff397c4,2026-10-02T08:57:21+00:00,,
kia,sportage,suv,2020,what-to-do-in-an-emergency--if-the-engine-overheats,https://www.mycarusermanual.com/kia/sportage/suv/2020/what-to-do-in-an-emergency--if-the-engine-overheats,200,8f5f9b46cf5603d5c159131a9a3199ce9005dda9bc08b2b45d015fbf8d4e5a66,2026-10-02T08:57:26+00:00,,
kia,sportage,suv,2020,what-to-do-in-an-emergency--tire-pressure-monitoring-system,https://www.mycarusermanual.com/kia/sportage/suv/2020/what-to-do-in-an-emergency--tire-pressure-monitoring-system,200,2cfd64bfead83a56fa6caf15ef4ba9e71bfb3a14be933beb2e62ddc0e6efc0bd,2026-10-02T08:57:31+00:00,,
kia,sportage,suv,2020,what-to-do-in-an-emergency--if-you-have-a-flat-tire,https://www.mycarusermanual.com/kia/sportage/suv/2020/what-to-do-in-an-emergency--if-you-have-a-flat-tire,200,505c0321037b0a4f3f4fa9fe3daa8a3e7e1ebd8ea4f53031c85d1af752a9f863,2026-10-02T08:57:34+00:00,,
kia,sportage,suv,2020,maintenance,https://www.mycarusermanual.com/kia/sportage/suv/2020/maintenance,200,5a5642a42fc0e5277688ca2a2b03eb0bb40ae83b025aea48920d418be787bae0,2026-10-02T08:57:39+00:00,,
kia,sportage,suv,2020,maintenance--engine-compartment,https://www.mycarusermanual.com/kia/sportage/suv/2020/maintenance--engine-compartment,200,b0fbff10eaa935724ce922dd4eb52de8e2773854fd7ee02fa83bf724812aa1af,2026-10-02T08:57:42+00:00,,
kia,sportage,suv,2020,maintenance--maintenance-services,https://www.mycarusermanual.com/kia/sportage/suv/2020/maintenance--maintenance-services,200,29b112bff927cc56ac38f2a83550e8d30007b6990342acba01a7ce77a8b8a81e,2026-10-02T08:57:44+00:00,,
kia,sportage,suv,2020,maintenance--owner-maintenance,https://www.mycarusermanual.com/kia/sportage/suv/2020/maintenance--owner-maintenance,200,de33a0511659d7d510ff743d9e1e8d0e46842ac205f5c752052758153412f18b,2026-10-02T08:57:49+00:00,,
kia,sportage,suv,2020,maintenance--scheduled-maintenance-service,https://www.mycarusermanual.com/kia/sportage/suv/2020/maintenance--scheduled-maintenance-service,200,53e62fcc6f7c24b79181b627e9252430ba08358a67a34214f7fe4c7119218a13,2026-10-02T08:57:52+00:00,,
kia,sportage,suv,2020,maintenance--explanation-of-scheduled-maintenance-items,https://www.mycarusermanual.com/kia/sportage/suv/2020/maintenance--explanation-of-scheduled-maintenance-items,200,e42d48580ac5f202584a6ffd154df9a20c9ea15f662a1fe1e5e415436ac20ed3,2026-10-02T08:57:57+00:00,,
kia,sportage,suv,2020,maintenance--checking-fluid-levels,https://www.mycarusermanual.com/kia/sportage/suv/2020/maintenance--checking-fluid-levels,200,05f4389df6fbddd1a937155263a7e8f9631b57eb0e1128960e295fe5521aca0a,2026-10-02T08:58:02+00:00,,
kia,sportage,suv,2020,maintenance--engine-oil,https://www.mycarusermanual.com/kia/sportage/suv/2020/maintenance--engine-oil,200,405276a2ed12fd5ae33a9f6592552cbe9372db23628816519fddffe26ba7f3ca,2026-10-02T08:58:07+00:00,,
kia,sportage,suv,2020,maintenance--engine-coolant,https://www.mycarusermanual.com/kia/sportage/suv/2020/maintenance--engine-coolant,200,8bab74a229a447d64b039ba11ca1c8f14b886b7853153fa7891172cb2a8bcaf0,2026-10-02T08:58:11+00:00,,
kia,sportage,suv,2020,maintenance--brake-fluid,https://www.mycarusermanual.com/kia/sportage/suv/2020/maintenance--brake-fluid,200,2b2b31199264e67a7823a32e61cb76ce4b0c48e2be9ea898214251f6efb54075,2026-10-02T08:58:13+00:00,,
kia,sportage,suv,2020,maintenance--washer-fluid,https://www.mycarusermanual.com/kia/sportage/suv/2020/maintenance--washer-fluid,200,9252be2ff3aafc86f5db5f5384bf166a63e322b4a4fd1cb924bb62f1787fe3f0,2026-10-02T08:58:18+00:00,,
kia,sportage,suv,2020,maintenance--parking-brake,https://www.mycarusermanual.com/kia/sportage/suv/2020/maintenance--parking-brake,200,6c72981d41124de8caf8ea78c685b6c39b531d654c68c2e54412992e7844fc49,2026-10-02T08:58:23+00:00,,
kia,sportage,suv,2020,maintenance--air-cleaner,https://www.mycarusermanual.com/kia/sportage/suv/2020/maintenance--air-cleaner,200,426abb9a82753547d4cfa9ec8f4ba521968e1354c33c9add0b73521b52aa9dd9,2026-10-02T08:58:28+00:00,,
kia,sportage,suv,2020,maintenance--climate-control-air-filter,https://www.mycarusermanual.com/kia/sportage/suv/2020/maintenance--climate-control-air-filter,200,508599ae9c81cb8ad0897530af54c8fa699ab7580745fb856e9b48823b36acf7,2026-10-02T08:58:31+00:00,,
kia,sportage,suv,2020,maintenance--wiper-blades,https://www.mycarusermanual.com/kia/sportage/suv/2020/maintenance--wiper-blades,200,6f570a2ba2ff543cd656fffd010e420f02eb38c38a643610e014edc72f516659,2026-10-02T08:58:35+00:00,,
kia,sportage,suv,2020,maintenance--battery,https://www.mycarusermanual.com/kia/sportage/suv/2020/maintenance--battery,200,805de9d6122b979a79afe5fba7df3233beb46ce9ec47260a75fea0c3513bb833,2026-10-02T08:58:38+00:00,,
kia,sportage,suv,2020,maintenance--tires-and-wheels,https://www.mycarusermanual.com/kia/sportage/suv/2020/maintenance--tires-and-wheels,200,401289670a3b8e743b2be7ba4b0232d5b9ee5650f999c1a3640884b51e5d5fd6,2026-10-02T08:58:43+00:00,,
kia,sportage,suv,2020,maintenance--fuses,https://www.mycarusermanual.com/kia/sportage/suv/2020/maintenance--fuses,200,c4d1c261aedeccc6edb964e28295b6c2217a72294d523a2c9588fa2a0d50692c,2026-10-02T08:58:47+00:00,,
kia,sportage,suv,2020,maintenance--light-bulbs,https://www.mycarusermanual.com/kia/sportage/suv/2020/maintenance--light-bulbs,200,2ec9d8477d8463d10e091b8dff5d9998af4dae03d2603eed5f2cd2fe4c575135,2026-10-02T08:58:51+00:00,,
kia,sportage,suv,2020,maintenance--appearance-care,https://www.mycarusermanual.com/kia/sportage/suv/2020/maintenance--appearance-care,200,d5d7e11df5730fefb9be632bc1482956bc11ad0caa51e2b6e7b4c6cedc25e424,2026-10-02T08:58:54+00:00,,
kia,sportage,suv,2020,maintenance--emission-control-system,https://www.mycarusermanual.com/kia/sportage/suv/2020/maintenance--emission-control-system,200,a6b0114075f5d3d96880bf8f8abaced251ee263140b065f96c3e76ce147bc4cd,2026-10-02T08:58:56+00:00,,
kia,sportage,suv,2020,specification-consumer-information,https://www.mycarusermanual.com/kia/sportage/suv/2020/specification-consumer-information,200,4a2b194c1bc072c2272747988433721a28474bf719bdbd6361f92d4f13dc144b,2026-10-02T08:59:01+00:00,,
kia,sportage,suv,2020,specification-consumer-information--engine,https://www.mycarusermanual.com/kia/sportage/suv/2020/specification-consumer-information--engine,200,658f4ed57ac4c4ee4e501aceb195834ec3ed7f59ae54935ed24ea31d2722b8d7,2026-10-02T08:59:06+00:00,,
kia,sportage,suv,2020,specification-consumer-information--dimensions,https://www.mycarusermanual.com/kia/sportage/suv/2020/specification-consumer-information--dimensions,200,6de051e0cc9ede1ebb3b3e2739e81c082a168edeb05489bb9c0ad0b84352f4f6,2026-10-02T08:59:09+00:00,,
kia,sportage,suv,2020,specification-consumer-information--bulb-wattage,https://www.mycarusermanual.com/kia/sportage/suv/2020/specification-consumer-information--bulb-wattage,200,7f555ec50af5e8d91f5c1bf2ae82223ec749ba21f3f26ba519d2f4ae1c6957a2,2026-10-02T08:59:12+00:00,,
kia,sportage,suv,2020,specification-consumer-information--tires-and-wheels,https://www.mycarusermanual.com/kia/sportage/suv/2020/specification-consumer-information--tires-and-wheels,200,0e716a1fd2ea1fa08ed555fc61100fc6a76964c0537c05bd3f48ae3b1eb95439,2026-10-02T08:59:17+00:00,,
kia,sportage,suv,2020,specification-consumer-information--gross-vehicle-weight,https://www.mycarusermanual.com/kia/sportage/suv/2020/specification-consumer-information--gross-vehicle-weight,200,8b74a2492aca2e4639160374bbfd8acb63e54fa0a2be76d38f7ea526095041f1,2026-10-02T08:59:21+00:00,,
kia,sportage,suv,2020,specification-consumer-information--luggage-volume,https://www.mycarusermanual.com/kia/sportage/suv/2020/specification-consumer-information--luggage-volume,200,99993358b7e240d6330e5a4d9ba88fde7e8478e4f9369dcc37518474f02a5382,2026-10-02T08:59:25+00:00,,
kia,sportage,suv,2020,specification-consumer-information--air-conditioning-system,https://www.mycarusermanual.com/kia/sportage/suv/2020/specification-consumer-information--air-conditioning-system,200,b2ff0d815754f7325f90d9351cf4233f1fbfab5ac19d18eaf8e0c761212c460d,2026-10-02T08:59:30+00:00,,
kia,sportage,suv,2020,specification-consumer-information--recommended-lubricants-and-capacities,https://www.mycarusermanual.com/kia/sportage/suv/2020/specification-consumer-information--recommended-lubricants-and-capacities,200,b02ce6d318d7549da35aa4e7a610ca54c1b56f7530f83945146284fa87f1ac1a,2026-10-02T08:59:33+00:00,,
kia,sportage,suv,2020,specification-consumer-information--vehicle-identification-number,https://www.mycarusermanual.com/kia/sportage/suv/2020/specification-consumer-information--vehicle-identification-number,200,5c8bd023fbbe02fd0826a26f8aebaa35776e7d0d6d821785e346596e523168f0,2026-10-02T08:59:37+00:00,,
kia,sportage,suv,2020,specification-consumer-information--vehicle-certification-label,https://www.mycarusermanual.com/kia/sportage/suv/2020/specification-consumer-information--vehicle-certification-label,200,e8af743d148b8f33d6e2dafec94ba7c2acb7b15dddf2d205d0e4bab97f1e2cd8,2026-10-02T08:59:40+00:00,,
kia,sportage,suv,2020,specification-consumer-information--tire-specification-and-pressure-label,https://www.mycarusermanual.com/kia/sportage/suv/2020/specification-consumer-information--tire-specification-and-pressure-label,200,15b92c26404423aed9e0fd9f19735df58fbf2bafdfb5047d6886af1204b96e44,2026-10-02T08:59:43+00:00,,
kia,sportage,suv,2020,specification-consumer-information--engine-number,https://www.mycarusermanual.com/kia/sportage/suv/2020/specification-consumer-information--engine-number,200,077f13fef1fe57d09ce949d0cf06497ca12562bdeffae903fdc8c697be8ef919,2026-10-02T08:59:48+00:00,,
kia,sportage,suv,2022-2026,_index,https://www.mycarusermanual.com/kia/sportage/suv/2022-2026,200,8e6bee7b58a6b9591d1728d9b844bd36e5fbf9723ce698914ab9e850cb7a3f64,2026-10-02T08:59:53+00:00,,
kia,sportage,suv,2022-2026,introduction--fuel-requirements,https://www.mycarusermanual.com/kia/sportage/suv/2022-2026/introduction--fuel-requirements,200,8ed93401557187b718d33f12c78121f2b7de3572bb386eca40ce4d073d6d3e25,2026-10-02T08:59:56+00:00,,
kia,sportage,suv,2022-2026,your-vehicle-at-a-glance--engine-compartment,https://www.mycarusermanual.com/kia/sportage/suv/2022-2026/your-vehicle-at-a-glance--engine-compartment,200,3a1a9158c29e31f7af4a93624c086719c5663cc2bffff44bfd42aaa314c14f3a,2026-10-02T09:00:00+00:00,,
kia,sportage,suv,2022-2026,features-of-your-vehicle--fuel-filler-door,https://www.mycarusermanual.com/kia/sportage/suv/2022-2026/features-of-your-vehicle--fuel-filler-door,200,326343412b7d128157925beced2a5b21d7076ce709e0aad6486145205b7c49bc,2026-10-02T09:00:04+00:00,,
kia,sportage,suv,2022-2026,features-of-your-vehicle--steering-wheel,https://www.mycarusermanual.com/kia/sportage/suv/2022-2026/features-of-your-vehicle--steering-wheel,200,8c7eac4c279850647f6cf9891240072080311360ec11287ef2cb59e949e9392a,2026-10-02T09:00:07+00:00,,
kia,sportage,suv,2022-2026,driving-your-vehicle--engine-start-stop-button,https://www.mycarusermanual.com/kia/sportage/suv/2022-2026/driving-your-vehicle--engine-start-stop-button,200,0fc1d2f778fc49ef02a552c4c664234563b9cc4cfc7663d727ecdd805e277d9d,2026-10-02T09:00:11+00:00,,
kia,sportage,suv,2022-2026,driving-your-vehicle--all-wheel-drive-awd-system,https://www.mycarusermanual.com/kia/sportage/suv/2022-2026/driving-your-vehicle--all-wheel-drive-awd-system,200,d6c120afc07f1720c21caeefa40b817af5cccdebdd7328658c6cd1b63535f272,2026-10-02T09:00:15+00:00,,
kia,sportage,suv,2022-2026,driving-your-vehicle--brake-system,https://www.mycarusermanual.com/kia/sportage/suv/2022-2026/driving-your-vehicle--brake-system,200,958279d3f99a754b8fed0e73facd10b8df1ee0d6a89e5640347dcb1e4a0fa8f8,2026-10-02T09:00:20+00:00,,
kia,sportage,suv,2022-2026,driving-your-vehicle--vehicle-weight,https://www.mycarusermanual.com/kia/sportage/suv/2022-2026/driving-your-vehicle--vehicle-weight,200,79908e2d4de79e5a785d58dff4c1143ec1940e8baa353ca17c00ed4666e22d1f,2026-10-02T09:00:23+00:00,,
kia,sportage,suv,2022-2026,what-to-do-in-an-emergency--if-the-engine-will-not-start,https://www.mycarusermanual.com/kia/sportage/suv/2022-2026/what-to-do-in-an-emergency--if-the-engine-will-not-start,200,359978495a4451a203145ecd11c3290350deb431baa4157ed31700679836a85c,2026-10-02T09:00:28+00:00,,
kia,sportage,suv,2022-2026,what-to-do-in-an-emergency--if-the-engine-overheats,https://www.mycarusermanual.com/kia/sportage/suv/2022-2026/what-to-do-in-an-emergency--if-the-engine-overheats,200,56794c1d74482388d31ee11398bbb04da451b588f30af55345523389d0d3ac10,2026-10-02T09:00:32+00:00,,
kia,sportage,suv,2022-2026,what-to-do-in-an-emergency--if-you-have-a-flat-tire-with-tire-mobility-kit-,https://www.mycarusermanual.com/kia/sportage/suv/2022-2026/what-to-do-in-an-emergency--if-you-have-a-flat-tire-with-tire-mobility-kit-,200,4744abebf9f67c6a599137fca3518d36597caf9786b3d63cb3a6db5408d679a5,2026-10-02T09:00:36+00:00,,
kia,sportage,suv,2022-2026,what-to-do-in-an-emergency--if-you-have-a-flat-tire-with-spare-tire-,https://www.mycarusermanual.com/kia/sportage/suv/2022-2026/what-to-do-in-an-emergency--if-you-have-a-flat-tire-with-spare-tire-,200,01e3c163b352270e6bfe840ad242194295bd89c4bdfe4cf31647f39023c500e4,2026-10-02T09:00:40+00:00,,
kia,sportage,suv,2022-2026,maintenance,https://www.mycarusermanual.com/kia/sportage/suv/2022-2026/maintenance,200,88919f0340d90e1596dac773874718c34864a7341770a2a86ed85b14e4ccff16,2026-10-02T09:00:44+00:00,,
kia,sportage,suv,2022-2026,maintenance--engine-compartment,https://www.mycarusermanual.com/kia/sportage/suv/2022-2026/maintenance--engine-compartment,200,f51bb8654718085946132ed22aaded8e81237358656929c0edc136ba6dc824b2,2026-10-02T09:00:48+00:00,,
kia,sportage,suv,2022-2026,maintenance--maintenance-services,https://www.mycarusermanual.com/kia/sportage/suv/2022-2026/maintenance--maintenance-services,200,aeab01caf25722aa6a045b53a7c5748414874642a63e920a325ddb51b8f749c3,2026-10-02T09:00:51+00:00,,
kia,sportage,suv,2022-2026,maintenance--owner-maintenance,https://www.mycarusermanual.com/kia/sportage/suv/2022-2026/maintenance--owner-maintenance,200,02749bc50a20a410414fba7951f604b4b2a79de69553f406b8969a9d69b554c6,2026-10-02T09:00:55+00:00,,
kia,sportage,suv,2022-2026,maintenance--scheduled-maintenance-service,https://www.mycarusermanual.com/kia/sportage/suv/2022-2026/maintenance--scheduled-maintenance-service,200,4170c262d22e654f2eae97c75ae4cd9ab01a9844f0c11fbe7addbafa67f58b62,2026-10-02T09:00:57+00:00,,
kia,sportage,suv,2022-2026,maintenance--explanation-of-scheduled-maintenance-items,https://www.mycarusermanual.com/kia/sportage/suv/2022-2026/maintenance--explanation-of-scheduled-maintenance-items,200,dc5442dc1bebaaa60370563793386623637ced874977a9833ddf62a4056926ef,2026-10-02T09:01:02+00:00,,
kia,sportage,suv,2022-2026,maintenance--engine-oil,https://www.mycarusermanual.com/kia/sportage/suv/2022-2026/maintenance--engine-oil,200,c6703895fb96993cabcd8ec97df3630abf64c0977ba3a7a96128b28a5e61d7c7,2026-10-02T09:01:04+00:00,,
kia,sportage,suv,2022-2026,maintenance--engine-coolant,https://www.mycarusermanual.com/kia/sportage/suv/2022-2026/maintenance--engine-coolant,200,0e745138a14c25a43da3c89b4072fab013b3e82e8b4031f4453e16e3cde8332a,2026-10-02T09:01:07+00:00,,
kia,sportage,suv,2022-2026,maintenance--brake-fluid,https://www.mycarusermanual.com/kia/sportage/suv/2022-2026/maintenance--brake-fluid,200,c4bff1e7608cfd00cdce063724643bfe2af80b918d0266dbfd3d81c640395a6a,2026-10-02T09:01:11+00:00,,
kia,sportage,suv,2022-2026,maintenance--washer-fluid,https://www.mycarusermanual.com/kia/sportage/suv/2022-2026/maintenance--washer-fluid,200,bd96025f13df1afaa84d566171dd15ceff5027cd3dff82df32aeefe093899806,2026-10-02T09:01:15+00:00,,
kia,sportage,suv,2022-2026,maintenance--parking-brake,https://www.mycarusermanual.com/kia/sportage/suv/2022-2026/maintenance--parking-brake,200,343fc017e590d18df0ada6bee82fbd780088b2150e0d14cd903f2ce3c20f853e,2026-10-02T09:01:20+00:00,,
kia,sportage,suv,2022-2026,maintenance--air-cleaner-filter,https://www.mycarusermanual.com/kia/sportage/suv/2022-2026/maintenance--air-cleaner-filter,200,5ae9a46c85b39dc94ad065bca202a3c04b872665238cc36e8786ce246d16c758,2026-10-02T09:01:23+00:00,,
kia,sportage,suv,2022-2026,maintenance--climate-control-air-filter,https://www.mycarusermanual.com/kia/sportage/suv/2022-2026/maintenance--climate-control-air-filter,200,c3733caa3bfa5a15e948e75afcb6bd0b70b8d2d5a456d730e42f31f73f95d02a,2026-10-02T09:01:26+00:00,,
kia,sportage,suv,2022-2026,maintenance--wiper-blades,https://www.mycarusermanual.com/kia/sportage/suv/2022-2026/maintenance--wiper-blades,200,6baf688653cb309c8c6fa56a4bb47961b6111fd1db7cfd03ffb4aafadb3eda50,2026-10-02T09:01:31+00:00,,
kia,sportage,suv,2022-2026,maintenance--battery,https://www.mycarusermanual.com/kia/sportage/suv/2022-2026/maintenance--battery,200,7c260be9e1bd43e745cc904346d9b597934f22563de14757682ca3fd78b7cb9a,2026-10-02T09:01:35+00:00,,
kia,sportage,suv,2022-2026,maintenance--tires-and-wheels,https://www.mycarusermanual.com/kia/sportage/suv/2022-2026/maintenance--tires-and-wheels,200,27055fb09091084574ba31da9c4ffbc506d00b74c685b65c0201e7af1add3464,2026-10-02T09:01:38+00:00,,
kia,sportage,suv,2022-2026,maintenance--fuses,https://www.mycarusermanual.com/kia/sportage/suv/2022-2026/maintenance--fuses,200,e6db2600cfcdd15e20ae6c7c9652e64572b11c61f6827c1f4567bafa509c8cdf,2026-10-02T09:01:42+00:00,,
kia,sportage,suv,2022-2026,maintenance--light-bulbs,https://www.mycarusermanual.com/kia/sportage/suv/2022-2026/maintenance--light-bulbs,200,7312224562f11f08c9044499f6730be2b37fc41770b3c34b5093b6f7269cc9d1,2026-10-02T09:01:44+00:00,,
kia,sportage,suv,2022-2026,maintenance--appearance-care,https://www.mycarusermanual.com/kia/sportage/suv/2022-2026/maintenance--appearance-care,200,ee8e405e373cd15f2ef612aa5477fc36a28547da127b39d664ce8aa9c725cfdd,2026-10-02T09:01:49+00:00,,
kia,sportage,suv,2022-2026,maintenance--emission-control-system,https://www.mycarusermanual.com/kia/sportage/suv/2022-2026/maintenance--emission-control-system,200,ef06b9c840076510eedc9351a9a9cff2585557f77a28d6b79c0ebdc9e40c9815,2026-10-02T09:01:51+00:00,,
kia,sportage,suv,2022-2026,specifications--consumer-information,https://www.mycarusermanual.com/kia/sportage/suv/2022-2026/specifications--consumer-information,200,e9349ca22f6ad5353ebb39a1ecda72544d30d8e14d581b699ee717bf8a936c8d,2026-10-02T09:01:56+00:00,,
kia,sportage,suv,2022-2026,specifications--consumer-information--engine,https://www.mycarusermanual.com/kia/sportage/suv/2022-2026/specifications--consumer-information--engine,200,8595406deff2c34bf8e57af61002f50fdcabb9696fd9028f3cee4e3d86c90050,2026-10-02T09:01:59+00:00,,
kia,sportage,suv,2022-2026,specifications--consumer-information--gross-vehicle-weight,https://www.mycarusermanual.com/kia/sportage/suv/2022-2026/specifications--consumer-information--gross-vehicle-weight,200,eadbb2d044532b47748b5fe4e550a891d5bbb9c393557ee70a87725e5f31af49,2026-10-02T09:02:03+00:00,,
kia,sportage,suv,2022-2026,specifications--consumer-information--luggage-volume,https://www.mycarusermanual.com/kia/sportage/suv/2022-2026/specifications--consumer-information--luggage-volume,200,7cdbb263683cf0721311d0042ed2ca91af97ea1be9d22b7ff93ff9f2e2ac0cee,2026-10-02T09:02:06+00:00,,
kia,sportage,suv,2022-2026,specifications--consumer-information--bulb-wattage,https://www.mycarusermanual.com/kia/sportage/suv/2022-2026/specifications--consumer-information--bulb-wattage,200,a15dc771e47fdb56a7b5542466082d60430eaee9cfda991e396592580d115ee9,2026-10-02T09:02:10+00:00,,
kia,sportage,suv,2022-2026,specifications--consumer-information--tires-and-wheels,https://www.mycarusermanual.com/kia/sportage/suv/2022-2026/specifications--consumer-information--tires-and-wheels,200,fdf03c5260b8e73486e6fde856cda79a9df1650239e6c22db4cdf200e4747671,2026-10-02T09:02:13+00:00,,
kia,sportage,suv,2022-2026,specifications--consumer-information--recommended-lubricants-and-capacities,https://www.mycarusermanual.com/kia/sportage/suv/2022-2026/specifications--consumer-information--recommended-lubricants-and-capacities,200,63dcba8bd4c7fc414f2def8c3e6a2ad43fb607090e5aedd7fa3b5d9d9d6f6292,2026-10-02T09:02:16+00:00,,
kia,sportage,suv,2022-2026,specifications--consumer-information--vehicle-identification-number-vin-,https://www.mycarusermanual.com/kia/sportage/suv/2022-2026/specifications--consumer-information--vehicle-identification-number-vin-,200,ea1faa7673c100b2fcb5ed2a8e918eea568aa8b3ffc6d17b91a86b54baceea80,2026-10-02T09:02:19+00:00,,
kia,sportage,suv,2022-2026,specifications--consumer-information--vehicle-certification-label,https://www.mycarusermanual.com/kia/sportage/suv/2022-2026/specifications--consumer-information--vehicle-certification-label,200,b375b15556fa494b5e8e720b2ebd6689226b92a40ad65d3e88e3fd2d1c61fdff,2026-10-02T09:02:23+00:00,,
kia,sportage,suv,2022-2026,specifications--consumer-information--tire-specification-and-pressure-label,https://www.mycarusermanual.com/kia/sportage/suv/2022-2026/specifications--consumer-information--tire-specification-and-pressure-label,200,525f0a38e0646a295370303a93075fc5f810b31ce478c2a52f690b98dc6b029c,2026-10-02T09:02:26+00:00,,
mercedes,c-class,,,_model,https://www.mycarusermanual.com/mercedes/c-class,200,031906b3960b965893dfc88643b58c6d07e284714fb8af098e0e575e3b6cb1d3,2026-10-02T09:02:36+00:00,,
mercedes,c-class,4-door,2014-2021,_index,https://www.mycarusermanual.com/mercedes/c-class/4-door/2014-2021,200,31be24a9202288d2a632e6fb285fe557206c470d7dad731ee5aedce7641ffbee,2026-10-02T09:02:39+00:00,,
mercedes,c-class,4-door,2014-2021,seats-and-stowing--steering-wheel,https://www.mycarusermanual.com/mercedes/c-class/4-door/2014-2021/seats-and-stowing--steering-wheel,200,0a3882ba9670e689014cf0256595e09ab306a1e61cff168fda9761db2c617e93,2026-10-02T09:02:44+00:00,,
mercedes,c-class,4-door,2014-2021,driving-and-parking--refuelling,https://www.mycarusermanual.com/mercedes/c-class/4-door/2014-2021/driving-and-parking--refuelling,200,e2b1aeaf76a9cdbbe20af354219d45a1dd24ef64b60f715c000aa63331cbeccb,2026-10-02T09:02:46+00:00,,
mercedes,c-class,4-door,2014-2021,instrument-display-and-on-board-computer--overview-of-the-buttons-on-the-steering-wheel,https://www.mycarusermanual.com/mercedes/c-class/4-door/2014-2021/instrument-display-and-on-board-computer--overview-of-the-buttons-on-the-steering-wheel,200,616e9febb3ab3534a1e61125127f0a2abddedbcdbf463b5c99292ec02ca4e2a1,2026-10-02T09:02:49+00:00,,
mercedes,c-class,4-door,2014-2021,maintenance-and-care,https://www.mycarusermanual.com/mercedes/c-class/4-door/2014-2021/maintenance-and-care,200,d799c2c6af67937dcf8a44e1656798e97086713326e26d8d7dd6441a30ee14ef,2026-10-02T09:02:53+00:00,,
mercedes,c-class,4-door,2014-2021,maintenance-and-care--assyst-plus-service-interval-display,https://www.mycarusermanual.com/mercedes/c-class/4-door/2014-2021/maintenance-and-care--assyst-plus-service-interval-display,200,dbef25098e30a4e3db4a6c103a4bfc40b9e17f11a9a6bde4c010b50df03531e2,2026-10-02T09:02:56+00:00,,
mercedes,c-class,4-door,2014-2021,maintenance-and-care--engine-compartment,https://www.mycarusermanual.com/mercedes/c-class/4-door/2014-2021/maintenance-and-care--engine-compartment,200,0b76b73d9e0a6e9c91a33635f618341d09023bdbecc5689958de716e5b943134,2026-10-02T09:02:59+00:00,,
mercedes,c-class,4-door,2014-2021,maintenance-and-care--cleaning-and-care,https://www.mycarusermanual.com/mercedes/c-class/4-door/2014-2021/maintenance-and-care--cleaning-and-care,200,21c4837596f3e64c66b3139fd9ae36d69fdb791528e7aef1520fcef1fb8a4dd8,2026-10-02T09:03:02+00:00,,
mercedes,c-class,4-door,2014-2021,breakdown-assistance--flat-tyre,https://www.mycarusermanual.com/mercedes/c-class/4-door/2014-2021/breakdown-assistance--flat-tyre,200,cf2aef91bf9f23d0aff58fe92f44adb5cd0bd6850184bde5695948a6a5688750,2026-10-02T09:03:07+00:00,,
mercedes,c-class,4-door,2014-2021,breakdown-assistance--battery-vehicle-,https://www.mycarusermanual.com/mercedes/c-class/4-door/2014-2021/breakdown-assistance--battery-vehicle-,200,6b1bf0963e53c96c8dbe0d463f7d0c4c9a5f6889d9a1ccd595eb85bffdc214a1,2026-10-02T09:03:12+00:00,,
mercedes,c-class,4-door,2014-2021,wheels-and-tyres,https://www.mycarusermanual.com/mercedes/c-class/4-door/2014-2021/wheels-and-tyres,200,f874f6486169bdc69483293bddd8c63d3ce03c1ba14eb7e7d368434e329e1ea1,2026-10-02T09:03:16+00:00,,
mercedes,c-class,4-door,2014-2021,wheels-and-tyres--notes-on-noise-or-unusual-handling-characteristics,https://www.mycarusermanual.com/mercedes/c-class/4-door/2014-2021/wheels-and-tyres--notes-on-noise-or-unusual-handling-characteristics,200,873cf596bf1ef55021b6d125b495064ab5b15f45005f817af684269849b6e036,2026-10-02T09:03:20+00:00,,
mercedes,c-class,4-door,2014-2021,wheels-and-tyres--notes-on-regularly-inspecting-wheels-and-tyres,https://www.mycarusermanual.com/mercedes/c-class/4-door/2014-2021/wheels-and-tyres--notes-on-regularly-inspecting-wheels-and-tyres,200,454d5985f74c5ff1880db97a4b2a6e43f776149962d7621a171833b834513df3,2026-10-02T09:03:24+00:00,,
mercedes,c-class,4-door,2014-2021,wheels-and-tyres--notes-on-snow-chains,https://www.mycarusermanual.com/mercedes/c-class/4-door/2014-2021/wheels-and-tyres--notes-on-snow-chains,200,18d7190dfd77c7bcd2822063849f91189bafccfcedeb2b5642e21dcf59cc0a97,2026-10-02T09:03:28+00:00,,
mercedes,c-class,4-door,2014-2021,wheels-and-tyres--tyre-pressure,https://www.mycarusermanual.com/mercedes/c-class/4-door/2014-2021/wheels-and-tyres--tyre-pressure,200,db1677ef68bfb5d25351df080daad365edfaa15d6c57849141e5e3c09fbdb5d2,2026-10-02T09:03:30+00:00,,
mercedes,c-class,4-door,2014-2021,wheels-and-tyres--wheel-change,https://www.mycarusermanual.com/mercedes/c-class/4-door/2014-2021/wheels-and-tyres--wheel-change,200,c930af202c2e50933406fa138769b1b0bdfdaab73d9a1c9f9799ee7f5c569f44,2026-10-02T09:03:34+00:00,,
mercedes,c-class,4-door,2014-2021,wheels-and-tyres--emergency-spare-wheel,https://www.mycarusermanual.com/mercedes/c-class/4-door/2014-2021/wheels-and-tyres--emergency-spare-wheel,200,893d5205277a50770fa969f5bef768f6bce785d726227660cf59d9cc0fd6a859,2026-10-02T09:03:38+00:00,,
mercedes,c-class,4-door,2014-2021,technical-data--vehicle-identification-plate-vin-and-engine-number-overview,https://www.mycarusermanual.com/mercedes/c-class/4-door/2014-2021/technical-data--vehicle-identification-plate-vin-and-engine-number-overview,200,d4f6ff4e1e4d4cc8a71ff0c77fec7e664e352a60a4450314d02643db45a52533,2026-10-02T09:03:41+00:00,,
mercedes,c-class,4-door,2014-2021,technical-data--operating-fluids,https://www.mycarusermanual.com/mercedes/c-class/4-door/2014-2021/technical-data--operating-fluids,200,343fe3d5ba6b391bab9959f8dc8241e54f2550c3718c888c06fbd54982cf0679,2026-10-02T09:03:44+00:00,,
mercedes,c-class,4-door,2023,_index,https://www.mycarusermanual.com/mercedes/c-class/4-door/2023,200,6faedd6f5322b41fef21dc02ffb6eb3bb0e573fb1cecb2b053a6464fde4edc4f,2026-10-02T09:03:49+00:00,,
mercedes,c-class,4-door,2023,quick-start-and-tips--high-voltage-battery-ac-charging,https://www.mycarusermanual.com/mercedes/c-class/4-door/2023/quick-start-and-tips--high-voltage-battery-ac-charging,200,aa7ef91203285bb2f66dc1ea422dc41e0e7fadc6581bfa1f26b3c17b3e46e4af,2026-10-02T09:03:53+00:00,,
mercedes,c-class,4-door,2023,quick-start-and-tips--high-voltage-battery-direct-current-charging,https://www.mycarusermanual.com/mercedes/c-class/4-door/2023/quick-start-and-tips--high-voltage-battery-direct-current-charging,200,f2a233c6cb41a7cee507911fe00b466c59a3942264ab002a75563514ea0b89bf,2026-10-02T09:03:56+00:00,,
mercedes,c-class,4-door,2023,seats-and-stowing--steering-wheel,https://www.mycarusermanual.com/mercedes/c-class/4-door/2023/seats-and-stowing--steering-wheel,200,c53c714126a9f8d1a4e7f1812aa0706f6b338ac3f627ed1269d34ee502549da7,2026-10-02T09:03:59+00:00,,
mercedes,c-class,4-door,2023,driving-and-parking--refuelling,https://www.mycarusermanual.com/mercedes/c-class/4-door/2023/driving-and-parking--refuelling,200,32a52c113bd360a4558ac0ab678f83a10d3edbabb4779c691593846cc0a2be07,2026-10-02T09:04:03+00:00,,
mercedes,c-class,4-door,2023,driving-and-parking--charging-the-high-voltage-battery-plug-in-hybrid-,https://www.mycarusermanual.com/mercedes/c-class/4-door/2023/driving-and-parking--charging-the-high-voltage-battery-plug-in-hybrid-,200,a46b4de27f706d1e231c193bd1c2a27950b387de6e052f8b438f9b61b666ef7e,2026-10-02T09:04:06+00:00,,
mercedes,c-class,4-door,2023,maintenance-and-care,https://www.mycarusermanual.com/mercedes/c-class/4-door/2023/maintenance-and-care,200,fe1f02eca5062ca028138a9bd8860cc9fa4eea8ba4067847aad5790833f56827,2026-10-02T09:04:10+00:00,,
mercedes,c-class,4-door,2023,maintenance-and-care--assyst-plus-service-interval-display,https://www.mycarusermanual.com/mercedes/c-class/4-door/2023/maintenance-and-care--assyst-plus-service-interval-display,200,17f91bf609e60fb772eaf1c3a8c5f9326b02764ef48473fd10f1102e38b7b964,2026-10-02T09:04:14+00:00,,
mercedes,c-class,4-door,2023,maintenance-and-care--maintenance-management,https://www.mycarusermanual.com/mercedes/c-class/4-door/2023/maintenance-and-care--maintenance-management,200,5dd7dcb1531d08005e6653ba2bcdf68c748f841bdcd7a1860e0b81daa51e5584,2026-10-02T09:04:16+00:00,,
mercedes,c-class,4-door,2023,maintenance-and-care--telediagnostics,https://www.mycarusermanual.com/mercedes/c-class/4-door/2023/maintenance-and-care--telediagnostics,200,8db241ec4bbf04d74ea5996d3de79279fbcc9465b6961728761e595083232888,2026-10-02T09:04:21+00:00,,
mercedes,c-class,4-door,2023,maintenance-and-care--engine-compartment,https://www.mycarusermanual.com/mercedes/c-class/4-door/2023/maintenance-and-care--engine-compartment,200,6e37fda84189ce2858c0b239e2af28e2be54ab416f149329c209b8f1cc752948,2026-10-02T09:04:25+00:00,,
mercedes,c-class,4-door,2023,maintenance-and-care--cleaning-and-care,https://www.mycarusermanual.com/mercedes/c-class/4-door/2023/maintenance-and-care--cleaning-and-care,200,bcd204fead59fae56279a0ea03e9ecd862a2ee71a7de09dd73bfd18615bd1fb7,2026-10-02T09:04:28+00:00,,
mercedes,c-class,4-door,2023,breakdown-assistance--flat-tyre,https://www.mycarusermanual.com/mercedes/c-class/4-door/2023/breakdown-assistance--flat-tyre,200,f3f450eed18bc5647638b9360775d109124a962a609cb3090d4d08d80ee9d17f,2026-10-02T09:04:32+00:00,,
mercedes,c-class,4-door,2023,breakdown-assistance--battery,https://www.mycarusermanual.com/mercedes/c-class/4-door/2023/breakdown-assistance--battery,200,4d077a0c30b11f078cc93f5fd1aea1f9b91f7ac68c5b6e0d3786e83c0e22958d,2026-10-02T09:04:37+00:00,,
mercedes,c-class,4-door,2023,wheels-and-tyres,https://www.mycarusermanual.com/mercedes/c-class/4-door/2023/wheels-and-tyres,200,14f4dc078ccca0de33f92657f45fbedc43d11f8aabb0dbb803d8374500e6c55a,2026-10-02T09:04:40+00:00,,
mercedes,c-class,4-door,2023,wheels-and-tyres--notes-on-noise-or-unusual-handling-characteristics,https://www.mycarusermanual.com/mercedes/c-class/4-door/2023/wheels-and-tyres--notes-on-noise-or-unusual-handling-characteristics,200,167108b6dbe974c730b613b36e1fb4075f46f8462cf73f0681ebce0e6dfa1e38,2026-10-02T09:04:44+00:00,,
mercedes,c-class,4-door,2023,wheels-and-tyres--notes-on-regularly-inspecting-wheels-and-tyres,https://www.mycarusermanual.com/mercedes/c-class/4-door/2023/wheels-and-tyres--notes-on-regularly-inspecting-wheels-and-tyres,200,fddee9eb91b0c5b170f3a430cc05ec76a063640e7428b56b4492056354ac078b,2026-10-02T09:04:49+00:00,,
mercedes,c-class,4-door,2023,wheels-and-tyres--notes-on-snow-chains,https://www.mycarusermanual.com/mercedes/c-class/4-door/2023/wheels-and-tyres--notes-on-snow-chains,200,f0720794c6dcb07c24eaef0e2d04b51e5547093a11df260796f9f895ffe177a8,2026-10-02T09:04:54+00:00,,
mercedes,c-class,4-door,2023,wheels-and-tyres--tyre-pressure,https://www.mycarusermanual.com/mercedes/c-class/4-door/2023/wheels-and-tyres--tyre-pressure,200,4babbbfa26bfe94d34ef1ba94175f4d3bffa351776213300e67a4b49ce348bac,2026-10-02T09:04:59+00:00,,
mercedes,c-class,4-door,2023,wheels-and-tyres--wheel-change,https://www.mycarusermanual.com/mercedes/c-class/4-door/2023/wheels-and-tyres--wheel-change,200,ad022585ea97a7d20079836377ec022ad523755c3a2faa90efa3c017a22f505d,2026-10-02T09:05:03+00:00,,
mercedes,c-class,4-door,2023,wheels-and-tyres--emergency-spare-wheel,https://www.mycarusermanual.com/mercedes/c-class/4-door/2023/wheels-and-tyres--emergency-spare-wheel,200,d882bbd655c5fb658691e119e3afe481a531c449fefd1036e34ee42c552fad3a,2026-10-02T09:05:08+00:00,,
mercedes,c-class,4-door,2023,technical-data--vehicle-identification-plate-vin-and-engine-number-overview,https://www.mycarusermanual.com/mercedes/c-class/4-door/2023/technical-data--vehicle-identification-plate-vin-and-engine-number-overview,200,6f3526cab002a298f7cc3eb7a01baac4a7226135b60a4f862e41bbd8c2363977,2026-10-02T09:05:12+00:00,,
mercedes,c-class,4-door,2023,technical-data--operating-fluids,https://www.mycarusermanual.com/mercedes/c-class/4-door/2023/technical-data--operating-fluids,200,b6c40419c11d80e2fdbc8a482b753ed6048eade3180c0981bc85d1e7d416fe28,2026-10-02T09:05:16+00:00,,
mercedes,e-class,,,_model,https://www.mycarusermanual.com/mercedes/e-class,200,1942b0832d285097b7ceba36125b77f47cc61f47ee6b1ae487c8a73341f5289d,2026-10-02T09:05:22+00:00,,
mercedes,e-class,4-door,2022,_index,https://www.mycarusermanual.com/mercedes/e-class/4-door/2022,200,71fb70f41e6cd706266149131682bea2cc60d58f8dff2fd6666c2852042f3ba4,2026-10-02T09:05:25+00:00,,
mercedes,e-class,4-door,2022,general-notes--service-and-vehicle-operation,https://www.mycarusermanual.com/mercedes/e-class/4-door/2022/general-notes--service-and-vehicle-operation,200,98577a8bf967ef7ba7e2f2299b66b87c8cd70f4078c133396a38247a498dcf4d,2026-10-02T09:05:29+00:00,,
mercedes,e-class,4-door,2022,seats-and-stowing--steering-wheel,https://www.mycarusermanual.com/mercedes/e-class/4-door/2022/seats-and-stowing--steering-wheel,200,990ca06284650bef745f807b5c57eb27c5b6c87fd7766bbc070904e82cc3b727,2026-10-02T09:05:32+00:00,,
mercedes,e-class,4-door,2022,driving-and-parking--refueling,https://www.mycarusermanual.com/mercedes/e-class/4-door/2022/driving-and-parking--refueling,200,136577cdf61f2ae7393844ed929413ee138a8e65927993e9345ef513d209d58f,2026-10-02T09:05:36+00:00,,
mercedes,e-class,4-door,2022,instrument-display-and-on-board-computer--overview-of-buttons-on-the-steering-wheel,https://www.mycarusermanual.com/mercedes/e-class/4-door/2022/instrument-display-and-on-board-computer--overview-of-buttons-on-the-steering-wheel,200,4e86e3db3a7178fffba225c412608933a51b822087e525c45a9c51c25f9d80f1,2026-10-02T09:05:41+00:00,,
mercedes,e-class,4-door,2022,maintenance-and-care,https://www.mycarusermanual.com/mercedes/e-class/4-door/2022/maintenance-and-care,200,230afe312a9117586b9efa068a441c41c46254f8dbec4be3953f9b3f9bb4f3af,2026-10-02T09:05:44+00:00,,
mercedes,e-class,4-door,2022,maintenance-and-care--assyst-plus-service-interval-display,https://www.mycarusermanual.com/mercedes/e-class/4-door/2022/maintenance-and-care--assyst-plus-service-interval-display,200,81cfb0bdaaebb044be56917e58342c103bd2848255ac4ba873ecf90da0a3beaa,2026-10-02T09:05:49+00:00,,
mercedes,e-class,4-door,2022,maintenance-and-care--engine-compartment,https://www.mycarusermanual.com/mercedes/e-class/4-door/2022/maintenance-and-care--engine-compartment,200,e08c8461f28660669cb7522c3bdbb04efdd1457544667e1511be64ed80d9688c,2026-10-02T09:05:52+00:00,,
mercedes,e-class,4-door,2022,maintenance-and-care--cleaning-and-care,https://www.mycarusermanual.com/mercedes/e-class/4-door/2022/maintenance-and-care--cleaning-and-care,200,b18182affed749cc41c30b772794c3bce60a55b9f05bd15a6b7e4fae6948a2e5,2026-10-02T09:05:56+00:00,,
mercedes,e-class,4-door,2022,breakdown-assistance--flat-tire,https://www.mycarusermanual.com/mercedes/e-class/4-door/2022/breakdown-assistance--flat-tire,200,b66f43ecdf3c22b29ab28ba4bf20a8850441a63b0e0ec71eafd903976f975361,2026-10-02T09:06:00+00:00,,
mercedes,e-class,4-door,2022,breakdown-assistance--battery,https://www.mycarusermanual.com/mercedes/e-class/4-door/2022/breakdown-assistance--battery,200,d7816904625101d9d34dce91a422a4856ae617e6805854b03101335cf84a8e80,2026-10-02T09:06:03+00:00,,
mercedes,e-class,4-door,2022,wheels-and-tires,https://www.mycarusermanual.com/mercedes/e-class/4-door/2022/wheels-and-tires,200,9e746016a593dd22b1f017d2a3c825ad546de6008a7df12f99a572d0622ffeb8,2026-10-02T09:06:08+00:00,,
mercedes,e-class,4-door,2022,wheels-and-tires--notes-on-noise-or-unusual-handling-characteristics,https://www.mycarusermanual.com/mercedes/e-class/4-door/2022/wheels-and-tires--notes-on-noise-or-unusual-handling-characteristics,200,4335695e4b62734ecd02cd6b5deda2ec61b790f0652c13ac386f1a724ac84ddd,2026-10-02T09:06:11+00:00,,
mercedes,e-class,4-door,2022,wheels-and-tires--notes-on-regularly-inspecting-wheels-and,https://www.mycarusermanual.com/mercedes/e-class/4-door/2022/wheels-and-tires--notes-on-regularly-inspecting-wheels-and,200,521699810e001865b1cf28ce5bef344bac03f6fa11383a4af9bbb00ae9b9ed27,2026-10-02T09:06:14+00:00,,
mercedes,e-class,4-door,2022,wheels-and-tires--notes-on-snow-chains,https://www.mycarusermanual.com/mercedes/e-class/4-door/2022/wheels-and-tires--notes-on-snow-chains,200,1b14abfc0ed8e97a2dbebdcfde8c161b8f1b26413754902555e8bf61b440f5b4,2026-10-02T09:06:18+00:00,,
mercedes,e-class,4-door,2022,wheels-and-tires--tire-pressure,https://www.mycarusermanual.com/mercedes/e-class/4-door/2022/wheels-and-tires--tire-pressure,200,8b950b437482ab3a33b04748f0ec5744562147bb2160f20a89afdb5e9075b4d9,2026-10-02T09:06:21+00:00,,
mercedes,e-class,4-door,2022,wheels-and-tires--loading-the-vehicle,https://www.mycarusermanual.com/mercedes/e-class/4-door/2022/wheels-and-tires--loading-the-vehicle,200,bef2629b1f72b5848e592692214cd57fe42ce3ca7a107c956208a418b73225f7,2026-10-02T09:06:26+00:00,,
mercedes,e-class,4-door,2022,wheels-and-tires--tire-labeling,https://www.mycarusermanual.com/mercedes/e-class/4-door/2022/wheels-and-tires--tire-labeling,200,e7b4402d5cc2479be7bd641b22e692a11d429cda2670dba383d7db4c61139c4d,2026-10-02T09:06:30+00:00,,
mercedes,e-class,4-door,2022,wheels-and-tires--definaition-of-terms-for-tires-and-loading,https://www.mycarusermanual.com/mercedes/e-class/4-door/2022/wheels-and-tires--definaition-of-terms-for-tires-and-loading,200,4ff58f1b934e7aa7b92d17341218d395f1b44c345c97d8adb71ec5a618253a82,2026-10-02T09:06:34+00:00,,
mercedes,e-class,4-door,2022,wheels-and-tires--changing-a-wheel,https://www.mycarusermanual.com/mercedes/e-class/4-door/2022/wheels-and-tires--changing-a-wheel,200,3e1bec6626443ea9e900a837ea2819825db75268eb962a31b6ec155b4f60a998,2026-10-02T09:06:37+00:00,,
mercedes,e-class,4-door,2022,wheels-and-tires--emergency-spare-wheel,https://www.mycarusermanual.com/mercedes/e-class/4-door/2022/wheels-and-tires--emergency-spare-wheel,200,dc920e64103fc428bdf2429069a10386b329aad0b0fe7c7798fcbfa20876d9ea,2026-10-02T09:06:42+00:00,,
mercedes,glc-class,,,_model,https://www.mycarusermanual.com/mercedes/glc-class,200,797ca75a512b6b34e27045808638bbd106cb8b5c49a81bfc998966d3b03779ce,2026-10-02T09:06:46+00:00,,
mercedes,glc-class,suv,2015-2021,_index,https://www.mycarusermanual.com/mercedes/glc-class/suv/2015-2021,200,35a8799c029278a3223b71efe6cd00e6ef7afefe52c20793e3793dff62ec7172,2026-10-02T09:06:49+00:00,,
mercedes,glc-class,suv,2015-2021,general-notes--service-and-vehicle-operation,https://www.mycarusermanual.com/mercedes/glc-class/suv/2015-2021/general-notes--service-and-vehicle-operation,200,2128af7ab8da6ad0490be78d30feb2f814e03ab1a2bf513e3aa62b2ffa43f010,2026-10-02T09:06:52+00:00,,
mercedes,glc-class,suv,2015-2021,seats-and-stowing--steering-wheel,https://www.mycarusermanual.com/mercedes/glc-class/suv/2015-2021/seats-and-stowing--steering-wheel,200,b0db7b30c0f570a4a43aa46436d1c071a8f955ecda36ad682b2586be58ba19ec,2026-10-02T09:06:57+00:00,,
mercedes,glc-class,suv,2015-2021,driving-and-parking--refueling,https://www.mycarusermanual.com/mercedes/glc-class/suv/2015-2021/driving-and-parking--refueling,200,57fa6d51e25a890d8836e3f191c9df43814d4efe480d608bc7c262d66ab3c8dc,2026-10-02T09:07:02+00:00,,
mercedes,glc-class,suv,2015-2021,instrument-display-and-on-board-computer--overview-of-the-buttons-on-the-steering-wheel,https://www.mycarusermanual.com/mercedes/glc-class/suv/2015-2021/instrument-display-and-on-board-computer--overview-of-the-buttons-on-the-steering-wheel,200,2fbef2f8c9c2e507e6a9d69bbd6651e0a89097750475ef3b7c4b1b1e40a59b2b,2026-10-02T09:07:07+00:00,,
mercedes,glc-class,suv,2015-2021,maintenance-and-care,https://www.mycarusermanual.com/mercedes/glc-class/suv/2015-2021/maintenance-and-care,200,d28349ae88ecd5fdf1030bbcd8e7a44ed8539889e4194d5e60b638127061629d,2026-10-02T09:07:12+00:00,,
mercedes,glc-class,suv,2015-2021,maintenance-and-care--assyst-plus-service-interval-display-,https://www.mycarusermanual.com/mercedes/glc-class/suv/2015-2021/maintenance-and-care--assyst-plus-service-interval-display-,200,d590627f8076cd0db16775c4768ab9d59ad77c3ee0169dbba455f58a4ef5367f,2026-10-02T09:07:17+00:00,,
mercedes,glc-class,suv,2015-2021,maintenance-and-care--engine-compartment,https://www.mycarusermanual.com/mercedes/glc-class/suv/2015-2021/maintenance-and-care--engine-compartment,200,61bd66a231bb6f711e5cd076fe922488594b679b4acb94afe0cd25d122a493f6,2026-10-02T09:07:21+00:00,,
mercedes,glc-class,suv,2015-2021,maintenance-and-care--cleaning-and-care,https://www.mycarusermanual.com/mercedes/glc-class/suv/2015-2021/maintenance-and-care--cleaning-and-care,200,029b404da2f9461cd06fc1f62aab0169b6c94e664d6bed6c989aa8ca3c12fbe1,2026-10-02T09:07:25+00:00,,
mercedes,glc-class,suv,2015-2021,breakdown-assistance--flat-tire,https://www.mycarusermanual.com/mercedes/glc-class/suv/2015-2021/breakdown-assistance--flat-tire,200,0e0fa941be16a37b363befcc70c7d52bb8c6ac83ae4014fced4ea7d22d1f03a8,2026-10-02T09:07:30+00:00,,
mercedes,glc-class,suv,2015-2021,breakdown-assistance--battery,https://www.mycarusermanual.com/mercedes/glc-class/suv/2015-2021/breakdown-assistance--battery,200,93d373548570e1861459cd48c10715bdb3b93aed6820ede3d0becf477200103b,2026-10-02T09:07:35+00:00,,
mercedes,glc-class,suv,2015-2021,wheels-and-tires,https://www.mycarusermanual.com/mercedes/glc-class/suv/2015-2021/wheels-and-tires,200,5e459cb533880c3a627c720d03b03ef247a1ca676420e59d6fb51ed922bbd03a,2026-10-02T09:07:38+00:00,,
mercedes,glc-class,suv,2015-2021,wheels-and-tires--notes-on-noise-or-unusual-handling-characteristics,https://www.mycarusermanual.com/mercedes/glc-class/suv/2015-2021/wheels-and-tires--notes-on-noise-or-unusual-handling-characteristics,200,b61cd263bb56a79412cb2d86928ed270af53e756aa79563e470580b4bd6686b6,2026-10-02T09:07:41+00:00,,
mercedes,glc-class,suv,2015-2021,wheels-and-tires--notes-on-regularly-inspecting-wheels-and-tires,https://www.mycarusermanual.com/mercedes/glc-class/suv/2015-2021/wheels-and-tires--notes-on-regularly-inspecting-wheels-and-tires,200,4e10b0cfdbe7f2b5a9ce352e1141af5c55ae3e9d55a0bbb7d2966e977c038259,2026-10-02T09:07:45+00:00,,
mercedes,glc-class,suv,2015-2021,wheels-and-tires--notes-on-snow-chains,https://www.mycarusermanual.com/mercedes/glc-class/suv/2015-2021/wheels-and-tires--notes-on-snow-chains,200,7cb62ff4e0f1fa67d383059ad91c0ca820902b36d15542f628eabc3c3cef99a9,2026-10-02T09:07:49+00:00,,
mercedes,glc-class,suv,2015-2021,wheels-and-tires--tire-pressure,https://www.mycarusermanual.com/mercedes/glc-class/suv/2015-2021/wheels-and-tires--tire-pressure,200,8c9e850d0c51fe3497f58ce0d88c9b647492e3c552aa0e1edaf7fe3bf9193081,2026-10-02T09:07:54+00:00,,
mercedes,glc-class,suv,2015-2021,wheels-and-tires--loading-the-vehicle,https://www.mycarusermanual.com/mercedes/glc-class/suv/2015-2021/wheels-and-tires--loading-the-vehicle,200,a691a60ca78040d3068003708d560da58850b90903b357f3be9c2d613852c6b2,2026-10-02T09:07:58+00:00,,
mercedes,glc-class,suv,2015-2021,wheels-and-tires--tire-labeling,https://www.mycarusermanual.com/mercedes/glc-class/suv/2015-2021/wheels-and-tires--tire-labeling,200,0b7ee4e52f39ecb9805f48fbf367aea758b41f53d51d098f4af6dc464f10870b,2026-10-02T09:08:00+00:00,,
mercedes,glc-class,suv,2015-2021,wheels-and-tires--definition-of-terms-for-tires-and-loading,https://www.mycarusermanual.com/mercedes/glc-class/suv/2015-2021/wheels-and-tires--definition-of-terms-for-tires-and-loading,200,0a7d2768736edae413e1bd4dd97c1394b09a4c68690d034e0a70b2c83c6f58b8,2026-10-02T09:08:03+00:00,,
mercedes,glc-class,suv,2015-2021,wheels-and-tires--changing-a-wheel,https://www.mycarusermanual.com/mercedes/glc-class/suv/2015-2021/wheels-and-tires--changing-a-wheel,200,09e6f9378095a0c48a71819cc3f629d82a9e694f1983b9716b269cdabccc9ee6,2026-10-02T09:08:08+00:00,,
mercedes,glc-class,suv,2015-2021,wheels-and-tires--emergency-spare-wheel,https://www.mycarusermanual.com/mercedes/glc-class/suv/2015-2021/wheels-and-tires--emergency-spare-wheel,200,303bdc5bfbc34a9b501f8f82c1bf447dd072cdefa18cee1be6fae3c8491a3322,2026-10-02T09:08:13+00:00,,
mercedes,glc-class,suv,2015-2021,technical-data--vehicle-identification-plate-vin-and-engine-number-overview,https://www.mycarusermanual.com/mercedes/glc-class/suv/2015-2021/technical-data--vehicle-identification-plate-vin-and-engine-number-overview,200,456bb622cb98b71dc5efd7e8dea71f1593c91bf2795342741083e935d42ccc30,2026-10-02T09:08:18+00:00,,
mercedes,glc-class,suv,2015-2021,technical-data--operating-fluids,https://www.mycarusermanual.com/mercedes/glc-class/suv/2015-2021/technical-data--operating-fluids,200,7c918a81a224ef32f8edf706e4d7438b769f9286c0cc3d154b6ee3af1cb4bfab,2026-10-02T09:08:21+00:00,,
bmw,3-series,,,_model,https://www.mycarusermanual.com/bmw/3-series,200,4f4458ac1e4832c42a1fdd97a5e1ad73d42a2da5ea1f4bf0c1cfff8a28bbf146,2026-10-02T09:08:25+00:00,,
bmw,3-series,4-door,2013-2019,_index,https://www.mycarusermanual.com/bmw/3-series/4-door/2013-2019,200,acb8eacd95aa0860ba178d95cf10696b95250c4c4c7385e5bc927e2eecb36077,2026-10-02T09:08:27+00:00,,
bmw,3-series,4-door,2013-2019,driving-tips--saving-fuel,https://www.mycarusermanual.com/bmw/3-series/4-door/2013-2019/driving-tips--saving-fuel,200,61f4d484cd82d99402020938151b2c9212dbe2680ab8990e6de6c3c829ebaae9,2026-10-02T09:08:30+00:00,,
bmw,3-series,4-door,2013-2019,mobility--refueling,https://www.mycarusermanual.com/bmw/3-series/4-door/2013-2019/mobility--refueling,200,32efa2b2ba2a1c71553b9c6afdd7903dcbb3eb92103045827984fb1d065bc906,2026-10-02T09:08:32+00:00,,
bmw,3-series,4-door,2013-2019,mobility--fuel,https://www.mycarusermanual.com/bmw/3-series/4-door/2013-2019/mobility--fuel,200,c1c07112214e03aa5bf376ca5539161ff4d2ecef1ad258664de6a83900a13544,2026-10-02T09:08:35+00:00,,
bmw,3-series,4-door,2013-2019,mobility--wheels-and-tires,https://www.mycarusermanual.com/bmw/3-series/4-door/2013-2019/mobility--wheels-and-tires,200,cb27d479afeb65c3ae59f8269224bb7fe5c8cd9aa5976ced3cbe03603e2ffb42,2026-10-02T09:08:38+00:00,,
bmw,3-series,4-door,2013-2019,mobility--engine-compartment,https://www.mycarusermanual.com/bmw/3-series/4-door/2013-2019/mobility--engine-compartment,200,46d58f5c4258c0a97b998c7ee5a29cfa1f1e437def6606d8c0f449e1ed31ef95,2026-10-02T09:08:41+00:00,,
bmw,3-series,4-door,2013-2019,mobility--engine-oil,https://www.mycarusermanual.com/bmw/3-series/4-door/2013-2019/mobility--engine-oil,200,55523bbd3a1521531e171dc567533e4b62d33b6238ac03a3aaef3377f70b3310,2026-10-02T09:08:46+00:00,,
bmw,3-series,4-door,2013-2019,mobility--coolant,https://www.mycarusermanual.com/bmw/3-series/4-door/2013-2019/mobility--coolant,200,8bc5521a6a148ae4645fb396208d5fb6ea3f3c168aca8d751f3c4d9443363fdf,2026-10-02T09:08:49+00:00,,
bmw,3-series,4-door,2013-2019,mobility--maintenance,https://www.mycarusermanual.com/bmw/3-series/4-door/2013-2019/mobility--maintenance,200,cd3be43b23df9945c481f4ef5e9d7f74e8b030d707e12769546d11274e89f361,2026-10-02T09:08:53+00:00,,
bmw,3-series,4-door,2019-2025,_index,https://www.mycarusermanual.com/bmw/3-series/4-door/2019-2025,200,a56255d1d28af4507d36be7c67f9dd3cb20e09b1024c71659d1f31d6c68c018a,2026-10-02T09:08:56+00:00,,
bmw,5-series,,,_model,https://www.mycarusermanual.com/bmw/5-series,200,5fbe3284bc5cb4d656a4b14e2f40389eedea21050f3cb581241d9405f2953af1,2026-10-02T09:09:00+00:00,,
bmw,5-series,4-door,2010-2017,_index,https://www.mycarusermanual.com/bmw/5-series/4-door/2010-2017,200,7229efc982b661e301a738d12953f02860c265ee55a59c2c796c69ccce3d38bd,2026-10-02T09:09:02+00:00,,
bmw,5-series,4-door,2010-2017,driving-tips--saving-fuel,https://www.mycarusermanual.com/bmw/5-series/4-door/2010-2017/driving-tips--saving-fuel,200,2f0fbcd325f6ad3eecf8530014c27ca1393f8c12a04bb7d26d91132502acd3f4,2026-10-02T09:09:06+00:00,,
bmw,5-series,4-door,2010-2017,mobility--refueling,https://www.mycarusermanual.com/bmw/5-series/4-door/2010-2017/mobility--refueling,200,0885dc33f3524ea9621c6491f565df7676313d87755036f60c39dd367ea4d41e,2026-10-02T09:09:09+00:00,,
bmw,5-series,4-door,2010-2017,mobility--fuel,https://www.mycarusermanual.com/bmw/5-series/4-door/2010-2017/mobility--fuel,200,3b2f645daf720f28a2b256dd759c6dca5352ea83f7090f78fc6cd0c0a47b0dc3,2026-10-02T09:09:12+00:00,,
bmw,5-series,4-door,2010-2017,mobility--wheels-and-tires,https://www.mycarusermanual.com/bmw/5-series/4-door/2010-2017/mobility--wheels-and-tires,200,6920a85dffdb784edde04f5e944b17fcd33904b4e5773629cf5b6b02fdf6f36b,2026-10-02T09:09:17+00:00,,
bmw,5-series,4-door,2010-2017,mobility--engine-compartment,https://www.mycarusermanual.com/bmw/5-series/4-door/2010-2017/mobility--engine-compartment,200,c08e2887c4558d5afc444016bd9666f5498b1af69b39c5b764c38f2f1d976a71,2026-10-02T09:09:19+00:00,,
bmw,5-series,4-door,2010-2017,mobility--engine-oil,https://www.mycarusermanual.com/bmw/5-series/4-door/2010-2017/mobility--engine-oil,200,057106b646054379dfedf1602c3cc4f0a98d9f12a4507bc1c67b3b1cfa58bba6,2026-10-02T09:09:23+00:00,,
bmw,5-series,4-door,2010-2017,mobility--coolant,https://www.mycarusermanual.com/bmw/5-series/4-door/2010-2017/mobility--coolant,200,965b9e3a2a5a338ab42c39058c4fa81c868b831c3c8632deef504ed685634ae0,2026-10-02T09:09:27+00:00,,
bmw,5-series,4-door,2010-2017,mobility--maintenance,https://www.mycarusermanual.com/bmw/5-series/4-door/2010-2017/mobility--maintenance,200,5cf29aedd1bb74e4a78ba3375ebd2dce7e03e7744e4b6e1abf16e3517b16af8b,2026-10-02T09:09:31+00:00,,
bmw,5-series,4-door,2022,_index,https://www.mycarusermanual.com/bmw/5-series/4-door/2022,200,bce89cf9ac01c627d262cf7a3d640d5721a4154c9f2dd1a49a0a688f46efdda7,2026-10-02T09:09:34+00:00,,
bmw,5-series,4-door,2022,controls--seats-mirrors-and-steering-wheel,https://www.mycarusermanual.com/bmw/5-series/4-door/2022/controls--seats-mirrors-and-steering-wheel,200,1d0cdb5e827a0a6643cd8d18a6c415fa58c89c2488b7162fc0a92fa124aaced2,2026-10-02T09:09:38+00:00,,
bmw,5-series,4-door,2022,driving-tips--saving-fuel,https://www.mycarusermanual.com/bmw/5-series/4-door/2022/driving-tips--saving-fuel,200,8ecb0890d1256349baad76ffcd9183c0092b025296ed66ed2afb3b121a752bf9,2026-10-02T09:09:43+00:00,,
bmw,5-series,4-door,2022,mobility--refueling,https://www.mycarusermanual.com/bmw/5-series/4-door/2022/mobility--refueling,200,7a96ace92a0f5b214b3e5835bfeaa5411af049b1fc3c137640af9ba7ad830063,2026-10-02T09:09:46+00:00,,
bmw,5-series,4-door,2022,mobility--wheels-and-tires,https://www.mycarusermanual.com/bmw/5-series/4-door/2022/mobility--wheels-and-tires,200,4ed225e5b85a71342cf031cb0ed52b3fc2550fd9779f4a74ee0e22a439f18c84,2026-10-02T09:09:49+00:00,,
bmw,5-series,4-door,2022,mobility--engine-compartment,https://www.mycarusermanual.com/bmw/5-series/4-door/2022/mobility--engine-compartment,200,9e6662914203468a1ebdca161d866481d70773508af59b7687a7c3f61fbe699d,2026-10-02T09:09:53+00:00,,
bmw,5-series,4-door,2022,mobility--maintenance,https://www.mycarusermanual.com/bmw/5-series/4-door/2022/mobility--maintenance,200,cf617e9093f0d74b2bb39fd8098224f95926294d6c69bd1f392bf7b0999747b2,2026-10-02T09:09:57+00:00,,
bmw,5-series,4-door,2024-2025,_index,https://www.mycarusermanual.com/bmw/5-series/4-door/2024-2025,200,8b1a1c7ec29bf183f2c4aaadef45fd39b10253b2517e75152a86273120876a40,2026-10-02T09:10:02+00:00,,
bmw,5-series,4-door,2024-2025,controls--seats-mirrors-and-steering-wheel,https://www.mycarusermanual.com/bmw/5-series/4-door/2024-2025/controls--seats-mirrors-and-steering-wheel,200,118ff9e37b28a65af0bdfaab120e6a6a76de60e97d5dfbe3092907c930a99730,2026-10-02T09:10:06+00:00,,
bmw,5-series,4-door,2024-2025,driving-tips--saving-fuel,https://www.mycarusermanual.com/bmw/5-series/4-door/2024-2025/driving-tips--saving-fuel,200,b63f1743c2b8e1519138156752f2bb634d89cc98b435d4e1d637230ac31c51d1,2026-10-02T09:10:11+00:00,,
bmw,5-series,4-door,2024-2025,mobility--refueling,https://www.mycarusermanual.com/bmw/5-series/4-door/2024-2025/mobility--refueling,200,2e7c3a87ebc547ef4fed9d96a53f895740471249d96faa2f7c1ff68efcaadeb1,2026-10-02T09:10:14+00:00,,
bmw,5-series,4-door,2024-2025,mobility--wheels-and-tires,https://www.mycarusermanual.com/bmw/5-series/4-door/2024-2025/mobility--wheels-and-tires,200,3b3ca8404d228a49284611a8c8da06a443720d699cbf49fdc5b7d10925ae7ed3,2026-10-02T09:10:17+00:00,,
bmw,5-series,4-door,2024-2025,mobility--engine-compartment,https://www.mycarusermanual.com/bmw/5-series/4-door/2024-2025/mobility--engine-compartment,200,adcdc9afadc02a93446ae12e7d988afa6dc9b9d79f4ff07b6e56550fb41a48dd,2026-10-02T09:10:21+00:00,,
bmw,5-series,4-door,2024-2025,mobility--operating-fluids,https://www.mycarusermanual.com/bmw/5-series/4-door/2024-2025/mobility--operating-fluids,200,aef7aee3221ca119aa407d156669a7655e736dd98dfd13df30186caa718dcab7,2026-10-02T09:10:25+00:00,,
bmw,5-series,4-door,2024-2025,mobility--maintenance,https://www.mycarusermanual.com/bmw/5-series/4-door/2024-2025/mobility--maintenance,200,52418fab3b05fd90392d7bc1ebf07e9b1314ebbca19c619409d8f85350557b5b,2026-10-02T09:10:27+00:00,,
bmw,7-series,,,_model,https://www.mycarusermanual.com/bmw/7-series,200,40ab57cf507a6dcf77cb4f25eef963e38f417f58b3a570d1c5ad5fd440769389,2026-10-02T09:10:32+00:00,,
bmw,7-series,4-door,2008-2014,_index,https://www.mycarusermanual.com/bmw/7-series/4-door/2008-2014,200,c03b5a3432aadfa812355d1e5b179d97e044c10ef266c70eacf42543e795bf90,2026-10-02T09:10:36+00:00,,
bmw,7-series,4-door,2008-2014,mobility--refueling,https://www.mycarusermanual.com/bmw/7-series/4-door/2008-2014/mobility--refueling,200,a761bb74e39f5b347f5b0d8d011011b9faa57b4becd1cd3413e2c42d62b37fe0,2026-10-02T09:10:39+00:00,,
bmw,7-series,4-door,2008-2014,mobility--fuel,https://www.mycarusermanual.com/bmw/7-series/4-door/2008-2014/mobility--fuel,200,646846f244fd16e6d9b1c33c61e69e549bbed36549072badcc9765aac0dd1b9e,2026-10-02T09:10:43+00:00,,
bmw,7-series,4-door,2008-2014,mobility--wheels-and-tires,https://www.mycarusermanual.com/bmw/7-series/4-door/2008-2014/mobility--wheels-and-tires,200,467d3af08c42afa710279206d1a8eacaab387d042f52b6dd6b4838d21fc20b28,2026-10-02T09:10:45+00:00,,
bmw,7-series,4-door,2008-2014,mobility--engine-compartment,https://www.mycarusermanual.com/bmw/7-series/4-door/2008-2014/mobility--engine-compartment,200,ae26a1dea92bf8a7db017bbb4b77a10dfeb815faa0031119f7f3c5db8fd1ef88,2026-10-02T09:10:49+00:00,,
bmw,7-series,4-door,2008-2014,mobility--engine-oil,https://www.mycarusermanual.com/bmw/7-series/4-door/2008-2014/mobility--engine-oil,200,c5c7cfc7382eecd53378f33317a966d2be0ef93fa49388c0bd2cfb33d79a7308,2026-10-02T09:10:54+00:00,,
bmw,7-series,4-door,2008-2014,mobility--maintenance,https://www.mycarusermanual.com/bmw/7-series/4-door/2008-2014/mobility--maintenance,200,7c867ff2e7f7978f87e60cf38d2ee5a6ec6727d91f2fc6845c895c00e1d11e86,2026-10-02T09:10:59+00:00,,
bmw,7-series,4-door,2015-2021,_index,https://www.mycarusermanual.com/bmw/7-series/4-door/2015-2021,200,952feca13134edf0d5fd134fb18fa80a0df56cfbd322495116c6c1a3dae0df3a,2026-10-02T09:11:02+00:00,,
bmw,7-series,4-door,2015-2021,controls--seats-mirrors-and-steering-wheel,https://www.mycarusermanual.com/bmw/7-series/4-door/2015-2021/controls--seats-mirrors-and-steering-wheel,200,3057a5daa77ea87c528438bcb6f8886cb3702d54d24168c40a43de076b80a210,2026-10-02T09:11:07+00:00,,
bmw,7-series,4-door,2015-2021,driving-tips--saving-fuel,https://www.mycarusermanual.com/bmw/7-series/4-door/2015-2021/driving-tips--saving-fuel,200,eb7d300b99b7b2e4acb2f87490a270a25d83aaf9128bda9ea748be0c13c82db2,2026-10-02T09:11:11+00:00,,
bmw,7-series,4-door,2015-2021,mobility--refueling,https://www.mycarusermanual.com/bmw/7-series/4-door/2015-2021/mobility--refueling,200,2bfd439439a82feaa9d531a829df70c2b4b1451f653db13c1dacb7bfc0b74781,2026-10-02T09:11:14+00:00,,
bmw,7-series,4-door,2015-2021,mobility--wheels-and-tires,https://www.mycarusermanual.com/bmw/7-series/4-door/2015-2021/mobility--wheels-and-tires,200,a678d3df13025608aaccc1fecb27d89179c3c24349b02cf4febb103328ab4d85,2026-10-02T09:11:19+00:00,,
bmw,7-series,4-door,2015-2021,mobility--engine-compartment,https://www.mycarusermanual.com/bmw/7-series/4-door/2015-2021/mobility--engine-compartment,200,c16ab42387732e7d62370d83483ee7686af8cf704e21aa337b84f69cfee556db,2026-10-02T09:11:24+00:00,,
bmw,7-series,4-door,2015-2021,mobility--maintenance,https://www.mycarusermanual.com/bmw/7-series/4-door/2015-2021/mobility--maintenance,200,c749b5321d2e82f12bce088ec994c2a91ce669c2e94dc9fcb4697cdbef41750c,2026-10-02T09:11:27+00:00,,
bmw,7-series,4-door,2022-2025,_index,https://www.mycarusermanual.com/bmw/7-series/4-door/2022-2025,200,a81ad507c2c0af92b8fb18ce0441e349433c29a3cc32aeaeaa18676dfe8cf37a,2026-10-02T09:11:30+00:00,,
bmw,7-series,4-door,2022-2025,controls--seats-mirrors-and-steering-wheel,https://www.mycarusermanual.com/bmw/7-series/4-door/2022-2025/controls--seats-mirrors-and-steering-wheel,200,6749ab738160cdcd3a9a0fd2715c17b9bbad70a7b9f25980a23af9984e3ec6a5,2026-10-02T09:11:35+00:00,,
bmw,7-series,4-door,2022-2025,driving-tips--saving-fuel,https://www.mycarusermanual.com/bmw/7-series/4-door/2022-2025/driving-tips--saving-fuel,200,d74f23498cfeefa75c2420b042a129d86f9c3e517eee5a14e7bb653e0da60d04,2026-10-02T09:11:37+00:00,,
bmw,7-series,4-door,2022-2025,mobility--refueling,https://www.mycarusermanual.com/bmw/7-series/4-door/2022-2025/mobility--refueling,200,7b06fbf834e6e5764ce920e7f2abfa994ce39213e97605879d92126926e04cc9,2026-10-02T09:11:42+00:00,,
bmw,7-series,4-door,2022-2025,mobility--wheels-and-tires,https://www.mycarusermanual.com/bmw/7-series/4-door/2022-2025/mobility--wheels-and-tires,200,1eca58884b730eab813871d5c29f92623698080c432527af102be58d9860c1bf,2026-10-02T09:11:45+00:00,,
bmw,7-series,4-door,2022-2025,mobility--engine-compartment,https://www.mycarusermanual.com/bmw/7-series/4-door/2022-2025/mobility--engine-compartment,200,a33a0243b23e7b2a374dbd01b0571dad359762c99ef88a6fc9b8633cd8bb49a2,2026-10-02T09:11:49+00:00,,
bmw,7-series,4-door,2022-2025,mobility--operating-fluids,https://www.mycarusermanual.com/bmw/7-series/4-door/2022-2025/mobility--operating-fluids,200,425ea05b1afb42cde02d71b226ad1d0c14979bfe9fe70e2bf20c5965f6f8bfdd,2026-10-02T09:11:54+00:00,,
bmw,7-series,4-door,2022-2025,mobility--maintenance,https://www.mycarusermanual.com/bmw/7-series/4-door/2022-2025/mobility--maintenance,200,fc6563cc4f0273408d28feb00eb337660a5fa06d16ec7aacd69577f9846b3957,2026-10-02T09:11:59+00:00,,
bmw,x5,,,_model,https://www.mycarusermanual.com/bmw/x5,200,da6752546ba5af26a0391b018973d24a5af09b8c4eff66d43a6edc65feeaceee,2026-10-02T09:12:01+00:00,,
bmw,x5,suv,2014-2018,_index,https://www.mycarusermanual.com/bmw/x5/suv/2014-2018,200,59880dedc2929c1f8d81f0be1e9b3e5c5b225fe62195adfd08adf45a5a1a938c,2026-10-02T09:12:03+00:00,,
bmw,x5,suv,2014-2018,driving-tips--saving-fuel,https://www.mycarusermanual.com/bmw/x5/suv/2014-2018/driving-tips--saving-fuel,200,678e47d9e2089b9dec4bbae75f0dae8ef807f145c53f11b7d40bcc61d4296b97,2026-10-02T09:12:08+00:00,,
bmw,x5,suv,2014-2018,mobility--refueling,https://www.mycarusermanual.com/bmw/x5/suv/2014-2018/mobility--refueling,200,3a11ad9f383bbd1c9ea829b03aef7260ee106f5f1785f0b1bf2d45b965457434,2026-10-02T09:12:11+00:00,,
bmw,x5,suv,2014-2018,mobility--fuel,https://www.mycarusermanual.com/bmw/x5/suv/2014-2018/mobility--fuel,200,b01852e799fec459a35af5bc17d3b388d1c523e4fbb15e55aefd0e5b535a60a4,2026-10-02T09:12:16+00:00,,
bmw,x5,suv,2014-2018,mobility--wheels-and-tires,https://www.mycarusermanual.com/bmw/x5/suv/2014-2018/mobility--wheels-and-tires,200,2b11a935f543dbf1b8ac35b9605f044eccf861bf7141c0182826e23d8187e27e,2026-10-02T09:12:19+00:00,,
bmw,x5,suv,2014-2018,mobility--engine-compartment,https://www.mycarusermanual.com/bmw/x5/suv/2014-2018/mobility--engine-compartment,200,c9966e6509782854ee11ed186f53137e38b2d9c225fc6805dd090358bc3ce93a,2026-10-02T09:12:23+00:00,,
bmw,x5,suv,2014-2018,mobility--engine-oil,https://www.mycarusermanual.com/bmw/x5/suv/2014-2018/mobility--engine-oil,200,564862a02c51ebf389c7c35e7a3e749cc6829d39b663dc2fda94cc7588b75a28,2026-10-02T09:12:26+00:00,,
bmw,x5,suv,2014-2018,mobility--coolant,https://www.mycarusermanual.com/bmw/x5/suv/2014-2018/mobility--coolant,200,151febd1a51716aba3cda42dc5a5bad7cf5332437a431f0bf0a9711b4af613d6,2026-10-02T09:12:31+00:00,,
bmw,x5,suv,2014-2018,mobility--maintenance,https://www.mycarusermanual.com/bmw/x5/suv/2014-2018/mobility--maintenance,200,572c837136e0107ac0b5e677e34ff667ecf927635caad8cfa48d79324442127a,2026-10-02T09:12:36+00:00,,
bmw,x5,suv,2019-2025,_index,https://www.mycarusermanual.com/bmw/x5/suv/2019-2025,200,e062caf69409f1d6fbcb9bbcba71c2946a7381b097a39582926ca70397253cc3,2026-10-02T09:12:38+00:00,,
bmw,x6,,,_model,https://www.mycarusermanual.com/bmw/x6,200,be57ebab4675d434de4d007c43634d171f66fbb3eaed08751fbd59fedf87a1ad,2026-10-02T09:12:42+00:00,,
bmw,x6,4-door,2008-2014,_index,https://www.mycarusermanual.com/bmw/x6/4-door/2008-2014,200,70a429814d788cc91c587607e163941ab1294e8ab7a8c021e08d8bfdf06addea,2026-10-02T09:12:46+00:00,,
bmw,x6,4-door,2008-2014,mobility--refueling,https://www.mycarusermanual.com/bmw/x6/4-door/2008-2014/mobility--refueling,200,048ed10924b491e0e156712524b4def2253d372500206e1eafb62c4143dc42f3,2026-10-02T09:12:50+00:00,,
bmw,x6,4-door,2008-2014,mobility--fuel,https://www.mycarusermanual.com/bmw/x6/4-door/2008-2014/mobility--fuel,200,57fdd1d20d982ea2730230ae7fa642768961a0a54f1c117b9ab8d8cfbbcaf2a6,2026-10-02T09:12:55+00:00,,
bmw,x6,4-door,2008-2014,mobility--wheels-and-tires,https://www.mycarusermanual.com/bmw/x6/4-door/2008-2014/mobility--wheels-and-tires,200,3517489a66af38ea7cae58b94b16831aa5f4a2baec33dcc53c41a723d3b86c72,2026-10-02T09:12:59+00:00,,
bmw,x6,4-door,2008-2014,mobility--engine-compartment,https://www.mycarusermanual.com/bmw/x6/4-door/2008-2014/mobility--engine-compartment,200,1202c039f3cd38ef52fbaddd754e1c089f06012b87a5c1111b1af6e94fbfc977,2026-10-02T09:13:02+00:00,,
bmw,x6,4-door,2008-2014,mobility--maintenance,https://www.mycarusermanual.com/bmw/x6/4-door/2008-2014/mobility--maintenance,200,2ec1eb79fd12664ae81396453e23a8f9977e58e5dd340022b67acaea547666d8,2026-10-02T09:13:07+00:00,,
bmw,x6,4-door,2015-2019,_index,https://www.mycarusermanual.com/bmw/x6/4-door/2015-2019,200,963f1ae8e7554e1d2fe2aca9be674586863440737f4c3b35d4a2b3015e065001,2026-10-02T09:13:12+00:00,,
bmw,x6,4-door,2015-2019,cockpit--in-the-vicinity-of-the-steering-wheel,https://www.mycarusermanual.com/bmw/x6/4-door/2015-2019/cockpit--in-the-vicinity-of-the-steering-wheel,200,ec916079e282800f6a65a7338b2ef977fde26beed3e8e1e256e25af90b6d9067,2026-10-02T09:13:15+00:00,,
bmw,x6,4-door,2015-2019,settings--steering-wheel,https://www.mycarusermanual.com/bmw/x6/4-door/2015-2019/settings--steering-wheel,200,3730be70e7af429a3fe96575403c9df3bf99396a779b318fabb5773404450a11,2026-10-02T09:13:20+00:00,,
bmw,x6,4-door,2015-2019,driving--starting-the-engine,https://www.mycarusermanual.com/bmw/x6/4-door/2015-2019/driving--starting-the-engine,200,317ee6f44f76378ed701a7ebdd4cb2286008ab3023ee8d63b8b57e2ed2e73c82,2026-10-02T09:13:23+00:00,,
bmw,x6,4-door,2015-2019,driving--engine-stop,https://www.mycarusermanual.com/bmw/x6/4-door/2015-2019/driving--engine-stop,200,6a4102fddd52d0c941d8d9bd89c5226f22396f8d16dec1eff649344ba025ff7b,2026-10-02T09:13:27+00:00,,
bmw,x6,4-door,2015-2019,driving--parking-brake,https://www.mycarusermanual.com/bmw/x6/4-door/2015-2019/driving--parking-brake,200,b8f191871531f466c4bcf49d321c53dad1eb306e6e8360c3b87ad6eccc84b107,2026-10-02T09:13:30+00:00,,
bmw,x6,4-door,2015-2019,driving--washer-fluid,https://www.mycarusermanual.com/bmw/x6/4-door/2015-2019/driving--washer-fluid,200,eb9861397a27b2cab0d435b63f2b041dcdf89b6dbdda02925e05ac03437d5ebe,2026-10-02T09:13:33+00:00,,
bmw,x6,4-door,2015-2019,displays--current-fuel-consumption,https://www.mycarusermanual.com/bmw/x6/4-door/2015-2019/displays--current-fuel-consumption,200,6182cc9635f53d2e1dafc394a246329fa9b2938e7caa5518b8493f69df28928e,2026-10-02T09:13:37+00:00,,
bmw,x6,4-door,2015-2019,displays--service-requirements,https://www.mycarusermanual.com/bmw/x6/4-door/2015-2019/displays--service-requirements,200,55878f53289ddc92576701eaecb024500804c5e82198e94db6af284e43d97a73,2026-10-02T09:13:42+00:00,,
bmw,x6,4-door,2015-2019,safety--tire-pressure-monitor-tpm,https://www.mycarusermanual.com/bmw/x6/4-door/2015-2019/safety--tire-pressure-monitor-tpm,200,725bc728fa0620d2244d98a67a7c15e0a63b712820bfae3ad71f4ebba293c405,2026-10-02T09:13:45+00:00,,
bmw,x6,4-door,2015-2019,safety--ftm-flat-tire-monitor,https://www.mycarusermanual.com/bmw/x6/4-door/2015-2019/safety--ftm-flat-tire-monitor,200,13fdd4b2321659d9f892f4141e2f4406957783aedccc8822e1cf8c3d1bd5d326,2026-10-02T09:13:48+00:00,,
bmw,x6,4-door,2015-2019,safety--brake-force-display,https://www.mycarusermanual.com/bmw/x6/4-door/2015-2019/safety--brake-force-display,200,b61bb60b87b1820cb893b4f5dbbd9a0ab6a2c933e037a53c8b1c6b793a5f3e0c,2026-10-02T09:13:51+00:00,,
bmw,x6,4-door,2015-2019,driving-stability-control-systems--brake-assistant,https://www.mycarusermanual.com/bmw/x6/4-door/2015-2019/driving-stability-control-systems--brake-assistant,200,3b80577671de727055359dcba66dbdf6b17e076b44ba758b3103fd019b20e3e7,2026-10-02T09:13:56+00:00,,
bmw,x6,4-door,2015-2019,driving-stability-control-systems--adaptive-brake-assistant,https://www.mycarusermanual.com/bmw/x6/4-door/2015-2019/driving-stability-control-systems--adaptive-brake-assistant,200,c05288cfb749c5c4266c068e15a0ee54d9b56defefcef092fd2573b7b33b81df,2026-10-02T09:14:01+00:00,,
bmw,x6,4-door,2015-2019,driving-stability-control-systems--automatic-differential-brake,https://www.mycarusermanual.com/bmw/x6/4-door/2015-2019/driving-stability-control-systems--automatic-differential-brake,200,bd5908efb2273fa5a6bc32ec257c5892e3e50acd54099c7fe288e6af37f36921,2026-10-02T09:14:05+00:00,,
bmw,x6,4-door,2015-2019,saving-fuel,https://www.mycarusermanual.com/bmw/x6/4-door/2015-2019/saving-fuel,200,9a5f2fce26b8644fb0911f53348abfce8342b97527b40a89352809de55df9508,2026-10-02T09:14:08+00:00,,
bmw,x6,4-door,2015-2019,saving-fuel--vehicle-features-and-options,https://www.mycarusermanual.com/bmw/x6/4-door/2015-2019/saving-fuel--vehicle-features-and-options,200,26c00504645be9fa0ba1831462964492258f1a6b9b53c6bd0744bb69a2da1e1a,2026-10-02T09:14:13+00:00,,
bmw,x6,4-door,2015-2019,saving-fuel--general-information,https://www.mycarusermanual.com/bmw/x6/4-door/2015-2019/saving-fuel--general-information,200,5cbbf933909c325f8dc89a1a8e899b2b6671bddf8bbe70a8ea1926fc0c3dfa26,2026-10-02T09:14:18+00:00,,
bmw,x6,4-door,2015-2019,saving-fuel--remove-unnecessary-cargo,https://www.mycarusermanual.com/bmw/x6/4-door/2015-2019/saving-fuel--remove-unnecessary-cargo,200,b0a460a9c31f2e679407ce775e4ad0fb8f5c9182b45b4d9eb9e610535833293e,2026-10-02T09:14:21+00:00,,
bmw,x6,4-door,2015-2019,saving-fuel--remove-attached-parts-following-use,https://www.mycarusermanual.com/bmw/x6/4-door/2015-2019/saving-fuel--remove-attached-parts-following-use,200,82902a82023300eb70b0a13bcab81459ef6d9bce54a0010b4fd933196a9395cb,2026-10-02T09:14:23+00:00,,
bmw,x6,4-door,2015-2019,saving-fuel--close-the-windows-and-glass-sunroof,https://www.mycarusermanual.com/bmw/x6/4-door/2015-2019/saving-fuel--close-the-windows-and-glass-sunroof,200,cc99d4dad45383c3964dcfae3bd48453f4f30d29763edec4ff974b40513f829b,2026-10-02T09:14:27+00:00,,
bmw,x6,4-door,2015-2019,saving-fuel--tires,https://www.mycarusermanual.com/bmw/x6/4-door/2015-2019/saving-fuel--tires,200,97f092cd6a55bc71f8e4a498c41529680e4d8dc85d990658050e2d1010af7b1e,2026-10-02T09:14:31+00:00,,
bmw,x6,4-door,2015-2019,saving-fuel--drive-away-immediately,https://www.mycarusermanual.com/bmw/x6/4-door/2015-2019/saving-fuel--drive-away-immediately,200,04c6adb9ddbfa97e256f4cf598d827a3233e41d2151f453f70b7bf7ab85de060,2026-10-02T09:14:35+00:00,,
bmw,x6,4-door,2015-2019,saving-fuel--look-well-ahead-when-driving,https://www.mycarusermanual.com/bmw/x6/4-door/2015-2019/saving-fuel--look-well-ahead-when-driving,200,b7904ed7a7280792b011aaa6c57a180ca9fe499de400cd5cffcda027e80daf8e,2026-10-02T09:14:38+00:00,,
bmw,x6,4-door,2015-2019,saving-fuel--avoid-high-engine-speeds,https://www.mycarusermanual.com/bmw/x6/4-door/2015-2019/saving-fuel--avoid-high-engine-speeds,200,6161ec22de7846caf79be1b344229519301f57148d57eb3982bce025a283dfa7,2026-10-02T09:14:42+00:00,,
bmw,x6,4-door,2015-2019,saving-fuel--use-coasting,https://www.mycarusermanual.com/bmw/x6/4-door/2015-2019/saving-fuel--use-coasting,200,eb50f24de06a0e167803479975b4799bda2dc5f7bc42318376b36ae079e42ad8,2026-10-02T09:14:45+00:00,,
bmw,x6,4-door,2015-2019,saving-fuel--switch-off-the-engine-during-longer-stops,https://www.mycarusermanual.com/bmw/x6/4-door/2015-2019/saving-fuel--switch-off-the-engine-during-longer-stops,200,3fd09b95567c78b42ea580b6ba37f3047b8a8e4ae23396e303214665cf38fb9a,2026-10-02T09:14:48+00:00,,
bmw,x6,4-door,2015-2019,saving-fuel--switch-off-any-functions-that-are-not-currently-needed,https://www.mycarusermanual.com/bmw/x6/4-door/2015-2019/saving-fuel--switch-off-any-functions-that-are-not-currently-needed,200,5708b4b5f529370e55854ee2bf618c149e4d19b3ad3dc2563862650c61173401,2026-10-02T09:14:53+00:00,,
bmw,x6,4-door,2015-2019,saving-fuel--have-maintenance-carried-out,https://www.mycarusermanual.com/bmw/x6/4-door/2015-2019/saving-fuel--have-maintenance-carried-out,200,c381057ee30d7919606cda5068a846fdcabea2ca912cce434c96856161476679,2026-10-02T09:14:57+00:00,,
bmw,x6,4-door,2015-2019,saving-fuel--eco-pro,https://www.mycarusermanual.com/bmw/x6/4-door/2015-2019/saving-fuel--eco-pro,200,97ae58796f16e254711a2f596df0e0624037f78837ac769d51f8a325bfcdca59,2026-10-02T09:15:01+00:00,,
bmw,x6,4-door,2015-2019,refueling,https://www.mycarusermanual.com/bmw/x6/4-door/2015-2019/refueling,200,6ddca45426086b5b31e46a1576063d1111518365121c3c1798d9d270227a34d0,2026-10-02T09:15:06+00:00,,
bmw,x6,4-door,2015-2019,refueling--vehicle-features-and-options,https://www.mycarusermanual.com/bmw/x6/4-door/2015-2019/refueling--vehicle-features-and-options,200,cb3045dfc1b041fcca372553805e173ff26ad395739a57a14a80c52dfefae3cb,2026-10-02T09:15:10+00:00,,
bmw,x6,4-door,2015-2019,refueling--general-information,https://www.mycarusermanual.com/bmw/x6/4-door/2015-2019/refueling--general-information,200,52de11e7926b55a458eb0ba49e3bb04e8b6b3ccf28519016a245457a044e160d,2026-10-02T09:15:13+00:00,,
bmw,x6,4-door,2015-2019,refueling--safety-information,https://www.mycarusermanual.com/bmw/x6/4-door/2015-2019/refueling--safety-information,200,54c15bda555e9b36ea3ee43c41f133ee3fd85e94a991e3ae91ace6ae0d07a4d6,2026-10-02T09:15:18+00:00,,
bmw,x6,4-door,2015-2019,refueling--fuel-cap,https://www.mycarusermanual.com/bmw/x6/4-door/2015-2019/refueling--fuel-cap,200,650610a8448e0355609dccbfff9f9ffa47ed24dbb99f9442cb94a3adff9c8b6e,2026-10-02T09:15:21+00:00,,
bmw,x6,4-door,2015-2019,refueling--observe-the-following-when-refueling,https://www.mycarusermanual.com/bmw/x6/4-door/2015-2019/refueling--observe-the-following-when-refueling,200,cb1d7ddd011d81e36ff015ab5a47a90cf296644c30e653ee4a00a015a346c306,2026-10-02T09:15:26+00:00,,
bmw,x6,4-door,2015-2019,fuel,https://www.mycarusermanual.com/bmw/x6/4-door/2015-2019/fuel,200,ab9508e22b37e6cca03edbf3f7ad657abd3322352a3f43641993c7bc14d374a2,2026-10-02T09:15:29+00:00,,
bmw,x6,4-door,2015-2019,fuel--vehicle-features-and-options,https://www.mycarusermanual.com/bmw/x6/4-door/2015-2019/fuel--vehicle-features-and-options,200,553bb46a03f4a9eea7b01ecb39e0cde39f52cdb017a86fb891e8e888dbe3aa5e,2026-10-02T09:15:35+00:00,,
bmw,x6,4-door,2015-2019,fuel--fuel-recommendation,https://www.mycarusermanual.com/bmw/x6/4-door/2015-2019/fuel--fuel-recommendation,200,5887992639e427c8cce5416bf10743e9359b63eba5341d005c20221166cd0daf,2026-10-02T09:15:44+00:00,,
bmw,x6,4-door,2015-2019,wheels-and-tires,https://www.mycarusermanual.com/bmw/x6/4-door/2015-2019/wheels-and-tires,200,0ae97a52a96db5f1e1a2a05351e1ed25ff3c384582e4883cc2f267bfa34aecef,2026-10-02T09:17:33+00:00,,
bmw,x6,4-door,2015-2019,wheels-and-tires--vehicle-features-and-options,https://www.mycarusermanual.com/bmw/x6/4-door/2015-2019/wheels-and-tires--vehicle-features-and-options,200,08235ba9353c7c7ed205b0e87dce10b2e502d52b4f8d8c24c4f0d01e311cc761,2026-10-02T09:17:38+00:00,,
bmw,x6,4-door,2015-2019,wheels-and-tires--tire-inflation-pressure,https://www.mycarusermanual.com/bmw/x6/4-door/2015-2019/wheels-and-tires--tire-inflation-pressure,200,8be826245e94e0f6a31af6417db16ce6d90b6bfc64af887e13e5c5e08ebe1440,2026-10-02T09:17:51+00:00,,
bmw,x6,4-door,2015-2019,wheels-and-tires--tire-identification-marks,https://www.mycarusermanual.com/bmw/x6/4-door/2015-2019/wheels-and-tires--tire-identification-marks,200,ca05657206e8ddd5dd0fd39362e7921a685d913b345c3176d5bff9f5e8e6ba06,2026-10-02T09:17:55+00:00,,
bmw,x6,4-door,2015-2019,wheels-and-tires--tire-tread,https://www.mycarusermanual.com/bmw/x6/4-door/2015-2019/wheels-and-tires--tire-tread,200,24600e7f591f0a1c5f75cd9cddb286d0c256351ad4d61c8ad35fa1e0af845150,2026-10-02T09:17:59+00:00,,
bmw,x6,4-door,2015-2019,wheels-and-tires--tire-damage,https://www.mycarusermanual.com/bmw/x6/4-door/2015-2019/wheels-and-tires--tire-damage,200,d6f151e9714ddc676d0426304dded48cc940da216ddc4f6b436a4536a440a18f,2026-10-02T09:18:04+00:00,,
bmw,x6,4-door,2015-2019,wheels-and-tires--changing-wheels-and-tires,https://www.mycarusermanual.com/bmw/x6/4-door/2015-2019/wheels-and-tires--changing-wheels-and-tires,200,8309381848674c86badb35b2336726819c402d1c49739c65d120ad675c6e26cd,2026-10-02T09:18:08+00:00,,
bmw,x6,4-door,2015-2019,wheels-and-tires--storing-tires,https://www.mycarusermanual.com/bmw/x6/4-door/2015-2019/wheels-and-tires--storing-tires,200,4e0fc11484ea1f20ffcc1f864c2d2deda57eddd215e2ad2a99106e2a4992256a,2026-10-02T09:18:13+00:00,,
bmw,x6,4-door,2015-2019,wheels-and-tires--run-flat-tires,https://www.mycarusermanual.com/bmw/x6/4-door/2015-2019/wheels-and-tires--run-flat-tires,200,7213206fa43898149465370628681b5f722836dd5f4bbb3473042bd5cb7c933a,2026-10-02T09:18:16+00:00,,
bmw,x6,4-door,2015-2019,wheels-and-tires--repairing-a-flat-tire,https://www.mycarusermanual.com/bmw/x6/4-door/2015-2019/wheels-and-tires--repairing-a-flat-tire,200,4eb8755dd6e675413689fc98f7c2a4b69ac84d2b9cc800c76cd7f96be22a6514,2026-10-02T09:18:18+00:00,,
bmw,x6,4-door,2015-2019,wheels-and-tires--snow-chains,https://www.mycarusermanual.com/bmw/x6/4-door/2015-2019/wheels-and-tires--snow-chains,200,75f08fe37d6fe2578cef5fed6b9b2ff717cd10985ab982974b7e768a3478940d,2026-10-02T09:18:23+00:00,,
bmw,x6,4-door,2015-2019,wheels-and-tires--changing-wheels-tires,https://www.mycarusermanual.com/bmw/x6/4-door/2015-2019/wheels-and-tires--changing-wheels-tires,200,e6ad9b73de5e1ee735cb7cf40e3c293032b0495e1277f4ff29656f2ee8289b08,2026-10-02T09:18:25+00:00,,
bmw,x6,4-door,2015-2019,engine-compartment,https://www.mycarusermanual.com/bmw/x6/4-door/2015-2019/engine-compartment,200,1bb0eb47478864637f6a3d8d5a333edf9566f11df5059e4383ff67f4aec20e1c,2026-10-02T09:18:28+00:00,,
bmw,x6,4-door,2015-2019,engine-compartment--vehicle-features-and-options,https://www.mycarusermanual.com/bmw/x6/4-door/2015-2019/engine-compartment--vehicle-features-and-options,200,c70db9b1bff987860dd13594674870125f65a20fab9ab15edcd1dea250779722,2026-10-02T09:18:32+00:00,,
bmw,x6,4-door,2015-2019,engine-compartment--important-features-in-the-engine-compartment,https://www.mycarusermanual.com/bmw/x6/4-door/2015-2019/engine-compartment--important-features-in-the-engine-compartment,200,50710c3f65d8ac3a698ded5113788ec58a3d692cb5fc7239752922ec485255f6,2026-10-02T09:18:35+00:00,,
bmw,x6,4-door,2015-2019,engine-compartment--hood,https://www.mycarusermanual.com/bmw/x6/4-door/2015-2019/engine-compartment--hood,200,87875e0a4b94111211b1cb097190e246eb42ad12433eec691c1916ba87638b17,2026-10-02T09:18:38+00:00,,
bmw,x6,4-door,2015-2019,engine-oil,https://www.mycarusermanual.com/bmw/x6/4-door/2015-2019/engine-oil,200,2ad97d9f87db44cf28e9099e4718c2baa88dfde1736f5490ebfa59f6ac6aba00,2026-10-02T09:18:41+00:00,,
bmw,x6,4-door,2015-2019,engine-oil--vehicle-features-and-options,https://www.mycarusermanual.com/bmw/x6/4-door/2015-2019/engine-oil--vehicle-features-and-options,200,ae559c697c5d467c52ae6c1d40af05bb0990d06888bb261b02852118ea35d213,2026-10-02T09:18:43+00:00,,
bmw,x6,4-door,2015-2019,engine-oil--general-information,https://www.mycarusermanual.com/bmw/x6/4-door/2015-2019/engine-oil--general-information,200,2bbf6549c38b821a6cb38698d22b33f8696280336e422f9cba1c75b7429e3659,2026-10-02T09:18:48+00:00,,
bmw,x6,4-door,2015-2019,engine-oil--safety-information,https://www.mycarusermanual.com/bmw/x6/4-door/2015-2019/engine-oil--safety-information,200,f9cf2c79512af17c75262813c284a4025b575e651525bb0b497b1274737848c3,2026-10-02T09:18:51+00:00,,
bmw,x6,4-door,2015-2019,engine-oil--electronic-oil-measurement,https://www.mycarusermanual.com/bmw/x6/4-door/2015-2019/engine-oil--electronic-oil-measurement,200,1d4da375d44e1338ba5fed809fd22fe9c26b1fb4c630df9d9e54e5a14f4cf635,2026-10-02T09:18:54+00:00,,
bmw,x6,4-door,2015-2019,engine-oil--adding-engine-oil,https://www.mycarusermanual.com/bmw/x6/4-door/2015-2019/engine-oil--adding-engine-oil,200,74764bada6cc02b5d947fe41a95ca5e67811d4fa52cc72fcfb383daee4a2b960,2026-10-02T09:18:58+00:00,,
bmw,x6,4-door,2015-2019,engine-oil--engine-oil-types-to-add,https://www.mycarusermanual.com/bmw/x6/4-door/2015-2019/engine-oil--engine-oil-types-to-add,200,7eb2a68dc5fcb6c707d3bf11f8da19c9abbaa88e9e90ce6ee7af57a0165af78b,2026-10-02T09:19:01+00:00,,
bmw,x6,4-door,2015-2019,engine-oil--engine-oil-change,https://www.mycarusermanual.com/bmw/x6/4-door/2015-2019/engine-oil--engine-oil-change,200,472fa9af476a317ef96a6b5133e6e196945ddd67b0137c97802bdb473e3d5ab1,2026-10-02T09:19:03+00:00,,
bmw,x6,4-door,2015-2019,coolant,https://www.mycarusermanual.com/bmw/x6/4-door/2015-2019/coolant,200,88172cc280b64ff3c34ad37b84fe952a6e417bba201d8d1216d5932d57b0ad59,2026-10-02T09:19:07+00:00,,
bmw,x6,4-door,2015-2019,coolant--vehicle-features-and-options,https://www.mycarusermanual.com/bmw/x6/4-door/2015-2019/coolant--vehicle-features-and-options,200,dc3d8d7f86c59f595cc5692a9bfa8a10b56fa9eb40bff629b3a80c99862951b6,2026-10-02T09:19:11+00:00,,
bmw,x6,4-door,2015-2019,coolant--general-information,https://www.mycarusermanual.com/bmw/x6/4-door/2015-2019/coolant--general-information,200,6c6b0d131ae2e1e3e8d9cc8b6e3977af23043357afa90f4a7b47f6c510b9fef0,2026-10-02T09:19:15+00:00,,
bmw,x6,4-door,2015-2019,coolant--safety-information,https://www.mycarusermanual.com/bmw/x6/4-door/2015-2019/coolant--safety-information,200,03e857ba316d1d460ffa86dc17a8f7e0f656f2006d794939b6dcc4a5330c683d,2026-10-02T09:19:20+00:00,,
bmw,x6,4-door,2015-2019,coolant--coolant-level,https://www.mycarusermanual.com/bmw/x6/4-door/2015-2019/coolant--coolant-level,200,4c30ab3dfe6e925df54aeaa131c49c591dae83062c705784b36b05f628d52a67,2026-10-02T09:19:23+00:00,,
bmw,x6,4-door,2015-2019,coolant--disposal,https://www.mycarusermanual.com/bmw/x6/4-door/2015-2019/coolant--disposal,200,cbed5928c01e888e24db73c018159a0f5b0dd08eaf1129e200b516b2cec8aa1a,2026-10-02T09:19:25+00:00,,
bmw,x6,4-door,2015-2019,maintenance,https://www.mycarusermanual.com/bmw/x6/4-door/2015-2019/maintenance,200,686c62498bb69a623d87348d82be646f911427d60c9b354fac965c1d54fa55c8,2026-10-02T09:19:30+00:00,,
bmw,x6,4-door,2015-2019,maintenance--vehicle-features-and-options,https://www.mycarusermanual.com/bmw/x6/4-door/2015-2019/maintenance--vehicle-features-and-options,200,0a2f1f7293e2db9e4225d63dcea495abc321b6cb644d91b4cb401e26962b589a,2026-10-02T09:19:34+00:00,,
bmw,x6,4-door,2015-2019,maintenance--bmw-maintenance-system,https://www.mycarusermanual.com/bmw/x6/4-door/2015-2019/maintenance--bmw-maintenance-system,200,cd2d32bba6e5fdd867a75641b64b722c069ab924d9dd69a7c3c1558bf2cf7c1d,2026-10-02T09:19:37+00:00,,
bmw,x6,4-door,2015-2019,maintenance--condition-based-service-cbs,https://www.mycarusermanual.com/bmw/x6/4-door/2015-2019/maintenance--condition-based-service-cbs,200,e3fd066b41ba3f20859551cfa5523551b8ea4c7676b0c05774df676fb7f7060d,2026-10-02T09:19:41+00:00,,
bmw,x6,4-door,2015-2019,maintenance--service-and-warranty-information-booklet-for-us-models-and-warranty-and-service-guide-booklet-for-canadian-models,https://www.mycarusermanual.com/bmw/x6/4-door/2015-2019/maintenance--service-and-warranty-information-booklet-for-us-models-and-warranty-and-service-guide-booklet-for-canadian-models,200,2c88e842ee8b211537b06484ddf4b399543220912be833a56a533509d6e75907,2026-10-02T09:19:45+00:00,,
bmw,x6,4-door,2015-2019,maintenance--socket-for-obd-onboard-diagnosis,https://www.mycarusermanual.com/bmw/x6/4-door/2015-2019/maintenance--socket-for-obd-onboard-diagnosis,200,cb385e081024bd48440f6921c98a8d263cae3450c43c2309a8a277b61d976f7a,2026-10-02T09:19:49+00:00,,
bmw,x6,4-door,2015-2019,replacing-components--vehicle-battery,https://www.mycarusermanual.com/bmw/x6/4-door/2015-2019/replacing-components--vehicle-battery,200,16d70e30d79ab9ebd3871429fa309fabda3b7774c0cd7e7a0a3f78a9869af31c,2026-10-02T09:19:52+00:00,,
bmw,x6,4-door,2015-2019,technical-data--dimensions,https://www.mycarusermanual.com/bmw/x6/4-door/2015-2019/technical-data--dimensions,200,a192340f44b2484b4e9aa476d9294f72e2fdb9addbe4efa535e404486daadc25,2026-10-02T09:19:56+00:00,,
bmw,x6,4-door,2015-2019,technical-data--weights,https://www.mycarusermanual.com/bmw/x6/4-door/2015-2019/technical-data--weights,200,3f6684a56807d024f36cdb4e3f687f7ccf7c1b91af58e899a4f7dcf4947906f4,2026-10-02T09:20:01+00:00,,
bmw,x6,4-door,2015-2019,technical-data--capacities,https://www.mycarusermanual.com/bmw/x6/4-door/2015-2019/technical-data--capacities,200,f6d2b5a04ac56b29af3647d598a4c4980fcf7fb3fd24d2ed18a7636bc12b5713,2026-10-02T09:20:05+00:00,,
bmw,x6,4-door,2020-2025,_index,https://www.mycarusermanual.com/bmw/x6/4-door/2020-2025,200,bffd79ec1fa2006f3f3e7a50c1fd14346df0f781420edf27bfe1c6d3e7d3f289,2026-10-02T09:20:08+00:00,,
bmw,x6,4-door,2020-2025,controls--seats-mirrors-and-steering-wheel,https://www.mycarusermanual.com/bmw/x6/4-door/2020-2025/controls--seats-mirrors-and-steering-wheel,200,f9d52df9b38cdd755c10ae56fd2dcd1d273df9f54c8458207e05f665adbec94b,2026-10-02T09:20:13+00:00,,
bmw,x6,4-door,2020-2025,driving-tips--saving-fuel,https://www.mycarusermanual.com/bmw/x6/4-door/2020-2025/driving-tips--saving-fuel,200,5ea59e06228d8fcf7fc4c01b7f6aed57fe9b35c6b3c5e16b6ebc1fe7ca82feae,2026-10-02T09:20:15+00:00,,
bmw,x6,4-door,2020-2025,mobility--refueling,https://www.mycarusermanual.com/bmw/x6/4-door/2020-2025/mobility--refueling,200,60fb29b7fa354f4031873055311393c159bd2cfd2dae8ebe921f4ba426a00a2d,2026-10-02T09:20:20+00:00,,
bmw,x6,4-door,2020-2025,mobility--wheels-and-tires,https://www.mycarusermanual.com/bmw/x6/4-door/2020-2025/mobility--wheels-and-tires,200,aba89822fc167f386ef0e9f5ae3a669e34923e34096de315fcb37b2af6150cae,2026-10-02T09:20:25+00:00,,
bmw,x6,4-door,2020-2025,mobility--engine-compartment,https://www.mycarusermanual.com/bmw/x6/4-door/2020-2025/mobility--engine-compartment,200,9d75906e36145955257f57568333cfed2a7fc9d965b5c7032c5cfed41f37280a,2026-10-02T09:20:27+00:00,,
bmw,x6,4-door,2020-2025,mobility--operating-fluids,https://www.mycarusermanual.com/bmw/x6/4-door/2020-2025/mobility--operating-fluids,200,296c1072aa25d58c17aa64a175d5a674fa16461c9dc7a993761ffadae049899e,2026-10-02T09:20:31+00:00,,
bmw,x6,4-door,2020-2025,mobility--maintenance,https://www.mycarusermanual.com/bmw/x6/4-door/2020-2025/mobility--maintenance,200,343329c9c70784f17545f9b38ca8bc68dee52ec2481bccd46cb33356d36d0122,2026-10-02T09:20:36+00:00,,
bmw,x7,,,_model,https://www.mycarusermanual.com/bmw/x7,200,ddb56b477b900c37557011f91a98dff0fceef2617e1d0c5249911476ddf9328b,2026-10-02T09:20:38+00:00,,
bmw,x7,4-door,2019-2025,_index,https://www.mycarusermanual.com/bmw/x7/4-door/2019-2025,200,6de28e8142c280c8999b8b865c65f73dfbbbc65aafd9240c43910d1bf2ddaf92,2026-10-02T09:20:42+00:00,,
bmw,x7,4-door,2019-2025,controls--seats-mirrors-and-steering-wheel,https://www.mycarusermanual.com/bmw/x7/4-door/2019-2025/controls--seats-mirrors-and-steering-wheel,200,826696c62b688e093b6a0087221e6b0f72421dda24ac46517e979501e3b2c20a,2026-10-02T09:20:44+00:00,,
bmw,x7,4-door,2019-2025,driving-tips--saving-fuel,https://www.mycarusermanual.com/bmw/x7/4-door/2019-2025/driving-tips--saving-fuel,200,45d9321de077800882292abb6c26114351af1cf5954de8763832183bededc26e,2026-10-02T09:20:49+00:00,,
bmw,x7,4-door,2019-2025,mobility--refueling,https://www.mycarusermanual.com/bmw/x7/4-door/2019-2025/mobility--refueling,200,5f75a0f79f98f63f9556ce149a4a24f85a8cd99f50dd79bebcb51e9772bf152e,2026-10-02T09:20:54+00:00,,
bmw,x7,4-door,2019-2025,mobility--wheels-and-tires,https://www.mycarusermanual.com/bmw/x7/4-door/2019-2025/mobility--wheels-and-tires,200,9d116f868f8f455875d96b7ef95e8c90c7e1b8ce0e24dde3d76d2c37cbd66bef,2026-10-02T09:20:58+00:00,,
bmw,x7,4-door,2019-2025,mobility--engine-compartment,https://www.mycarusermanual.com/bmw/x7/4-door/2019-2025/mobility--engine-compartment,200,e19af966278e8fb2f8a5096f3fc947f14b3a47b89add49b1fd4aa7c0c98fd7e5,2026-10-02T09:21:02+00:00,,
bmw,x7,4-door,2019-2025,mobility--operating-fluids,https://www.mycarusermanual.com/bmw/x7/4-door/2019-2025/mobility--operating-fluids,200,70e8a4c499bdd2b5f200277f840d33d2fbc5d39008ed88919728944cedad9873,2026-10-02T09:21:05+00:00,,
bmw,x7,4-door,2019-2025,mobility--maintenance,https://www.mycarusermanual.com/bmw/x7/4-door/2019-2025/mobility--maintenance,200,ad21060651d18f20a42f5b1d7b9446dee1a9febe3f06d4a20f52952145fe8cd8,2026-10-02T09:21:08+00:00,,
bmw,m3,,,_model,https://www.mycarusermanual.com/bmw/m3,200,473a6c678fdf0cbc0d373ad638af519ee7c91e145f96652213bdf60b3e8129fa,2026-10-02T09:21:11+00:00,,
bmw,m3,4-door,2014-2019,_index,https://www.mycarusermanual.com/bmw/m3/4-door/2014-2019,200,1ade4c6db5e2b1afed530f47c364dde0f9e2d2c89c572cdec7c7200423d7fc85,2026-10-02T09:21:15+00:00,,
bmw,m3,4-door,2014-2019,information--maintenance-and-repairs,https://www.mycarusermanual.com/bmw/m3/4-door/2014-2019/information--maintenance-and-repairs,200,fec952a51de832638e372ccb335a5a74dfbfe1e7c2bd5c40ce7ee3bf317e2e2f,2026-10-02T09:21:18+00:00,,
bmw,m3,4-door,2014-2019,information--service-and-warranty,https://www.mycarusermanual.com/bmw/m3/4-door/2014-2019/information--service-and-warranty,200,f558c5e9d84732ab46c82cfcc646875af55e7bad7b126805a6712df3e41d3a0a,2026-10-02T09:21:20+00:00,,
bmw,m3,4-door,2014-2019,information--maintenance,https://www.mycarusermanual.com/bmw/m3/4-door/2014-2019/information--maintenance,200,db9592038446721385150d9d3595bc1f5c104318f0eb8e22a4da9a1d77bada7f,2026-10-02T09:21:23+00:00,,
bmw,m3,4-door,2014-2019,driving-tips--saving-fuel,https://www.mycarusermanual.com/bmw/m3/4-door/2014-2019/driving-tips--saving-fuel,200,0fe6827ffa1722f12452eb9a64b5da0c69102906a0b4e711761560184dd74707,2026-10-02T09:21:27+00:00,,
bmw,m3,4-door,2014-2019,mobility--refueling,https://www.mycarusermanual.com/bmw/m3/4-door/2014-2019/mobility--refueling,200,1459e71f4a5338be9462dd42173b9fff0bfea1045d7fa96ced572c7e96d060ed,2026-10-02T09:21:29+00:00,,
bmw,m3,4-door,2014-2019,mobility--fuel,https://www.mycarusermanual.com/bmw/m3/4-door/2014-2019/mobility--fuel,200,0e358f2c6f34877dfb89f97f7c7026e7eca78d5fc6cd98e6124d2a2398cc76a1,2026-10-02T09:21:33+00:00,,
bmw,m3,4-door,2014-2019,mobility--wheels-and-tires,https://www.mycarusermanual.com/bmw/m3/4-door/2014-2019/mobility--wheels-and-tires,200,795bcf6cb0b84a1ae9639ce8c9a85f198aceced026b5fb6732cb92bfe7849629,2026-10-02T09:21:37+00:00,,
bmw,m3,4-door,2014-2019,mobility--engine-compartment,https://www.mycarusermanual.com/bmw/m3/4-door/2014-2019/mobility--engine-compartment,200,fdfdff88078a8c1dcf5759d89bad3960615ac577cebadfde869d7396b8a6deec,2026-10-02T09:21:40+00:00,,
bmw,m3,4-door,2014-2019,mobility--engine-oil,https://www.mycarusermanual.com/bmw/m3/4-door/2014-2019/mobility--engine-oil,200,f8d8162476b9f682a407ac688b6f2e0e0703859d1d66cf3f1f5e17bfecabf382,2026-10-02T09:21:44+00:00,,
bmw,m3,4-door,2014-2019,mobility--coolant,https://www.mycarusermanual.com/bmw/m3/4-door/2014-2019/mobility--coolant,200,2e7809c155a5f6f7677ec9c641ed5aa5f82c52e77dc9d91eab0b2567e7cc90a7,2026-10-02T09:21:50+00:00,,
bmw,m3,4-door,2014-2019,mobility--maintenance,https://www.mycarusermanual.com/bmw/m3/4-door/2014-2019/mobility--maintenance,200,0b1baf9ac8ddaee4a19f1c3f58cf299221f95e8f7cb51712193d5144ee053137,2026-10-02T09:21:55+00:00,,
bmw,m3,4-door,2020-2025,_index,https://www.mycarusermanual.com/bmw/m3/4-door/2020-2025,200,bb330773c5206af1e8f23bdf7c435ce68b6c02be5c757ee4276580c45df4a3b0,2026-10-02T09:21:58+00:00,,
bmw,m3,4-door,2020-2025,driving-tips--saving-fuel,https://www.mycarusermanual.com/bmw/m3/4-door/2020-2025/driving-tips--saving-fuel,200,562f08aebf32659f8f916a916f48826ad51c688fcc5c9eb41e02d7adf518c5b4,2026-10-02T09:22:02+00:00,,
bmw,m3,4-door,2020-2025,mobility--refueling,https://www.mycarusermanual.com/bmw/m3/4-door/2020-2025/mobility--refueling,200,d50ae67e2171b13f37bc5b47e95800102369f860d891817b8c5d9e7c24f0d0eb,2026-10-02T09:22:05+00:00,,
bmw,m3,4-door,2020-2025,mobility--fuel,https://www.mycarusermanual.com/bmw/m3/4-door/2020-2025/mobility--fuel,200,9c80ad2c7465b905f0397d85e3fe5d74d1d58b8b2acdfead7ff7927f66db5a1f,2026-10-02T09:22:08+00:00,,
bmw,m3,4-door,2020-2025,mobility--wheels-and-tires,https://www.mycarusermanual.com/bmw/m3/4-door/2020-2025/mobility--wheels-and-tires,200,a0c483860c1c70fd010e53801a4cf94659d7d4e9dbd951f469efbb2a669c247f,2026-10-02T09:22:11+00:00,,
bmw,m3,4-door,2020-2025,mobility--engine-compartment,https://www.mycarusermanual.com/bmw/m3/4-door/2020-2025/mobility--engine-compartment,200,aa30fbe08edbed99afdb133c74d182e9cec3901d27f80557e109bfac0c9f4e24,2026-10-02T09:22:15+00:00,,
bmw,m3,4-door,2020-2025,mobility--engine-oil,https://www.mycarusermanual.com/bmw/m3/4-door/2020-2025/mobility--engine-oil,200,31f3b0ed44577869b7ba04f4eeaebec34f7d27ada96c1d0873cf67280b486df5,2026-10-02T09:22:19+00:00,,
bmw,m3,4-door,2020-2025,mobility--coolant,https://www.mycarusermanual.com/bmw/m3/4-door/2020-2025/mobility--coolant,200,43089f1f038adebf30b66132f6281df77493257510d6b747e33ad8c5f343eeb5,2026-10-02T09:22:23+00:00,,
bmw,m3,4-door,2020-2025,mobility--maintenance,https://www.mycarusermanual.com/bmw/m3/4-door/2020-2025/mobility--maintenance,200,d6ebe2ac140f46a403c2e20e8618f56f4b33c12dd96457d6d435a11d594cd7ac,2026-10-02T09:22:27+00:00,,
bmw,m5,,,_model,https://www.mycarusermanual.com/bmw/m5,200,598bb520aad2d8bb0a865daa476c42371c43f6e25585a3168cad8fc4acbad47f,2026-10-02T09:22:29+00:00,,
bmw,m5,4-door,2011-2016,_index,https://www.mycarusermanual.com/bmw/m5/4-door/2011-2016,200,7ae5ade0e3e8b239b44b330749bc8f59158612d8f7a29879c392c7ce8588a639,2026-10-02T09:22:33+00:00,,
bmw,m5,4-door,2011-2016,notes--service-and-warranty,https://www.mycarusermanual.com/bmw/m5/4-door/2011-2016/notes--service-and-warranty,200,99dc6ed808cc4b1a124bd3ebbe43bf77c4806ceb3bd34447a81060fea866c0fb,2026-10-02T09:22:36+00:00,,
bmw,m5,4-door,2011-2016,notes--maintenance,https://www.mycarusermanual.com/bmw/m5/4-door/2011-2016/notes--maintenance,200,14b97d7cc3adff50ab512d26d27b5c5bb8e405d3594c6185a58cfe3935a5c642,2026-10-02T09:22:40+00:00,,
bmw,m5,4-door,2011-2016,driving-tips--saving-fuel,https://www.mycarusermanual.com/bmw/m5/4-door/2011-2016/driving-tips--saving-fuel,200,26b6dc40d9a41142b0b46cfd24fd1f97c98209e247e378525f46524ba2f2beec,2026-10-02T09:22:45+00:00,,
bmw,m5,4-door,2011-2016,mobility--refueling,https://www.mycarusermanual.com/bmw/m5/4-door/2011-2016/mobility--refueling,200,36500983d39a07aa6c5bffdfa35a199ed47e59445de6d7908b38f456a20c3549,2026-10-02T09:22:48+00:00,,
bmw,m5,4-door,2011-2016,mobility--fuel,https://www.mycarusermanual.com/bmw/m5/4-door/2011-2016/mobility--fuel,200,bf4b5e9480bc870e69dbe82f0cda018e2317032e5d27767edb0dc6722b95b861,2026-10-02T09:22:51+00:00,,
bmw,m5,4-door,2011-2016,mobility--wheels-and-tires,https://www.mycarusermanual.com/bmw/m5/4-door/2011-2016/mobility--wheels-and-tires,200,fe59c187f7c3bbfe73a5c02a15aaf804e60c198e9926df541832da9764d97c2c,2026-10-02T09:22:54+00:00,,
