make,line,year,doc_type,title,url,http_status,bytes,sha256,retrieved_at,path,status,note
audi,,,robots,robots.txt,https://media.audiusa.com/robots.txt,200,75,f6f9199c9b855cd434eca2b82415f5b0f851f71cbd82bfc333063fd9b5f12bf9,2026-10-02T11:43:54+00:00,press/media.audiusa.com/robots.txt.gz,ok,no rule against the pages used
audi,,,press_index,model tree,https://media.audiusa.com/api/models,200,51114,1c1af7020fd34c249c93101341d2d8453bafd3da0aa54da7fb1f422a02747f38,2026-10-02T11:43:57+00:00,press/media.audiusa.com/api/api_models.json.gz,ok,
audi,audi/a3,,press_index,model page A3,https://media.audiusa.com/api/models/A3,200,119747,6ab2f2706b447cdd8fed76f82d788e009c263604835216f5eb038b7b1bdfdafe,2026-10-02T11:44:02+00:00,press/media.audiusa.com/api/api_models_A3.json.gz,ok,
audi,audi/a3,,press_index,model page a3s3-sedan,https://media.audiusa.com/api/models/a3s3-sedan,200,313170,3a733f0a14e987e4e03fd058a6df8eb79fc5f429b0e257a76287febbec44557b,2026-10-02T11:44:07+00:00,press/media.audiusa.com/api/api_models_a3s3-sedan.json.gz,ok,
audi,audi/a3,,press_index,model page A3-Sedan,https://media.audiusa.com/api/models/A3-Sedan,200,157485,ce73c69527edb4734387c4d6d6f238c4b54a463ee751cc947726ead0f5ee1b1a,2026-10-02T11:44:11+00:00,press/media.audiusa.com/api/api_models_A3-Sedan.json.gz,ok,
audi,audi/a3,,press_index,model page S3-Sedan,https://media.audiusa.com/api/models/S3-Sedan,200,161167,52e3808bd1847117dbcb66c08e7117d0dd043f5d49506a878f845124e70b26c9,2026-10-02T11:44:16+00:00,press/media.audiusa.com/api/api_models_S3-Sedan.json.gz,ok,
audi,audi/a3,,press_index,model page a3-cabriolet,https://media.audiusa.com/api/models/a3-cabriolet,200,86300,6ebe93cff57d578d5ab75e139378d29f45f08d8527266557522ae4dd5bb1eb64,2026-10-02T11:44:20+00:00,press/media.audiusa.com/api/api_models_a3-cabriolet.json.gz,ok,
audi,audi/a3,,press_index,model page rs-3,https://media.audiusa.com/api/models/rs-3,200,213829,41da49a1fd7e2b54f0f56e690e40577f8fa4d94ea00114230919ecd49b553395,2026-10-02T11:44:23+00:00,press/media.audiusa.com/api/api_models_rs-3.json.gz,ok,
audi,audi/a4,,press_index,model page A4,https://media.audiusa.com/api/models/A4,200,185835,a6bfc3eb919e90f0826c2a00cbdf8569b4113ae3f30a73458de4d34f8c7e8a96,2026-10-02T11:44:28+00:00,press/media.audiusa.com/api/api_models_A4.json.gz,ok,
audi,audi/a4,,press_index,model page a4s4,https://media.audiusa.com/api/models/a4s4,200,355077,944eb40489dd4334346af5aa5902173dc37e2df0e471efb0dd546a474824125e,2026-10-02T11:44:31+00:00,press/media.audiusa.com/api/api_models_a4s4.json.gz,ok,
audi,audi/a4,,press_index,model page a-4,https://media.audiusa.com/api/models/a-4,200,167929,591b288cd758acb0a32ad90e53ab0e199a2acb9da9107407826cc4ea6bde5520,2026-10-02T11:44:36+00:00,press/media.audiusa.com/api/api_models_a-4.json.gz,ok,
audi,audi/a4,,press_index,model page s4,https://media.audiusa.com/api/models/s4,200,144480,bb2e16940c4f6b801a327c0b7e0f2c469c13e8f5751c18211a33f9d7c1f236b2,2026-10-02T11:44:39+00:00,press/media.audiusa.com/api/api_models_s4.json.gz,ok,
audi,audi/a4,,press_index,model page A4-allroad,https://media.audiusa.com/api/models/A4-allroad,200,336584,f37dfd5b76233bd47dd61cd518e280550a9aca7ba2150978e7ff69a354168e14,2026-10-02T11:44:42+00:00,press/media.audiusa.com/api/api_models_A4-allroad.json.gz,ok,
audi,audi/a5,,press_index,model page A5,https://media.audiusa.com/api/models/A5,200,170801,370b8a77703de1ee32e883af1c13238e573b85aecde6694cf2d2cef4518cb288,2026-10-02T11:44:45+00:00,press/media.audiusa.com/api/api_models_A5.json.gz,ok,
audi,audi/a5,,press_index,model page a5s5,https://media.audiusa.com/api/models/a5s5,200,118077,2739f6d5242ab2e655dcd4309a259126f2f52beb3e010fea77ee162338c17ada,2026-10-02T11:44:48+00:00,press/media.audiusa.com/api/api_models_a5s5.json.gz,ok,
audi,audi/a5,,press_index,model page a5-sedan,https://media.audiusa.com/api/models/a5-sedan,200,102155,4cdf306dcfa70b5f6fde4e60f677c1cb60db2794fbbe75e92e76f6d1ac95b7b9,2026-10-02T11:44:51+00:00,press/media.audiusa.com/api/api_models_a5-sedan.json.gz,ok,
audi,audi/a5,,press_index,model page s5-sedan,https://media.audiusa.com/api/models/s5-sedan,200,76138,68acd0460bd15e8a630a4557e6a15e979375454f3f81931052395204c70ba623,2026-10-02T11:44:55+00:00,press/media.audiusa.com/api/api_models_s5-sedan.json.gz,ok,
audi,audi/a5,,press_index,model page a5-previous-models,https://media.audiusa.com/api/models/a5-previous-models,200,408,f0c2ab27703ee26c97b8a18d1fa0290f2455c2910e5238faa0aee817e56e5bd3,2026-10-02T11:44:58+00:00,press/media.audiusa.com/api/api_models_a5-previous-models.json.gz,ok,
audi,audi/a5,,press_index,model page a5-s5-coupe,https://media.audiusa.com/api/models/a5-s5-coupe,200,329837,0545a925c68bf895f24d5a56bd9185df982495deec6935ca1e1563e688c33b70,2026-10-02T11:45:03+00:00,press/media.audiusa.com/api/api_models_a5-s5-coupe.json.gz,ok,
audi,audi/a5,,press_index,model page A5-Coupe,https://media.audiusa.com/api/models/A5-Coupe,200,148629,ad45647bcc9cac3e5c2dd47248afa423c0a307fd1ccf6023ade5919fae3f1bfc,2026-10-02T11:45:05+00:00,press/media.audiusa.com/api/api_models_A5-Coupe.json.gz,ok,
audi,audi/a5,,press_index,model page S5-Coupe,https://media.audiusa.com/api/models/S5-Coupe,200,143762,4265bbe6843dacc74974cdd3a98b8a6c6c265af682d86fd692803d4c39b2c0ba,2026-10-02T11:45:08+00:00,press/media.audiusa.com/api/api_models_S5-Coupe.json.gz,ok,
audi,audi/a5,,press_index,model page a5s5-sportback,https://media.audiusa.com/api/models/a5s5-sportback,200,306027,20d96565f6499201c5350cf538d6ab74e8332cb6bda63f465fde6088bc794964,2026-10-02T11:45:13+00:00,press/media.audiusa.com/api/api_models_a5s5-sportback.json.gz,ok,
audi,audi/a5,,press_index,model page A5-Sportback,https://media.audiusa.com/api/models/A5-Sportback,200,134640,7827dacf3df7d69349dbc1c048dd2291bcf0e97e51cec795ee7b3abeaf97d7b9,2026-10-02T11:45:17+00:00,press/media.audiusa.com/api/api_models_A5-Sportback.json.gz,ok,
audi,audi/a5,,press_index,model page S5-Sportback,https://media.audiusa.com/api/models/S5-Sportback,200,145799,9dd3437c94a8208e2fd999c042ce1c5d238b99048f68378f0cb58334c8274632,2026-10-02T11:45:20+00:00,press/media.audiusa.com/api/api_models_S5-Sportback.json.gz,ok,
audi,audi/a5,,press_index,model page a5s5-cabriolet,https://media.audiusa.com/api/models/a5s5-cabriolet,200,304165,061ecc5d5b36086da45a6a25355d5275d399d26ddadbf0fc5eee1d8bb7b51fb7,2026-10-02T11:45:23+00:00,press/media.audiusa.com/api/api_models_a5s5-cabriolet.json.gz,ok,
audi,audi/a5,,press_index,model page A5-Cabriolet,https://media.audiusa.com/api/models/A5-Cabriolet,200,143808,7a6bc564a688cd6a80ac7952a25f63e2d63a1877d20423c837c68feed8d79e60,2026-10-02T11:45:27+00:00,press/media.audiusa.com/api/api_models_A5-Cabriolet.json.gz,ok,
audi,audi/a5,,press_index,model page S5-Cabriolet,https://media.audiusa.com/api/models/S5-Cabriolet,200,143349,e5049790d62e4545d0f44f885068e1940986941ceec1a577d748d0e5e7bc8468,2026-10-02T11:45:31+00:00,press/media.audiusa.com/api/api_models_S5-Cabriolet.json.gz,ok,
audi,audi/a5,,press_index,model page rs-5-coupe,https://media.audiusa.com/api/models/rs-5-coupe,200,303635,13b730c0a4c538787870f4fea3f0669b3edb0bc4bd787aec2c2ecfc5021a08ca,2026-10-02T11:45:34+00:00,press/media.audiusa.com/api/api_models_rs-5-coupe.json.gz,ok,
audi,audi/a5,,press_index,model page rs-5-sportback,https://media.audiusa.com/api/models/rs-5-sportback,200,282834,27f336eb12ffe49b31e4a068f18d35a1c8ac2b41f27089b81a44cfda87b7cd6d,2026-10-02T11:45:40+00:00,press/media.audiusa.com/api/api_models_rs-5-sportback.json.gz,ok,
audi,audi/a6,,press_index,model page A6-main,https://media.audiusa.com/api/models/A6-main,200,173961,444f99c31a2eb80ecfe36a943be174d47aeaa23dd8fd08b0c020f29153e02744,2026-10-02T11:45:44+00:00,press/media.audiusa.com/api/api_models_A6-main.json.gz,ok,
audi,audi/a6,,press_index,model page A6,https://media.audiusa.com/api/models/A6,200,200022,0f39855dc3650b79861284bfd944b37b54ccd1cb382c7a97b7a1e8e1d52914e9,2026-10-02T11:45:48+00:00,press/media.audiusa.com/api/api_models_A6.json.gz,ok,
audi,audi/a6,,press_index,model page a6-allroad,https://media.audiusa.com/api/models/a6-allroad,200,329460,689b567e5b9b082cf8579f6e60cd729e545e435ddd696843663e53e57282f29d,2026-10-02T11:45:53+00:00,press/media.audiusa.com/api/api_models_a6-allroad.json.gz,ok,
audi,audi/a6,,press_index,model page rs-6-avant,https://media.audiusa.com/api/models/rs-6-avant,200,207706,8deefc51db70a8b7046481081aec0a3b7f9aa5658502d7510706dabeac2bb7bc,2026-10-02T11:45:57+00:00,press/media.audiusa.com/api/api_models_rs-6-avant.json.gz,ok,
audi,audi/a6,,press_index,model page s6,https://media.audiusa.com/api/models/s6,200,208390,1b9b20baa6d2ebb655cc2826d3361864c43aac55f19a30f4c5c893a18e75d63c,2026-10-02T11:46:01+00:00,press/media.audiusa.com/api/api_models_s6.json.gz,ok,
audi,audi/q3,,press_index,model page q3-main,https://media.audiusa.com/api/models/q3-main,200,177501,7d126d1ae99f5e3c7f352449f646ab76e9096e8bb2a7d973e32e757a16d119c0,2026-10-02T11:46:03+00:00,press/media.audiusa.com/api/api_models_q3-main.json.gz,ok,
audi,audi/q3,,press_index,model page q3,https://media.audiusa.com/api/models/q3,200,173088,78a1734c954ac3a58f170d6b2e4b4def68ecdd5e1a03c556128692116ec7c8dd,2026-10-02T11:46:07+00:00,press/media.audiusa.com/api/api_models_q3.json.gz,ok,
audi,audi/q5,,press_index,model page q5-main,https://media.audiusa.com/api/models/q5-main,200,177644,060379673ba7a00ab7187b675fe80e44f6a44488019504ae0deceba28cc7e08c,2026-10-02T11:46:10+00:00,press/media.audiusa.com/api/api_models_q5-main.json.gz,ok,
audi,audi/q5,,press_index,model page q5sq5,https://media.audiusa.com/api/models/q5sq5,200,214950,01ce1fcd39415b4c9d3564a935eb3dcdeecfe4d734909a17008bc88a0106660c,2026-10-02T11:46:13+00:00,press/media.audiusa.com/api/api_models_q5sq5.json.gz,ok,
audi,audi/q5,,press_index,model page q5,https://media.audiusa.com/api/models/q5,200,63339,1b3d1643fbc39ae0f4f875fe0087402ee527ff1dcb2417b0d8d22cce893212de,2026-10-02T11:46:18+00:00,press/media.audiusa.com/api/api_models_q5.json.gz,ok,
audi,audi/q5,,press_index,model page SQ5,https://media.audiusa.com/api/models/SQ5,200,191131,6dab84d6dfd363505943d1ca633b37b4b8f38e2acdfb651960b2d11a7560fdc8,2026-10-02T11:46:21+00:00,press/media.audiusa.com/api/api_models_SQ5.json.gz,ok,
audi,audi/q5,,press_index,model page q5sq5-sportback,https://media.audiusa.com/api/models/q5sq5-sportback,200,303513,b4ab53f6cbe660cb2eac1000db24d1a0e224eb0e0e0e7dd5c55e395746560777,2026-10-02T11:46:26+00:00,press/media.audiusa.com/api/api_models_q5sq5-sportback.json.gz,ok,
audi,audi/q5,,press_index,model page q5-sportback,https://media.audiusa.com/api/models/q5-sportback,200,75311,0d2afb4c0cf14bcd58d3f9e030e11537c9d3f0ee676d9548f7210f7fae5f4063,2026-10-02T11:46:30+00:00,press/media.audiusa.com/api/api_models_q5-sportback.json.gz,ok,
audi,audi/q5,,press_index,model page sq5-sportback,https://media.audiusa.com/api/models/sq5-sportback,200,147289,3c006033a99cc567114030568d44690ad7de06631437162f281835eadd3ace6d,2026-10-02T11:46:35+00:00,press/media.audiusa.com/api/api_models_sq5-sportback.json.gz,ok,
audi,audi/q7,,press_index,model page q7-main,https://media.audiusa.com/api/models/q7-main,200,175418,230aa74fad99906287dc8e575b6fe31200ad226fa9cbb97be52f4023063a08e4,2026-10-02T11:46:39+00:00,press/media.audiusa.com/api/api_models_q7-main.json.gz,ok,
audi,,,robots,robots.txt,https://media.audiusa.com/robots.txt,200,75,f6f9199c9b855cd434eca2b82415f5b0f851f71cbd82bfc333063fd9b5f12bf9,2026-10-02T11:48:16+00:00,press/media.audiusa.com/robots.txt.gz,ok,no rule against the pages used
audi,audi/q7,,press_index,model page q7-sq7,https://media.audiusa.com/api/models/q7-sq7,200,206856,d99f23535506ec8fb73ebefe30d04c8f86fda59d0a178f912d12f54d4a3fff3c,2026-10-02T11:48:21+00:00,press/media.audiusa.com/api/api_models_q7-sq7.json.gz,ok,
audi,audi/q7,,press_index,model page q7,https://media.audiusa.com/api/models/q7,200,128607,dce811fcece980f29718039918270b08662db4388bfa1a5fbc48644eca7677ab,2026-10-02T11:48:26+00:00,press/media.audiusa.com/api/api_models_q7.json.gz,ok,
audi,audi/q7,,press_index,model page sq7,https://media.audiusa.com/api/models/sq7,200,220232,ee06ce187fd435cc86900eb39941137f12afdc96b60b2622e8451c7556b7f7a7,2026-10-02T11:48:31+00:00,press/media.audiusa.com/api/api_models_sq7.json.gz,ok,
audi,audi/a3,,press_index,press kit 2027-a3s3-press-kit,https://media.audiusa.com/api/press-kits/2027-a3s3-press-kit,200,23490,95e77260f5d39af07ccb7d31067d1e9587cb6b4f07fc111921bc1e1d5dfe029b,2026-10-02T11:48:35+00:00,press/media.audiusa.com/api/api_press-kits_2027-a3s3-press-kit.json.gz,ok,
audi,audi/a3,,press_index,press kit 2026-a3s3-press-kit,https://media.audiusa.com/api/press-kits/2026-a3s3-press-kit,200,22568,5f8240d66f2afc74c8a1f22255f649b7c0add8da56bc6135be2276a1b58c53cb,2026-10-02T11:48:38+00:00,press/media.audiusa.com/api/api_press-kits_2026-a3s3-press-kit.json.gz,ok,
audi,audi/a3,,press_index,press kit 2025-a3s3-press-kit,https://media.audiusa.com/api/press-kits/2025-a3s3-press-kit,200,22572,6cdf72bd982479bb415fbf280b4834fe711544c90426c5a0a4043714aebb6ba7,2026-10-02T11:48:41+00:00,press/media.audiusa.com/api/api_press-kits_2025-a3s3-press-kit.json.gz,ok,
audi,audi/a3,,press_index,press kit 2020-audi-a3/s3-sedan,https://media.audiusa.com/api/press-kits/2020-audi-a3/s3-sedan,404,83,b122b3a1aa24424afe6570aa2477fa1229ab75d4f4853063754e37977aaee464,2026-10-02T11:48:45+00:00,,not_found,"{""message"":""The route api\/press-kits\/2020-audi-a3\/s3-sedan could not be found.""}"
audi,audi/a3,,press_index,press kit 2019-a3-s3-sedan,https://media.audiusa.com/api/press-kits/2019-a3-s3-sedan,200,13532,bcfd5f7129756b6f88eba382cf643921e76732a3bae2f89cb459873f365eba23,2026-10-02T11:48:50+00:00,press/media.audiusa.com/api/api_press-kits_2019-a3-s3-sedan.json.gz,ok,
audi,audi/a3,,press_index,press kit asadsa,https://media.audiusa.com/api/press-kits/asadsa,200,24443,3535c25726169b7333b89ad05673132bc5ea5fd86c255e93aea2c9ae2840995f,2026-10-02T11:48:55+00:00,press/media.audiusa.com/api/api_press-kits_asadsa.json.gz,ok,
audi,audi/a3,,press_index,press kit 2016-a3s3,https://media.audiusa.com/api/press-kits/2016-a3s3,200,1360,5f8c0c18e864d04369cb3ebf8c16ed1e882c3c8d2338932d20d66201549f3a37,2026-10-02T11:48:58+00:00,press/media.audiusa.com/api/api_press-kits_2016-a3s3.json.gz,ok,
audi,audi/a3,,press_index,press kit 2015-a3s3-sedan,https://media.audiusa.com/api/press-kits/2015-a3s3-sedan,200,1368,3a8bd0e58fcabc25d21166f1117013471e0b88e18db867be4ea7dfd85d009f29,2026-10-02T11:49:02+00:00,press/media.audiusa.com/api/api_press-kits_2015-a3s3-sedan.json.gz,ok,
audi,audi/a3,,press_index,press kit 2019-a3-cabriolet,https://media.audiusa.com/api/press-kits/2019-a3-cabriolet,200,7392,be80af5827b4a288ba8e02e2ec7d4e0af1d3649bc6a7679d59925e25bc2f0142,2026-10-02T11:49:06+00:00,press/media.audiusa.com/api/api_press-kits_2019-a3-cabriolet.json.gz,ok,
audi,audi/a3,,press_index,press kit 2016-a3s3-cabriolet,https://media.audiusa.com/api/press-kits/2016-a3s3-cabriolet,200,1374,1c72eb8de80d6475da9bd809f143834cbba5ed96dc399ce9a31d689f9757cbcd,2026-10-02T11:49:09+00:00,press/media.audiusa.com/api/api_press-kits_2016-a3s3-cabriolet.json.gz,ok,
audi,audi/a3,,press_index,press kit 2015-a3s3-cabriolet,https://media.audiusa.com/api/press-kits/2015-a3s3-cabriolet,200,1376,065a3ba74362aea1671b91a5395113350978e8f51277a9f5ebae70fa2c7582df,2026-10-02T11:49:12+00:00,press/media.audiusa.com/api/api_press-kits_2015-a3s3-cabriolet.json.gz,ok,
audi,audi/a3,,press_index,press kit 2027-rs-3-press-kit,https://media.audiusa.com/api/press-kits/2027-rs-3-press-kit,200,11148,85541bbb1c4d8ce03b0774c78c6baef4ec679104351a20611190e71ed8ee3921,2026-10-02T11:49:14+00:00,press/media.audiusa.com/api/api_press-kits_2027-rs-3-press-kit.json.gz,ok,
audi,audi/a3,,press_index,press kit 2026-rs-3-press-kit,https://media.audiusa.com/api/press-kits/2026-rs-3-press-kit,200,10226,dec4ebf3dafd6582c130dc95b9ea1cb2a3dab443c0607906ef1fa4a11110e148,2026-10-02T11:49:20+00:00,press/media.audiusa.com/api/api_press-kits_2026-rs-3-press-kit.json.gz,ok,
audi,audi/a3,,press_index,press kit 2025-rs-3,https://media.audiusa.com/api/press-kits/2025-rs-3,200,10220,4e5fdda2e28f23d58a5dcad2657e9bf2adc6bab840b9c948827fe7f49e8c596b,2026-10-02T11:49:24+00:00,press/media.audiusa.com/api/api_press-kits_2025-rs-3.json.gz,ok,
audi,audi/a3,,press_index,press kit 2020-rs-3,https://media.audiusa.com/api/press-kits/2020-rs-3,200,10662,b16cab8398cca3ff0a8604c20f4596b906039b3a7bc92a4dfb779ef5fd03bb9b,2026-10-02T11:49:28+00:00,press/media.audiusa.com/api/api_press-kits_2020-rs-3.json.gz,ok,
audi,audi/a3,,press_index,press kit 2019-rs-3,https://media.audiusa.com/api/press-kits/2019-rs-3,200,5883,f81db4a775273bad07ed27da8081c0a957e81fd6a85a439a0312b84483d6bf69,2026-10-02T11:49:33+00:00,press/media.audiusa.com/api/api_press-kits_2019-rs-3.json.gz,ok,
audi,audi/a4,,press_index,press kit 2020-a4/s4-press-kit,https://media.audiusa.com/api/press-kits/2020-a4/s4-press-kit,404,82,7fc36beca71de6227c69ede73a03772c3f6430383b374ba41866646dc04cb7ec,2026-10-02T11:49:36+00:00,,not_found,"{""message"":""The route api\/press-kits\/2020-a4\/s4-press-kit could not be found.""}"
audi,audi/a4,,press_index,press kit 2018-a4/s4-sedan,https://media.audiusa.com/api/press-kits/2018-a4/s4-sedan,404,78,7cb7c1b877bdc1e0aa414674fa35f557688f1aec99aa6d90cf63fb2dc68f52e3,2026-10-02T11:49:40+00:00,,not_found,"{""message"":""The route api\/press-kits\/2018-a4\/s4-sedan could not be found.""}"
audi,audi/a4,,press_index,press kit a4s4-sedan,https://media.audiusa.com/api/press-kits/a4s4-sedan,200,26834,e5bea3f66b72dd27eb2512ae6e8b42a92c6e1d9fbdfa7b7a5888dcbb2fca1d85,2026-10-02T11:49:43+00:00,press/media.audiusa.com/api/api_press-kits_a4s4-sedan.json.gz,ok,
audi,audi/a4,,press_index,press kit 2016-a4s4-sedan,https://media.audiusa.com/api/press-kits/2016-a4s4-sedan,200,1333,ea9775b860b82c78e35c43631f1de9b2f3f59547fa5191b1ea28e82de8e0cd29,2026-10-02T11:49:46+00:00,press/media.audiusa.com/api/api_press-kits_2016-a4s4-sedan.json.gz,ok,
audi,audi/a4,,press_index,press kit 2015-a4/s4-sedan,https://media.audiusa.com/api/press-kits/2015-a4/s4-sedan,404,78,a02706ac4b656b96853dbc568530310962cd47fa826e3640346d8b9f35600c93,2026-10-02T11:49:50+00:00,,not_found,"{""message"":""The route api\/press-kits\/2015-a4\/s4-sedan could not be found.""}"
audi,audi/a4,,press_index,press kit 2014-a4/s4-sedan,https://media.audiusa.com/api/press-kits/2014-a4/s4-sedan,404,78,43677f1594e447db69ca3445c70c558652500429ac5974f99de5d0646ac693d4,2026-10-02T11:49:54+00:00,,not_found,"{""message"":""The route api\/press-kits\/2014-a4\/s4-sedan could not be found.""}"
audi,audi/a4,,press_index,press kit 2020-a4-allroad,https://media.audiusa.com/api/press-kits/2020-a4-allroad,200,6837,1b395e8a5bfd593a55d7dc78a42f369339265f78d7cf8d9fefb749a6e80ad035,2026-10-02T11:49:59+00:00,press/media.audiusa.com/api/api_press-kits_2020-a4-allroad.json.gz,ok,
audi,audi/a4,,press_index,press kit 2019-a4-allroad,https://media.audiusa.com/api/press-kits/2019-a4-allroad,200,17285,c891edac08ee2a695861fcfd8c019aa687e5a2c5701a99ec455958c3169a9d1f,2026-10-02T11:50:02+00:00,press/media.audiusa.com/api/api_press-kits_2019-a4-allroad.json.gz,ok,
audi,audi/a4,,press_index,press kit a4-allroad,https://media.audiusa.com/api/press-kits/a4-allroad,200,17355,4a0771eda27964b0b6d70f172c1b6f3df78bb15a2f98b49899695c0b72cd089e,2026-10-02T11:50:05+00:00,press/media.audiusa.com/api/api_press-kits_a4-allroad.json.gz,ok,
audi,audi/a4,,press_index,press kit 2016-a4-allroad,https://media.audiusa.com/api/press-kits/2016-a4-allroad,200,1353,604254a9272840e3b5aa52e455796e384f9f96c15543264017339a0142e6591a,2026-10-02T11:50:08+00:00,press/media.audiusa.com/api/api_press-kits_2016-a4-allroad.json.gz,ok,
audi,audi/a4,,press_index,press kit 2015-a4-allroad,https://media.audiusa.com/api/press-kits/2015-a4-allroad,200,1353,a0de44a347e63c4d11568b15e805e0e8dcf0d7ccc15b1ef1ff9dfeba4cac0613,2026-10-02T11:50:13+00:00,press/media.audiusa.com/api/api_press-kits_2015-a4-allroad.json.gz,ok,
audi,audi/a4,,press_index,press kit 2014-a4-allroad,https://media.audiusa.com/api/press-kits/2014-a4-allroad,200,1345,65794368c3f8ffe8d7946c68b56809d6148051ae2045deb1f81b244b6c05ef9b,2026-10-02T11:50:17+00:00,press/media.audiusa.com/api/api_press-kits_2014-a4-allroad.json.gz,ok,
audi,audi/a4,,press_index,press kit 2013-a4-allroad,https://media.audiusa.com/api/press-kits/2013-a4-allroad,200,1348,e147d77d964f5983a77058611502bfe90692ab4a9a3054b9c22a5415450b9e8e,2026-10-02T11:50:20+00:00,press/media.audiusa.com/api/api_press-kits_2013-a4-allroad.json.gz,ok,
audi,audi/a5,,press_index,press kit 2027-a5s5-press-kit,https://media.audiusa.com/api/press-kits/2027-a5s5-press-kit,200,18331,f79f228264c69b80a87fa39db48ad3a3565470c62e13bf2de1476a48e8802eea,2026-10-02T11:50:23+00:00,press/media.audiusa.com/api/api_press-kits_2027-a5s5-press-kit.json.gz,ok,
audi,audi/a5,,press_index,press kit 2026-a5s5-press-kit,https://media.audiusa.com/api/press-kits/2026-a5s5-press-kit,200,18331,76d565f30e358ea733988779b4c0c7f8c6d050a510c0af9d7f21ce4c55651241,2026-10-02T11:50:25+00:00,press/media.audiusa.com/api/api_press-kits_2026-a5s5-press-kit.json.gz,ok,
audi,audi/a5,,press_index,press kit 2025-a5s5,https://media.audiusa.com/api/press-kits/2025-a5s5,200,18219,3cf81c452a72067bfc8603dc53b5d359bd71f4fabe62a6cc5f2d9aeff6b27aac,2026-10-02T11:50:30+00:00,press/media.audiusa.com/api/api_press-kits_2025-a5s5.json.gz,ok,
audi,audi/a5,,press_index,press kit 2021-a5-s5-coupe,https://media.audiusa.com/api/press-kits/2021-a5-s5-coupe,200,18219,87a47f1ec220ddc59267c125491b0d776fbffe2bd1132e4e7a594426b1cecccc,2026-10-02T11:50:33+00:00,press/media.audiusa.com/api/api_press-kits_2021-a5-s5-coupe.json.gz,ok,
audi,audi/a5,,press_index,press kit a5/s5-coupe,https://media.audiusa.com/api/press-kits/a5/s5-coupe,404,73,94a93ffe36db744348b876a79940e6c794e47dbf9c0fe1f4c8f68804ba402f2e,2026-10-02T11:50:37+00:00,,not_found,"{""message"":""The route api\/press-kits\/a5\/s5-coupe could not be found.""}"
audi,audi/a5,,press_index,press kit 2015-a5s5,https://media.audiusa.com/api/press-kits/2015-a5s5,200,1286,c819b95e78eb6bf42549e56671883ff4ad95806824572ab1633ea61bf3aca9d5,2026-10-02T11:50:42+00:00,press/media.audiusa.com/api/api_press-kits_2015-a5s5.json.gz,ok,
audi,audi/a5,,press_index,press kit 2016-a5s5-coupe,https://media.audiusa.com/api/press-kits/2016-a5s5-coupe,200,1331,40ede20b55bcb67b7ca804c11c932a0ffe7553645909241fdd8eda4595cff94b,2026-10-02T11:50:47+00:00,press/media.audiusa.com/api/api_press-kits_2016-a5s5-coupe.json.gz,ok,
audi,audi/a5,,press_index,press kit 2014-a5s5-coupe,https://media.audiusa.com/api/press-kits/2014-a5s5-coupe,200,1343,e04f1adcbb50bbc0e5395dee722edf8de94b8c8de295a0977919815d18e411e4,2026-10-02T11:50:51+00:00,press/media.audiusa.com/api/api_press-kits_2014-a5s5-coupe.json.gz,ok,
audi,audi/a5,,press_index,press kit 2017-a5s5-coupe,https://media.audiusa.com/api/press-kits/2017-a5s5-coupe,200,816,3ab1f3c1cd5a623d24217a78cad52f27a36f40a429875bf4e56a59738780623e,2026-10-02T11:50:56+00:00,press/media.audiusa.com/api/api_press-kits_2017-a5s5-coupe.json.gz,ok,
audi,audi/a5,,press_index,press kit 2025-a5s5-sportback,https://media.audiusa.com/api/press-kits/2025-a5s5-sportback,200,13315,74277aabb1a07cbec3f56454ff05a8d664651fda31c5b58d00028807c952c660,2026-10-02T11:50:58+00:00,press/media.audiusa.com/api/api_press-kits_2025-a5s5-sportback.json.gz,ok,
audi,audi/a5,,press_index,press kit 2021-a5-s5-sportback,https://media.audiusa.com/api/press-kits/2021-a5-s5-sportback,200,13959,5fb5a77db901f5408385f32cafbbb893d864044947fbb29a892095618f7d5c5f,2026-10-02T11:51:02+00:00,press/media.audiusa.com/api/api_press-kits_2021-a5-s5-sportback.json.gz,ok,
audi,audi/a5,,press_index,press kit a5s5-sportback,https://media.audiusa.com/api/press-kits/a5s5-sportback,200,7326,6900f629ca79e3ae5cbb28fcc1c9df0d57941e9ca99eba6438d3aa927b8c9336,2026-10-02T11:51:05+00:00,press/media.audiusa.com/api/api_press-kits_a5s5-sportback.json.gz,ok,
audi,audi/a5,,press_index,press kit 2021-a5/s5-cabriolet,https://media.audiusa.com/api/press-kits/2021-a5/s5-cabriolet,404,82,4f2c73781896e5b48fed8794612d0dc3076a75b580d4ca8465f09ded9108c77c,2026-10-02T11:51:09+00:00,,not_found,"{""message"":""The route api\/press-kits\/2021-a5\/s5-cabriolet could not be found.""}"
audi,audi/a5,,press_index,press kit 2018-a5s5-cabriolet,https://media.audiusa.com/api/press-kits/2018-a5s5-cabriolet,200,8814,5339c9d7f7429d33db61b81db728959c3ca8d7f7cb1cd0108cee488c3ae3fa55,2026-10-02T11:51:14+00:00,press/media.audiusa.com/api/api_press-kits_2018-a5s5-cabriolet.json.gz,ok,
audi,audi/a5,,press_index,press kit 2017-a5s5-cabriolet,https://media.audiusa.com/api/press-kits/2017-a5s5-cabriolet,200,824,8b3b28093f05d292c624c32540dd5bc7d7556ce8f96504e64a69d8e8f1b78d9a,2026-10-02T11:51:18+00:00,press/media.audiusa.com/api/api_press-kits_2017-a5s5-cabriolet.json.gz,ok,
audi,audi/a5,,press_index,press kit 2016-a5s5-cabriolet,https://media.audiusa.com/api/press-kits/2016-a5s5-cabriolet,200,813,33c9531425f000845dd6f52c9394997923ed5a7904d5a602481d4da38083520b,2026-10-02T11:51:22+00:00,press/media.audiusa.com/api/api_press-kits_2016-a5s5-cabriolet.json.gz,ok,
audi,audi/a5,,press_index,press kit 2015-a5s5-cabriolet,https://media.audiusa.com/api/press-kits/2015-a5s5-cabriolet,200,809,68dfc35044018dd56db63f43072b99ef733cd7c25d6614defaf662c8fb48d7c3,2026-10-02T11:51:24+00:00,press/media.audiusa.com/api/api_press-kits_2015-a5s5-cabriolet.json.gz,ok,
audi,audi/a5,,press_index,press kit 2014-a5s5-cabriolet,https://media.audiusa.com/api/press-kits/2014-a5s5-cabriolet,200,825,3914e2b33d3d11afb7aea1bd9282129c77814e20f5fbad4ec5f5505ec185a1c0,2026-10-02T11:51:29+00:00,press/media.audiusa.com/api/api_press-kits_2014-a5s5-cabriolet.json.gz,ok,
audi,audi/a5,,press_index,press kit 2021-rs-5-coupe,https://media.audiusa.com/api/press-kits/2021-rs-5-coupe,200,8253,7c55d3431351eacc4e19c2582e10752982d2b51e5617e7c2c907104b18c65b6f,2026-10-02T11:51:33+00:00,press/media.audiusa.com/api/api_press-kits_2021-rs-5-coupe.json.gz,ok,
audi,audi/a5,,press_index,press kit 2019-rs-5-coupe,https://media.audiusa.com/api/press-kits/2019-rs-5-coupe,200,7699,632316cbda593cf31bb5b76baceb57f3bee20ca3f4d4a5809c8ba548539f1f29,2026-10-02T11:51:36+00:00,press/media.audiusa.com/api/api_press-kits_2019-rs-5-coupe.json.gz,ok,
audi,audi/a5,,press_index,press kit 2018-rs-5,https://media.audiusa.com/api/press-kits/2018-rs-5,200,24467,b4324e12f52db63601115c76e05f58cf526966b94c015ffa96d1377424b89b6c,2026-10-02T11:51:40+00:00,press/media.audiusa.com/api/api_press-kits_2018-rs-5.json.gz,ok,
audi,audi/a5,,press_index,press kit 2025-rs-5-sportback,https://media.audiusa.com/api/press-kits/2025-rs-5-sportback,200,6589,cb2d2f331960b8b2571826a12f7a7d29c92e262360de4e61775dbab24fa8c324,2026-10-02T11:51:45+00:00,press/media.audiusa.com/api/api_press-kits_2025-rs-5-sportback.json.gz,ok,
audi,audi/a5,,press_index,press kit 2021-rs-5-sportback,https://media.audiusa.com/api/press-kits/2021-rs-5-sportback,200,5913,4e64faef72a97fb141be7ba837edf21ba5413c99c02f9b9cf90f6f78cee93f71,2026-10-02T11:51:47+00:00,press/media.audiusa.com/api/api_press-kits_2021-rs-5-sportback.json.gz,ok,
audi,audi/a5,,press_index,press kit 2019-rs-5-sportback,https://media.audiusa.com/api/press-kits/2019-rs-5-sportback,200,5913,02bbe1a58e8c20caba319b3a9448261f3c1171a69284bb68859649ad7f00950b,2026-10-02T11:51:50+00:00,press/media.audiusa.com/api/api_press-kits_2019-rs-5-sportback.json.gz,ok,
audi,audi/a6,,press_index,press kit 2027-a6-press-kit,https://media.audiusa.com/api/press-kits/2027-a6-press-kit,200,9777,bd627eeb277142b218b196d92d481988247a98072e0ceae223ee9786de8c5774,2026-10-02T11:51:54+00:00,press/media.audiusa.com/api/api_press-kits_2027-a6-press-kit.json.gz,ok,
audi,audi/a6,,press_index,press kit 2026-a6-sedan,https://media.audiusa.com/api/press-kits/2026-a6-sedan,200,9773,c1ff3a67f9304c098d9d83033e24bf05c2535f06489c004c2f4f20803ffee198,2026-10-02T11:51:59+00:00,press/media.audiusa.com/api/api_press-kits_2026-a6-sedan.json.gz,ok,
audi,audi/a6,,press_index,press kit 2025-a6-sedan,https://media.audiusa.com/api/press-kits/2025-a6-sedan,200,10305,f41645844b66f3fc89ea073ab1becf8c5feb98c954c4d1ca22cf54cde33cdab2,2026-10-02T11:52:03+00:00,press/media.audiusa.com/api/api_press-kits_2025-a6-sedan.json.gz,ok,
audi,audi/a6,,press_index,press kit 2020-a6-press-kit,https://media.audiusa.com/api/press-kits/2020-a6-press-kit,200,10176,ddbd99ed373384dbadae2524093e10d6916a2b7cc56be768867a91b37d6fca78,2026-10-02T11:52:05+00:00,press/media.audiusa.com/api/api_press-kits_2020-a6-press-kit.json.gz,ok,
audi,audi/a6,,press_index,press kit 2017-a6-sedan,https://media.audiusa.com/api/press-kits/2017-a6-sedan,200,10232,d5a50c797b53d03423c2f60ad4c6770e949745a66efdd30b5024d2fb45aa5c59,2026-10-02T11:52:09+00:00,press/media.audiusa.com/api/api_press-kits_2017-a6-sedan.json.gz,ok,
audi,audi/a6,,press_index,press kit 2016-a6-sedan,https://media.audiusa.com/api/press-kits/2016-a6-sedan,200,10235,7cb42bf5968cf0935fd7ae67ed6b2a0c6a9cdcd64451a4ed18e7c8f7e1596b95,2026-10-02T11:52:14+00:00,press/media.audiusa.com/api/api_press-kits_2016-a6-sedan.json.gz,ok,
audi,audi/a6,,press_index,press kit 2015-a6-sedan,https://media.audiusa.com/api/press-kits/2015-a6-sedan,200,10207,36555d5a04a8aea02ad54d866b0c387fb85e9043ec05e0def54caa387d9dbd65,2026-10-02T11:52:18+00:00,press/media.audiusa.com/api/api_press-kits_2015-a6-sedan.json.gz,ok,
audi,audi/a6,,press_index,press kit 2014-a6-sedan,https://media.audiusa.com/api/press-kits/2014-a6-sedan,200,10223,a183aaaf534da449fd14e092cc010a2ae37917b122dd73939f620ca872afb88a,2026-10-02T11:52:22+00:00,press/media.audiusa.com/api/api_press-kits_2014-a6-sedan.json.gz,ok,
audi,audi/a6,,press_index,press kit 2026-a6-allroad,https://media.audiusa.com/api/press-kits/2026-a6-allroad,200,6627,289a7e21d0de96ac7c1781edffd61f8fd58884d9b1a8a974ff438f6c2d178c25,2026-10-02T11:52:26+00:00,press/media.audiusa.com/api/api_press-kits_2026-a6-allroad.json.gz,ok,
audi,audi/a6,,press_index,press kit 2025-a6-allroad,https://media.audiusa.com/api/press-kits/2025-a6-allroad,200,6506,f909a9b166baf9580c24449348e3267bda064993ff966a7d1817985eeb06e696,2026-10-02T11:52:30+00:00,press/media.audiusa.com/api/api_press-kits_2025-a6-allroad.json.gz,ok,
audi,audi/a6,,press_index,press kit 2021-audi-a6-allroad,https://media.audiusa.com/api/press-kits/2021-audi-a6-allroad,200,6376,51bc502edc2b7a35ae92ecf0b1b75bc1d5587e3d5aa225c9d75f86f46024626e,2026-10-02T11:52:35+00:00,press/media.audiusa.com/api/api_press-kits_2021-audi-a6-allroad.json.gz,ok,
audi,audi/a6,,press_index,press kit 2020-a6-allroad,https://media.audiusa.com/api/press-kits/2020-a6-allroad,200,6396,8bdb8332dd79fe892553768af19f280443faf856de73392bfc5845bb5013def4,2026-10-02T11:52:38+00:00,press/media.audiusa.com/api/api_press-kits_2020-a6-allroad.json.gz,ok,
audi,audi/a6,,press_index,press kit 2026-rs-6-avant-press-kit,https://media.audiusa.com/api/press-kits/2026-rs-6-avant-press-kit,200,6455,137ecc306d9b168268c7b204162de610b0819993141d94119d0f044e127c207b,2026-10-02T11:52:42+00:00,press/media.audiusa.com/api/api_press-kits_2026-rs-6-avant-press-kit.json.gz,ok,
audi,audi/a6,,press_index,press kit 2025-rs-6-avant-press-kit,https://media.audiusa.com/api/press-kits/2025-rs-6-avant-press-kit,200,6334,cee7f1520b290d3723de8aa062e265813dbbdf8ecb8d00f33b36cca59444ec0d,2026-10-02T11:52:45+00:00,press/media.audiusa.com/api/api_press-kits_2025-rs-6-avant-press-kit.json.gz,ok,
audi,audi/a6,,press_index,press kit 2021-audi-rs-6-avant-press-kit,https://media.audiusa.com/api/press-kits/2021-audi-rs-6-avant-press-kit,200,6794,1ec8c5e1b3de4d8bb142e49a7dbc334d6c7e5f64c3975a9c53529a8be5e7ecfc,2026-10-02T11:52:49+00:00,press/media.audiusa.com/api/api_press-kits_2021-audi-rs-6-avant-press-kit.json.gz,ok,
audi,audi/a6,,press_index,press kit 2025-s6-press-kit,https://media.audiusa.com/api/press-kits/2025-s6-press-kit,200,14048,b6d170294963b9fdcf0776be141ae0fd01c5a07c9c414b87e2975dd0c8c45c08,2026-10-02T11:52:52+00:00,press/media.audiusa.com/api/api_press-kits_2025-s6-press-kit.json.gz,ok,
audi,audi/a6,,press_index,press kit 2020-s6-press-kit,https://media.audiusa.com/api/press-kits/2020-s6-press-kit,200,6575,4bc54faa4937c39994553d2997512e586b4b9488483a74b6e1e2576a8921b03a,2026-10-02T11:52:56+00:00,press/media.audiusa.com/api/api_press-kits_2020-s6-press-kit.json.gz,ok,
audi,audi/a6,,press_index,press kit 2017-s6-press-kit,https://media.audiusa.com/api/press-kits/2017-s6-press-kit,200,6595,4fc90646156e302028953731be62db860f06326966a4e77441b2385051fb36de,2026-10-02T11:53:00+00:00,press/media.audiusa.com/api/api_press-kits_2017-s6-press-kit.json.gz,ok,
audi,audi/a6,,press_index,press kit 2016-s6-press-kit,https://media.audiusa.com/api/press-kits/2016-s6-press-kit,200,6598,e8f2917a4626af81398562f85911b8d0c04f52b51ccc6277812ce15dc698ed7a,2026-10-02T11:53:05+00:00,press/media.audiusa.com/api/api_press-kits_2016-s6-press-kit.json.gz,ok,
audi,audi/a6,,press_index,press kit 2015-s6-press-kit,https://media.audiusa.com/api/press-kits/2015-s6-press-kit,200,6580,6fb3cbc08b5d97b6625b583f8d90898a9ce5d91c0d31f5d68c9813999ad2f474,2026-10-02T11:53:09+00:00,press/media.audiusa.com/api/api_press-kits_2015-s6-press-kit.json.gz,ok,
audi,audi/a6,,press_index,press kit 2014-s6-press-kit,https://media.audiusa.com/api/press-kits/2014-s6-press-kit,200,6586,f93ef09b93beca67ddc9d5c8f142a88b285fa606b1d9a2067fb8b711bd105b23,2026-10-02T11:53:13+00:00,press/media.audiusa.com/api/api_press-kits_2014-s6-press-kit.json.gz,ok,
audi,audi/q3,,press_index,press kit 2027-q3-press-kit,https://media.audiusa.com/api/press-kits/2027-q3-press-kit,200,8673,c6a173660951e05a4bf7e4cc38244128773a8997d3051510d990454cdc1e566b,2026-10-02T11:53:16+00:00,press/media.audiusa.com/api/api_press-kits_2027-q3-press-kit.json.gz,ok,
audi,audi/q3,,press_index,press kit 2026-q3-press-kit,https://media.audiusa.com/api/press-kits/2026-q3-press-kit,200,27742,d991dad2bf04efc9492c8c4433f8a9114330bd988663256347608cc8e4136af2,2026-10-02T11:53:19+00:00,press/media.audiusa.com/api/api_press-kits_2026-q3-press-kit.json.gz,ok,
audi,audi/q3,,press_index,press kit 2025-q3-press-kit,https://media.audiusa.com/api/press-kits/2025-q3-press-kit,200,8634,2f9a216b7b36f7622e795b1b93a4088809554e7996858e50de6079611d2a66d7,2026-10-02T11:53:23+00:00,press/media.audiusa.com/api/api_press-kits_2025-q3-press-kit.json.gz,ok,
audi,audi/q3,,press_index,press kit 2021-audi-q3-press-kit,https://media.audiusa.com/api/press-kits/2021-audi-q3-press-kit,200,9092,0c0c2a29647ac8dc62f1b5d28627f1f452be2b38eafc146290eb76680ff96cf8,2026-10-02T11:53:26+00:00,press/media.audiusa.com/api/api_press-kits_2021-audi-q3-press-kit.json.gz,ok,
audi,audi/q3,,press_index,press kit 2017-q3,https://media.audiusa.com/api/press-kits/2017-q3,200,9062,6174d976716bab824877151e89c0e8ff4cb4d5f0e81d0aca352d1457c7e42f80,2026-10-02T11:53:29+00:00,press/media.audiusa.com/api/api_press-kits_2017-q3.json.gz,ok,
audi,audi/q3,,press_index,press kit 2016-q3,https://media.audiusa.com/api/press-kits/2016-q3,200,785,c7fb797724cbdf98ea7605999fe5829e7d76af721e23efb654adc1ebc0f75bbc,2026-10-02T11:53:32+00:00,press/media.audiusa.com/api/api_press-kits_2016-q3.json.gz,ok,
audi,audi/q3,,press_index,press kit 2015-q3,https://media.audiusa.com/api/press-kits/2015-q3,200,791,f3b0b47d9634e301684f76ea33793402db15a8a555d0a45e47a2fc28e85386fe,2026-10-02T11:53:35+00:00,press/media.audiusa.com/api/api_press-kits_2015-q3.json.gz,ok,
audi,audi/q5,,press_index,press kit 2026-q5sq5-press-kit,https://media.audiusa.com/api/press-kits/2026-q5sq5-press-kit,200,17986,45d617915d0166ce08321b409a7ff0396f456af0d73477228e89aae360defe3e,2026-10-02T11:53:40+00:00,press/media.audiusa.com/api/api_press-kits_2026-q5sq5-press-kit.json.gz,ok,
audi,audi/q5,,press_index,press kit 2025-q5sq5-press-kit,https://media.audiusa.com/api/press-kits/2025-q5sq5-press-kit,200,17276,fe1711578e5cb9afd3474a372c47e9bef82be1fde443c05faa0a392ed9ab7b71,2026-10-02T11:53:44+00:00,press/media.audiusa.com/api/api_press-kits_2025-q5sq5-press-kit.json.gz,ok,
audi,audi/q5,,press_index,press kit 2021-q5/sq5,https://media.audiusa.com/api/press-kits/2021-q5/sq5,404,73,80a14244ed3eabc87cc87c6abc6ffb1ce55bc1afffdcbdc757e2a293195f70ed,2026-10-02T11:53:48+00:00,,not_found,"{""message"":""The route api\/press-kits\/2021-q5\/sq5 could not be found.""}"
audi,audi/q5,,press_index,press kit 2022-q5/sq5,https://media.audiusa.com/api/press-kits/2022-q5/sq5,404,73,b20d79ab25af3322999485cc2f99776517aa1d617ff33c8f853200894aaa4073,2026-10-02T11:53:51+00:00,,not_found,"{""message"":""The route api\/press-kits\/2022-q5\/sq5 could not be found.""}"
audi,audi/q5,,press_index,press kit 2018-q5sq5,https://media.audiusa.com/api/press-kits/2018-q5sq5,200,24633,984c0f672fc242d240897ea485a530afba0e617c1694f269c4ba4910ec5ccaa6,2026-10-02T11:53:56+00:00,press/media.audiusa.com/api/api_press-kits_2018-q5sq5.json.gz,ok,
audi,audi/q5,,press_index,press kit 2017-q5sq5,https://media.audiusa.com/api/press-kits/2017-q5sq5,200,810,0a422eec7789b1ced6610ea4c2533202d32a48fa328514b343e34273faa12a11,2026-10-02T11:54:01+00:00,press/media.audiusa.com/api/api_press-kits_2017-q5sq5.json.gz,ok,
audi,audi/q5,,press_index,press kit 2016-q5sq5,https://media.audiusa.com/api/press-kits/2016-q5sq5,200,798,d8c80a425cb8e8acd6a4721c46dae50c3b24c01e234b3fdc394d45d9590c56d1,2026-10-02T11:54:05+00:00,press/media.audiusa.com/api/api_press-kits_2016-q5sq5.json.gz,ok,
audi,audi/q5,,press_index,press kit 2015-q5sq5,https://media.audiusa.com/api/press-kits/2015-q5sq5,200,795,ddc38bfd72d41039d42dbc6696e543a5d2d6a68c00ad1d8b6c8e71623920d499,2026-10-02T11:54:08+00:00,press/media.audiusa.com/api/api_press-kits_2015-q5sq5.json.gz,ok,
audi,audi/q5,,press_index,press kit 2013-q5,https://media.audiusa.com/api/press-kits/2013-q5,200,779,02863c32814f589d104ca839f282984c7031b4f3992a4a005ee950bff7196862,2026-10-02T11:54:12+00:00,press/media.audiusa.com/api/api_press-kits_2013-q5.json.gz,ok,
audi,audi/q5,,press_index,press kit 2026-q5sq5-sportback-press-kit,https://media.audiusa.com/api/press-kits/2026-q5sq5-sportback-press-kit,200,17631,0099473dff5fcadfbf307e419ce7e79c33c4ac24f6c59676aea05727a6d6d7d1,2026-10-02T11:54:15+00:00,press/media.audiusa.com/api/api_press-kits_2026-q5sq5-sportback-press-kit.json.gz,ok,
audi,audi/q5,,press_index,press kit 2025-q5sq5-sportback-press-kit,https://media.audiusa.com/api/press-kits/2025-q5sq5-sportback-press-kit,200,16952,9c9fece171dc3df8fa61e482e11b896cf71ba2a1a6f1c9a9b213a8c592c9d44e,2026-10-02T11:54:18+00:00,press/media.audiusa.com/api/api_press-kits_2025-q5sq5-sportback-press-kit.json.gz,ok,
audi,audi/q5,,press_index,press kit 2021-q5/sq5-sportback,https://media.audiusa.com/api/press-kits/2021-q5/sq5-sportback,404,83,dafec045976ad89cfb4bc014608f87057677fbf0daed62c6f5afb139946976d5,2026-10-02T11:54:21+00:00,,not_found,"{""message"":""The route api\/press-kits\/2021-q5\/sq5-sportback could not be found.""}"
audi,audi/q7,,press_index,press kit 2027-q7sq7,https://media.audiusa.com/api/press-kits/2027-q7sq7,200,16706,84ee1b6ac35f89bb7914a72a617e7e437d4b934e7a5318e1f6e235c37c17ed1f,2026-10-02T11:54:26+00:00,press/media.audiusa.com/api/api_press-kits_2027-q7sq7.json.gz,ok,
audi,audi/q7,,press_index,press kit 2026-q7sq7,https://media.audiusa.com/api/press-kits/2026-q7sq7,200,806,4c850d425f35355c38dab26fc44d07cbfaefd9d48b291bee7b412453a0d02024,2026-10-02T11:54:29+00:00,press/media.audiusa.com/api/api_press-kits_2026-q7sq7.json.gz,ok,
audi,audi/q7,,press_index,press kit 2021-q7,https://media.audiusa.com/api/press-kits/2021-q7,200,15912,5e93ac0326472b8e032c5fd9e5c3967bc4a40e213028171072c8c57fe4119728,2026-10-02T11:54:32+00:00,press/media.audiusa.com/api/api_press-kits_2021-q7.json.gz,ok,
audi,audi/q7,,press_index,press kit 2020-q7,https://media.audiusa.com/api/press-kits/2020-q7,200,15413,968c45587742aa43016be8994a4122ccfd054faf7c7df3b5aed8092494a88426,2026-10-02T11:54:37+00:00,press/media.audiusa.com/api/api_press-kits_2020-q7.json.gz,ok,
audi,audi/q7,,press_index,press kit 2019-q7,https://media.audiusa.com/api/press-kits/2019-q7,200,1260,0db27b549cfd046a042e935fb7c4d5f4ec4522eb443d02ff4fca126e848ae10a,2026-10-02T11:54:42+00:00,press/media.audiusa.com/api/api_press-kits_2019-q7.json.gz,ok,
audi,audi/q7,,press_index,press kit 2017-q7,https://media.audiusa.com/api/press-kits/2017-q7,200,790,55fbf9919f4eb0926400438a029c0855c226937e2492512b48dac6042edecca8,2026-10-02T11:54:45+00:00,press/media.audiusa.com/api/api_press-kits_2017-q7.json.gz,ok,
audi,audi/q7,,press_index,press kit 2015-q7,https://media.audiusa.com/api/press-kits/2015-q7,200,781,fd09ad9cc39c63900cc0d035a3d8b2b2fea6c658827f0e1790fc48a3ff7be0f7,2026-10-02T11:54:50+00:00,press/media.audiusa.com/api/api_press-kits_2015-q7.json.gz,ok,
audi,audi/q7,,press_index,press kit 2014-q7,https://media.audiusa.com/api/press-kits/2014-q7,200,778,a758fe6d0fe981a9cdf9c3dd23ce4d156e57a16097b2ea58c1d6219d38a38dec,2026-10-02T11:54:53+00:00,press/media.audiusa.com/api/api_press-kits_2014-q7.json.gz,ok,
audi,,,robots,robots.txt,https://media.audiusa.com/robots.txt,200,75,f6f9199c9b855cd434eca2b82415f5b0f851f71cbd82bfc333063fd9b5f12bf9,2026-10-02T11:58:09+00:00,press/media.audiusa.com/robots.txt.gz,ok,no rule against the pages used
audi,audi/a3,,press_index,press kit 2020-audi-a3/s3-sedan,https://media.audiusa.com/api/press-kits/2020-audi-a3/s3-sedan,404,83,b122b3a1aa24424afe6570aa2477fa1229ab75d4f4853063754e37977aaee464,2026-10-02T11:58:13+00:00,,not_found,"{""message"":""The route api\/press-kits\/2020-audi-a3\/s3-sedan could not be found.""}"
audi,audi/a4,,press_index,press kit 2020-a4/s4-press-kit,https://media.audiusa.com/api/press-kits/2020-a4/s4-press-kit,404,82,7fc36beca71de6227c69ede73a03772c3f6430383b374ba41866646dc04cb7ec,2026-10-02T11:58:16+00:00,,not_found,"{""message"":""The route api\/press-kits\/2020-a4\/s4-press-kit could not be found.""}"
audi,audi/a4,,press_index,press kit 2018-a4/s4-sedan,https://media.audiusa.com/api/press-kits/2018-a4/s4-sedan,404,78,7cb7c1b877bdc1e0aa414674fa35f557688f1aec99aa6d90cf63fb2dc68f52e3,2026-10-02T11:58:20+00:00,,not_found,"{""message"":""The route api\/press-kits\/2018-a4\/s4-sedan could not be found.""}"
audi,audi/a4,,press_index,press kit 2015-a4/s4-sedan,https://media.audiusa.com/api/press-kits/2015-a4/s4-sedan,404,78,a02706ac4b656b96853dbc568530310962cd47fa826e3640346d8b9f35600c93,2026-10-02T11:58:22+00:00,,not_found,"{""message"":""The route api\/press-kits\/2015-a4\/s4-sedan could not be found.""}"
audi,audi/a4,,press_index,press kit 2014-a4/s4-sedan,https://media.audiusa.com/api/press-kits/2014-a4/s4-sedan,404,78,43677f1594e447db69ca3445c70c558652500429ac5974f99de5d0646ac693d4,2026-10-02T11:58:26+00:00,,not_found,"{""message"":""The route api\/press-kits\/2014-a4\/s4-sedan could not be found.""}"
audi,audi/a5,,press_index,press kit a5/s5-coupe,https://media.audiusa.com/api/press-kits/a5/s5-coupe,404,73,94a93ffe36db744348b876a79940e6c794e47dbf9c0fe1f4c8f68804ba402f2e,2026-10-02T11:58:29+00:00,,not_found,"{""message"":""The route api\/press-kits\/a5\/s5-coupe could not be found.""}"
audi,audi/a5,,press_index,press kit 2021-a5/s5-cabriolet,https://media.audiusa.com/api/press-kits/2021-a5/s5-cabriolet,404,82,4f2c73781896e5b48fed8794612d0dc3076a75b580d4ca8465f09ded9108c77c,2026-10-02T11:58:31+00:00,,not_found,"{""message"":""The route api\/press-kits\/2021-a5\/s5-cabriolet could not be found.""}"
audi,audi/q5,,press_index,press kit 2021-q5/sq5,https://media.audiusa.com/api/press-kits/2021-q5/sq5,404,73,80a14244ed3eabc87cc87c6abc6ffb1ce55bc1afffdcbdc757e2a293195f70ed,2026-10-02T11:58:35+00:00,,not_found,"{""message"":""The route api\/press-kits\/2021-q5\/sq5 could not be found.""}"
audi,audi/q5,,press_index,press kit 2022-q5/sq5,https://media.audiusa.com/api/press-kits/2022-q5/sq5,404,73,b20d79ab25af3322999485cc2f99776517aa1d617ff33c8f853200894aaa4073,2026-10-02T11:58:39+00:00,,not_found,"{""message"":""The route api\/press-kits\/2022-q5\/sq5 could not be found.""}"
audi,audi/q5,,press_index,press kit 2021-q5/sq5-sportback,https://media.audiusa.com/api/press-kits/2021-q5/sq5-sportback,404,83,dafec045976ad89cfb4bc014608f87057677fbf0daed62c6f5afb139946976d5,2026-10-02T11:58:43+00:00,,not_found,"{""message"":""The route api\/press-kits\/2021-q5\/sq5-sportback could not be found.""}"
audi,audi/a3,,press_index,releases of A3 page 1,https://media.audiusa.com/api/models/A3/releases?page=1,200,120109,f14ae1d00e2995ddf48201da42b71b10b505c415181a86edcfafd067e7e313b3,2026-10-02T11:58:46+00:00,press/media.audiusa.com/api/api_models_A3_releases_page_1.json.gz,ok,
audi,audi/a3,,press_index,"release 518 documents: Audi announces model year 2023 updates with more standard equipment, driver assi",https://media.audiusa.com/api/releases/518/sidebar-content,200,1904,de7662861375e722d2d66447094b4966be94da159ae3f46d7c7b94d00050ef22,2026-10-02T11:58:49+00:00,press/media.audiusa.com/api/api_releases_518_sidebar-content.json.gz,ok,
audi,audi/a3,,press_index,releases of A3 page 2,https://media.audiusa.com/api/models/A3/releases?page=2,200,23012,b71cbfc4504e75f597e87bb1741037c003db4e2925893c72a872c40d9a48211c,2026-10-02T11:58:52+00:00,press/media.audiusa.com/api/api_models_A3_releases_page_2.json.gz,ok,
audi,audi/a3,,press_index,releases of a3s3-sedan page 1,https://media.audiusa.com/api/models/a3s3-sedan/releases?page=1,200,176761,17d317bd9c71bf104a248f2c5db27ea919f8515bb347a8444c6fe2b8b4e3fdd9,2026-10-02T11:58:54+00:00,press/media.audiusa.com/api/api_models_a3s3-sedan_releases_page_1.json.gz,ok,
audi,audi/a3,,press_index,release 573 documents: Audi updates 2024 models with new standard features and expanded connected techn,https://media.audiusa.com/api/releases/573/sidebar-content,200,1887,442fd367d2827f6fb49775e22e17e53d27dab8e2b9737bf88a4ad24409a0a98e,2026-10-02T11:58:58+00:00,press/media.audiusa.com/api/api_releases_573_sidebar-content.json.gz,ok,
audi,audi/a3,,press_index,releases of a3s3-sedan page 2,https://media.audiusa.com/api/models/a3s3-sedan/releases?page=2,200,88606,8a9ed567826a19a7fc5771ae24a65ccf77296db90aa97dd02eeea4c8dd8b4107,2026-10-02T11:59:03+00:00,press/media.audiusa.com/api/api_models_a3s3-sedan_releases_page_2.json.gz,ok,
audi,audi/a3,,press_index,releases of a3s3-sedan page 3,https://media.audiusa.com/api/models/a3s3-sedan/releases?page=3,200,28386,229131c99622e52bf2f716fde6756b1ad4cc4ef4c73c996fdad0f779045245f3,2026-10-02T11:59:06+00:00,press/media.audiusa.com/api/api_models_a3s3-sedan_releases_page_3.json.gz,ok,
audi,audi/a3,,press_index,release 349 documents: Audi of America announces full 2020 model year updates,https://media.audiusa.com/api/releases/349/sidebar-content,200,2007,19fec81caccbbcd09330be7700fc59f9b5c0d7fc9f5fafefb260e7f8fd2bfc59,2026-10-02T11:59:08+00:00,press/media.audiusa.com/api/api_releases_349_sidebar-content.json.gz,ok,
audi,audi/a3,,press_index,releases of A3-Sedan page 1,https://media.audiusa.com/api/models/A3-Sedan/releases?page=1,200,146385,717d70b3a6bc7a8c909d49553bca2f48a5a72e6c80c3cafbf22977f286472616,2026-10-02T11:59:11+00:00,press/media.audiusa.com/api/api_models_A3-Sedan_releases_page_1.json.gz,ok,
audi,audi/a3,,press_index,releases of A3-Sedan page 2,https://media.audiusa.com/api/models/A3-Sedan/releases?page=2,200,37377,7da6ff6cfe77a1e34c13bc7c68646c685bc884f68f9ec1a284df5e6e864ccc88,2026-10-02T11:59:16+00:00,press/media.audiusa.com/api/api_models_A3-Sedan_releases_page_2.json.gz,ok,
audi,audi/a3,,press_index,releases of S3-Sedan page 1,https://media.audiusa.com/api/models/S3-Sedan/releases?page=1,200,149329,942fbdebc1e1a51c50b2efd570cff9d2668639a65a01263907d862e27fad1c98,2026-10-02T11:59:21+00:00,press/media.audiusa.com/api/api_models_S3-Sedan_releases_page_1.json.gz,ok,
audi,audi/a3,,press_index,releases of S3-Sedan page 2,https://media.audiusa.com/api/models/S3-Sedan/releases?page=2,200,37377,4266d50ff5b7adcff6f2c54009b28cc36660edec6e2bdca808558e05cc340584,2026-10-02T11:59:25+00:00,press/media.audiusa.com/api/api_models_S3-Sedan_releases_page_2.json.gz,ok,
audi,audi/a3,,press_index,releases of a3-cabriolet page 1,https://media.audiusa.com/api/models/a3-cabriolet/releases?page=1,200,52840,7d8dca71315557609fd3380f0077ef50b0d7c72413ef11e7fd9b7fb149193ca9,2026-10-02T11:59:29+00:00,press/media.audiusa.com/api/api_models_a3-cabriolet_releases_page_1.json.gz,ok,
audi,audi/a3,,press_index,releases of rs-3 page 1,https://media.audiusa.com/api/models/rs-3/releases?page=1,200,150842,fc3e618ac9238ebcf631184189869c7c365c59eaeeee00844666b175947b55e5,2026-10-02T11:59:34+00:00,press/media.audiusa.com/api/api_models_rs-3_releases_page_1.json.gz,ok,
audi,audi/a3,,press_index,releases of rs-3 page 2,https://media.audiusa.com/api/models/rs-3/releases?page=2,200,122638,0ccef882343072d968429e1d29767479d28b9a100fab1c5f31e76da342b7d829,2026-10-02T11:59:39+00:00,press/media.audiusa.com/api/api_models_rs-3_releases_page_2.json.gz,ok,
audi,audi/a3,,press_index,release 561 documents: Audi RS 3 Sedan wins 2023 Best Performance Car award from Women's World Car of t,https://media.audiusa.com/api/releases/561/sidebar-content,200,867,aa5add4c4719d4f35327614a350246ec616c24be4c380dda7bd1d0e27012f64d,2026-10-02T11:59:42+00:00,press/media.audiusa.com/api/api_releases_561_sidebar-content.json.gz,ok,
audi,audi/a3,,press_index,releases of rs-3 page 3,https://media.audiusa.com/api/models/rs-3/releases?page=3,200,73208,bcda926ec4ac74f127e71e2853908911a2f296ab567f69df0b615aa17a2b38c8,2026-10-02T11:59:45+00:00,press/media.audiusa.com/api/api_models_rs-3_releases_page_3.json.gz,ok,
audi,audi/a4,,press_index,releases of A4 page 1,https://media.audiusa.com/api/models/A4/releases?page=1,200,186166,2599450e9be595a867a98ac3ba9a5c4c1a7f5a4b7229819c0e8832bfdcb06327,2026-10-02T11:59:49+00:00,press/media.audiusa.com/api/api_models_A4_releases_page_1.json.gz,ok,
audi,audi/a4,,press_index,"release 612 documents: Audi updates 2025 model lineup with streamlined trim selections, compelling opti",https://media.audiusa.com/api/releases/612/sidebar-content,200,1933,d9a054dc885d90d2702363d8d43d4ddd56d505926162cc9730c5b63e42c81965,2026-10-02T11:59:52+00:00,press/media.audiusa.com/api/api_releases_612_sidebar-content.json.gz,ok,
audi,audi/a4,,press_index,"release 479 documents: ""Hey Audi, what's new for 2022?"" - Audi infotainment platform expands with voice",https://media.audiusa.com/api/releases/479/sidebar-content,200,1607,bf34bc8643283076796baeeed8896e01cfe833feb74214bf3d6d1c960f6da5cd,2026-10-02T11:59:57+00:00,press/media.audiusa.com/api/api_releases_479_sidebar-content.json.gz,ok,
audi,audi/a4,,press_index,releases of A4 page 2,https://media.audiusa.com/api/models/A4/releases?page=2,200,5975,018848f4ecd9be0845b92b4ca4509b547f660bb84e52818efc08baf410dcee85,2026-10-02T12:00:02+00:00,press/media.audiusa.com/api/api_models_A4_releases_page_2.json.gz,ok,
audi,audi/a4,,press_index,releases of a4s4 page 1,https://media.audiusa.com/api/models/a4s4/releases?page=1,200,259361,3b7b2c679105871ed19a80a31511aa16542979a66265cdd813bb04d190a1cfde,2026-10-02T12:00:06+00:00,press/media.audiusa.com/api/api_models_a4s4_releases_page_1.json.gz,ok,
audi,audi/a4,,press_index,"release 476 documents: Function on Demand navigation subscription now available in 2021 Audi Q5, A4 and",https://media.audiusa.com/api/releases/476/sidebar-content,200,2374,f2a793734b577d80a9c78579cbb1676fea8cf3b53288a655ec42d22f77210c19,2026-10-02T12:00:10+00:00,press/media.audiusa.com/api/api_releases_476_sidebar-content.json.gz,ok,
audi,audi/a4,,press_index,releases of a4s4 page 2,https://media.audiusa.com/api/models/a4s4/releases?page=2,200,84612,5f3cf342760b3719e8cbd884920ad2b46c9a5798a5d46d8ce4c64328b02675fd,2026-10-02T12:00:13+00:00,press/media.audiusa.com/api/api_models_a4s4_releases_page_2.json.gz,ok,
audi,audi/a4,,press_index,"release 474 documents: Audi announces model year 2022 updates with increased standard equipment, driver",https://media.audiusa.com/api/releases/474/sidebar-content,200,2305,4ca0a384e2d31087dad1b6ff5e6b227b2e5529df59049ed5a94bd945ef4c1cea,2026-10-02T12:00:15+00:00,press/media.audiusa.com/api/api_releases_474_sidebar-content.json.gz,ok,
audi,audi/a4,,press_index,release 461 documents: Eight 2021 Audi models recognized for 2021 IIHS 'TOP SAFETY PICK+' or 'TOP SAFET,https://media.audiusa.com/api/releases/461/sidebar-content,200,1515,37251ec10604bf8b19508b8c10fb51166b2071a0f88cf75b5f18c6736d230fb4,2026-10-02T12:00:18+00:00,press/media.audiusa.com/api/api_releases_461_sidebar-content.json.gz,ok,
audi,audi/a4,,press_index,release 408 documents: Audi of America announces full 2021 model year updates,https://media.audiusa.com/api/releases/408/sidebar-content,200,2206,5024bad2c516f623526520cc764e19cdda0df94d1a58e366f62d139904128c82,2026-10-02T12:00:20+00:00,press/media.audiusa.com/api/api_releases_408_sidebar-content.json.gz,ok,
audi,audi/a4,,press_index,releases of a4s4 page 3,https://media.audiusa.com/api/models/a4s4/releases?page=3,200,24464,53d3116a1a229d7f39d315002c3f824819a21480ea2496a61c3921d0b415139f,2026-10-02T12:00:25+00:00,press/media.audiusa.com/api/api_models_a4s4_releases_page_3.json.gz,ok,
audi,audi/a4,,press_index,releases of a-4 page 1,https://media.audiusa.com/api/models/a-4/releases?page=1,200,157177,3150ae19a1cee010701eb6b3e99f10170d9a34c14279e9e53ab4c18ec5c43420,2026-10-02T12:00:27+00:00,press/media.audiusa.com/api/api_models_a-4_releases_page_1.json.gz,ok,
audi,audi/a4,,press_index,releases of s4 page 1,https://media.audiusa.com/api/models/s4/releases?page=1,200,133625,94c0188890797b39de601f7f5c0ad84686bae0492d0c821cb6cee77fda4e466d,2026-10-02T12:00:32+00:00,press/media.audiusa.com/api/api_models_s4_releases_page_1.json.gz,ok,
audi,audi/a4,,press_index,releases of A4-allroad page 1,https://media.audiusa.com/api/models/A4-allroad/releases?page=1,200,280020,a35a171004aba53dea34c34c1604bfb36bf649d53d0e3d1eb413fb2e0d056599,2026-10-02T12:00:36+00:00,press/media.audiusa.com/api/api_models_A4-allroad_releases_page_1.json.gz,ok,
audi,audi/a4,,press_index,releases of A4-allroad page 2,https://media.audiusa.com/api/models/A4-allroad/releases?page=2,200,29579,251af6834282f2e90cc1ddf6f2bcde9a48dd3aba7a10e988a27b525e74713d2b,2026-10-02T12:00:39+00:00,press/media.audiusa.com/api/api_models_A4-allroad_releases_page_2.json.gz,ok,
audi,audi/a5,,press_index,releases of A5 page 1,https://media.audiusa.com/api/models/A5/releases?page=1,200,170420,4d2e3d4b7349548c534c1fd19b04e4e5be0e01e21f8f1e95cee28fc5de164844,2026-10-02T12:00:42+00:00,press/media.audiusa.com/api/api_models_A5_releases_page_1.json.gz,ok,
audi,audi/a5,,press_index,releases of A5 page 2,https://media.audiusa.com/api/models/A5/releases?page=2,200,22050,a0bd4e6eecaaa38e42175e6b7c871fb314951eaae725525c73b863731e354a8e,2026-10-02T12:00:45+00:00,press/media.audiusa.com/api/api_models_A5_releases_page_2.json.gz,ok,
audi,audi/a5,,press_index,releases of a5s5 page 1,https://media.audiusa.com/api/models/a5s5/releases?page=1,200,49761,48d2754c2e772ae2101562c05b9114636d18864b4b719849b8eb3b40a1932044,2026-10-02T12:00:51+00:00,press/media.audiusa.com/api/api_models_a5s5_releases_page_1.json.gz,ok,
audi,audi/a5,,press_index,releases of a5-sedan page 1,https://media.audiusa.com/api/models/a5-sedan/releases?page=1,200,90572,d101e67d702661295442e25639e5a4850d0d8768b5257aa1a247953795676f19,2026-10-02T12:00:54+00:00,press/media.audiusa.com/api/api_models_a5-sedan_releases_page_1.json.gz,ok,
audi,audi/a5,,press_index,releases of a5-sedan page 2,https://media.audiusa.com/api/models/a5-sedan/releases?page=2,200,40919,10f169dec38caf2f7d272710b5d1f5be92241bae26ae2078a3a928e05505a438,2026-10-02T12:00:58+00:00,press/media.audiusa.com/api/api_models_a5-sedan_releases_page_2.json.gz,ok,
audi,audi/a5,,press_index,releases of s5-sedan page 1,https://media.audiusa.com/api/models/s5-sedan/releases?page=1,200,64242,0c24e86050338bbb974b340fb183234d4e1a9899c8fd3b21c34bf2401a7f38ab,2026-10-02T12:01:02+00:00,press/media.audiusa.com/api/api_models_s5-sedan_releases_page_1.json.gz,ok,
audi,audi/a5,,press_index,releases of a5-previous-models page 1,https://media.audiusa.com/api/models/a5-previous-models/releases?page=1,200,644,691a03cc92c1c7887594a064c287a5bf56dc59368259269ee2c4ba118a4d2d3c,2026-10-02T12:01:06+00:00,press/media.audiusa.com/api/api_models_a5-previous-models_releases_page_1.json.gz,ok,
audi,audi/a5,,press_index,releases of a5-s5-coupe page 1,https://media.audiusa.com/api/models/a5-s5-coupe/releases?page=1,200,259301,1aa998d04942980fe3c1bb319f0c2701653a93c163e2e0363143b7f529627135,2026-10-02T12:01:09+00:00,press/media.audiusa.com/api/api_models_a5-s5-coupe_releases_page_1.json.gz,ok,
audi,audi/a5,,press_index,releases of a5-s5-coupe page 2,https://media.audiusa.com/api/models/a5-s5-coupe/releases?page=2,200,91036,f4ec6637495679e7e88dcdd4bd9564b7eba778d0c9e2e9364e7e2f9b3463d8b2,2026-10-02T12:01:13+00:00,press/media.audiusa.com/api/api_models_a5-s5-coupe_releases_page_2.json.gz,ok,
audi,audi/a5,,press_index,releases of A5-Coupe page 1,https://media.audiusa.com/api/models/A5-Coupe/releases?page=1,200,138831,8637cf7c4c2eddda4095c32576f58bf0594409ba502db08c4da6415c6c463127,2026-10-02T12:01:17+00:00,press/media.audiusa.com/api/api_models_A5-Coupe_releases_page_1.json.gz,ok,
audi,audi/a5,,press_index,releases of S5-Coupe page 1,https://media.audiusa.com/api/models/S5-Coupe/releases?page=1,200,133649,65448991bb5826e06195cf2ac5bb603ea1cf5a8548b3dfbc132142261538cf99,2026-10-02T12:01:19+00:00,press/media.audiusa.com/api/api_models_S5-Coupe_releases_page_1.json.gz,ok,
audi,audi/a5,,press_index,releases of a5s5-sportback page 1,https://media.audiusa.com/api/models/a5s5-sportback/releases?page=1,200,254557,e709170f3f50dc38277ae7eca4a4e2a2f3c4ec8f14ccbd110a4547443a9f7035,2026-10-02T12:01:24+00:00,press/media.audiusa.com/api/api_models_a5s5-sportback_releases_page_1.json.gz,ok,
audi,audi/a5,,press_index,releases of a5s5-sportback page 2,https://media.audiusa.com/api/models/a5s5-sportback/releases?page=2,200,95240,8fe57b1a128b260edaacbd8684ef1b8579f721a242528d93334a267be1a07e2a,2026-10-02T12:01:26+00:00,press/media.audiusa.com/api/api_models_a5s5-sportback_releases_page_2.json.gz,ok,
audi,audi/a5,,press_index,releases of a5s5-sportback page 3,https://media.audiusa.com/api/models/a5s5-sportback/releases?page=3,200,17071,9bb01499f9aaaf6736e46f3b2919d85b11fb6d14c8dde6013327dd7539aad4a9,2026-10-02T12:01:29+00:00,press/media.audiusa.com/api/api_models_a5s5-sportback_releases_page_3.json.gz,ok,
audi,audi/a5,,press_index,releases of A5-Sportback page 1,https://media.audiusa.com/api/models/A5-Sportback/releases?page=1,200,123554,7255c2f0f6ede55ffb994cc8f580272850a041a5e39937f474b5cd0e6b521be5,2026-10-02T12:01:32+00:00,press/media.audiusa.com/api/api_models_A5-Sportback_releases_page_1.json.gz,ok,
audi,audi/a5,,press_index,releases of A5-Sportback page 2,https://media.audiusa.com/api/models/A5-Sportback/releases?page=2,200,36965,c6c0a69ba25e28b79c33376f7a67eeddfc7f6aada8a6ca89e0f8968c71d515a1,2026-10-02T12:01:37+00:00,press/media.audiusa.com/api/api_models_A5-Sportback_releases_page_2.json.gz,ok,
audi,audi/a5,,press_index,releases of S5-Sportback page 1,https://media.audiusa.com/api/models/S5-Sportback/releases?page=1,200,133665,00b631b55bbde0d928ff7e033a0dd89c478d4be21188ff2cbf158940c216124c,2026-10-02T12:01:39+00:00,press/media.audiusa.com/api/api_models_S5-Sportback_releases_page_1.json.gz,ok,
audi,audi/a5,,press_index,releases of a5s5-cabriolet page 1,https://media.audiusa.com/api/models/a5s5-cabriolet/releases?page=1,200,259322,9ce15c63240cb4341189103f008225a830557c0f075e3c9a547d986985c9a3a8,2026-10-02T12:01:42+00:00,press/media.audiusa.com/api/api_models_a5s5-cabriolet_releases_page_1.json.gz,ok,
audi,audi/a5,,press_index,releases of a5s5-cabriolet page 2,https://media.audiusa.com/api/models/a5s5-cabriolet/releases?page=2,200,95808,c478097cf67a3b82d6b2b6cee38fc8f54afcc86b8d87f8c91e4146a1cca07059,2026-10-02T12:01:45+00:00,press/media.audiusa.com/api/api_models_a5s5-cabriolet_releases_page_2.json.gz,ok,
audi,audi/a5,,press_index,releases of A5-Cabriolet page 1,https://media.audiusa.com/api/models/A5-Cabriolet/releases?page=1,200,133665,92eacef65d177ed8460759ab1e9fd60a01a089ec7493be6900e45faaea620ef5,2026-10-02T12:01:48+00:00,press/media.audiusa.com/api/api_models_A5-Cabriolet_releases_page_1.json.gz,ok,
audi,audi/a5,,press_index,releases of S5-Cabriolet page 1,https://media.audiusa.com/api/models/S5-Cabriolet/releases?page=1,200,133665,bb5e364ab30b14cddb6e3527112dddc7b3ee40cbe555b46985a32f1c9f2731ec,2026-10-02T12:01:52+00:00,press/media.audiusa.com/api/api_models_S5-Cabriolet_releases_page_1.json.gz,ok,
audi,audi/a5,,press_index,releases of rs-5-coupe page 1,https://media.audiusa.com/api/models/rs-5-coupe/releases?page=1,200,253292,ec8d030bdc24e7e5bedaa48fbf97f71a6c019bd701b4c126d5fbf2a2de847638,2026-10-02T12:01:58+00:00,press/media.audiusa.com/api/api_models_rs-5-coupe_releases_page_1.json.gz,ok,
audi,audi/a5,,press_index,releases of rs-5-coupe page 2,https://media.audiusa.com/api/models/rs-5-coupe/releases?page=2,200,35814,27ac40f40fde9314d684a4cf050c5d383bc4ea76c8407298f908cf9311355363,2026-10-02T12:02:01+00:00,press/media.audiusa.com/api/api_models_rs-5-coupe_releases_page_2.json.gz,ok,
audi,audi/a5,,press_index,releases of rs-5-sportback page 1,https://media.audiusa.com/api/models/rs-5-sportback/releases?page=1,200,253320,ae14cbcd791f89f022cadc47f8b66fda58da1a80326db9b2d1b55669da6f5186,2026-10-02T12:02:04+00:00,press/media.audiusa.com/api/api_models_rs-5-sportback_releases_page_1.json.gz,ok,
audi,audi/a5,,press_index,releases of rs-5-sportback page 2,https://media.audiusa.com/api/models/rs-5-sportback/releases?page=2,200,51242,5d7abb138f2f09fa11e0fe0351c87c0fb791e9184ed90edb96923f082e6544a1,2026-10-02T12:02:07+00:00,press/media.audiusa.com/api/api_models_rs-5-sportback_releases_page_2.json.gz,ok,
audi,audi/a6,,press_index,releases of A6-main page 1,https://media.audiusa.com/api/models/A6-main/releases?page=1,200,162968,c1221fd2f974fe6273483e0fcc37f5c3c5acde431dc1ee6ecd81acaaa20846ee,2026-10-02T12:02:12+00:00,press/media.audiusa.com/api/api_models_A6-main_releases_page_1.json.gz,ok,
audi,audi/a6,,press_index,releases of A6-main page 2,https://media.audiusa.com/api/models/A6-main/releases?page=2,200,182511,625b7e0a1ead161cec7e2e77af3b6822d9dfea5ced7b5decab22555656d15aff,2026-10-02T12:02:17+00:00,press/media.audiusa.com/api/api_models_A6-main_releases_page_2.json.gz,ok,
audi,audi/a6,,press_index,releases of A6-main page 3,https://media.audiusa.com/api/models/A6-main/releases?page=3,200,33876,b4300036eefb25d66787814058648149dd409db6e74dd1d616a412a8bdbebdaf,2026-10-02T12:02:19+00:00,press/media.audiusa.com/api/api_models_A6-main_releases_page_3.json.gz,ok,
audi,audi/a6,,press_index,release 332 documents: 2019 Audi A6 2.0-liter TFSI® delivers greater value to brand's mid-size sedan se,https://media.audiusa.com/api/releases/332/sidebar-content,200,2219,4aa724fa7414d6ddb8a2ea21cfc0ac78c26c611faecdaceb60aef244c236485e,2026-10-02T12:02:23+00:00,press/media.audiusa.com/api/api_releases_332_sidebar-content.json.gz,ok,
audi,audi/a6,,press_index,"release 307 documents: 2019 Audi A6 and Audi Q8 named 2019 IIHS ""Top Safety Picks""",https://media.audiusa.com/api/releases/307/sidebar-content,200,3038,2ca8971db42166f00bf4f9f498498da81e487929256defce70c85c59f1168804,2026-10-02T12:02:27+00:00,press/media.audiusa.com/api/api_releases_307_sidebar-content.json.gz,ok,
audi,audi/a6,,press_index,releases of A6-main page 4,https://media.audiusa.com/api/models/A6-main/releases?page=4,200,43804,e63684cf9867eacf3756ce47449909ec47318929488205e3ecb7649df6ea06c4,2026-10-02T12:02:32+00:00,press/media.audiusa.com/api/api_models_A6-main_releases_page_4.json.gz,ok,
audi,audi/a6,,press_index,"release 283 documents: Audi brings all-new 2019 sedans, SUVs and first fully electric e-tron to Los Ang",https://media.audiusa.com/api/releases/283/sidebar-content,200,2464,e3b3e03e7328b2cd1aa17f3762be760d7e2e544d3c5e9395f10349614cbccb35,2026-10-02T12:02:36+00:00,press/media.audiusa.com/api/api_releases_283_sidebar-content.json.gz,ok,
audi,audi/a6,,press_index,release 259 documents: Pricing announced for the all-new 2019 Audi A6 - driving intelligence has progre,https://media.audiusa.com/api/releases/259/sidebar-content,200,2998,684ba39281a84866a750535a35e27b85a00b0ce313183d8e5229cf798b70ec3d,2026-10-02T12:02:40+00:00,press/media.audiusa.com/api/api_releases_259_sidebar-content.json.gz,ok,
audi,audi/a6,,press_index,releases of A6 page 1,https://media.audiusa.com/api/models/A6/releases?page=1,200,103456,f3a39a61f406165c48abc4a186d911f1f6ae668238c2eaaedd22f3c3291443cf,2026-10-02T12:02:44+00:00,press/media.audiusa.com/api/api_models_A6_releases_page_1.json.gz,ok,
audi,audi/a6,,press_index,releases of A6 page 2,https://media.audiusa.com/api/models/A6/releases?page=2,200,102919,44e4bb8b3a593c0a8bc996da04488db15444e7ac1c5ab53f38c94d6f0e9486b3,2026-10-02T12:02:48+00:00,press/media.audiusa.com/api/api_models_A6_releases_page_2.json.gz,ok,
audi,audi/a6,,press_index,releases of A6 page 3,https://media.audiusa.com/api/models/A6/releases?page=3,200,181832,7bac9455158ee85e2b7c7d879bd0542e27955f28822b351fc3cc7b6a73faa0f5,2026-10-02T12:02:53+00:00,press/media.audiusa.com/api/api_models_A6_releases_page_3.json.gz,ok,
audi,audi/a6,,press_index,releases of A6 page 4,https://media.audiusa.com/api/models/A6/releases?page=4,200,54026,7b056359cba2b758fc809b44e59052aebcec95de5abf06ee1c58f57d002ad8dd,2026-10-02T12:02:58+00:00,press/media.audiusa.com/api/api_models_A6_releases_page_4.json.gz,ok,
audi,audi/a6,,press_index,releases of a6-allroad page 1,https://media.audiusa.com/api/models/a6-allroad/releases?page=1,200,292874,44f8ac2b5e32dbe86c5221b1548533b90618bbc29db1f0a9e0ed0e6136da4d59,2026-10-02T12:03:02+00:00,press/media.audiusa.com/api/api_models_a6-allroad_releases_page_1.json.gz,ok,
audi,audi/a6,,press_index,releases of a6-allroad page 2,https://media.audiusa.com/api/models/a6-allroad/releases?page=2,200,56987,03f1b54e54c85775a7a79620cb00574700ec47f66d83a4fac6d5544643c81d7a,2026-10-02T12:03:07+00:00,press/media.audiusa.com/api/api_models_a6-allroad_releases_page_2.json.gz,ok,
audi,audi/a6,,press_index,releases of a6-allroad page 3,https://media.audiusa.com/api/models/a6-allroad/releases?page=3,200,65604,23a5e0b6425c67a8683f5ba36cb3b048d7c4da227099dba87c4a92a440587887,2026-10-02T12:03:12+00:00,press/media.audiusa.com/api/api_models_a6-allroad_releases_page_3.json.gz,ok,
audi,audi/a6,,press_index,releases of rs-6-avant page 1,https://media.audiusa.com/api/models/rs-6-avant/releases?page=1,200,175671,7634858cff0b29a69133ead39a113614a3844f49ffa010d12dc3c09237fbc2c9,2026-10-02T12:03:14+00:00,press/media.audiusa.com/api/api_models_rs-6-avant_releases_page_1.json.gz,ok,
audi,audi/a6,,press_index,releases of rs-6-avant page 2,https://media.audiusa.com/api/models/rs-6-avant/releases?page=2,200,88770,59033408a4780b598665df3d2b7e14ac5ace7858ed7d5a9a54acea0dc1c04576,2026-10-02T12:03:18+00:00,press/media.audiusa.com/api/api_models_rs-6-avant_releases_page_2.json.gz,ok,
audi,audi/a6,,press_index,releases of rs-6-avant page 3,https://media.audiusa.com/api/models/rs-6-avant/releases?page=3,200,45353,84a1b93d4db5a32bea7c799a2f7426eb6b424ca3a75bde1d4fcc2f9c74954950,2026-10-02T12:03:23+00:00,press/media.audiusa.com/api/api_models_rs-6-avant_releases_page_3.json.gz,ok,
audi,audi/a6,,press_index,releases of rs-6-avant page 4,https://media.audiusa.com/api/models/rs-6-avant/releases?page=4,200,9725,b1088dc30cb5bfbe91bec52a7681cde02bc31c0d9f0508c0a89af2b654a461fe,2026-10-02T12:03:25+00:00,press/media.audiusa.com/api/api_models_rs-6-avant_releases_page_4.json.gz,ok,
audi,audi/a6,,press_index,releases of s6 page 1,https://media.audiusa.com/api/models/s6/releases?page=1,200,156498,3cd2f6c3762052fb8fcdfad0d01632f99d7df6041845fc164db393e33c9e09b0,2026-10-02T12:03:29+00:00,press/media.audiusa.com/api/api_models_s6_releases_page_1.json.gz,ok,
audi,audi/a6,,press_index,release 523 documents: Audi S6 and S7 to bring sophisticated performance design and equipment enhanceme,https://media.audiusa.com/api/releases/523/sidebar-content,200,1048,d102491b657dc0f3325a5acb7d6bf1e062f41f15af5bbc797f8793d3384bb064,2026-10-02T12:03:32+00:00,press/media.audiusa.com/api/api_releases_523_sidebar-content.json.gz,ok,
audi,audi/a6,,press_index,releases of s6 page 2,https://media.audiusa.com/api/models/s6/releases?page=2,200,19687,9c662d16b37326455745875f00c3a20fee7fcc5135d772da6417a3cfd418c6c8,2026-10-02T12:03:36+00:00,press/media.audiusa.com/api/api_models_s6_releases_page_2.json.gz,ok,
audi,audi/q3,,press_index,releases of q3-main page 1,https://media.audiusa.com/api/models/q3-main/releases?page=1,200,169284,75159d79b1877aeffd509ed8a6f1868c88d35b8479062ab33978e9bc8b789d46,2026-10-02T12:03:40+00:00,press/media.audiusa.com/api/api_models_q3-main_releases_page_1.json.gz,ok,
audi,audi/q3,,press_index,releases of q3-main page 2,https://media.audiusa.com/api/models/q3-main/releases?page=2,200,46827,222fd543d76ffb7c28593a3b3679f0f76547b8293eaf3e2aac9abc6e847fb595,2026-10-02T12:03:43+00:00,press/media.audiusa.com/api/api_models_q3-main_releases_page_2.json.gz,ok,
audi,audi/q3,,press_index,release 372 documents: 2020 Audi Q3 and Q5 earn Kelley Blue Book KBB.com Best Buy Awards,https://media.audiusa.com/api/releases/372/sidebar-content,200,2928,182b731d967de6a7c16e50010768d88ce9f279a115b7a80397aa05566aae6f4e,2026-10-02T12:03:47+00:00,press/media.audiusa.com/api/api_releases_372_sidebar-content.json.gz,ok,
audi,audi/q3,,press_index,releases of q3-main page 3,https://media.audiusa.com/api/models/q3-main/releases?page=3,200,11849,a162a3e8f2e4f7f5e65d1c839506901a45ceaf9ab306eb6945e75c1b15dcc36f,2026-10-02T12:03:49+00:00,press/media.audiusa.com/api/api_models_q3-main_releases_page_3.json.gz,ok,
audi,audi/q3,,press_index,releases of q3 page 1,https://media.audiusa.com/api/models/q3/releases?page=1,200,109497,17288bed4ef20465f41bc04d571f0210749b1cce0b87fa3c5cb06686d7c988c5,2026-10-02T12:03:52+00:00,press/media.audiusa.com/api/api_models_q3_releases_page_1.json.gz,ok,
audi,audi/q3,,press_index,releases of q3 page 2,https://media.audiusa.com/api/models/q3/releases?page=2,200,277011,86416f9fd5f8ee64854802fd03c130450975d363320849e90b20d126f4c88fd4,2026-10-02T12:03:56+00:00,press/media.audiusa.com/api/api_models_q3_releases_page_2.json.gz,ok,
audi,audi/q3,,press_index,releases of q3 page 3,https://media.audiusa.com/api/models/q3/releases?page=3,200,67936,09d4efdc3ea24cc5088704153738a0247c03a64ccc2c6ed9d506b7861a0ff79c,2026-10-02T12:03:59+00:00,press/media.audiusa.com/api/api_models_q3_releases_page_3.json.gz,ok,
audi,audi/q3,,press_index,releases of q3 page 4,https://media.audiusa.com/api/models/q3/releases?page=4,200,11919,c82ed4843f5ba6f3f277f56cdc1d88a7cafb9d75fc11983ccb13ccd036c3919c,2026-10-02T12:04:02+00:00,press/media.audiusa.com/api/api_models_q3_releases_page_4.json.gz,ok,
audi,audi/q5,,press_index,releases of q5-main page 1,https://media.audiusa.com/api/models/q5-main/releases?page=1,200,167087,4c0dab22c050fbd78618cb0d5bd0f94361b6138037fb13f61a99bb3c3e1c4208,2026-10-02T12:04:05+00:00,press/media.audiusa.com/api/api_models_q5-main_releases_page_1.json.gz,ok,
audi,audi/q5,,press_index,release 512 documents: Ten 2022 Audi models recognized for 2022 IIHS 'TOP SAFETY PICK+' or 'TOP SAFETY ,https://media.audiusa.com/api/releases/512/sidebar-content,200,1679,ecf0cc4b4b6f9be9ac48dd505ac9a8bd88267f36186d24bbeb3714e311969429,2026-10-02T12:04:10+00:00,press/media.audiusa.com/api/api_releases_512_sidebar-content.json.gz,ok,
audi,audi/q5,,press_index,releases of q5-main page 2,https://media.audiusa.com/api/models/q5-main/releases?page=2,200,37119,c7b8eccd764ba93c0d7e85c2a6e61ba34ccb16d927fc5f3df59b0e15d7e25263,2026-10-02T12:04:14+00:00,press/media.audiusa.com/api/api_models_q5-main_releases_page_2.json.gz,ok,
audi,audi/q5,,press_index,"release 381 documents: Top-selling Audi SUV, 2020 Audi Q5 gets efficient boost with plug-in hybrid",https://media.audiusa.com/api/releases/381/sidebar-content,200,1315,c395b5bd4b884debe32439ceb0e5cedec461f626543ca61494e601bec0e4474e,2026-10-02T12:04:19+00:00,press/media.audiusa.com/api/api_releases_381_sidebar-content.json.gz,ok,
audi,audi/q5,,press_index,releases of q5sq5 page 1,https://media.audiusa.com/api/models/q5sq5/releases?page=1,200,105010,472d170a15477b828d0240af231158c3607e103bf99c53e881fd5848fa086d2e,2026-10-02T12:04:24+00:00,press/media.audiusa.com/api/api_models_q5sq5_releases_page_1.json.gz,ok,
audi,audi/q5,,press_index,releases of q5sq5 page 2,https://media.audiusa.com/api/models/q5sq5/releases?page=2,200,259599,db8f92afb18216847d65b69a190d49569721769d7d43d563167a3cf335869906,2026-10-02T12:04:29+00:00,press/media.audiusa.com/api/api_models_q5sq5_releases_page_2.json.gz,ok,
audi,audi/q5,,press_index,releases of q5sq5 page 3,https://media.audiusa.com/api/models/q5sq5/releases?page=3,200,69017,76ce8117dcacb7a1c8f60b2f3752eff75b6151c0f50ba5adac7b730272cdca44,2026-10-02T12:04:34+00:00,press/media.audiusa.com/api/api_models_q5sq5_releases_page_3.json.gz,ok,
audi,audi/q5,,press_index,"release 419 documents: 2021 Audi Q5 family delivers sharp design, sporty performance, and versatility",https://media.audiusa.com/api/releases/419/sidebar-content,200,1535,f382282ce6e01292dca973637cd6915f3054ba370bfc043717e5a66966eb312a,2026-10-02T12:04:39+00:00,press/media.audiusa.com/api/api_releases_419_sidebar-content.json.gz,ok,
audi,audi/q5,,press_index,"release 418 documents: 2019 Audi A4/S4, RS 5 and Audi SQ5 receive 2020 InMoment eNVy Award® in premium ",https://media.audiusa.com/api/releases/418/sidebar-content,200,2298,1b1cdd1b246e1d7674854a2482fcfb653913c64b37086a87e4c3e5ccc1ab7f07,2026-10-02T12:04:43+00:00,press/media.audiusa.com/api/api_releases_418_sidebar-content.json.gz,ok,
audi,audi/q5,,press_index,releases of q5sq5 page 4,https://media.audiusa.com/api/models/q5sq5/releases?page=4,200,33950,b9c5a36d50f4b9e04458c01db46ba5d7a5234d67528f30688f0d3d251f228a9b,2026-10-02T12:04:47+00:00,press/media.audiusa.com/api/api_models_q5sq5_releases_page_4.json.gz,ok,
audi,audi/q5,,press_index,releases of q5 page 1,https://media.audiusa.com/api/models/q5/releases?page=1,200,49812,230224a68b1261c40316120c2fab35eeeb247886d68399be465fe72220296988,2026-10-02T12:04:51+00:00,press/media.audiusa.com/api/api_models_q5_releases_page_1.json.gz,ok,
audi,audi/q5,,press_index,releases of q5 page 2,https://media.audiusa.com/api/models/q5/releases?page=2,200,178662,1bc8272063c2a06ed73050f558ed4473c50145d7a6dcb283712407cf1cd959ad,2026-10-02T12:04:57+00:00,press/media.audiusa.com/api/api_models_q5_releases_page_2.json.gz,ok,
audi,audi/q5,,press_index,releases of q5 page 3,https://media.audiusa.com/api/models/q5/releases?page=3,200,36362,cb3b058f20af46b8498688092db2eaad128dad80cf444a17637636e4cea40af4,2026-10-02T12:05:00+00:00,press/media.audiusa.com/api/api_models_q5_releases_page_3.json.gz,ok,
audi,audi/q5,,press_index,release 473 documents: 2021 Audi Q5 and Q5 Sportback earn 2021 IIHS 'TOP SAFETY PICK+' distinction,https://media.audiusa.com/api/releases/473/sidebar-content,200,2310,b52506f7069d07e928e6e4178f369311639977eb270d0977a5d3ec21ae78a2e5,2026-10-02T12:05:05+00:00,press/media.audiusa.com/api/api_releases_473_sidebar-content.json.gz,ok,
audi,audi/q5,,press_index,release 453 documents: 2021 Audi Q5 named a Kelley Blue Book 2021 Best Buy Award winner,https://media.audiusa.com/api/releases/453/sidebar-content,200,2171,e5cc6b8fafd144abe84ba1c29f436b98bf8ea8e13c29e61ac0634edcba2dde2f,2026-10-02T12:05:10+00:00,press/media.audiusa.com/api/api_releases_453_sidebar-content.json.gz,ok,
audi,audi/q5,,press_index,"release 443 documents: Plug-in trifecta: 2021 Audi Q5, A7 and A8 TFSI e models come standard with big-e",https://media.audiusa.com/api/releases/443/sidebar-content,200,2288,728c0533dfc8e6fb0625f458d25a237d8b4b088c07c0147e3398535ae0baceb9,2026-10-02T12:05:14+00:00,press/media.audiusa.com/api/api_releases_443_sidebar-content.json.gz,ok,
audi,audi/q5,,press_index,releases of SQ5 page 1,https://media.audiusa.com/api/models/SQ5/releases?page=1,200,177921,40d9187034976a5c5e4af401e493838d2eedb0588603d2aab526f6fe88524807,2026-10-02T12:05:17+00:00,press/media.audiusa.com/api/api_models_SQ5_releases_page_1.json.gz,ok,
audi,audi/q5,,press_index,releases of SQ5 page 2,https://media.audiusa.com/api/models/SQ5/releases?page=2,200,5648,86958f42aa99378a452de2ed0a44c10e043f1a2cbb024e54cd2a0287fe98a4a9,2026-10-02T12:05:21+00:00,press/media.audiusa.com/api/api_models_SQ5_releases_page_2.json.gz,ok,
audi,audi/q5,,press_index,releases of q5sq5-sportback page 1,https://media.audiusa.com/api/models/q5sq5-sportback/releases?page=1,200,229285,f1c31a342154586950797fa2d2d34a0d461d3f14097883deb938e48a48ad294d,2026-10-02T12:05:26+00:00,press/media.audiusa.com/api/api_models_q5sq5-sportback_releases_page_1.json.gz,ok,
audi,audi/q5,,press_index,releases of q5sq5-sportback page 2,https://media.audiusa.com/api/models/q5sq5-sportback/releases?page=2,200,53111,9569c2f29e581fa289c406516915c1d2bddffdecb5488b9c364cf4212541e4b0,2026-10-02T12:05:31+00:00,press/media.audiusa.com/api/api_models_q5sq5-sportback_releases_page_2.json.gz,ok,
audi,audi/q5,,press_index,releases of q5-sportback page 1,https://media.audiusa.com/api/models/q5-sportback/releases?page=1,200,55051,3bce50cad7d4f47fcd818abe00ee87b6a944f52852b6e77ff6bc439f12fd099d,2026-10-02T12:05:33+00:00,press/media.audiusa.com/api/api_models_q5-sportback_releases_page_1.json.gz,ok,
audi,audi/q5,,press_index,releases of q5-sportback page 2,https://media.audiusa.com/api/models/q5-sportback/releases?page=2,200,97813,241def920146ed52ddf580b3f06934faba0d57458cb19f6da962c1b42e740321,2026-10-02T12:05:35+00:00,press/media.audiusa.com/api/api_models_q5-sportback_releases_page_2.json.gz,ok,
audi,audi/q5,,press_index,releases of sq5-sportback page 1,https://media.audiusa.com/api/models/sq5-sportback/releases?page=1,200,127324,0c0a31b03c9c88bbbc45ebddc1c14edf37254e06f23dd97aa9e91e7aec2dd210,2026-10-02T12:05:41+00:00,press/media.audiusa.com/api/api_models_sq5-sportback_releases_page_1.json.gz,ok,
audi,audi/q7,,press_index,releases of q7-main page 1,https://media.audiusa.com/api/models/q7-main/releases?page=1,200,164065,b7ee99f5782bd0906a895f1ad275d7b7e33a7564335867c1345849af138e00bc,2026-10-02T12:05:43+00:00,press/media.audiusa.com/api/api_models_q7-main_releases_page_1.json.gz,ok,
audi,audi/q7,,press_index,releases of q7-main page 2,https://media.audiusa.com/api/models/q7-main/releases?page=2,200,89004,024832bdfd83768e7245f72fce2b4e899db64978d3bf01ada7bd9cea5f59b92f,2026-10-02T12:05:48+00:00,press/media.audiusa.com/api/api_models_q7-main_releases_page_2.json.gz,ok,
audi,audi/q7,,press_index,releases of q7-main page 3,https://media.audiusa.com/api/models/q7-main/releases?page=3,200,25051,171c7fbc85e42055a7297db59bdd76cf67738f825885d139d61e8c1ac7814053,2026-10-02T12:05:52+00:00,press/media.audiusa.com/api/api_models_q7-main_releases_page_3.json.gz,ok,
audi,audi/q7,,press_index,releases of q7-sq7 page 1,https://media.audiusa.com/api/models/q7-sq7/releases?page=1,200,112863,95dd53ef64fb1f78eecb7134e539fdbad963113c99622946d47842f87940ed86,2026-10-02T12:05:57+00:00,press/media.audiusa.com/api/api_models_q7-sq7_releases_page_1.json.gz,ok,
audi,audi/q7,,press_index,releases of q7-sq7 page 2,https://media.audiusa.com/api/models/q7-sq7/releases?page=2,200,258264,1903a51351ef5a149bf34396c5333479b91be59bb1141ee4be0729c3f575d7b8,2026-10-02T12:06:02+00:00,press/media.audiusa.com/api/api_models_q7-sq7_releases_page_2.json.gz,ok,
audi,audi/q7,,press_index,releases of q7-sq7 page 3,https://media.audiusa.com/api/models/q7-sq7/releases?page=3,200,100818,319d658ab6c2d20d6afdda02dcbb33885c2b18e6106b39326a27bf6e3ba5985e,2026-10-02T12:06:06+00:00,press/media.audiusa.com/api/api_models_q7-sq7_releases_page_3.json.gz,ok,
audi,audi/q7,,press_index,releases of q7-sq7 page 4,https://media.audiusa.com/api/models/q7-sq7/releases?page=4,200,29293,d8910bed4251b7cefde0a3cd927a3cf629e8dd3f2300a4ed0f909da90dc0e366,2026-10-02T12:06:08+00:00,press/media.audiusa.com/api/api_models_q7-sq7_releases_page_4.json.gz,ok,
audi,audi/q7,,press_index,releases of q7 page 1,https://media.audiusa.com/api/models/q7/releases?page=1,200,112719,4cf3219c455aac7aa900e5160641d7d0f1477e792bb217d86ea96f0855b368a1,2026-10-02T12:06:13+00:00,press/media.audiusa.com/api/api_models_q7_releases_page_1.json.gz,ok,
audi,audi/q7,,press_index,releases of q7 page 2,https://media.audiusa.com/api/models/q7/releases?page=2,200,131358,1c8cc9b0e34f5c246bbc339ec30ca7caadb730120e0fc0f9c0a5e569ac69308b,2026-10-02T12:06:17+00:00,press/media.audiusa.com/api/api_models_q7_releases_page_2.json.gz,ok,
audi,audi/q7,,press_index,release 584 documents: 2023 Audi Q7 joins five other Audi models to earn IIHS 2023 TOP SAFETY PICK+ awa,https://media.audiusa.com/api/releases/584/sidebar-content,200,683,2c1518d6a2a99dd794f511b7e67ff35f6e82e67237273766db0f9dc0e89599db,2026-10-02T12:06:19+00:00,press/media.audiusa.com/api/api_releases_584_sidebar-content.json.gz,ok,
audi,audi/q7,,press_index,releases of q7 page 3,https://media.audiusa.com/api/models/q7/releases?page=3,200,37002,461615c41cea53f2d4b8bfebdb96cc4df7fdf22cdd85672b07ff563cf653d58c,2026-10-02T12:06:23+00:00,press/media.audiusa.com/api/api_models_q7_releases_page_3.json.gz,ok,
audi,audi/q7,,press_index,releases of sq7 page 1,https://media.audiusa.com/api/models/sq7/releases?page=1,200,206265,128054f1297eb35334803ab9472926d0ec02846ae5324890073a9942441261b8,2026-10-02T12:06:26+00:00,press/media.audiusa.com/api/api_models_sq7_releases_page_1.json.gz,ok,
audi,audi/q7,,press_index,releases of sq7 page 2,https://media.audiusa.com/api/models/sq7/releases?page=2,200,36902,1d750c5af1d3e484c80befa8eb898119e6363c6deb03bbf947768b5cfed65a71,2026-10-02T12:06:31+00:00,press/media.audiusa.com/api/api_models_sq7_releases_page_2.json.gz,ok,
audi,audi/q7,2025,press_specifications,2025 Audi Q7 Technical Specifications,https://media.audiusa.com/assets/applications/original/12689-2025-q7-sq7-techspecs-240503-1.pdf,200,145223,43691400920d8ff50c808dddca3abfd2f4f057a6d88ce5b3de948cb3b2663697,2026-10-02T12:06:38+00:00,press/media.audiusa.com/12689-2025-q7-sq7-techspecs-240503-1.pdf,ok,"line named in the document title; year from the title; published May 13, 2024; found on: 2025 Q7/SQ7; 1 PDF pages"
audi,audi/a5,2025,press_specifications,2025 Audi A5 Sportback Model Line Technical Specifications,https://media.audiusa.com/assets/applications/original/13433-2025-a5-sportback-model-line-tech-specs-sept-2024.pdf,200,240874,21cf5f172e68385c467c9c1cc48358981855c787f7498f6403d290c3392e455c,2026-10-02T12:06:43+00:00,press/media.audiusa.com/13433-2025-a5-sportback-model-line-tech-specs-sept-2024.pdf,ok,"line named in the document title; year from the title; published Oct 03, 2024; found on: 2025 A5/S5 Sportback; 2025 RS 5 Sportback; model page A5-Sportback; model page S5-Sportback; model page a5s5-sportback; model page rs-5-sportback; 1 PDF pages"
audi,audi/a6,2025,press_specifications,2025 Audi A6 Model Line Technical Specifications,https://media.audiusa.com/assets/applications/original/13434-2025-a6-model-line-techspecs-sept-2024.pdf,200,420280,a609a64102db05cdb0ab5d52944afa08acb8c9052135efd919d3cd542721655c,2026-10-02T12:06:49+00:00,press/media.audiusa.com/13434-2025-a6-model-line-techspecs-sept-2024.pdf,ok,"line named in the document title; year from the title; published Oct 03, 2024; found on: model page A6; model page s6; 2 PDF pages"
audi,audi/q3,2025,press_specifications,2025 Audi Q3 Technical Specifications,https://media.audiusa.com/assets/applications/original/13589-2025-q3-tech-specs-sept-2024.pdf,200,147090,7825de3fa83b2fcb9cc8a9f75c7182442d1547afd78efb1fcfde815a8a5888c6,2026-10-02T12:06:53+00:00,press/media.audiusa.com/13589-2025-q3-tech-specs-sept-2024.pdf,ok,"line named in the document title; year from the title; published Nov 01, 2024; found on: 2025 Q3 Press Kit; 1 PDF pages"
audi,audi/a6,2025,press_specifications,2025 Audi A6 Model Line Technical Specifications,https://media.audiusa.com/assets/applications/original/13649-2025-a6-model-line-techspecs-dec-2024.pdf,200,428300,6ae7417ae9dd81fdafc61bbe4aa873b549207d68d7266ef715df135beea0cd34,2026-10-02T12:06:57+00:00,press/media.audiusa.com/13649-2025-a6-model-line-techspecs-dec-2024.pdf,ok,"line named in the document title; year from the title; published Dec 13, 2024; found on: 2025 A6 Sedan Press Kit; 2025 A6 allroad; 2025 RS 6 Avant press kit; 2025 S6 Press Kit; model page A6; model page s6; 2 PDF pages"
audi,audi/a5,2025,press_specifications,2025 Audi A5/S5 Technical Specifications,https://media.audiusa.com/assets/applications/original/14383-2025-audi-a5-s5-technical-specifications-feb-2025-1.pdf,200,142951,43477f2386518be502635a06fb924237964ad4d31126d9cc7bd6de6b3a2a9e12,2026-10-02T12:07:03+00:00,press/media.audiusa.com/14383-2025-audi-a5-s5-technical-specifications-feb-2025-1.pdf,ok,"line named in the document title; year from the title; published Feb 26, 2025; found on: model page a5s5; 4 PDF pages"
audi,audi/a5,2025,press_specifications,2025 Audi A5/S5 Technical Specifications,https://media.audiusa.com/assets/applications/original/14538-2025-audi-a5-spec-sheet.pdf,200,146073,08a27239d6aadedd141829f9084592e8635f42d1e3e1d25b86489a14a02a855a,2026-10-02T12:07:06+00:00,press/media.audiusa.com/14538-2025-audi-a5-spec-sheet.pdf,ok,"line named in the document title; year from the title; published Apr 29, 2025; found on: 2025 A5/S5; 4 PDF pages"
audi,audi/a3,2025,press_specifications,2025 A3 Model Line Technical Specifications,https://media.audiusa.com/assets/applications/original/14705-my25-audi-a3-s3-rs-3-tech-specs-rev-051425.pdf,200,171797,f4ef9cce4ddf9e54a4af969b0045cd43bb974266ab63b317e89457431e470f4f,2026-10-02T12:07:10+00:00,press/media.audiusa.com/14705-my25-audi-a3-s3-rs-3-tech-specs-rev-051425.pdf,ok,"line named in the document title; year from the title; published May 14, 2025; found on: 2025 A3/S3 Press Kit; 2025 RS 3 Press Kit; model page rs-3; 4 PDF pages"
audi,audi/q5,2025,press_specifications,2025 Q5 / SQ5 Technical Specifications,https://media.audiusa.com/assets/applications/original/14706-2025-audi-q5-and-sq5-techincal-specifications-may-2025.pdf,200,145784,5da4360799759509b64402c5ca9c1f607cef272feeac195b54320c0245e0cd87,2026-10-02T12:07:15+00:00,press/media.audiusa.com/14706-2025-audi-q5-and-sq5-techincal-specifications-may-2025.pdf,ok,"line named in the document title; year from the title; published May 28, 2025; found on: 2025 Q5/SQ5 Press Kit; model page q5sq5; 4 PDF pages"
audi,audi/q5,2025,press_specifications,2025 Q5 Sportback / SQ5 Sportback Technical Specifications,https://media.audiusa.com/assets/applications/original/14707-2025-audi-q5-sportback-and-sq5-sportback-techincal-specifications-may-2025.pdf,200,149130,2b7fb4648fff1cc26b44a51b8f185dd507f0e9e722f865528d92de17bf36c138,2026-10-02T12:07:20+00:00,press/media.audiusa.com/14707-2025-audi-q5-sportback-and-sq5-sportback-techincal-specifications-may-2025.pdf,ok,"line named in the document title; year from the title; published May 28, 2025; found on: 2025 Q5/SQ5 Sportback Press Kit; model page q5sq5-sportback; 4 PDF pages"
audi,audi/q7,2026,press_specifications,2026 Audi Q7 / SQ7 Technical Specifications,https://media.audiusa.com/assets/applications/original/15379-2026my-audi-audi-q7-sq7-technical-specs-august-2025.pdf,200,179343,5d8fcdf9658efd298f87f0e04c5477ffb43f0623a0e4c1d19efe6e799cd87e29,2026-10-02T12:07:26+00:00,press/media.audiusa.com/15379-2026my-audi-audi-q7-sq7-technical-specs-august-2025.pdf,ok,"line named in the document title; year from the title; published Aug 20, 2025; found on: model page q7; model page q7-sq7; model page sq7; 4 PDF pages"
audi,audi/a6,2026,press_specifications,2026 Audi A6 Technical Specifications,https://media.audiusa.com/assets/applications/original/15456-all-new-2026my-audi-a6-tfsi-sedan-technical-specs.pdf,200,146075,9e289d44410fc6a8c82691213435c4ea173aa191a83fe22e137c8ce0b4f37689,2026-10-02T12:07:30+00:00,press/media.audiusa.com/15456-all-new-2026my-audi-a6-tfsi-sedan-technical-specs.pdf,ok,"line named in the document title; year from the title; published Sep 24, 2025; found on: model page A6-main; 3 PDF pages"
audi,audi/q3,2026,press_specifications,2026 Audi Q3 SUV Technical Specifications,https://media.audiusa.com/assets/applications/original/16219-all-new2026myaudiq3technicalspecsfinal-rev122225.pdf,200,180720,ddcec74c8a2c47e8602e9492af144aa63c741a4c19a396376e9d598dd15ee969,2026-10-02T12:07:33+00:00,press/media.audiusa.com/16219-all-new2026myaudiq3technicalspecsfinal-rev122225.pdf,ok,"line named in the document title; year from the title; published Jan 05, 2026; found on: model page q3; 3 PDF pages"
audi,audi/a5,2026,press_specifications,2026 Audi A5/S5 Technical Specifications,https://media.audiusa.com/assets/applications/original/16260-2026-audi-a5-s5-technical-specifications-012026.pdf,200,202403,fbe660da16e79c3734345fc86403229061408eadc407bdca19a85c01d5b34a01,2026-10-02T12:07:40+00:00,press/media.audiusa.com/16260-2026-audi-a5-s5-technical-specifications-012026.pdf,ok,"line named in the document title; year from the title; published Jan 20, 2026; found on: model page a5-sedan; model page s5-sedan; 4 PDF pages"
audi,audi/q5,2026,press_specifications,2026 Q5 / SQ5 Technical Specifications,https://media.audiusa.com/assets/applications/original/16291-2026-audi-q5-sq5-technical-specifications-012026.pdf,200,201528,587fb2925aa737a6f6faf4b81d654badafd7e22128c7f694ad1f7aec298cf661,2026-10-02T12:07:45+00:00,press/media.audiusa.com/16291-2026-audi-q5-sq5-technical-specifications-012026.pdf,ok,"line named in the document title; year from the title; published Jan 20, 2026; found on: model page SQ5; model page q5; 4 PDF pages"
audi,audi/q5,2026,press_specifications,2026 Q5 Sportback / SQ5 Sportback Technical Specifications,https://media.audiusa.com/assets/applications/original/16318-2026-audi-q5-sq5-sportback-technical-specifications-012026.pdf,200,209464,f9cc87157aa2d76683ae85650809a14868ec50ee13e369ba598989187cc39cd4,2026-10-02T12:07:51+00:00,press/media.audiusa.com/16318-2026-audi-q5-sq5-sportback-technical-specifications-012026.pdf,ok,"line named in the document title; year from the title; published Jan 20, 2026; found on: model page q5-sportback; model page sq5-sportback; 4 PDF pages"
audi,audi/a6,2026,press_specifications,2026 Audi A6 TFSI sedan Technical Specifications,https://media.audiusa.com/assets/applications/original/16446-2026-audi-a6-tfsi-technical-specifications-rev021026.pdf,200,184013,ebd3f192d1ab6db4dbc348e6cc8593e50f24b83e78a0b3d2a824b4b5d78284f6,2026-10-02T12:07:56+00:00,press/media.audiusa.com/16446-2026-audi-a6-tfsi-technical-specifications-rev021026.pdf,ok,"line named in the document title; year from the title; published Feb 10, 2026; found on: model page A6; 3 PDF pages"
audi,audi/a5,2026,press_specifications,2026 Audi A5 / S5 Technical Specifications,https://media.audiusa.com/assets/applications/original/16569-2026my-audi-a5-s5-technical-specifications-rev-260304.pdf,200,208941,f3ffdbb6849aaa74ced2e7ec8a8490120b647f99dd0c3be742e9de97ed9e9610,2026-10-02T12:08:01+00:00,press/media.audiusa.com/16569-2026my-audi-a5-s5-technical-specifications-rev-260304.pdf,ok,"line named in the document title; year from the title; published Mar 06, 2026; found on: 2026 A5/S5 Press Kit; 4 PDF pages"
audi,audi/q3,2026,press_specifications,2026 Audi Q3 Technical Specifications,https://media.audiusa.com/assets/applications/original/16572-2026my-audi-q3-technical-specs-rev-260304.pdf,200,187864,b22e104fa05c7cb566e340f220f6642445a11f4f7af9840bd7784b0104b0bc79,2026-10-02T12:08:04+00:00,press/media.audiusa.com/16572-2026my-audi-q3-technical-specs-rev-260304.pdf,ok,"line named in the document title; year from the title; published Mar 06, 2026; found on: 2026 Q3 Press Kit; 3 PDF pages"
audi,audi/a6,2026,press_specifications,2026 Audi A6 TFSI Technical Specifications,https://media.audiusa.com/assets/applications/original/16584-2026my-audi-a6-tfsi-technical-specs-rev-260305.pdf,200,190069,2db7b32ac002f31bc5202f23a185f2ba3141f74f5e55008fc75e43bd50122728,2026-10-02T12:08:08+00:00,press/media.audiusa.com/16584-2026my-audi-a6-tfsi-technical-specs-rev-260305.pdf,ok,"line named in the document title; year from the title; published Mar 12, 2026; found on: 2026 A6 Press Kit; model page A6; 3 PDF pages"
audi,audi/a6,2026,press_specifications,2026 Audi A6 allroad / RS 6 Avant performance Technical Specifications,https://media.audiusa.com/assets/applications/original/17279-2026my-audi-a6-allroad-rs-6-avant-performance-technical-specs-20260803.pdf,200,196098,77b198eb80a1cde4c72dc446f367f4b455809de8ce05b087026603c9749b6450,2026-10-02T12:08:13+00:00,press/media.audiusa.com/17279-2026my-audi-a6-allroad-rs-6-avant-performance-technical-specs-20260803.pdf,ok,"line named in the document title; year from the title; published Aug 03, 2026; found on: 2026 A6 allroad; 2026 RS 6 Avant press kit; model page a6-allroad; model page rs-6-avant; 4 PDF pages"
audi,audi/a3,2026,press_specifications,2026 Audi A3 / S3 / RS 3 Technical Specifications,https://media.audiusa.com/assets/applications/original/17285-my26-audi-a3-s3-rs-3-tech-specs-260803.pdf,200,202796,2a9484c764354f29a63d1f63ff36a53a4a615b40516390b1d93fc56eb2e8100b,2026-10-02T12:08:17+00:00,press/media.audiusa.com/17285-my26-audi-a3-s3-rs-3-tech-specs-260803.pdf,ok,"line named in the document title; year from the title; published Aug 03, 2026; found on: 2026 A3/S3 Press Kit; 2026 RS 3 Press Kit; model page A3-Sedan; model page S3-Sedan; model page rs-3; 4 PDF pages"
audi,audi/q5,2026,press_specifications,2026 Audi Q5 / SQ5 Technical Specifications,https://media.audiusa.com/assets/applications/original/17289-2027my-audi-q5-sq5-technical-specs-final-81026.pdf,200,164906,2b7009bbdd3ad4e1a94bf7e3840086f975e1bde2f905a5e57b176743ea7692c7,2026-10-02T12:08:21+00:00,press/media.audiusa.com/17289-2027my-audi-q5-sq5-technical-specs-final-81026.pdf,ok,"line named in the document title; year from the title; file name says MY2027; published Aug 11, 2026; found on: 2026 Q5/SQ5 Press Kit; model page SQ5; model page q5; 4 PDF pages"
audi,audi/q5,2026,press_specifications,2026 Audi Q5 Sportback / SQ5 Sportback Technical Specifications,https://media.audiusa.com/assets/applications/original/17290-2027my-audi-q5-sq5-sportback-technical-specs-final-81026.pdf,200,164223,10df962b4b907b30a2deb1965507f81b7470f5d3e4c6ada1e83520bf8a1e85cc,2026-10-02T12:08:28+00:00,press/media.audiusa.com/17290-2027my-audi-q5-sq5-sportback-technical-specs-final-81026.pdf,ok,"line named in the document title; year from the title; file name says MY2027; published Aug 11, 2026; found on: 2026 Q5/SQ5 Sportback Press Kit; model page q5-sportback; model page sq5-sportback; 4 PDF pages"
audi,audi/a6,2021,press_specifications,2021 Audi A6 technical specifications,https://media.audiusa.com/assets/documents/original/7988-2021A6TechSpecsFINAL.pdf,200,142327,aa3bc5cb710e9c950a116a6055c7c456781b6aea36b5bf5168fc8a6af059587c,2026-10-02T12:08:32+00:00,press/media.audiusa.com/7988-2021A6TechSpecsFINAL.pdf,ok,"line named in the document title; year from the title; published Oct 12, 2020; found on: 2021 Audi A6 allroad; 2021 Audi RS 6 Avant press kit; 2 PDF pages"
audi,audi/q3,2021,press_specifications,2021 Audi Q3 Technical Specifications,https://media.audiusa.com/assets/documents/original/8255-FINAL2021Q3TechSpecs.pdf,200,54109,d693b434567d6a2ec4a9cbefea04b0f5cf0b9f89cb97c984d5823fc47d13e396,2026-10-02T12:08:35+00:00,press/media.audiusa.com/8255-FINAL2021Q3TechSpecs.pdf,ok,"line named in the document title; year from the title; published Feb 01, 2021; found on: 2021 Audi Q3 Press Kit; 1 PDF pages"
audi,audi/a5,2021,press_specifications,2021 Audi A5 Technical Specifications,https://media.audiusa.com/assets/documents/original/8363-FINAL2021A5TechSpecs.pdf,200,72037,7325382b8e183da599a3a0965420cd45b38080fee54f2b22b3bbbdae9c88c894,2026-10-02T12:08:39+00:00,press/media.audiusa.com/8363-FINAL2021A5TechSpecs.pdf,ok,"line named in the document title; year from the title; published Apr 01, 2021; found on: 2021 A5/S5 Coupe; 2021 A5/S5 Sportback; 2021 RS 5 Coupe; 2021 RS 5 Sportback; 1 PDF pages"
audi,audi/a3,2022,press_specifications,2022 Audi A3 / S3 / RS 3 Technical specifications,https://media.audiusa.com/assets/documents/original/9685-2022A3S3RS3TechSpecs.pdf,200,113268,ae51d2b97486f9c63599661c39d92bfdf141c3afa398741a821185d0588e63f1,2026-10-02T12:08:43+00:00,press/media.audiusa.com/9685-2022A3S3RS3TechSpecs.pdf,ok,"line named in the document title; year from the title; published May 04, 2022; found on: 2022 RS 3; 1 PDF pages"
audi,audi/q3,2016,press_specifications,2016 Q3 press kit,https://media.audiusa.com/assets/documents/original/1102-news-2016-audi-q3-media-kit-2.pdf,200,1523198,ecb2b07b5f074e138e8cbf78894df9ca4a357b54a0892f781e921f26d46df7f0,2026-10-02T12:08:48+00:00,press/media.audiusa.com/1102-news-2016-audi-q3-media-kit-2.pdf,ok,"press kit PDF (no spec-titled document for this line-year); line named in the document title; year from the title; published Jan 01, 2016; found on: 2016 Q3; 12 PDF pages"
audi,audi/q3,2015,press_specifications,2015 Q3 press kit,https://media.audiusa.com/assets/documents/original/1103-2015+Q3+Press+Kit+FINAL+8+11+14.pdf,200,2013310,c14816d0c30be7358626fabc4e52e62a2b02037266b1964a34e7b565fca4206d,2026-10-02T12:08:54+00:00,press/media.audiusa.com/1103-2015_Q3_Press_Kit_FINAL_8_11_14.pdf,ok,"press kit PDF (no spec-titled document for this line-year); line named in the document title; year from the title; published Jan 01, 2015; found on: 2015 Q3; 13 PDF pages"
audi,audi/q5,2017,press_specifications,2017 Q5/SQ5 press kit,https://media.audiusa.com/assets/documents/original/1115-FINAL+MY2017+Q5+Press+Kit+9+12+16.pdf,200,2030345,8921183bdb93361504efe49ddf3510ef1a98cf7d1f1673fb88650fc18b44ddc5,2026-10-02T12:09:01+00:00,press/media.audiusa.com/1115-FINAL_MY2017_Q5_Press_Kit_9_12_16.pdf,ok,"press kit PDF (no spec-titled document for this line-year); line named in the document title; year from the title; published Jan 01, 2017; found on: 2017 Q5/SQ5; 15 PDF pages"
audi,audi/q5,2016,press_specifications,2016 Q5/SQ5 press kit,https://media.audiusa.com/assets/documents/original/1116-news-2016-audi-q5-media-kit-2.pdf,200,1931909,fb242113d586a784ec5ee087da855014475d64569baf257a8ea1f2b3cef355c1,2026-10-02T12:09:06+00:00,press/media.audiusa.com/1116-news-2016-audi-q5-media-kit-2.pdf,ok,"press kit PDF (no spec-titled document for this line-year); line named in the document title; year from the title; published Jan 01, 2016; found on: 2016 Q5/SQ5; 13 PDF pages"
audi,audi/q5,2015,press_specifications,2015 Q5/SQ5 press kit,https://media.audiusa.com/assets/documents/original/1117-2015+Q5+Press+Kit+FINAL+8414.pdf,200,2228900,b6ce1babdbe57e16ed5b33ccd47dc3343daf578b6cb0f921567d68099a2796c2,2026-10-02T12:09:11+00:00,press/media.audiusa.com/1117-2015_Q5_Press_Kit_FINAL_8414.pdf,ok,"press kit PDF (no spec-titled document for this line-year); line named in the document title; year from the title; published Jan 01, 2015; found on: 2015 Q5/SQ5; 13 PDF pages"
audi,audi/q7,2017,press_specifications,2017 Q7 press kit,https://media.audiusa.com/assets/documents/original/1380-FINAL+MY2017+Q7+Press+Kit+12+06.pdf,200,1935179,b071028db950567f7825c8d32d85afb19ff3350d57fbdab4e906cbbac690670b,2026-10-02T12:09:17+00:00,press/media.audiusa.com/1380-FINAL_MY2017_Q7_Press_Kit_12_06.pdf,ok,"press kit PDF (no spec-titled document for this line-year); line named in the document title; year from the title; published Jan 01, 2017; found on: 2017 Q7; 13 PDF pages"
audi,audi/q7,2015,press_specifications,2015 Q7 press kit,https://media.audiusa.com/assets/documents/original/1381-2015+Q7+Press+Kit+FINAL+8414.pdf,200,1832363,82e3bb1b4ad8a506dc6dd7c62f3ced1a77ac1bf35aed39b1b961d498c4c4063d,2026-10-02T12:09:22+00:00,press/media.audiusa.com/1381-2015_Q7_Press_Kit_FINAL_8414.pdf,ok,"press kit PDF (no spec-titled document for this line-year); line named in the document title; year from the title; published Jan 01, 2015; found on: 2015 Q7; 12 PDF pages"
audi,audi/q7,2014,press_specifications,2014 Q7 press kit,https://media.audiusa.com/assets/documents/original/1382-news-2014-audi-q7-media-kit.pdf,200,1810925,f67997c262f17de7ba70e2b9371dd197f91be077c8cc22e4f1520cc784fd8334,2026-10-02T12:09:26+00:00,press/media.audiusa.com/1382-news-2014-audi-q7-media-kit.pdf,ok,"press kit PDF (no spec-titled document for this line-year); line named in the document title; year from the title; published Jan 01, 2014; found on: 2014 Q7; 12 PDF pages"
audi,audi/a5,2018,press_specifications,2018 Audi A5/S5 press kit,https://media.audiusa.com/assets/documents/original/2443-FINAL+MY2018+A5+S5+Coupe+Cabriolet+Press+Kit.pdf,200,896017,74063df512673036df24d9029ac872da8288bb2a8aa56a98b533c15ffa1b81db,2026-10-02T12:09:35+00:00,press/media.audiusa.com/2443-FINAL_MY2018_A5_S5_Coupe_Cabriolet_Press_Kit.pdf,ok,"press kit PDF (no spec-titled document for this line-year); line named in the document title; year from the title; published Mar 31, 2017; found on: 2018 A5/S5 Cabriolet; 20 PDF pages"
audi,audi/a5,2018,press_specifications,2018 A5/S5 Sportback Press kit,https://media.audiusa.com/assets/documents/original/2944-2018+Audi+A5+S5+Sportback+Press+Kit.pdf,200,1434814,120891b5e8fbf8ef36ff39d7d3479c25807a13161a48b499e5ce9571d4e1428e,2026-10-02T12:09:42+00:00,press/media.audiusa.com/2944-2018_Audi_A5_S5_Sportback_Press_Kit.pdf,ok,"press kit PDF (no spec-titled document for this line-year); line named in the document title; year from the title; published Jun 05, 2017; found on: 2018 A5/S5 Sportback; 18 PDF pages"
audi,audi/a5,2018,press_specifications,2018 Audi RS 5 coupe press kit,https://media.audiusa.com/assets/documents/original/3937-MY2018RS5CoupePressKit.pdf,200,300949,923eb4f3b38bfeae17cd472e6ca70515628f7163e63334e3ebe0a79b6d8f0972,2026-10-02T12:09:49+00:00,press/media.audiusa.com/3937-MY2018RS5CoupePressKit.pdf,ok,"press kit PDF (no spec-titled document for this line-year); line named in the document title; year from the title; published Mar 12, 2018; found on: 2018 RS 5 Coupe; 11 PDF pages"
audi,audi/a5,2019,press_specifications,2019 RS5 Coupe and Sportback press kit,https://media.audiusa.com/assets/documents/original/5335-FINAL2019RS5PressKit.pdf,200,1735937,1aa97f0ccec56d79aa838cd8124f8b4cc043114aac55beba47099001d511a964,2026-10-02T12:09:54+00:00,press/media.audiusa.com/5335-FINAL2019RS5PressKit.pdf,ok,"press kit PDF (no spec-titled document for this line-year); line named in the document title; year from the title; published Dec 10, 2018; found on: 2019 RS 5 Coupe; 2019 RS 5 Sportback; model page rs-5-sportback; 12 PDF pages"
audi,audi/a4,2019,press_specifications,2019 A4 Family Press Kit,https://media.audiusa.com/assets/documents/original/5355-FINAL2019A4FamilyPressKit.pdf,200,2640198,7dc98277444c77d114cb600259652c474c3e3ddce6741caa5a5d5cfd325bd666,2026-10-02T12:09:57+00:00,press/media.audiusa.com/5355-FINAL2019A4FamilyPressKit.pdf,ok,"press kit PDF (no spec-titled document for this line-year); line named in the document title; year from the title; published Dec 13, 2018; found on: 2019 A4 allroad; 16 PDF pages"
audi,audi/q5,2019,press_specifications,2019 Q5/SQ5 Press Kit,https://media.audiusa.com/assets/documents/original/5524-FINAL2019Q5SQ5PressKit.pdf,200,1777742,8b06a0fb2ff28098efb3cc49947c6312af39f161695e9690c2e472452fba38fe,2026-10-02T12:10:03+00:00,press/media.audiusa.com/5524-FINAL2019Q5SQ5PressKit.pdf,ok,"press kit PDF (no spec-titled document for this line-year); line named in the document title; year from the title; published Jan 29, 2019; found on: 2018 Q5/SQ5; 13 PDF pages"
audi,audi/q7,2019,press_specifications,2019 Q7 press kit,https://media.audiusa.com/assets/documents/original/5556-FINAL2019Q7PressKit.pdf,200,1696802,9872df3f92f41fbcd1361647fb01bbcbdca1a5db4ae706618acd3f0e38f18017,2026-10-02T12:10:09+00:00,press/media.audiusa.com/5556-FINAL2019Q7PressKit.pdf,ok,"press kit PDF (no spec-titled document for this line-year); line named in the document title; year from the title; published Feb 05, 2019; found on: 2019 Q7; 14 PDF pages"
audi,audi/a3,2019,press_specifications,2019 S3/RS3 Press kit,https://media.audiusa.com/assets/documents/original/5608-2019S3RS3PressKitJM3719AAProductLegalMLAK.pdf,200,1554639,de82072c6d01c89ee92049c1a75ab8ca66d029c9b5b84b73bcc2cd573b6064fb,2026-10-02T12:10:15+00:00,press/media.audiusa.com/5608-2019S3RS3PressKitJM3719AAProductLegalMLAK.pdf,ok,"press kit PDF (no spec-titled document for this line-year); line named in the document title; year from the title; published Mar 08, 2019; found on: 2019 A3 / S3 Sedan; 2019 RS 3; 12 PDF pages"
audi,audi/a3,2019,press_specifications,2019 A3 Sedan/Cabriolet Press kit,https://media.audiusa.com/assets/documents/original/5609-2019A3SedanandCabrioletPressKit3719AVJMLegalMLAK.pdf,200,1754658,021515aba53e636624c49bae56f778610ad34ab3d0c28b0db952badb32839828,2026-10-02T12:10:20+00:00,press/media.audiusa.com/5609-2019A3SedanandCabrioletPressKit3719AVJMLegalMLAK.pdf,ok,"press kit PDF (no spec-titled document for this line-year); line named in the document title; year from the title; published Mar 08, 2019; found on: 2019 A3 / S3 Sedan; 2019 A3 Cabriolet; 13 PDF pages"
audi,audi/q3,2019,press_specifications,2019 Q3 press kit,https://media.audiusa.com/assets/documents/original/6046-2019AudiQ3PressKitJuly2019.pdf,200,109483,b06cb2ad0f8c30d5204c03492a4873fcdb121d181695256845f08b5f3e1ce9b7,2026-10-02T12:10:24+00:00,press/media.audiusa.com/6046-2019AudiQ3PressKitJuly2019.pdf,ok,"press kit PDF (no spec-titled document for this line-year); line named in the document title; year from the title; published Aug 01, 2019; found on: 2019 Q3; 11 PDF pages"
audi,audi/a6,2020,press_specifications,2020 A6/S6 press kit,https://media.audiusa.com/assets/documents/original/6331-2020AudiA6S6PressKitFINAL.pdf,200,3707122,ad4a89701322774e002887b9553d98aec1096300670bcb15d4452a50344f3de8,2026-10-02T12:10:32+00:00,press/media.audiusa.com/6331-2020AudiA6S6PressKitFINAL.pdf,ok,"press kit PDF (no spec-titled document for this line-year); line named in the document title; year from the title; published Nov 13, 2019; found on: 2020 A6 Press Kit; 2020 S6 Press Kit; 2025 A6 Sedan Press Kit; 2025 S6 Press Kit; 21 PDF pages"
audi,audi/a3,2016,press_specifications,2016 A3/S3 Press kit,https://media.audiusa.com/assets/documents/original/635-news-2016-audi-a3-s3-media-kit.pdf,200,326996,5177c854582d410810ee69480edd90a86517eb24b744026510a216de3667f99a,2026-10-02T12:10:38+00:00,press/media.audiusa.com/635-news-2016-audi-a3-s3-media-kit.pdf,ok,"press kit PDF (no spec-titled document for this line-year); line named in the document title; year from the title; published Jan 01, 2016; found on: 2016 A3/S3 Cabriolet; 2016 A3/S3 Sedan; 13 PDF pages"
audi,audi/a3,2015,press_specifications,2015 A3/S3 Press kit,https://media.audiusa.com/assets/documents/original/636-news-2015-a3-tdi-s3-media-kit-0115.pdf,200,525470,cacf849941fcc7a17979c03067a7944e6cab4d244f375685b39f0a6145408abc,2026-10-02T12:10:43+00:00,press/media.audiusa.com/636-news-2015-a3-tdi-s3-media-kit-0115.pdf,ok,"press kit PDF (no spec-titled document for this line-year); line named in the document title; year from the title; published Jan 01, 2015; found on: 2015 A3/S3 Cabriolet; 2015 A3/S3 Sedan; 16 PDF pages"
audi,audi/a4,2020,press_specifications,2020 Audi A4/S4 Press Kit,https://media.audiusa.com/assets/documents/original/6793-12020AudiA4S4PressKitFebruary2020.pdf,200,2805115,a9957b6a2b10c41d727c98176d09e58bf18b05e3fed360970f87dd889bb17fae,2026-10-02T12:10:50+00:00,press/media.audiusa.com/6793-12020AudiA4S4PressKitFebruary2020.pdf,ok,"press kit PDF (no spec-titled document for this line-year); line named in the document title; year from the title; published Mar 17, 2020; found on: 2020 A4 allroad; 25 PDF pages"
audi,audi/a5,2020,press_specifications,2020 Audi A5 Press Kit,https://media.audiusa.com/assets/documents/original/6795-FINAL2020AudiA5PressKit22020.pdf,200,3145747,72c255b73a0f986e5bb91bf6e9483dac1b06b1f7e11747716704004e14d11b95,2026-10-02T12:10:55+00:00,press/media.audiusa.com/6795-FINAL2020AudiA5PressKit22020.pdf,ok,"press kit PDF (no spec-titled document for this line-year); line named in the document title; year from the title; published Mar 17, 2020; found on: 2021 A5/S5 Coupe; 2021 RS 5 Coupe; 2025 A5/S5 Sportback; 2025 RS 5 Sportback; 23 PDF pages"
audi,audi/a4,2017,press_specifications,2017 A4 press kit,https://media.audiusa.com/assets/documents/original/705-FINAL+MY2017+A4+Press+Kit.pdf,200,929331,267ca6857aae0e7dba24adb7f2597159f267fadaf7f9484b7e5472dd46e599be,2026-10-02T12:11:03+00:00,press/media.audiusa.com/705-FINAL_MY2017_A4_Press_Kit.pdf,ok,"press kit PDF (no spec-titled document for this line-year); line named in the document title; year from the title; published Jan 07, 2016; found on: 2017 A4/S4 Sedan; 16 PDF pages"
audi,audi/a4,2016,press_specifications,2016 A4/S4 press kit,https://media.audiusa.com/assets/documents/original/706-news-2016-audi-a4-s4-media-kit.pdf,200,249639,5bd562a3bd4aeb09507c4568f3610c4804f464c4a42c01abb2d271a959ac3086,2026-10-02T12:11:09+00:00,press/media.audiusa.com/706-news-2016-audi-a4-s4-media-kit.pdf,ok,"press kit PDF (no spec-titled document for this line-year); line named in the document title; year from the title; published Jan 01, 2016; found on: 2016 A4/S4 Sedan; 12 PDF pages"
audi,audi/a4,2017,press_specifications,2017 Audi A4 allroad press kit,https://media.audiusa.com/assets/documents/original/709-FINAL+MY2017+A4+Allroad+Press+Kit+9+30+16.pdf,200,929550,e2a0350fe5bc63bbd05097432cbbe1dc2363b0d3cddf6cd625dce13d7342a3e4,2026-10-02T12:11:15+00:00,press/media.audiusa.com/709-FINAL_MY2017_A4_Allroad_Press_Kit_9_30_16.pdf,ok,"press kit PDF (no spec-titled document for this line-year); line named in the document title; year from the title; published Jul 25, 2016; found on: 2017 A4 allroad; 14 PDF pages"
audi,audi/a4,2016,press_specifications,2016 A4 allroad press kit,https://media.audiusa.com/assets/documents/original/710-news-2016-audi-a4-allroad-media-kit-2.pdf,200,1364222,ed5d5532f5f518afeb8c4e2972e467efe5902c77f299fcb4f6f298a240263bd6,2026-10-02T12:11:19+00:00,press/media.audiusa.com/710-news-2016-audi-a4-allroad-media-kit-2.pdf,ok,"press kit PDF (no spec-titled document for this line-year); line named in the document title; year from the title; published Jan 01, 2016; found on: 2016 A4 allroad; 11 PDF pages"
audi,audi/a4,2015,press_specifications,2015 A4 allroad press kit,https://media.audiusa.com/assets/documents/original/711-news-2015-audi-a4+-allroad-media-kit.pdf,200,427222,3933e851ffe4584a3def79bb55365d60b227c1ff8de227b3bd71fc4846e72541,2026-10-02T12:11:24+00:00,press/media.audiusa.com/711-news-2015-audi-a4_-allroad-media-kit.pdf,ok,"press kit PDF (no spec-titled document for this line-year); line named in the document title; year from the title; published Jan 01, 2015; found on: 2015 A4 allroad; 11 PDF pages"
audi,audi/a4,2014,press_specifications,2014 A4 allroad press kit,https://media.audiusa.com/assets/documents/original/712-news-2014-audi-a4-allroad-media-kit.pdf,200,2102092,e67acc62aeef8a2da66ffa0102c6ce8414b2929398ceafcbd41df8d172fb365f,2026-10-02T12:11:28+00:00,press/media.audiusa.com/712-news-2014-audi-a4-allroad-media-kit.pdf,ok,"press kit PDF (no spec-titled document for this line-year); line named in the document title; year from the title; published Jan 01, 2014; found on: 2014 A4 allroad; 14 PDF pages"
audi,audi/a5,2017,press_specifications,2017 A5/S5 press kit,https://media.audiusa.com/assets/documents/original/716-FINAL+MY2017+A5+Press+Kit+6+21+16.pdf,200,760110,0ab79ada9c2d78b05bdfa29332c57b9b635f7b94cfe0289149fba5093799b2b8,2026-10-02T12:11:35+00:00,press/media.audiusa.com/716-FINAL_MY2017_A5_Press_Kit_6_21_16.pdf,ok,"press kit PDF (no spec-titled document for this line-year); line named in the document title; year from the title; published Nov 14, 2016; found on: 2017 A5/S5 Cabriolet; 2017 A5/S5 Coupe; 15 PDF pages"
audi,audi/a5,2015,press_specifications,2015 A5/S5 press kit,https://media.audiusa.com/assets/documents/original/717-MY15+A5+Press+Kit+FINAL+8414.pdf,200,851228,b8d49195676ce247d254a7886a2ca885323837c75aaaab48b39978546c29b778,2026-10-02T12:11:42+00:00,press/media.audiusa.com/717-MY15_A5_Press_Kit_FINAL_8414.pdf,ok,"press kit PDF (no spec-titled document for this line-year); line named in the document title; year from the title; published Jan 01, 2015; found on: 2015 A5/S5 Cabriolet; 2015 A5/S5 Coupe; 14 PDF pages"
audi,audi/a5,2016,press_specifications,2016 A5/S5 press kit,https://media.audiusa.com/assets/documents/original/718-news-2016-audi-a5-s5-media-kit.pdf,200,1520936,eb31d004d36f8740bada465cda3b5308cb003dd97e7d029cb546510a21807bc1,2026-10-02T12:11:49+00:00,press/media.audiusa.com/718-news-2016-audi-a5-s5-media-kit.pdf,ok,"press kit PDF (no spec-titled document for this line-year); line named in the document title; year from the title; published Jan 01, 2016; found on: 2016 A5/S5 Cabriolet; 2016 A5/S5 Coupe; 14 PDF pages"
audi,audi/a5,2014,press_specifications,2014 A5/S5 press kit,https://media.audiusa.com/assets/documents/original/719-news-2014-audi-a5-s5-rs5-media-kit.pdf,200,2445123,961eb727e300f773309227b12b0064cf7040ea6a01c26b74948dcf44228fc934,2026-10-02T12:11:55+00:00,press/media.audiusa.com/719-news-2014-audi-a5-s5-rs5-media-kit.pdf,ok,"press kit PDF (no spec-titled document for this line-year); line named in the document title; year from the title; published Jan 01, 2014; found on: 2014 A5/S5 Cabriolet; 2014 A5/S5 Coupe; 17 PDF pages"
audi,audi/a6,2020,press_specifications,2020 Audi A6 allroad press kit,https://media.audiusa.com/assets/documents/original/7478-2020AudiA6allroadpresskitJuly2020.pdf,200,2671906,5e62f4f559a20bc37cbfe81909fc10a9a0bdb6e34fbfe3ab0021581a8dbacc1c,2026-10-02T12:11:59+00:00,press/media.audiusa.com/7478-2020AudiA6allroadpresskitJuly2020.pdf,ok,"press kit PDF (no spec-titled document for this line-year); line named in the document title; year from the title; published Aug 06, 2020; found on: 2020 A6 allroad; 2025 A6 allroad; 2026 A6 allroad; 22 PDF pages"
audi,audi/q7,2020,press_specifications,2020 Audi Q7 press kit,https://media.audiusa.com/assets/documents/original/7534-2020AudiQ7SQ7PressKit081020FINAL.pdf,200,1548339,bad8d113e9042f75304da64f3acdafb7b848cfea88dc9847095f56ae336077c4,2026-10-02T12:12:04+00:00,press/media.audiusa.com/7534-2020AudiQ7SQ7PressKit081020FINAL.pdf,ok,"press kit PDF (no spec-titled document for this line-year); line named in the document title; year from the title; published Aug 10, 2020; found on: 2020 Q7/SQ7; 2026 Q7/SQ7; 22 PDF pages"
audi,audi/a6,2017,press_specifications,2017 A6/S6 press kit,https://media.audiusa.com/assets/documents/original/963-FINAL+MY2017+A6+Press+Kit+6+21+16.pdf,200,2055237,49699b80a620a28870fbcfcca17383b7edc4a6f138fdcd9f463480959c0b09fa,2026-10-02T12:12:11+00:00,press/media.audiusa.com/963-FINAL_MY2017_A6_Press_Kit_6_21_16.pdf,ok,"press kit PDF (no spec-titled document for this line-year); line named in the document title; year from the title; published Jan 01, 2017; found on: 2017 A6 Sedan Press Kit; 2017 S6 Press Kit; 17 PDF pages"
audi,audi/a6,2016,press_specifications,2016 A6/S6 press kit,https://media.audiusa.com/assets/documents/original/964-news-2016-audi-a6-tdi-s6-media-kit.pdf,200,1843615,b047003494395fb2e56ed289cf19a2076c8f12758ea578c42db9befab2627755,2026-10-02T12:12:17+00:00,press/media.audiusa.com/964-news-2016-audi-a6-tdi-s6-media-kit.pdf,ok,"press kit PDF (no spec-titled document for this line-year); line named in the document title; year from the title; published Jan 01, 2016; found on: 2016 A6 Sedan Press Kit; 2016 S6 Press Kit; 15 PDF pages"
audi,audi/a6,2015,press_specifications,2015 A6/S6 press kit,https://media.audiusa.com/assets/documents/original/965-2015+A6+Press+Kit+FINAL+8414.pdf,200,2283203,ca6eb097a115b8c26ff96fd2442004477c30894ed1437adc114c7dbf6ae4754e,2026-10-02T12:12:22+00:00,press/media.audiusa.com/965-2015_A6_Press_Kit_FINAL_8414.pdf,ok,"press kit PDF (no spec-titled document for this line-year); line named in the document title; year from the title; published Jan 01, 2015; found on: 2015 A6 Sedan; 2015 S6 Press Kit; 14 PDF pages"
audi,audi/a6,2014,press_specifications,2014 A6/S6 press kit,https://media.audiusa.com/assets/documents/original/966-news-2014-audi-a6-s6-media-kit.pdf,200,2343653,13e019214e65a57ef9645a44b3c6a5c83b83805d16466108e3d71208f5b904e6,2026-10-02T12:12:29+00:00,press/media.audiusa.com/966-news-2014-audi-a6-s6-media-kit.pdf,ok,"press kit PDF (no spec-titled document for this line-year); line named in the document title; year from the title; published Jan 01, 2014; found on: 2014 A6 Sedan Press Kit; 2014 S6 Press Kit; 18 PDF pages"
audi,audi/a3,2017,press_specifications,,https://media.audiusa.com/models/A3#2017,,,,2026-10-02T12:12:29+00:00,,not_found,no press kit or document of that model year listed
audi,audi/a3,2018,press_specifications,,https://media.audiusa.com/models/A3#2018,,,,2026-10-02T12:12:29+00:00,,not_found,no press kit or document of that model year listed
audi,audi/a3,2020,press_specifications,,https://media.audiusa.com/models/A3#2020,,,,2026-10-02T12:12:29+00:00,,not_found,no press kit or document of that model year listed
audi,audi/a3,2021,press_specifications,,https://media.audiusa.com/models/A3#2021,,,,2026-10-02T12:12:29+00:00,,not_found,no press kit or document of that model year listed
audi,audi/a3,2023,press_specifications,,https://media.audiusa.com/models/A3#2023,,,,2026-10-02T12:12:29+00:00,,not_found,no press kit or document of that model year listed
audi,audi/a3,2024,press_specifications,,https://media.audiusa.com/models/A3#2024,,,,2026-10-02T12:12:29+00:00,,not_found,no press kit or document of that model year listed
audi,audi/a4,2018,press_specifications,,https://media.audiusa.com/models/A4#2018,,,,2026-10-02T12:12:29+00:00,,not_found,press kits of that year without a spec document: 2018 A4/S4 Sedan
audi,audi/a4,2021,press_specifications,,https://media.audiusa.com/models/A4#2021,,,,2026-10-02T12:12:29+00:00,,not_found,no press kit or document of that model year listed
audi,audi/a4,2022,press_specifications,,https://media.audiusa.com/models/A4#2022,,,,2026-10-02T12:12:29+00:00,,not_found,no press kit or document of that model year listed
audi,audi/a4,2023,press_specifications,,https://media.audiusa.com/models/A4#2023,,,,2026-10-02T12:12:29+00:00,,not_found,no press kit or document of that model year listed
audi,audi/a4,2024,press_specifications,,https://media.audiusa.com/models/A4#2024,,,,2026-10-02T12:12:29+00:00,,not_found,no press kit or document of that model year listed
audi,audi/a4,2025,press_specifications,,https://media.audiusa.com/models/A4#2025,,,,2026-10-02T12:12:29+00:00,,not_found,no press kit or document of that model year listed
audi,audi/a5,2022,press_specifications,,https://media.audiusa.com/models/A5#2022,,,,2026-10-02T12:12:29+00:00,,not_found,no press kit or document of that model year listed
audi,audi/a5,2023,press_specifications,,https://media.audiusa.com/models/A5#2023,,,,2026-10-02T12:12:29+00:00,,not_found,no press kit or document of that model year listed
audi,audi/a5,2024,press_specifications,,https://media.audiusa.com/models/A5#2024,,,,2026-10-02T12:12:29+00:00,,not_found,no press kit or document of that model year listed
audi,audi/a6,2018,press_specifications,,https://media.audiusa.com/models/A6-main#2018,,,,2026-10-02T12:12:29+00:00,,not_found,no press kit or document of that model year listed
audi,audi/a6,2019,press_specifications,,https://media.audiusa.com/models/A6-main#2019,,,,2026-10-02T12:12:29+00:00,,not_found,no press kit or document of that model year listed
audi,audi/a6,2022,press_specifications,,https://media.audiusa.com/models/A6-main#2022,,,,2026-10-02T12:12:29+00:00,,not_found,no press kit or document of that model year listed
audi,audi/a6,2023,press_specifications,,https://media.audiusa.com/models/A6-main#2023,,,,2026-10-02T12:12:29+00:00,,not_found,no press kit or document of that model year listed
audi,audi/a6,2024,press_specifications,,https://media.audiusa.com/models/A6-main#2024,,,,2026-10-02T12:12:29+00:00,,not_found,no press kit or document of that model year listed
audi,audi/q3,2017,press_specifications,,https://media.audiusa.com/models/q3-main#2017,,,,2026-10-02T12:12:29+00:00,,not_found,no press kit or document of that model year listed
audi,audi/q3,2018,press_specifications,,https://media.audiusa.com/models/q3-main#2018,,,,2026-10-02T12:12:29+00:00,,not_found,no press kit or document of that model year listed
audi,audi/q3,2020,press_specifications,,https://media.audiusa.com/models/q3-main#2020,,,,2026-10-02T12:12:29+00:00,,not_found,no press kit or document of that model year listed
audi,audi/q3,2022,press_specifications,,https://media.audiusa.com/models/q3-main#2022,,,,2026-10-02T12:12:29+00:00,,not_found,no press kit or document of that model year listed
audi,audi/q3,2023,press_specifications,,https://media.audiusa.com/models/q3-main#2023,,,,2026-10-02T12:12:29+00:00,,not_found,no press kit or document of that model year listed
audi,audi/q3,2024,press_specifications,,https://media.audiusa.com/models/q3-main#2024,,,,2026-10-02T12:12:29+00:00,,not_found,no press kit or document of that model year listed
audi,audi/q5,2014,press_specifications,,https://media.audiusa.com/models/q5-main#2014,,,,2026-10-02T12:12:29+00:00,,not_found,no press kit or document of that model year listed
audi,audi/q5,2018,press_specifications,,https://media.audiusa.com/models/q5-main#2018,,,,2026-10-02T12:12:29+00:00,,not_found,press kits of that year without a spec document: 2018 Q5/SQ5
audi,audi/q5,2020,press_specifications,,https://media.audiusa.com/models/q5-main#2020,,,,2026-10-02T12:12:29+00:00,,not_found,no press kit or document of that model year listed
audi,audi/q5,2021,press_specifications,,https://media.audiusa.com/models/q5-main#2021,,,,2026-10-02T12:12:29+00:00,,not_found,press kits of that year without a spec document: 2021 Q5/SQ5
audi,audi/q5,2022,press_specifications,,https://media.audiusa.com/models/q5-main#2022,,,,2026-10-02T12:12:29+00:00,,not_found,press kits of that year without a spec document: 2022 Q5/SQ5; 2022 Q5/SQ5 Sportback
audi,audi/q5,2023,press_specifications,,https://media.audiusa.com/models/q5-main#2023,,,,2026-10-02T12:12:29+00:00,,not_found,no press kit or document of that model year listed
audi,audi/q5,2024,press_specifications,,https://media.audiusa.com/models/q5-main#2024,,,,2026-10-02T12:12:29+00:00,,not_found,no press kit or document of that model year listed
audi,audi/q7,2016,press_specifications,,https://media.audiusa.com/models/q7-main#2016,,,,2026-10-02T12:12:29+00:00,,not_found,no press kit or document of that model year listed
audi,audi/q7,2018,press_specifications,,https://media.audiusa.com/models/q7-main#2018,,,,2026-10-02T12:12:29+00:00,,not_found,no press kit or document of that model year listed
audi,audi/q7,2021,press_specifications,,https://media.audiusa.com/models/q7-main#2021,,,,2026-10-02T12:12:29+00:00,,not_found,no press kit or document of that model year listed
audi,audi/q7,2022,press_specifications,,https://media.audiusa.com/models/q7-main#2022,,,,2026-10-02T12:12:29+00:00,,not_found,no press kit or document of that model year listed
audi,audi/q7,2023,press_specifications,,https://media.audiusa.com/models/q7-main#2023,,,,2026-10-02T12:12:29+00:00,,not_found,no press kit or document of that model year listed
audi,audi/q7,2024,press_specifications,,https://media.audiusa.com/models/q7-main#2024,,,,2026-10-02T12:12:29+00:00,,not_found,no press kit or document of that model year listed
audi,,,robots,robots.txt,https://media.audiusa.com/robots.txt,200,75,f6f9199c9b855cd434eca2b82415f5b0f851f71cbd82bfc333063fd9b5f12bf9,2026-10-02T12:54:13+00:00,press/media.audiusa.com/robots.txt.gz,ok,no rule against the pages used
audi,audi/a3,,press_index,press kit 2020-audi-a3/s3-sedan,https://media.audiusa.com/api/press-kits/2020-audi-a3/s3-sedan,404,83,b122b3a1aa24424afe6570aa2477fa1229ab75d4f4853063754e37977aaee464,2026-10-02T12:54:16+00:00,,not_found,"{""message"":""The route api\/press-kits\/2020-audi-a3\/s3-sedan could not be found.""}"
audi,audi/a4,,press_index,press kit 2020-a4/s4-press-kit,https://media.audiusa.com/api/press-kits/2020-a4/s4-press-kit,404,82,7fc36beca71de6227c69ede73a03772c3f6430383b374ba41866646dc04cb7ec,2026-10-02T12:54:19+00:00,,not_found,"{""message"":""The route api\/press-kits\/2020-a4\/s4-press-kit could not be found.""}"
audi,audi/a4,,press_index,press kit 2018-a4/s4-sedan,https://media.audiusa.com/api/press-kits/2018-a4/s4-sedan,404,78,7cb7c1b877bdc1e0aa414674fa35f557688f1aec99aa6d90cf63fb2dc68f52e3,2026-10-02T12:54:24+00:00,,not_found,"{""message"":""The route api\/press-kits\/2018-a4\/s4-sedan could not be found.""}"
audi,audi/a4,,press_index,press kit 2015-a4/s4-sedan,https://media.audiusa.com/api/press-kits/2015-a4/s4-sedan,404,78,a02706ac4b656b96853dbc568530310962cd47fa826e3640346d8b9f35600c93,2026-10-02T12:54:27+00:00,,not_found,"{""message"":""The route api\/press-kits\/2015-a4\/s4-sedan could not be found.""}"
audi,audi/a4,,press_index,press kit 2014-a4/s4-sedan,https://media.audiusa.com/api/press-kits/2014-a4/s4-sedan,404,78,43677f1594e447db69ca3445c70c558652500429ac5974f99de5d0646ac693d4,2026-10-02T12:54:30+00:00,,not_found,"{""message"":""The route api\/press-kits\/2014-a4\/s4-sedan could not be found.""}"
audi,audi/a5,,press_index,press kit a5/s5-coupe,https://media.audiusa.com/api/press-kits/a5/s5-coupe,404,73,94a93ffe36db744348b876a79940e6c794e47dbf9c0fe1f4c8f68804ba402f2e,2026-10-02T12:54:33+00:00,,not_found,"{""message"":""The route api\/press-kits\/a5\/s5-coupe could not be found.""}"
audi,audi/a5,,press_index,press kit 2021-a5/s5-cabriolet,https://media.audiusa.com/api/press-kits/2021-a5/s5-cabriolet,404,82,4f2c73781896e5b48fed8794612d0dc3076a75b580d4ca8465f09ded9108c77c,2026-10-02T12:54:36+00:00,,not_found,"{""message"":""The route api\/press-kits\/2021-a5\/s5-cabriolet could not be found.""}"
audi,audi/q5,,press_index,press kit 2021-q5/sq5,https://media.audiusa.com/api/press-kits/2021-q5/sq5,404,73,80a14244ed3eabc87cc87c6abc6ffb1ce55bc1afffdcbdc757e2a293195f70ed,2026-10-02T12:54:39+00:00,,not_found,"{""message"":""The route api\/press-kits\/2021-q5\/sq5 could not be found.""}"
audi,audi/q5,,press_index,press kit 2022-q5/sq5,https://media.audiusa.com/api/press-kits/2022-q5/sq5,404,73,b20d79ab25af3322999485cc2f99776517aa1d617ff33c8f853200894aaa4073,2026-10-02T12:54:44+00:00,,not_found,"{""message"":""The route api\/press-kits\/2022-q5\/sq5 could not be found.""}"
audi,audi/q5,,press_index,press kit 2021-q5/sq5-sportback,https://media.audiusa.com/api/press-kits/2021-q5/sq5-sportback,404,83,dafec045976ad89cfb4bc014608f87057677fbf0daed62c6f5afb139946976d5,2026-10-02T12:54:48+00:00,,not_found,"{""message"":""The route api\/press-kits\/2021-q5\/sq5-sportback could not be found.""}"
audi,audi/a3,2017,press_specifications,,https://media.audiusa.com/models/A3#2017,,,,2026-10-02T12:54:48+00:00,,not_found,"no press kit of that model year listed; checked: model pages A3, a3s3-sedan, A3-Sedan, S3-Sedan, a3-cabriolet, rs-3, their press kits (all years) and the releases naming that year"
audi,audi/a3,2018,press_specifications,,https://media.audiusa.com/models/A3#2018,,,,2026-10-02T12:54:48+00:00,,not_found,"no press kit of that model year listed; checked: model pages A3, a3s3-sedan, A3-Sedan, S3-Sedan, a3-cabriolet, rs-3, their press kits (all years) and the releases naming that year"
audi,audi/a3,2020,press_specifications,,https://media.audiusa.com/models/A3#2020,,,,2026-10-02T12:54:48+00:00,,not_found,"no press kit of that model year listed; checked: model pages A3, a3s3-sedan, A3-Sedan, S3-Sedan, a3-cabriolet, rs-3, their press kits (all years) and the releases naming that year"
audi,audi/a3,2021,press_specifications,,https://media.audiusa.com/models/A3#2021,,,,2026-10-02T12:54:48+00:00,,not_found,"no press kit of that model year listed; checked: model pages A3, a3s3-sedan, A3-Sedan, S3-Sedan, a3-cabriolet, rs-3, their press kits (all years) and the releases naming that year"
audi,audi/a3,2023,press_specifications,,https://media.audiusa.com/models/A3#2023,,,,2026-10-02T12:54:48+00:00,,not_found,"no press kit of that model year listed; checked: model pages A3, a3s3-sedan, A3-Sedan, S3-Sedan, a3-cabriolet, rs-3, their press kits (all years) and the releases naming that year"
audi,audi/a3,2024,press_specifications,,https://media.audiusa.com/models/A3#2024,,,,2026-10-02T12:54:48+00:00,,not_found,"no press kit of that model year listed; checked: model pages A3, a3s3-sedan, A3-Sedan, S3-Sedan, a3-cabriolet, rs-3, their press kits (all years) and the releases naming that year"
audi,audi/a4,2018,press_specifications,,https://media.audiusa.com/models/A4#2018,,,,2026-10-02T12:54:48+00:00,,not_found,"press kits of that year without a spec document: 2018 A4/S4 Sedan; checked: model pages A4, a4s4, a-4, s4, A4-allroad, their press kits (all years) and the releases naming that year"
audi,audi/a4,2021,press_specifications,,https://media.audiusa.com/models/A4#2021,,,,2026-10-02T12:54:48+00:00,,not_found,"no press kit of that model year listed; checked: model pages A4, a4s4, a-4, s4, A4-allroad, their press kits (all years) and the releases naming that year"
audi,audi/a4,2022,press_specifications,,https://media.audiusa.com/models/A4#2022,,,,2026-10-02T12:54:48+00:00,,not_found,"no press kit of that model year listed; checked: model pages A4, a4s4, a-4, s4, A4-allroad, their press kits (all years) and the releases naming that year"
audi,audi/a4,2023,press_specifications,,https://media.audiusa.com/models/A4#2023,,,,2026-10-02T12:54:48+00:00,,not_found,"no press kit of that model year listed; checked: model pages A4, a4s4, a-4, s4, A4-allroad, their press kits (all years) and the releases naming that year"
audi,audi/a4,2024,press_specifications,,https://media.audiusa.com/models/A4#2024,,,,2026-10-02T12:54:48+00:00,,not_found,"no press kit of that model year listed; checked: model pages A4, a4s4, a-4, s4, A4-allroad, their press kits (all years) and the releases naming that year"
audi,audi/a4,2025,press_specifications,,https://media.audiusa.com/models/A4#2025,,,,2026-10-02T12:54:48+00:00,,not_found,"no press kit of that model year listed; checked: model pages A4, a4s4, a-4, s4, A4-allroad, their press kits (all years) and the releases naming that year"
audi,audi/a5,2022,press_specifications,,https://media.audiusa.com/models/A5#2022,,,,2026-10-02T12:54:48+00:00,,not_found,"no press kit of that model year listed; checked: model pages A5, a5s5, a5-sedan, s5-sedan, a5-previous-models, a5-s5-coupe, A5-Coupe, S5-Coupe, a5s5-sportback, A5-Sportback, S5-Sportback, a5s5-cabriolet, A5-Cabriolet, S5-Cabriolet, rs-5-coupe, rs-5-sportback, their press kits (all years) and the releases naming that year"
audi,audi/a5,2023,press_specifications,,https://media.audiusa.com/models/A5#2023,,,,2026-10-02T12:54:48+00:00,,not_found,"no press kit of that model year listed; checked: model pages A5, a5s5, a5-sedan, s5-sedan, a5-previous-models, a5-s5-coupe, A5-Coupe, S5-Coupe, a5s5-sportback, A5-Sportback, S5-Sportback, a5s5-cabriolet, A5-Cabriolet, S5-Cabriolet, rs-5-coupe, rs-5-sportback, their press kits (all years) and the releases naming that year"
audi,audi/a5,2024,press_specifications,,https://media.audiusa.com/models/A5#2024,,,,2026-10-02T12:54:48+00:00,,not_found,"no press kit of that model year listed; checked: model pages A5, a5s5, a5-sedan, s5-sedan, a5-previous-models, a5-s5-coupe, A5-Coupe, S5-Coupe, a5s5-sportback, A5-Sportback, S5-Sportback, a5s5-cabriolet, A5-Cabriolet, S5-Cabriolet, rs-5-coupe, rs-5-sportback, their press kits (all years) and the releases naming that year"
audi,audi/a6,2018,press_specifications,,https://media.audiusa.com/models/A6-main#2018,,,,2026-10-02T12:54:48+00:00,,not_found,"no press kit of that model year listed; checked: model pages A6-main, A6, a6-allroad, rs-6-avant, s6, their press kits (all years) and the releases naming that year"
audi,audi/a6,2019,press_specifications,,https://media.audiusa.com/models/A6-main#2019,,,,2026-10-02T12:54:48+00:00,,not_found,"no press kit of that model year listed; checked: model pages A6-main, A6, a6-allroad, rs-6-avant, s6, their press kits (all years) and the releases naming that year"
audi,audi/a6,2022,press_specifications,,https://media.audiusa.com/models/A6-main#2022,,,,2026-10-02T12:54:48+00:00,,not_found,"no press kit of that model year listed; checked: model pages A6-main, A6, a6-allroad, rs-6-avant, s6, their press kits (all years) and the releases naming that year"
audi,audi/a6,2023,press_specifications,,https://media.audiusa.com/models/A6-main#2023,,,,2026-10-02T12:54:48+00:00,,not_found,"no press kit of that model year listed; checked: model pages A6-main, A6, a6-allroad, rs-6-avant, s6, their press kits (all years) and the releases naming that year"
audi,audi/a6,2024,press_specifications,,https://media.audiusa.com/models/A6-main#2024,,,,2026-10-02T12:54:48+00:00,,not_found,"no press kit of that model year listed; checked: model pages A6-main, A6, a6-allroad, rs-6-avant, s6, their press kits (all years) and the releases naming that year"
audi,audi/q3,2017,press_specifications,,https://media.audiusa.com/models/q3-main#2017,,,,2026-10-02T12:54:48+00:00,,not_found,"no press kit of that model year listed; checked: model pages q3-main, q3, their press kits (all years) and the releases naming that year"
audi,audi/q3,2018,press_specifications,,https://media.audiusa.com/models/q3-main#2018,,,,2026-10-02T12:54:48+00:00,,not_found,"no press kit of that model year listed; checked: model pages q3-main, q3, their press kits (all years) and the releases naming that year"
audi,audi/q3,2020,press_specifications,,https://media.audiusa.com/models/q3-main#2020,,,,2026-10-02T12:54:48+00:00,,not_found,"no press kit of that model year listed; checked: model pages q3-main, q3, their press kits (all years) and the releases naming that year"
audi,audi/q3,2022,press_specifications,,https://media.audiusa.com/models/q3-main#2022,,,,2026-10-02T12:54:48+00:00,,not_found,"no press kit of that model year listed; checked: model pages q3-main, q3, their press kits (all years) and the releases naming that year"
audi,audi/q3,2023,press_specifications,,https://media.audiusa.com/models/q3-main#2023,,,,2026-10-02T12:54:48+00:00,,not_found,"no press kit of that model year listed; checked: model pages q3-main, q3, their press kits (all years) and the releases naming that year"
audi,audi/q3,2024,press_specifications,,https://media.audiusa.com/models/q3-main#2024,,,,2026-10-02T12:54:48+00:00,,not_found,"no press kit of that model year listed; checked: model pages q3-main, q3, their press kits (all years) and the releases naming that year"
audi,audi/q5,2014,press_specifications,,https://media.audiusa.com/models/q5-main#2014,,,,2026-10-02T12:54:48+00:00,,not_found,"no press kit of that model year listed; checked: model pages q5-main, q5sq5, q5, SQ5, q5sq5-sportback, q5-sportback, sq5-sportback, their press kits (all years) and the releases naming that year"
audi,audi/q5,2018,press_specifications,,https://media.audiusa.com/models/q5-main#2018,,,,2026-10-02T12:54:48+00:00,,not_found,"press kits of that year without a spec document: 2018 Q5/SQ5; checked: model pages q5-main, q5sq5, q5, SQ5, q5sq5-sportback, q5-sportback, sq5-sportback, their press kits (all years) and the releases naming that year"
audi,audi/q5,2020,press_specifications,,https://media.audiusa.com/models/q5-main#2020,,,,2026-10-02T12:54:48+00:00,,not_found,"no press kit of that model year listed; checked: model pages q5-main, q5sq5, q5, SQ5, q5sq5-sportback, q5-sportback, sq5-sportback, their press kits (all years) and the releases naming that year"
audi,audi/q5,2021,press_specifications,,https://media.audiusa.com/models/q5-main#2021,,,,2026-10-02T12:54:48+00:00,,not_found,"press kits of that year without a spec document: 2021 Q5/SQ5; checked: model pages q5-main, q5sq5, q5, SQ5, q5sq5-sportback, q5-sportback, sq5-sportback, their press kits (all years) and the releases naming that year"
audi,audi/q5,2022,press_specifications,,https://media.audiusa.com/models/q5-main#2022,,,,2026-10-02T12:54:48+00:00,,not_found,"press kits of that year without a spec document: 2022 Q5/SQ5; 2022 Q5/SQ5 Sportback; checked: model pages q5-main, q5sq5, q5, SQ5, q5sq5-sportback, q5-sportback, sq5-sportback, their press kits (all years) and the releases naming that year"
audi,audi/q5,2023,press_specifications,,https://media.audiusa.com/models/q5-main#2023,,,,2026-10-02T12:54:48+00:00,,not_found,"no press kit of that model year listed; checked: model pages q5-main, q5sq5, q5, SQ5, q5sq5-sportback, q5-sportback, sq5-sportback, their press kits (all years) and the releases naming that year"
audi,audi/q5,2024,press_specifications,,https://media.audiusa.com/models/q5-main#2024,,,,2026-10-02T12:54:48+00:00,,not_found,"no press kit of that model year listed; checked: model pages q5-main, q5sq5, q5, SQ5, q5sq5-sportback, q5-sportback, sq5-sportback, their press kits (all years) and the releases naming that year"
audi,audi/q7,2016,press_specifications,,https://media.audiusa.com/models/q7-main#2016,,,,2026-10-02T12:54:48+00:00,,not_found,"no press kit of that model year listed; checked: model pages q7-main, q7-sq7, q7, sq7, their press kits (all years) and the releases naming that year"
audi,audi/q7,2018,press_specifications,,https://media.audiusa.com/models/q7-main#2018,,,,2026-10-02T12:54:48+00:00,,not_found,"no press kit of that model year listed; checked: model pages q7-main, q7-sq7, q7, sq7, their press kits (all years) and the releases naming that year"
audi,audi/q7,2021,press_specifications,,https://media.audiusa.com/models/q7-main#2021,,,,2026-10-02T12:54:48+00:00,,not_found,"no press kit of that model year listed; checked: model pages q7-main, q7-sq7, q7, sq7, their press kits (all years) and the releases naming that year"
audi,audi/q7,2022,press_specifications,,https://media.audiusa.com/models/q7-main#2022,,,,2026-10-02T12:54:48+00:00,,not_found,"no press kit of that model year listed; checked: model pages q7-main, q7-sq7, q7, sq7, their press kits (all years) and the releases naming that year"
audi,audi/q7,2023,press_specifications,,https://media.audiusa.com/models/q7-main#2023,,,,2026-10-02T12:54:48+00:00,,not_found,"no press kit of that model year listed; checked: model pages q7-main, q7-sq7, q7, sq7, their press kits (all years) and the releases naming that year"
audi,audi/q7,2024,press_specifications,,https://media.audiusa.com/models/q7-main#2024,,,,2026-10-02T12:54:48+00:00,,not_found,"no press kit of that model year listed; checked: model pages q7-main, q7-sq7, q7, sq7, their press kits (all years) and the releases naming that year"
audi,,,robots,robots.txt,https://media.audiusa.com/robots.txt,200,75,f6f9199c9b855cd434eca2b82415f5b0f851f71cbd82bfc333063fd9b5f12bf9,2026-10-02T13:21:54+00:00,press/media.audiusa.com/robots.txt.gz,ok,no rule against the pages used
audi,audi/a3,,press_index,press kit 2020-audi-a3/s3-sedan,https://media.audiusa.com/api/press-kits/2020-audi-a3/s3-sedan,404,83,b122b3a1aa24424afe6570aa2477fa1229ab75d4f4853063754e37977aaee464,2026-10-02T13:21:58+00:00,,not_found,"{""message"":""The route api\/press-kits\/2020-audi-a3\/s3-sedan could not be found.""}"
audi,audi/a4,,press_index,press kit 2020-a4/s4-press-kit,https://media.audiusa.com/api/press-kits/2020-a4/s4-press-kit,404,82,7fc36beca71de6227c69ede73a03772c3f6430383b374ba41866646dc04cb7ec,2026-10-02T13:22:02+00:00,,not_found,"{""message"":""The route api\/press-kits\/2020-a4\/s4-press-kit could not be found.""}"
audi,audi/a4,,press_index,press kit 2018-a4/s4-sedan,https://media.audiusa.com/api/press-kits/2018-a4/s4-sedan,404,78,7cb7c1b877bdc1e0aa414674fa35f557688f1aec99aa6d90cf63fb2dc68f52e3,2026-10-02T13:22:05+00:00,,not_found,"{""message"":""The route api\/press-kits\/2018-a4\/s4-sedan could not be found.""}"
audi,audi/a4,,press_index,press kit 2015-a4/s4-sedan,https://media.audiusa.com/api/press-kits/2015-a4/s4-sedan,404,78,a02706ac4b656b96853dbc568530310962cd47fa826e3640346d8b9f35600c93,2026-10-02T13:22:08+00:00,,not_found,"{""message"":""The route api\/press-kits\/2015-a4\/s4-sedan could not be found.""}"
audi,audi/a4,,press_index,press kit 2014-a4/s4-sedan,https://media.audiusa.com/api/press-kits/2014-a4/s4-sedan,404,78,43677f1594e447db69ca3445c70c558652500429ac5974f99de5d0646ac693d4,2026-10-02T13:22:12+00:00,,not_found,"{""message"":""The route api\/press-kits\/2014-a4\/s4-sedan could not be found.""}"
audi,audi/a5,,press_index,press kit a5/s5-coupe,https://media.audiusa.com/api/press-kits/a5/s5-coupe,404,73,94a93ffe36db744348b876a79940e6c794e47dbf9c0fe1f4c8f68804ba402f2e,2026-10-02T13:22:17+00:00,,not_found,"{""message"":""The route api\/press-kits\/a5\/s5-coupe could not be found.""}"
audi,audi/a5,,press_index,press kit 2021-a5/s5-cabriolet,https://media.audiusa.com/api/press-kits/2021-a5/s5-cabriolet,404,82,4f2c73781896e5b48fed8794612d0dc3076a75b580d4ca8465f09ded9108c77c,2026-10-02T13:22:20+00:00,,not_found,"{""message"":""The route api\/press-kits\/2021-a5\/s5-cabriolet could not be found.""}"
audi,audi/q5,,press_index,press kit 2021-q5/sq5,https://media.audiusa.com/api/press-kits/2021-q5/sq5,404,73,80a14244ed3eabc87cc87c6abc6ffb1ce55bc1afffdcbdc757e2a293195f70ed,2026-10-02T13:22:25+00:00,,not_found,"{""message"":""The route api\/press-kits\/2021-q5\/sq5 could not be found.""}"
audi,audi/q5,,press_index,press kit 2022-q5/sq5,https://media.audiusa.com/api/press-kits/2022-q5/sq5,404,73,b20d79ab25af3322999485cc2f99776517aa1d617ff33c8f853200894aaa4073,2026-10-02T13:22:28+00:00,,not_found,"{""message"":""The route api\/press-kits\/2022-q5\/sq5 could not be found.""}"
audi,audi/q5,,press_index,press kit 2021-q5/sq5-sportback,https://media.audiusa.com/api/press-kits/2021-q5/sq5-sportback,404,83,dafec045976ad89cfb4bc014608f87057677fbf0daed62c6f5afb139946976d5,2026-10-02T13:22:32+00:00,,not_found,"{""message"":""The route api\/press-kits\/2021-q5\/sq5-sportback could not be found.""}"
