make,line,year,doc_type,title,url,http_status,bytes,sha256,retrieved_at,path,status,note
mercedes-benz,mercedes-benz/amg-gt-4-door,2019,press_specifications,2019 Mercedes-AMG GT 4-Door Coupe Quick Reference Guide,https://media.mbusa.com/news/2019-mercedes-amg-gt-4-door-coupe-quick-reference-guide,200,512964,93390adad8e08b0bee296a1f05c71faf2d369861f26007e999d1d95502f1fe85,2026-10-02T11:56:18+00:00,press/media.mbusa.com/news-2019-mercedes-amg-gt-4-door-coupe-quick-reference-guide.html.gz,ok,"listed March 6, 2018"
mercedes-benz,mercedes-benz/amg-gt-4-door,2019,press_specifications,2019 Mercedes-AMG GT 53 4-Door Coupe Specifications,https://media.mbusa.com/news/2019-mercedes-amg-gt-53-4-door-coupe-specifications,200,516316,c4a1c460e1de3b155300295f9298738697ff87936dc743166e5ed46af8c7f19c,2026-10-02T11:56:22+00:00,press/media.mbusa.com/news-2019-mercedes-amg-gt-53-4-door-coupe-specifications.html.gz,ok,"listed August 14, 2018"
mercedes-benz,mercedes-benz/amg-gt-4-door,2019,press_specifications,2019 Mercedes-AMG GT 63 & GT 63 S 4-Door Coupe,https://media.mbusa.com/news/2019-mercedes-amg-gt-63-gt-63-s-4-door-coupe,200,516741,bc97d7db5496e32942bdb99c6b22fb9399f0c4fedbf5c20cc52ccd6f08dbba50,2026-10-02T11:56:25+00:00,press/media.mbusa.com/news-2019-mercedes-amg-gt-63-gt-63-s-4-door-coupe.html.gz,ok,"listed January 18, 2019"
mercedes-benz,mercedes-benz/amg-gt-4-door,2019,press_specifications,2019 Mercedes-AMG GT 63 & GT 63 S 4-Door Coupe Specifications,https://media.mbusa.com/news/2019-mercedes-amg-gt-63-gt-63-s-4-door-coupe-specifications,200,516582,3a7d1e304a18681176658f48a23265898ab6d4545658bd8cc43aa87f16842543,2026-10-02T11:56:30+00:00,press/media.mbusa.com/news-2019-mercedes-amg-gt-63-gt-63-s-4-door-coupe-specifications.html.gz,ok,"listed August 14, 2018"
mercedes-benz,mercedes-benz/amg-gt-4-door,2020,press_specifications,2020 Mercedes-AMG GT 4-Door Coupe Quick Reference Guide,https://media.mbusa.com/news/2020-mercedes-amg-gt-4-door-coupe-quick-reference-guide,200,516117,05490a5390a3d7dc4bd967fdc9bbe9b6c4bbe3b073de0f4f0ea08b8d4d108b11,2026-10-02T11:56:35+00:00,press/media.mbusa.com/news-2020-mercedes-amg-gt-4-door-coupe-quick-reference-guide.html.gz,ok,"listed June 21, 2019"
mercedes-benz,mercedes-benz/amg-gt-4-door,2020,press_specifications,2020 Mercedes-AMG GT 53 4-Door Coupe Specifications,https://media.mbusa.com/news/2020-mercedes-amg-gt-53-4-door-coupe-specifications,200,516773,6443dbffe637bf5354d136549836e302721616cd3b93354e92f6441334651c35,2026-10-02T11:56:38+00:00,press/media.mbusa.com/news-2020-mercedes-amg-gt-53-4-door-coupe-specifications.html.gz,ok,"listed June 21, 2019"
mercedes-benz,mercedes-benz/amg-gt-4-door,2020,press_specifications,2020 Mercedes-AMG GT 63 & GT 63 S 4-Door Coupe Specifications,https://media.mbusa.com/news/2020-mercedes-amg-gt-63-gt-63-s-4-door-coupe-specifications,200,517007,25004b275e23da098d1c4a6254d04d700f173659dca55355fefd9dbecb0f1ac6,2026-10-02T11:56:42+00:00,press/media.mbusa.com/news-2020-mercedes-amg-gt-63-gt-63-s-4-door-coupe-specifications.html.gz,ok,"listed June 21, 2019"
mercedes-benz,mercedes-benz/amg-gt-4-door,2021,press_specifications,2021 Mercedes-AMG GT 4-Door Coupe Quick Reference Guide,https://media.mbusa.com/news/2021-mercedes-amg-gt-4-door-coupe-quick-reference-guide,200,518620,3d0bbd09b3743b708329f93c9a30e9a36cfb994b071f2c0c5c81f6eb23f32ca7,2026-10-02T11:56:48+00:00,press/media.mbusa.com/news-2021-mercedes-amg-gt-4-door-coupe-quick-reference-guide.html.gz,ok,"listed September 11, 2020"
mercedes-benz,mercedes-benz/amg-gt-4-door,2021,press_specifications,2021 Mercedes-AMG GT 43 4-Door Coupe Specifications,https://media.mbusa.com/news/2021-mercedes-amg-gt-43-4-door-coupe-specifications,200,515662,5905c0451aa2a9667eb5375618e1cd4472e185fbdb0145d22f979b51e2c5d7b0,2026-10-02T11:56:54+00:00,press/media.mbusa.com/news-2021-mercedes-amg-gt-43-4-door-coupe-specifications.html.gz,ok,"listed April 13, 2021"
mercedes-benz,mercedes-benz/amg-gt-4-door,2024,press_specifications,2024 Mercedes-AMG GT 63 S E PERFORMANCE 4-Door Coupe Quick Reference Guide,https://media.mbusa.com/news/2024-mercedes-amg-gt-63-s-e-performance-4-door-coupe-quick-reference-guide,200,516317,e8d6d9ef737be555704d0061836a9d6746b642a095696aaf1108292ea03af24d,2026-10-02T11:56:58+00:00,press/media.mbusa.com/news-2024-mercedes-amg-gt-63-s-e-performance-4-door-coupe-quick-reference-guide.html.gz,ok,"listed September 9, 2024"
mercedes-benz,mercedes-benz/amg-gt-4-door,2025,press_specifications,2025 Mercedes-AMG GT 63 S E PERFORMANCE 4-Door Coupe Quick Reference Guide,https://media.mbusa.com/news/2025-mercedes-amg-gt-63-s-e-performance-4-door-coupe-quick-reference-guide,200,515149,7db68b87a18b91fa8cf2792aafd58ebf0015de597bacc9390ec7aed0b9f81e30,2026-10-02T11:57:04+00:00,press/media.mbusa.com/news-2025-mercedes-amg-gt-63-s-e-performance-4-door-coupe-quick-reference-guide.html.gz,ok,"listed February 3, 2025"
mercedes-benz,mercedes-benz/c-class,2017,press_specifications,2017 C-Class Cabriolet Quick Reference Guide,https://media.mbusa.com/news/2017-c-class-cabriolet-quick-reference-guide-2,200,517311,7eefb3f7dc7bfb551332fd136c4919c4be5a0d0d829941e490498da0c3e228ad,2026-10-02T11:57:07+00:00,press/media.mbusa.com/news-2017-c-class-cabriolet-quick-reference-guide-2.html.gz,ok,"listed September 22, 2016"
mercedes-benz,mercedes-benz/c-class,2017,press_specifications,2017 C-Class Coupe Quick Reference Guide,https://media.mbusa.com/news/2017-c-class-coupe-quick-reference-guide,200,515993,59705b9ebe0c5f926b247667b648201673ceb36ad5fd47881d16d058bd68edff,2026-10-02T11:57:11+00:00,press/media.mbusa.com/news-2017-c-class-coupe-quick-reference-guide.html.gz,ok,"listed September 22, 2016"
mercedes-benz,mercedes-benz/c-class,2017,press_specifications,2017 C-Class Sedan Quick Reference Guide,https://media.mbusa.com/news/2017-c-class-sedan-quick-reference-guide,200,514669,f583c9b0356f83789c6fc8889a236096e783381a85a11bfc86fbfb31dd81ddf4,2026-10-02T11:57:16+00:00,press/media.mbusa.com/news-2017-c-class-sedan-quick-reference-guide.html.gz,ok,"listed September 22, 2016"
mercedes-benz,mercedes-benz/c-class,2017,press_specifications,2017 Mercedes-AMG C43 Cabriolet Specifications,https://media.mbusa.com/news/2017-mercedes-amg-c43-cabriolet-specifications,200,516242,8c5ecc951df2ebd1fa35f33014d008ffe3254b80ae79d8f537365b2cc76a6b45,2026-10-02T11:57:21+00:00,press/media.mbusa.com/news-2017-mercedes-amg-c43-cabriolet-specifications.html.gz,ok,"listed September 22, 2016"
mercedes-benz,mercedes-benz/c-class,2017,press_specifications,2017 Mercedes-AMG C43 Coupe Specifications,https://media.mbusa.com/news/2017-mercedes-amg-c43-coupe-specifications-1,200,516216,c9e32103e1b0b05f432a37eb2856256476c99fc3a72defcf92a8795b5ddc822e,2026-10-02T11:57:27+00:00,press/media.mbusa.com/news-2017-mercedes-amg-c43-coupe-specifications-1.html.gz,ok,"listed September 22, 2016"
mercedes-benz,mercedes-benz/c-class,2017,press_specifications,2017 Mercedes-AMG C43 Sedan Specifications,https://media.mbusa.com/news/2017-mercedes-amg-c43-sedan-specifications,200,516258,174be5ceb9d0458cd5f899988b4d19394cc68bbf117c8fbc3e5e4db5bffe7b97,2026-10-02T11:57:31+00:00,press/media.mbusa.com/news-2017-mercedes-amg-c43-sedan-specifications.html.gz,ok,"listed September 22, 2016"
mercedes-benz,mercedes-benz/c-class,2017,press_specifications,2017 Mercedes-AMG C63 Cabrio and C63 S Cabrio Specifications,https://media.mbusa.com/news/2017-mercedes-amg-c63-cabrio-and-c63-s-cabrio-specifications,200,516873,199392d89e89a03fa3d20a64b82c252bad41c87f881279e85161d4906adcd79d,2026-10-02T11:57:37+00:00,press/media.mbusa.com/news-2017-mercedes-amg-c63-cabrio-and-c63-s-cabrio-specifications.html.gz,ok,"listed September 22, 2016"
mercedes-benz,mercedes-benz/c-class,2017,press_specifications,2017 Mercedes-AMG C63 Coupe and C63 S Coupe Specifications,https://media.mbusa.com/news/2017-mercedes-amg-c63-coupe-and-c63-s-coupe-specifications-1,200,516475,bd37cee16b127bcc9c9c0d8ec0fbf5da5b5b897000fe7ff5222fbeb019b3df09,2026-10-02T11:57:42+00:00,press/media.mbusa.com/news-2017-mercedes-amg-c63-coupe-and-c63-s-coupe-specifications-1.html.gz,ok,"listed September 22, 2016"
mercedes-benz,mercedes-benz/c-class,2017,press_specifications,2017 Mercedes-AMG C63 Sedan and C63 S Sedan Specifications,https://media.mbusa.com/news/2017-mercedes-amg-c63-sedan-and-c63-s-sedan-specifications,200,515511,0f585a9d4bfccd7501f69f4b5ab740a8654884b03ad4d8b8f066c0eb66051140,2026-10-02T11:57:46+00:00,press/media.mbusa.com/news-2017-mercedes-amg-c63-sedan-and-c63-s-sedan-specifications.html.gz,ok,"listed September 22, 2016"
mercedes-benz,mercedes-benz/c-class,2017,press_specifications,2017 Mercedes-Benz C300 Cabriolet and C300 4MATIC Cabriolet Specifications,https://media.mbusa.com/news/2017-mercedes-benz-c300-cabriolet-and-c300-4matic-cabriolet,200,516587,4143617f9f7d87329aa0666e595c26eb1fa6a199f4a663a04fc1522fda7ec603,2026-10-02T11:57:50+00:00,press/media.mbusa.com/news-2017-mercedes-benz-c300-cabriolet-and-c300-4matic-cabriolet.html.gz,ok,"listed September 22, 2016"
mercedes-benz,mercedes-benz/c-class,2017,press_specifications,2017 Mercedes-Benz C300 Coupe and C300 4MATIC Coupe Specifications,https://media.mbusa.com/news/2017-mercedes-benz-c300-coupe-and-c300-4matic-coupe-specifications-1,200,516156,16da6fb0d8a36eb670f7d03c9be87eda7c29edd6e54c0ed0aeae3e4f4d7d928c,2026-10-02T11:57:55+00:00,press/media.mbusa.com/news-2017-mercedes-benz-c300-coupe-and-c300-4matic-coupe-specifications-1.html.gz,ok,"listed September 22, 2016"
mercedes-benz,mercedes-benz/c-class,2017,press_specifications,2017 Mercedes-Benz C300 Sedan and C300 4MATIC Sedan Specifications,https://media.mbusa.com/news/2017-mercedes-benz-c300-sedan-and-c300-4matic-sedan-specifications,200,515300,8b2cb8795162a9e36580e35413595453b9c4eb87373b465a83168d3e3b3abfe2,2026-10-02T11:58:00+00:00,press/media.mbusa.com/news-2017-mercedes-benz-c300-sedan-and-c300-4matic-sedan-specifications.html.gz,ok,"listed September 22, 2016"
mercedes-benz,mercedes-benz/c-class,2017,press_specifications,2017 Mercedes-Benz C350e Sedan Specifications,https://media.mbusa.com/news/2017-mercedes-benz-c350e-sedan-specifications,200,516375,74c4b66b5f6b849d5eade577271f02e2aca4428c8cbc7b6444655e86019e9103,2026-10-02T11:58:03+00:00,press/media.mbusa.com/news-2017-mercedes-benz-c350e-sedan-specifications.html.gz,ok,"listed September 22, 2016"
mercedes-benz,mercedes-benz/c-class,2018,press_specifications,2018 C-Class Cabriolet Quick Reference Guide,https://media.mbusa.com/news/2018-c-class-cabriolet-quick-reference-guide,200,517520,d18382d04a1ae077f4b7027ce8d76d4e852e6f5c6dc2699f5bd1063e0cb1622f,2026-10-02T11:58:11+00:00,press/media.mbusa.com/news-2018-c-class-cabriolet-quick-reference-guide.html.gz,ok,"listed August 3, 2017"
mercedes-benz,mercedes-benz/c-class,2018,press_specifications,2018 C-Class Sedan Quick Reference Guide,https://media.mbusa.com/news/2018-c-class-sedan-quick-reference-guide,200,516263,845042671451088c5f36839d82526c0fc65cfa933a9000cb1a28e485957ac3d9,2026-10-02T11:58:17+00:00,press/media.mbusa.com/news-2018-c-class-sedan-quick-reference-guide.html.gz,ok,"listed August 3, 2017"
mercedes-benz,mercedes-benz/c-class,2018,press_specifications,2018 Mercedes-AMG C43 Cabriolet Specifications,https://media.mbusa.com/news/2018-mercedes-amg-c43-cabriolet-specifications,200,516492,9d33d3b57107fed5f4f0442b41a11edbab76857701ffa5ed52e5a7704c61a4bc,2026-10-02T11:58:21+00:00,press/media.mbusa.com/news-2018-mercedes-amg-c43-cabriolet-specifications.html.gz,ok,"listed August 3, 2017"
mercedes-benz,mercedes-benz/c-class,2018,press_specifications,2018 Mercedes-AMG C43 Sedan Sedan Specifications,https://media.mbusa.com/news/2018-mercedes-amg-c43-sedan,200,516204,1b962891cf8a4476a6be29b0d9d11db9005bcd76a92dd3b89d4441839933cdd0,2026-10-02T11:58:25+00:00,press/media.mbusa.com/news-2018-mercedes-amg-c43-sedan.html.gz,ok,"listed August 3, 2017"
mercedes-benz,mercedes-benz/c-class,2018,press_specifications,2018 Mercedes-AMG C63 Cabrio and C63 S Cabrio Specifications,https://media.mbusa.com/news/2018-mercedes-amg-c63-cabrio-and-c63-s-cabrio-specifications,200,516830,43e78c9a5fdd60a101720c5f431403bf2c523e9947f1e9a609815e72625e5512,2026-10-02T11:58:30+00:00,press/media.mbusa.com/news-2018-mercedes-amg-c63-cabrio-and-c63-s-cabrio-specifications.html.gz,ok,"listed August 3, 2017"
mercedes-benz,mercedes-benz/c-class,2018,press_specifications,2018 Mercedes-AMG C63 Sedan and C63 S Sedan Specifications,https://media.mbusa.com/news/2018-mercedes-amg-c63-sedan-and-c63-s-sedan,200,516407,7da9c3c7edcca7fa662558ba0a958d6cc74f106e3ddfb3461f19330726066db5,2026-10-02T11:58:35+00:00,press/media.mbusa.com/news-2018-mercedes-amg-c63-sedan-and-c63-s-sedan.html.gz,ok,"listed August 3, 2017"
mercedes-benz,mercedes-benz/c-class,2018,press_specifications,2018 Mercedes-Benz C 300 Cabriolet and C 300 4MATIC Cabriolet Specifications,https://media.mbusa.com/news/2018-mercedes-benz-c300-cabriolet-and-c300-4matic-cabriolet-specifications,200,516601,3444a6c3fe16fdc57caa0409e674e8c1118ef68efcf559f522d7bd7415ed7335,2026-10-02T11:58:40+00:00,press/media.mbusa.com/news-2018-mercedes-benz-c300-cabriolet-and-c300-4matic-cabriolet-specifications.html.gz,ok,"listed August 3, 2017"
mercedes-benz,mercedes-benz/c-class,2018,press_specifications,2018 Mercedes-Benz C 300 Coupe and C 300 4MATIC Coupe Specifications,https://media.mbusa.com/news/2018-mercedes-benz-c300-coupe-and-c300-4matic-coupe-specifications,200,516480,9d4b7d3a154354071021ae1b99761dc0689153b2c8aab60eca0690d939100746,2026-10-02T11:58:45+00:00,press/media.mbusa.com/news-2018-mercedes-benz-c300-coupe-and-c300-4matic-coupe-specifications.html.gz,ok,"listed August 3, 2017"
mercedes-benz,mercedes-benz/c-class,2018,press_specifications,2018 Mercedes-Benz C350e Sedan Specifications,https://media.mbusa.com/news/2018-mercedes-benz-c350e-sedan,200,516241,752280499c9f882d5fc0021b836c56eb1137f850a44acc8e5947d0b6ecab213c,2026-10-02T11:58:49+00:00,press/media.mbusa.com/news-2018-mercedes-benz-c350e-sedan.html.gz,ok,"listed August 3, 2017"
mercedes-benz,mercedes-benz/c-class,2018,press_specifications,2018 C-Class Coupe Quick Reference Guide,https://media.mbusa.com/news/quick-reference-guide-2018-c-class-coupe,200,514830,7dac3fdb5c4df9ca7877b55b1989acb900cf5b2f3e230b40150409ef2ea5f56f,2026-10-02T11:58:53+00:00,press/media.mbusa.com/news-quick-reference-guide-2018-c-class-coupe.html.gz,ok,"listed August 3, 2017"
mercedes-benz,mercedes-benz/c-class,2018,press_specifications,2018 Mercedes-AMG C 43 Coupe Specifications,https://media.mbusa.com/news/specs-2018-mercedes-amg-c43-coupe,200,516240,9541c9d8a410d880c38f0b6c3639bae718ef552fe9fbd438a261fdcb3c3adc3a,2026-10-02T11:58:57+00:00,press/media.mbusa.com/news-specs-2018-mercedes-amg-c43-coupe.html.gz,ok,"listed August 3, 2017"
mercedes-benz,mercedes-benz/c-class,2018,press_specifications,2018 Mercedes-AMG C 63 Coupe and C 63 S Coupe Specifications,https://media.mbusa.com/news/specs-2018-mercedes-amg-c63-coupe-and-c63-s-coupe,200,516319,c9365d9dd1882a3dd6ba576caffc3ecadf6536c7841155691df6bfb39891479f,2026-10-02T11:59:03+00:00,press/media.mbusa.com/news-specs-2018-mercedes-amg-c63-coupe-and-c63-s-coupe.html.gz,ok,"listed August 3, 2017"
mercedes-benz,mercedes-benz/c-class,2019,press_specifications,2019 C-Class Cabriolet Quick Reference Guide,https://media.mbusa.com/news/2019-c-class-cabriolet-quick-reference-guide,200,522707,61229fff56eda8bad9785d3ef1f8c380a165d812789507d8812a810bb9ececab,2026-10-02T11:59:06+00:00,press/media.mbusa.com/news-2019-c-class-cabriolet-quick-reference-guide.html.gz,ok,"listed March 20, 2018"
mercedes-benz,mercedes-benz/c-class,2019,press_specifications,2019 C-Class Coupe Quick Reference Guide,https://media.mbusa.com/news/2019-c-class-coupe-quick-reference-guide,200,522583,eb18d5b30691dd859a345791b46993574598fb0f561e17c6f5f3900ff4ee44a8,2026-10-02T11:59:11+00:00,press/media.mbusa.com/news-2019-c-class-coupe-quick-reference-guide.html.gz,ok,"listed March 20, 2018"
mercedes-benz,mercedes-benz/c-class,2019,press_specifications,2019 C-Class Sedan Quick Reference Guide,https://media.mbusa.com/news/2019-c-class-sedan-quick-reference-guide-qrg,200,522788,6c07d3901f49db172b9b47be9d959f62056a18ae914244a788d1b63b0bb70b2f,2026-10-02T11:59:14+00:00,press/media.mbusa.com/news-2019-c-class-sedan-quick-reference-guide-qrg.html.gz,ok,"listed February 13, 2018"
mercedes-benz,mercedes-benz/c-class,2019,press_specifications,2019 Mercedes-Benz C 300 and C 300 4MATIC Cabriolet,https://media.mbusa.com/news/2019-mercedes-benz-c-300-and-c-300-4matic-cabriolet,200,516160,9cf69a395520df8ab94e753e65158acdfa81cdefa2834e3b4de928719d1c8d19,2026-10-02T11:59:18+00:00,press/media.mbusa.com/news-2019-mercedes-benz-c-300-and-c-300-4matic-cabriolet.html.gz,ok,"listed July 2, 2018"
mercedes-benz,mercedes-benz/c-class,2019,press_specifications,2019 Mercedes-Benz C 300 and C 300 4MATIC Coupe,https://media.mbusa.com/news/2019-mercedes-benz-c-300-and-c-300-4matic-coupe,200,516191,d65d6c4ce89df6a3108ba7215fcb15783b10e2812108d716bb501ff1ebf8b20d,2026-10-02T11:59:22+00:00,press/media.mbusa.com/news-2019-mercedes-benz-c-300-and-c-300-4matic-coupe.html.gz,ok,"listed July 10, 2018"
mercedes-benz,mercedes-benz/c-class,2019,press_specifications,2019 Mercedes-Benz C 300 and C 300 4MATIC Sedan,https://media.mbusa.com/news/2019-mercedes-benz-c-300-and-c-300-4matic-sedan,200,516342,ea4259e5903e46f936f2922a06c4d325f00f8e4f453b7b2e9ba707e67fffaba5,2026-10-02T11:59:26+00:00,press/media.mbusa.com/news-2019-mercedes-benz-c-300-and-c-300-4matic-sedan.html.gz,ok,"listed July 10, 2018"
mercedes-benz,mercedes-benz/c-class,2020,press_specifications,2020 C-Class Cabriolet Quick Reference Guide,https://media.mbusa.com/news/2020-c-class-cabriolet,200,521918,228b13c7e431bdbd990fbbba83c5c60fbd6baaa28501ce2e95f818b40cfe17f2,2026-10-02T11:59:29+00:00,press/media.mbusa.com/news-2020-c-class-cabriolet.html.gz,ok,"listed June 21, 2019"
mercedes-benz,mercedes-benz/c-class,2021,press_specifications,2021 C-Class Cabriolet Quick Reference Guide,https://media.mbusa.com/news/2021-c-class-cabriolet-quick-reference-guide,200,521309,c5dc5c17b918c86619c4690bf3e5e3b76199891f695c7013f378b393346af451,2026-10-02T11:59:33+00:00,press/media.mbusa.com/news-2021-c-class-cabriolet-quick-reference-guide.html.gz,ok,"listed September 4, 2020"
mercedes-benz,mercedes-benz/c-class,2021,press_specifications,2021 C-Class Coupe Quick Reference Guide,https://media.mbusa.com/news/2021-c-class-coupe-quick-reference-guide,200,521624,8ba06826735c31399d5b742eb1180dbfb9ce983214fd8d818987edf056ab7218,2026-10-02T11:59:37+00:00,press/media.mbusa.com/news-2021-c-class-coupe-quick-reference-guide.html.gz,ok,"listed September 4, 2020"
mercedes-benz,mercedes-benz/c-class,2021,press_specifications,2021 C-Class Sedan Quick Reference Guide,https://media.mbusa.com/news/2021-c-class-sedan-quick-reference-guide,200,521961,a34073e0dec85f08fc240d13abcd5562b24166f3dae51124a874507ade68360e,2026-10-02T11:59:41+00:00,press/media.mbusa.com/news-2021-c-class-sedan-quick-reference-guide.html.gz,ok,"listed September 4, 2020"
mercedes-benz,mercedes-benz/c-class,2022,press_specifications,2022 C-Class Cabriolet Quick Reference Guide,https://media.mbusa.com/news/2022-c-class-cabriolet-quick-reference-guide,200,520837,5d93049837a173006652d5b5ba22257a6db05430299deb1ae7bad9ed2f965fd4,2026-10-02T11:59:46+00:00,press/media.mbusa.com/news-2022-c-class-cabriolet-quick-reference-guide.html.gz,ok,"listed July 30, 2021"
mercedes-benz,mercedes-benz/c-class,2022,press_specifications,2022 C-Class Coupe Quick Reference Guide,https://media.mbusa.com/news/2022-c-class-coupe-quick-reference-guide,200,521206,665ef6a07d587ec57d5f445f394c9e2a727d6ca07afe6c506a252c9eacefe89d,2026-10-02T11:59:50+00:00,press/media.mbusa.com/news-2022-c-class-coupe-quick-reference-guide.html.gz,ok,"listed July 30, 2021"
mercedes-benz,mercedes-benz/c-class,2022,press_specifications,2022 Mercedes-Benz C-Class Sedan Quick Reference Guide,https://media.mbusa.com/news/2022-mercedes-benz-c-class-sedan-quick-reference-guide,200,526727,963fa5e43af486bf3632eee4b8f143297ad120a87dd9fae24d71379bdda63a38,2026-10-02T11:59:54+00:00,press/media.mbusa.com/news-2022-mercedes-benz-c-class-sedan-quick-reference-guide.html.gz,ok,"listed February 23, 2021"
mercedes-benz,mercedes-benz/c-class,2023,press_specifications,2023 Mercedes-AMG C-Class Sedan Quick Reference Guide,https://media.mbusa.com/news/2023-mercedes-amg-c-class-sedan-quick-reference-guide,200,520921,c72d7c2b092575081dffc92de67c6757e4fc654dff101ea343a7d8b830b129f9,2026-10-02T12:00:00+00:00,press/media.mbusa.com/news-2023-mercedes-amg-c-class-sedan-quick-reference-guide.html.gz,ok,"listed April 26, 2022"
mercedes-benz,mercedes-benz/c-class,2024,press_specifications,2024 Mercedes-AMG C 63 S E PERFORMANCE Quick Reference Guide,https://media.mbusa.com/news/2024-mercedes-amg-c-63-s-e-performance-quick-reference-guide,200,517200,9a15a03bdd2129f8f7b1a0d9f2a07eedc805b2c95490b6e332c02eba7b64193c,2026-10-02T12:00:05+00:00,press/media.mbusa.com/news-2024-mercedes-amg-c-63-s-e-performance-quick-reference-guide.html.gz,ok,"listed August 7, 2024"
mercedes-benz,mercedes-benz/cla,2017,press_specifications,2017 CLA Quick Reference Guide,https://media.mbusa.com/news/2017-cla-quick-reference-guide,200,516191,d9395d5e87499c555ad32b90145dd9c0542f32c335cd3b0ba46e178577c89f1e,2026-10-02T12:00:08+00:00,press/media.mbusa.com/news-2017-cla-quick-reference-guide.html.gz,ok,"listed September 22, 2016"
mercedes-benz,mercedes-benz/cla,2017,press_specifications,2017 Mercedes-AMG CLA45 Coupe Specifications,https://media.mbusa.com/news/2017-mercedes-amg-cla45-coupe-specifications,200,515438,f3961ec0a479f9270df8e6bd1970efd46df3c344d7b8fd23114d8635e8014e8a,2026-10-02T12:00:13+00:00,press/media.mbusa.com/news-2017-mercedes-amg-cla45-coupe-specifications.html.gz,ok,"listed September 22, 2016"
mercedes-benz,mercedes-benz/cla,2017,press_specifications,2017 Mercedes-Benz CLA250 Coupe and CLA250 4MATIC Coupe Specifications,https://media.mbusa.com/news/2017-mercedes-benz-cla250-coupe-and-cla250-4matic-coupe,200,516087,9f90a1f54073f9d31d27560077b6e255a9269b847ff6ef26afcf39fbc96810c3,2026-10-02T12:00:16+00:00,press/media.mbusa.com/news-2017-mercedes-benz-cla250-coupe-and-cla250-4matic-coupe.html.gz,ok,"listed September 22, 2016"
mercedes-benz,mercedes-benz/cla,2018,press_specifications,2018 Mercedes-Benz CLA Coupe Quick Reference Guide,https://media.mbusa.com/news/quick-reference-guide-2018-cla,200,515793,a2a941129c460c32064c075de490c3e985dbc58669180d71af0610347dc12e25,2026-10-02T12:00:26+00:00,press/media.mbusa.com/news-quick-reference-guide-2018-cla.html.gz,ok,"listed August 3, 2017"
mercedes-benz,mercedes-benz/cla,2018,press_specifications,2018 Mercedes-AMG CLA 45 Coupe Specifications,https://media.mbusa.com/news/specs-2018-amg-cla45,200,513518,42bcd84228156a13930662f1e280ba7585f6ef4e5a14c75f607d2aca234c8f35,2026-10-02T12:00:29+00:00,press/media.mbusa.com/news-specs-2018-amg-cla45.html.gz,ok,"listed August 3, 2017"
mercedes-benz,mercedes-benz/cla,2018,press_specifications,2018 Mercedes-Benz CLA 250 Coupe Specifications,https://media.mbusa.com/news/specs-2018-cla250,200,516049,de4c8281345f3fb28426e967d63e231ef0ca48ced464cac0ab8d9e0d2e4f7851,2026-10-02T12:00:33+00:00,press/media.mbusa.com/news-specs-2018-cla250.html.gz,ok,"listed August 3, 2017"
mercedes-benz,mercedes-benz/cla,2019,press_specifications,2019 CLA Coupe Quick Reference Guide,https://media.mbusa.com/news/2019-cla-coupe-quick-reference-guide,200,515614,015792aa530c07a5c9b9f17d1e6017dd93eac5abea8c595dbc0264c3c0db8e08,2026-10-02T12:00:37+00:00,press/media.mbusa.com/news-2019-cla-coupe-quick-reference-guide.html.gz,ok,"listed June 12, 2018"
mercedes-benz,mercedes-benz/cla,2019,press_specifications,2019 Mercedes-AMG CLA 45 Coupe Specifications,https://media.mbusa.com/news/2019-mercedes-amg-cla-45-coupe-specifications,200,516068,6acb08130eecd005cad5a90b3f46b00f3000c985b67da5dbd53e03108dcd7ff2,2026-10-02T12:00:43+00:00,press/media.mbusa.com/news-2019-mercedes-amg-cla-45-coupe-specifications.html.gz,ok,"listed June 12, 2018"
mercedes-benz,mercedes-benz/cla,2019,press_specifications,2019 Mercedes-Benz CLA 250 Coupe and CLA 250 4MATIC Coupe Specifications,https://media.mbusa.com/news/2019-mercedes-benz-cla-250-coupe-and-cla-250-4matic-coupe-specifications,200,516375,95ae25a5168f64832f1ee17c3fd5e248746d51a47c7b15f071278a23695d8d56,2026-10-02T12:00:46+00:00,press/media.mbusa.com/news-2019-mercedes-benz-cla-250-coupe-and-cla-250-4matic-coupe-specifications.html.gz,ok,"listed June 12, 2018"
mercedes-benz,mercedes-benz/cla,2020,press_specifications,2020 CLA 35 Coupe Quick Reference Guide,https://media.mbusa.com/news/2020-cla-35-coupe-quick-reference-guide,200,518052,8019f2ce41d990e61a9df448acc7837028605c3dd1234391ab75ab783e2d3c46,2026-10-02T12:00:50+00:00,press/media.mbusa.com/news-2020-cla-35-coupe-quick-reference-guide.html.gz,ok,"listed April 8, 2019"
mercedes-benz,mercedes-benz/cla,2020,press_specifications,2020 CLA Coupe Quick Reference Guide,https://media.mbusa.com/news/2020-cla-coupe-quick-reference-guide,200,523967,aca54626e248401981f0d17f53cdabcb39151c991bec37941dd261a52b742565,2026-10-02T12:00:55+00:00,press/media.mbusa.com/news-2020-cla-coupe-quick-reference-guide.html.gz,ok,"listed July 4, 2019"
mercedes-benz,mercedes-benz/cla,2020,press_specifications,2020 Mercedes-AMG CLA 35 Coupe,https://media.mbusa.com/news/2020-mercedes-amg-cla-35-coupe,200,515824,f1fe4023d1bca11e8ce919a87b8c2015587c4ed216e1840850c5cfa094cb80d5,2026-10-02T12:00:59+00:00,press/media.mbusa.com/news-2020-mercedes-amg-cla-35-coupe.html.gz,ok,"listed December 9, 2019"
mercedes-benz,mercedes-benz/cla,2020,press_specifications,2020 Mercedes-AMG CLA 35 Coupe Specifications,https://media.mbusa.com/news/2020-mercedes-amg-cla-35-coupe-specifications,200,516022,7c57455bd8f48d24a2f0a3b18ce9dffddd652621c38ebcfd1624a0dd32bac824,2026-10-02T12:01:05+00:00,press/media.mbusa.com/news-2020-mercedes-amg-cla-35-coupe-specifications.html.gz,ok,"listed July 22, 2020"
mercedes-benz,mercedes-benz/cla,2020,press_specifications,2020 Mercedes-AMG CLA 45 Coupe Specifications,https://media.mbusa.com/news/2020-mercedes-amg-cla-45-coupe-specifications,200,516028,ab80f57860de18c9425132b55d38dd8d35b07f09b22db363d7c78be05540eb67,2026-10-02T12:01:10+00:00,press/media.mbusa.com/news-2020-mercedes-amg-cla-45-coupe-specifications.html.gz,ok,"listed July 22, 2020"
mercedes-benz,mercedes-benz/cla,2020,press_specifications,2020 Mercedes-Benz CLA 250 Coupe and CLA 250 4MATIC Coupe,https://media.mbusa.com/news/2020-mercedes-benz-cla-250-coupe-and-cla-250-4matic-coupe,200,516249,d1ca8a6e500ebb14af3232daecaf780044f629107189faa0326c99df3b2e83f3,2026-10-02T12:01:16+00:00,press/media.mbusa.com/news-2020-mercedes-benz-cla-250-coupe-and-cla-250-4matic-coupe.html.gz,ok,"listed October 23, 2019"
mercedes-benz,mercedes-benz/cla,2021,press_specifications,2021 CLA Coupe Quick Reference Guide,https://media.mbusa.com/news/2021-cla-coupe-quick-reference-guide,200,522346,397364dd3e9ecc51a646996bb1cd3ed3ab8605aa5131edd0d50212442867223b,2026-10-02T12:01:19+00:00,press/media.mbusa.com/news-2021-cla-coupe-quick-reference-guide.html.gz,ok,"listed September 4, 2020"
mercedes-benz,mercedes-benz/cla,2022,press_specifications,2022 CLA Coupe Quick Reference Guide,https://media.mbusa.com/news/2022-cla-coupe-quick-reference-guide,200,522289,af2c728c3680c9f153d7cc1bb8dc04cad47d912d6471c8597bddd5b1ab012a1f,2026-10-02T12:01:24+00:00,press/media.mbusa.com/news-2022-cla-coupe-quick-reference-guide.html.gz,ok,"listed July 30, 2021"
mercedes-benz,mercedes-benz/cla,2026,press_specifications,2026 Mercedes-Benz CLA Electric Quick Reference Guide,https://media.mbusa.com/news/2026-mercedes-benz-cla-all-electric-quick-reference-guide,200,519137,7a8d33b10635d2ae0c4fa231115c835b1123a2129f8f0146664ec1accccbaae6,2026-10-02T12:01:27+00:00,press/media.mbusa.com/news-2026-mercedes-benz-cla-all-electric-quick-reference-guide.html.gz,ok,"listed December 15, 2025"
mercedes-benz,mercedes-benz/cle,2024,press_specifications,2024 Mercedes-AMG CLE 53 Coupe Quick Reference Guide,https://media.mbusa.com/news/2024-mercedes-amg-cle-53-coupe-quick-reference-guide,200,513999,15d1a22087a5290966c46d2d7401a151dd8907f558b19c7d7f690ec93f1c71dc,2026-10-02T12:01:32+00:00,press/media.mbusa.com/news-2024-mercedes-amg-cle-53-coupe-quick-reference-guide.html.gz,ok,"listed February 4, 2025"
mercedes-benz,mercedes-benz/cle,2024,press_specifications,2024 Mercedes-Benz CLE Cabriolet Quick Reference Guide,https://media.mbusa.com/news/2024-mercedes-benz-cle-cabriolet-quick-reference-guide,200,525741,28eb80f94f1dd7b33c51c2659bb54cd550fa371b9568976006b6f388ae5fbbe9,2026-10-02T12:01:37+00:00,press/media.mbusa.com/news-2024-mercedes-benz-cle-cabriolet-quick-reference-guide.html.gz,ok,"listed April 18, 2024"
mercedes-benz,mercedes-benz/cle,2024,press_specifications,2024 Mercedes-Benz CLE Coupe,https://media.mbusa.com/news/2024-mercedes-benz-cle-coupe,200,524610,b5d9c8239da2d3fa2547e06e5b83f50c25c8cecc869ab402d6702fcbd5f93ec8,2026-10-02T12:01:43+00:00,press/media.mbusa.com/news-2024-mercedes-benz-cle-coupe.html.gz,ok,"listed June 6, 2024"
mercedes-benz,mercedes-benz/cle,2025,press_specifications,2025 Mercedes-AMG CLE 53 Cabriolet Quick Reference Guide,https://media.mbusa.com/news/2025-mercedes-amg-cle-53-cabriolet-quick-reference-guide,200,514704,cdb4a1df4aa3bf91457e1d4d3b39975447d5ad8137727f28dfe28a091f7738ea,2026-10-02T12:01:48+00:00,press/media.mbusa.com/news-2025-mercedes-amg-cle-53-cabriolet-quick-reference-guide.html.gz,ok,"listed January 30, 2025"
mercedes-benz,mercedes-benz/cle,2025,press_specifications,2025 Mercedes-AMG CLE 53 Coupe Quick Reference Guide,https://media.mbusa.com/news/2025-mercedes-amg-cle-53-coupe-quick-reference-guide,200,514189,4fa0d433da2e1a3f2d57e55074af6813ad953d45ccd436963aa7be44648f13c3,2026-10-02T12:01:53+00:00,press/media.mbusa.com/news-2025-mercedes-amg-cle-53-coupe-quick-reference-guide.html.gz,ok,"listed February 4, 2025"
mercedes-benz,mercedes-benz/cle,2026,press_specifications,2026 Mercedes-AMG CLE 53 Cabriolet Quick Reference Guide,https://media.mbusa.com/news/2026-mercedes-amg-cle-53-cabriolet-quick-reference-guide,200,514951,d6d42b7b6f44887b792c7dbc54e48503c2594380bbbad544d0000c5e7da1a03b,2026-10-02T12:01:58+00:00,press/media.mbusa.com/news-2026-mercedes-amg-cle-53-cabriolet-quick-reference-guide.html.gz,ok,"listed May 19, 2026"
mercedes-benz,mercedes-benz/cle,2026,press_specifications,2026 Mercedes-Benz CLE Cabriolet Quick Reference Guide,https://media.mbusa.com/news/2026-mercedes-benz-cle-cabriolet-quick-reference-guide,200,515002,311b320861c6ab11b592bd9ecf18da7390c3ba503558aadf8093e62a4aa1c54f,2026-10-02T12:02:01+00:00,press/media.mbusa.com/news-2026-mercedes-benz-cle-cabriolet-quick-reference-guide.html.gz,ok,"listed May 21, 2026"
mercedes-benz,mercedes-benz/cle,2026,press_specifications,2026 Mercedes-Benz CLE Coupe Quick Reference Guide,https://media.mbusa.com/news/2026-mercedes-benz-cle-coupe-quick-reference-guide,200,514793,7427a3b1358369d999c0eb51054b146b53d5e7f08778702e1fb164e057f235b7,2026-10-02T12:02:06+00:00,press/media.mbusa.com/news-2026-mercedes-benz-cle-coupe-quick-reference-guide.html.gz,ok,"listed May 21, 2026"
mercedes-benz,mercedes-benz/cls,2017,press_specifications,2017 CLS Quick Reference Guide,https://media.mbusa.com/news/2017-cls-quick-reference-guide,200,513902,b8b1546b8f81f1ffb261454ac44a85f66037a05bead35373fa37f136e79870b7,2026-10-02T12:02:10+00:00,press/media.mbusa.com/news-2017-cls-quick-reference-guide.html.gz,ok,"listed September 22, 2016"
mercedes-benz,mercedes-benz/cls,2017,press_specifications,2017 Mercedes-AMG CLS63 S Coupe Specifications,https://media.mbusa.com/news/2017-mercedes-amg-cls63-s-coupe-specifications,200,515828,dc8ae7c17dff417a04612157a35cddc8f908c01502cd06875c61b5e3fe26870b,2026-10-02T12:02:14+00:00,press/media.mbusa.com/news-2017-mercedes-amg-cls63-s-coupe-specifications.html.gz,ok,"listed September 22, 2016"
mercedes-benz,mercedes-benz/cls,2017,press_specifications,2017 Mercedes-Benz CLS400 Coupe and CLS400 4MATIC Coupe Specifications,https://media.mbusa.com/news/2017-mercedes-benz-cls400-coupe-and-cls400-4matic-coupe-specifications,200,516235,250cc2266879eb684b1f053a56cc2288d544de62a9832d8c2f8c9950ec2ec64e,2026-10-02T12:02:17+00:00,press/media.mbusa.com/news-2017-mercedes-benz-cls400-coupe-and-cls400-4matic-coupe-specifications.html.gz,ok,"listed September 22, 2016"
mercedes-benz,mercedes-benz/cls,2017,press_specifications,2017 Mercedes-Benz CLS550 Coupe and CLS550 4MATIC Coupe Specifications,https://media.mbusa.com/news/2017-mercedes-benz-cls550-coupe-and-cls550-4matic-coupe-specifications,200,516315,362afd222d431825ddd506efb5e30f2d50f44cb1add030c8c2622209b5c048c8,2026-10-02T12:02:20+00:00,press/media.mbusa.com/news-2017-mercedes-benz-cls550-coupe-and-cls550-4matic-coupe-specifications.html.gz,ok,"listed September 22, 2016"
mercedes-benz,mercedes-benz/cls,2018,press_specifications,2018 CLS Coupe Quick Reference Guide,https://media.mbusa.com/news/2018-cls-coupe-quick-reference-guide,200,513593,ccd497561dd69ce7ae838065d1109e29180e21ff5f7fece3e53da60036b327c8,2026-10-02T12:02:25+00:00,press/media.mbusa.com/news-2018-cls-coupe-quick-reference-guide.html.gz,ok,"listed August 3, 2017"
mercedes-benz,mercedes-benz/cls,2018,press_specifications,2018 Mercedes-AMG CLS63 S Coupe Specifications,https://media.mbusa.com/news/2018-mercedes-amg-cls63-s-coupe,200,515755,41ad769ab613e4aac16dcaa3133b80a4d13ecbb5930d154da69aacf1cb50b5c1,2026-10-02T12:02:30+00:00,press/media.mbusa.com/news-2018-mercedes-amg-cls63-s-coupe.html.gz,ok,"listed August 3, 2017"
mercedes-benz,mercedes-benz/cls,2018,press_specifications,2018 Mercedes-Benz CLS550 Coupe and CLS550 4MATIC Coupe Specifications,https://media.mbusa.com/news/2018-mercedes-benz-cls550-coupe-and-cls550-4matic-coupe,200,516252,eda6aebf0693ea6d6c37c9ea2e724f09d5dd3ada29615477b5c4e5b1fad56a76,2026-10-02T12:02:33+00:00,press/media.mbusa.com/news-2018-mercedes-benz-cls550-coupe-and-cls550-4matic-coupe.html.gz,ok,"listed August 3, 2017"
mercedes-benz,mercedes-benz/cls,2019,press_specifications,2019 CLS Quick Reference Guide,https://media.mbusa.com/news/2019-cls-quick-reference-guide,200,520967,8d0f768817e9c4ae2c6da031c164e340dc06ce9ce64b274ec61b8b4777e50dd0,2026-10-02T12:02:43+00:00,press/media.mbusa.com/news-2019-cls-quick-reference-guide.html.gz,ok,"listed November 29, 2017"
mercedes-benz,mercedes-benz/cls,2019,press_specifications,2019 Mercedes-AMG CLS 53 Coupe,https://media.mbusa.com/news/2019-mercedes-amg-cls-53-coupe,200,516209,d5d7d0e386f62ab4e3f01c2f1c8164686d612e15861f2e84dd8db365c7590e2e,2026-10-02T12:02:48+00:00,press/media.mbusa.com/news-2019-mercedes-amg-cls-53-coupe.html.gz,ok,"listed August 9, 2018"
mercedes-benz,mercedes-benz/cls,2019,press_specifications,2019 Mercedes-Benz CLS 450 Coupe and CLS 450 4MATIC Coupe Specifications,https://media.mbusa.com/news/2019-mercedes-benz-cls-450-coupe-and-cls-450-4matic-coupe,200,516521,b6c0382dc1c2fa536287e27c13588e44c431c67cca3cc9619ad026b0c4135f61,2026-10-02T12:02:52+00:00,press/media.mbusa.com/news-2019-mercedes-benz-cls-450-coupe-and-cls-450-4matic-coupe.html.gz,ok,"listed May 7, 2018"
mercedes-benz,mercedes-benz/cls,2020,press_specifications,2020 CLS Coupe Quick Reference Guide,https://media.mbusa.com/news/2020-cls-coupe-quick-reference-guide,200,521930,10e3bae6a42f52952b68d8f114c1fe371a4c758efadad34baa710ad132f7ed5c,2026-10-02T12:02:55+00:00,press/media.mbusa.com/news-2020-cls-coupe-quick-reference-guide.html.gz,ok,"listed June 21, 2019"
mercedes-benz,mercedes-benz/cls,2020,press_specifications,2020 Mercedes-AMG CLS 53 Coupe,https://media.mbusa.com/news/2020-mercedes-amg-cls-53-coupe,200,513800,96fad70f8bdb9619e3282d07f6eda2c92d90f77a79a3ec3d3c5a693f55cb0040,2026-10-02T12:02:59+00:00,press/media.mbusa.com/news-2020-mercedes-amg-cls-53-coupe.html.gz,ok,"listed June 21, 2019"
mercedes-benz,mercedes-benz/cls,2020,press_specifications,2020 Mercedes-Benz CLS 450 Coupe and CLS 450 4MATIC Coupe,https://media.mbusa.com/news/2020-mercedes-benz-cls-450-coupe-and-cls-450-4matic-coupe,200,516831,44a32b6645c540bcf81bd9f849d44d0b8b89eea6640782f005d8dea87cb59b0a,2026-10-02T12:03:03+00:00,press/media.mbusa.com/news-2020-mercedes-benz-cls-450-coupe-and-cls-450-4matic-coupe.html.gz,ok,"listed June 21, 2019"
mercedes-benz,mercedes-benz/cls,2022,press_specifications,2022 Mercedes-Benz CLS Quick Reference Guide,https://media.mbusa.com/news/2022-mercedes-benz-cls-quick-reference-guide,200,522575,d3b8f55e65196387d2610fc0099ff4927b7c1681262f88d2f294ab82d8e82b75,2026-10-02T12:03:08+00:00,press/media.mbusa.com/news-2022-mercedes-benz-cls-quick-reference-guide.html.gz,ok,"listed April 6, 2021"
mercedes-benz,mercedes-benz/e-class,2017,press_specifications,2017-2018 E-Class Quick Reference Guide,https://media.mbusa.com/news/2017-e-class-quick-reference-guide-1,200,518295,d92392d1d1a023ebe29248ab2310ede47797f539e4fa360049933e38cb7c02e2,2026-10-02T12:03:13+00:00,press/media.mbusa.com/news-2017-e-class-quick-reference-guide-1.html.gz,ok,"listed September 23, 2016"
mercedes-benz,mercedes-benz/e-class,2017,press_specifications,2017 Mercedes-Benz E-Class Coupe Quick Reference Guide,https://media.mbusa.com/news/2017-mercedes-benz-e-class-cabriolet-quick-reference-guide,200,513046,fdd452b62877bb3f9eb2257125c49cd0adbaa362308af9497442afbb4fced121,2026-10-02T12:03:16+00:00,press/media.mbusa.com/news-2017-mercedes-benz-e-class-cabriolet-quick-reference-guide.html.gz,ok,"listed September 22, 2016"
mercedes-benz,mercedes-benz/e-class,2017,press_specifications,2017 Mercedes-Benz E300 and E300 4MATIC Sedan Specifications,https://media.mbusa.com/news/2017-mercedes-benz-e300-and-e300-4matic-sedan-specifications,200,516580,8127769ac46f8c77ed9dec4cca3ede0ffa18cf83560f62f51cdcd99b588b43f3,2026-10-02T12:03:21+00:00,press/media.mbusa.com/news-2017-mercedes-benz-e300-and-e300-4matic-sedan-specifications.html.gz,ok,"listed September 23, 2016"
mercedes-benz,mercedes-benz/e-class,2017,press_specifications,2017 Mercedes-Benz E400 Cabriolet Specifications,https://media.mbusa.com/news/2017-mercedes-benz-e400-cabriolet-specifications,200,514471,27e3727acb5cd12066f167f0484408bf1cbec1db5dc229e4f9028f2cbd7d4848,2026-10-02T12:03:25+00:00,press/media.mbusa.com/news-2017-mercedes-benz-e400-cabriolet-specifications.html.gz,ok,"listed September 22, 2016"
mercedes-benz,mercedes-benz/e-class,2017,press_specifications,2017 Mercedes-Benz E400 Coupe and E400 4MATIC Coupe Specifications,https://media.mbusa.com/news/2017-mercedes-benz-e400-coupe-and-e400-4matic-coupe-specifications,200,514688,c203e14df6b3018b2f48bad74200936e7ffe4b7297a8e40469d323b692e59331,2026-10-02T12:03:30+00:00,press/media.mbusa.com/news-2017-mercedes-benz-e400-coupe-and-e400-4matic-coupe-specifications.html.gz,ok,"listed September 22, 2016"
mercedes-benz,mercedes-benz/e-class,2017,press_specifications,2017 Mercedes-Benz E400 Wagon Specifications,https://media.mbusa.com/news/2017-mercedes-benz-e400-wagon-specifications,200,519557,ff5dd3283b0ec66863580a61f640c5559f78c81d5533526472a8206e00798957,2026-10-02T12:03:34+00:00,press/media.mbusa.com/news-2017-mercedes-benz-e400-wagon-specifications.html.gz,ok,"listed February 10, 2017"
mercedes-benz,mercedes-benz/e-class,2017,press_specifications,2017 Mercedes-Benz E43 Sedan Specifications,https://media.mbusa.com/news/2017-mercedes-benz-e43-sedan-specifications,200,516198,1718456a7ea0edb1a591c3f83f9ca27818dbe605eb5a091cb34303a3ed18f2ee,2026-10-02T12:03:38+00:00,press/media.mbusa.com/news-2017-mercedes-benz-e43-sedan-specifications.html.gz,ok,"listed January 31, 2017"
mercedes-benz,mercedes-benz/e-class,2017,press_specifications,2017 Mercedes-Benz E550 Cabriolet Specifications,https://media.mbusa.com/news/2017-mercedes-benz-e550-cabriolet-specifications,200,514422,322e83e7ec836b1fb50d7d82db85a77d3ee3544ae6b82d4d7aed8a80a7fbb25b,2026-10-02T12:03:44+00:00,press/media.mbusa.com/news-2017-mercedes-benz-e550-cabriolet-specifications.html.gz,ok,"listed September 22, 2016"
mercedes-benz,mercedes-benz/e-class,2017,press_specifications,2017 Mercedes-Benz E550 Coupe Specifications,https://media.mbusa.com/news/2017-mercedes-benz-e550-coupe-specifications,200,515703,9b120538c93324fdf9047d1cc0922d25c0059f4b860cea47f3e1f3eccd6c1d18,2026-10-02T12:03:48+00:00,press/media.mbusa.com/news-2017-mercedes-benz-e550-coupe-specifications.html.gz,ok,"listed September 22, 2016"
mercedes-benz,mercedes-benz/e-class,2017,press_specifications,2017 Mercedes-Benz E-Class Cabriolet Quick Reference Guide,https://media.mbusa.com/news/quick-reference-guide-2017-e-class-cabriolet,200,512611,05d4579d1c67ca386e41473f72ef2fbf5fe3b3aff99f7630bb4e1cd0e4957a03,2026-10-02T12:03:51+00:00,press/media.mbusa.com/news-quick-reference-guide-2017-e-class-cabriolet.html.gz,ok,"listed September 22, 2016"
mercedes-benz,mercedes-benz/e-class,2017,press_specifications,2017/2018 E-Class Wagon Quick Reference Guide,https://media.mbusa.com/news/quick-reference-guide-20172018-e-class-wagon,200,517453,24c0e5da6b041e5afc6c4d75383f9b9c1dc129cd872d629d9646d105c526a88a,2026-10-02T12:03:54+00:00,press/media.mbusa.com/news-quick-reference-guide-20172018-e-class-wagon.html.gz,ok,"listed February 1, 2017"
mercedes-benz,mercedes-benz/e-class,2018,press_specifications,2018 E-Class Coupe Quick Reference Guide,https://media.mbusa.com/news/2018-e-class-coupe-quick-reference-guide,200,514865,8858acf42176646a6965dff8be751157d946479234454e4940e878c9270a4482,2026-10-02T12:03:59+00:00,press/media.mbusa.com/news-2018-e-class-coupe-quick-reference-guide.html.gz,ok,"listed February 5, 2017"
mercedes-benz,mercedes-benz/e-class,2018,press_specifications,2018 E-Class Sedan Quick Reference Guide,https://media.mbusa.com/news/2018-e-class-sedan-quick-reference-guide,200,519796,e675c30ded575fdfef8cd2542f9dfee6199a13adf8ee3a77437cdee187c0ff93,2026-10-02T12:04:03+00:00,press/media.mbusa.com/news-2018-e-class-sedan-quick-reference-guide.html.gz,ok,"listed August 4, 2017"
mercedes-benz,mercedes-benz/e-class,2018,press_specifications,2018 E-Class Wagon Quick Reference Guide,https://media.mbusa.com/news/2018-e-class-wagon-quick-reference-guide,200,516933,85d40ea3c092919a0da37002de4ea474048169f195a9906b838578d638c0a9d4,2026-10-02T12:04:07+00:00,press/media.mbusa.com/news-2018-e-class-wagon-quick-reference-guide.html.gz,ok,"listed August 4, 2017"
mercedes-benz,mercedes-benz/e-class,2018,press_specifications,2018 Mercedes-AMG E43 Sedan Specifications,https://media.mbusa.com/news/2018-mercedes-amg-e43-sedan-specifications,200,516214,469d935b51ffd4c4c1bbf62f2b025025cdead9a0810ef9bd2336fa22694e53f1,2026-10-02T12:04:12+00:00,press/media.mbusa.com/news-2018-mercedes-amg-e43-sedan-specifications.html.gz,ok,"listed August 4, 2017"
mercedes-benz,mercedes-benz/e-class,2018,press_specifications,2018 Mercedes-AMG E63 S Sedan Specifications,https://media.mbusa.com/news/2018-mercedes-amg-e63-s-sedan-specifications,200,516125,ad3a057cc70d0d07fd72873c22d4bcf2fc4a81cda7c5b3e961c603e036da59cd,2026-10-02T12:04:15+00:00,press/media.mbusa.com/news-2018-mercedes-amg-e63-s-sedan-specifications.html.gz,ok,"listed August 4, 2017"
mercedes-benz,mercedes-benz/e-class,2018,press_specifications,2018 Mercedes-AMG E 63 S Wagon Specifications,https://media.mbusa.com/news/2018-mercedes-amg-e63-s-wagon-specifications,200,516162,ad6f84bb0de37c7d0b43e318ad4e1d54bf07aaf86b0b06ef1a823ed00a77dafd,2026-10-02T12:04:19+00:00,press/media.mbusa.com/news-2018-mercedes-amg-e63-s-wagon-specifications.html.gz,ok,"listed August 4, 2017"
mercedes-benz,mercedes-benz/e-class,2018,press_specifications,2018 Mercedes-Benz E300 and E300 4MATIC Sedan Specifications,https://media.mbusa.com/news/2018-mercedes-benz-e300-and-e300-4matic-sedan-specifications,200,516481,5730825f12fe77449a56bccf5b766b10ac74308bc151d20dcec07e1987c2587f,2026-10-02T12:04:27+00:00,press/media.mbusa.com/news-2018-mercedes-benz-e300-and-e300-4matic-sedan-specifications.html.gz,ok,"listed August 4, 2017"
mercedes-benz,mercedes-benz/e-class,2018,press_specifications,2018 Mercedes-Benz E400 4MATIC Sedan Specifications,https://media.mbusa.com/news/2018-mercedes-benz-e400-4matic-sedan-specifications,200,516262,072932ed09eedd4ab2eab57473001611ce5f80f926b7efd565b8f19ba8043e8a,2026-10-02T12:04:33+00:00,press/media.mbusa.com/news-2018-mercedes-benz-e400-4matic-sedan-specifications.html.gz,ok,"listed August 4, 2017"
mercedes-benz,mercedes-benz/e-class,2018,press_specifications,2018 Mercedes-Benz E 400 Cabriolet and E 400 4MATIC Cabriolet Specifications,https://media.mbusa.com/news/2018-mercedes-benz-e400-cabriolet-and-e400-4matic-cabriolet,200,516587,f17a69edd691b9705dae0b94998fbdce90eceee1de16b5ac78f197ede4073597,2026-10-02T12:04:36+00:00,press/media.mbusa.com/news-2018-mercedes-benz-e400-cabriolet-and-e400-4matic-cabriolet.html.gz,ok,"listed May 3, 2017"
mercedes-benz,mercedes-benz/e-class,2018,press_specifications,2018 Mercedes-Benz E 400 Coupe and E 400 4MATIC Coupe Specifications,https://media.mbusa.com/news/2018-mercedes-benz-e400-coupe-and-e400-4matic-coupe-specifications,200,516557,acc543cb69bb0a71a7cbaecc4bb95bb78597e1e6ab244b3938b6e4c6933d8902,2026-10-02T12:04:39+00:00,press/media.mbusa.com/news-2018-mercedes-benz-e400-coupe-and-e400-4matic-coupe-specifications.html.gz,ok,"listed February 13, 2017"
mercedes-benz,mercedes-benz/e-class,2018,press_specifications,2018 Mercedes-Benz E 400 Wagon Specifications,https://media.mbusa.com/news/2018-mercedes-benz-e400-wagon-specifications,200,516208,9924f9212c6a771c66602f037caf4f68e12a256174c0ccb3c96ca1904ae797a7,2026-10-02T12:04:44+00:00,press/media.mbusa.com/news-2018-mercedes-benz-e400-wagon-specifications.html.gz,ok,"listed August 4, 2017"
mercedes-benz,mercedes-benz/e-class,2018,press_specifications,2018 E-Class Cabriolet Quick Reference Guide,https://media.mbusa.com/news/quick-reference-guide-2018-e-class-cabriolet,200,515802,a9565aa517716ab30c0ab15bd58edb27a12e85e4f307479672a06fa90584fedb,2026-10-02T12:04:49+00:00,press/media.mbusa.com/news-quick-reference-guide-2018-e-class-cabriolet.html.gz,ok,"listed March 1, 2017"
mercedes-benz,mercedes-benz/e-class,2019,press_specifications,2019 E-Class Cabriolet Quick Reference Guide,https://media.mbusa.com/news/2019-e-class-cabriolet-quick-reference-guide,200,520639,6748d26b0e540075f57d59181ba18df759b588008b0737a753fee85b6759deb5,2026-10-02T12:04:54+00:00,press/media.mbusa.com/news-2019-e-class-cabriolet-quick-reference-guide.html.gz,ok,"listed August 9, 2018"
mercedes-benz,mercedes-benz/e-class,2019,press_specifications,2019 E-Class Coupe Quick Reference Guide,https://media.mbusa.com/news/2019-e-class-coupe-quick-reference-guide,200,519105,6cca92cafd81b79ebe4c54b8641e8212b492345d69d6408a190f90188bd7a7b4,2026-10-02T12:04:57+00:00,press/media.mbusa.com/news-2019-e-class-coupe-quick-reference-guide.html.gz,ok,"listed August 9, 2018"
mercedes-benz,mercedes-benz/e-class,2019,press_specifications,2019 E-Class Sedan Quick Reference Guide,https://media.mbusa.com/news/2019-e-class-sedan-quick-reference-guide,200,522967,2c00ce0af7582a5f4955c5e2141240adc452fd4034b73e189144dc371fc2eea0,2026-10-02T12:05:02+00:00,press/media.mbusa.com/news-2019-e-class-sedan-quick-reference-guide.html.gz,ok,"listed August 9, 2018"
mercedes-benz,mercedes-benz/e-class,2019,press_specifications,2019 E-Class Wagon Quick Reference Guide,https://media.mbusa.com/news/2019-e-class-wagon-quick-reference-guide,200,518671,ebd69701c9cf7183e7c3ab2d094876fd8beb41b989294e5c6453ba75135ce165,2026-10-02T12:05:06+00:00,press/media.mbusa.com/news-2019-e-class-wagon-quick-reference-guide.html.gz,ok,"listed September 6, 2018"
mercedes-benz,mercedes-benz/e-class,2019,press_specifications,2019 Mercedes-AMG E 53 Cabriolet Specifications,https://media.mbusa.com/news/2019-mercedes-amg-e-53-cabriolet-specifications,200,516222,8b470546b89b57dbd16b1b9ef0f5ccfe94b2abcb0e0a15ccd99b0fde6f5ba3e7,2026-10-02T12:05:09+00:00,press/media.mbusa.com/news-2019-mercedes-amg-e-53-cabriolet-specifications.html.gz,ok,"listed August 9, 2018"
mercedes-benz,mercedes-benz/e-class,2019,press_specifications,2019 Mercedes-AMG E 53 Coupe Specifications,https://media.mbusa.com/news/2019-mercedes-amg-e-53-coupe-specifications,200,516200,8aaca0aa68d69845c920533d4ffccdd56927b5fce00e7d7d526eab2c7088dfc7,2026-10-02T12:05:15+00:00,press/media.mbusa.com/news-2019-mercedes-amg-e-53-coupe-specifications.html.gz,ok,"listed August 9, 2018"
mercedes-benz,mercedes-benz/e-class,2019,press_specifications,2019 Mercedes-AMG E 53 Sedan Specifications,https://media.mbusa.com/news/2019-mercedes-amg-e-53-sedan-specifications,200,515168,9ce8a6464ca820c1f171565cfef335582057eb7a4e776e0db85de1c0728f5bd4,2026-10-02T12:05:18+00:00,press/media.mbusa.com/news-2019-mercedes-amg-e-53-sedan-specifications.html.gz,ok,"listed August 9, 2018"
mercedes-benz,mercedes-benz/e-class,2019,press_specifications,2019 Mercedes-AMG E 63 S Sedan Specification,https://media.mbusa.com/news/2019-mercedes-amg-e-63-s-sedan-specification,200,516096,3773506372ce999767d8b1bd1193853d64529f81f163323a281d979eb59f977b,2026-10-02T12:05:21+00:00,press/media.mbusa.com/news-2019-mercedes-amg-e-63-s-sedan-specification.html.gz,ok,"listed August 9, 2018"
mercedes-benz,mercedes-benz/e-class,2019,press_specifications,2019 Mercedes-Benz E 300 and E 300 4MATIC Sedan Specifications,https://media.mbusa.com/news/2019-mercedes-benz-e-300-and-e-300-4matic-sedan-specifications,200,515331,3246fb02912da3753ddf7d9171f0f078d39e81376ec2ae3bbd27107e192e3201,2026-10-02T12:05:26+00:00,press/media.mbusa.com/news-2019-mercedes-benz-e-300-and-e-300-4matic-sedan-specifications.html.gz,ok,"listed August 9, 2018"
mercedes-benz,mercedes-benz/e-class,2019,press_specifications,2019 Mercedes-Benz E 450 4MATIC Sedan Specifications,https://media.mbusa.com/news/2019-mercedes-benz-e-450-4matic-sedan-specifications,200,515163,ea72fb3a64f1b9787bcfe107f990efbd6735f00ca13e72888d8489ed0d56df54,2026-10-02T12:05:29+00:00,press/media.mbusa.com/news-2019-mercedes-benz-e-450-4matic-sedan-specifications.html.gz,ok,"listed August 9, 2018"
mercedes-benz,mercedes-benz/e-class,2019,press_specifications,2019 Mercedes-Benz E 450 and E 450 4MATIC Cabriolet Specifications,https://media.mbusa.com/news/2019-mercedes-benz-e-450-and-e-450-4matic-cabriolet-specifications,200,516556,6ce5f3ce68ccb9bd6570bed94713c03a9d30bc009cf3cf6a3f6c22fba5d0316a,2026-10-02T12:05:34+00:00,press/media.mbusa.com/news-2019-mercedes-benz-e-450-and-e-450-4matic-cabriolet-specifications.html.gz,ok,"listed August 9, 2018"
mercedes-benz,mercedes-benz/e-class,2019,press_specifications,2019 Mercedes-Benz E 450 and E 450 4MATIC Coupe Specifications,https://media.mbusa.com/news/2019-mercedes-benz-e-450-and-e-450-4matic-coupe-specifications,200,516493,0f95fe30e456b306a23fe753d1128dd983a7c33f0d043b37c37e5c3f2d437133,2026-10-02T12:05:38+00:00,press/media.mbusa.com/news-2019-mercedes-benz-e-450-and-e-450-4matic-coupe-specifications.html.gz,ok,"listed August 9, 2018"
mercedes-benz,mercedes-benz/e-class,2019,press_specifications,2019 Mercedes-Benz E 450 Wagon Specifications,https://media.mbusa.com/news/2019-mercedes-benz-e-450-wagon,200,516209,3e6d574c8e24ca4be35933eab0224000378b59899d63415afd77fee1d055f2c1,2026-10-02T12:05:42+00:00,press/media.mbusa.com/news-2019-mercedes-benz-e-450-wagon.html.gz,ok,"listed September 6, 2018"
mercedes-benz,mercedes-benz/e-class,2020,press_specifications,2020 E-Class Cabriolet Quick Reference Guide,https://media.mbusa.com/news/2020-e-class-cabriolet-quick-reference-guide,200,521828,4716c97c56d9039ad38543e216c97cecd825f5bbbb18e38828265a84caa99113,2026-10-02T12:05:47+00:00,press/media.mbusa.com/news-2020-e-class-cabriolet-quick-reference-guide.html.gz,ok,"listed June 21, 2019"
mercedes-benz,mercedes-benz/e-class,2020,press_specifications,2020 E-Class Coupe Quick Reference Guide,https://media.mbusa.com/news/2020-e-class-coupe-quick-reference-guide,200,521654,c192cbdcf65f403815071544b00c51d1f6d8ee7b6c03bf87446c83f032336dcb,2026-10-02T12:05:52+00:00,press/media.mbusa.com/news-2020-e-class-coupe-quick-reference-guide.html.gz,ok,"listed June 21, 2019"
mercedes-benz,mercedes-benz/e-class,2020,press_specifications,2020 E-Class Sedan Quick Reference Guide,https://media.mbusa.com/news/2020-e-class-sedan-quick-reference-guide,200,524323,233679d91be6a1ba9b7a353b6a28f2b99bc6450cbcac319887f4c34922eb74eb,2026-10-02T12:05:57+00:00,press/media.mbusa.com/news-2020-e-class-sedan-quick-reference-guide.html.gz,ok,"listed June 21, 2019"
mercedes-benz,mercedes-benz/e-class,2020,press_specifications,2020 E-Class Wagon Quick Reference Guide,https://media.mbusa.com/news/2020-e-class-wagon-quick-reference-guide,200,520030,0c68755fd954c3918dd2bc7e2b15247bc9fee93f6befc7b73c3e9077d0bfe964,2026-10-02T12:06:00+00:00,press/media.mbusa.com/news-2020-e-class-wagon-quick-reference-guide.html.gz,ok,"listed June 21, 2019"
mercedes-benz,mercedes-benz/e-class,2020,press_specifications,2020 Mercedes-AMG E 53 Cabrio,https://media.mbusa.com/news/2020-mercedes-amg-e-53-cabrio,200,513707,8b8d9ab85b0c4c39c2cf61318a727e5ea0bb1e381ef991b77f9791006e37c980,2026-10-02T12:06:06+00:00,press/media.mbusa.com/news-2020-mercedes-amg-e-53-cabrio.html.gz,ok,"listed June 21, 2019"
mercedes-benz,mercedes-benz/e-class,2020,press_specifications,2020 Mercedes-AMG E 53 Coupe,https://media.mbusa.com/news/2020-mercedes-amg-e-53-coupe,200,516220,c93d86ae80ad21210bce37f36f74853e63ac0cf1f671c65becba4be6d88b7324,2026-10-02T12:06:09+00:00,press/media.mbusa.com/news-2020-mercedes-amg-e-53-coupe.html.gz,ok,"listed August 9, 2019"
mercedes-benz,mercedes-benz/e-class,2020,press_specifications,2020 Mercedes-AMG E 53 Sedan,https://media.mbusa.com/news/2020-mercedes-amg-e-53-sedan,200,513799,d52de160d14e1593895d660b1823ea021d3d6fc438c2667990ab8010a5f3b064,2026-10-02T12:06:15+00:00,press/media.mbusa.com/news-2020-mercedes-amg-e-53-sedan.html.gz,ok,"listed June 21, 2019"
mercedes-benz,mercedes-benz/e-class,2020,press_specifications,2020 Mercedes-AMG E 63 S Sedan,https://media.mbusa.com/news/2020-mercedes-amg-e-63-s-sedan,200,516237,f74b260d27112ace87010e975b14b997db1a687cb394bd43d3905450252212fc,2026-10-02T12:06:20+00:00,press/media.mbusa.com/news-2020-mercedes-amg-e-63-s-sedan.html.gz,ok,"listed June 21, 2019"
mercedes-benz,mercedes-benz/e-class,2020,press_specifications,2020 Mercedes-AMG E 63 S Wagon,https://media.mbusa.com/news/2020-mercedes-amg-e-63-s-wagon,200,516238,6e7be886c0d25804fd6f33bd58a32240fb4e2ab97f3a77401e41b9e999532c56,2026-10-02T12:06:24+00:00,press/media.mbusa.com/news-2020-mercedes-amg-e-63-s-wagon.html.gz,ok,"listed June 21, 2019"
mercedes-benz,mercedes-benz/e-class,2020,press_specifications,2020 Mercedes-Benz E 350 and E 350 4MATIC Sedan,https://media.mbusa.com/news/2020-mercedes-benz-e-350-and-e-350-4matic-sedan,200,513914,5fcc9e3c79e8260974b6325aac87ccb69ec7e80dc1ca01512387598f68d52408,2026-10-02T12:06:27+00:00,press/media.mbusa.com/news-2020-mercedes-benz-e-350-and-e-350-4matic-sedan.html.gz,ok,"listed June 21, 2019"
mercedes-benz,mercedes-benz/e-class,2020,press_specifications,2020 Mercedes-Benz E 450 4MATIC Sedan,https://media.mbusa.com/news/2020-mercedes-benz-e-450-4matic-sedan,200,513738,8e478c35aafff325d59f3c9c547a1557775abb4524f1b0b1596accb752443031,2026-10-02T12:06:33+00:00,press/media.mbusa.com/news-2020-mercedes-benz-e-450-4matic-sedan.html.gz,ok,"listed June 21, 2019"
mercedes-benz,mercedes-benz/e-class,2020,press_specifications,2020 Mercedes-Benz E 450 4MATIC Wagon,https://media.mbusa.com/news/2020-mercedes-benz-e-450-4matic-wagon,200,513684,63dcaf0c21ef18124e7abcd820c8f894ed992ce07632cbcafdd30dd8f1cd52d1,2026-10-02T12:06:36+00:00,press/media.mbusa.com/news-2020-mercedes-benz-e-450-4matic-wagon.html.gz,ok,"listed June 21, 2019"
mercedes-benz,mercedes-benz/e-class,2020,press_specifications,2020 Mercedes-Benz E 450 and E 450 4MATIC Cabriolet,https://media.mbusa.com/news/2020-mercedes-benz-e-450-and-e-450-4matic-cabriolet,200,516413,c57c1120cdad0355a1bbe1e7977806cac902354838b0405d4e8a7b38fe77a89c,2026-10-02T12:06:40+00:00,press/media.mbusa.com/news-2020-mercedes-benz-e-450-and-e-450-4matic-cabriolet.html.gz,ok,"listed June 21, 2019"
mercedes-benz,mercedes-benz/e-class,2020,press_specifications,2020 Mercedes-Benz E 450 and E 450 4MATIC Coupe,https://media.mbusa.com/news/2020-mercedes-benz-e-450-and-e-450-4matic-coupe,200,513934,8ec1330cc26e69f19f77c7dc05d4f239e313ba430b7ea9213e7129793fe4ee04,2026-10-02T12:06:46+00:00,press/media.mbusa.com/news-2020-mercedes-benz-e-450-and-e-450-4matic-coupe.html.gz,ok,"listed June 21, 2019"
mercedes-benz,mercedes-benz/e-class,2021,press_specifications,2021 E-Class Cabriolet Quick Reference Guide,https://media.mbusa.com/news/2021-e-class-cabriolet-quick-reference-guide,200,525824,1907eea4b5a361d1fceb4670ff8faed7cbed14f929aa4885b2053d5597c2c48f,2026-10-02T12:06:52+00:00,press/media.mbusa.com/news-2021-e-class-cabriolet-quick-reference-guide.html.gz,ok,"listed May 26, 2020"
mercedes-benz,mercedes-benz/e-class,2021,press_specifications,2021 E-Class Coupe Quick Reference Guide,https://media.mbusa.com/news/2021-e-class-coupe-quick-reference-guide,200,525231,e772be3a3ac8c10823e2a3e7f43953191513ae79ca1ef5f3c005832018246541,2026-10-02T12:06:57+00:00,press/media.mbusa.com/news-2021-e-class-coupe-quick-reference-guide.html.gz,ok,"listed May 26, 2020"
mercedes-benz,mercedes-benz/e-class,2021,press_specifications,2021 Mercedes-AMG E 53 Cabriolet Specifications,https://media.mbusa.com/news/2021-mercedes-amg-e-53-cabriolet-specifications,200,515474,7c36edbbf1aaa57bc6b99053c0b1e9db5d21df0ed2adeb84667a9d11387c140b,2026-10-02T12:07:01+00:00,press/media.mbusa.com/news-2021-mercedes-amg-e-53-cabriolet-specifications.html.gz,ok,"listed April 13, 2021"
mercedes-benz,mercedes-benz/e-class,2021,press_specifications,2021 Mercedes-AMG E 53 Coupe Specifications,https://media.mbusa.com/news/2021-mercedes-amg-e-53-coupe-specifications,200,515446,728744b59c3dd7fa0be3b22c922240787058415629e0df9beebc98332f730f4c,2026-10-02T12:07:05+00:00,press/media.mbusa.com/news-2021-mercedes-amg-e-53-coupe-specifications.html.gz,ok,"listed April 13, 2021"
mercedes-benz,mercedes-benz/e-class,2021,press_specifications,2021 Mercedes-AMG E 53 Sedan Specifications,https://media.mbusa.com/news/2021-mercedes-amg-e-53-sedan-specifications,200,515450,e5c87fe0661af12b1d9fe630a3e391df6969e77dcf9bd5ba5de2dd8a5ce5906f,2026-10-02T12:07:09+00:00,press/media.mbusa.com/news-2021-mercedes-amg-e-53-sedan-specifications.html.gz,ok,"listed April 13, 2021"
mercedes-benz,mercedes-benz/e-class,2021,press_specifications,2021 Mercedes-AMG E 63 S Sedan Specifications,https://media.mbusa.com/news/2021-mercedes-amg-e-63-s-sedan-specifications,200,515303,2bc75fc724200405f0c9840d52a5a69b7ca70a2663a6dbbf90f201d69a9cf4c6,2026-10-02T12:07:14+00:00,press/media.mbusa.com/news-2021-mercedes-amg-e-63-s-sedan-specifications.html.gz,ok,"listed April 13, 2021"
mercedes-benz,mercedes-benz/e-class,2021,press_specifications,2021 Mercedes-AMG E 63 S Wagon Specifications,https://media.mbusa.com/news/2021-mercedes-amg-e-63-s-wagon-specifications,200,515337,12389b7e6d1c143d6bfc8379e2687f9e17dc23274b82e8180f55e0865de07ed8,2026-10-02T12:07:18+00:00,press/media.mbusa.com/news-2021-mercedes-amg-e-63-s-wagon-specifications.html.gz,ok,"listed April 13, 2021"
mercedes-benz,mercedes-benz/e-class,2021,press_specifications,2021 Mercedes-Benz E 350 and E 350 4MATIC Sedan,https://media.mbusa.com/news/2021-mercedes-benz-e-350-and-e-350-4matic-sedan,200,515420,7601f230d874fb8d8eaba0b4d9e515ee4499d59bd631a84ed091e727b70c1258,2026-10-02T12:07:23+00:00,press/media.mbusa.com/news-2021-mercedes-benz-e-350-and-e-350-4matic-sedan.html.gz,ok,"listed August 4, 2020"
mercedes-benz,mercedes-benz/e-class,2021,press_specifications,2021 Mercedes-Benz E 450 4MATIC Sedan,https://media.mbusa.com/news/2021-mercedes-benz-e-450-4matic-sedan,200,514941,b52ff94353ed572f5d92766ff8edc7f43a2743ad8851aaabbb796ae3e3398a74,2026-10-02T12:07:26+00:00,press/media.mbusa.com/news-2021-mercedes-benz-e-450-4matic-sedan.html.gz,ok,"listed August 4, 2020"
mercedes-benz,mercedes-benz/e-class,2021,press_specifications,2021 Mercedes-Benz E 450 and E 450 4MATIC Cabriolet,https://media.mbusa.com/news/2021-mercedes-benz-e-450-and-e-450-4matic-cabriolet,200,515575,ea4a17cbce6395ee077696e415bed6137ce3404bb4cf3fc53b5d5ee71b1dfbd9,2026-10-02T12:07:31+00:00,press/media.mbusa.com/news-2021-mercedes-benz-e-450-and-e-450-4matic-cabriolet.html.gz,ok,"listed August 4, 2020"
mercedes-benz,mercedes-benz/e-class,2021,press_specifications,2021 Mercedes-Benz E-Class All-Terrain and Wagon Quick Reference Guide,https://media.mbusa.com/news/2021-mercedes-benz-e-class-all-terrain-quick-reference-guide,200,524001,bb18a8aae1acb5e025184ab301d1b9db3a3b742e349136e34c6eaebc59a17778,2026-10-02T12:07:36+00:00,press/media.mbusa.com/news-2021-mercedes-benz-e-class-all-terrain-quick-reference-guide.html.gz,ok,"listed March 3, 2020"
mercedes-benz,mercedes-benz/e-class,2021,press_specifications,2021 Mercedes-Benz E-Class Sedan Quick Reference Guide,https://media.mbusa.com/news/2021-mercedes-benz-e-class-sedan-quick-reference-guide,200,527672,ab3fdf1825287bd9d45cf75d9c98b62d4028623aac014e623a00abdbab5c7a6e,2026-10-02T12:07:41+00:00,press/media.mbusa.com/news-2021-mercedes-benz-e-class-sedan-quick-reference-guide.html.gz,ok,"listed March 3, 2020"
mercedes-benz,mercedes-benz/e-class,2022,press_specifications,2022 E-Class All-Terrain Quick Reference Guide,https://media.mbusa.com/news/2022-e-class-all-terrain-quick-reference-guide,200,520346,54c35f63c9477ff3472bacb15d052cee7a4d7fe2aecff050f5bff388ebba9c4d,2026-10-02T12:07:46+00:00,press/media.mbusa.com/news-2022-e-class-all-terrain-quick-reference-guide.html.gz,ok,"listed July 30, 2021"
mercedes-benz,mercedes-benz/e-class,2022,press_specifications,2022 E-Class Cabriolet Quick Reference Guide,https://media.mbusa.com/news/2022-e-class-cabriolet-quick-reference-guide,200,523613,5bc41c84ce8cfc2e16c3b6a1937c5f43feeb9ecc051c9f53a0d7d200395def58,2026-10-02T12:07:51+00:00,press/media.mbusa.com/news-2022-e-class-cabriolet-quick-reference-guide.html.gz,ok,"listed July 30, 2021"
mercedes-benz,mercedes-benz/e-class,2022,press_specifications,2022 E-Class Coupe Quick Reference Guide,https://media.mbusa.com/news/2022-e-class-coupe-quick-reference-guide,200,522938,13ee7823106780b434a127152fbd3e99ec7dd92c5a28306aa0090941455d020e,2026-10-02T12:07:56+00:00,press/media.mbusa.com/news-2022-e-class-coupe-quick-reference-guide.html.gz,ok,"listed July 30, 2021"
mercedes-benz,mercedes-benz/e-class,2022,press_specifications,2022 E-Class Sedan Quick Reference Guide,https://media.mbusa.com/news/2022-e-class-sedan-quick-reference-guide,200,523377,d9f101d2da90f8b9e3f64ca63eed4d02b0c808124e31a5db87d099d4de98c241,2026-10-02T12:07:59+00:00,press/media.mbusa.com/news-2022-e-class-sedan-quick-reference-guide.html.gz,ok,"listed July 30, 2021"
mercedes-benz,mercedes-benz/e-class,2024,press_specifications,2024 E-Class All-Terrain Quick Reference Guide,https://media.mbusa.com/news/2024-e-class-all-terrain-quick-reference-guide,200,519432,7d6b5cb461fe2159475144166178c6c42a64b7535a789b387d44c5c9dd25c106,2026-10-02T12:08:04+00:00,press/media.mbusa.com/news-2024-e-class-all-terrain-quick-reference-guide.html.gz,ok,"listed January 14, 2025"
mercedes-benz,mercedes-benz/e-class,2024,press_specifications,2024 E-Class Sedan Quick Reference Guide,https://media.mbusa.com/news/2024-e-class-sedan-quick-reference-guide,200,521761,5869b8ed1e26ad27a8c6e851aabef7657c3f686bef60eed83e6215554b95ae16,2026-10-02T12:08:09+00:00,press/media.mbusa.com/news-2024-e-class-sedan-quick-reference-guide.html.gz,ok,"listed July 25, 2023"
mercedes-benz,mercedes-benz/e-class,2025,press_specifications,2025 Mercedes-AMG E 53 Hybrid Quick Reference Guide,https://media.mbusa.com/news/2025-mercedes-amg-e-53-hybrid-quick-reference-guide,200,516581,99c71d8cfa16ac749281e0f990ed5428baba4893a1a31ab0513023fc31ff652d,2026-10-02T12:08:12+00:00,press/media.mbusa.com/news-2025-mercedes-amg-e-53-hybrid-quick-reference-guide.html.gz,ok,"listed November 27, 2024"
mercedes-benz,mercedes-benz/e-class,2026,press_specifications,2026 Mercedes-AMG E 53 HYBRID Wagon,https://media.mbusa.com/news/2026-mercedes-amg-e-53-hybrid-wagon,200,516748,230810b48a4a8b145f84d64b0d75887d06df60489457ed6bfce9feebf78593e8,2026-10-02T12:08:17+00:00,press/media.mbusa.com/news-2026-mercedes-amg-e-53-hybrid-wagon.html.gz,ok,"listed March 12, 2026"
mercedes-benz,mercedes-benz/eqb,2022,press_specifications,2022 EQB SUV Quick Reference Guide,https://media.mbusa.com/news/2022-mercedes-benz-eqb-quick-reference-guide,200,520318,9168251bfd7883ce25be3ad6cd08f4711e17fa40416c2912bbe84d55dc41f638,2026-10-02T12:08:21+00:00,press/media.mbusa.com/news-2022-mercedes-benz-eqb-quick-reference-guide.html.gz,ok,"listed September 5, 2021"
mercedes-benz,mercedes-benz/eqb,2024,press_specifications,2024 EQB SUV Quick Reference Guide,https://media.mbusa.com/news/2024-eqb-suv-quick-reference-guide,200,520890,1e9a69f842685888c6249afa6618722742921f3b0e2061a5a48c58e48c994539,2026-10-02T12:08:26+00:00,press/media.mbusa.com/news-2024-eqb-suv-quick-reference-guide.html.gz,ok,"listed April 16, 2024"
mercedes-benz,mercedes-benz/eqs,,press_specifications,AMG EQS Sedan Technical Specifications,https://media.mbusa.com/news/amg-eqs-sedan-technical-specifications,200,514349,26fa988df4b1b025beeec30cd23c36cfbd45c134f763e73708e01e982187da26,2026-10-02T12:08:31+00:00,press/media.mbusa.com/news-amg-eqs-sedan-technical-specifications.html.gz,ok,"listed January 14, 2022; model year not stated"
mercedes-benz,mercedes-benz/eqs,2022,press_specifications,2022 Mercedes-AMG EQS Quick Reference Guide,https://media.mbusa.com/news/2022-mercedes-amg-eqs-quick-reference-guide,200,524546,861ac969d5066b243885c910b996815f8efb98993df463f7fd988d9a6fdaf9fa,2026-10-02T12:08:34+00:00,press/media.mbusa.com/news-2022-mercedes-amg-eqs-quick-reference-guide.html.gz,ok,"listed September 5, 2021"
mercedes-benz,mercedes-benz/eqs,2022,press_specifications,2022 EQS Sedan Quick Reference Guide,https://media.mbusa.com/news/2022-mercedes-benz-eqs-quick-reference-guide,200,527690,885413b0c29c38cef5aff0930134a5070d9262bdc489d32ffdc76e8e8d4517cd,2026-10-02T12:08:39+00:00,press/media.mbusa.com/news-2022-mercedes-benz-eqs-quick-reference-guide.html.gz,ok,"listed April 15, 2021"
mercedes-benz,mercedes-benz/eqs,2023,press_specifications,2023 EQS Sedan Quick Reference Guide,https://media.mbusa.com/news/2023-eqs-sedan-quick-reference-guide,200,527873,3d9cb2499b2c9dcafc9e06421430d2464e005cab803289147980a9fc57cb1dce,2026-10-02T12:08:41+00:00,press/media.mbusa.com/news-2023-eqs-sedan-quick-reference-guide.html.gz,ok,"listed August 30, 2022"
mercedes-benz,mercedes-benz/gla,2017,press_specifications,2017 GLA Quick Reference Guide,https://media.mbusa.com/news/2017-gla-quick-reference-guide,200,514250,3e1c175dbae448edb49df97fbe7d4d33d26e3bd4cd2031d5127c1c5dfbbcf690,2026-10-02T12:08:47+00:00,press/media.mbusa.com/news-2017-gla-quick-reference-guide.html.gz,ok,"listed September 22, 2016"
mercedes-benz,mercedes-benz/gla,2017,press_specifications,2017 Mercedes-AMG GLA45 Specifications,https://media.mbusa.com/news/2017-mercedes-amg-gla45-specifications,200,514537,d9e68004ff1a8d0d5750fd5fda4ad65697cc45db897d9ffcb9eb0c9d5af9979f,2026-10-02T12:08:52+00:00,press/media.mbusa.com/news-2017-mercedes-amg-gla45-specifications.html.gz,ok,"listed September 22, 2016"
mercedes-benz,mercedes-benz/gla,2017,press_specifications,2017 Mercedes-Benz GLA250 and GLA250 4MATIC Specifications,https://media.mbusa.com/news/2017-mercedes-benz-gla250-and-gla250-4matic-specifications,200,514802,cf5912978e9719ee96a4c0eff06b4f98b5e236a29abc095aee222d63063bac89,2026-10-02T12:08:56+00:00,press/media.mbusa.com/news-2017-mercedes-benz-gla250-and-gla250-4matic-specifications.html.gz,ok,"listed September 22, 2016"
mercedes-benz,mercedes-benz/gla,2018,press_specifications,2018 GLA Quick Reference Guide,https://media.mbusa.com/news/2018-gla-quick-reference-guide,200,515886,86bd90c348047a00541968305d5d91ea213541ec4187d26a5b602fe69cc4c150,2026-10-02T12:08:59+00:00,press/media.mbusa.com/news-2018-gla-quick-reference-guide.html.gz,ok,"listed January 9, 2017"
mercedes-benz,mercedes-benz/gla,2018,press_specifications,2018 Mercedes-AMG GLA45 Specifications,https://media.mbusa.com/news/2018-mercedes-amg-gla45-specifications,200,515975,1a0c780e7f9cea5d982820007f99efa6aaf87fd9ddad92cbfe2f76d205f79848,2026-10-02T12:09:04+00:00,press/media.mbusa.com/news-2018-mercedes-amg-gla45-specifications.html.gz,ok,"listed February 6, 2017"
mercedes-benz,mercedes-benz/gla,2018,press_specifications,2018 Mercedes-Benz GLA250 and GLA250 4MATIC Specifications,https://media.mbusa.com/news/2018-mercedes-benz-gla250-and-gla250-4matic-specifications,200,516273,194204ad0ebf0e4e2ea9c9337f11fd1d5ae46975e8c993813fc1ea0bdcafd683,2026-10-02T12:09:07+00:00,press/media.mbusa.com/news-2018-mercedes-benz-gla250-and-gla250-4matic-specifications.html.gz,ok,"listed February 6, 2017"
mercedes-benz,mercedes-benz/gla,2019,press_specifications,2019 GLA Quick Reference Guide,https://media.mbusa.com/news/2019-gla-quick-reference-guide,200,515641,fc02230855cc02f4cce64bba0d7242137a5fff442272ac976aeb2b0245908655,2026-10-02T12:09:11+00:00,press/media.mbusa.com/news-2019-gla-quick-reference-guide.html.gz,ok,"listed June 12, 2018"
mercedes-benz,mercedes-benz/gla,2019,press_specifications,2019 Mercedes-AMG GLA 45 SUV Specifications,https://media.mbusa.com/news/2019-mercedes-amg-gla-45-suv-specifications,200,515960,1fbeb431f3deeece2131da258101654deb59cb873eaacb07392d20b1ff245c2e,2026-10-02T12:09:14+00:00,press/media.mbusa.com/news-2019-mercedes-amg-gla-45-suv-specifications.html.gz,ok,"listed June 12, 2018"
mercedes-benz,mercedes-benz/gla,2019,press_specifications,2019 Mercedes-Benz GLA 250 and GLA 250 4MATIC SUV Specifications,https://media.mbusa.com/news/2019-mercedes-benz-gla-250-and-gla-250-4matic-suv-specifications,200,516247,ef47a95ec332bf7927abbd83d5d54f84ef876e7f8fe5e7118ff8eb1201e79f65,2026-10-02T12:09:19+00:00,press/media.mbusa.com/news-2019-mercedes-benz-gla-250-and-gla-250-4matic-suv-specifications.html.gz,ok,"listed June 12, 2018"
mercedes-benz,mercedes-benz/gla,2020,press_specifications,2020 GLA Quick Reference Guide,https://media.mbusa.com/news/2020-gla-quick-reference-guide,200,513673,fb8a68e895a7e15083a476bd48c77a17bdfcadce0bba462a7c75832020a63dc2,2026-10-02T12:09:24+00:00,press/media.mbusa.com/news-2020-gla-quick-reference-guide.html.gz,ok,"listed June 21, 2019"
mercedes-benz,mercedes-benz/gla,2020,press_specifications,2020 Mercedes-Benz GLA 250 and GLA 250 4MATIC SUV Specifications,https://media.mbusa.com/news/2020-mercedes-benz-gla-250-and-gla-250-4matic-suv-specifications,200,516233,f409c4a30d38440153c92aed3539db3efe7708c438671a2bb881eeaa39741970,2026-10-02T12:09:27+00:00,press/media.mbusa.com/news-2020-mercedes-benz-gla-250-and-gla-250-4matic-suv-specifications.html.gz,ok,"listed June 21, 2019"
mercedes-benz,mercedes-benz/gla,2021,press_specifications,2021 Mercedes-AMG GLA 35 SUV,https://media.mbusa.com/news/2021-mercedes-amg-gla-35-suv,200,515197,8a79cc639119655030d8cfba731d10da0a1bf700f294cbfa221e6709cfd7b80e,2026-10-02T12:09:30+00:00,press/media.mbusa.com/news-2021-mercedes-amg-gla-35-suv.html.gz,ok,"listed March 1, 2021"
mercedes-benz,mercedes-benz/gla,2021,press_specifications,2021 Mercedes-AMG GLA 45 SUV,https://media.mbusa.com/news/2021-mercedes-amg-gla-45-suv,200,515186,fcd32a69ee2794622b4c23cad50ceac554809affb7a32f48a698f06181d1f3b1,2026-10-02T12:09:35+00:00,press/media.mbusa.com/news-2021-mercedes-amg-gla-45-suv.html.gz,ok,"listed March 1, 2021"
mercedes-benz,mercedes-benz/gla,2021,press_specifications,2021 Mercedes-Benz GLA 250 and GLA 250 4MATIC SUV,https://media.mbusa.com/news/2021-mercedes-benz-gla-250-and-gla-250-4matic-suv,200,516355,4a5071332ca9ccc535bd10b976092976ea01d696fbc4a6009e21851b15f256b6,2026-10-02T12:09:38+00:00,press/media.mbusa.com/news-2021-mercedes-benz-gla-250-and-gla-250-4matic-suv.html.gz,ok,"listed July 21, 2020"
mercedes-benz,mercedes-benz/gla,2021,press_specifications,2021 Mercedes-Benz GLA Quick Reference Guide,https://media.mbusa.com/news/2021-mercedes-benz-gla-quick-reference-guide,200,522377,fc8a4cc8e8446656534543c35fcc98d8a018217e085761cf2d740ad92e06e3ca,2026-10-02T12:09:41+00:00,press/media.mbusa.com/news-2021-mercedes-benz-gla-quick-reference-guide.html.gz,ok,"listed July 23, 2020"
mercedes-benz,mercedes-benz/gla,2022,press_specifications,2022 GLA Quick Reference Guide,https://media.mbusa.com/news/2022-gla-quick-reference-guide,200,522798,68ad861de894552364210bc4677823e11ccb83dad40fce1e5a90dcdaa5a2b0ec,2026-10-02T12:09:46+00:00,press/media.mbusa.com/news-2022-gla-quick-reference-guide.html.gz,ok,"listed January 31, 2022"
mercedes-benz,mercedes-benz/glb,2020,press_specifications,2020 GLB Quick Reference Guide,https://media.mbusa.com/news/2020-glb-quick-reference-guide,200,520177,a648cb51c8bc807c5fd94b30055b1d35d4b9641c998640aadaa63a5e92f2bd5c,2026-10-02T12:09:51+00:00,press/media.mbusa.com/news-2020-glb-quick-reference-guide.html.gz,ok,"listed June 11, 2019"
mercedes-benz,mercedes-benz/glb,2020,press_specifications,2020 Mercedes-Benz GLB 250 and GLB 250 4MATIC SUV,https://media.mbusa.com/news/2020-mercedes-benz-glb-250-and-glb-250-4matic-suv,200,517021,dd4a3b6ac8172ba99a879c586ea20f5eba20ffcad59290ab974f41e01456f67e,2026-10-02T12:09:56+00:00,press/media.mbusa.com/news-2020-mercedes-benz-glb-250-and-glb-250-4matic-suv.html.gz,ok,"listed December 9, 2019"
mercedes-benz,mercedes-benz/glb,2021,press_specifications,2021 GLB Quick Reference Guide,https://media.mbusa.com/news/2021-glb-quick-reference-guide,200,522512,7232a115a0db9c5a6b5644707a3fee91a93a6fe078bdacbe15f6275ef2573a43,2026-10-02T12:10:00+00:00,press/media.mbusa.com/news-2021-glb-quick-reference-guide.html.gz,ok,"listed September 4, 2020"
mercedes-benz,mercedes-benz/glb,2021,press_specifications,2021 Mercedes-AMG GLB 35 SUV Specifications,https://media.mbusa.com/news/2021-mercedes-amg-glb-35-suv-specifications,200,515823,6c534cb7e7b1515bfd954e2f4db0b8d5c220cf6a307f0b3931fb2be865811793,2026-10-02T12:10:03+00:00,press/media.mbusa.com/news-2021-mercedes-amg-glb-35-suv-specifications.html.gz,ok,"listed March 9, 2021"
mercedes-benz,mercedes-benz/glb,2021,press_specifications,2021 Mercedes-Benz GLB SUV Quick Reference Guide,https://media.mbusa.com/news/2021-mercedes-benz-glb-suv-quick-reference-guide,200,523338,6b3b6f1af4d16197edd7079dff462643d4865b8c3b080feda75aa50a97176e33,2026-10-02T12:10:08+00:00,press/media.mbusa.com/news-2021-mercedes-benz-glb-suv-quick-reference-guide.html.gz,ok,"listed January 11, 2021"
mercedes-benz,mercedes-benz/glb,2022,press_specifications,2022 GLB SUV Quick Reference Guide,https://media.mbusa.com/news/2022-glb-suv-quick-reference-guide,200,523576,9b1db4fbd773dd3e98cef7a3599edaa9c06f19f09ba4f0b5d2670ae14e2d0b5a,2026-10-02T12:10:13+00:00,press/media.mbusa.com/news-2022-glb-suv-quick-reference-guide.html.gz,ok,"listed August 2, 2021"
mercedes-benz,mercedes-benz/glc,2017,press_specifications,2017 GLC Coupe Quick Reference Guide,https://media.mbusa.com/news/2017-glc-coupe-quick-reference-guide,200,513943,49f073b59ebcacabcbbdc4a495792c36005a6b45108ad67c9af2af7ebc2652f2,2026-10-02T12:10:18+00:00,press/media.mbusa.com/news-2017-glc-coupe-quick-reference-guide.html.gz,ok,"listed August 31, 2016"
mercedes-benz,mercedes-benz/glc,2017,press_specifications,2017 GLC Quick Reference Guide,https://media.mbusa.com/news/2017-glc-quick-reference-guide-1,200,514100,5bc23d0dae03f101e580afdd359e5e0edf9902e8576e1c8f73497d3fa4c0fbcd,2026-10-02T12:10:22+00:00,press/media.mbusa.com/news-2017-glc-quick-reference-guide-1.html.gz,ok,"listed September 22, 2016"
mercedes-benz,mercedes-benz/glc,2017,press_specifications,2017 Mercedes-Benz AMG GLC43 Specifications,https://media.mbusa.com/news/2017-mercedes-benz-amg-glc43-specifications,200,515874,dcb56027054107264e2238203082f8998a38998010e61facf07630706c73a569,2026-10-02T12:10:28+00:00,press/media.mbusa.com/news-2017-mercedes-benz-amg-glc43-specifications.html.gz,ok,"listed September 22, 2016"
mercedes-benz,mercedes-benz/glc,2017,press_specifications,2017 Mercedes-Benz GLC300 and GLC300 4MATIC Specifications,https://media.mbusa.com/news/2017-mercedes-benz-glc300-and-glc300-4matic-specifications,200,516348,1562c505319fd23ca4c7fa5b3ff4dedc2105c3e1de659307f3fadbb233457913,2026-10-02T12:10:33+00:00,press/media.mbusa.com/news-2017-mercedes-benz-glc300-and-glc300-4matic-specifications.html.gz,ok,"listed September 22, 2016"
mercedes-benz,mercedes-benz/glc,2018,press_specifications,2018 GLC Coupe Quick Reference Guide,https://media.mbusa.com/news/2017-2018-glc-coupe-quick-reference-guide,200,518199,726ee793cbd1a8e71cda79c98e45be209136ac6a3191849a47be017fb3bd36a6,2026-10-02T12:10:36+00:00,press/media.mbusa.com/news-2017-2018-glc-coupe-quick-reference-guide.html.gz,ok,"listed April 5, 2017"
mercedes-benz,mercedes-benz/glc,2018,press_specifications,2018 GLC SUV Quick Reference Guide,https://media.mbusa.com/news/2017-2018-glc-suv-quick-reference-guide,200,517675,ad748c86a9a8f3975e95356021a0404210aae16090793f1875b850b12b243fa0,2026-10-02T12:10:41+00:00,press/media.mbusa.com/news-2017-2018-glc-suv-quick-reference-guide.html.gz,ok,"listed April 4, 2017"
mercedes-benz,mercedes-benz/glc,2018,press_specifications,2018 Mercedes-AMG GLC 43 Coupe Specifications,https://media.mbusa.com/news/2018-mercedes-amg-glc-43-coupe-specifications,200,516157,9ce2fbacbfbbf2892f3a4fc7effebd64fe358dfc553c82d77324745be6550a78,2026-10-02T12:10:45+00:00,press/media.mbusa.com/news-2018-mercedes-amg-glc-43-coupe-specifications.html.gz,ok,"listed April 7, 2017"
mercedes-benz,mercedes-benz/glc,2018,press_specifications,2018 Mercedes-AMG GLC 43 SUV Specifications,https://media.mbusa.com/news/2018-mercedes-amg-glc-43-suv-specifications,200,516157,b7e55c8e57fb9b76217d5e127cfd2045181300a182767f808465c223495076ba,2026-10-02T12:10:49+00:00,press/media.mbusa.com/news-2018-mercedes-amg-glc-43-suv-specifications.html.gz,ok,"listed October 31, 2017"
mercedes-benz,mercedes-benz/glc,2018,press_specifications,2018 Mercedes-AMG GLC 63 & GLC 63 S Coupe Specifications,https://media.mbusa.com/news/2018-mercedes-amg-glc-63-glc-63-s-coupe-specifications,200,516753,c7a4a9882ddc1ed017975b902946cf0545fffd117a9c450f605b497d2f5f5346,2026-10-02T12:10:54+00:00,press/media.mbusa.com/news-2018-mercedes-amg-glc-63-glc-63-s-coupe-specifications.html.gz,ok,"listed October 23, 2017"
mercedes-benz,mercedes-benz/glc,2018,press_specifications,2018 Mercedes-AMG GLC 63 SUV Specifications,https://media.mbusa.com/news/2018-mercedes-amg-glc-63-suv,200,516131,095b73691f8d5d31a815523f6cfb68f932d2c06e56b48c819c45b97951e7cd23,2026-10-02T12:10:57+00:00,press/media.mbusa.com/news-2018-mercedes-amg-glc-63-suv.html.gz,ok,"listed October 23, 2017"
mercedes-benz,mercedes-benz/glc,2018,press_specifications,2018 Mercedes-Benz GLC 300 4MATIC Coupe Specifications,https://media.mbusa.com/news/2018-mercedes-benz-glc-300-4matic-coupe-specifications,200,516433,5ba13f1517291bf9f9d7f0a3f310db4b00dac5fb47cce760b4354d4e857c0270,2026-10-02T12:11:01+00:00,press/media.mbusa.com/news-2018-mercedes-benz-glc-300-4matic-coupe-specifications.html.gz,ok,"listed April 7, 2017"
mercedes-benz,mercedes-benz/glc,2018,press_specifications,2018 Mercedes-Benz GLC 300 and GLC 300 4MATIC SUV Specifications,https://media.mbusa.com/news/2018-mercedes-benz-glc-300-and-glc-300-4matic-suv-specifications,200,515168,08a233a22c5610a2209e19c3756b7168aa61f0f7e4f3c71bbc1276559da6ada3,2026-10-02T12:11:05+00:00,press/media.mbusa.com/news-2018-mercedes-benz-glc-300-and-glc-300-4matic-suv-specifications.html.gz,ok,"listed October 31, 2017"
mercedes-benz,mercedes-benz/glc,2019,press_specifications,2019 GLC Coupe Quick Reference Guide,https://media.mbusa.com/news/2019-glc-coupe-quick-reference-guide,200,518459,1710c2cdd4e09e16addef37f81c560b706d978c7c73d5671097ceff34f652329,2026-10-02T12:11:09+00:00,press/media.mbusa.com/news-2019-glc-coupe-quick-reference-guide.html.gz,ok,"listed July 9, 2018"
mercedes-benz,mercedes-benz/glc,2019,press_specifications,2019 GLC SUV Quick Reference Guide,https://media.mbusa.com/news/2019-glc-suv-quick-reference-guide,200,521577,57d45b1b86ae283808bf0c09516121dbc5b2f92dd74b387ab4a31bf282814a65,2026-10-02T12:11:14+00:00,press/media.mbusa.com/news-2019-glc-suv-quick-reference-guide.html.gz,ok,"listed July 9, 2018"
mercedes-benz,mercedes-benz/glc,2019,press_specifications,2019 Mercedes-AMG GLC 43 Coupe Specifications,https://media.mbusa.com/news/2019-mercedes-amg-glc-43-coupe-specifications,200,516165,140759637ae54061a4f81a5931f9f753ae3e6896b4e41b09003c7b7ea0938eb4,2026-10-02T12:11:17+00:00,press/media.mbusa.com/news-2019-mercedes-amg-glc-43-coupe-specifications.html.gz,ok,"listed July 9, 2018"
mercedes-benz,mercedes-benz/glc,2019,press_specifications,2019 Mercedes-AMG GLC 43 SUV Specifications,https://media.mbusa.com/news/2019-mercedes-amg-glc-43-suv-specifications,200,516154,1a3cfc67567b80eae26926e00ceffc5b4cdabdc7d84d21189f273361538d2f4d,2026-10-02T12:11:23+00:00,press/media.mbusa.com/news-2019-mercedes-amg-glc-43-suv-specifications.html.gz,ok,"listed July 9, 2018"
mercedes-benz,mercedes-benz/glc,2019,press_specifications,2019 Mercedes-AMG GLC 63 & GLC 63 S Coupe Specifications,https://media.mbusa.com/news/2019-mercedes-amg-glc-63-glc-63-s-coupe-specifications,200,516710,5f3d61439dbe78cf43e73b42c0c9bfa89205ce08e92046c8d9fca7c5bab9cb06,2026-10-02T12:11:29+00:00,press/media.mbusa.com/news-2019-mercedes-amg-glc-63-glc-63-s-coupe-specifications.html.gz,ok,"listed July 9, 2018"
mercedes-benz,mercedes-benz/glc,2019,press_specifications,2019 Mercedes-AMG GLC 63 SUV Specifications,https://media.mbusa.com/news/2019-mercedes-amg-glc-63-suv-specifications,200,516221,55506716e4f140377474d60b12f28f931f4358af5251604988f7fa69d5dfc5ac,2026-10-02T12:11:32+00:00,press/media.mbusa.com/news-2019-mercedes-amg-glc-63-suv-specifications.html.gz,ok,"listed July 9, 2018"
mercedes-benz,mercedes-benz/glc,2019,press_specifications,2019 Mercedes-Benz GLC 300 4MATIC Coupe Specifications,https://media.mbusa.com/news/2019-mercedes-benz-glc-300-4matic-coupe-specifications,200,516338,ee1bf46e66b46de5fdfd1b8b4064088c3159831453654fdc435d152befbb2693,2026-10-02T12:11:38+00:00,press/media.mbusa.com/news-2019-mercedes-benz-glc-300-4matic-coupe-specifications.html.gz,ok,"listed July 9, 2018"
mercedes-benz,mercedes-benz/glc,2019,press_specifications,2019 Mercedes-Benz GLC 300 and GLC 300 4MATIC SUV Specifications,https://media.mbusa.com/news/2019-mercedes-benz-glc-300-and-glc-300-4matic-suv-specifications,200,516605,25a9c360244f6ca34a97d32c284e2d41ee329c7a08cd1f02b9b60a3cc38d9425,2026-10-02T12:11:43+00:00,press/media.mbusa.com/news-2019-mercedes-benz-glc-300-and-glc-300-4matic-suv-specifications.html.gz,ok,"listed July 9, 2018"
mercedes-benz,mercedes-benz/glc,2019,press_specifications,2019 Mercedes-Benz GLC 350e 4MATIC Plug-in Hybrid SUV,https://media.mbusa.com/news/2019-mercedes-benz-glc-350e-4matic-plug-in-hybrid-suv,200,516314,618110cb96e9e185225c8cd027450f5110c644681442c08c89bdc4b902d70591,2026-10-02T12:11:48+00:00,press/media.mbusa.com/news-2019-mercedes-benz-glc-350e-4matic-plug-in-hybrid-suv.html.gz,ok,"listed July 9, 2018"
mercedes-benz,mercedes-benz/glc,2020,press_specifications,2020 GLC SUV Quick Reference Guide,https://media.mbusa.com/news/2020-glc-suv-quick-reference-guide,200,524338,a4d5f36199644f895c4a04cc795a1c07d2d3fe0b389cb3e127da985c53313b8a,2026-10-02T12:11:53+00:00,press/media.mbusa.com/news-2020-glc-suv-quick-reference-guide.html.gz,ok,"listed February 27, 2019"
mercedes-benz,mercedes-benz/glc,2020,press_specifications,2020 Mercedes-AMG GLC 43 SUV Specifications,https://media.mbusa.com/news/2020-mercedes-amg-glc-43-suv-specifications,200,515995,bc986a84930c998d36bed28fba0e7a9159b30d32c9f440f3c151af2f87e25c7d,2026-10-02T12:11:59+00:00,press/media.mbusa.com/news-2020-mercedes-amg-glc-43-suv-specifications.html.gz,ok,"listed June 1, 2020"
mercedes-benz,mercedes-benz/glc,2020,press_specifications,2020 Mercedes-AMG GLC 63 & GLC 63 S Coupe Specifications,https://media.mbusa.com/news/2020-mercedes-amg-glc-63-glc-63-s-coupe-specifications,200,514298,69a81f4b702f0f9ad89a5a8e71ccb8dccd96d450fd44e993e68dd79156353ce4,2026-10-02T12:12:03+00:00,press/media.mbusa.com/news-2020-mercedes-amg-glc-63-glc-63-s-coupe-specifications.html.gz,ok,"listed June 21, 2019"
mercedes-benz,mercedes-benz/glc,2020,press_specifications,2020 Mercedes-AMG GLC 63 SUV Specifications,https://media.mbusa.com/news/2020-mercedes-amg-glc-63-suv-specifications,200,516410,6623c7b7fa952a5016ff6189a2e2b0b3d9e94fa9194ed2451cec4ca5cb26f06c,2026-10-02T12:12:08+00:00,press/media.mbusa.com/news-2020-mercedes-amg-glc-63-suv-specifications.html.gz,ok,"listed June 21, 2019"
mercedes-benz,mercedes-benz/glc,2020,press_specifications,2020 Mercedes-Benz GLC 300 4MATIC Coupe Specifications,https://media.mbusa.com/news/2020-mercedes-benz-glc-300-4matic-coupe-specifications,200,516415,2ea2520a0acafbad7b9793b88150d2af9ce94f345b509b5fe4620d132dd5628b,2026-10-02T12:12:11+00:00,press/media.mbusa.com/news-2020-mercedes-benz-glc-300-4matic-coupe-specifications.html.gz,ok,"listed July 17, 2019"
mercedes-benz,mercedes-benz/glc,2020,press_specifications,2020 Mercedes-Benz GLC 300 and GLC 300 4MATIC SUV Specifications,https://media.mbusa.com/news/2020-mercedes-benz-glc-300-and-glc-300-4matic-suv-specifications,200,516873,e66f148549ecb3005976bd56a2e1b93fa8d8bac6a761e84cdda1d05abc5dda0d,2026-10-02T12:12:14+00:00,press/media.mbusa.com/news-2020-mercedes-benz-glc-300-and-glc-300-4matic-suv-specifications.html.gz,ok,"listed July 17, 2019"
mercedes-benz,mercedes-benz/glc,2020,press_specifications,2020 Mercedes-Benz GLC Coupe Quick Reference Guide,https://media.mbusa.com/news/2020-mercedes-benz-glc-coupe-quick-reference-guide,200,524055,a9cf4310a0714fa1904ab41d8fc65907b8eed241eb8570356170623a9b0596c2,2026-10-02T12:12:19+00:00,press/media.mbusa.com/news-2020-mercedes-benz-glc-coupe-quick-reference-guide.html.gz,ok,"listed March 19, 2019"
mercedes-benz,mercedes-benz/glc,2020,press_specifications,2020 Mercedes-Benz GLC SUV Quick Reference Guide,https://media.mbusa.com/news/2020-mercedes-benz-glc-suv-quick-reference-guide,200,525562,26b537233101f4858d4f1ae3d2a611b289c878592f9a59d7e70af5aac919409f,2026-10-02T12:12:22+00:00,press/media.mbusa.com/news-2020-mercedes-benz-glc-suv-quick-reference-guide.html.gz,ok,"listed September 8, 2019"
mercedes-benz,mercedes-benz/glc,2022,press_specifications,2022 GLC Coupe Quick Reference Guide,https://media.mbusa.com/news/2022-glc-coupe-quick-reference-guide,200,521953,8c9c2e7a7be79bd4701eb2a03a80f2699d6b78e8f406bef0a38425456f07a7b3,2026-10-02T12:12:28+00:00,press/media.mbusa.com/news-2022-glc-coupe-quick-reference-guide.html.gz,ok,"listed August 2, 2021"
mercedes-benz,mercedes-benz/glc,2022,press_specifications,2022 GLC SUV Quick Reference Guide,https://media.mbusa.com/news/2022-glc-suv-quick-reference-guide,200,523875,52a07dba798c2f5347e090abbf983dafa01c5057e15bf733463333ddb4586a46,2026-10-02T12:12:32+00:00,press/media.mbusa.com/news-2022-glc-suv-quick-reference-guide.html.gz,ok,"listed August 2, 2021"
mercedes-benz,mercedes-benz/glc,2024,press_specifications,2024 GLC Coupe Quick Reference Guide,https://media.mbusa.com/news/quick-reference-guide-2024-glc-coupe,200,522171,c4d3f878d0a306d5058acbd9b72850794e8cabd3233c95de69574c27f885ebca,2026-10-02T12:12:37+00:00,press/media.mbusa.com/news-quick-reference-guide-2024-glc-coupe.html.gz,ok,"listed October 25, 2023"
mercedes-benz,mercedes-benz/glc,2025,press_specifications,2025 Mercedes-Benz GLC 350e 4MATIC SUV Quick Reference Guide,https://media.mbusa.com/news/2025-glc-coupe-quick-reference-guide,200,522985,51afbd358219e5370052b15b25654a15f6adfb9b60624437ac596183795b588b,2026-10-02T12:12:44+00:00,press/media.mbusa.com/news-2025-glc-coupe-quick-reference-guide.html.gz,ok,"listed November 4, 2024"
mercedes-benz,mercedes-benz/gle,2017,press_specifications,2017 GLE Coupe Quick Reference Guide,https://media.mbusa.com/news/2017-gle-coupe-quick-reference-guide,200,514681,1e2a2830c1a02d38eeadc0069f21cac3a96ac2e3a7b56b966cdd0f4fd2ddfa6c,2026-10-02T12:12:47+00:00,press/media.mbusa.com/news-2017-gle-coupe-quick-reference-guide.html.gz,ok,"listed September 23, 2016"
mercedes-benz,mercedes-benz/gle,2017,press_specifications,2017 GLE Quick Reference Guide,https://media.mbusa.com/news/2017-gle-quick-reference-guide,200,517704,e36bfd81d3d41c3b1138be94f753011b49a252d5dc6781d385086752438f1327,2026-10-02T12:12:51+00:00,press/media.mbusa.com/news-2017-gle-quick-reference-guide.html.gz,ok,"listed November 20, 2016"
mercedes-benz,mercedes-benz/gle,2017,press_specifications,2017 Mercedes-AMG GLE43 Coupe Specifications,https://media.mbusa.com/news/2017-mercedes-amg-gle43-coupe-specifications,200,515961,469b2e7ce7e3b42055459c8f11a4ea732f60028c87e1d133123d9d87347628d0,2026-10-02T12:12:55+00:00,press/media.mbusa.com/news-2017-mercedes-amg-gle43-coupe-specifications.html.gz,ok,"listed September 23, 2016"
mercedes-benz,mercedes-benz/gle,2017,press_specifications,2017 Mercedes-AMG GLE43 Specifications,https://media.mbusa.com/news/2017-mercedes-amg-gle43-specifications,200,516268,2d2061a88bee898f4c539c6ef58557bf7555216ad1c09ccea6a8464ed739d92b,2026-10-02T12:13:00+00:00,press/media.mbusa.com/news-2017-mercedes-amg-gle43-specifications.html.gz,ok,"listed January 31, 2017"
mercedes-benz,mercedes-benz/gle,2017,press_specifications,2017 Mercedes-AMG GLE63 and GLE63 S Specifications,https://media.mbusa.com/news/2017-mercedes-amg-gle63-and-gle63-s,200,516721,c92d5e6fdc534a735409775e62dd5d2d982c81a723585f3d5744d2661a9921ae,2026-10-02T12:13:04+00:00,press/media.mbusa.com/news-2017-mercedes-amg-gle63-and-gle63-s.html.gz,ok,"listed February 3, 2017"
mercedes-benz,mercedes-benz/gle,2017,press_specifications,2017 Mercedes-AMG GLE63 S Coupe Specifications,https://media.mbusa.com/news/2017-mercedes-amg-gle63-s-coupe-specifications,200,515850,eeab9db247d0091c3b4a10403907f75329d6cf87581a4c7f752345c173d47128,2026-10-02T12:13:07+00:00,press/media.mbusa.com/news-2017-mercedes-amg-gle63-s-coupe-specifications.html.gz,ok,"listed September 23, 2016"
mercedes-benz,mercedes-benz/gle,2017,press_specifications,2017 Mercedes-Benz GLE350 and GLE350 4M Specifications,https://media.mbusa.com/news/2017-mercedes-benz-gle350-and-gle350-4m,200,516368,5c3b5a63cc486fb4d1c3266287e2f8c2129535cc56c2369584f2416f7efce538,2026-10-02T12:13:11+00:00,press/media.mbusa.com/news-2017-mercedes-benz-gle350-and-gle350-4m.html.gz,ok,"listed February 3, 2017"
mercedes-benz,mercedes-benz/gle,2017,press_specifications,2017 Mercedes-Benz GLE400 4MATIC Specifications,https://media.mbusa.com/news/2017-mercedes-benz-gle400-4matic,200,516391,d6c385080dcfffbf2e21a2a4df7eb5a07c012847aa9d91657673f740559c9864,2026-10-02T12:13:15+00:00,press/media.mbusa.com/news-2017-mercedes-benz-gle400-4matic.html.gz,ok,"listed February 3, 2017"
mercedes-benz,mercedes-benz/gle,2017,press_specifications,2017 Mercedes-Benz GLE550e 4MATIC Specifications,https://media.mbusa.com/news/2017-mercedes-benz-gle550e-4matic,200,516456,2c446998f2adc711b67618d16bd0c2df48ba2d79ac3a70109f5fb07ae0da8ac3,2026-10-02T12:13:20+00:00,press/media.mbusa.com/news-2017-mercedes-benz-gle550e-4matic.html.gz,ok,"listed February 3, 2017"
mercedes-benz,mercedes-benz/gle,2018,press_specifications,2018 GLE Coupe Quick Reference Guide,https://media.mbusa.com/news/2018-gle-coupe-quick-reference-guide,200,514047,179e185401474208ec15707ca6a5116213a9d687a0b3e6893473f79cf9613477,2026-10-02T12:13:29+00:00,press/media.mbusa.com/news-2018-gle-coupe-quick-reference-guide.html.gz,ok,"listed August 3, 2017"
mercedes-benz,mercedes-benz/gle,2018,press_specifications,2018 GLE SUV Quick Reference Guide,https://media.mbusa.com/news/2018-gle-suv-quick-reference-guide,200,516215,0674bcf9ce3d0e57bdd36ef1d15d1ea3e032d3930f255e3e6a15cd04e58d1c0d,2026-10-02T12:13:34+00:00,press/media.mbusa.com/news-2018-gle-suv-quick-reference-guide.html.gz,ok,"listed August 3, 2017"
mercedes-benz,mercedes-benz/gle,2018,press_specifications,2018 Mercedes-AMG GLE 43 Coupe Specifications,https://media.mbusa.com/news/2018-mercedes-amg-gle43-coupe-specifications,200,516885,911b40a7e22420d635a323ac3706ac2f6fc2a706a49ee285d30ac18cc3f66a8b,2026-10-02T12:13:40+00:00,press/media.mbusa.com/news-2018-mercedes-amg-gle43-coupe-specifications.html.gz,ok,"listed August 3, 2017"
mercedes-benz,mercedes-benz/gle,2018,press_specifications,2018 Mercedes-AMG GLE 43 SUV Specifications,https://media.mbusa.com/news/2018-mercedes-amg-gle43-suv-specifications,200,516545,eb24e4885bc2a08085b6925dcfe5e59c797134b0ab2adaa7ba975a63de11bfd6,2026-10-02T12:13:43+00:00,press/media.mbusa.com/news-2018-mercedes-amg-gle43-suv-specifications.html.gz,ok,"listed August 3, 2017"
mercedes-benz,mercedes-benz/gle,2018,press_specifications,2018 Mercedes-AMG GLE 63 and GLE 63 S SUV Specifications,https://media.mbusa.com/news/2018-mercedes-amg-gle63-and-gle63-s-suv,200,516678,2fad1d61933c18d959778113f896f73e34eaac1b02e9df7b9fd34717d868e066,2026-10-02T12:13:47+00:00,press/media.mbusa.com/news-2018-mercedes-amg-gle63-and-gle63-s-suv.html.gz,ok,"listed August 3, 2017"
mercedes-benz,mercedes-benz/gle,2018,press_specifications,2018 Mercedes-AMG GLE 63 S Coupe Specifications,https://media.mbusa.com/news/2018-mercedes-amg-gle63-s-coupe,200,516953,a0685b433228010e94f17f5cd289c000ff95e9e2084a781d6d99a05096db76e5,2026-10-02T12:13:50+00:00,press/media.mbusa.com/news-2018-mercedes-amg-gle63-s-coupe.html.gz,ok,"listed August 3, 2017"
mercedes-benz,mercedes-benz/gle,2018,press_specifications,2018 Mercedes-Benz GLE 350 and GLE 350 4MATIC SUV Specifications,https://media.mbusa.com/news/2018-mercedes-benz-gle350-and-gle350-4matic-suv-specifications,200,516949,10b96b59c810b76cd158dff5ba05f5996f2241385534e138e5cd3b200d74ba50,2026-10-02T12:13:55+00:00,press/media.mbusa.com/news-2018-mercedes-benz-gle350-and-gle350-4matic-suv-specifications.html.gz,ok,"listed August 3, 2017"
mercedes-benz,mercedes-benz/gle,2018,press_specifications,2018 Mercedes-Benz GLE 550e 4MATIC SUV Specifications,https://media.mbusa.com/news/2018-mercedes-benz-gle550e-4matic-suv-specifications,200,516855,5dc0ffa08a2876229a766e294ea7517ff78823cfd41fb47f706baa24dfd9c567,2026-10-02T12:13:59+00:00,press/media.mbusa.com/news-2018-mercedes-benz-gle550e-4matic-suv-specifications.html.gz,ok,"listed August 3, 2017"
mercedes-benz,mercedes-benz/gle,2019,press_specifications,2019 GLE Coupe Quick Reference Guide,https://media.mbusa.com/news/2019-gle-coupe-quick-reference-guide,200,514145,a6d0a5e8963b02135cc2850e754cdc693c2e34887733a58bd819fa22b2d67336,2026-10-02T12:14:02+00:00,press/media.mbusa.com/news-2019-gle-coupe-quick-reference-guide.html.gz,ok,"listed June 12, 2018"
mercedes-benz,mercedes-benz/gle,2019,press_specifications,2019 GLE SUV Quick Reference Guide,https://media.mbusa.com/news/2019-gle-suv-quick-reference-guide,200,514814,72c1448276bc6a752c064be15f6cd655dea854428d68a64497e460c49338787a,2026-10-02T12:14:07+00:00,press/media.mbusa.com/news-2019-gle-suv-quick-reference-guide.html.gz,ok,"listed June 12, 2018"
mercedes-benz,mercedes-benz/gle,2019,press_specifications,2019 Mercedes-AMG GLE 43 Coupe Specifications,https://media.mbusa.com/news/2019-mercedes-amg-gle-43-coupe-specifications,200,516936,dd371388927c2d72a22d991466c7f6829621e328f2d1ec5e3856f82d2d5b3cce,2026-10-02T12:14:11+00:00,press/media.mbusa.com/news-2019-mercedes-amg-gle-43-coupe-specifications.html.gz,ok,"listed June 12, 2018"
mercedes-benz,mercedes-benz/gle,2019,press_specifications,2019 Mercedes-AMG GLE 43 SUV Specifications,https://media.mbusa.com/news/2019-mercedes-amg-gle-43-suv-specifications,200,516424,45391221f0c3080affabe5c20eb446f6afa49e8f4da1424036eeebdbc2be976b,2026-10-02T12:14:14+00:00,press/media.mbusa.com/news-2019-mercedes-amg-gle-43-suv-specifications.html.gz,ok,"listed June 12, 2018"
mercedes-benz,mercedes-benz/gle,2019,press_specifications,2019 Mercedes-AMG GLE 63 and GLE 63 S SUV Specifications,https://media.mbusa.com/news/2019-mercedes-amg-gle-63-and-gle-63-s-suv-specifications,200,517133,caa3c7d116b4a8766b5cab6e62dcd1cbf72c029fd739871dee77436f99620846,2026-10-02T12:14:19+00:00,press/media.mbusa.com/news-2019-mercedes-amg-gle-63-and-gle-63-s-suv-specifications.html.gz,ok,"listed June 12, 2018"
mercedes-benz,mercedes-benz/gle,2019,press_specifications,2019 Mercedes-AMG GLE 63 S Coupe Specifications,https://media.mbusa.com/news/2019-mercedes-amg-gle-63-s-coupe-specifications,200,517150,e37690831416c77e49ee8c8c18dc8bb5fe6703988af166923a1c8c42ea466fcf,2026-10-02T12:14:23+00:00,press/media.mbusa.com/news-2019-mercedes-amg-gle-63-s-coupe-specifications.html.gz,ok,"listed June 12, 2018"
mercedes-benz,mercedes-benz/gle,2019,press_specifications,2019 Mercedes-Benz GLE 350 and GLE 350 4MATIC SUV Specifications,https://media.mbusa.com/news/2019-mercedes-benz-gle-350-and-gle-350-4matic-suv-specifications,200,516777,1e366b9bc7b8bf6f4f5d6778a42e527c3469fae9f2b05502a7bc028533ab9894,2026-10-02T12:14:29+00:00,press/media.mbusa.com/news-2019-mercedes-benz-gle-350-and-gle-350-4matic-suv-specifications.html.gz,ok,"listed June 12, 2018"
mercedes-benz,mercedes-benz/gle,2020,press_specifications,2020 GLE SUV Quick Reference Guide,https://media.mbusa.com/news/2020-gle-suv-quick-reference-guide,200,524237,6481e10b4f36c5c0c8bc9bf8613becb87039ca9ee0e4105317dc729cb2576232,2026-10-02T12:14:32+00:00,press/media.mbusa.com/news-2020-gle-suv-quick-reference-guide.html.gz,ok,"listed May 21, 2019"
mercedes-benz,mercedes-benz/gle,2020,press_specifications,2020 Mercedes-Benz GLE 350 and GLE 350 4MATIC SUV,https://media.mbusa.com/news/2020-mercedes-benz-gle-350-and-gle-350-4matic-suv,200,516956,54e501962a3476fb263b396bf7c766330c7c4ad6ce68d987e7ce322c87c33a63,2026-10-02T12:14:37+00:00,press/media.mbusa.com/news-2020-mercedes-benz-gle-350-and-gle-350-4matic-suv.html.gz,ok,"listed October 31, 2018"
mercedes-benz,mercedes-benz/gle,2020,press_specifications,2020 Mercedes-Benz GLE 450 4MATIC SUV,https://media.mbusa.com/news/2020-mercedes-benz-gle-450-4matic-suv,200,516835,9348967efc2298b0718ab6089c7977763fbfab2acc5b3cc5d06ee3e89d40b93c,2026-10-02T12:14:42+00:00,press/media.mbusa.com/news-2020-mercedes-benz-gle-450-4matic-suv.html.gz,ok,"listed October 31, 2018"
mercedes-benz,mercedes-benz/gle,2021,press_specifications,2021 AMG GLE Coupe Quick Reference Guide,https://media.mbusa.com/news/2021-amg-gle-coupe-quick-reference-guide,200,523468,b3396ae4a7ef2b21de0ca1273d720429f0cf07cb16d8b4e1dd1fda8f9344e044,2026-10-02T12:14:48+00:00,press/media.mbusa.com/news-2021-amg-gle-coupe-quick-reference-guide.html.gz,ok,"listed February 18, 2020"
mercedes-benz,mercedes-benz/gle,2021,press_specifications,2021 GLE 53 SUV Quick Reference Guide,https://media.mbusa.com/news/2021-gle-53-suv-quick-reference-guide,200,520853,107571c950ab9516804789f780a9d2c3c9aca2d7bec66288fcf82b6036a643f3,2026-10-02T12:14:52+00:00,press/media.mbusa.com/news-2021-gle-53-suv-quick-reference-guide.html.gz,ok,"listed February 27, 2019"
mercedes-benz,mercedes-benz/gle,2021,press_specifications,2021 Mercedes-AMG GLE 53 Coupe,https://media.mbusa.com/news/2021-mercedes-amg-gle-53-coupe,200,514203,b44993485c914195913fae8ffdb39936b4cb45546603f8fdfd849e9fedbf6866,2026-10-02T12:14:57+00:00,press/media.mbusa.com/news-2021-mercedes-amg-gle-53-coupe.html.gz,ok,"listed November 19, 2020"
mercedes-benz,mercedes-benz/gle,2021,press_specifications,2021 Mercedes-AMG GLE 53 Coupe Quick Reference Guide,https://media.mbusa.com/news/2021-mercedes-amg-gle-53-coupe-quick-reference-guide,200,522139,af2dca543792450fe51d44af02dd9b888213bd96cf80e0dd7d999943ec6d783c,2026-10-02T12:15:02+00:00,press/media.mbusa.com/news-2021-mercedes-amg-gle-53-coupe-quick-reference-guide.html.gz,ok,"listed November 25, 2019"
mercedes-benz,mercedes-benz/gle,2021,press_specifications,2021 Mercedes-AMG GLE 63 S Coupe Specifications,https://media.mbusa.com/news/2021-mercedes-amg-gle-63-s-coupe,200,516088,dfed346b775f7ed6b8f98b6ca86a70a9d5142094b7130bc8879d49f18f236911,2026-10-02T12:15:07+00:00,press/media.mbusa.com/news-2021-mercedes-amg-gle-63-s-coupe.html.gz,ok,"listed March 13, 2021"
mercedes-benz,mercedes-benz/gle,2021,press_specifications,2021 Mercedes-AMG GLE 63 S SUV Specifications,https://media.mbusa.com/news/2021-mercedes-amg-gle-63-s-suv,200,514274,3aa6b09328166c26f37539a32b97d336d79b81a0426927472041403d68d98640,2026-10-02T12:15:12+00:00,press/media.mbusa.com/news-2021-mercedes-amg-gle-63-s-suv.html.gz,ok,"listed March 16, 2020"
mercedes-benz,mercedes-benz/gle,2021,press_specifications,2021 GLE SUV Quick Reference Guide,https://media.mbusa.com/news/2021-mercedes-amg-gle-suv-quick-reference-guide,200,528697,fa2674214c4a4828e402a0a0ad7e3ba3c1d4a605d50542e121ca3759fda6b707,2026-10-02T12:15:17+00:00,press/media.mbusa.com/news-2021-mercedes-amg-gle-suv-quick-reference-guide.html.gz,ok,"listed September 4, 2020"
mercedes-benz,mercedes-benz/gle,2022,press_specifications,2022 GLE SUV Quick Reference Guide,https://media.mbusa.com/news/2022-gle-suv-quick-reference-guide,200,529389,f2174bdb65cf171ccfb3498f4355d6799f23a0f838243a4eff1e22e00d0ed2e9,2026-10-02T12:15:22+00:00,press/media.mbusa.com/news-2022-gle-suv-quick-reference-guide.html.gz,ok,"listed January 31, 2022"
mercedes-benz,mercedes-benz/gle,2022,press_specifications,2022 Mercedes-AMG GLE Coupe Quick Reference Guide,https://media.mbusa.com/news/2022-mercedes-amg-gle-coupe-quick-reference-guide,200,521866,5c92b92ed7c0b0fb002a3f549eb2187bdddbca28f903d2228d4db12d34548f63,2026-10-02T12:15:26+00:00,press/media.mbusa.com/news-2022-mercedes-amg-gle-coupe-quick-reference-guide.html.gz,ok,"listed January 31, 2022"
mercedes-benz,mercedes-benz/gle,2024,press_specifications,2024 Mercedes-Benz GLE: Trendsetting luxury SUV now even better,https://media.mbusa.com/news/2024-mercedes-benz-gle-trendsetting-luxury-suv-now-even-better,200,527657,2af1e704137288ccb0b84ade38b72c5113c1cbf5774004e89b93e25f8cda4b55,2026-10-02T12:15:31+00:00,press/media.mbusa.com/news-2024-mercedes-benz-gle-trendsetting-luxury-suv-now-even-better.html.gz,ok,"listed January 31, 2023"
mercedes-benz,mercedes-benz/gls,2017,press_specifications,2017 Mercedes-AMG GLS63 Specifications,https://media.mbusa.com/news/2017-mercedes-amg-gls63-specifications,200,517164,f16fa2554171538147653f129d8401215eb06cca9977802951101b03080544ad,2026-10-02T12:15:37+00:00,press/media.mbusa.com/news-2017-mercedes-amg-gls63-specifications.html.gz,ok,"listed September 22, 2016"
mercedes-benz,mercedes-benz/gls,2017,press_specifications,2017 Mercedes-Benz GLS450 4MATIC Specifications,https://media.mbusa.com/news/2017-mercedes-benz-gls450-4matic-specifications,200,517337,631c4fed1228e1edf4864bfaeeeb3c1b2792cdf3f290a734b958d97beaeb9586,2026-10-02T12:15:43+00:00,press/media.mbusa.com/news-2017-mercedes-benz-gls450-4matic-specifications.html.gz,ok,"listed September 22, 2016"
mercedes-benz,mercedes-benz/gls,2017,press_specifications,2017 Mercedes-Benz GLS550 4MATIC Specifications,https://media.mbusa.com/news/2017-mercedes-benz-gls550-4matic-specifications,200,517345,7aec49d8a734b4895fe4a286bce0a79b0ebe3a5dddd3a070c06e16fb949a5af8,2026-10-02T12:15:46+00:00,press/media.mbusa.com/news-2017-mercedes-benz-gls550-4matic-specifications.html.gz,ok,"listed September 22, 2016"
mercedes-benz,mercedes-benz/gls,2018,press_specifications,2018 Mercedes-Benz GLS Quick Reference Guide,https://media.mbusa.com/news/2018-gls-quick-reference-guide,200,514830,2dd91613cf7e62c0f1944ea8766df42823bf274d5d9ad76856e1b54b2a565e97,2026-10-02T12:15:49+00:00,press/media.mbusa.com/news-2018-gls-quick-reference-guide.html.gz,ok,"listed August 3, 2017"
mercedes-benz,mercedes-benz/gls,2018,press_specifications,2018 Mercedes-AMG GLS63 Specifications,https://media.mbusa.com/news/2018-mercedes-amg-gls63-specifications,200,517335,8852fecafd373cbb18afdd6b65c55c287ec87a46fb1cca20fc1e6738b5db13fa,2026-10-02T12:15:53+00:00,press/media.mbusa.com/news-2018-mercedes-amg-gls63-specifications.html.gz,ok,"listed August 3, 2017"
mercedes-benz,mercedes-benz/gls,2018,press_specifications,2018 Mercedes-Benz GLS450 4MATIC Specifications,https://media.mbusa.com/news/2018-mercedes-benz-gls450-4matic-specifications,200,517478,90b210603a545d7cd84553e68338b0fec8644b4f41c73399fea2691def937491,2026-10-02T12:15:58+00:00,press/media.mbusa.com/news-2018-mercedes-benz-gls450-4matic-specifications.html.gz,ok,"listed August 3, 2017"
mercedes-benz,mercedes-benz/gls,2018,press_specifications,2018 Mercedes-Benz GLS550 4MATIC Specifications,https://media.mbusa.com/news/2018-mercedes-benz-gls550-4matic-specifications,200,517507,e4905598b11714d006ad8c6a2e6772b586e206366bea5b89b248a824c1133b3c,2026-10-02T12:16:03+00:00,press/media.mbusa.com/news-2018-mercedes-benz-gls550-4matic-specifications.html.gz,ok,"listed August 3, 2017"
mercedes-benz,mercedes-benz/gls,2019,press_specifications,2019 Mercedes-AMG GLS 63 SUV Specifications,https://media.mbusa.com/news/2019-mercedes-amg-gls-63-suv-specifications,200,517426,aed2496445796fa2bd116d977a7fa3880274c2c371ae88928b2eba3a54d7e679,2026-10-02T12:16:06+00:00,press/media.mbusa.com/news-2019-mercedes-amg-gls-63-suv-specifications.html.gz,ok,"listed June 12, 2018"
mercedes-benz,mercedes-benz/gls,2019,press_specifications,2019 Mercedes-Benz GLS 450 4MATIC SUV Specifications,https://media.mbusa.com/news/2019-mercedes-benz-gls-450-4matic-suv-specifications,200,517509,e6f7dab04e2bf55721de45a70e5db08fe5c2eed45149cc2535a8b65583c43fed,2026-10-02T12:16:11+00:00,press/media.mbusa.com/news-2019-mercedes-benz-gls-450-4matic-suv-specifications.html.gz,ok,"listed June 12, 2018"
mercedes-benz,mercedes-benz/gls,2019,press_specifications,2019 Mercedes-Benz GLS 550 4MATIC SUV Specifications,https://media.mbusa.com/news/2019-mercedes-benz-gls-550-4matic-suv-specifications,200,517529,6cb67f1f0b825383e422111f8afdb09f06902948760810698d965ed14f8ff41c,2026-10-02T12:16:17+00:00,press/media.mbusa.com/news-2019-mercedes-benz-gls-550-4matic-suv-specifications.html.gz,ok,"listed June 12, 2018"
mercedes-benz,mercedes-benz/gls,2019,press_specifications,2019 Mercedes-Benz GLS SUV Quick Reference Guide,https://media.mbusa.com/news/2019-mercedes-benz-gls-suv-quick-reference-guide,200,516309,4fa659407cc544447eb7ab8de9957ecb827770e19dbb65fdea6154503bfb7114,2026-10-02T12:16:21+00:00,press/media.mbusa.com/news-2019-mercedes-benz-gls-suv-quick-reference-guide.html.gz,ok,"listed June 12, 2018"
mercedes-benz,mercedes-benz/gls,2020,press_specifications,2020 Mercedes-Benz GLS 450 4MATIC SUV Specifications,https://media.mbusa.com/news/2020-mercedes-benz-gls-450-4matic-suv-specifications,200,516880,8a4ac253b56b05c16c9cd43a4d2b60f717a04aff99e4d650bbefb8c540460b07,2026-10-02T12:16:24+00:00,press/media.mbusa.com/news-2020-mercedes-benz-gls-450-4matic-suv-specifications.html.gz,ok,"listed August 19, 2019"
mercedes-benz,mercedes-benz/gls,2020,press_specifications,2020 Mercedes-Benz GLS 580 4MATIC SUV Specifications,https://media.mbusa.com/news/2020-mercedes-benz-gls-580-4matic-suv,200,516816,417ebc0183a18b15c53b7143583f240aa897e65227226e0a938062969b626cb8,2026-10-02T12:16:29+00:00,press/media.mbusa.com/news-2020-mercedes-benz-gls-580-4matic-suv.html.gz,ok,"listed January 3, 2020"
mercedes-benz,mercedes-benz/gls,2020,press_specifications,2020 Mercedes-Benz GLS SUV Quick Reference Guide,https://media.mbusa.com/news/2020-mercedes-benz-gls-suv-quick-reference-guide,200,524863,9e978de3265a39d4f299cd1c343b6f0f272a84a5e8e95667d641837b83be424c,2026-10-02T12:16:34+00:00,press/media.mbusa.com/news-2020-mercedes-benz-gls-suv-quick-reference-guide.html.gz,ok,"listed April 17, 2019"
mercedes-benz,mercedes-benz/gls,2021,press_specifications,2021 Mercedes-AMG GLS 63 SUV Specifications,https://media.mbusa.com/news/2021-mercedes-amg-gls-63-suv,200,524344,1638dcfd0136fe399c73f46cca308caca698918d8539296739fea9473ff791fb,2026-10-02T12:16:37+00:00,press/media.mbusa.com/news-2021-mercedes-amg-gls-63-suv.html.gz,ok,"listed March 16, 2020"
mercedes-benz,mercedes-benz/gls,2021,press_specifications,2021 Mercedes-AMG GLS 63 SUV Quick Reference Guide,https://media.mbusa.com/news/2021-mercedes-amg-gls-63-suv-quick-reference-guide,200,524575,2f396d785091988561530cc9af892b3fb5d2e83316a9ee5deebb6d8e7b9a109d,2026-10-02T12:16:41+00:00,press/media.mbusa.com/news-2021-mercedes-amg-gls-63-suv-quick-reference-guide.html.gz,ok,"listed November 20, 2019"
mercedes-benz,mercedes-benz/gls,2021,press_specifications,2021 Mercedes-Benz GLS SUV Quick Reference Guide,https://media.mbusa.com/news/2021-mercedes-benz-gls-suv-quick-reference-guide,200,531666,1fcb366578686f9bf62337838a501f3ba63b839b38833b5c8080fc48a5f2d366,2026-10-02T12:16:44+00:00,press/media.mbusa.com/news-2021-mercedes-benz-gls-suv-quick-reference-guide.html.gz,ok,"listed September 4, 2020"
mercedes-benz,mercedes-benz/gls,2021,press_specifications,2021 Mercedes-Maybach GLS Quick Reference Guide,https://media.mbusa.com/news/2021-mercedes-maybach-gls-quick-reference-guide,200,522118,c9d37032200b674f510f1968dbab049e2a281650d77f1d796bc8a08c4bb34c02,2026-10-02T12:16:49+00:00,press/media.mbusa.com/news-2021-mercedes-maybach-gls-quick-reference-guide.html.gz,ok,"listed November 21, 2019"
mercedes-benz,mercedes-benz/gls,2021,press_specifications,2021 Mercedes-Maybach GLS SUV Quick Reference Guide,https://media.mbusa.com/news/2021-mercedes-maybach-gls-suv-quick-reference-guide,200,522243,88906f636a4b6238b06b7180004a43eaef0e0310805969e356a7e099e4169f4c,2026-10-02T12:16:53+00:00,press/media.mbusa.com/news-2021-mercedes-maybach-gls-suv-quick-reference-guide.html.gz,ok,"listed January 8, 2021"
mercedes-benz,mercedes-benz/gls,2022,press_specifications,2022 Mercedes-Benz GLS SUV Quick Reference Guide,https://media.mbusa.com/news/2022-mercedes-benz-gls-suv-quick-reference-guide,200,523913,c1fbfa08964b1f9cfef61137046b86fec917aa6696594b997b6e84220e10afdb,2026-10-02T12:16:59+00:00,press/media.mbusa.com/news-2022-mercedes-benz-gls-suv-quick-reference-guide.html.gz,ok,"listed January 31, 2022"
mercedes-benz,mercedes-benz/s-class,2017,press_specifications,2017 Mercedes-AMG S63 Sedan Specifications,https://media.mbusa.com/news/2017-mercedes-amg-s63-sedan-specifications,200,514795,8750976d0df89e9a2724ab97384beb056ba68c0b891c4f632bd338e2c1e197ff,2026-10-02T12:17:03+00:00,press/media.mbusa.com/news-2017-mercedes-amg-s63-sedan-specifications.html.gz,ok,"listed September 22, 2016"
mercedes-benz,mercedes-benz/s-class,2017,press_specifications,2017 Mercedes-AMG S65 Sedan Specifications,https://media.mbusa.com/news/2017-mercedes-amg-s65-sedan-specifications,200,514794,e9694b808af37523ed2026356e35af1580807965e057e9286059dcf0e3cdb77b,2026-10-02T12:17:09+00:00,press/media.mbusa.com/news-2017-mercedes-amg-s65-sedan-specifications.html.gz,ok,"listed September 22, 2016"
mercedes-benz,mercedes-benz/s-class,2017,press_specifications,2017 Mercedes-Benz S550 Cabriolet Specifications,https://media.mbusa.com/news/2017-mercedes-benz-s550-cabriolet-specifications,200,516048,1968cb3d4270116a6695e9a022a3d7fbe96c4caed2e3386ab93bb5a412b0703d,2026-10-02T12:17:18+00:00,press/media.mbusa.com/news-2017-mercedes-benz-s550-cabriolet-specifications.html.gz,ok,"listed September 22, 2016"
mercedes-benz,mercedes-benz/s-class,2017,press_specifications,2017 Mercedes-Benz S550 Coupe Specifications,https://media.mbusa.com/news/2017-mercedes-benz-s550-coupe-specifications,200,516294,069299b825af8c11f7b6e8475f91bb79ced66e674fe79b3929d729fdede46dfa,2026-10-02T12:17:21+00:00,press/media.mbusa.com/news-2017-mercedes-benz-s550-coupe-specifications.html.gz,ok,"listed September 22, 2016"
mercedes-benz,mercedes-benz/s-class,2017,press_specifications,2017 Mercedes-Benz S550 Sedan Specifications,https://media.mbusa.com/news/2017-mercedes-benz-s550-sedan-specifications,200,514936,79b892cc369ff99a50af5d238e5ce7129c38403420aa144b128b38be565dddba,2026-10-02T12:17:25+00:00,press/media.mbusa.com/news-2017-mercedes-benz-s550-sedan-specifications.html.gz,ok,"listed September 22, 2016"
mercedes-benz,mercedes-benz/s-class,2017,press_specifications,2017 Mercedes-Benz S550e Sedan Specifications,https://media.mbusa.com/news/2017-mercedes-benz-s550e-sedan-specifications,200,515122,a8cf561da2c93e9b656487fa7a6c128373d993d8ec122b15afffc6692a7d061d,2026-10-02T12:17:31+00:00,press/media.mbusa.com/news-2017-mercedes-benz-s550e-sedan-specifications.html.gz,ok,"listed September 22, 2016"
mercedes-benz,mercedes-benz/s-class,2017,press_specifications,2017 Mercedes-Benz S600 Sedan Specifications,https://media.mbusa.com/news/2017-mercedes-benz-s600-sedan-specifications,200,514820,deb9b2a6cc5c51fb847c72c6f9e56f6a45eab7a3d321704381efb4a14c37eb7e,2026-10-02T12:17:35+00:00,press/media.mbusa.com/news-2017-mercedes-benz-s600-sedan-specifications.html.gz,ok,"listed September 22, 2016"
mercedes-benz,mercedes-benz/s-class,2017,press_specifications,2017 Mercedes-Benz S63 Cabriolet Specifications,https://media.mbusa.com/news/2017-mercedes-benz-s63-cabriolet-specifications,200,515986,f1237000169a0eb30e6282f440dfa58a6d3bfe830af4ce4058f05a715b4bf13e,2026-10-02T12:17:40+00:00,press/media.mbusa.com/news-2017-mercedes-benz-s63-cabriolet-specifications.html.gz,ok,"listed September 22, 2016"
mercedes-benz,mercedes-benz/s-class,2017,press_specifications,2017 Mercedes-Benz S63 Coupe Specifications,https://media.mbusa.com/news/2017-mercedes-benz-s63-coupe-specifications,200,516255,b0efdc61760fd77c381050d7b8cd84956b58e1dd88def1ce0e3e436410933636,2026-10-02T12:17:45+00:00,press/media.mbusa.com/news-2017-mercedes-benz-s63-coupe-specifications.html.gz,ok,"listed September 22, 2016"
mercedes-benz,mercedes-benz/s-class,2017,press_specifications,2017 Mercedes-Benz S65 Cabriolet Specifications,https://media.mbusa.com/news/2017-mercedes-benz-s65-cabriolet,200,515967,c7b6c4aee156b2350c9cb0fe32e62b65a74ee2f045ce4eb73111d5b22e1062c4,2026-10-02T12:17:50+00:00,press/media.mbusa.com/news-2017-mercedes-benz-s65-cabriolet.html.gz,ok,"listed September 22, 2016"
mercedes-benz,mercedes-benz/s-class,2017,press_specifications,2017 Mercedes-Benz S65 Coupe Specifications,https://media.mbusa.com/news/2017-mercedes-benz-s65-coupe-specifications,200,516234,171b0b7734eaada9c4934c85ffeb717487bf356bdf44b51cc48df7073ff01e22,2026-10-02T12:17:55+00:00,press/media.mbusa.com/news-2017-mercedes-benz-s65-coupe-specifications.html.gz,ok,"listed September 22, 2016"
mercedes-benz,mercedes-benz/s-class,2017,press_specifications,2017 Mercedes-Maybach S550 4MATIC Specifications,https://media.mbusa.com/news/2017-mercedes-maybach-s550-4matic-specifications,200,515966,859ce8b12d3e448110f1a6a63b185393466411dd929b9ed8ead7c904d6f667bc,2026-10-02T12:17:59+00:00,press/media.mbusa.com/news-2017-mercedes-maybach-s550-4matic-specifications.html.gz,ok,"listed January 25, 2017"
mercedes-benz,mercedes-benz/s-class,2017,press_specifications,2017 Mercedes-Maybach S600 Specifications,https://media.mbusa.com/news/2017-mercedes-maybach-s600-specifications,200,515927,7364469f5623fbc51fdff6da2cea2508623c0de91ba4c6a9121e59f0e3e97cd0,2026-10-02T12:18:04+00:00,press/media.mbusa.com/news-2017-mercedes-maybach-s600-specifications.html.gz,ok,"listed January 25, 2017"
mercedes-benz,mercedes-benz/s-class,2017,press_specifications,2017 S-Class Cabriolet Quick Reference Guide,https://media.mbusa.com/news/2017-s-class-cabriolet-quick-reference-guide-1,200,514897,75564eb38751ab859067f25eba1ad4bf3a7d99f20fdd1ec2f8c38f157059225c,2026-10-02T12:18:08+00:00,press/media.mbusa.com/news-2017-s-class-cabriolet-quick-reference-guide-1.html.gz,ok,"listed September 22, 2016"
mercedes-benz,mercedes-benz/s-class,2017,press_specifications,2017 S-Class Coupe Quick Reference Guide,https://media.mbusa.com/news/2017-s-class-coupe-quick-reference-guide,200,514951,5ef1ffd556497593bc56ef55091b8ed1e31419e3b1e9b864877467a2ed7994fb,2026-10-02T12:18:14+00:00,press/media.mbusa.com/news-2017-s-class-coupe-quick-reference-guide.html.gz,ok,"listed September 22, 2016"
mercedes-benz,mercedes-benz/s-class,2017,press_specifications,2017 S-Class Sedan Quick Reference Guide,https://media.mbusa.com/news/2017-s-class-sedan-quick-reference-guide,200,518370,f9e218a3c94e356e4735d6c8c0cfd4bf232f968508fe101d36c314821b660d55,2026-10-02T12:18:20+00:00,press/media.mbusa.com/news-2017-s-class-sedan-quick-reference-guide.html.gz,ok,"listed September 22, 2016"
mercedes-benz,mercedes-benz/s-class,2018,press_specifications,2018 Mercedes-AMG S 63 Cabrio Specifications,https://media.mbusa.com/news/2018-mercedes-amg-s-63-cabrio-specifications,200,515557,b289fe39cf727c6616dc317c8984b41aecf466eef193601b075b4f00c03c4359,2026-10-02T12:18:25+00:00,press/media.mbusa.com/news-2018-mercedes-amg-s-63-cabrio-specifications.html.gz,ok,"listed October 31, 2017"
mercedes-benz,mercedes-benz/s-class,2018,press_specifications,2018 Mercedes-AMG S 63 Coupe Specifications,https://media.mbusa.com/news/2018-mercedes-amg-s-63-coupe-specifications,200,516441,38faf0ff13daecf622633f19580b4c3fdb8833f210c6ec9bcee2566bbbd468d5,2026-10-02T12:18:29+00:00,press/media.mbusa.com/news-2018-mercedes-amg-s-63-coupe-specifications.html.gz,ok,"listed October 31, 2017"
mercedes-benz,mercedes-benz/s-class,2018,press_specifications,2018 Mercedes-AMG S 65 Coupe Specifications,https://media.mbusa.com/news/2018-mercedes-amg-s-65-coupe-specifications,200,516257,b06ff4cb9b40c0e657d61cc88bd26eb37bc69bff806cb12f09ca133895626b55,2026-10-02T12:18:32+00:00,press/media.mbusa.com/news-2018-mercedes-amg-s-65-coupe-specifications.html.gz,ok,"listed October 31, 2017"
mercedes-benz,mercedes-benz/s-class,2018,press_specifications,2018 Mercedes-AMG S63 Sedan Specifications,https://media.mbusa.com/news/2018-mercedes-amg-s63-sedan-specifications,200,516457,a88c5654d6d61a704efb6216ddb741d4e504e2fa020f8111af864fe856433b39,2026-10-02T12:18:37+00:00,press/media.mbusa.com/news-2018-mercedes-amg-s63-sedan-specifications.html.gz,ok,"listed June 29, 2017"
mercedes-benz,mercedes-benz/s-class,2018,press_specifications,2018 Mercedes-AMG S65 Sedan Specifications,https://media.mbusa.com/news/2018-mercedes-amg-s65-sedan-specifications,200,516038,89eec2ccfc18adc819d160c66a86370eca84c19c1c369862fd892962f1c80c9b,2026-10-02T12:18:42+00:00,press/media.mbusa.com/news-2018-mercedes-amg-s65-sedan-specifications.html.gz,ok,"listed October 10, 2017"
mercedes-benz,mercedes-benz/s-class,2018,press_specifications,2018 Mercedes-Benz S 560 4MATIC Coupe Specifications,https://media.mbusa.com/news/2018-mercedes-benz-s-560-4matic-coupe-specifications,200,516075,d986683a935be6fcb78e9d84aaeab8ed79ee12cd1dd4c5362a14d17d9c41a386,2026-10-02T12:18:46+00:00,press/media.mbusa.com/news-2018-mercedes-benz-s-560-4matic-coupe-specifications.html.gz,ok,"listed October 31, 2017"
mercedes-benz,mercedes-benz/s-class,2018,press_specifications,2018 Mercedes-Benz S 560 Cabrio Specifications,https://media.mbusa.com/news/2018-mercedes-benz-s-560-cabrio-specifications,200,516321,8f205ea2beb3f7b6b3de9f8d59ec0aedb825dd5482f9f6cd2d5eb5205f1058c6,2026-10-02T12:18:52+00:00,press/media.mbusa.com/news-2018-mercedes-benz-s-560-cabrio-specifications.html.gz,ok,"listed October 31, 2017"
mercedes-benz,mercedes-benz/s-class,2018,press_specifications,2018 Mercedes-Benz S 450 Sedan & S 450 4MATIC Sedan Specifications,https://media.mbusa.com/news/2018-mercedes-benz-s450-sedan-s450-4matic-sedan-specifications,200,516518,4c39f122882cb5f38ee709706e53f1900cda292ae0bebf768b9d219d76b509fa,2026-10-02T12:18:56+00:00,press/media.mbusa.com/news-2018-mercedes-benz-s450-sedan-s450-4matic-sedan-specifications.html.gz,ok,"listed June 29, 2017"
mercedes-benz,mercedes-benz/s-class,2018,press_specifications,2018 Mercedes-Benz S560 Sedan & S560 4MATIC Sedan Specifications,https://media.mbusa.com/news/2018-mercedes-benz-s560-sedan-s560-4matic-sedan-specifications,200,516634,08313b370a126008853ab1d7b157e6930aecd36da75fe767a5c6941b5dfbe87d,2026-10-02T12:19:01+00:00,press/media.mbusa.com/news-2018-mercedes-benz-s560-sedan-s560-4matic-sedan-specifications.html.gz,ok,"listed June 29, 2017"
mercedes-benz,mercedes-benz/s-class,2018,press_specifications,2018 Mercedes-Maybach S560 4MATIC Sedan Specifications,https://media.mbusa.com/news/2018-mercedes-maybach-s560-4matic-sedan-specifications,200,514596,3b1634b20b51e00de93d56a1c3e028e5d94f8d1112054bb09e1a7e91b80ab5d5,2026-10-02T12:19:05+00:00,press/media.mbusa.com/news-2018-mercedes-maybach-s560-4matic-sedan-specifications.html.gz,ok,"listed June 29, 2017"
mercedes-benz,mercedes-benz/s-class,2018,press_specifications,2018 Mercedes-Maybach S650 Sedan Specifications,https://media.mbusa.com/news/2018-mercedes-maybach-s650-sedan-specifications,200,514506,24e21e179ea1ae2bee2f75dc7cf2b8137de874fa52d9bf01d8f74789b03acbb0,2026-10-02T12:19:08+00:00,press/media.mbusa.com/news-2018-mercedes-maybach-s650-sedan-specifications.html.gz,ok,"listed June 29, 2017"
mercedes-benz,mercedes-benz/s-class,2018,press_specifications,2018 S-Class Cabriolet Quick Reference Guide,https://media.mbusa.com/news/2018-s-class-cabriolet-quick-reference-guide,200,521670,85c89347a510931abb3a0659526d3375d1ffa64d3476dfc7f6dc290eeeaf26b9,2026-10-02T12:19:12+00:00,press/media.mbusa.com/news-2018-s-class-cabriolet-quick-reference-guide.html.gz,ok,"listed September 4, 2017"
mercedes-benz,mercedes-benz/s-class,2018,press_specifications,2018 S-Class Coupe Quick Reference Guide,https://media.mbusa.com/news/2018-s-class-coupe-quick-reference-guide,200,521955,e825fa35959a27ca128d1591057a914ccedf364a157d06aa3d4846630686b16a,2026-10-02T12:19:15+00:00,press/media.mbusa.com/news-2018-s-class-coupe-quick-reference-guide.html.gz,ok,"listed September 4, 2017"
mercedes-benz,mercedes-benz/s-class,2018,press_specifications,2018 S-Class Sedan Quick Reference Guide,https://media.mbusa.com/news/2018-s-class-sedan-quick-reference-guide,200,526858,02866083f0c812016432a17603b024e4a762098ebea9807980c1a8f77c37c2bc,2026-10-02T12:19:20+00:00,press/media.mbusa.com/news-2018-s-class-sedan-quick-reference-guide.html.gz,ok,"listed April 18, 2017"
mercedes-benz,mercedes-benz/s-class,2019,press_specifications,2019 Mercedes-AMG S 63 Cabrio Specifications,https://media.mbusa.com/news/2019-mercedes-amg-s-63-cabrio-specifications,200,516210,38ad21a25311976fbfa504ff0dff87f24c7c56d2aa330cd3f3699f7eab24f308,2026-10-02T12:19:24+00:00,press/media.mbusa.com/news-2019-mercedes-amg-s-63-cabrio-specifications.html.gz,ok,"listed August 6, 2018"
mercedes-benz,mercedes-benz/s-class,2019,press_specifications,2019 Mercedes-AMG S 63 Coupe Specifications,https://media.mbusa.com/news/2019-mercedes-amg-s-63-coupe-specifications,200,516106,74cb3a4ef442feb3e51d9857384d1e2935cef97defedca4b5fea8a8da826b2a3,2026-10-02T12:19:28+00:00,press/media.mbusa.com/news-2019-mercedes-amg-s-63-coupe-specifications.html.gz,ok,"listed August 6, 2018"
mercedes-benz,mercedes-benz/s-class,2019,press_specifications,2019 Mercedes-AMG S 63 Sedan Specifications,https://media.mbusa.com/news/2019-mercedes-amg-s-63-sedan-specifications,200,516163,0bc135008486c8eee02f0eff7986858be7a602ec08269e3b461869671d74fc1b,2026-10-02T12:19:34+00:00,press/media.mbusa.com/news-2019-mercedes-amg-s-63-sedan-specifications.html.gz,ok,"listed August 6, 2018"
mercedes-benz,mercedes-benz/s-class,2019,press_specifications,2019 Mercedes-AMG S 65 Cabrio Specifications,https://media.mbusa.com/news/2019-mercedes-amg-s-65-cabrio-specifications,200,516005,434d2d342c2f48bf4c949b9554178d68df2c4e3b0d93b44e2de93936106c208a,2026-10-02T12:19:39+00:00,press/media.mbusa.com/news-2019-mercedes-amg-s-65-cabrio-specifications.html.gz,ok,"listed August 6, 2018"
mercedes-benz,mercedes-benz/s-class,2019,press_specifications,2019 Mercedes-AMG S 65 Coupe Specifications,https://media.mbusa.com/news/2019-mercedes-amg-s-65-coupe-specifications,200,516140,dcbb7df04e2849a13b61903ff45a535b3b2ae547f60f247f8dd51b8b76cc5dab,2026-10-02T12:19:43+00:00,press/media.mbusa.com/news-2019-mercedes-amg-s-65-coupe-specifications.html.gz,ok,"listed August 6, 2018"
mercedes-benz,mercedes-benz/s-class,2019,press_specifications,2019 Mercedes-Benz S 450 & S 450 4MATIC Sedan Specifications,https://media.mbusa.com/news/2019-mercedes-benz-s-450-s-450-4matic-sedan-specifications,200,516270,697542d595ae313cbbaf28119488759f0bf076e2878cf61538a6aa4f9501bc66,2026-10-02T12:19:47+00:00,press/media.mbusa.com/news-2019-mercedes-benz-s-450-s-450-4matic-sedan-specifications.html.gz,ok,"listed August 6, 2018"
mercedes-benz,mercedes-benz/s-class,2019,press_specifications,2019 Mercedes-Benz S 560 4MATIC Coupe Specifications,https://media.mbusa.com/news/2019-mercedes-benz-s-560-4matic-coupe-specifications,200,516070,394ac828c84b1444e62ef17b4f01af4ec54c30fed899162bfb0b2fa98a9a5986,2026-10-02T12:19:52+00:00,press/media.mbusa.com/news-2019-mercedes-benz-s-560-4matic-coupe-specifications.html.gz,ok,"listed August 6, 2018"
mercedes-benz,mercedes-benz/s-class,2019,press_specifications,2019 Mercedes-Benz S 560 Cabrio Specifications,https://media.mbusa.com/news/2019-mercedes-benz-s-560-cabrio-specifications,200,516032,e96c97298a88d5c213e0ee743fa0fb5369fa255cacda6993d058b23106131764,2026-10-02T12:19:56+00:00,press/media.mbusa.com/news-2019-mercedes-benz-s-560-cabrio-specifications.html.gz,ok,"listed August 6, 2018"
mercedes-benz,mercedes-benz/s-class,2019,press_specifications,2019 Mercedes-Benz S 560 & S 560 4MATIC Sedan Specifications,https://media.mbusa.com/news/2019-mercedes-benz-s-560-s-560-4matic-sedan-specifications,200,516081,7a5d86301952d0c84e449b17573a8365ef33d245ab600e78d31cabe2f76d8db9,2026-10-02T12:20:01+00:00,press/media.mbusa.com/news-2019-mercedes-benz-s-560-s-560-4matic-sedan-specifications.html.gz,ok,"listed August 6, 2018"
mercedes-benz,mercedes-benz/s-class,2019,press_specifications,2019 Mercedes-Maybach S 560 4MATIC Sedan Specifications,https://media.mbusa.com/news/2019-mercedes-maybach-s-560-4matic-sedan-specifications,200,515834,9d6ed96cd89e8ad75b25012320a9f81e3c04616c52a5d0497ca044d0623f33d9,2026-10-02T12:20:04+00:00,press/media.mbusa.com/news-2019-mercedes-maybach-s-560-4matic-sedan-specifications.html.gz,ok,"listed August 6, 2018"
mercedes-benz,mercedes-benz/s-class,2019,press_specifications,2019 Mercedes-Maybach S 650 Sedan Specifications,https://media.mbusa.com/news/2019-mercedes-maybach-s-650-sedan-specifications,200,515709,80a073dae8440bb5921117967acec27ea1cfbfe30e92da4a69098f484527cfd2,2026-10-02T12:20:09+00:00,press/media.mbusa.com/news-2019-mercedes-maybach-s-650-sedan-specifications.html.gz,ok,"listed August 6, 2018"
mercedes-benz,mercedes-benz/s-class,2019,press_specifications,2019 S-Class Cabriolet Quick Reference Guide,https://media.mbusa.com/news/2019-s-class-cabriolet-quick-reference-guide,200,521498,b7ef74c66d3cc4ce592c53fdc0d9a8efa17de4605ef3e27a22a146c4f88e4246,2026-10-02T12:20:15+00:00,press/media.mbusa.com/news-2019-s-class-cabriolet-quick-reference-guide.html.gz,ok,"listed August 6, 2018"
mercedes-benz,mercedes-benz/s-class,2019,press_specifications,2019 S-Class Coupe Quick Reference Guide,https://media.mbusa.com/news/2019-s-class-coupe-quick-reference-guide,200,522102,324dc36c7bc37c9ee096c5839b95cac32b8703385c4b22bfd7ec2ca075ec43d6,2026-10-02T12:20:19+00:00,press/media.mbusa.com/news-2019-s-class-coupe-quick-reference-guide.html.gz,ok,"listed August 6, 2018"
mercedes-benz,mercedes-benz/s-class,2019,press_specifications,2019 S-Class Sedan Quick Reference Guide,https://media.mbusa.com/news/2019-s-class-sedan-quick-reference-guide,200,529748,570fa3a47ee82ec2a381999b1e9ff67bf2106670b5d27b0aff8e82ecd48db08e,2026-10-02T12:20:22+00:00,press/media.mbusa.com/news-2019-s-class-sedan-quick-reference-guide.html.gz,ok,"listed August 6, 2018"
mercedes-benz,mercedes-benz/s-class,2020,press_specifications,2020 Mercedes-AMG S 63 Cabrio Specifications,https://media.mbusa.com/news/2020-mercedes-amg-s-63-cabrio-specifications,200,516421,f6b53ea7070d42a2018eab0ab1ccb62067a139c566b11df7a5629c2ad8c6b061,2026-10-02T12:20:26+00:00,press/media.mbusa.com/news-2020-mercedes-amg-s-63-cabrio-specifications.html.gz,ok,"listed June 21, 2019"
mercedes-benz,mercedes-benz/s-class,2020,press_specifications,2020 Mercedes-AMG S 63 Coupe Specifications,https://media.mbusa.com/news/2020-mercedes-amg-s-63-coupe-specifications,200,516406,6f16f6a14c4688a078ff3bf16e8a6c9931a22b613f868dc3489f389fb35a3c83,2026-10-02T12:20:30+00:00,press/media.mbusa.com/news-2020-mercedes-amg-s-63-coupe-specifications.html.gz,ok,"listed June 21, 2019"
mercedes-benz,mercedes-benz/s-class,2020,press_specifications,2020 Mercedes-AMG S 63 Sedan Specifications,https://media.mbusa.com/news/2020-mercedes-amg-s-63-sedan-specifications,200,516456,ea97e664196b018063d3e37e30b0b78371100967af067735f6aed6a95cdb12a5,2026-10-02T12:20:36+00:00,press/media.mbusa.com/news-2020-mercedes-amg-s-63-sedan-specifications.html.gz,ok,"listed June 21, 2019"
mercedes-benz,mercedes-benz/s-class,2020,press_specifications,2020 Mercedes-AMG S 65 Sedan Specifications,https://media.mbusa.com/news/2020-mercedes-amg-s-65-sedan-specifications,200,515994,fe4e676953d24dc67ccafa26cbebe1ce4537768e2f4c95a66a7c2dcf14644044,2026-10-02T12:20:43+00:00,press/media.mbusa.com/news-2020-mercedes-amg-s-65-sedan-specifications.html.gz,ok,"listed June 21, 2019"
mercedes-benz,mercedes-benz/s-class,2020,press_specifications,2020 Mercedes-Benz S 450 & S 450 4MATIC Sedan Specifications,https://media.mbusa.com/news/2020-mercedes-benz-s-450-s-450-4matic-sedan-specifications,200,516339,93680962bcb1d03541e8f3245efc6a33070959c4dfff1ec0f64ff31fdebd22ea,2026-10-02T12:20:47+00:00,press/media.mbusa.com/news-2020-mercedes-benz-s-450-s-450-4matic-sedan-specifications.html.gz,ok,"listed June 21, 2019"
mercedes-benz,mercedes-benz/s-class,2020,press_specifications,2020 Mercedes-Benz S 560 4MATIC Coupe Specifications,https://media.mbusa.com/news/2020-mercedes-benz-s-560-4matic-coupe-specifications,200,516227,467fc7a9bff9b95c4f883d851ba6913a52cfc9345414d1caa07b747d37e0a4cc,2026-10-02T12:20:52+00:00,press/media.mbusa.com/news-2020-mercedes-benz-s-560-4matic-coupe-specifications.html.gz,ok,"listed June 21, 2019"
mercedes-benz,mercedes-benz/s-class,2020,press_specifications,2020 Mercedes-Benz S 560 Cabrio Specifications,https://media.mbusa.com/news/2020-mercedes-benz-s-560-cabrio-specifications,200,516170,00448c0d3ff9df0a1822d15914016aef24823d196ce574123fa439d4cdea3e59,2026-10-02T12:20:55+00:00,press/media.mbusa.com/news-2020-mercedes-benz-s-560-cabrio-specifications.html.gz,ok,"listed June 21, 2019"
mercedes-benz,mercedes-benz/s-class,2020,press_specifications,2020 Mercedes-Benz S 560 & S 560 4MATIC Sedan Specifications,https://media.mbusa.com/news/2020-mercedes-benz-s-560-s-560-4matic-sedan-specifications,200,516518,5b8798f8766ea7dabac09fc2733457d8a5ac55783d49f653c48c6bbc59ffc6e5,2026-10-02T12:20:59+00:00,press/media.mbusa.com/news-2020-mercedes-benz-s-560-s-560-4matic-sedan-specifications.html.gz,ok,"listed June 21, 2019"
mercedes-benz,mercedes-benz/s-class,2020,press_specifications,2020 Mercedes-Maybach S 560 4MATIC Sedan Specifications,https://media.mbusa.com/news/2020-mercedes-maybach-s-560-4matic-sedan-specifications,200,516234,e8c1f703de8e0e044509c8c91d04f090f18e240f51f541ad9f13fe95eb01bec2,2026-10-02T12:21:03+00:00,press/media.mbusa.com/news-2020-mercedes-maybach-s-560-4matic-sedan-specifications.html.gz,ok,"listed June 21, 2019"
mercedes-benz,mercedes-benz/s-class,2020,press_specifications,2020 Mercedes-Maybach S 650 Sedan Specifications,https://media.mbusa.com/news/2020-mercedes-maybach-s-650-sedan-specifications,200,515861,5f5d5af5e05e8699eecb2e887b0f5b092f8464f663fcd27f0649c57d5f770b08,2026-10-02T12:21:07+00:00,press/media.mbusa.com/news-2020-mercedes-maybach-s-650-sedan-specifications.html.gz,ok,"listed June 21, 2019"
mercedes-benz,mercedes-benz/s-class,2020,press_specifications,2020 S-Class Coupe Quick Reference Guide,https://media.mbusa.com/news/2020-s-class-coupe-quick-reference-guide,200,519466,be66101323468ccfaf3aead52d021c6f7208f1d8fb6ffe820d9d06e8a55fd665,2026-10-02T12:21:10+00:00,press/media.mbusa.com/news-2020-s-class-coupe-quick-reference-guide.html.gz,ok,"listed June 21, 2019"
mercedes-benz,mercedes-benz/s-class,2020,press_specifications,2020 S-Class Sedan Quick Reference Guide,https://media.mbusa.com/news/2020-s-class-sedan-quick-reference-guide,200,527469,0c302259de3e055837cb877108392f487a7ff4ae454cd9246c2dd49815b13a6e,2026-10-02T12:21:15+00:00,press/media.mbusa.com/news-2020-s-class-sedan-quick-reference-guide.html.gz,ok,"listed June 21, 2019"
mercedes-benz,mercedes-benz/s-class,2021,press_specifications,2020 S-Class Cabriolet Quick Reference Guide,https://media.mbusa.com/news/2020-s-class-cabriolet-quick-reference-guide,200,519268,d30e84ef6d12adc93b4570d142c6f4e15ddb58ff2a8c47b47035d74ae0e1f17d,2026-10-02T12:21:21+00:00,press/media.mbusa.com/news-2020-s-class-cabriolet-quick-reference-guide.html.gz,ok,"listed September 4, 2020"
mercedes-benz,mercedes-benz/s-class,2021,press_specifications,2021 Mercedes-Benz S 500 4MATIC Sedan Specifications,https://media.mbusa.com/news/2021-mercedes-benz-s-500-4matic-sedan-specifications,200,515188,c477e8773cca4eb6e4929dc696f87152ed19dea746489eb5e6b88f83942b21af,2026-10-02T12:21:25+00:00,press/media.mbusa.com/news-2021-mercedes-benz-s-500-4matic-sedan-specifications.html.gz,ok,"listed May 18, 2021"
mercedes-benz,mercedes-benz/s-class,2021,press_specifications,2021 Mercedes-Benz S 580 4MATIC Sedan Specifications,https://media.mbusa.com/news/2021-mercedes-benz-s-580-4matic-sedan-specifications,200,515145,6e92a33db853f2ff903c624ca64f376c8fe4ba3e6bb7fa1352594a2e94090a48,2026-10-02T12:21:30+00:00,press/media.mbusa.com/news-2021-mercedes-benz-s-580-4matic-sedan-specifications.html.gz,ok,"listed May 18, 2021"
mercedes-benz,mercedes-benz/s-class,2021,press_specifications,2021 Mercedes-Maybach S 580 4MATIC Sedan,https://media.mbusa.com/news/2021-mercedes-maybach-s-580-4matic-sedan,200,515285,8fc667c8eea23c102854d7bfb3749f89f9c4f8c7f0c2f62a5cd7515604cb3b82,2026-10-02T12:21:35+00:00,press/media.mbusa.com/news-2021-mercedes-maybach-s-580-4matic-sedan.html.gz,ok,"listed October 25, 2021"
mercedes-benz,mercedes-benz/s-class,2021,press_specifications,2021 Mercedes-Maybach S-Class Sedan Quick Reference Guide,https://media.mbusa.com/news/2021-mercedes-maybach-s-class-sedan-quick-reference-guide,200,532878,34a4acf64f6075b4586ffa6754b6e933ce1646703726381c3538fde4efb8c1b7,2026-10-02T12:21:40+00:00,press/media.mbusa.com/news-2021-mercedes-maybach-s-class-sedan-quick-reference-guide.html.gz,ok,"listed March 10, 2021"
mercedes-benz,mercedes-benz/s-class,2021,press_specifications,2021 S-Class Coupe Quick Reference Guide,https://media.mbusa.com/news/2021-s-class-coupe-quick-reference-guide,200,519274,526e1d2974259b90343ad4a0b8e29b5a22bd97cf11254b468d9c090568190dc3,2026-10-02T12:21:45+00:00,press/media.mbusa.com/news-2021-s-class-coupe-quick-reference-guide.html.gz,ok,"listed September 4, 2020"
mercedes-benz,mercedes-benz/s-class,2021,press_specifications,2021 Mercedes-Benz S-Class Sedan Quick Reference Guide,https://media.mbusa.com/news/mercedes-benz-s-class-sedan-2021-quick-reference-guide,200,533182,342f1e6eba3ea8b7b91ac576195a117a8b37e20688ca419fcb3a848e447e95f9,2026-10-02T12:21:49+00:00,press/media.mbusa.com/news-mercedes-benz-s-class-sedan-2021-quick-reference-guide.html.gz,ok,"listed September 2, 2020"
mercedes-benz,mercedes-benz/s-class,2021,press_specifications,2021 Mercedes-Benz S-Class Sedan Quick Reference Guide,https://media.mbusa.com/news/mercedes-benz-s-class-sedan-quick-reference-guide-2021,200,533647,f63f4c2ee5b89e00c1bcfa4894bea76588cea686304650c8aa4af4dd9ac9fa6f,2026-10-02T12:21:55+00:00,press/media.mbusa.com/news-mercedes-benz-s-class-sedan-quick-reference-guide-2021.html.gz,ok,"listed December 17, 2020"
mercedes-benz,mercedes-benz/s-class,2022,press_specifications,2022 Mercedes-Benz S-Class Sedan Quick Reference Guide,https://media.mbusa.com/news/2022-mercedes-benz-s-class-sedan-quick-reference-guide,200,531802,b35ce4660fb5a685b2f7caf6c17fc711c8340d1a43d8c95256b41925c47c218b,2026-10-02T12:21:58+00:00,press/media.mbusa.com/news-2022-mercedes-benz-s-class-sedan-quick-reference-guide.html.gz,ok,"listed August 5, 2021"
mercedes-benz,mercedes-benz/s-class,2025,press_specifications,2025 Mercedes-AMG S 63 E Performance Quick Reference Guide,https://media.mbusa.com/news/2025-mercedes-amg-s-63-e-performance-quick-reference-guide,200,515689,22311e01481e13a8a281df26cab76156145504c12e76764fbdd7c9749689f8c0,2026-10-02T12:22:02+00:00,press/media.mbusa.com/news-2025-mercedes-amg-s-63-e-performance-quick-reference-guide.html.gz,ok,"listed November 27, 2024"
