make,line,year,doc_type,title,url,http_status,bytes,sha256,retrieved_at,path,status,note
lexus,,,robots,robots.txt,https://pressroom.lexus.com/robots.txt,200,193,e54e72ef012955046a5369aa88e207195b540c75a585fac3ea3557778176c8df,2026-10-02T11:44:45+00:00,press/pressroom.lexus.com/_robots.txt.gz,ok,crawl_delay=10.0; disallow for /: False
lexus,,,sitemap,sitemap_index.xml,https://pressroom.lexus.com/sitemap_index.xml,200,5003,73d2bfb2479c3127024b0ea720e346718882c1fa1a090587a921acdd57c00b6a,2026-10-02T11:44:56+00:00,press/pressroom.lexus.com/sitemap_index.xml.xml.gz,ok,
lexus,,,sitemap,post-sitemap.xml,https://pressroom.lexus.com/post-sitemap.xml,200,267903,1eee58a40ad0ef4aa594ccb02d10be0569bd023282da70838b975ee3404b9e02,2026-10-02T11:45:07+00:00,press/pressroom.lexus.com/post-sitemap.xml.xml.gz,ok,
lexus,,,sitemap,post-sitemap2.xml,https://pressroom.lexus.com/post-sitemap2.xml,200,226843,dc28205c88dc3d5eac19a4ceceaae2b378a6e335bbfb3071019968f4ce97119d,2026-10-02T11:45:19+00:00,press/pressroom.lexus.com/post-sitemap2.xml.xml.gz,ok,
lexus,,,sitemap,vehicle-sitemap.xml,https://pressroom.lexus.com/vehicle-sitemap.xml,200,62462,ccc7176afe9e51f0907997303f30e93f87c62583f18f1558da99c04edd057603,2026-10-02T11:45:32+00:00,press/pressroom.lexus.com/vehicle-sitemap.xml.xml.gz,ok,
lexus,,,sitemap,presskit-sitemap.xml,https://pressroom.lexus.com/presskit-sitemap.xml,200,40690,0a56eed5a4c0ac283c6d20f30bc9359a53216655ba99c1e9bf274648ab0dbdfa,2026-10-02T11:45:42+00:00,press/pressroom.lexus.com/presskit-sitemap.xml.xml.gz,ok,
lexus,lexus/es,2019,press_vehicle_page,2019 Lexus ES,https://pressroom.lexus.com/vehicle/2019-lexus-es/,200,414599,19666087b74b81f90bfd5f3939c2a9133585318c56095930dc28347c01328f45,2026-10-02T11:45:57+00:00,press/pressroom.lexus.com/vehicle__2019-lexus-es.html.gz,ok,product_specs_links=1
lexus,lexus/es,2019,press_vehicle_page,2019 Lexus ES Hybrid,https://pressroom.lexus.com/vehicle/2019-lexus-es-hybrid/,200,159787,c643ec12deb8dffc585978c202941322e4c9052e0f9dfe79df6b711203dd2670,2026-10-02T11:46:09+00:00,press/pressroom.lexus.com/vehicle__2019-lexus-es-hybrid.html.gz,ok,product_specs_links=1
lexus,lexus/gx,2019,press_vehicle_page,2019 Lexus GX,https://pressroom.lexus.com/vehicle/2019-lexus-gx/,200,282233,3f6a060ab0511475548de3e46f5f6b99c39aae27c48dea107316d9855ed27f41,2026-10-02T11:46:22+00:00,press/pressroom.lexus.com/vehicle__2019-lexus-gx.html.gz,ok,product_specs_links=1
lexus,lexus/es,2020,press_vehicle_page,2020 Lexus ES,https://pressroom.lexus.com/vehicle/2020-lexus-es/,200,368573,c286f99539a917f1af64d00e9031940a44a0cf0613cdca19a0592722103a5347,2026-10-02T11:46:35+00:00,press/pressroom.lexus.com/vehicle__2020-lexus-es.html.gz,ok,product_specs_links=1
lexus,lexus/es,2020,press_vehicle_page,2020 Lexus ES Hybrid,https://pressroom.lexus.com/vehicle/2020-lexus-es-hybrid/,200,156334,3f026db22c170a92d21fc950179b0d43584964bc53c38be95e19fa549aa5adcc,2026-10-02T11:46:50+00:00,press/pressroom.lexus.com/vehicle__2020-lexus-es-hybrid.html.gz,ok,product_specs_links=1
lexus,lexus/gx,2020,press_vehicle_page,2020 Lexus GX,https://pressroom.lexus.com/vehicle/2020-lexus-gx/,200,225582,56770eec1bcc3e90e2aa9b291eb99dbd33cf97755ab5e06bbe9130b25f72a2b0,2026-10-02T11:47:01+00:00,press/pressroom.lexus.com/vehicle__2020-lexus-gx.html.gz,ok,product_specs_links=1
lexus,lexus/nx,2020,press_vehicle_page,2020 Lexus NX,https://pressroom.lexus.com/vehicle/2020-lexus-nx/,200,131207,80403d8b25feb5fc3059275a0f666180786f888e3b8048ad514034eb31fa110c,2026-10-02T11:47:14+00:00,press/pressroom.lexus.com/vehicle__2020-lexus-nx.html.gz,ok,product_specs_links=1
lexus,lexus/nx,2020,press_vehicle_page,2020 Lexus NX Hybrid,https://pressroom.lexus.com/vehicle/2020-lexus-nx-hybrid/,200,178899,f5538e10f6142e435df51c6f4ec7f5cec8cc75c49038cae6caf1b50378d2d206,2026-10-02T11:47:26+00:00,press/pressroom.lexus.com/vehicle__2020-lexus-nx-hybrid.html.gz,ok,product_specs_links=1
lexus,lexus/rx,2020,press_vehicle_page,2020 Lexus RX,https://pressroom.lexus.com/vehicle/2020-lexus-rx/,200,114850,81357bf6bf495714346a76814402ad628d79e0563145e021ad1653dfe5dcd97e,2026-10-02T11:47:37+00:00,press/pressroom.lexus.com/vehicle__2020-lexus-rx.html.gz,ok,product_specs_links=1
lexus,lexus/rx,2020,press_vehicle_page,2020 Lexus RX 350F Sport,https://pressroom.lexus.com/vehicle/2020-lexus-rx-350f-sport/,200,157179,cd656bc26d92f8fc1d25610d4cc994c5be54e22a4cf791b32c0a064b7f5dad19,2026-10-02T11:47:50+00:00,press/pressroom.lexus.com/vehicle__2020-lexus-rx-350f-sport.html.gz,ok,product_specs_links=0
lexus,lexus/rx,2020,press_vehicle_page,2020 Lexus RX 350L,https://pressroom.lexus.com/vehicle/2020-lexus-rx-350l/,200,105528,9ea05bf77b4aed53aeec3f73161bd40778f2c4ad8214a44db572c4f2631a6f04,2026-10-02T11:48:07+00:00,press/pressroom.lexus.com/vehicle__2020-lexus-rx-350l.html.gz,ok,product_specs_links=1
lexus,lexus/rx,2020,press_vehicle_page,2020 Lexus RX 450hL,https://pressroom.lexus.com/vehicle/2020-lexus-rx-450hl/,200,150042,f8c5ed92bbbe6e71c0037b5032264842e4d33d6f2af0df57c8f1f61fee535ec7,2026-10-02T11:48:20+00:00,press/pressroom.lexus.com/vehicle__2020-lexus-rx-450hl.html.gz,ok,product_specs_links=1
lexus,lexus/es,2021,press_vehicle_page,2021 Lexus ES AWD,https://pressroom.lexus.com/vehicle/2021-lexus-es-awd/,200,177238,02536ccd83f39cb76f4e50924b44f42d5cdb9325aa312feb06564bff8ea6a71e,2026-10-02T11:48:33+00:00,press/pressroom.lexus.com/vehicle__2021-lexus-es-awd.html.gz,ok,product_specs_links=1
lexus,lexus/nx,2019,press_vehicle_page,2019 Lexus NX,https://pressroom.lexus.com/vehicle/2019-lexus-nx/,200,160562,2f8f7eacabeb5ba9b03ad2b35f0a2206ed6725aedcb178b33f439d9908722b8f,2026-10-02T11:48:47+00:00,press/pressroom.lexus.com/vehicle__2019-lexus-nx.html.gz,ok,product_specs_links=1
lexus,lexus/nx,2019,press_vehicle_page,2019 Lexus NX Hybrid,https://pressroom.lexus.com/vehicle/2019-lexus-nx-hybrid/,200,185340,46e6a47c43708c7c78384e19bc2cbadcc65537c3a29b99d3936008dcf3c93de1,2026-10-02T11:49:10+00:00,press/pressroom.lexus.com/vehicle__2019-lexus-nx-hybrid.html.gz,ok,product_specs_links=1
lexus,lexus/rx,2019,press_vehicle_page,2019 Lexus RX,https://pressroom.lexus.com/vehicle/2019-lexus-rx/,200,240749,bcbcd7e3be190fd29d4e3cfae3fdf4e99e0eff46c3343bbfe22b9a508a58207b,2026-10-02T11:49:23+00:00,press/pressroom.lexus.com/vehicle__2019-lexus-rx.html.gz,ok,product_specs_links=1
lexus,lexus/rx,2019,press_vehicle_page,2019 Lexus RX Hybrid,https://pressroom.lexus.com/vehicle/2019-lexus-rx-hybrid/,200,174346,ced834f6f7d2f4428a648786b54fc06d71474b613eec3b50764c34729534f3fd,2026-10-02T11:49:36+00:00,press/pressroom.lexus.com/vehicle__2019-lexus-rx-hybrid.html.gz,ok,product_specs_links=1
lexus,lexus/rx,2021,press_vehicle_page,2021 Lexus RX 350 F Sport,https://pressroom.lexus.com/vehicle/2021-lexus-rx-350-f-sport/,200,147860,92ce7f400fb9fe6fb1f54fc1daf8959aa2c2f5535b27e2c47adddde3e78fe764,2026-10-02T11:49:47+00:00,press/pressroom.lexus.com/vehicle__2021-lexus-rx-350-f-sport.html.gz,ok,product_specs_links=1
lexus,lexus/rx,2021,press_vehicle_page,2021 Lexus RX 350L,https://pressroom.lexus.com/vehicle/2021-lexus-rx-350l/,200,108251,b16d65aca6afd69728abb2eb869dc12193644b379fc69bcbe6356487f4d90402,2026-10-02T11:50:01+00:00,press/pressroom.lexus.com/vehicle__2021-lexus-rx-350l.html.gz,ok,product_specs_links=1
lexus,lexus/rx,2021,press_vehicle_page,2021 Lexus RX 450h F SPORT,https://pressroom.lexus.com/vehicle/2021-lexus-rx-450h-f-sport/,200,108497,bf59e5263347ef52e50638fcd9bd7f36dffc4fffdf6f1e23b1cccad60bcf1c8e,2026-10-02T11:50:15+00:00,press/pressroom.lexus.com/vehicle__2021-lexus-rx-450h-f-sport.html.gz,ok,product_specs_links=1
lexus,lexus/rx,2021,press_vehicle_page,2021 Lexus RX 450hL,https://pressroom.lexus.com/vehicle/2021-lexus-rx-450hl/,200,138229,4ffefa57b51a1c6020439f15a52610571873c33ddc86849fd1e5c9543fa325d3,2026-10-02T11:50:25+00:00,press/pressroom.lexus.com/vehicle__2021-lexus-rx-450hl.html.gz,ok,product_specs_links=1
lexus,lexus/es,2021,press_vehicle_page,2021 Lexus ES,https://pressroom.lexus.com/vehicle/2021-lexus-es/,200,201927,abd347d238d8e3c2c69958ca9a38ddfe3c988999cfc92f01d198ee5b6df2ee24,2026-10-02T11:50:37+00:00,press/pressroom.lexus.com/vehicle__2021-lexus-es.html.gz,ok,product_specs_links=1
lexus,lexus/rx,2021,press_vehicle_page,2021 Lexus RX,https://pressroom.lexus.com/vehicle/2021-lexus-rx/,200,126712,f51ae98757ed5cd29c83df847b671a5c48d7b3269dbb1fad31f0561bb7c8cb7e,2026-10-02T11:50:50+00:00,press/pressroom.lexus.com/vehicle__2021-lexus-rx.html.gz,ok,product_specs_links=1
lexus,lexus/rx,2021,press_vehicle_page,2021 Lexus RX 450h,https://pressroom.lexus.com/vehicle/2021-lexus-rx-450h/,200,105910,002a8f467c5d2df5afb0a40e1f86f6c8ab29da7ffa5f69dd2803a4ce4f0b871f,2026-10-02T11:51:01+00:00,press/pressroom.lexus.com/vehicle__2021-lexus-rx-450h.html.gz,ok,product_specs_links=1
lexus,lexus/gx,2021,press_vehicle_page,2021 Lexus GX,https://pressroom.lexus.com/vehicle/2021-lexus-gx/,200,128019,618da430533300d2de0811f834d6634f3d0e65191b89facd6126f4296cb561ea,2026-10-02T11:51:13+00:00,press/pressroom.lexus.com/vehicle__2021-lexus-gx.html.gz,ok,product_specs_links=1
lexus,lexus/es,2021,press_vehicle_page,2021 Lexus ES Hybrid,https://pressroom.lexus.com/vehicle/2021-lexus-es-hybrid/,200,145305,7f9393844a73d02290a6375cd439e82dc9e9f51a5ffd5a0c09ffe75c759f2f9f,2026-10-02T11:51:24+00:00,press/pressroom.lexus.com/vehicle__2021-lexus-es-hybrid.html.gz,ok,product_specs_links=1
lexus,lexus/nx,2021,press_vehicle_page,2021 Lexus NX Hybrid,https://pressroom.lexus.com/vehicle/2021-lexus-nx-hybrid/,200,188322,a5de06f41042d67a188790a7e8d190384361d60a5002e4b15f55d23c09f20155,2026-10-02T11:51:36+00:00,press/pressroom.lexus.com/vehicle__2021-lexus-nx-hybrid.html.gz,ok,product_specs_links=1
lexus,lexus/nx,2021,press_vehicle_page,2021 Lexus NX,https://pressroom.lexus.com/vehicle/2021-lexus-nx/,200,212460,92ed91babf626253c35abac89e3c1d436c02ab4526d8712ede848fa18ccbb6d9,2026-10-02T11:51:47+00:00,press/pressroom.lexus.com/vehicle__2021-lexus-nx.html.gz,ok,product_specs_links=1
lexus,lexus/nx,2022,press_vehicle_page,2022 Lexus NX 350,https://pressroom.lexus.com/vehicle/2022-lexus-nx-350/,200,209244,fad58fc297b74b0f6c4c654d2473c841264e05d5f2c5148afa84741b9cf944fa,2026-10-02T11:52:02+00:00,press/pressroom.lexus.com/vehicle__2022-lexus-nx-350.html.gz,ok,product_specs_links=1
lexus,lexus/nx,2022,press_vehicle_page,2022 Lexus NX 350H,https://pressroom.lexus.com/vehicle/2022-lexus-nx-350h/,200,240210,df9822ad252bf4df303ca79e26e51a87ae11d404adac641f95207bc21a44938e,2026-10-02T11:52:13+00:00,press/pressroom.lexus.com/vehicle__2022-lexus-nx-350h.html.gz,ok,product_specs_links=1
lexus,lexus/nx,2022,press_vehicle_page,2022 Lexus NX 450H+,https://pressroom.lexus.com/vehicle/2022-lexus-nx-450h/,200,197686,31d245ec5954cfc7224f41bdab405f61b166678dc337425811e1875722f33a40,2026-10-02T11:52:27+00:00,press/pressroom.lexus.com/vehicle__2022-lexus-nx-450h.html.gz,ok,product_specs_links=1
lexus,lexus/nx,2022,press_vehicle_page,2022 Lexus NX 250,https://pressroom.lexus.com/vehicle/2022-lexus-nx-250/,200,136610,a5b788ad7b3712f63787375e95e44367526cf2fab9a96be1ebeb2999cc985992,2026-10-02T11:52:39+00:00,press/pressroom.lexus.com/vehicle__2022-lexus-nx-250.html.gz,ok,product_specs_links=1
lexus,lexus/es,2022,press_vehicle_page,2022 Lexus ES,https://pressroom.lexus.com/vehicle/2022-lexus-es/,200,245013,53c3a3a1d37e2061f9793f23615c3648f544824d9a04bce922168c491ee6bd62,2026-10-02T11:52:52+00:00,press/pressroom.lexus.com/vehicle__2022-lexus-es.html.gz,ok,product_specs_links=1
lexus,lexus/es,2022,press_vehicle_page,2022 Lexus ES Hybrid,https://pressroom.lexus.com/vehicle/2022-lexus-es-hybrid/,200,153719,0c7b6f266b5abc5db95714278bf71883bc1a5d5cab4717f40ab06ff5ca81062a,2026-10-02T11:53:07+00:00,press/pressroom.lexus.com/vehicle__2022-lexus-es-hybrid.html.gz,ok,product_specs_links=1
lexus,lexus/es,2022,press_vehicle_page,2022 Lexus ES AWD,https://pressroom.lexus.com/vehicle/2022-lexus-es-awd/,200,173563,e6a6ce620527e8d90c3ec194ec7f7404019ffa12aee5601245a78d0a7d4797ff,2026-10-02T11:53:19+00:00,press/pressroom.lexus.com/vehicle__2022-lexus-es-awd.html.gz,ok,product_specs_links=1
lexus,lexus/rx,2022,press_vehicle_page,2022 Lexus RX 450hL,https://pressroom.lexus.com/vehicle/2022-lexus-rx-450hl/,200,137421,497ea223323246d46f404b7f28285905674fe63b724cdb98ca481b3f79a64247,2026-10-02T11:53:31+00:00,press/pressroom.lexus.com/vehicle__2022-lexus-rx-450hl.html.gz,ok,product_specs_links=1
lexus,lexus/rx,2022,press_vehicle_page,2022 Lexus RX 350L,https://pressroom.lexus.com/vehicle/2022-lexus-rx-350l/,200,110081,d4160234d774c513fb0cd3db2511da5445f6e72a233ab09f3a75976601532f87,2026-10-02T11:53:42+00:00,press/pressroom.lexus.com/vehicle__2022-lexus-rx-350l.html.gz,ok,product_specs_links=1
lexus,lexus/rx,2022,press_vehicle_page,2022 Lexus RX 350,https://pressroom.lexus.com/vehicle/2022-lexus-rx-350/,200,131605,2a0bb817e4d21102800e53856cde0acd74d2982f0e57566025c5c3547acfed1a,2026-10-02T11:53:54+00:00,press/pressroom.lexus.com/vehicle__2022-lexus-rx-350.html.gz,ok,product_specs_links=1
lexus,lexus/rx,2022,press_vehicle_page,2022 Lexus RX 450h,https://pressroom.lexus.com/vehicle/2022-lexus-rx-450h/,200,110696,c0ec41503380bbe2e2bf743635721e658a62c39cd990ebb582813df2ddb1000a,2026-10-02T11:54:05+00:00,press/pressroom.lexus.com/vehicle__2022-lexus-rx-450h.html.gz,ok,product_specs_links=1
lexus,lexus/rx,2023,press_vehicle_page,2023 Lexus RX 350,https://pressroom.lexus.com/vehicle/2023-lexus-rx-350/,200,235606,d0b3e8f0b442cdf729f5da7c717addfd77fee31b6c767d9e2c72800ab13e60e2,2026-10-02T11:54:16+00:00,press/pressroom.lexus.com/vehicle__2023-lexus-rx-350.html.gz,ok,product_specs_links=1
lexus,lexus/rx,2023,press_vehicle_page,2023 LEXUS RX 350H,https://pressroom.lexus.com/vehicle/2023-lexus-rx-350h/,200,253165,15fc7bbeb3cc7363165e42a7400f63eac914d29ca02fbaad33ad4e3fca2dc530,2026-10-02T11:54:28+00:00,press/pressroom.lexus.com/vehicle__2023-lexus-rx-350h.html.gz,ok,product_specs_links=1
lexus,lexus/rx,2023,press_vehicle_page,2023 LEXUS RX 450H+,https://pressroom.lexus.com/vehicle/2023-lexus-rx-450h/,200,96828,e10d59c1474ced85a5620407ac40c48e2e635a35610d27fa93a87c79455505ce,2026-10-02T11:54:40+00:00,press/pressroom.lexus.com/vehicle__2023-lexus-rx-450h.html.gz,ok,product_specs_links=1
lexus,lexus/rx,2023,press_vehicle_page,2023 Lexus RX 500H F SPORT Performance,https://pressroom.lexus.com/vehicle/2023-lexus-rx-500h-f-sport-performance/,200,318133,55451217cd6f41d169f6ac24514d872de9f1caf4434ec2d6df2ecc3ebd6dc8db,2026-10-02T11:54:54+00:00,press/pressroom.lexus.com/vehicle__2023-lexus-rx-500h-f-sport-performance.html.gz,ok,product_specs_links=1
lexus,lexus/gx,2023,press_vehicle_page,2023 LEXUS GX,https://pressroom.lexus.com/vehicle/2023-lexus-gx/,200,101367,b2532afbfcdcff47ca579e6a97e9f9193d66173b64246f92fbed1885dcbb4361,2026-10-02T11:55:06+00:00,press/pressroom.lexus.com/vehicle__2023-lexus-gx.html.gz,ok,product_specs_links=0
lexus,lexus/nx,2023,press_vehicle_page,2023 LEXUS NX 450H+,https://pressroom.lexus.com/vehicle/2023-lexus-nx-450h/,200,188243,9620a43a8ae28b22cf1e45377f26be03d5d043bbd043fad7a3092cf783424a6c,2026-10-02T11:55:17+00:00,press/pressroom.lexus.com/vehicle__2023-lexus-nx-450h.html.gz,ok,product_specs_links=1
lexus,lexus/nx,2023,press_vehicle_page,2023 LEXUS NX 350,https://pressroom.lexus.com/vehicle/2023-lexus-nx-350/,200,199882,d8c2afc17d18477659a5d9226914cb31c52d46360cef4b63f6068d768dfbceba,2026-10-02T11:55:29+00:00,press/pressroom.lexus.com/vehicle__2023-lexus-nx-350.html.gz,ok,product_specs_links=1
lexus,lexus/nx,2023,press_vehicle_page,2023 LEXUS NX 350H,https://pressroom.lexus.com/vehicle/2023-lexus-nx-350h/,200,230612,c92f2d59073e21ce6e6fc21265a542993bd0ad654f84b68573b5688a9510d014,2026-10-02T11:55:40+00:00,press/pressroom.lexus.com/vehicle__2023-lexus-nx-350h.html.gz,ok,product_specs_links=1
lexus,lexus/nx,2023,press_vehicle_page,2023 LEXUS NX 250,https://pressroom.lexus.com/vehicle/2023-lexus-nx-250/,200,129781,90de1207f0949668b26aa0f3c05a376262281aebb24987b62dd9ddcaad29aa8b,2026-10-02T11:55:51+00:00,press/pressroom.lexus.com/vehicle__2023-lexus-nx-250.html.gz,ok,product_specs_links=1
lexus,lexus/es,2023,press_vehicle_page,2023 Lexus ES,https://pressroom.lexus.com/vehicle/2023-lexus-es/,200,134027,1906bdb38d2709eb54b0e79a2b6668c85f466d4c25859b307b914388eadaeb4b,2026-10-02T11:56:05+00:00,press/pressroom.lexus.com/vehicle__2023-lexus-es.html.gz,ok,product_specs_links=1
lexus,lexus/es,2023,press_vehicle_page,2023 Lexus ES Hybrid,https://pressroom.lexus.com/vehicle/2023-lexus-es-hybrid/,200,105079,44919331f8e8914367a7a292c46abf81921923057fb95a91f03760aeb6476300,2026-10-02T11:56:17+00:00,press/pressroom.lexus.com/vehicle__2023-lexus-es-hybrid.html.gz,ok,product_specs_links=1
lexus,lexus/es,2023,press_vehicle_page,2023 Lexus ES AWD,https://pressroom.lexus.com/vehicle/2023-lexus-es-awd/,200,158774,e0c271b8cf313d71f1956e9dfc26362bbb5ab34bbb8aa660a44eb95986218438,2026-10-02T11:56:30+00:00,press/pressroom.lexus.com/vehicle__2023-lexus-es-awd.html.gz,ok,product_specs_links=1
lexus,lexus/nx,2024,press_vehicle_page,2024 LEXUS NX 250,https://pressroom.lexus.com/vehicle/2024-lexus-nx-250/,200,127659,6730ed5b6f4f1b13ce21be748ec6caa97931480e3c8ab2907bf5dcb8b64044cd,2026-10-02T11:56:44+00:00,press/pressroom.lexus.com/vehicle__2024-lexus-nx-250.html.gz,ok,product_specs_links=1
lexus,lexus/nx,2024,press_vehicle_page,2024 LEXUS NX 450H+,https://pressroom.lexus.com/vehicle/2024-lexus-nx-450h/,200,186042,dfa925dd962c039fcdc8d0456b255182945656de4c1b43f042f14a7223bda5bc,2026-10-02T11:56:57+00:00,press/pressroom.lexus.com/vehicle__2024-lexus-nx-450h.html.gz,ok,product_specs_links=1
lexus,lexus/rx,2024,press_vehicle_page,2024 Lexus RX 500h F SPORT PERFORMANCE,https://pressroom.lexus.com/vehicle/2024-lexus-rx-500h-f-sport-performance/,200,299374,e40f0bb80421a4988ed25ecf08fde5bc7bb38c11a23fe3b9bc310f64a041e9bf,2026-10-02T11:57:09+00:00,press/pressroom.lexus.com/vehicle__2024-lexus-rx-500h-f-sport-performance.html.gz,ok,product_specs_links=1
lexus,lexus/rx,2024,press_vehicle_page,2024 Lexus RX 350,https://pressroom.lexus.com/vehicle/2024-lexus-rx-350/,200,219090,4b948fb173055c67a91785411610736f2956ce9201f5389ca575b86044f91a50,2026-10-02T11:57:23+00:00,press/pressroom.lexus.com/vehicle__2024-lexus-rx-350.html.gz,ok,product_specs_links=1
lexus,lexus/es,2024,press_vehicle_page,2024 Lexus ES,https://pressroom.lexus.com/vehicle/2024-lexus-es/,200,135087,d0e0d7abb71dce1d63049696d534d83e7a6e1a271b38c83e6cc34414a4217ab1,2026-10-02T11:57:34+00:00,press/pressroom.lexus.com/vehicle__2024-lexus-es.html.gz,ok,product_specs_links=1
lexus,lexus/es,2024,press_vehicle_page,2024 LEXUS ES AWD,https://pressroom.lexus.com/vehicle/2024-lexus-es-awd/,200,159691,6a647b204b0b3e3b8fce39d4eb321c03f28321daf5d06e2ea47f8b430dec0f3f,2026-10-02T11:57:46+00:00,press/pressroom.lexus.com/vehicle__2024-lexus-es-awd.html.gz,ok,product_specs_links=1
lexus,lexus/gx,2022,press_vehicle_page,2022 Lexus GX,https://pressroom.lexus.com/vehicle/2022-lexus-gx/,200,130211,dd060c7af207017ee7572538c4224f7b1f25f68964235613aa425b07f7e106cc,2026-10-02T11:57:58+00:00,press/pressroom.lexus.com/vehicle__2022-lexus-gx.html.gz,ok,product_specs_links=1
lexus,lexus/es,2025,press_vehicle_page,2025 Lexus ES,https://pressroom.lexus.com/vehicle/2025-lexus-es/,200,146057,ae9914db42b7c5f6bd88aadb13b0697409ea36f3cd7f8e6b0b51f83474d73f64,2026-10-02T11:58:12+00:00,press/pressroom.lexus.com/vehicle__2025-lexus-es.html.gz,ok,product_specs_links=1
lexus,lexus/es,2025,press_vehicle_page,2025 Lexus ES Hybrid,https://pressroom.lexus.com/vehicle/2025-lexus-es-hybrid/,200,106232,5767222ee414dd8217783e007df01e882631f92edcaaea7bd017db37201232c2,2026-10-02T11:58:24+00:00,press/pressroom.lexus.com/vehicle__2025-lexus-es-hybrid.html.gz,ok,product_specs_links=1
lexus,lexus/rx,2025,press_vehicle_page,2025 LEXUS RX,https://pressroom.lexus.com/vehicle/2025-lexus-rx/,200,216202,b8c8b7ab82e7dc590e8e3b0f765640d7ce7a02fcfa20184f8e18717e97c78e41,2026-10-02T11:58:36+00:00,press/pressroom.lexus.com/vehicle__2025-lexus-rx.html.gz,ok,product_specs_links=1
lexus,lexus/rx,2025,press_vehicle_page,2025 LEXUS RX HYBRID,https://pressroom.lexus.com/vehicle/2025-lexus-rx-hybrid/,200,309993,4e24ef9b771bafbe82bb451a6f38f4987447e6f218335248d0810fd9cb024341,2026-10-02T11:58:47+00:00,press/pressroom.lexus.com/vehicle__2025-lexus-rx-hybrid.html.gz,ok,product_specs_links=1
lexus,lexus/rx,2025,press_vehicle_page,2025 LEXUS RX PHEV,https://pressroom.lexus.com/vehicle/2025-lexus-rx-phev/,200,100267,68e962388e5e82fd05405e9245c5d994d0f668497b64e6ef7a16d1ca3e2deb7e,2026-10-02T11:59:01+00:00,press/pressroom.lexus.com/vehicle__2025-lexus-rx-phev.html.gz,ok,product_specs_links=1
lexus,lexus/gx,2024,press_vehicle_page,2024 Lexus GX,https://pressroom.lexus.com/vehicle/2024-lexus-gx/,200,798032,9f6a3a643de8c3c9f6ae093ff37be30fc10ea3cae2f2ba25c61189e1c283503b,2026-10-02T11:59:12+00:00,press/pressroom.lexus.com/vehicle__2024-lexus-gx.html.gz,ok,product_specs_links=1
lexus,lexus/gx,2025,press_vehicle_page,2025 LEXUS GX,https://pressroom.lexus.com/vehicle/2025-lexus-gx/,200,728244,2dfca67b57f41dbae8009a8858ee744527502e19fccec64fe02efb6cd62b7a0f,2026-10-02T11:59:24+00:00,press/pressroom.lexus.com/vehicle__2025-lexus-gx.html.gz,ok,product_specs_links=1
lexus,lexus/es,2024,press_vehicle_page,2024 LEXUS ES HYBRID,https://pressroom.lexus.com/vehicle/2024-lexus-es-hybrid/,200,106297,15df46c05002ed603f9e5786566eb348a73664e36873e9345193a01d8c381b79,2026-10-02T11:59:37+00:00,press/pressroom.lexus.com/vehicle__2024-lexus-es-hybrid.html.gz,ok,product_specs_links=1
lexus,lexus/nx,2024,press_vehicle_page,2024 LEXUS NX 350,https://pressroom.lexus.com/vehicle/2024-lexus-nx-350/,200,188893,42949c9e1f51501be7fc295f0d8bf55876e3f75fe9d23d5389edd518a602230c,2026-10-02T11:59:47+00:00,press/pressroom.lexus.com/vehicle__2024-lexus-nx-350.html.gz,ok,product_specs_links=1
lexus,lexus/nx,2024,press_vehicle_page,2024 LEXUS NX 350H,https://pressroom.lexus.com/vehicle/2024-lexus-nx-350h/,200,211570,15b18325a9bc513659371f0c0c61cc1ddbc6565b843e0472db2bd07ebecd6af4,2026-10-02T12:00:00+00:00,press/pressroom.lexus.com/vehicle__2024-lexus-nx-350h.html.gz,ok,product_specs_links=1
lexus,lexus/rx,2024,press_vehicle_page,2024 Lexus RX 350h,https://pressroom.lexus.com/vehicle/2024-lexus-rx-350h/,200,220391,72fb27a69bb31359cbd5d581163a17e7f5876fcac30e95444e2e49993cadf7af,2026-10-02T12:00:14+00:00,press/pressroom.lexus.com/vehicle__2024-lexus-rx-350h.html.gz,ok,product_specs_links=1
lexus,lexus/rx,2024,press_vehicle_page,2024 LEXUS RX 450H+,https://pressroom.lexus.com/vehicle/2024-lexus-rx-450h/,200,101306,3f390f23d55ecdbe3a96ce0abd5468327ab3db4b575e591773279a415aee1d9a,2026-10-02T12:00:26+00:00,press/pressroom.lexus.com/vehicle__2024-lexus-rx-450h.html.gz,ok,product_specs_links=1
lexus,lexus/rx,2026,press_vehicle_page,2026 Lexus RX,https://pressroom.lexus.com/vehicle/2026-lexus-rx/,200,171304,7d0766d06bd22c3473b734b3489e3018cd35bc2528c8a4997f0a2e91b6fb72f4,2026-10-02T12:00:37+00:00,press/pressroom.lexus.com/vehicle__2026-lexus-rx.html.gz,ok,product_specs_links=1
lexus,lexus/rx,2026,press_vehicle_page,2026 Lexus RX Hybrid,https://pressroom.lexus.com/vehicle/2026-lexus-rx-hybrid/,200,302138,c7e6036579c702fb968fc1eca34b303428f5815cdfd520cf413e8d1f1e68a6bc,2026-10-02T12:00:50+00:00,press/pressroom.lexus.com/vehicle__2026-lexus-rx-hybrid.html.gz,ok,product_specs_links=1
lexus,lexus/rx,2026,press_vehicle_page,2026 Lexus RX Plug-in Hybrid,https://pressroom.lexus.com/vehicle/2026-lexus-rx-plug-in-hybrid/,200,100888,aea835936baab0795b482218ceed192de0c04826ade2e9edd5b861711cb5ffef,2026-10-02T12:01:02+00:00,press/pressroom.lexus.com/vehicle__2026-lexus-rx-plug-in-hybrid.html.gz,ok,product_specs_links=1
lexus,lexus/gx,2026,press_vehicle_page,2026 LEXUS GX,https://pressroom.lexus.com/vehicle/2026-lexus-gx/,200,719622,de21eac02070e80e43b264a9398eb13f40c835d3c69dd17b1e46d444fd46469b,2026-10-02T12:01:12+00:00,press/pressroom.lexus.com/vehicle__2026-lexus-gx.html.gz,ok,product_specs_links=1
lexus,lexus/es,2026,press_vehicle_page,2026 LEXUS ES ELECTRIC,https://pressroom.lexus.com/vehicle/2026-lexus-es-electric/,200,600903,f48601f6b7d0ed1a481f28099c180f6ed15462bbb521b982ccf0af7f977d432e,2026-10-02T12:01:24+00:00,press/pressroom.lexus.com/vehicle__2026-lexus-es-electric.html.gz,ok,product_specs_links=1
lexus,lexus/es,2026,press_vehicle_page,2026 Lexus ES,https://pressroom.lexus.com/vehicle/2026-lexus-es/,200,761060,1874880f7688af7b08baac06a382e662ad0aec33b8099bd6c6e843d4ccc704c2,2026-10-02T12:01:35+00:00,press/pressroom.lexus.com/vehicle__2026-lexus-es.html.gz,ok,product_specs_links=1
lexus,lexus/nx,2026,press_vehicle_page,2026 Lexus NX,https://pressroom.lexus.com/vehicle/2026-lexus-nx/,200,184266,2fd19da2bc2b714c589ba91fe2c42144f6014bdf3a58fe375220bd9344ed80f7,2026-10-02T12:01:49+00:00,press/pressroom.lexus.com/vehicle__2026-lexus-nx.html.gz,ok,product_specs_links=1
lexus,lexus/nx,2026,press_vehicle_page,2026 Lexus NX Hybrid,https://pressroom.lexus.com/vehicle/2026-lexus-nx-hybrid/,200,197696,07973449cdb22c1d0ede4163545a451dedcb420a46439ee4453bdac46fe9b5f5,2026-10-02T12:02:00+00:00,press/pressroom.lexus.com/vehicle__2026-lexus-nx-hybrid.html.gz,ok,product_specs_links=1
lexus,lexus/nx,2026,press_vehicle_page,2026 Lexus NX PHEV,https://pressroom.lexus.com/vehicle/2026-lexus-nx-phev/,200,142386,2983a51caf221e1877d538419d72dd06e988b9787ede07d69a76bda9103d7daf,2026-10-02T12:02:13+00:00,press/pressroom.lexus.com/vehicle__2026-lexus-nx-phev.html.gz,ok,product_specs_links=1
lexus,lexus/nx,2025,press_vehicle_page,2025 LEXUS NX Hybrid,https://pressroom.lexus.com/vehicle/2025-lexus-nx-hybrid/,200,215627,04151591d46a3399b8a5ea30eab91e13c33b8b879178cf5543a247cecf94cfbf,2026-10-02T12:02:26+00:00,press/pressroom.lexus.com/vehicle__2025-lexus-nx-hybrid.html.gz,ok,product_specs_links=1
lexus,lexus/nx,2025,press_vehicle_page,2025 LEXUS NX PHEV,https://pressroom.lexus.com/vehicle/2025-lexus-nx-phev/,200,189306,fd4794a1d17d7f8db6348f5610fa33a5059acfccadb2cfc0594bfe10fffb400b,2026-10-02T12:02:38+00:00,press/pressroom.lexus.com/vehicle__2025-lexus-nx-phev.html.gz,ok,product_specs_links=1
lexus,lexus/nx,2025,press_vehicle_page,2025 LEXUS NX,https://pressroom.lexus.com/vehicle/2025-lexus-nx/,200,224476,c7b2652dd49a36b488dd230f995b1b0762f23a66c372a9d06d4ab44f82616d26,2026-10-02T12:02:51+00:00,press/pressroom.lexus.com/vehicle__2025-lexus-nx.html.gz,ok,product_specs_links=1
lexus,lexus/es,,press_presskit_page,Lexus ES Hybrid,https://pressroom.lexus.com/presskit/lexus-es-hybrid-2018/,200,87492,fbbb53ccb9a8dab18fb56f3afaed2483bc9e342f54258e83589cbf9729a780be,2026-10-02T12:03:05+00:00,press/pressroom.lexus.com/presskit__lexus-es-hybrid-2018.html.gz,ok,spec_links=
lexus,lexus/rx,2019,press_presskit_page,2019 Lexus RX,https://pressroom.lexus.com/presskit/lexus-rx-2019/,200,87408,a75de3fb9206aae13b02002c9ffb84e94fab007659d96720fd1bbe05b0b4384b,2026-10-02T12:03:17+00:00,press/pressroom.lexus.com/presskit__lexus-rx-2019.html.gz,ok,spec_links=
lexus,lexus/es,2015,press_presskit_page,2015 Lexus ES Hybrid,https://pressroom.lexus.com/presskit/lexus-es-hybrid-2015/,200,88327,29256a31d74aa3804372cdb5c52813e225b31bf3ee7bc35977d53b61100f4889,2026-10-02T12:03:31+00:00,press/pressroom.lexus.com/presskit__lexus-es-hybrid-2015.html.gz,ok,spec_links=
lexus,lexus/es,2015,press_presskit_page,2015 Lexus ES,https://pressroom.lexus.com/presskit/lexus-es-2015/,200,86974,a7248aa49aa04e6ad6549e4ddbad25ead84a137b39fab246a1ac3a6fcc262c67,2026-10-02T12:03:43+00:00,press/pressroom.lexus.com/presskit__lexus-es-2015.html.gz,ok,spec_links=
lexus,lexus/rx,2015,press_presskit_page,2015 Lexus RX,https://pressroom.lexus.com/presskit/lexus-rx-2015/,200,87444,412088105d496f56b287a912dfeb849702f70884e79fb229611a29147c367c54,2026-10-02T12:03:55+00:00,press/pressroom.lexus.com/presskit__lexus-rx-2015.html.gz,ok,spec_links=
lexus,lexus/rx,2015,press_presskit_page,2015 Lexus RX Hybrid,https://pressroom.lexus.com/presskit/lexus-rx-hybrid-2015/,200,87305,122240b583bb9939004b53cc528a2809de93b94fcf0b1e4c08c06b22ef343ff2,2026-10-02T12:04:09+00:00,press/pressroom.lexus.com/presskit__lexus-rx-hybrid-2015.html.gz,ok,spec_links=
lexus,lexus/gx,2015,press_presskit_page,2015 Lexus GX,https://pressroom.lexus.com/presskit/lexus-gx-2015/,200,88169,db50e16632c215ecf43309348831fbbe1e3f2aacb45723b57c1a324c680fb6a2,2026-10-02T12:04:21+00:00,press/pressroom.lexus.com/presskit__lexus-gx-2015.html.gz,ok,spec_links=
lexus,lexus/nx,2015,press_presskit_page,2015 Lexus NX,https://pressroom.lexus.com/presskit/lexus-nx-2015/,200,86759,c230d992ad4dae72f5521f59d5dc21839fdd228f9cdd5a8f3becb30849aaa23b,2026-10-02T12:04:35+00:00,press/pressroom.lexus.com/presskit__lexus-nx-2015.html.gz,ok,spec_links=
lexus,lexus/nx,2015,press_presskit_page,2015 Lexus NX Hybrid,https://pressroom.lexus.com/presskit/lexus-nx-hybrid-2015/,200,88135,872bc74f13670b33d0144ac87db1102adf3e6116b6f4ffbdfccc2e5c1f90de12,2026-10-02T12:04:47+00:00,press/pressroom.lexus.com/presskit__lexus-nx-hybrid-2015.html.gz,ok,spec_links=
lexus,lexus/gx,2014,press_presskit_page,2014 Lexus GX,https://pressroom.lexus.com/presskit/lexus-gx-2014/,200,87608,14113e8bd15c7ff384445b9a0faea73ce7ac741674b527f9d1feddef787a7f37,2026-10-02T12:05:00+00:00,press/pressroom.lexus.com/presskit__lexus-gx-2014.html.gz,ok,spec_links=
lexus,lexus/es,2014,press_presskit_page,2014 Lexus ES Hybrid,https://pressroom.lexus.com/presskit/lexus-es-hybrid-2014/,200,88407,ae2ef7b932ce0ee12916b99dfec3c6bf05a75701fcb52c8ea496a0144fe98291,2026-10-02T12:05:14+00:00,press/pressroom.lexus.com/presskit__lexus-es-hybrid-2014.html.gz,ok,spec_links=
lexus,lexus/rx,2014,press_presskit_page,2014 Lexus RX,https://pressroom.lexus.com/presskit/lexus-rx-2014/,200,87487,de54ae87cec36d8c359c12ef27a0dd4e3b52205a24704b7cc63e484b13155770,2026-10-02T12:05:26+00:00,press/pressroom.lexus.com/presskit__lexus-rx-2014.html.gz,ok,spec_links=
lexus,lexus/rx,2014,press_presskit_page,2014 Lexus RX Hybrid,https://pressroom.lexus.com/presskit/lexus-rx-hybrid-2014/,200,89186,0b6308d9998e5d934c1f49d0e67e3f40b955768973e8949ada7f778480eb1502,2026-10-02T12:05:40+00:00,press/pressroom.lexus.com/presskit__lexus-rx-hybrid-2014.html.gz,ok,spec_links=
lexus,lexus/es,2014,press_presskit_page,2014 Lexus ES,https://pressroom.lexus.com/presskit/lexus-es-2014/,200,87468,2c0b8a1ef98ec33a17551be7c51417031b493519c00744b5d5ea11454e50be2e,2026-10-02T12:05:52+00:00,press/pressroom.lexus.com/presskit__lexus-es-2014.html.gz,ok,spec_links=
lexus,lexus/gx,2019,press_presskit_page,2019 Lexus GX,https://pressroom.lexus.com/presskit/lexus-gx-2019/,200,88784,0837db494bfd33140e740f27f2648817559c7754ed1d5e00ff225e2a49ab0fa0,2026-10-02T12:06:04+00:00,press/pressroom.lexus.com/presskit__lexus-gx-2019.html.gz,ok,spec_links=
lexus,lexus/es,2019,press_presskit_page,2019 Lexus ES,https://pressroom.lexus.com/presskit/lexus-es-2019/,200,87112,d27f1dd39e49a2ae87c5f9c15ee971a91ee47d13d32d5f3d5cd9b6158b4929d7,2026-10-02T12:06:17+00:00,press/pressroom.lexus.com/presskit__lexus-es-2019.html.gz,ok,spec_links=Product Information -> https://pressroom.lexus.com/2018-lexus-es-350-product-info-sheet/
lexus,lexus/gx,2016,press_presskit_page,2016 Lexus GX,https://pressroom.lexus.com/presskit/lexus-gx-2016/,200,88236,dc992cf1a6e9d6d330824859c8e6b6decf1eb5f7a1820c8b00f6ecd4d25206dd,2026-10-02T12:06:29+00:00,press/pressroom.lexus.com/presskit__lexus-gx-2016.html.gz,ok,spec_links=Product Information -> https://pressroom.lexus.com/2016-lexus-gx-product-specs/
lexus,lexus/nx,2016,press_presskit_page,2016 Lexus NX,https://pressroom.lexus.com/presskit/lexus-nx-2016/,200,87314,bd89c89f108be400f2cdb6f523c0445c0b8e233f63a30ac7a1e1aa9392f31824,2026-10-02T12:06:42+00:00,press/pressroom.lexus.com/presskit__lexus-nx-2016.html.gz,ok,spec_links=Product Information -> https://pressroom.lexus.com/2016-lexus-nx-200t-product-specs/
lexus,lexus/rx,2016,press_presskit_page,2016 Lexus RX,https://pressroom.lexus.com/presskit/lexus-rx-2016/,200,88327,1f094c050605b5f59dbeaff6762f48c5b866819a53d4ea7cb2d06bd810d44f06,2026-10-02T12:06:54+00:00,press/pressroom.lexus.com/presskit__lexus-rx-2016.html.gz,ok,spec_links=
lexus,lexus/nx,2016,press_presskit_page,2016 Lexus NX Hybrid,https://pressroom.lexus.com/presskit/lexus-nx-hybrid-2016/,200,88902,285cc5806b7773bfcdaf498461ac61ee99eb7e44e9163c1a3bffd281cbedc22e,2026-10-02T12:07:08+00:00,press/pressroom.lexus.com/presskit__lexus-nx-hybrid-2016.html.gz,ok,spec_links=Product Information -> https://pressroom.lexus.com/lexus-2016-nx-300h-product-specs/
lexus,lexus/rx,2016,press_presskit_page,2016 Lexus RX Hybrid,https://pressroom.lexus.com/presskit/lexus-rx-hybrid-2016/,200,88579,3246a0d5553b4efd100c3da1d026c922a3ea6ab441dfcf4307d3122e3f1748c8,2026-10-02T12:07:20+00:00,press/pressroom.lexus.com/presskit__lexus-rx-hybrid-2016.html.gz,ok,spec_links=Product Information -> https://pressroom.lexus.com/lexus-2016-rx-450h-product-specs/
lexus,lexus/nx,2018,press_presskit_page,2018 Lexus NX Hybrid,https://pressroom.lexus.com/presskit/lexus-nx-hybrid-2018/,200,87675,6a3d1702189a934b43819fcee5db98cfdf51eb821246092bbd8a87c11f14518f,2026-10-02T12:07:32+00:00,press/pressroom.lexus.com/presskit__lexus-nx-hybrid-2018.html.gz,ok,spec_links=Product Information -> https://pressroom.lexus.com/2018-lexus-nx-300h-product-info/
lexus,lexus/gx,2018,press_presskit_page,2018 Lexus GX,https://pressroom.lexus.com/presskit/lexus-gx-2018/,200,86486,dfb4589756b388f12f3bfc93109d1adae9c61d2cdc1d00a6b51a1e731975aa8f,2026-10-02T12:07:44+00:00,press/pressroom.lexus.com/presskit__lexus-gx-2018.html.gz,ok,spec_links=Product Information -> https://pressroom.lexus.com/2018-lexus-gx-product-info/
lexus,lexus/nx,2018,press_presskit_page,2018 Lexus NX,https://pressroom.lexus.com/presskit/lexus-nx-2018/,200,88607,41dce4335f66e04aaf79ed43d2933209a3d12b90df7eb20970f3226d767780b2,2026-10-02T12:07:56+00:00,press/pressroom.lexus.com/presskit__lexus-nx-2018.html.gz,ok,spec_links=Product Information -> https://pressroom.lexus.com/2018-lexus-nx-300h-product-info/
lexus,lexus/nx,2017,press_presskit_page,2017 Lexus NX,https://pressroom.lexus.com/presskit/lexus-nx-2017/,200,88223,ff1ec62f066029c80031bb8ef6abff38323aaa6625c2b6e27695ac433885c3c3,2026-10-02T12:08:10+00:00,press/pressroom.lexus.com/presskit__lexus-nx-2017.html.gz,ok,spec_links=Product Information -> https://pressroom.lexus.com/2017-lexus-nx-200t-product-specs/
lexus,lexus/nx,2017,press_presskit_page,2017 Lexus NX Hybrid,https://pressroom.lexus.com/presskit/lexus-nx-hybrid-2017/,200,87399,d20796ee968171e08128780ddcea4fc31acfbecb2f9bee067d17bbc01b0dbab7,2026-10-02T12:08:23+00:00,press/pressroom.lexus.com/presskit__lexus-nx-hybrid-2017.html.gz,ok,spec_links=Product Information -> https://pressroom.lexus.com/2017-lexus-nx-hybrid-product-specs/
lexus,lexus/gx,2017,press_presskit_page,2017 Lexus GX,https://pressroom.lexus.com/presskit/lexus-gx-2017/,200,87087,a9f0cd8e80745cc73e9b14ca01cc8bf7e6940216bd0b23da8e4622da638b7901,2026-10-02T12:08:36+00:00,press/pressroom.lexus.com/presskit__lexus-gx-2017.html.gz,ok,spec_links=Product Information -> https://pressroom.lexus.com/2017-lexus-gx-460-product-specifications/
lexus,lexus/rx,2017,press_presskit_page,2017 Lexus RX,https://pressroom.lexus.com/presskit/lexus-rx-2017/,200,88809,d871690290d35793bcaf695e5f1e63d5cfb233deb26bbc1d6c56cb28a486bcf8,2026-10-02T12:08:48+00:00,press/pressroom.lexus.com/presskit__lexus-rx-2017.html.gz,ok,spec_links=Product Information -> https://pressroom.lexus.com/2017-lexus-rx-350-product-specifications/
lexus,lexus/rx,2017,press_presskit_page,2017 Lexus RX Hybrid,https://pressroom.lexus.com/presskit/lexus-rx-hybrid-2017/,200,87775,848d33b635a8d7c2236cfa041d0b068d08b594ee4daf102d6a90e9a46cf3f63c,2026-10-02T12:09:02+00:00,press/pressroom.lexus.com/presskit__lexus-rx-hybrid-2017.html.gz,ok,spec_links=Product Information -> https://pressroom.lexus.com/2017-lexus-rx-450h-product-specifications/
lexus,lexus/es,2017,press_presskit_page,2017 Lexus ES,https://pressroom.lexus.com/presskit/lexus-es-2017/,200,88024,20660221d2dc247ec856a7b667517ba662c6385922d9534d3be47f07154add3c,2026-10-02T12:09:13+00:00,press/pressroom.lexus.com/presskit__lexus-es-2017.html.gz,ok,spec_links=Product Information -> https://pressroom.lexus.com/2017-lexus-es-350-product-specifications/
lexus,lexus/es,2016,press_presskit_page,2016 Lexus ES,https://pressroom.lexus.com/presskit/lexus-es-2016/,200,87506,de94ca660220a18cd49417b52a5349e140e47772bdd3c8fc06c457e6de8c39c8,2026-10-02T12:09:25+00:00,press/pressroom.lexus.com/presskit__lexus-es-2016.html.gz,ok,spec_links=Product Information -> https://pressroom.lexus.com/2016-lexus-es-350-product-specs/
lexus,lexus/rx,2019,press_presskit_page,2019 Lexus RX Hybrid,https://pressroom.lexus.com/presskit/lexus-rx-hybrid-2019/,200,88437,512d689f6bde5723da0e4afdba273fcd73c91831a3ffd70ed5112b7c6767e200,2026-10-02T12:09:39+00:00,press/pressroom.lexus.com/presskit__lexus-rx-hybrid-2019.html.gz,ok,spec_links=
lexus,lexus/nx,2019,press_presskit_page,2019 Lexus NX,https://pressroom.lexus.com/presskit/lexus-nx-2019/,200,86744,973b81e4c0854e3263299d0d5a80fd26541e5f87ef0ff47d0b934e60f6824f2b,2026-10-02T12:09:52+00:00,press/pressroom.lexus.com/presskit__lexus-nx-2019.html.gz,ok,spec_links=
lexus,lexus/rx,2018,press_presskit_page,2018 Lexus RX,https://pressroom.lexus.com/presskit/lexus-rx-2018/,200,87179,5eba4d91aa79ad2290fc49fa6c2c92dabfa30fa0bfb1c70595fea552c0d83fa5,2026-10-02T12:10:06+00:00,press/pressroom.lexus.com/presskit__lexus-rx-2018.html.gz,ok,spec_links=Product Information -> https://toyota-cms-media.s3.amazonaws.com/toyota-pdfs/FINAL+-+2018+RX+350L+Product+Info+Sheet.pdf
lexus,lexus/rx,2018,press_presskit_page,2018 Lexus RX Hybrid,https://pressroom.lexus.com/presskit/lexus-rx-hybrid-2018/,200,87897,1101f3d6e90c62936ca9f5a7b837c53eec4e1a587eb228018e508b5e317a52f3,2026-10-02T12:10:19+00:00,press/pressroom.lexus.com/presskit__lexus-rx-hybrid-2018.html.gz,ok,spec_links=Product Information -> https://toyota-cms-media.s3.amazonaws.com/toyota-pdfs/FINAL+-+2018+RX+450hL+AWD+Product+Info+Sheet.pdf
lexus,lexus/es,2018,press_presskit_page,2018 Lexus ES,https://pressroom.lexus.com/presskit/lexus-es-2018/,200,87432,947323b13bf29fab56806de11996a30b50260138f29bca09ccf7b137816147b5,2026-10-02T12:10:30+00:00,press/pressroom.lexus.com/presskit__lexus-es-2018.html.gz,ok,spec_links=Product Information -> https://pressroom.lexus.com/2018-lexus-es-350-product-info-sheet/
lexus,lexus/es,2017,press_presskit_page,2017 Lexus ES Hybrid,https://pressroom.lexus.com/presskit/lexus-es-hybrid-2017/,200,87524,57fce48c68fcee4282648bd6b8810e64f8b3e019da50b88c3f23b80fc76a5db5,2026-10-02T12:10:43+00:00,press/pressroom.lexus.com/presskit__lexus-es-hybrid-2017.html.gz,ok,spec_links=Product Information -> https://pressroom.lexus.com/2017-lexus-es-300h-product-specifications/
lexus,lexus/es,2016,press_presskit_page,2016 Lexus ES Hybrid,https://pressroom.lexus.com/presskit/lexus-es-hybrid-2016/,200,88551,1b048fbc3a333fc827134d9d9a6951b9d8bc6e148e798e76d8fe15ee6fc056ab,2026-10-02T12:10:55+00:00,press/pressroom.lexus.com/presskit__lexus-es-hybrid-2016.html.gz,ok,spec_links=Product Information -> https://pressroom.lexus.com/2016-lexus-es-300h-product-specs/
lexus,lexus/es,2017,press_post_page,2017 Lexus ES 300h Product Information,https://pressroom.lexus.com/2017-lexus-es-300h-product-specifications/,200,97682,0e6a5feaed4f62388fa6760dfba5ee061082a8947017e17b030d21fc87d13512,2026-10-02T12:11:05+00:00,press/pressroom.lexus.com/2017-lexus-es-300h-product-specifications.html.gz,ok,download_links=1
lexus,lexus/es,2017,press_post_page,2017 Lexus ES 350 Product Information,https://pressroom.lexus.com/2017-lexus-es-350-product-specifications/,200,92874,ffeac3aab2f95dfec6e0ac5243fbc8d5585a24b1958a71d4b3440d68ec4ee5a5,2026-10-02T12:11:18+00:00,press/pressroom.lexus.com/2017-lexus-es-350-product-specifications.html.gz,ok,download_links=1
lexus,lexus/rx,2019,press_post_page,2019 Lexus RX 350 Specifications,https://pressroom.lexus.com/2019-lexus-rx-350-specifications/,200,84217,64ad0efd46691529d78c13ea3866afa59d6538123ade60d64b5649a3a107626f,2026-10-02T12:11:31+00:00,press/pressroom.lexus.com/2019-lexus-rx-350-specifications.html.gz,ok,download_links=1
lexus,lexus/rx,2019,press_post_page,2019 Lexus RX 450h Specifications,https://pressroom.lexus.com/2019-lexus-rx-450h-specifications/,200,83850,b4e7656969dabdd08f77cbfbfe14f340001d0715e75cd1480018b6d39c5ffc57,2026-10-02T12:11:44+00:00,press/pressroom.lexus.com/2019-lexus-rx-450h-specifications.html.gz,ok,download_links=1
lexus,lexus/nx,2019,press_post_page,2019 Lexus NX Product Specifications,https://pressroom.lexus.com/2019-lexus-nx-product-specifications/,200,84684,a4ba08f19a84cde2c2c814b45f95dcee1a21d6d2b1a160a880c6e831b8c95ffa,2026-10-02T12:11:56+00:00,press/pressroom.lexus.com/2019-lexus-nx-product-specifications.html.gz,ok,download_links=1
lexus,lexus/es,2019,press_post_page,2019 Lexus ES 350 Specifications,https://pressroom.lexus.com/2019-lexus-es-350-specs/,200,83986,bf9443244c47e7066c56f6f7aef8b3e6837a83f55c3f28f28a874decd6616a1f,2026-10-02T12:12:08+00:00,press/pressroom.lexus.com/2019-lexus-es-350-specs.html.gz,ok,download_links=1
lexus,lexus/es,2019,press_post_page,2019 Lexus ES 300h Specifications,https://pressroom.lexus.com/2019-lexus-es-300h-product-info-sheet/,200,84350,8952adcd47ceb0f0b606ff23bc8c1e8e62aa0a06dcc958c98119b8941973bad5,2026-10-02T12:12:19+00:00,press/pressroom.lexus.com/2019-lexus-es-300h-product-info-sheet.html.gz,ok,download_links=1
lexus,lexus/gx,2018,press_post_page,2018 Lexus GX Product Info,https://pressroom.lexus.com/2018-lexus-gx-product-info/,200,83404,2d4c1374256f5051e9b2139aa54a94365c9d3baddb727eba5c2e50abb72d1734,2026-10-02T12:12:33+00:00,press/pressroom.lexus.com/2018-lexus-gx-product-info.html.gz,ok,download_links=1
lexus,lexus/rx,2018,press_post_page,2018 Lexus RX 350 Product Info Sheet,https://pressroom.lexus.com/2018-lexus-rx-350-product-info-sheet/,200,84476,425ba8f1ffd13cd4b4e961f52bbccda7389ee2e2e47c650abc37c2efa1006f83,2026-10-02T12:12:46+00:00,press/pressroom.lexus.com/2018-lexus-rx-350-product-info-sheet.html.gz,ok,download_links=1
lexus,lexus/rx,2018,press_post_page,2018 RX L 350 Product Information,https://pressroom.lexus.com/2018-rx-l-350-product-info-sheet/,200,83711,7bd0238779a6c9cfa08d063eb054bd0a0097a1abc80aea7628fbf32f24fdc60c,2026-10-02T12:12:59+00:00,press/pressroom.lexus.com/2018-rx-l-350-product-info-sheet.html.gz,ok,download_links=1
lexus,lexus/rx,2018,press_post_page,2018 RX L 450h Product Information,https://pressroom.lexus.com/2018-rx-l-450h-product-info-sheet/,200,84202,a35bb3a81c1a0db901ed348bfb2824d424b16c71638732f69e7f626ade1fbd33,2026-10-02T12:13:13+00:00,press/pressroom.lexus.com/2018-rx-l-450h-product-info-sheet.html.gz,ok,download_links=1
lexus,lexus/rx,2018,press_post_page,2018 Lexus RX 450h Product Information,https://pressroom.lexus.com/2018-lexus-rx-450h-product-info/,200,84845,ba1c67eb301ff53dbc5a54cd060f5688d369be49d0fb3d202287dfa5920f5806,2026-10-02T12:13:24+00:00,press/pressroom.lexus.com/2018-lexus-rx-450h-product-info.html.gz,ok,download_links=1
lexus,lexus/es,2018,press_post_page,2018 Lexus ES 350 Product Information Sheet,https://pressroom.lexus.com/2018-lexus-es-350-product-info-sheet/,200,87175,69410c9bdb8532bc2a99264dfdc1be5e442198fe26118adce6732a9b101f05e1,2026-10-02T12:13:37+00:00,press/pressroom.lexus.com/2018-lexus-es-350-product-info-sheet.html.gz,ok,download_links=1
lexus,lexus/es,2018,press_post_page,2018 Lexus ES 300h Product information Sheet,https://pressroom.lexus.com/2018-lexus-es-300h-product-info-sheet/,200,85205,8c4dceec8ca3949ed68f46d1c94997d73b51da72adc948454939f978723be87a,2026-10-02T12:13:50+00:00,press/pressroom.lexus.com/2018-lexus-es-300h-product-info-sheet.html.gz,ok,download_links=1
lexus,lexus/nx,2018,press_post_page,2018 Lexus NX 300h Product Information,https://pressroom.lexus.com/2018-lexus-nx-300h-product-info/,200,93015,73b037f9af0bc13e6c2ec62f6e25a7e514d90b66eed53ebf0d328cdee5edfe29,2026-10-02T12:14:04+00:00,press/pressroom.lexus.com/2018-lexus-nx-300h-product-info.html.gz,ok,download_links=1
lexus,lexus/gx,2016,press_post_page,2016 Lexus GX 460 Product Information,https://pressroom.lexus.com/2016-lexus-gx-product-specs/,200,92063,c7f6c9e722db46660ccb1d067a767bae9406c4a4b6c189cdce3e2352826bb96a,2026-10-02T12:14:15+00:00,press/pressroom.lexus.com/2016-lexus-gx-product-specs.html.gz,ok,download_links=1
lexus,lexus/rx,2016,press_post_page,2016 Lexus RX 350 Product Information,https://pressroom.lexus.com/lexus-2016-rx-350-product-specs/,200,93211,fad41397103d9e62b1eb0cb72fa51942b62ebc8517e954a218c3ec72f8fb4e68,2026-10-02T12:14:29+00:00,press/pressroom.lexus.com/lexus-2016-rx-350-product-specs.html.gz,ok,download_links=1
lexus,lexus/rx,2016,press_post_page,2016 Lexus RX 450h Product Information,https://pressroom.lexus.com/lexus-2016-rx-450h-product-specs/,200,94092,14d0666c5cfe1efee7784f6cf358de71ee7f406fbefaff97b3e2f6afc55b4b04,2026-10-02T12:14:43+00:00,press/pressroom.lexus.com/lexus-2016-rx-450h-product-specs.html.gz,ok,download_links=1
lexus,lexus/nx,2016,press_post_page,2016 Lexus NX 200t Product Information,https://pressroom.lexus.com/2016-lexus-nx-200t-product-specs/,200,93433,5a0dcfb5b31ddfef2a1966c602ed42309d9238d8ec43f34e30ab715795e193ab,2026-10-02T12:14:57+00:00,press/pressroom.lexus.com/2016-lexus-nx-200t-product-specs.html.gz,ok,download_links=1
lexus,lexus/nx,2016,press_post_page,2016 Lexus NX 300h Product Information,https://pressroom.lexus.com/lexus-2016-nx-300h-product-specs/,200,93492,74a33f41b280a72d1efbd863f1396d3f0b28fbd856e1e3d449630cbd1a98e6e8,2026-10-02T12:15:08+00:00,press/pressroom.lexus.com/lexus-2016-nx-300h-product-specs.html.gz,ok,download_links=1
lexus,lexus/rx,2017,press_post_page,2017 Lexus RX 350 Product Information,https://pressroom.lexus.com/2017-lexus-rx-350-product-specifications/,200,96611,8d1ae35bef7778505935222f053b59ad537e4d6e1d3d4663907ad149c070a38b,2026-10-02T12:15:20+00:00,press/pressroom.lexus.com/2017-lexus-rx-350-product-specifications.html.gz,ok,download_links=1
lexus,lexus/gx,2015,press_post_page,2015 Lexus GX 460 Product Information,https://pressroom.lexus.com/2015-lexus-gx-product-specs/,200,94263,d225d4eb78aa987068ad919822e6b88a72354f338a59c945582d699eae640cdd,2026-10-02T12:15:31+00:00,press/pressroom.lexus.com/2015-lexus-gx-product-specs.html.gz,ok,download_links=1
lexus,lexus/es,2014,press_post_page,2014 Lexus ES 350 Product Information,https://pressroom.lexus.com/2014-lexus-es-350-product-specs/,200,90454,b722496f7f9e39585353ee0d8faff7fb9fcccaa661edcf7f881f049d3a2360c8,2026-10-02T12:15:43+00:00,press/pressroom.lexus.com/2014-lexus-es-350-product-specs.html.gz,ok,download_links=1
lexus,lexus/rx,2014,press_post_page,2014 Lexus RX 350 Product Information,https://pressroom.lexus.com/2014-lexus-rx-product-specs/,200,91459,ce32e39b2bfee2fefaadfaa2ad44e9431be893de4d0389245b7c73f8825807d4,2026-10-02T12:15:54+00:00,press/pressroom.lexus.com/2014-lexus-rx-product-specs.html.gz,ok,download_links=1
lexus,lexus/rx,2014,press_post_page,2014 Lexus RX 450h Product Information,https://pressroom.lexus.com/2014-lexus-rx-450h-product-specs/,200,91709,612e47726803eae66b8a8a17ad6fdd2ebf0a8b4ca75cdd196e6d8333becbe23f,2026-10-02T12:16:06+00:00,press/pressroom.lexus.com/2014-lexus-rx-450h-product-specs.html.gz,ok,download_links=1
lexus,lexus/es,2014,press_post_page,2014 Lexus ES 300h Product Information,https://pressroom.lexus.com/2014-lexus-es-hybrid-product-specs/,200,91213,f8bd9cfa0ef1d87acc04fa4f5ddebe9ea075594e1eb99e400dc106179b2e68ec,2026-10-02T12:16:17+00:00,press/pressroom.lexus.com/2014-lexus-es-hybrid-product-specs.html.gz,ok,download_links=1
lexus,lexus/gx,2014,press_post_page,2014 Lexus GX 460 Product Information,https://pressroom.lexus.com/2014-lexus-gx-460-product-specs/,200,91622,d295a13e64202c44a113d88971e0e37307b2fc490035075330d8e0e16fee5b81,2026-10-02T12:16:30+00:00,press/pressroom.lexus.com/2014-lexus-gx-460-product-specs.html.gz,ok,download_links=1
lexus,lexus/nx,2017,press_post_page,2017 Lexus NX 200t Product Information,https://pressroom.lexus.com/2017-lexus-nx-200t-product-specs/,200,96465,70fbbb64b459e4e4caa7dd7a6f3b4588194e3c6686c38c500d57133b64b5aa8d,2026-10-02T12:16:44+00:00,press/pressroom.lexus.com/2017-lexus-nx-200t-product-specs.html.gz,ok,download_links=1
lexus,lexus/nx,2017,press_post_page,2017 Lexus NX 300h Product Information,https://pressroom.lexus.com/2017-lexus-nx-hybrid-product-specs/,200,92493,9e84147e79b68c1bdc3852f74b924f111c1b5cbd44cc41e9d647dd0a8fa3186d,2026-10-02T12:16:57+00:00,press/pressroom.lexus.com/2017-lexus-nx-hybrid-product-specs.html.gz,ok,download_links=1
lexus,lexus/gx,2017,press_post_page,2017 Lexus GX 460 Product Information,https://pressroom.lexus.com/2017-lexus-gx-460-product-specifications/,200,93901,a690e20b854a997b1e6ffd0a7aeeee222fb733cdeb9ecdb3e895be56f7ae7bde,2026-10-02T12:17:08+00:00,press/pressroom.lexus.com/2017-lexus-gx-460-product-specifications.html.gz,ok,download_links=1
lexus,lexus/rx,2017,press_post_page,2017 Lexus RX 450h Product Information,https://pressroom.lexus.com/2017-lexus-rx-450h-product-specifications/,200,96769,35db50b4409bcd1976a148b702ec70e0683422ab618f7566b32f4ac70629074e,2026-10-02T12:17:21+00:00,press/pressroom.lexus.com/2017-lexus-rx-450h-product-specifications.html.gz,ok,download_links=1
lexus,lexus/es,2016,press_post_page,2016 Lexus ES 350 Product Information,https://pressroom.lexus.com/2016-lexus-es-350-product-specs/,200,94160,3800d8890e06554b22371d9adafdae084c6eea964d38fad614441f3ea1258d11,2026-10-02T12:17:33+00:00,press/pressroom.lexus.com/2016-lexus-es-350-product-specs.html.gz,ok,download_links=1
lexus,lexus/es,2016,press_post_page,2016 Lexus ES 300h Product Information,https://pressroom.lexus.com/2016-lexus-es-300h-product-specs/,200,93592,2ceee38294fa4df1703540745e3c1ae7472709938451a7e48dfba9a0d42e3e9d,2026-10-02T12:17:47+00:00,press/pressroom.lexus.com/2016-lexus-es-300h-product-specs.html.gz,ok,download_links=1
lexus,lexus/es,2015,press_post_page,2015 Lexus ES 350 Product Information,https://pressroom.lexus.com/2015-lexus-es-350-product-specs/,200,92322,781602ef335f94c880db5545850079dd84a1f39b96074c79d9972000a606fbe5,2026-10-02T12:18:00+00:00,press/pressroom.lexus.com/2015-lexus-es-350-product-specs.html.gz,ok,download_links=1
lexus,lexus/rx,2015,press_post_page,2015 Lexus RX 450h Product Information,https://pressroom.lexus.com/2015-lexus-rx-hybrid-product-specs/,200,91335,cedfd5f403b0ad1b6072f139f1629935b8c2c58f4257d5562a61dcc4e6be0972,2026-10-02T12:18:14+00:00,press/pressroom.lexus.com/2015-lexus-rx-hybrid-product-specs.html.gz,ok,download_links=1
lexus,lexus/rx,2015,press_post_page,2015 Lexus RX 350 Product Information,https://pressroom.lexus.com/2015-lexus-rx-product-specs/,200,91644,55722e8b80dddc35016b3d7acae1e5671a1cfe792d46bbaa00f5a90c5c80c4df,2026-10-02T12:18:26+00:00,press/pressroom.lexus.com/2015-lexus-rx-product-specs.html.gz,ok,download_links=1
lexus,lexus/nx,2015,press_post_page,2015 Lexus NX 200t Product Information,https://pressroom.lexus.com/2015-lexus-nx-200t-product-specs/,200,90756,62cb6fb9fe2ffa2e3c3edb182bd19e5d9863edbbe441e3eb641730e34ed2ebc7,2026-10-02T12:18:39+00:00,press/pressroom.lexus.com/2015-lexus-nx-200t-product-specs.html.gz,ok,download_links=1
lexus,lexus/es,2015,press_post_page,2015 Lexus ES 300h Product Information,https://pressroom.lexus.com/2015-lexus-es-300h-product-specs/,200,91270,6e3304072a7a3cff5eca2e8d87d6258df8d30e2a39f18f8d09f0e4c5f8366b7e,2026-10-02T12:18:53+00:00,press/pressroom.lexus.com/2015-lexus-es-300h-product-specs.html.gz,ok,download_links=1
lexus,lexus/nx,2020,press_post_page,2020 Lexus NX Product Specs,https://pressroom.lexus.com/2020-lexus-nx-product-specs/,200,90730,39c44140286c02776f06e258ce60525ae8ee783cf47e3d9a5c5312b4a8c21ee7,2026-10-02T12:19:05+00:00,press/pressroom.lexus.com/2020-lexus-nx-product-specs.html.gz,ok,download_links=1
lexus,,,press_post_page,BLACK LINE SPECIAL EDITION SERIES GOES BRONZE FOR THE 2020 LEXUS NX 300,https://pressroom.lexus.com/black-line-special-edition-series-goes-bronze-for-the-2020-lexus-nx-300/,200,135773,bd22192bdf8646e132155f28bf9e5b7f4810fe6a21565d835ba5efbd879aef41,2026-10-02T12:19:17+00:00,press/pressroom.lexus.com/black-line-special-edition-series-goes-bronze-for-the-2020-lexus-nx-300.html.gz,ok,title is not a spec post of a target line/year
lexus,,,press_post_page,El más reciente y espectacular Lexus GX 460 2020 ahora viene con Lexus Safety System+ de manera estándar y ofrece un paquete todoterreno totalmente nuevo de manera opcional,https://pressroom.lexus.com/el-mas-reciente-y-espectacular-lexus-gx-460-2020-ahora-viene-con-lexus-safety-system-de-manera-estandar-y-ofrece-un-paquete-todoterreno-totalmente-nuevo-de-manera-opcional/,200,106675,b37827ae9b8b966a362560eb8101449b4b7e8c64948742f16d141f60b825140b,2026-10-02T12:19:28+00:00,press/pressroom.lexus.com/el-mas-reciente-y-espectacular-lexus-gx-460-2020-ahora-viene-con-lexus-safety-system-de-manera-estandar-y-ofrece-un-paquete-todoterreno-totalmente-nue.html.gz,ok,title is not a spec post of a target line/year
lexus,lexus/rx,2018,press_post_page,2018 Lexus RX 450hL AWD Product Information,https://pressroom.lexus.com/2018-lexus-rx-450hl-awd-product-info-sheet/,200,90745,6cf5d13371f363f517e5620117010f8cb6b9183d98182c3270f0e36b7705eef2,2026-10-02T12:19:41+00:00,press/pressroom.lexus.com/2018-lexus-rx-450hl-awd-product-info-sheet.html.gz,ok,download_links=1
lexus,lexus/rx,2018,press_post_page,2018 RX 350L Product Information,https://pressroom.lexus.com/2018-rx-350l-product-info/,200,89923,c2fb43a11c62fa9d3ff5efb80c11a23e174b1db3fa99b6ad7339ee54658eef32,2026-10-02T12:19:53+00:00,press/pressroom.lexus.com/2018-rx-350l-product-info.html.gz,ok,download_links=1
lexus,lexus/nx,2015,press_post_page,2015 Lexus NX 300h Product Information,https://pressroom.lexus.com/2015-lexus-nx-300h-product-specs/,200,91646,5992c4e449a54a8455f994d75c546f2d1a374e768b9ddb6e9277167f55042755,2026-10-02T12:20:06+00:00,press/pressroom.lexus.com/2015-lexus-nx-300h-product-specs.html.gz,ok,download_links=1
lexus,,,press_post_page,2023 Lexus GX 460; Black Line Special Edition,https://pressroom.lexus.com/2023-lexus-gx-460-black-line-special-edition/,200,120606,6a471fb1e47ffe8e4a4ff974372f08fcbd39379799b43aa00f25d0a80d97f78c,2026-10-02T12:20:19+00:00,press/pressroom.lexus.com/2023-lexus-gx-460-black-line-special-edition.html.gz,ok,title is not a spec post of a target line/year
lexus,,,press_post_page,"2022 LEXUS GX, GX BLACK LINE SPECIAL EDITION",https://pressroom.lexus.com/2022-lexus-gx-gx-black-line-special-edition/,200,116476,90aeb457ce0e51eb233b9939ae084c38e5b3b13172df700a1529d9fafb7c4f2d,2026-10-02T12:20:31+00:00,press/pressroom.lexus.com/2022-lexus-gx-gx-black-line-special-edition.html.gz,ok,title is not a spec post of a target line/year
lexus,,,press_post_page,BACK IN BLACK: LEXUS ES BLACK LINE SPECIAL EDITION RETURNS FOR 2025,https://pressroom.lexus.com/back-in-black-lexus-es-black-line-special-edition-returns-for-2025/,200,199798,bf56c54fb16bb3c8afc2b91ec45a2ad8d28a4aa93b0f5bbad2097c0579a614b1,2026-10-02T12:20:44+00:00,press/pressroom.lexus.com/back-in-black-lexus-es-black-line-special-edition-returns-for-2025.html.gz,ok,title is not a spec post of a target line/year
lexus,lexus/es,2019,press_specifications,2019 Lexus ES,https://lexus-cms-media.s3.us-east-2.amazonaws.com/wp-content/uploads/2019/06/2019_Lexus_ES_350_Specifications.pdf,200,56866,cb5f82d0d7f6f44958b1660b1ccf559cede6fdba38a8863220ccb9ac0220c338,2026-10-02T12:20:47+00:00,press/pressroom.lexus.com/pdf/wp-content__uploads__2019__06__2019_Lexus_ES_350_Specifications.pdf,ok,page_url=https://pressroom.lexus.com/vehicle/2019-lexus-es/; link_text=Download PDF; via=vehicle; pdf_pages=3; text_chars=2824
lexus,lexus/es,2019,press_specifications,2019 Lexus ES Hybrid,https://lexus-cms-media.s3.us-east-2.amazonaws.com/wp-content/uploads/2019/06/2019-Lexus-ES-300h-Specifications.pdf,200,154529,93024fdb9a1735ab5fa7a20d2120d2477f7e7062cfcc4c0aa366ff948fe4588c,2026-10-02T12:20:55+00:00,press/pressroom.lexus.com/pdf/wp-content__uploads__2019__06__2019-Lexus-ES-300h-Specifications.pdf,ok,page_url=https://pressroom.lexus.com/vehicle/2019-lexus-es-hybrid/; link_text=Download PDF; via=vehicle; pdf_pages=3; text_chars=2787
lexus,lexus/gx,2019,press_specifications,2019 Lexus GX,https://lexus-cms-media.s3.us-east-2.amazonaws.com/wp-content/uploads/2019/06/2019lexusgx460presskit.pdf,200,80190,c2e08dfd5d3b7518f01bda594f4c112d36f0d7bf63075454c1bddfbb75760bf4,2026-10-02T12:20:59+00:00,press/pressroom.lexus.com/pdf/wp-content__uploads__2019__06__2019lexusgx460presskit.pdf,ok,page_url=https://pressroom.lexus.com/vehicle/2019-lexus-gx/; link_text=Download PDF; via=vehicle; pdf_pages=5; text_chars=12756
lexus,lexus/es,2020,press_specifications,2020 Lexus ES,https://lexus-cms-media.s3.us-east-2.amazonaws.com/wp-content/uploads/2019/11/2020-Lexus-ES-350-Specifications.pdf,200,55117,15579eb640846727c51fc81bf083767e129726d54536893cf28670c4076b86f8,2026-10-02T12:21:04+00:00,press/pressroom.lexus.com/pdf/wp-content__uploads__2019__11__2020-Lexus-ES-350-Specifications.pdf,ok,page_url=https://pressroom.lexus.com/vehicle/2020-lexus-es/; link_text=Download PDF; via=vehicle; pdf_pages=3; text_chars=2918
lexus,lexus/es,2020,press_specifications,2020 Lexus ES Hybrid,https://lexus-cms-media.s3.us-east-2.amazonaws.com/wp-content/uploads/2019/11/2020-Lexus-ES-300h-Specifications.pdf,200,55079,b51f53806aa494f8223d6060cc99aeb97b63c3bf6d72fe8c0482da88f60e0664,2026-10-02T12:21:08+00:00,press/pressroom.lexus.com/pdf/wp-content__uploads__2019__11__2020-Lexus-ES-300h-Specifications.pdf,ok,page_url=https://pressroom.lexus.com/vehicle/2020-lexus-es-hybrid/; link_text=Download PDF; via=vehicle; pdf_pages=3; text_chars=2786
lexus,lexus/gx,2020,press_specifications,2020 Lexus GX,https://lexus-cms-media.s3.us-east-2.amazonaws.com/wp-content/uploads/2019/10/2020-Lexus-GX-460-Specification-Sheet.pdf,200,78945,5473b1b959248499f4e6cf7b9ca87ab0c5844fee5296013e131b870c4358581d,2026-10-02T12:21:13+00:00,press/pressroom.lexus.com/pdf/wp-content__uploads__2019__10__2020-Lexus-GX-460-Specification-Sheet.pdf,ok,page_url=https://pressroom.lexus.com/vehicle/2020-lexus-gx/; link_text=Download PDF; via=vehicle; pdf_pages=3; text_chars=3322
lexus,lexus/nx,2020,press_specifications,2020 Lexus NX,https://lexus-cms-media.s3.us-east-2.amazonaws.com/wp-content/uploads/2019/10/2020-Lexus-NX-Product-Specs-FINAL.pdf,200,143940,7a52690ff5ff83c51c126b9d391d906ba39a7e1001656db85b1a1436f9f62b19,2026-10-02T12:21:20+00:00,press/pressroom.lexus.com/pdf/wp-content__uploads__2019__10__2020-Lexus-NX-Product-Specs-FINAL.pdf,ok,page_url=https://pressroom.lexus.com/vehicle/2020-lexus-nx/; link_text=Download PDF; via=vehicle; also_linked_from=https://pressroom.lexus.com/vehicle/2020-lexus-nx-hybrid/; pdf_pages=6; text_chars=6271
lexus,lexus/rx,2020,press_specifications,2020 Lexus RX,https://lexus-cms-media.s3.us-east-2.amazonaws.com/wp-content/uploads/2019/07/2020-Lexus-RX-RX-350-Specifications-FINAL.pdf,200,78928,6092356b6b29c11980fe231d1d8d96f7b015ee7d91349b74f05b08d52a7c2a0b,2026-10-02T12:21:24+00:00,press/pressroom.lexus.com/pdf/wp-content__uploads__2019__07__2020-Lexus-RX-RX-350-Specifications-FINAL.pdf,ok,page_url=https://pressroom.lexus.com/vehicle/2020-lexus-rx/; link_text=Download PDF; via=vehicle; pdf_pages=3; text_chars=2802
lexus,lexus/rx,2020,press_specifications,2020 Lexus RX 350L,https://lexus-cms-media.s3.us-east-2.amazonaws.com/wp-content/uploads/2019/08/2020-Lexus-RX-RX-350L-Specifications-FINAL.pdf,200,63179,7e47e46811ded82ebf7f2cbf2cc51da954ee7596651dfe8a6fa83b1ea5f4b31b,2026-10-02T12:21:29+00:00,press/pressroom.lexus.com/pdf/wp-content__uploads__2019__08__2020-Lexus-RX-RX-350L-Specifications-FINAL.pdf,ok,page_url=https://pressroom.lexus.com/vehicle/2020-lexus-rx-350l/; link_text=Download PDF; via=vehicle; pdf_pages=3; text_chars=3355
lexus,lexus/rx,2020,press_specifications,2020 Lexus RX 450hL,https://lexus-cms-media.s3.us-east-2.amazonaws.com/wp-content/uploads/2019/08/2020-Lexus-RX-RX-450hL-Specifications-FINAL.pdf,200,66003,ee66ea7a3e2b0377fd1343f177671d417345821d7d2f3593afc60dab385e05d2,2026-10-02T12:21:33+00:00,press/pressroom.lexus.com/pdf/wp-content__uploads__2019__08__2020-Lexus-RX-RX-450hL-Specifications-FINAL.pdf,ok,page_url=https://pressroom.lexus.com/vehicle/2020-lexus-rx-450hl/; link_text=Download PDF; via=vehicle; pdf_pages=3; text_chars=3873
lexus,lexus/es,2021,press_specifications,2021 Lexus ES AWD,https://lexus-cms-media.s3.us-east-2.amazonaws.com/wp-content/uploads/2020/08/2021-Lexus-ES-250-AWD-Specifications-FINAL.pdf,200,357091,606c99445bdad553533783f508a5a32e9752fdad87232eab8b88f2caf6e8687b,2026-10-02T12:21:37+00:00,press/pressroom.lexus.com/pdf/wp-content__uploads__2020__08__2021-Lexus-ES-250-AWD-Specifications-FINAL.pdf,ok,page_url=https://pressroom.lexus.com/vehicle/2021-lexus-es-awd/; link_text=Download PDF; via=vehicle; pdf_pages=9; text_chars=11855
lexus,lexus/nx,2019,press_specifications,2019 Lexus NX,https://lexus-cms-media.s3.us-east-2.amazonaws.com/wp-content/uploads/2019/06/2019-Lexus-NX-Product-Specifications.pdf,200,446952,0d4a6ae11e0a328c4eaf517820be9b09fd0e851bd22763d64a4646b34d4447d9,2026-10-02T12:21:45+00:00,press/pressroom.lexus.com/pdf/wp-content__uploads__2019__06__2019-Lexus-NX-Product-Specifications.pdf,ok,page_url=https://pressroom.lexus.com/vehicle/2019-lexus-nx/; link_text=Download PDF; via=vehicle; pdf_pages=6; text_chars=6407
lexus,lexus/nx,2019,press_specifications,2019 Lexus NX Hybrid,https://lexus-cms-media.s3.us-east-2.amazonaws.com/wp-content/uploads/2019/06/2019-Lexus-NX-300h-Product-Specifications.pdf,200,78991,f7b4c0a203857657189ca1c6c3cde466a77aa4d548795e18dfac4c9ec3e4ac06,2026-10-02T12:21:52+00:00,press/pressroom.lexus.com/pdf/wp-content__uploads__2019__06__2019-Lexus-NX-300h-Product-Specifications.pdf,ok,page_url=https://pressroom.lexus.com/vehicle/2019-lexus-nx-hybrid/; link_text=Download PDF; via=vehicle; pdf_pages=3; text_chars=3266
lexus,lexus/rx,2019,press_specifications,2019 Lexus RX,https://lexus-cms-media.s3.us-east-2.amazonaws.com/wp-content/uploads/2019/06/FINAL-2019-RX-350L-Product-Info-Sheet.pdf,200,58608,38a6fb49b1a0b5fd2d605c20c31ffca4daf5b37f4251762cef764ede7ca1762c,2026-10-02T12:21:55+00:00,press/pressroom.lexus.com/pdf/wp-content__uploads__2019__06__FINAL-2019-RX-350L-Product-Info-Sheet.pdf,ok,page_url=https://pressroom.lexus.com/vehicle/2019-lexus-rx/; link_text=Download PDF; via=vehicle; pdf_pages=3; text_chars=3440
lexus,lexus/rx,2019,press_specifications,2019 Lexus RX Hybrid,https://lexus-cms-media.s3.us-east-2.amazonaws.com/wp-content/uploads/2019/06/FINAL-2019-RX-450hL-AWD-Product-Info-Sheet.pdf,200,60403,86cc6501a8af43f12abd67bbccf5eb4393edc2916a2728b882497b0438cd6597,2026-10-02T12:22:00+00:00,press/pressroom.lexus.com/pdf/wp-content__uploads__2019__06__FINAL-2019-RX-450hL-AWD-Product-Info-Sheet.pdf,ok,page_url=https://pressroom.lexus.com/vehicle/2019-lexus-rx-hybrid/; link_text=Download PDF; via=vehicle; pdf_pages=3; text_chars=3830
lexus,lexus/rx,2021,press_specifications,2021 Lexus RX 350 F Sport,https://lexus-cms-media.s3.us-east-2.amazonaws.com/wp-content/uploads/2020/08/2021-Lexus-RX-350-Specifications-FINAL.pdf,200,146520,341ddde1fb2d1a9ec3281ab8a6409e36b807627c1b939d2a2eef7d6cb9fa9aef,2026-10-02T12:22:04+00:00,press/pressroom.lexus.com/pdf/wp-content__uploads__2020__08__2021-Lexus-RX-350-Specifications-FINAL.pdf,ok,page_url=https://pressroom.lexus.com/vehicle/2021-lexus-rx-350-f-sport/; link_text=Download PDF; via=vehicle; also_linked_from=https://pressroom.lexus.com/vehicle/2021-lexus-rx/; pdf_pages=9; text_chars=12648
lexus,lexus/rx,2021,press_specifications,2021 Lexus RX 350L,https://lexus-cms-media.s3.us-east-2.amazonaws.com/wp-content/uploads/2020/07/2021-Lexus-RX-350L-Specifications.pdf,200,74130,8f65d05df5c4678ca8203b7b82e23d31ff96ee62a4a32929c416d3164602b277,2026-10-02T12:22:09+00:00,press/pressroom.lexus.com/pdf/wp-content__uploads__2020__07__2021-Lexus-RX-350L-Specifications.pdf,ok,page_url=https://pressroom.lexus.com/vehicle/2021-lexus-rx-350l/; link_text=Download PDF; via=vehicle; pdf_pages=4; text_chars=3452
lexus,lexus/rx,2021,press_specifications,2021 Lexus RX 450h F SPORT,https://lexus-cms-media.s3.us-east-2.amazonaws.com/wp-content/uploads/2020/08/2021-Lexus-RX-450h-Specifications-FINAL.pdf,200,128408,3530be72cde661b0eafcc99dff9a2a42b84d46020e28c5b406b5259fcebd9a31,2026-10-02T12:22:16+00:00,press/pressroom.lexus.com/pdf/wp-content__uploads__2020__08__2021-Lexus-RX-450h-Specifications-FINAL.pdf,ok,page_url=https://pressroom.lexus.com/vehicle/2021-lexus-rx-450h-f-sport/; link_text=Download PDF; via=vehicle; also_linked_from=https://pressroom.lexus.com/vehicle/2021-lexus-rx-450h/; pdf_pages=9; text_chars=13697
lexus,lexus/rx,2021,press_specifications,2021 Lexus RX 450hL,https://lexus-cms-media.s3.us-east-2.amazonaws.com/wp-content/uploads/2020/07/2021-Lexus-RX-450L-Specifications.pdf,200,77046,eed478db94a28d35fc7486a36d2fb5a27ead475b294ffb81d4821d34124e825b,2026-10-02T12:22:21+00:00,press/pressroom.lexus.com/pdf/wp-content__uploads__2020__07__2021-Lexus-RX-450L-Specifications.pdf,ok,page_url=https://pressroom.lexus.com/vehicle/2021-lexus-rx-450hl/; link_text=Download PDF; via=vehicle; pdf_pages=4; text_chars=3922
lexus,lexus/es,2021,press_specifications,2021 Lexus ES,https://lexus-cms-media.s3.us-east-2.amazonaws.com/wp-content/uploads/2020/08/2021-Lexus-ES-350-Specifications-FINAL.pdf,200,86310,01bc7c9d7022e08256d2f15f1907cfb5a347f729c070a5114fc2aa6cf410367d,2026-10-02T12:22:27+00:00,press/pressroom.lexus.com/pdf/wp-content__uploads__2020__08__2021-Lexus-ES-350-Specifications-FINAL.pdf,ok,page_url=https://pressroom.lexus.com/vehicle/2021-lexus-es/; link_text=Download PDF; via=vehicle; pdf_pages=8; text_chars=11739
lexus,lexus/gx,2021,press_specifications,2021 Lexus GX,https://lexus-cms-media.s3.us-east-2.amazonaws.com/wp-content/uploads/2020/08/2021-Lexus-GX-460-Specification-Sheet.pdf,200,76801,380819768d2d710c45d5d0ab7a3098c6a6dfccfb959d322ecd10d04751555bbf,2026-10-02T12:22:34+00:00,press/pressroom.lexus.com/pdf/wp-content__uploads__2020__08__2021-Lexus-GX-460-Specification-Sheet.pdf,ok,page_url=https://pressroom.lexus.com/vehicle/2021-lexus-gx/; link_text=Download PDF; via=vehicle; pdf_pages=3; text_chars=3322
lexus,lexus/es,2021,press_specifications,2021 Lexus ES Hybrid,https://lexus-cms-media.s3.us-east-2.amazonaws.com/wp-content/uploads/2020/08/2021-Lexus-ES-300h-Specifications-FINAL.pdf,200,85023,dfa1e5c8f2e0219dba699273ea77dcc875385d7fb9b68df937718c0551033fb2,2026-10-02T12:22:38+00:00,press/pressroom.lexus.com/pdf/wp-content__uploads__2020__08__2021-Lexus-ES-300h-Specifications-FINAL.pdf,ok,page_url=https://pressroom.lexus.com/vehicle/2021-lexus-es-hybrid/; link_text=Download PDF; via=vehicle; pdf_pages=7; text_chars=10904
lexus,lexus/nx,2021,press_specifications,2021 Lexus NX Hybrid,https://lexus-cms-media.s3.us-east-2.amazonaws.com/wp-content/uploads/2020/07/2021-Lexus-NX-300h-Product-Specs-FINAL.pdf,200,79255,db24c6ee6047ff484b9c6dbdb32ea0a3d4b82f7499f3dea4eae5258db9109fea,2026-10-02T12:22:42+00:00,press/pressroom.lexus.com/pdf/wp-content__uploads__2020__07__2021-Lexus-NX-300h-Product-Specs-FINAL.pdf,ok,page_url=https://pressroom.lexus.com/vehicle/2021-lexus-nx-hybrid/; link_text=Download PDF; via=vehicle; pdf_pages=3; text_chars=3145
lexus,lexus/nx,2021,press_specifications,2021 Lexus NX,https://lexus-cms-media.s3.us-east-2.amazonaws.com/wp-content/uploads/2020/07/2021-Lexus-NX-300-Product-Specs-FINAL.pdf,200,110049,637577e216e9f589fc315ff3d2cac9c452b868c6c7911760cc73a219b5d1c93a,2026-10-02T12:22:46+00:00,press/pressroom.lexus.com/pdf/wp-content__uploads__2020__07__2021-Lexus-NX-300-Product-Specs-FINAL.pdf,ok,page_url=https://pressroom.lexus.com/vehicle/2021-lexus-nx/; link_text=Download PDF; via=vehicle; pdf_pages=3; text_chars=2997
lexus,lexus/nx,2022,press_specifications,2022 Lexus NX 350,https://lexus-cms-media.s3.us-east-2.amazonaws.com/wp-content/uploads/2021/06/2022-Lexus-NX-350-Product-Spec-Sheet.pdf,200,116484,d2138a5a912943196149c7219cb00dc33e7d3cfb62d0f0a961b75c08d52f6397,2026-10-02T12:22:53+00:00,press/pressroom.lexus.com/pdf/wp-content__uploads__2021__06__2022-Lexus-NX-350-Product-Spec-Sheet.pdf,ok,page_url=https://pressroom.lexus.com/vehicle/2022-lexus-nx-350/; link_text=Download PDF; via=vehicle; pdf_pages=3; text_chars=2807
lexus,lexus/nx,2022,press_specifications,2022 Lexus NX 350H,https://lexus-cms-media.s3.us-east-2.amazonaws.com/wp-content/uploads/2021/06/2022-Lexus-NX-350h-Product-Spec-Sheet.pdf,200,86060,dd6ab453641e0a536466ec8134145a57e2fe6aa7b4e9881d53b6151933973dc3,2026-10-02T12:22:57+00:00,press/pressroom.lexus.com/pdf/wp-content__uploads__2021__06__2022-Lexus-NX-350h-Product-Spec-Sheet.pdf,ok,page_url=https://pressroom.lexus.com/vehicle/2022-lexus-nx-350h/; link_text=Download PDF; via=vehicle; pdf_pages=3; text_chars=3129
lexus,lexus/nx,2022,press_specifications,2022 Lexus NX 450H+,https://lexus-cms-media.s3.us-east-2.amazonaws.com/wp-content/uploads/2021/06/2022-Lexus-NX-450h-Product-Spec-Sheet.pdf,200,86019,677d29ebe0a23821d4e5139d80aec73fea1070d241522d203d7ec218d17ff05a,2026-10-02T12:23:01+00:00,press/pressroom.lexus.com/pdf/wp-content__uploads__2021__06__2022-Lexus-NX-450h-Product-Spec-Sheet.pdf,ok,page_url=https://pressroom.lexus.com/vehicle/2022-lexus-nx-450h/; link_text=Download PDF; via=vehicle; pdf_pages=3; text_chars=3064
lexus,lexus/nx,2022,press_specifications,2022 Lexus NX 250,https://lexus-cms-media.s3.us-east-2.amazonaws.com/wp-content/uploads/2021/06/2022-Lexus-NX-250-Product-Spec-Sheet.pdf,200,117174,e9f0a4d8dee36ca89ccbee31fd5fe96b62550557413766e74460b25a995bd3df,2026-10-02T12:23:06+00:00,press/pressroom.lexus.com/pdf/wp-content__uploads__2021__06__2022-Lexus-NX-250-Product-Spec-Sheet.pdf,ok,page_url=https://pressroom.lexus.com/vehicle/2022-lexus-nx-250/; link_text=Download PDF; via=vehicle; pdf_pages=3; text_chars=2904
lexus,lexus/es,2022,press_specifications,2022 Lexus ES,https://lexus-cms-media.s3.us-east-2.amazonaws.com/wp-content/uploads/2021/04/2022-Lexus-ES-350-Specifications_FINAL.pdf,200,143282,56a1722ed3e78c25f9f84a07d00b2cbd013579b2cd419aa92abfc0d115627e50,2026-10-02T12:23:10+00:00,press/pressroom.lexus.com/pdf/wp-content__uploads__2021__04__2022-Lexus-ES-350-Specifications_FINAL.pdf,ok,page_url=https://pressroom.lexus.com/vehicle/2022-lexus-es/; link_text=Download PDF; via=vehicle; pdf_pages=8; text_chars=12863
lexus,lexus/es,2022,press_specifications,2022 Lexus ES Hybrid,https://lexus-cms-media.s3.us-east-2.amazonaws.com/wp-content/uploads/2021/09/2022-Lexus-ES-300h-Specifications_FINAL.pdf,200,144526,875c41615fa65e6e4782ddc5e48509db46c319d1b65eae623f756920e24c94ab,2026-10-02T12:23:14+00:00,press/pressroom.lexus.com/pdf/wp-content__uploads__2021__09__2022-Lexus-ES-300h-Specifications_FINAL.pdf,ok,page_url=https://pressroom.lexus.com/vehicle/2022-lexus-es-hybrid/; link_text=Download PDF; via=vehicle; pdf_pages=8; text_chars=12409
lexus,lexus/es,2022,press_specifications,2022 Lexus ES AWD,https://lexus-cms-media.s3.us-east-2.amazonaws.com/wp-content/uploads/2021/09/2022-Lexus-ES-250-AWD-Specifications_FINAL.pdf,200,142204,738ee8214d956fe6976bb424984a355b8a975c675509ed1d43b374c28b5ae3eb,2026-10-02T12:23:22+00:00,press/pressroom.lexus.com/pdf/wp-content__uploads__2021__09__2022-Lexus-ES-250-AWD-Specifications_FINAL.pdf,ok,page_url=https://pressroom.lexus.com/vehicle/2022-lexus-es-awd/; link_text=Download PDF; via=vehicle; pdf_pages=8; text_chars=12470
lexus,lexus/rx,2022,press_specifications,2022 Lexus RX 450hL,https://lexus-cms-media.s3.us-east-2.amazonaws.com/wp-content/uploads/2021/07/2022-Lexus-RX-450hL-Specifications.pdf,200,76524,47071e83120882a979d6aeba1c4c3455955477e6319f452f8d9bbe233301ce4c,2026-10-02T12:23:27+00:00,press/pressroom.lexus.com/pdf/wp-content__uploads__2021__07__2022-Lexus-RX-450hL-Specifications.pdf,ok,page_url=https://pressroom.lexus.com/vehicle/2022-lexus-rx-450hl/; link_text=Download PDF; via=vehicle; pdf_pages=4; text_chars=3922
lexus,lexus/rx,2022,press_specifications,2022 Lexus RX 350L,https://lexus-cms-media.s3.us-east-2.amazonaws.com/wp-content/uploads/2021/07/2022-Lexus-RX-350L-Specifications.pdf,200,75081,ebf3602b0155a47b4bbb5271888c2bb2d9da6e03679168940dd612d7f07418d0,2026-10-02T12:23:33+00:00,press/pressroom.lexus.com/pdf/wp-content__uploads__2021__07__2022-Lexus-RX-350L-Specifications.pdf,ok,page_url=https://pressroom.lexus.com/vehicle/2022-lexus-rx-350l/; link_text=Download PDF; via=vehicle; pdf_pages=4; text_chars=3452
lexus,lexus/rx,2022,press_specifications,2022 Lexus RX 350,https://lexus-cms-media.s3.us-east-2.amazonaws.com/wp-content/uploads/2021/08/8.3-2022-Lexus-RX-350-Specifications-FINAL.pdf,200,268495,07d119c094116ffc3e656b612b876041ed38787ba3387a6284a91b766843a992,2026-10-02T12:23:38+00:00,press/pressroom.lexus.com/pdf/wp-content__uploads__2021__08__8.3-2022-Lexus-RX-350-Specifications-FINAL.pdf,ok,page_url=https://pressroom.lexus.com/vehicle/2022-lexus-rx-350/; link_text=Download PDF; via=vehicle; pdf_pages=10; text_chars=12879
lexus,lexus/rx,2022,press_specifications,2022 Lexus RX 450h,https://lexus-cms-media.s3.us-east-2.amazonaws.com/wp-content/uploads/2021/08/8.3-2022-Lexus-RX-450h-Specifications-FINAL.pdf,200,256173,234e8336cf4a107ce4254c5ba8a6c2d47efbfb2bd4d9eb0c01f150950dc43c76,2026-10-02T12:23:46+00:00,press/pressroom.lexus.com/pdf/wp-content__uploads__2021__08__8.3-2022-Lexus-RX-450h-Specifications-FINAL.pdf,ok,page_url=https://pressroom.lexus.com/vehicle/2022-lexus-rx-450h/; link_text=Download PDF; via=vehicle; pdf_pages=11; text_chars=14007
lexus,lexus/rx,2023,press_specifications,2023 Lexus RX 350,https://lexus-cms-media.s3.us-east-2.amazonaws.com/wp-content/uploads/2022/05/2023-RX-Spec-Sheet_FINAL_NEWSROOM-2.pdf,200,147909,cd531784ea7c795ffcf20477c720a603ce2acaaf65ec886f60631340e799e079,2026-10-02T12:23:51+00:00,press/pressroom.lexus.com/pdf/wp-content__uploads__2022__05__2023-RX-Spec-Sheet_FINAL_NEWSROOM-2.pdf,ok,page_url=https://pressroom.lexus.com/vehicle/2023-lexus-rx-350/; link_text=Download PDF; via=vehicle; also_linked_from=https://pressroom.lexus.com/vehicle/2023-lexus-rx-350h/ https://pressroom.lexus.com/vehicle/2023-lexus-rx-450h/ https://pressroom.lexus.com/vehicle/2023-lexus-rx-500h-f-sport-performance/; pdf_pages=3; text_chars=5758
lexus,lexus/nx,2023,press_specifications,2023 LEXUS NX 450H+,https://lexus-cms-media.s3.us-east-2.amazonaws.com/wp-content/uploads/2022/09/2023-Lexus-NX-450h-Product-Spec-Sheet.pdf,200,86031,11eb879352be65da211d56e7be92c59709f8fc0e4fa3a7a259fce8f1ad7ef357,2026-10-02T12:23:56+00:00,press/pressroom.lexus.com/pdf/wp-content__uploads__2022__09__2023-Lexus-NX-450h-Product-Spec-Sheet.pdf,ok,page_url=https://pressroom.lexus.com/vehicle/2023-lexus-nx-450h/; link_text=Download PDF; via=vehicle; pdf_pages=3; text_chars=3064
lexus,lexus/nx,2023,press_specifications,2023 LEXUS NX 350,https://lexus-cms-media.s3.us-east-2.amazonaws.com/wp-content/uploads/2022/09/2023-Lexus-NX-350-Product-Spec-Sheet.pdf,200,175404,8abde1e24c313304a97df21e2d85857eedb04836aedfb7c77912962e8f848836,2026-10-02T12:23:59+00:00,press/pressroom.lexus.com/pdf/wp-content__uploads__2022__09__2023-Lexus-NX-350-Product-Spec-Sheet.pdf,ok,page_url=https://pressroom.lexus.com/vehicle/2023-lexus-nx-350/; link_text=Download PDF; via=vehicle; pdf_pages=3; text_chars=2807
lexus,lexus/nx,2023,press_specifications,2023 LEXUS NX 350H,https://lexus-cms-media.s3.us-east-2.amazonaws.com/wp-content/uploads/2022/09/2023-Lexus-NX-350h-Product-Spec-Sheet.pdf,200,86160,e3f193f683c34e80008b82ee5aa3c10fa0b7a547b62bb04743e028fa4eb4915c,2026-10-02T12:24:03+00:00,press/pressroom.lexus.com/pdf/wp-content__uploads__2022__09__2023-Lexus-NX-350h-Product-Spec-Sheet.pdf,ok,page_url=https://pressroom.lexus.com/vehicle/2023-lexus-nx-350h/; link_text=Download PDF; via=vehicle; pdf_pages=3; text_chars=3129
lexus,lexus/nx,2023,press_specifications,2023 LEXUS NX 250,https://lexus-cms-media.s3.us-east-2.amazonaws.com/wp-content/uploads/2022/09/2023-Lexus-NX-250-Product-Spec-Sheet.pdf,200,127832,fd307f14750a5d572d6bf20938a891ba68c95d4a1dae574b8ae8c52016847d4f,2026-10-02T12:24:07+00:00,press/pressroom.lexus.com/pdf/wp-content__uploads__2022__09__2023-Lexus-NX-250-Product-Spec-Sheet.pdf,ok,page_url=https://pressroom.lexus.com/vehicle/2023-lexus-nx-250/; link_text=Download PDF; via=vehicle; pdf_pages=3; text_chars=2904
lexus,lexus/es,2023,press_specifications,2023 Lexus ES,https://lexus-cms-media.s3.us-east-2.amazonaws.com/wp-content/uploads/2022/10/2023-Lexus-ES-Spec-Sheet_250-AWD_350_300h.pdf,200,168924,23a0cd878b4d2f9719af7bcbd8adb88d9376869e6f899d4384d9d6174a9c5dd0,2026-10-02T12:24:13+00:00,press/pressroom.lexus.com/pdf/wp-content__uploads__2022__10__2023-Lexus-ES-Spec-Sheet_250-AWD_350_300h.pdf,ok,page_url=https://pressroom.lexus.com/vehicle/2023-lexus-es/; link_text=Download PDF; via=vehicle; also_linked_from=https://pressroom.lexus.com/vehicle/2023-lexus-es-hybrid/ https://pressroom.lexus.com/vehicle/2023-lexus-es-awd/; pdf_pages=10; text_chars=17270
lexus,lexus/nx,2024,press_specifications,2024 LEXUS NX 250,https://lexus-cms-media.s3.us-east-2.amazonaws.com/wp-content/uploads/2023/03/2024-Lexus-NX-250-Product-Spec-Sheet.pdf,200,113262,772997c220fcda9d335e876638bef9b9d3bfb236bb0fe1ad448accfb2e3e9bdd,2026-10-02T12:24:21+00:00,press/pressroom.lexus.com/pdf/wp-content__uploads__2023__03__2024-Lexus-NX-250-Product-Spec-Sheet.pdf,ok,page_url=https://pressroom.lexus.com/vehicle/2024-lexus-nx-250/; link_text=Download PDF; via=vehicle; pdf_pages=3; text_chars=2904
lexus,lexus/nx,2024,press_specifications,2024 LEXUS NX 450H+,https://lexus-cms-media.s3.us-east-2.amazonaws.com/wp-content/uploads/2023/03/2024-Lexus-NX-450h-Product-Spec-Sheet.pdf,200,81780,c04f30b93bbd2e8aff26122c1d1bf1337909d83a25c7a9e728995aa45c941b92,2026-10-02T12:24:27+00:00,press/pressroom.lexus.com/pdf/wp-content__uploads__2023__03__2024-Lexus-NX-450h-Product-Spec-Sheet.pdf,ok,page_url=https://pressroom.lexus.com/vehicle/2024-lexus-nx-450h/; link_text=Download PDF; via=vehicle; pdf_pages=3; text_chars=3064
lexus,lexus/rx,2024,press_specifications,2024 Lexus RX 500h F SPORT PERFORMANCE,https://lexus-cms-media.s3.us-east-2.amazonaws.com/wp-content/uploads/2023/08/2024-RX-Spec-Sheet_FINAL_NEWSROOM.pdf,200,148973,a38d717a9e9ee4f38cb912c7ae5914a6f5f1e50af3e6b0b04b81d0118d5f398c,2026-10-02T12:24:32+00:00,press/pressroom.lexus.com/pdf/wp-content__uploads__2023__08__2024-RX-Spec-Sheet_FINAL_NEWSROOM.pdf,ok,page_url=https://pressroom.lexus.com/vehicle/2024-lexus-rx-500h-f-sport-performance/; link_text=Download PDF; via=vehicle; also_linked_from=https://pressroom.lexus.com/vehicle/2024-lexus-rx-350/ https://pressroom.lexus.com/vehicle/2024-lexus-rx-350h/; pdf_pages=3; text_chars=5758
lexus,lexus/es,2024,press_specifications,2024 Lexus ES,https://lexus-cms-media.s3.us-east-2.amazonaws.com/wp-content/uploads/2023/06/2024-Lexus-ES-Specifications_6.28.pdf,200,98460,b3dfc542f984ee18d625a9abc211f0a12ffcc6f9bb9972eed65312a1166a53cb,2026-10-02T12:24:37+00:00,press/pressroom.lexus.com/pdf/wp-content__uploads__2023__06__2024-Lexus-ES-Specifications_6.28.pdf,ok,page_url=https://pressroom.lexus.com/vehicle/2024-lexus-es/; link_text=Download PDF; via=vehicle; pdf_pages=3; text_chars=4295
lexus,lexus/es,2024,press_specifications,2024 LEXUS ES AWD,https://lexus-cms-media.s3.us-east-2.amazonaws.com/wp-content/uploads/2023/06/2024-Lexus-ES-Specifications_6.28-2.pdf,200,98460,b3dfc542f984ee18d625a9abc211f0a12ffcc6f9bb9972eed65312a1166a53cb,2026-10-02T12:24:41+00:00,press/pressroom.lexus.com/pdf/wp-content__uploads__2023__06__2024-Lexus-ES-Specifications_6.28-2.pdf,ok,page_url=https://pressroom.lexus.com/vehicle/2024-lexus-es-awd/; link_text=Download PDF; via=vehicle; pdf_pages=3; text_chars=4295
lexus,lexus/gx,2022,press_specifications,2022 Lexus GX,https://lexus-cms-media.s3.us-east-2.amazonaws.com/wp-content/uploads/2021/08/2022-Lexus-GX-460-Specification-Sheet.pdf,200,88788,94c61d0c4cd6736bbdb609304b00c8e77c30bab79fba7af758f114a570f409f3,2026-10-02T12:24:47+00:00,press/pressroom.lexus.com/pdf/wp-content__uploads__2021__08__2022-Lexus-GX-460-Specification-Sheet.pdf,ok,page_url=https://pressroom.lexus.com/vehicle/2022-lexus-gx/; link_text=Download PDF; via=vehicle; pdf_pages=3; text_chars=3316
lexus,lexus/es,2025,press_specifications,2025 Lexus ES,https://lexus-cms-media.s3.us-east-2.amazonaws.com/wp-content/uploads/2024/06/2025-Lexus-ES-Specifications_6.26.pdf,200,189435,fe7da0fdd16e26aa43d1908519278b4cfeb0e988855f5d189bffdd507c2863ea,2026-10-02T12:24:54+00:00,press/pressroom.lexus.com/pdf/wp-content__uploads__2024__06__2025-Lexus-ES-Specifications_6.26.pdf,ok,page_url=https://pressroom.lexus.com/vehicle/2025-lexus-es/; link_text=Download PDF; via=vehicle; also_linked_from=https://pressroom.lexus.com/vehicle/2025-lexus-es-hybrid/; pdf_pages=7; text_chars=10104
lexus,lexus/rx,2025,press_specifications,2025 LEXUS RX,https://lexus-cms-media.s3.us-east-2.amazonaws.com/wp-content/uploads/2024/10/2025-RX-Spec-Sheet-10.14.pdf,200,1564006,77d00ab4e92e151d862fc0b686121cc5db30fff1cac7896a5bd6249fbca3506b,2026-10-02T12:24:59+00:00,press/pressroom.lexus.com/pdf/wp-content__uploads__2024__10__2025-RX-Spec-Sheet-10.14.pdf,ok,page_url=https://pressroom.lexus.com/vehicle/2025-lexus-rx/; link_text=Download PDF; via=vehicle; also_linked_from=https://pressroom.lexus.com/vehicle/2025-lexus-rx-hybrid/ https://pressroom.lexus.com/vehicle/2025-lexus-rx-phev/; pdf_pages=8; text_chars=0; no_text_layer
lexus,lexus/gx,2024,press_specifications,2024 Lexus GX,https://lexus-cms-media.s3.us-east-2.amazonaws.com/wp-content/uploads/2023/06/2024_GX_Spec-Sheet_FINAL.pdf,200,260774,be03ae827633f8617f9f62c78d2d529fe82c43d751cd421092519c537bfe48c2,2026-10-02T12:25:03+00:00,press/pressroom.lexus.com/pdf/wp-content__uploads__2023__06__2024_GX_Spec-Sheet_FINAL.pdf,ok,page_url=https://pressroom.lexus.com/vehicle/2024-lexus-gx/; link_text=Download PDF; via=vehicle; pdf_pages=7; text_chars=18567
lexus,lexus/gx,2025,press_specifications,2025 LEXUS GX,https://lexus-cms-media.s3.us-east-2.amazonaws.com/wp-content/uploads/2024/12/2025_GX_Spec_Sheet_FINAL.pdf,200,253369,55f8f334c22eb89dfd51ea6a1be83f23508c60496827a0956d19087f40f64f75,2026-10-02T12:25:11+00:00,press/pressroom.lexus.com/pdf/wp-content__uploads__2024__12__2025_GX_Spec_Sheet_FINAL.pdf,ok,page_url=https://pressroom.lexus.com/vehicle/2025-lexus-gx/; link_text=Download PDF; via=vehicle; pdf_pages=7; text_chars=17892
lexus,lexus/es,2024,press_specifications,2024 LEXUS ES HYBRID,https://lexus-cms-media.s3.us-east-2.amazonaws.com/wp-content/uploads/2023/06/2024-Lexus-ES-Specifications_6.28-1.pdf,200,98460,b3dfc542f984ee18d625a9abc211f0a12ffcc6f9bb9972eed65312a1166a53cb,2026-10-02T12:25:18+00:00,press/pressroom.lexus.com/pdf/wp-content__uploads__2023__06__2024-Lexus-ES-Specifications_6.28-1.pdf,ok,page_url=https://pressroom.lexus.com/vehicle/2024-lexus-es-hybrid/; link_text=Download PDF; via=vehicle; pdf_pages=3; text_chars=4295
lexus,lexus/nx,2024,press_specifications,2024 LEXUS NX 350,https://lexus-cms-media.s3.us-east-2.amazonaws.com/wp-content/uploads/2023/03/2024-Lexus-NX-350-Product-Spec-Sheet.pdf,200,118932,d683ba6f4e7265cda29c6c33b4a20f9f9d7b4a89525d77180765eccebfa3d799,2026-10-02T12:25:25+00:00,press/pressroom.lexus.com/pdf/wp-content__uploads__2023__03__2024-Lexus-NX-350-Product-Spec-Sheet.pdf,ok,page_url=https://pressroom.lexus.com/vehicle/2024-lexus-nx-350/; link_text=Download PDF; via=vehicle; pdf_pages=3; text_chars=2807
lexus,lexus/nx,2024,press_specifications,2024 LEXUS NX 350H,https://lexus-cms-media.s3.us-east-2.amazonaws.com/wp-content/uploads/2023/03/2024-Lexus-NX-350h-Product-Spec-Sheet.pdf,200,81980,b350314fc503879839a70f0b3d95071ef8de1fac10dab46b125d04483efc6b9a,2026-10-02T12:25:29+00:00,press/pressroom.lexus.com/pdf/wp-content__uploads__2023__03__2024-Lexus-NX-350h-Product-Spec-Sheet.pdf,ok,page_url=https://pressroom.lexus.com/vehicle/2024-lexus-nx-350h/; link_text=Download PDF; via=vehicle; pdf_pages=3; text_chars=3129
lexus,lexus/rx,2024,press_specifications,2024 LEXUS RX 450H+,https://lexus-cms-media.s3.us-east-2.amazonaws.com/wp-content/uploads/2023/07/2024-RX-450h-Spec-Sheet_FINAL_NEWSROOM.pdf,200,114507,4e9943e4f95a66a273c9379eb0dce87db5759d6e31fb5ce65cad94012bfd2433,2026-10-02T12:25:35+00:00,press/pressroom.lexus.com/pdf/wp-content__uploads__2023__07__2024-RX-450h-Spec-Sheet_FINAL_NEWSROOM.pdf,ok,page_url=https://pressroom.lexus.com/vehicle/2024-lexus-rx-450h/; link_text=Download PDF; via=vehicle; pdf_pages=3; text_chars=2706
lexus,lexus/rx,2026,press_specifications,2026 Lexus RX,https://lexus-cms-media.s3.us-east-2.amazonaws.com/wp-content/uploads/2025/08/2026_RX_SpecSheet_08212025.pdf,200,1638896,34cc699d5d52898e5c85839e47348c5f8f1f3ab21c3d52e8d08152eaf11c1773,2026-10-02T12:25:41+00:00,press/pressroom.lexus.com/pdf/wp-content__uploads__2025__08__2026_RX_SpecSheet_08212025.pdf,ok,page_url=https://pressroom.lexus.com/vehicle/2026-lexus-rx/; link_text=Download PDF; via=vehicle; also_linked_from=https://pressroom.lexus.com/vehicle/2026-lexus-rx-hybrid/ https://pressroom.lexus.com/vehicle/2026-lexus-rx-plug-in-hybrid/; pdf_pages=7; text_chars=0; no_text_layer
lexus,lexus/gx,2026,press_specifications,2026 LEXUS GX,https://lexus-cms-media.s3.us-east-2.amazonaws.com/wp-content/uploads/2025/10/2026-GX-Spec-Sheet-FINAL.pdf,200,291129,2588dca78b04412c6a5593afd9c9e9b63818632ca834c0843cd02a2d25a320cc,2026-10-02T12:25:49+00:00,press/pressroom.lexus.com/pdf/wp-content__uploads__2025__10__2026-GX-Spec-Sheet-FINAL.pdf,ok,page_url=https://pressroom.lexus.com/vehicle/2026-lexus-gx/; link_text=Download PDF; via=vehicle; pdf_pages=7; text_chars=17890
lexus,lexus/es,2026,press_specifications,2026 LEXUS ES ELECTRIC,https://lexus-cms-media.s3.us-east-2.amazonaws.com/wp-content/uploads/2026/05/2026-Lexus-ES-350e-ES-500e-Specifications-5-8-26-1.pdf,200,1774928,89deea1653ea466c5f81459d66518b2a5aa2106969e5971b4202402d7cb5ede8,2026-10-02T12:25:59+00:00,press/pressroom.lexus.com/pdf/wp-content__uploads__2026__05__2026-Lexus-ES-350e-ES-500e-Specifications-5-8-26-1.pdf,ok,page_url=https://pressroom.lexus.com/vehicle/2026-lexus-es-electric/; link_text=Download PDF; via=vehicle; pdf_pages=8; text_chars=18282
lexus,lexus/es,2026,press_specifications,2026 Lexus ES,https://lexus-cms-media.s3.us-east-2.amazonaws.com/wp-content/uploads/2025/05/2026-Lexus-ES-350h-Hybrid-Specifications-5-7-26.pdf,200,1483374,019965892be62e76b4d34102b0af09564cd31f30648d50f2065d15eb61c38b46,2026-10-02T12:26:10+00:00,press/pressroom.lexus.com/pdf/wp-content__uploads__2025__05__2026-Lexus-ES-350h-Hybrid-Specifications-5-7-26.pdf,ok,page_url=https://pressroom.lexus.com/vehicle/2026-lexus-es/; link_text=Download PDF; via=vehicle; pdf_pages=7; text_chars=14617
lexus,lexus/nx,2026,press_specifications,2026 Lexus NX,https://lexus-cms-media.s3.us-east-2.amazonaws.com/wp-content/uploads/2026/10/2026_NX_ProductSpecs_100126.pdf,200,1680687,6919d9eaa9cd027ca329d775d6930555c83a576c7fc88574ed94392909ca2333,2026-10-02T12:26:21+00:00,press/pressroom.lexus.com/pdf/wp-content__uploads__2026__10__2026_NX_ProductSpecs_100126.pdf,ok,page_url=https://pressroom.lexus.com/vehicle/2026-lexus-nx/; link_text=Download PDF; via=vehicle; also_linked_from=https://pressroom.lexus.com/vehicle/2026-lexus-nx-hybrid/ https://pressroom.lexus.com/vehicle/2026-lexus-nx-phev/; pdf_pages=8; text_chars=22872
lexus,lexus/nx,2025,press_specifications,2025 LEXUS NX Hybrid,https://lexus-cms-media.s3.us-east-2.amazonaws.com/wp-content/uploads/2026/10/2025_NX_ProductSpecs_100126.pdf,200,1731667,b2f486b08fc095f358384b4c00a697ec015900b7daec6ce89b3d9ae064beb50b,2026-10-02T12:26:34+00:00,press/pressroom.lexus.com/pdf/wp-content__uploads__2026__10__2025_NX_ProductSpecs_100126.pdf,ok,page_url=https://pressroom.lexus.com/vehicle/2025-lexus-nx-hybrid/; link_text=Download PDF; via=vehicle; also_linked_from=https://pressroom.lexus.com/vehicle/2025-lexus-nx-phev/ https://pressroom.lexus.com/vehicle/2025-lexus-nx/; pdf_pages=8; text_chars=23379
lexus,lexus/es,2017,press_specifications,2017 Lexus ES 300h Product Information,https://s3.amazonaws.com/toyota-cms-media/toyota-pdfs/2017_Lexus_ES_300h_Product_ Information.pdf,200,93768,8f7de6478b1d5a0b43d33b82bb0a332563d14f0a05faa498ff752c6202d60b18,2026-10-02T12:26:49+00:00,press/pressroom.lexus.com/pdf/toyota-cms-media__toyota-pdfs__2017_Lexus_ES_300h_Product__Information.pdf,ok,page_url=https://pressroom.lexus.com/2017-lexus-es-300h-product-specifications/; link_text=Click here to Download; via=post; final_url=https://s3.amazonaws.com/toyota-cms-media/toyota-pdfs/2017_Lexus_ES_300h_Product_%20Information.pdf; pdf_pages=10; text_chars=15198
lexus,lexus/es,2017,press_specifications,2017 Lexus ES 350 Product Information,https://s3.amazonaws.com/toyota-cms-media/toyota-pdfs/2017_Lexus ES_350_Product_Information.pdf,200,167437,25ae33738f346576447d62a3b73e78758305111bbc1c1cd36a6e9708c00d2fd3,2026-10-02T12:26:57+00:00,press/pressroom.lexus.com/pdf/toyota-cms-media__toyota-pdfs__2017_Lexus_ES_350_Product_Information.pdf,ok,page_url=https://pressroom.lexus.com/2017-lexus-es-350-product-specifications/; link_text=Click here to Download; via=post; final_url=https://s3.amazonaws.com/toyota-cms-media/toyota-pdfs/2017_Lexus%20ES_350_Product_Information.pdf; pdf_pages=10; text_chars=15961
lexus,lexus/rx,2019,press_specifications,2019 Lexus RX 350 Specifications,https://s3.amazonaws.com/toyota-cms-media/toyota-pdfs/2019 Lexus RX - RX 350 Specifications.pdf,200,186702,620346fabf2209351979c46f42e23327fb3cf6454fa356235d300541cc42c838,2026-10-02T12:27:04+00:00,press/pressroom.lexus.com/pdf/toyota-cms-media__toyota-pdfs__2019_Lexus_RX_-_RX_350_Specifications.pdf,ok,page_url=https://pressroom.lexus.com/2019-lexus-rx-350-specifications/; link_text=Click here to Download; via=post; final_url=https://s3.amazonaws.com/toyota-cms-media/toyota-pdfs/2019%20Lexus%20RX%20-%20RX%20350%20Specifications.pdf; pdf_pages=3; text_chars=2815
lexus,lexus/rx,2019,press_specifications,2019 Lexus RX 450h Specifications,https://s3.amazonaws.com/toyota-cms-media/toyota-pdfs/2019 Lexus RX 450h - Specifications.pdf,200,189107,fddbf21b73d75afedeb93d1cf8af6b6efd3c553b8e309ab9dc16adb45275045c,2026-10-02T12:27:10+00:00,press/pressroom.lexus.com/pdf/toyota-cms-media__toyota-pdfs__2019_Lexus_RX_450h_-_Specifications.pdf,ok,page_url=https://pressroom.lexus.com/2019-lexus-rx-450h-specifications/; link_text=Click here to Download; via=post; final_url=https://s3.amazonaws.com/toyota-cms-media/toyota-pdfs/2019%20Lexus%20RX%20450h%20-%20Specifications.pdf; pdf_pages=3; text_chars=3783
lexus,lexus/nx,2019,press_specifications,2019 Lexus NX Product Specifications,https://s3.amazonaws.com/toyota-cms-media/toyota-pdfs/2019 Lexus NX Product Specifications.pdf,200,446952,0d4a6ae11e0a328c4eaf517820be9b09fd0e851bd22763d64a4646b34d4447d9,2026-10-02T12:27:15+00:00,press/pressroom.lexus.com/pdf/toyota-cms-media__toyota-pdfs__2019_Lexus_NX_Product_Specifications.pdf,ok,page_url=https://pressroom.lexus.com/2019-lexus-nx-product-specifications/; link_text=Click here to Download; via=post; final_url=https://s3.amazonaws.com/toyota-cms-media/toyota-pdfs/2019%20Lexus%20NX%20Product%20Specifications.pdf; pdf_pages=6; text_chars=6407
lexus,lexus/es,2019,press_specifications,2019 Lexus ES 350 Specifications,https://s3.amazonaws.com/toyota-cms-media/toyota-pdfs/2019_Lexus_ES_350_Specifications.pdf,200,56866,cb5f82d0d7f6f44958b1660b1ccf559cede6fdba38a8863220ccb9ac0220c338,2026-10-02T12:27:22+00:00,press/pressroom.lexus.com/pdf/toyota-cms-media__toyota-pdfs__2019_Lexus_ES_350_Specifications.pdf,ok,page_url=https://pressroom.lexus.com/2019-lexus-es-350-specs/; link_text=Click here to Download; via=post; pdf_pages=3; text_chars=2824
lexus,lexus/es,2019,press_specifications,2019 Lexus ES 300h Specifications,https://s3.amazonaws.com/toyota-cms-media/toyota-pdfs/2019 Lexus ES 300h Specifications.pdf,200,154529,93024fdb9a1735ab5fa7a20d2120d2477f7e7062cfcc4c0aa366ff948fe4588c,2026-10-02T12:27:25+00:00,press/pressroom.lexus.com/pdf/toyota-cms-media__toyota-pdfs__2019_Lexus_ES_300h_Specifications.pdf,ok,page_url=https://pressroom.lexus.com/2019-lexus-es-300h-product-info-sheet/; link_text=Click here to Download; via=post; final_url=https://s3.amazonaws.com/toyota-cms-media/toyota-pdfs/2019%20Lexus%20ES%20300h%20Specifications.pdf; pdf_pages=3; text_chars=2787
lexus,lexus/gx,2018,press_specifications,2018 Lexus GX Product Info,https://s3.amazonaws.com/toyota-cms-media/toyota-pdfs/2018_Lexus_GX_460_Product_Info_6462_44368.pdf,200,362577,eb724a1bbb23ecba9c7c4d14716a80172affed1a92b1f91ec36d1fbe2b496f08,2026-10-02T12:27:33+00:00,press/pressroom.lexus.com/pdf/toyota-cms-media__toyota-pdfs__2018_Lexus_GX_460_Product_Info_6462_44368.pdf,ok,page_url=https://pressroom.lexus.com/2018-lexus-gx-product-info/; link_text=Click here to Download; via=post; pdf_pages=10; text_chars=18046
lexus,lexus/rx,2018,press_specifications,2018 Lexus RX 350 Product Info Sheet,https://s3.amazonaws.com/toyota-cms-media/toyota-pdfs/2018_Lexus_RX_350_Product_Info_6388_44368.pdf,200,356292,9417f22eee2d4f992417ef76054cea60d99065da1cd532bdc68adf3da7eb5ace,2026-10-02T12:27:38+00:00,press/pressroom.lexus.com/pdf/toyota-cms-media__toyota-pdfs__2018_Lexus_RX_350_Product_Info_6388_44368.pdf,ok,page_url=https://pressroom.lexus.com/2018-lexus-rx-350-product-info-sheet/; link_text=Click here to Download; via=post; pdf_pages=11; text_chars=17671
lexus,lexus/rx,2018,press_specifications,2018 RX L 350 Product Information,https://s3.amazonaws.com/toyota-cms-media/toyota-pdfs/2018_RX_350L_Product_Info_Sheet.pdf,200,68212,8bdddf04e7413b09f85de6f79b1a98d1edd4a9e574ef381304eb58bc02157871,2026-10-02T12:27:44+00:00,press/pressroom.lexus.com/pdf/toyota-cms-media__toyota-pdfs__2018_RX_350L_Product_Info_Sheet.pdf,ok,page_url=https://pressroom.lexus.com/2018-rx-l-350-product-info-sheet/; link_text=Click here to Download; via=post; pdf_pages=3; text_chars=3616
lexus,lexus/rx,2018,press_specifications,2018 RX L 450h Product Information,https://s3.amazonaws.com/toyota-cms-media/toyota-pdfs/2018_RX_450hL_AWD_Product_Info_Sheet.pdf,200,71320,d5962412fd33d2bca8f64e9d6971b09d30f11d52299bb9b816f3e0a43e0030dc,2026-10-02T12:27:49+00:00,press/pressroom.lexus.com/pdf/toyota-cms-media__toyota-pdfs__2018_RX_450hL_AWD_Product_Info_Sheet.pdf,ok,page_url=https://pressroom.lexus.com/2018-rx-l-450h-product-info-sheet/; link_text=Click here to Download; via=post; pdf_pages=3; text_chars=4006
lexus,lexus/rx,2018,press_specifications,2018 Lexus RX 450h Product Information,https://s3.amazonaws.com/toyota-cms-media/toyota-pdfs/2018 Lexus RX 450h Product Information.pdf,200,327616,2e40fe4085a6fb82c035a2f8a89c1bba2179164a2ea7d5a327dd436c30252ef9,2026-10-02T12:27:54+00:00,press/pressroom.lexus.com/pdf/toyota-cms-media__toyota-pdfs__2018_Lexus_RX_450h_Product_Information.pdf,ok,page_url=https://pressroom.lexus.com/2018-lexus-rx-450h-product-info/; link_text=Click here to Download; via=post; final_url=https://s3.amazonaws.com/toyota-cms-media/toyota-pdfs/2018%20Lexus%20RX%20450h%20Product%20Information.pdf; pdf_pages=10; text_chars=16261
lexus,lexus/es,2018,press_specifications,2018 Lexus ES 350 Product Information Sheet,https://s3.amazonaws.com/toyota-cms-media/toyota-pdfs/2018_Lexus_ES_350_Product_Info.pdf,200,269400,1b5d333033eec9ea1f8f516d14b0785081d9d76e1ff5a842b7124cff1bb7efc8,2026-10-02T12:27:59+00:00,press/pressroom.lexus.com/pdf/toyota-cms-media__toyota-pdfs__2018_Lexus_ES_350_Product_Info.pdf,ok,page_url=https://pressroom.lexus.com/2018-lexus-es-350-product-info-sheet/; link_text=Click here to Download; via=post; pdf_pages=11; text_chars=15499
lexus,lexus/es,2018,press_specifications,2018 Lexus ES 300h Product information Sheet,https://s3.amazonaws.com/toyota-cms-media/toyota-pdfs/2018_Lexus_ES_300h_Product_Info.pdf,200,263713,f7cbd6cfac248a5667cf88836dee92e7da4e93db2b6587e0831fecf7ae384c60,2026-10-02T12:28:03+00:00,press/pressroom.lexus.com/pdf/toyota-cms-media__toyota-pdfs__2018_Lexus_ES_300h_Product_Info.pdf,ok,page_url=https://pressroom.lexus.com/2018-lexus-es-300h-product-info-sheet/; link_text=Click here to Download; via=post; pdf_pages=10; text_chars=13889
lexus,lexus/nx,2018,press_specifications,2018 Lexus NX 300h Product Information,https://s3.amazonaws.com/toyota-cms-media/toyota-pdfs/2018_Lexus_NX_300h_Product_Info_9_15_2017.PDF,200,396399,1631526e96d3f194748528aad50e021e61a39c55e8845209076eba2e7f7214b0,2026-10-02T12:28:10+00:00,press/pressroom.lexus.com/pdf/toyota-cms-media__toyota-pdfs__2018_Lexus_NX_300h_Product_Info_9_15_2017.PDF,ok,page_url=https://pressroom.lexus.com/2018-lexus-nx-300h-product-info/; link_text=Click here to Download; via=post; pdf_pages=10; text_chars=16185
lexus,lexus/gx,2016,press_specifications,2016 Lexus GX 460 Product Information,https://s3.amazonaws.com/toyota-cms-media/toyota-pdfs/2016_Lexus_GX_460_Product_Info.pdf,200,47881,a7c174fe0b1daafa94189ebe94246e4bb4e43215f00cacda570671cc30863a71,2026-10-02T12:28:15+00:00,press/pressroom.lexus.com/pdf/toyota-cms-media__toyota-pdfs__2016_Lexus_GX_460_Product_Info.pdf,ok,page_url=https://pressroom.lexus.com/2016-lexus-gx-product-specs/; link_text=Click here to Download; via=post; pdf_pages=10; text_chars=17030
lexus,lexus/rx,2016,press_specifications,2016 Lexus RX 350 Product Information,https://s3.amazonaws.com/toyota-cms-media/toyota-pdfs/2016_Lexus_RX350_Product_Info.pdf,200,50875,ef7987724b5f8a7f7dfd8fd8329383c93cf699617a6800b74b93af0d99d6ec68,2026-10-02T12:28:22+00:00,press/pressroom.lexus.com/pdf/toyota-cms-media__toyota-pdfs__2016_Lexus_RX350_Product_Info.pdf,ok,page_url=https://pressroom.lexus.com/lexus-2016-rx-350-product-specs/; link_text=Click here to Download; via=post; pdf_pages=11; text_chars=17508
lexus,lexus/rx,2016,press_specifications,2016 Lexus RX 450h Product Information,https://s3.amazonaws.com/toyota-cms-media/toyota-pdfs/Lexus_2016_RX_450h_Product_Information_FINAL.pdf,200,49659,79cda6bb1b52ca636e0552158777426503c03dde9a7043cbb23eba5c1cdb7fe1,2026-10-02T12:28:28+00:00,press/pressroom.lexus.com/pdf/toyota-cms-media__toyota-pdfs__Lexus_2016_RX_450h_Product_Information_FINAL.pdf,ok,page_url=https://pressroom.lexus.com/lexus-2016-rx-450h-product-specs/; link_text=Click here to Download; via=post; pdf_pages=10; text_chars=17180
lexus,lexus/nx,2016,press_specifications,2016 Lexus NX 200t Product Information,https://s3.amazonaws.com/toyota-cms-media/toyota-pdfs/Lexus_2016_NX_200t_Product_Information.pdf,200,96365,9100f406d0c9f30365962f94a9181ea29b07e6b1bcfa976ffcd8eef7824bc083,2026-10-02T12:28:35+00:00,press/pressroom.lexus.com/pdf/toyota-cms-media__toyota-pdfs__Lexus_2016_NX_200t_Product_Information.pdf,ok,page_url=https://pressroom.lexus.com/2016-lexus-nx-200t-product-specs/; link_text=Click here to Download; via=post; pdf_pages=10; text_chars=15850
lexus,lexus/nx,2016,press_specifications,2016 Lexus NX 300h Product Information,https://s3.amazonaws.com/toyota-cms-media/toyota-pdfs/Lexus_2016_NX_300h_Product_Information.pdf,200,95841,260ec3e90641209ecb8637f425fff5d9f2531e5448c7d8e6ed9380c3dcec752e,2026-10-02T12:28:42+00:00,press/pressroom.lexus.com/pdf/toyota-cms-media__toyota-pdfs__Lexus_2016_NX_300h_Product_Information.pdf,ok,page_url=https://pressroom.lexus.com/lexus-2016-nx-300h-product-specs/; link_text=Click here to Download; via=post; pdf_pages=10; text_chars=15471
lexus,lexus/rx,2017,press_specifications,2017 Lexus RX 350 Product Information,https://s3.amazonaws.com/toyota-cms-media/toyota-pdfs/2017_RX_350_Product_Info.pdf,200,105063,0a537dcfc989b3254e038ed4cd57f4446771797cac936b69a2864d8c268f474d,2026-10-02T12:28:48+00:00,press/pressroom.lexus.com/pdf/toyota-cms-media__toyota-pdfs__2017_RX_350_Product_Info.pdf,ok,page_url=https://pressroom.lexus.com/2017-lexus-rx-350-product-specifications/; link_text=Click here to Download; via=post; pdf_pages=11; text_chars=18112
lexus,lexus/gx,2015,press_specifications,2015 Lexus GX 460 Product Information,https://s3.amazonaws.com/toyota-cms-media/toyota-pdfs/2015_Lexus_GX_460_Product_Info.pdf,200,42731,94bccb86bc004fff69df24be410e6ec3c39757b592e3c1a0654a60fd398082c6,2026-10-02T12:28:57+00:00,press/pressroom.lexus.com/pdf/toyota-cms-media__toyota-pdfs__2015_Lexus_GX_460_Product_Info.pdf,ok,page_url=https://pressroom.lexus.com/2015-lexus-gx-product-specs/; link_text=Click here to Download; via=post; pdf_pages=9; text_chars=13633
lexus,lexus/es,2014,press_specifications,2014 Lexus ES 350 Product Information,https://s3.amazonaws.com/toyota-cms-media/toyota-pdfs/2014_Lexus_ES_350_Product_Info.pdf,200,42059,177214e2838af40c66b42974fd93b0c47443ea0cee1fc548a2ffc46420dd8859,2026-10-02T12:29:06+00:00,press/pressroom.lexus.com/pdf/toyota-cms-media__toyota-pdfs__2014_Lexus_ES_350_Product_Info.pdf,ok,page_url=https://pressroom.lexus.com/2014-lexus-es-350-product-specs/; link_text=Click here to Download; via=post; pdf_pages=9; text_chars=13404
lexus,lexus/rx,2014,press_specifications,2014 Lexus RX 350 Product Information,https://s3.amazonaws.com/toyota-cms-media/toyota-pdfs/2014_Lexus_RX_350_Product_Info.pdf,200,46570,7e942796c8600e4b1b62840a50d68ddb419590ff47221d10c837d9238758698e,2026-10-02T12:29:13+00:00,press/pressroom.lexus.com/pdf/toyota-cms-media__toyota-pdfs__2014_Lexus_RX_350_Product_Info.pdf,ok,page_url=https://pressroom.lexus.com/2014-lexus-rx-product-specs/; link_text=Click here to Download; via=post; pdf_pages=9; text_chars=14320
lexus,lexus/rx,2014,press_specifications,2014 Lexus RX 450h Product Information,https://s3.amazonaws.com/toyota-cms-media/toyota-pdfs/2014_Lexus_RX_450h_Product_Info.pdf,200,45374,31315e679d004554f246eb11174a29570a3281dd71e7c0ca3ad84c6f9a039ebf,2026-10-02T12:29:20+00:00,press/pressroom.lexus.com/pdf/toyota-cms-media__toyota-pdfs__2014_Lexus_RX_450h_Product_Info.pdf,ok,page_url=https://pressroom.lexus.com/2014-lexus-rx-450h-product-specs/; link_text=Click here to Download; via=post; pdf_pages=8; text_chars=14477
lexus,lexus/es,2014,press_specifications,2014 Lexus ES 300h Product Information,https://s3.amazonaws.com/toyota-cms-media/toyota-pdfs/2014_Lexus_ES_300h_Product_Info.pdf,200,40177,5fd54850e3c3de2d6b2915d712b4b85d0ceb849ec7574ca3a08332d67229bfcd,2026-10-02T12:29:27+00:00,press/pressroom.lexus.com/pdf/toyota-cms-media__toyota-pdfs__2014_Lexus_ES_300h_Product_Info.pdf,ok,page_url=https://pressroom.lexus.com/2014-lexus-es-hybrid-product-specs/; link_text=Click here to Download; via=post; pdf_pages=9; text_chars=12832
lexus,lexus/gx,2014,press_specifications,2014 Lexus GX 460 Product Information,https://s3.amazonaws.com/toyota-cms-media/toyota-pdfs/2014_Lexus_GX_460_Product_Info.pdf,200,47676,af70fe785b8e6a27623af5ec75bb8f85dae8b91e66bf833a296dd14fc912dfc4,2026-10-02T12:29:31+00:00,press/pressroom.lexus.com/pdf/toyota-cms-media__toyota-pdfs__2014_Lexus_GX_460_Product_Info.pdf,ok,page_url=https://pressroom.lexus.com/2014-lexus-gx-460-product-specs/; link_text=Click here to Download; via=post; pdf_pages=8; text_chars=12688
lexus,lexus/nx,2017,press_specifications,2017 Lexus NX 200t Product Information,https://s3.amazonaws.com/toyota-cms-media/toyota-pdfs/2017_Lexus_NX_200t_Product_Info.pdf,200,95799,d211e0358e7bcdb0dc97dae213d1043b316e168b92cc06b831245faee7c82c52,2026-10-02T12:29:37+00:00,press/pressroom.lexus.com/pdf/toyota-cms-media__toyota-pdfs__2017_Lexus_NX_200t_Product_Info.pdf,ok,page_url=https://pressroom.lexus.com/2017-lexus-nx-200t-product-specs/; link_text=Click here to Download; via=post; pdf_pages=10; text_chars=15858
lexus,lexus/nx,2017,press_specifications,2017 Lexus NX 300h Product Information,https://s3.amazonaws.com/toyota-cms-media/toyota-pdfs/2017_Lexus_NX_300h_Product_Info.pdf,200,92554,3fdeafe7121afc46a86328285f3fa804c09f0a9b7c6e117bce29e3498ee18698,2026-10-02T12:29:44+00:00,press/pressroom.lexus.com/pdf/toyota-cms-media__toyota-pdfs__2017_Lexus_NX_300h_Product_Info.pdf,ok,page_url=https://pressroom.lexus.com/2017-lexus-nx-hybrid-product-specs/; link_text=Click here to Download; via=post; pdf_pages=10; text_chars=14369
lexus,lexus/gx,2017,press_specifications,2017 Lexus GX 460 Product Information,https://s3.amazonaws.com/toyota-cms-media/toyota-pdfs/2017_Lexus_GX_460_Product_Information.pdf,200,176733,8cb51a98d2a47febf1b9d6f0dce0e1f7950d438b4766cbd467f85d73e520f44e,2026-10-02T12:29:49+00:00,press/pressroom.lexus.com/pdf/toyota-cms-media__toyota-pdfs__2017_Lexus_GX_460_Product_Information.pdf,ok,page_url=https://pressroom.lexus.com/2017-lexus-gx-460-product-specifications/; link_text=Click here to Download; via=post; pdf_pages=10; text_chars=17752
lexus,lexus/rx,2017,press_specifications,2017 Lexus RX 450h Product Information,https://s3.amazonaws.com/toyota-cms-media/toyota-pdfs/2017_Lexus_RX_450h_Product_Information.pdf,200,180710,25002a4c88386f78e9c523d4e0a6fb95f3b430a929cf5c7128e6994ba95b4ba5,2026-10-02T12:29:57+00:00,press/pressroom.lexus.com/pdf/toyota-cms-media__toyota-pdfs__2017_Lexus_RX_450h_Product_Information.pdf,ok,page_url=https://pressroom.lexus.com/2017-lexus-rx-450h-product-specifications/; link_text=Click here to Download; via=post; pdf_pages=10; text_chars=16541
lexus,lexus/es,2016,press_specifications,2016 Lexus ES 350 Product Information,https://s3.amazonaws.com/toyota-cms-media/toyota-pdfs/2016_Lexus_ES350_Product_Info.pdf,200,46433,4597186eb3ff09a365d4d19fb9e21c72fa3435492dd92358fad1dc57c53ce656,2026-10-02T12:30:04+00:00,press/pressroom.lexus.com/pdf/toyota-cms-media__toyota-pdfs__2016_Lexus_ES350_Product_Info.pdf,ok,page_url=https://pressroom.lexus.com/2016-lexus-es-350-product-specs/; link_text=Click here to Download; via=post; pdf_pages=11; text_chars=16170
lexus,lexus/es,2016,press_specifications,2016 Lexus ES 300h Product Information,https://s3.amazonaws.com/toyota-cms-media/toyota-pdfs/2016_Lexus_ES300h_Product_Info.pdf,200,45205,e9cbee41097b53a00f1f01aab11dcc376435ec1681f2423bc6b72262afc9985d,2026-10-02T12:30:09+00:00,press/pressroom.lexus.com/pdf/toyota-cms-media__toyota-pdfs__2016_Lexus_ES300h_Product_Info.pdf,ok,page_url=https://pressroom.lexus.com/2016-lexus-es-300h-product-specs/; link_text=Click here to Download; via=post; pdf_pages=11; text_chars=15495
lexus,lexus/es,2015,press_specifications,2015 Lexus ES 350 Product Information,https://s3.amazonaws.com/toyota-cms-media/toyota-pdfs/2015_Lexus_ES_350_Product_Information_Final.pdf,200,46948,b472453eb5ceae02c2dd9656c9adb7b0e50d32ad87a6ca7b0063345f5efd3197,2026-10-02T12:30:17+00:00,press/pressroom.lexus.com/pdf/toyota-cms-media__toyota-pdfs__2015_Lexus_ES_350_Product_Information_Final.pdf,ok,page_url=https://pressroom.lexus.com/2015-lexus-es-350-product-specs/; link_text=Click here to Download; via=post; pdf_pages=11; text_chars=16280
lexus,lexus/rx,2015,press_specifications,2015 Lexus RX 450h Product Information,https://s3.amazonaws.com/toyota-cms-media/toyota-pdfs/2015_Lexus_RX_450h_Product_Info.pdf,200,44219,45a8ce15b6b6d421c1f6f33f5b195c2f66a8e64efc2ae91d8e97faeb8750893b,2026-10-02T12:30:24+00:00,press/pressroom.lexus.com/pdf/toyota-cms-media__toyota-pdfs__2015_Lexus_RX_450h_Product_Info.pdf,ok,page_url=https://pressroom.lexus.com/2015-lexus-rx-hybrid-product-specs/; link_text=Click here to Download; via=post; pdf_pages=8; text_chars=13958
lexus,lexus/rx,2015,press_specifications,2015 Lexus RX 350 Product Information,https://s3.amazonaws.com/toyota-cms-media/toyota-pdfs/2015_Lexus_RX_350_Product_Info.pdf,200,45471,36f3464f8f5a8ce35965f38ec21dffb6836c9c7bb04f5548c01f38876f3cf703,2026-10-02T12:30:29+00:00,press/pressroom.lexus.com/pdf/toyota-cms-media__toyota-pdfs__2015_Lexus_RX_350_Product_Info.pdf,ok,page_url=https://pressroom.lexus.com/2015-lexus-rx-product-specs/; link_text=Click here to Download; via=post; pdf_pages=9; text_chars=14146
lexus,lexus/nx,2015,press_specifications,2015 Lexus NX 200t Product Information,https://s3.amazonaws.com/toyota-cms-media/toyota-pdfs/2015_Lexus_NX_200t_Product_Information_.pdf,200,46915,c09ddda396cda89f1677dd081ecc2d3c822f4d03d20168a88e959fe7fa55249e,2026-10-02T12:30:34+00:00,press/pressroom.lexus.com/pdf/toyota-cms-media__toyota-pdfs__2015_Lexus_NX_200t_Product_Information_.pdf,ok,page_url=https://pressroom.lexus.com/2015-lexus-nx-200t-product-specs/; link_text=Click here to Download; via=post; pdf_pages=10; text_chars=15134
lexus,lexus/es,2015,press_specifications,2015 Lexus ES 300h Product Information,https://s3.amazonaws.com/toyota-cms-media/toyota-pdfs/2015_Lexus_ES_300h_Product_Information.pdf,200,43777,c884182d222bac58b445d0271e11b0b16b963418edfb6d7e99ffc16bdb406bd7,2026-10-02T12:30:41+00:00,press/pressroom.lexus.com/pdf/toyota-cms-media__toyota-pdfs__2015_Lexus_ES_300h_Product_Information.pdf,ok,page_url=https://pressroom.lexus.com/2015-lexus-es-300h-product-specs/; link_text=Click here to Download; via=post; pdf_pages=10; text_chars=15364
lexus,lexus/nx,2020,press_specifications,2020 Lexus NX Product Specs,https://s3.amazonaws.com/toyota-cms-media/toyota-pdfs/2020 Lexus NX Product Specs FINAL.pdf,200,143940,7a52690ff5ff83c51c126b9d391d906ba39a7e1001656db85b1a1436f9f62b19,2026-10-02T12:30:48+00:00,press/pressroom.lexus.com/pdf/toyota-cms-media__toyota-pdfs__2020_Lexus_NX_Product_Specs_FINAL.pdf,ok,page_url=https://pressroom.lexus.com/2020-lexus-nx-product-specs/; link_text=Click here to Download; via=post; final_url=https://s3.amazonaws.com/toyota-cms-media/toyota-pdfs/2020%20Lexus%20NX%20Product%20Specs%20FINAL.pdf; pdf_pages=6; text_chars=6271
lexus,lexus/rx,2018,press_specifications,2018 Lexus RX 450hL AWD Product Information,https://s3.amazonaws.com/toyota-cms-media/toyota-pdfs/2018 Lexus RX 450hL AWD Product Information_6540_44812.pdf,200,67216,f11ff3f0f72bf563a4f0637d42ac44256e3a1dc9bcf7be6587a2c1f5fc5fa7d4,2026-10-02T12:30:52+00:00,press/pressroom.lexus.com/pdf/toyota-cms-media__toyota-pdfs__2018_Lexus_RX_450hL_AWD_Product_Information_6540_44812.pdf,ok,page_url=https://pressroom.lexus.com/2018-lexus-rx-450hl-awd-product-info-sheet/; link_text=Click here to Download; via=post; final_url=https://s3.amazonaws.com/toyota-cms-media/toyota-pdfs/2018%20Lexus%20RX%20450hL%20AWD%20Product%20Information_6540_44812.pdf; pdf_pages=3; text_chars=4006
lexus,lexus/rx,2018,press_specifications,2018 RX 350L Product Information,https://s3.amazonaws.com/toyota-cms-media/toyota-pdfs/2018 Lexus RX 350L Product Information.pdf,200,64105,2c4a1afee8157d7647045dc32f47a4597d7b82791e63f99e0559159fdceef4ef,2026-10-02T12:30:58+00:00,press/pressroom.lexus.com/pdf/toyota-cms-media__toyota-pdfs__2018_Lexus_RX_350L_Product_Information.pdf,ok,page_url=https://pressroom.lexus.com/2018-rx-350l-product-info/; link_text=Click here to Download; via=post; final_url=https://s3.amazonaws.com/toyota-cms-media/toyota-pdfs/2018%20Lexus%20RX%20350L%20Product%20Information.pdf; pdf_pages=3; text_chars=3616
lexus,lexus/nx,2015,press_specifications,2015 Lexus NX 300h Product Information,https://s3.amazonaws.com/toyota-cms-media/toyota-pdfs/2015Lexus_NX_300h_Product_Information.pdf,200,46436,956632da6322c47281b14d34bd7a7d65efe5aa3e8c9c56f6b4cb71c5bf11f320,2026-10-02T12:31:04+00:00,press/pressroom.lexus.com/pdf/toyota-cms-media__toyota-pdfs__2015Lexus_NX_300h_Product_Information.pdf,ok,page_url=https://pressroom.lexus.com/2015-lexus-nx-300h-product-specs/; link_text=Click here to Download; via=post; pdf_pages=10; text_chars=14475
lexus,lexus/es,2018,press_presskit_page,Lexus ES Hybrid,https://pressroom.lexus.com/presskit/lexus-es-hybrid-2018/,200,87492,fbbb53ccb9a8dab18fb56f3afaed2483bc9e342f54258e83589cbf9729a780be,2026-10-02T12:03:05+00:00,press/pressroom.lexus.com/presskit__lexus-es-hybrid-2018.html.gz,ok,spec_links=Product Information (Specs) ES 500h -> http://bit.ly/2wayWWI
lexus,lexus/rx,2019,press_presskit_page,2019 Lexus RX,https://pressroom.lexus.com/presskit/lexus-rx-2019/,200,87408,a75de3fb9206aae13b02002c9ffb84e94fab007659d96720fd1bbe05b0b4384b,2026-10-02T12:03:17+00:00,press/pressroom.lexus.com/presskit__lexus-rx-2019.html.gz,ok,spec_links=Specifications -> http://www.pressroom.lexus.com/releases/2019+lexus+rx+350+specifications.htm
lexus,lexus/es,2015,press_presskit_page,2015 Lexus ES Hybrid,https://pressroom.lexus.com/presskit/lexus-es-hybrid-2015/,200,88327,29256a31d74aa3804372cdb5c52813e225b31bf3ee7bc35977d53b61100f4889,2026-10-02T12:03:31+00:00,press/pressroom.lexus.com/presskit__lexus-es-hybrid-2015.html.gz,ok,spec_links=Product Information -> http://pressroom.lexus.com/releases/2015+lexus+es+300h+product+specs.htm
lexus,lexus/es,2015,press_presskit_page,2015 Lexus ES,https://pressroom.lexus.com/presskit/lexus-es-2015/,200,86974,a7248aa49aa04e6ad6549e4ddbad25ead84a137b39fab246a1ac3a6fcc262c67,2026-10-02T12:03:43+00:00,press/pressroom.lexus.com/presskit__lexus-es-2015.html.gz,ok,spec_links=Product Information -> http://pressroom.lexus.com/releases/2015+lexus+es+350+product+specs.htm
lexus,lexus/rx,2015,press_presskit_page,2015 Lexus RX,https://pressroom.lexus.com/presskit/lexus-rx-2015/,200,87444,412088105d496f56b287a912dfeb849702f70884e79fb229611a29147c367c54,2026-10-02T12:03:55+00:00,press/pressroom.lexus.com/presskit__lexus-rx-2015.html.gz,ok,spec_links=Product Information -> http://pressroom.lexus.com/releases/2015+lexus+rx+product+specs.htm
lexus,lexus/rx,2015,press_presskit_page,2015 Lexus RX Hybrid,https://pressroom.lexus.com/presskit/lexus-rx-hybrid-2015/,200,87305,122240b583bb9939004b53cc528a2809de93b94fcf0b1e4c08c06b22ef343ff2,2026-10-02T12:04:09+00:00,press/pressroom.lexus.com/presskit__lexus-rx-hybrid-2015.html.gz,ok,spec_links=Product Information -> http://pressroom.lexus.com/releases/2015+lexus+rx+hybrid+product+specs.htm
lexus,lexus/gx,2015,press_presskit_page,2015 Lexus GX,https://pressroom.lexus.com/presskit/lexus-gx-2015/,200,88169,db50e16632c215ecf43309348831fbbe1e3f2aacb45723b57c1a324c680fb6a2,2026-10-02T12:04:21+00:00,press/pressroom.lexus.com/presskit__lexus-gx-2015.html.gz,ok,spec_links=Product Information -> http://pressroom.lexus.com/releases/2015+lexus+gx+product+specs.htm
lexus,lexus/nx,2015,press_presskit_page,2015 Lexus NX,https://pressroom.lexus.com/presskit/lexus-nx-2015/,200,86759,c230d992ad4dae72f5521f59d5dc21839fdd228f9cdd5a8f3becb30849aaa23b,2026-10-02T12:04:35+00:00,press/pressroom.lexus.com/presskit__lexus-nx-2015.html.gz,ok,spec_links=Product Information -> http://pressroom.lexus.com/releases/2015+lexus+nx+200t+product+specs.htm
lexus,lexus/nx,2015,press_presskit_page,2015 Lexus NX Hybrid,https://pressroom.lexus.com/presskit/lexus-nx-hybrid-2015/,200,88135,872bc74f13670b33d0144ac87db1102adf3e6116b6f4ffbdfccc2e5c1f90de12,2026-10-02T12:04:47+00:00,press/pressroom.lexus.com/presskit__lexus-nx-hybrid-2015.html.gz,ok,spec_links=Product Information -> http://pressroom.lexus.com/releases/2015+lexus+nx+300h+product+specs.htm
lexus,lexus/gx,2014,press_presskit_page,2014 Lexus GX,https://pressroom.lexus.com/presskit/lexus-gx-2014/,200,87608,14113e8bd15c7ff384445b9a0faea73ce7ac741674b527f9d1feddef787a7f37,2026-10-02T12:05:00+00:00,press/pressroom.lexus.com/presskit__lexus-gx-2014.html.gz,ok,spec_links=Product Information -> http://pressroom.lexus.com/releases/2014+lexus+gx+460+product+specs.htm
lexus,lexus/es,2014,press_presskit_page,2014 Lexus ES Hybrid,https://pressroom.lexus.com/presskit/lexus-es-hybrid-2014/,200,88407,ae2ef7b932ce0ee12916b99dfec3c6bf05a75701fcb52c8ea496a0144fe98291,2026-10-02T12:05:14+00:00,press/pressroom.lexus.com/presskit__lexus-es-hybrid-2014.html.gz,ok,spec_links=Product Information -> http://pressroom.lexus.com/releases/2014+lexus+es+hybrid+product+specs.htm
lexus,lexus/rx,2014,press_presskit_page,2014 Lexus RX,https://pressroom.lexus.com/presskit/lexus-rx-2014/,200,87487,de54ae87cec36d8c359c12ef27a0dd4e3b52205a24704b7cc63e484b13155770,2026-10-02T12:05:26+00:00,press/pressroom.lexus.com/presskit__lexus-rx-2014.html.gz,ok,spec_links=Product Information -> http://pressroom.lexus.com/releases/2014+lexus+rx+product+specs.htm
lexus,lexus/rx,2014,press_presskit_page,2014 Lexus RX Hybrid,https://pressroom.lexus.com/presskit/lexus-rx-hybrid-2014/,200,89186,0b6308d9998e5d934c1f49d0e67e3f40b955768973e8949ada7f778480eb1502,2026-10-02T12:05:40+00:00,press/pressroom.lexus.com/presskit__lexus-rx-hybrid-2014.html.gz,ok,spec_links=Product Information -> http://pressroom.lexus.com/releases/2014+lexus+rx+450h+product+specs.htm
lexus,lexus/es,2014,press_presskit_page,2014 Lexus ES,https://pressroom.lexus.com/presskit/lexus-es-2014/,200,87468,2c0b8a1ef98ec33a17551be7c51417031b493519c00744b5d5ea11454e50be2e,2026-10-02T12:05:52+00:00,press/pressroom.lexus.com/presskit__lexus-es-2014.html.gz,ok,spec_links=Product Information -> http://pressroom.lexus.com/releases/2014+lexus+es+350+product+specs.htm
lexus,lexus/es,2015,press_post_page,2015 Lexus ES 300h Product Information,http://pressroom.lexus.com/releases/2015+lexus+es+300h+product+specs.htm,200,90995,da442ae1e31c1901e32c7b68c70c7f14178267cde421a324eb16ed8a20aa37c3,2026-10-02T12:54:38+00:00,press/pressroom.lexus.com/releases__2015_lexus_es_300h_product_specs.htm.html.gz,ok,download_links=1
lexus,lexus/es,2015,press_post_page,2015 Lexus ES 350 Product Information,http://pressroom.lexus.com/releases/2015+lexus+es+350+product+specs.htm,200,92858,0df08241e8cd3fe62cb1310c830ad00463d22414b84f11001aea520ecbfa62e1,2026-10-02T12:54:52+00:00,press/pressroom.lexus.com/releases__2015_lexus_es_350_product_specs.htm.html.gz,ok,download_links=1
lexus,lexus/rx,2015,press_post_page,2015 Lexus RX 350 Product Information,http://pressroom.lexus.com/releases/2015+lexus+rx+product+specs.htm,200,91203,059ef7742c293f51a52d3f54ddb4856871f3c57c1651be9d03ec6ec66fb1d0f7,2026-10-02T12:55:04+00:00,press/pressroom.lexus.com/releases__2015_lexus_rx_product_specs.htm.html.gz,ok,download_links=1
lexus,lexus/rx,2015,press_post_page,2015 Lexus RX 450h Product Information,http://pressroom.lexus.com/releases/2015+lexus+rx+hybrid+product+specs.htm,200,91744,8150a07a90651ca748a00fa7446174ce55ed677219fc281bb3b1fa7e1e337e02,2026-10-02T12:55:18+00:00,press/pressroom.lexus.com/releases__2015_lexus_rx_hybrid_product_specs.htm.html.gz,ok,download_links=1
lexus,lexus/gx,2015,press_post_page,2015 Lexus GX 460 Product Information,http://pressroom.lexus.com/releases/2015+lexus+gx+product+specs.htm,200,94263,c4722d302a61845893d1b4d846f2275438d20903701bcf201fcd76d6d1f89835,2026-10-02T12:55:32+00:00,press/pressroom.lexus.com/releases__2015_lexus_gx_product_specs.htm.html.gz,ok,download_links=1
lexus,lexus/nx,2015,press_post_page,2015 Lexus NX 200t Product Information,http://pressroom.lexus.com/releases/2015+lexus+nx+200t+product+specs.htm,200,91494,7ac0df54f558d99ba788fd642ac2e791ec807cfb0cbe12d844dbd3fbfc74d852,2026-10-02T12:55:45+00:00,press/pressroom.lexus.com/releases__2015_lexus_nx_200t_product_specs.htm.html.gz,ok,download_links=1
lexus,lexus/nx,2015,press_post_page,2015 Lexus NX 300h Product Information,http://pressroom.lexus.com/releases/2015+lexus+nx+300h+product+specs.htm,200,91646,52925bdf9cd46ae5e397a63e05cfbae4fae7dfbf8023498356663f46487721f7,2026-10-02T12:55:58+00:00,press/pressroom.lexus.com/releases__2015_lexus_nx_300h_product_specs.htm.html.gz,ok,download_links=1
lexus,lexus/gx,2014,press_post_page,2014 Lexus GX 460 Product Information,http://pressroom.lexus.com/releases/2014+lexus+gx+460+product+specs.htm,200,90551,8b55020b461d2f2c6548680cba7eb7d0469a260ae563fa4bbea8f41438d2546c,2026-10-02T12:56:11+00:00,press/pressroom.lexus.com/releases__2014_lexus_gx_460_product_specs.htm.html.gz,ok,download_links=1
lexus,lexus/es,2014,press_post_page,2014 Lexus ES 300h Product Information,http://pressroom.lexus.com/releases/2014+lexus+es+hybrid+product+specs.htm,200,91213,377e7900d446c1df23b0d19cfe0df126057869f23504b1439ac99bb5d9933f69,2026-10-02T12:56:24+00:00,press/pressroom.lexus.com/releases__2014_lexus_es_hybrid_product_specs.htm.html.gz,ok,download_links=1
lexus,lexus/rx,2014,press_post_page,2014 Lexus RX 350 Product Information,http://pressroom.lexus.com/releases/2014+lexus+rx+product+specs.htm,200,90769,5d7912d0ab36c678272a904f1c1991d5fdf1882bd5b6df6ec11ebc5308e6e608,2026-10-02T12:56:38+00:00,press/pressroom.lexus.com/releases__2014_lexus_rx_product_specs.htm.html.gz,ok,download_links=1
lexus,lexus/rx,2014,press_post_page,2014 Lexus RX 450h Product Information,http://pressroom.lexus.com/releases/2014+lexus+rx+450h+product+specs.htm,200,92082,08c63bbed499fbacfdcb069730dbd0536aeaf4aad51d0fffe9aeab71459dc020,2026-10-02T12:56:50+00:00,press/pressroom.lexus.com/releases__2014_lexus_rx_450h_product_specs.htm.html.gz,ok,download_links=1
lexus,lexus/es,2014,press_post_page,2014 Lexus ES 350 Product Information,http://pressroom.lexus.com/releases/2014+lexus+es+350+product+specs.htm,200,90114,221c71e262ec81a75d76237c1066e263356a4b8eadc995376fefff852525bb6c,2026-10-02T12:57:03+00:00,press/pressroom.lexus.com/releases__2014_lexus_es_350_product_specs.htm.html.gz,ok,download_links=1
