make,line,year,doc_type,title,url,http_status,bytes,sha256,retrieved_at,path,status,note
toyota,,,robots,robots.txt,https://pressroom.toyota.com/robots.txt,200,194,e866ce141a39de06d62f8165c60035ad559118d77f7c4059abda51c790d57eb1,2026-10-02T11:44:43+00:00,press/pressroom.toyota.com/_robots.txt.gz,ok,crawl_delay=10.0; disallow for /: False
toyota,,,sitemap,sitemap_index.xml,https://pressroom.toyota.com/sitemap_index.xml,200,8607,f030b4e94b216d5cc0d46842a5cdbf8582e6886fa90df43abac3c71bf0519a85,2026-10-02T11:44:59+00:00,press/pressroom.toyota.com/sitemap_index.xml.xml.gz,ok,
toyota,,,sitemap,post-sitemap.xml,https://pressroom.toyota.com/post-sitemap.xml,200,255609,8321e2251065862f1e3fbe9357a7b383f31f886a4901d238bb32b571e5dfd6a1,2026-10-02T11:45:09+00:00,press/pressroom.toyota.com/post-sitemap.xml.xml.gz,ok,
toyota,,,sitemap,post-sitemap2.xml,https://pressroom.toyota.com/post-sitemap2.xml,200,238237,d0b34cb73d693608c6a3381997251471ac17191443c104ce536cb6f90d7c917c,2026-10-02T11:45:21+00:00,press/pressroom.toyota.com/post-sitemap2.xml.xml.gz,ok,
toyota,,,sitemap,post-sitemap3.xml,https://pressroom.toyota.com/post-sitemap3.xml,200,279538,cbc0715d0109c48872f7ee07fae46c22178c6e7b5bd877dada3d27086996af92,2026-10-02T11:45:35+00:00,press/pressroom.toyota.com/post-sitemap3.xml.xml.gz,ok,
toyota,,,sitemap,post-sitemap4.xml,https://pressroom.toyota.com/post-sitemap4.xml,200,292550,a5ce1d88002506d2ae87e11c9a6c84265bbb2ba926444bf65e0e06b4392a3bf3,2026-10-02T11:45:46+00:00,press/pressroom.toyota.com/post-sitemap4.xml.xml.gz,ok,
toyota,,,sitemap,post-sitemap5.xml,https://pressroom.toyota.com/post-sitemap5.xml,200,408262,20a268a1998a69547fc2d25d1bce6efe29b4a61edfaf6905f5531370b48d8513,2026-10-02T11:45:58+00:00,press/pressroom.toyota.com/post-sitemap5.xml.xml.gz,ok,
toyota,,,sitemap,post-sitemap6.xml,https://pressroom.toyota.com/post-sitemap6.xml,200,166973,21e84c05e847768ba3fd05ccce0b45a1f15262001d56c9d81cb765a18b1d1bbe,2026-10-02T11:46:11+00:00,press/pressroom.toyota.com/post-sitemap6.xml.xml.gz,ok,
toyota,,,sitemap,vehicle-sitemap.xml,https://pressroom.toyota.com/vehicle-sitemap.xml,200,71789,4a08db0d1d06233ecd4733004ae4b0e75578b40551ae590091bd475ee3d34734,2026-10-02T11:46:23+00:00,press/pressroom.toyota.com/vehicle-sitemap.xml.xml.gz,ok,
toyota,,,sitemap,presskit-sitemap.xml,https://pressroom.toyota.com/presskit-sitemap.xml,200,69560,7aeced6e66fa4d543b0602e0275b4e6ccdae3b1a2307082488c074511cfaea0e,2026-10-02T11:46:37+00:00,press/pressroom.toyota.com/presskit-sitemap.xml.xml.gz,ok,
toyota,toyota/camry,2019,press_vehicle_page,2019 Toyota Camry Hybrid,https://pressroom.toyota.com/vehicle/2019-toyota-camry-hybrid/,200,247882,fad15279f3026adfd1c6d9ecac05c7a55fc4abb919475bcf8a93752739f37c1b,2026-10-02T11:46:50+00:00,press/pressroom.toyota.com/vehicle__2019-toyota-camry-hybrid.html.gz,ok,product_specs_links=1
toyota,toyota/highlander,2019,press_vehicle_page,2019 Toyota Highlander Hybrid,https://pressroom.toyota.com/vehicle/2019-toyota-highlander-hybrid/,200,151624,463a618985174b32a55137f2019af465a95484d9848785f2bcfeeb8fe6ca2e4e,2026-10-02T11:47:01+00:00,press/pressroom.toyota.com/vehicle__2019-toyota-highlander-hybrid.html.gz,ok,product_specs_links=1
toyota,toyota/rav4,2019,press_vehicle_page,2019 Toyota RAV4 Hybrid,https://pressroom.toyota.com/vehicle/2019-toyota-rav4-hybrid/,200,805953,6a87e8bdc66fa39455037c1de623d82fbee2db55fe392725928e1f8499ae541d,2026-10-02T11:47:18+00:00,press/pressroom.toyota.com/vehicle__2019-toyota-rav4-hybrid.html.gz,ok,product_specs_links=1
toyota,toyota/camry,2020,press_vehicle_page,2020 Toyota Camry Hybrid,https://pressroom.toyota.com/vehicle/2020-toyota-camry-hybrid/,200,244222,e86f953966c0383fe7dd127a73f207da326e9054883a42c585a236e85deb6f28,2026-10-02T11:47:30+00:00,press/pressroom.toyota.com/vehicle__2020-toyota-camry-hybrid.html.gz,ok,product_specs_links=1
toyota,toyota/corolla,2020,press_vehicle_page,2020 Toyota Corolla Hybrid,https://pressroom.toyota.com/vehicle/2020-toyota-corolla-hybrid/,200,242199,f8a9d997b4c8ee2f2e55a4ad398557a96f1ad69c08f1fdc351b8ec8d95862d13,2026-10-02T11:47:42+00:00,press/pressroom.toyota.com/vehicle__2020-toyota-corolla-hybrid.html.gz,ok,product_specs_links=1
toyota,toyota/highlander,2020,press_vehicle_page,2020 Toyota Highlander,https://pressroom.toyota.com/vehicle/2020-toyota-highlander/,200,378265,038326f7a750ca4fc0a63988439f741c17222e23e4a5cc676fc0ab328b0ca1ce,2026-10-02T11:47:55+00:00,press/pressroom.toyota.com/vehicle__2020-toyota-highlander.html.gz,ok,product_specs_links=1
toyota,toyota/highlander,2020,press_vehicle_page,2020 Toyota Highlander Hybrid,https://pressroom.toyota.com/vehicle/2020-toyota-highlander-hybrid/,200,260558,4d4f969820deebf11761b7116e3785c04d9f090f15173c7f4fa5a3e68419cc3f,2026-10-02T11:48:07+00:00,press/pressroom.toyota.com/vehicle__2020-toyota-highlander-hybrid.html.gz,ok,product_specs_links=1
toyota,toyota/prius,2020,press_vehicle_page,2020 Toyota Prius,https://pressroom.toyota.com/vehicle/2020-toyota-prius/,200,318748,3efc32ae8ffdaf427e629a6727a60521319d7b709b460dc3065cf6bd9f28c34d,2026-10-02T11:48:21+00:00,press/pressroom.toyota.com/vehicle__2020-toyota-prius.html.gz,ok,product_specs_links=1
toyota,toyota/rav4,2020,press_vehicle_page,2020 Toyota RAV4,https://pressroom.toyota.com/vehicle/2020-toyota-rav4/,200,141159,e663607da1cf7094befccf22b301df71c2d93d5f555db6619b73dba4410ac420,2026-10-02T11:48:32+00:00,press/pressroom.toyota.com/vehicle__2020-toyota-rav4.html.gz,ok,product_specs_links=1
toyota,toyota/rav4,2020,press_vehicle_page,2020 Toyota RAV4 Hybrid,https://pressroom.toyota.com/vehicle/2020-toyota-rav4-hybrid/,200,791139,5c6df9188bfec966035c4e3b244ab25a94403d76fe799cc2c1b07e82b038254f,2026-10-02T11:48:44+00:00,press/pressroom.toyota.com/vehicle__2020-toyota-rav4-hybrid.html.gz,ok,product_specs_links=1
toyota,toyota/camry,2021,press_vehicle_page,2021 Toyota Camry Hybrid,https://pressroom.toyota.com/vehicle/2021-toyota-camry-hybrid/,200,190382,707bec97cead9ba5227ab226d4b6051c3f26b6f64fd22dbdcc8db7dd942bc629,2026-10-02T11:48:56+00:00,press/pressroom.toyota.com/vehicle__2021-toyota-camry-hybrid.html.gz,ok,product_specs_links=1
toyota,toyota/corolla,2021,press_vehicle_page,2021 Toyota Corolla Hatchback,https://pressroom.toyota.com/vehicle/2021-toyota-corolla-hatchback/,200,219207,56354fe224bc324ea2f196f3b8b45a655bef04a89527d32144e828a5783e25ab,2026-10-02T11:49:10+00:00,press/pressroom.toyota.com/vehicle__2021-toyota-corolla-hatchback.html.gz,ok,product_specs_links=1
toyota,toyota/corolla,2021,press_vehicle_page,2021 Toyota Corolla Hybrid,https://pressroom.toyota.com/vehicle/2021-toyota-corolla-hybrid/,200,112510,0910f44f02a1475d27e8489d76c10bf2c0cc96b6405f2a64eb30fe741574284e,2026-10-02T11:49:23+00:00,press/pressroom.toyota.com/vehicle__2021-toyota-corolla-hybrid.html.gz,ok,product_specs_links=1
toyota,toyota/camry,2022,press_vehicle_page,2022 Toyota Camry,https://pressroom.toyota.com/vehicle/2022-toyota-camry/,200,236320,b28df0458c447e310862871f99b53688eed511aa42028f644debfbcf644893c1,2026-10-02T11:49:35+00:00,press/pressroom.toyota.com/vehicle__2022-toyota-camry.html.gz,ok,product_specs_links=1
toyota,toyota/camry,2022,press_vehicle_page,2022 Toyota Camry Hybrid,https://pressroom.toyota.com/vehicle/2022-toyota-camry-hybrid/,200,195197,a7a65662151e6b140a802ff8e8187c8497a6eae31f69a686b8683d330ca381d9,2026-10-02T11:49:48+00:00,press/pressroom.toyota.com/vehicle__2022-toyota-camry-hybrid.html.gz,ok,product_specs_links=1
toyota,toyota/corolla,2021,press_vehicle_page,2021 Toyota Corolla,https://pressroom.toyota.com/vehicle/2021-toyota-corolla/,200,326017,8ef25715627ce39751d8d3cb7f4ffacaa8c0340d133f0761297fb2781512b91d,2026-10-02T11:49:59+00:00,press/pressroom.toyota.com/vehicle__2021-toyota-corolla.html.gz,ok,product_specs_links=1
toyota,toyota/camry,2021,press_vehicle_page,2021 Toyota Camry,https://pressroom.toyota.com/vehicle/2021-toyota-camry/,200,219315,f75f718d98060f6e9d662e9cc0337534e82cf24e3abcccdd8f4ddf2d68309b5a,2026-10-02T11:50:12+00:00,press/pressroom.toyota.com/vehicle__2021-toyota-camry.html.gz,ok,product_specs_links=1
toyota,toyota/corolla,2022,press_vehicle_page,2022 Toyota Corolla Hybrid,https://pressroom.toyota.com/vehicle/2022-toyota-corolla-hybrid/,200,144004,8659b0e53d4ed7e976103bd59896bc81619fa4b3dfb1be0ccdcb6b5199f42dc5,2026-10-02T11:50:25+00:00,press/pressroom.toyota.com/vehicle__2022-toyota-corolla-hybrid.html.gz,ok,product_specs_links=1
toyota,toyota/corolla,2022,press_vehicle_page,2022 Toyota Corolla Hatchback,https://pressroom.toyota.com/vehicle/2022-toyota-corolla-hatchback/,200,141314,3cd3d9b587661c7e733a0746da23e167b602914cbe714ccdaf7d633d75fa4b6c,2026-10-02T11:50:38+00:00,press/pressroom.toyota.com/vehicle__2022-toyota-corolla-hatchback.html.gz,ok,product_specs_links=1
toyota,toyota/corolla,2022,press_vehicle_page,2022 Toyota Corolla,https://pressroom.toyota.com/vehicle/2022-toyota-corolla/,200,159267,c91fc6970de5a930d8fd8aef433fe2f658ae25b2aa4c4817dcdf35cd6de3d757,2026-10-02T11:50:49+00:00,press/pressroom.toyota.com/vehicle__2022-toyota-corolla.html.gz,ok,product_specs_links=1
toyota,toyota/highlander,2022,press_vehicle_page,2022 Toyota Highlander,https://pressroom.toyota.com/vehicle/2022-toyota-highlander-2/,200,165505,218039b47dd7f7020cbbb151c652ae7686d6834addfb94545c9cc359c9e8b9fa,2026-10-02T11:51:02+00:00,press/pressroom.toyota.com/vehicle__2022-toyota-highlander-2.html.gz,ok,product_specs_links=1
toyota,toyota/highlander,2022,press_vehicle_page,2022 Toyota Highlander Hybrid,https://pressroom.toyota.com/vehicle/2022-toyota-highlander/,200,221676,5743dee84a8442d2981ea064b589d2c877389867d81da5b97f152a125a995e58,2026-10-02T11:51:17+00:00,press/pressroom.toyota.com/vehicle__2022-toyota-highlander.html.gz,ok,product_specs_links=1
toyota,toyota/corolla,2023,press_vehicle_page,2023 Toyota GR Corolla,https://pressroom.toyota.com/vehicle/2023-toyota-gr-corolla/,200,416972,abc05b0501b165db3c799cdc595128b5d8b7afaa6eb7573391809596c9bf99fb,2026-10-02T11:51:28+00:00,press/pressroom.toyota.com/vehicle__2023-toyota-gr-corolla.html.gz,ok,product_specs_links=1
toyota,toyota/highlander,2021,press_vehicle_page,2021 Toyota Highlander Hybrid,https://pressroom.toyota.com/vehicle/2021-toyota-highlander-hybrid/,200,258544,c676f61461f72479dfd7df6d22f9afd664da17eb2c3c68508b0355c4b755152f,2026-10-02T11:51:41+00:00,press/pressroom.toyota.com/vehicle__2021-toyota-highlander-hybrid.html.gz,ok,product_specs_links=1
toyota,toyota/rav4,2023,press_vehicle_page,2023 Toyota RAV4,https://pressroom.toyota.com/vehicle/2023-toyota-rav4/,200,113426,f4642c246a027de4e33f2850425115dd7958fe60bdf15424751cd3bd78768aef,2026-10-02T11:51:54+00:00,press/pressroom.toyota.com/vehicle__2023-toyota-rav4.html.gz,ok,product_specs_links=1
toyota,toyota/highlander,2023,press_vehicle_page,2023 Toyota Highlander,https://pressroom.toyota.com/vehicle/2023-toyota-highlander/,200,211722,39559f6668d5dcc634854903f2ba695fd5567aab1c0a9b8b19d15672ad7168ce,2026-10-02T11:52:07+00:00,press/pressroom.toyota.com/vehicle__2023-toyota-highlander.html.gz,ok,product_specs_links=1
toyota,toyota/corolla,2023,press_vehicle_page,2023 Toyota Corolla Hatchback,https://pressroom.toyota.com/vehicle/2023-toyota-corolla-hatchback/,200,207776,3a4a460c53b0ce398b40e301b188aca71b3ee92ebf7d0a7c2e1fb80f72d15bb0,2026-10-02T11:52:19+00:00,press/pressroom.toyota.com/vehicle__2023-toyota-corolla-hatchback.html.gz,ok,product_specs_links=1
toyota,toyota/corolla,2023,press_vehicle_page,2023 Toyota Corolla,https://pressroom.toyota.com/vehicle/2023-toyota-corolla/,200,197543,2f10b6af10828d3390d1c043c9eb843b71b166eeecb313874dbc74baf5e5fecb,2026-10-02T11:52:32+00:00,press/pressroom.toyota.com/vehicle__2023-toyota-corolla.html.gz,ok,product_specs_links=1
toyota,toyota/camry,2023,press_vehicle_page,2023 Toyota Camry,https://pressroom.toyota.com/vehicle/2023-toyota-camry/,200,149393,402c5356efaf895112fed90e1c8acebaea41958cf0541c881de9d953f100954d,2026-10-02T11:52:43+00:00,press/pressroom.toyota.com/vehicle__2023-toyota-camry.html.gz,ok,product_specs_links=1
toyota,toyota/rav4,2022,press_vehicle_page,2022 Toyota RAV4,https://pressroom.toyota.com/vehicle/2022-toyota-rav4/,200,168025,efea083e147965236822370085448c6a458e8d47d3cd12ddf1536ea5179c5429,2026-10-02T11:52:56+00:00,press/pressroom.toyota.com/vehicle__2022-toyota-rav4.html.gz,ok,product_specs_links=1
toyota,toyota/rav4,2021,press_vehicle_page,2021 Toyota RAV4 Hybrid,https://pressroom.toyota.com/vehicle/2021-toyota-rav4-hybrid/,200,212987,30fb82773e53643567994c3208f129827cbd00322da9918be7100030ef414225,2026-10-02T11:53:08+00:00,press/pressroom.toyota.com/vehicle__2021-toyota-rav4-hybrid.html.gz,ok,product_specs_links=1
toyota,toyota/prius,2021,press_vehicle_page,2021 Toyota Prius,https://pressroom.toyota.com/vehicle/2021-toyota-prius/,200,138450,b26970cf807eb67a497c6ca96b35e7b5439249083fd2e996ebf33a945ea1f320,2026-10-02T11:53:22+00:00,press/pressroom.toyota.com/vehicle__2021-toyota-prius.html.gz,ok,product_specs_links=1
toyota,toyota/highlander,2021,press_vehicle_page,2021 Toyota Highlander,https://pressroom.toyota.com/vehicle/2021-toyota-highlander/,200,376634,7f4ba58d1f741292ffec1d097f1b4b72cbf4170590457c8b206f8f537ec0114e,2026-10-02T11:53:36+00:00,press/pressroom.toyota.com/vehicle__2021-toyota-highlander.html.gz,ok,product_specs_links=1
toyota,toyota/camry,2020,press_vehicle_page,2020 Toyota Camry,https://pressroom.toyota.com/vehicle/2020-toyota-camry/,200,176974,f3e512495b6d911bf9b9b4eb1d1900816b8b39665696f2b214a8f717d46cbf4b,2026-10-02T11:53:48+00:00,press/pressroom.toyota.com/vehicle__2020-toyota-camry.html.gz,ok,product_specs_links=1
toyota,toyota/corolla,2020,press_vehicle_page,2020 Toyota Corolla Hatchback,https://pressroom.toyota.com/vehicle/2020-toyota-corolla-hatchback/,200,219741,041a07c220aa0a848e53caa8d7f09256758217a290f3573ad9227359af000a79,2026-10-02T11:54:03+00:00,press/pressroom.toyota.com/vehicle__2020-toyota-corolla-hatchback.html.gz,ok,product_specs_links=1
toyota,toyota/corolla,2020,press_vehicle_page,2020 Toyota Corolla,https://pressroom.toyota.com/vehicle/2020-toyota-corolla/,200,485130,09158aa997ea442dc008db53a018de3ee30e306a9a5fb99c8cd3d8691ce7e7cb,2026-10-02T11:54:14+00:00,press/pressroom.toyota.com/vehicle__2020-toyota-corolla.html.gz,ok,product_specs_links=1
toyota,toyota/corolla,2019,press_vehicle_page,2019 Toyota Corolla Hatchback,https://pressroom.toyota.com/vehicle/2019-toyota-corolla-hatchback/,200,247350,279a70a9117a76f2870a60f5605e6d78e32a3e337ff3a6a92b81f8e732bb523a,2026-10-02T11:54:26+00:00,press/pressroom.toyota.com/vehicle__2019-toyota-corolla-hatchback.html.gz,ok,product_specs_links=0
toyota,toyota/rav4,2019,press_vehicle_page,2019 Toyota RAV4,https://pressroom.toyota.com/vehicle/2019-toyota-rav4/,200,988153,6ac86d56624d87a727489e3661ab4ab5595d51c1f58ff20bb9cc4452953c7b1c,2026-10-02T11:54:37+00:00,press/pressroom.toyota.com/vehicle__2019-toyota-rav4.html.gz,ok,product_specs_links=1
toyota,toyota/camry,2019,press_vehicle_page,2019 Toyota Camry,https://pressroom.toyota.com/vehicle/2019-toyota-camry/,200,338507,dc28971ca37bf195220b2a83d7c6a14a7ac5c14c9c9b447456f65cced53b60d9,2026-10-02T11:54:49+00:00,press/pressroom.toyota.com/vehicle__2019-toyota-camry.html.gz,ok,product_specs_links=1
toyota,toyota/highlander,2019,press_vehicle_page,2019 Toyota Highlander,https://pressroom.toyota.com/vehicle/2019-toyota-highlander/,200,120749,daed6d65570e57f8d715c95467944945b0669da955e7386161d69b6d0289d1b4,2026-10-02T11:55:01+00:00,press/pressroom.toyota.com/vehicle__2019-toyota-highlander.html.gz,ok,product_specs_links=1
toyota,toyota/prius,2019,press_vehicle_page,2019 Toyota Prius,https://pressroom.toyota.com/vehicle/2019-toyota-prius/,200,408624,9d88032f52a314badb2b67335672ab53235abeee388f20b2db5cdbc22fad560e,2026-10-02T11:55:12+00:00,press/pressroom.toyota.com/vehicle__2019-toyota-prius.html.gz,ok,product_specs_links=1
toyota,toyota/corolla,2024,press_vehicle_page,2024 Toyota GR Corolla,https://pressroom.toyota.com/vehicle/2024-toyota-gr-corolla/,200,289775,dd6763d36c1a60fec1a5588bba54a9390aecdc7b3a4876eb45b55124d4f8f77d,2026-10-02T11:55:22+00:00,press/pressroom.toyota.com/vehicle__2024-toyota-gr-corolla.html.gz,ok,product_specs_links=1
toyota,toyota/rav4,2024,press_vehicle_page,2024 Toyota RAV4,https://pressroom.toyota.com/vehicle/2024-toyota-rav4/,200,161494,6153dc0dd45344ca68b3bff59c81bbfb8d663fc8410c347d20495be9bfe1f822,2026-10-02T11:55:35+00:00,press/pressroom.toyota.com/vehicle__2024-toyota-rav4.html.gz,ok,product_specs_links=1
toyota,toyota/highlander,2024,press_vehicle_page,2024 Toyota Highlander,https://pressroom.toyota.com/vehicle/2024-toyota-highlander/,200,207196,d7b15a656690563dfd24eb011b91f9cf5d519c449842af32b7178faf0d1900b1,2026-10-02T11:55:49+00:00,press/pressroom.toyota.com/vehicle__2024-toyota-highlander.html.gz,ok,product_specs_links=1
toyota,toyota/corolla,2024,press_vehicle_page,2024 Toyota Corolla,https://pressroom.toyota.com/vehicle/2024-toyota-corolla/,200,193947,3b31960447724cfc9fb82bde380ed06ed1af447f464e31ac85a8279b531049b6,2026-10-02T11:56:01+00:00,press/pressroom.toyota.com/vehicle__2024-toyota-corolla.html.gz,ok,product_specs_links=1
toyota,toyota/rav4,2024,press_vehicle_page,2024 Toyota RAV4 Hybrid,https://pressroom.toyota.com/vehicle/2024-toyota-rav4-hybrid/,200,157655,aac37f8ac79013e55a5adce8972bff2141cafcf3f4166a53225acbf75e0e4665,2026-10-02T11:56:14+00:00,press/pressroom.toyota.com/vehicle__2024-toyota-rav4-hybrid.html.gz,ok,product_specs_links=1
toyota,toyota/corolla,2024,press_vehicle_page,2024 Toyota Corolla Hatchback,https://pressroom.toyota.com/vehicle/2024-toyota-corolla-hatchback/,200,215258,2cd620f8eb6b1022207701343a68fd0fe6507ecf38b4ca2e36ba8a71d1a29e39,2026-10-02T11:56:25+00:00,press/pressroom.toyota.com/vehicle__2024-toyota-corolla-hatchback.html.gz,ok,product_specs_links=1
toyota,toyota/rav4,2021,press_vehicle_page,2021 Toyota RAV4,https://pressroom.toyota.com/vehicle/2021-toyota-rav4/,200,175207,dd442a203fd93da54674957d280b38c9a41c748ccb240a7e86e1b879a79ff67b,2026-10-02T11:56:37+00:00,press/pressroom.toyota.com/vehicle__2021-toyota-rav4.html.gz,ok,product_specs_links=1
toyota,toyota/camry,2024,press_vehicle_page,2024 Toyota Camry,https://pressroom.toyota.com/vehicle/2024-toyota-camry/,200,178652,fa6ff50f57021edc627b127bfc9d5f4475a7c9ff8adac9fc7ec26981ce91bd77,2026-10-02T11:56:50+00:00,press/pressroom.toyota.com/vehicle__2024-toyota-camry.html.gz,ok,product_specs_links=1
toyota,toyota/corolla,2024,press_vehicle_page,2024 Toyota Corolla Hybrid,https://pressroom.toyota.com/vehicle/2024-toyota-corolla-hybrid/,200,154899,6adb2b249f739cc0a649a515c8f5db0b79bfa823b23790b592e70f52d7ee70f1,2026-10-02T11:57:05+00:00,press/pressroom.toyota.com/vehicle__2024-toyota-corolla-hybrid.html.gz,ok,product_specs_links=0
toyota,toyota/prius,2024,press_vehicle_page,2024 Toyota Prius,https://pressroom.toyota.com/vehicle/2024-toyota-prius/,200,213943,7be7b26c473f0c3b625d58e95fd0224bd61601fb72467be9ad45b229de9e9809,2026-10-02T11:57:19+00:00,press/pressroom.toyota.com/vehicle__2024-toyota-prius.html.gz,ok,product_specs_links=1
toyota,toyota/highlander,2024,press_vehicle_page,2024 Toyota Highlander Hybrid,https://pressroom.toyota.com/vehicle/2024-toyota-highlander-hybrid/,200,165994,01f37dea4f800628d991d6488b17be90b0dc8fd10ee28fc66c2e7543a7abaf60,2026-10-02T11:57:33+00:00,press/pressroom.toyota.com/vehicle__2024-toyota-highlander-hybrid.html.gz,ok,product_specs_links=1
toyota,toyota/camry,2023,press_vehicle_page,2023 Toyota Camry Hybrid,https://pressroom.toyota.com/vehicle/2023-toyota-camry-hybrid/,200,153602,7690268a1dd2fc8cf67f29509ba993ffad090370efbc07a4453dd6e7d249f527,2026-10-02T11:57:44+00:00,press/pressroom.toyota.com/vehicle__2023-toyota-camry-hybrid.html.gz,ok,product_specs_links=1
toyota,toyota/corolla,2023,press_vehicle_page,2023 Toyota Corolla Hybrid,https://pressroom.toyota.com/vehicle/2023-toyota-corolla-hybrid/,200,186251,3943c262ddf51b161b9cdf530665814ac67ce8fbc5eb68b75dd2a50e87a0592b,2026-10-02T11:57:57+00:00,press/pressroom.toyota.com/vehicle__2023-toyota-corolla-hybrid.html.gz,ok,product_specs_links=1
toyota,toyota/prius,2023,press_vehicle_page,2023 Toyota Prius,https://pressroom.toyota.com/vehicle/2023-toyota-prius/,200,286178,2751fccf3062e2e8eb97077f3f7123bc57371682147640f2156f274f2e74af1f,2026-10-02T11:58:11+00:00,press/pressroom.toyota.com/vehicle__2023-toyota-prius.html.gz,ok,product_specs_links=1
toyota,toyota/highlander,2023,press_vehicle_page,2023 Toyota Highlander Hybrid,https://pressroom.toyota.com/vehicle/2023-toyota-highlander-hybrid/,200,187238,d0e72383deb75067cb147725cf1fe176f8040972fdaa40626cef31c8faf0bb90,2026-10-02T11:58:24+00:00,press/pressroom.toyota.com/vehicle__2023-toyota-highlander-hybrid.html.gz,ok,product_specs_links=1
toyota,toyota/rav4,2023,press_vehicle_page,2023 Toyota RAV4 Hybrid,https://pressroom.toyota.com/vehicle/2023-toyota-rav4-hybrid/,200,113668,7632bd973202e00b428433b14dcbf49001fe835ddd82676b1da13de383ec50b1,2026-10-02T11:58:37+00:00,press/pressroom.toyota.com/vehicle__2023-toyota-rav4-hybrid.html.gz,ok,product_specs_links=1
toyota,toyota/prius,2022,press_vehicle_page,2022 Toyota Prius,https://pressroom.toyota.com/vehicle/2022-toyota-prius/,200,171821,f691bf861ddaf95fd406ae211c2322f87da2db614033416dbf8eea1d164ff4ba,2026-10-02T11:58:50+00:00,press/pressroom.toyota.com/vehicle__2022-toyota-prius.html.gz,ok,product_specs_links=1
toyota,toyota/rav4,2022,press_vehicle_page,2022 Toyota RAV4 Hybrid,https://pressroom.toyota.com/vehicle/2022-toyota-rav4-hybrid/,200,212058,8a717a46b379741b2cd73cf339c125347506d9e65891ab82e7ee8d7f6c5509b4,2026-10-02T11:59:02+00:00,press/pressroom.toyota.com/vehicle__2022-toyota-rav4-hybrid.html.gz,ok,product_specs_links=1
toyota,toyota/camry,2024,press_vehicle_page,2024 Toyota Camry Hybrid,https://pressroom.toyota.com/vehicle/2024-toyota-camry-hybrid/,200,171914,680b52c0acfd70c52072cf1fde1567cc8f4457abd5e370ae09db7b51ceb7b525,2026-10-02T11:59:15+00:00,press/pressroom.toyota.com/vehicle__2024-toyota-camry-hybrid.html.gz,ok,product_specs_links=1
toyota,toyota/highlander,2026,press_vehicle_page,2026 Toyota Highlander,https://pressroom.toyota.com/vehicle/2026-toyota-highlander/,200,149495,c7a9257ebca341b4df221872f8bdb76edb2067ea0fad2146f7abc274653abc7d,2026-10-02T11:59:28+00:00,press/pressroom.toyota.com/vehicle__2026-toyota-highlander.html.gz,ok,product_specs_links=1
toyota,toyota/highlander,2026,press_vehicle_page,2026 Toyota Highlander Hybrid,https://pressroom.toyota.com/vehicle/2026-toyota-highlander-hybrid/,200,143930,826058d1f5a908d1f2e313db5682b690fbd777570b41bbc34f060b74f0d45410,2026-10-02T11:59:39+00:00,press/pressroom.toyota.com/vehicle__2026-toyota-highlander-hybrid.html.gz,ok,product_specs_links=1
toyota,toyota/corolla,2025,press_vehicle_page,2025 Toyota GR Corolla,https://pressroom.toyota.com/vehicle/2025-toyota-gr-corolla/,200,357632,189428b7303256ed6386aedcfee9598132ca8c4c8375cc3920ca0d736b1b084d,2026-10-02T11:59:50+00:00,press/pressroom.toyota.com/vehicle__2025-toyota-gr-corolla.html.gz,ok,product_specs_links=1
toyota,toyota/highlander,2025,press_vehicle_page,2025 Toyota Highlander,https://pressroom.toyota.com/vehicle/2025-toyota-highlander/,200,163020,aed44107c0c391d4a931e7b4617799304bf398776a98bc86307ef1a859482222,2026-10-02T12:00:05+00:00,press/pressroom.toyota.com/vehicle__2025-toyota-highlander.html.gz,ok,product_specs_links=1
toyota,toyota/highlander,2025,press_vehicle_page,2025 Toyota Highlander Hybrid,https://pressroom.toyota.com/vehicle/2025-toyota-highlander-hybrid/,200,170143,3fdf0a8fba174daf44e999d6e851a22fba042e775f3d6c949c7208d6b57ebfb6,2026-10-02T12:00:20+00:00,press/pressroom.toyota.com/vehicle__2025-toyota-highlander-hybrid.html.gz,ok,product_specs_links=1
toyota,toyota/camry,2025,press_vehicle_page,2025 Toyota Camry,https://pressroom.toyota.com/vehicle/2025-toyota-camry/,200,321062,1f24a080c5f6147a68316aa67169e7417cbd76c5079ef34601b43d84a9e750f6,2026-10-02T12:00:31+00:00,press/pressroom.toyota.com/vehicle__2025-toyota-camry.html.gz,ok,product_specs_links=1
toyota,toyota/corolla,2025,press_vehicle_page,2025 Toyota Corolla Hatchback,https://pressroom.toyota.com/vehicle/2025-toyota-corolla-hatchback/,200,201382,b37d619234953e59e091af440f0c8c2281fc124ebc14c6872a180a07970a37d0,2026-10-02T12:00:44+00:00,press/pressroom.toyota.com/vehicle__2025-toyota-corolla-hatchback.html.gz,ok,product_specs_links=1
toyota,toyota/corolla,2025,press_vehicle_page,2025 Toyota Corolla,https://pressroom.toyota.com/vehicle/2025-toyota-corolla/,200,201336,ecbd07a18f7e268954d491a390763819000d381edce7d5cfc0ba00ff9ebd96d7,2026-10-02T12:00:56+00:00,press/pressroom.toyota.com/vehicle__2025-toyota-corolla.html.gz,ok,product_specs_links=1
toyota,toyota/corolla,2025,press_vehicle_page,2025 Toyota Corolla Hybrid,https://pressroom.toyota.com/vehicle/2025-toyota-corolla-hybrid/,200,135937,d82fcd3c66768dec6b0d462b8b9ddce3ace8db0b685cdfead8d678ed407273d4,2026-10-02T12:01:10+00:00,press/pressroom.toyota.com/vehicle__2025-toyota-corolla-hybrid.html.gz,ok,product_specs_links=1
toyota,toyota/prius,2025,press_vehicle_page,2025 Toyota Prius,https://pressroom.toyota.com/vehicle/2025-toyota-prius/,200,225561,d20de2e0e2c5094e6fc4b1dfc3966e95fb867c97b9a178b99912223b314489dc,2026-10-02T12:01:22+00:00,press/pressroom.toyota.com/vehicle__2025-toyota-prius.html.gz,ok,product_specs_links=1
toyota,toyota/rav4,2025,press_vehicle_page,2025 Toyota RAV4,https://pressroom.toyota.com/vehicle/2025-toyota-rav4/,200,131860,1fe241e772fdfede9f9ef4b491906eac93603a27d21ae7630c0faeff3523f986,2026-10-02T12:01:33+00:00,press/pressroom.toyota.com/vehicle__2025-toyota-rav4.html.gz,ok,product_specs_links=1
toyota,toyota/rav4,2025,press_vehicle_page,2025 Toyota RAV4 Hybrid,https://pressroom.toyota.com/vehicle/2025-toyota-rav4-hybrid/,200,126267,37e1eedf66233fb36178c29c49e78054183e0dbd887780a1c4528eaa6bf26b28,2026-10-02T12:01:47+00:00,press/pressroom.toyota.com/vehicle__2025-toyota-rav4-hybrid.html.gz,ok,product_specs_links=1
toyota,toyota/rav4,2026,press_vehicle_page,2026 Toyota RAV4,https://pressroom.toyota.com/vehicle/2026-toyota-rav4/,200,304430,14d1a8728b674d431a83f1644c29b5e5de9f3aade7e102c9d649ccddaa48fe71,2026-10-02T12:01:59+00:00,press/pressroom.toyota.com/vehicle__2026-toyota-rav4.html.gz,ok,product_specs_links=1
toyota,toyota/prius,2026,press_vehicle_page,2026 Toyota Prius,https://pressroom.toyota.com/vehicle/2026-toyota-prius/,200,225489,72826a729245c237b24c8623096225ac3aeddc40379321734ac336766bb22bea,2026-10-02T12:02:11+00:00,press/pressroom.toyota.com/vehicle__2026-toyota-prius.html.gz,ok,product_specs_links=1
toyota,toyota/corolla,2026,press_vehicle_page,2026 Toyota Corolla Hatchback,https://pressroom.toyota.com/vehicle/2026-toyota-corolla-hatchback/,200,193118,8a13106d5d6fbc511164a4b857c5b25db1223230d2939ef521c5e36969a896db,2026-10-02T12:02:23+00:00,press/pressroom.toyota.com/vehicle__2026-toyota-corolla-hatchback.html.gz,ok,product_specs_links=1
toyota,toyota/corolla,2026,press_vehicle_page,2026 Toyota GR Corolla,https://pressroom.toyota.com/vehicle/2026-toyota-gr-corolla/,200,529737,598282f0fa4dcd5e38482524001688d19c458946f9f0d1a9fc7e1fde3f25fbce,2026-10-02T12:02:36+00:00,press/pressroom.toyota.com/vehicle__2026-toyota-gr-corolla.html.gz,ok,product_specs_links=1
toyota,toyota/corolla,2026,press_vehicle_page,2026 Toyota Corolla,https://pressroom.toyota.com/vehicle/2026-toyota-corolla/,200,175827,41470382fc32ddc8735d70644a6dd9b99927fcd1314d9d9f9102cc1bf200d334,2026-10-02T12:02:49+00:00,press/pressroom.toyota.com/vehicle__2026-toyota-corolla.html.gz,ok,product_specs_links=1
toyota,toyota/corolla,2026,press_vehicle_page,2026 Toyota Corolla Hybrid,https://pressroom.toyota.com/vehicle/2026-toyota-corolla-hybrid/,200,139955,0ca1f263b36bb2a5d25d10d659805ba0805110813dec1057e22be86764da70c4,2026-10-02T12:03:01+00:00,press/pressroom.toyota.com/vehicle__2026-toyota-corolla-hybrid.html.gz,ok,product_specs_links=1
toyota,toyota/camry,2026,press_vehicle_page,2026 Toyota Camry,https://pressroom.toyota.com/vehicle/2026-toyota-camry/,200,331680,73d8050b2587cb1b4848e8e7ea0da4e51b410ca2beff113181517a69e311f2ee,2026-10-02T12:03:14+00:00,press/pressroom.toyota.com/vehicle__2026-toyota-camry.html.gz,ok,product_specs_links=1
toyota,toyota/camry,2019,press_presskit_page,2019 Toyota Camry,https://pressroom.toyota.com/presskit/toyota-camry-2019/,200,111410,b696d4898820374f691329187798c0a559093087b495c28aa28e5d0f67551dbd,2026-10-02T12:03:26+00:00,press/pressroom.toyota.com/presskit__toyota-camry-2019.html.gz,ok,spec_links=
toyota,toyota/camry,2019,press_presskit_page,2019 Toyota Camry-Hybrid,https://pressroom.toyota.com/presskit/toyota-camry-hybrid-2019/,200,111051,44dcb9a087467ba85299f34bdea323a447801f50a3458dd92271624f6797ffae,2026-10-02T12:03:37+00:00,press/pressroom.toyota.com/presskit__toyota-camry-hybrid-2019.html.gz,ok,spec_links=
toyota,toyota/prius,2019,press_presskit_page,2019 Toyota Prius,https://pressroom.toyota.com/presskit/toyota-prius-2019/,200,111843,2a68248524f16a2b0894593db962a9dd4593866a3d1b1bab09d7660ec1247af6,2026-10-02T12:03:51+00:00,press/pressroom.toyota.com/presskit__toyota-prius-2019.html.gz,ok,spec_links=
toyota,toyota/rav4,2019,press_presskit_page,2019 Toyota RAV4,https://pressroom.toyota.com/presskit/toyota-rav4-2019/,200,110932,b1bd813a2cc2517918b073251d30272bcdc87291eefa5651b2332cb5f2d2b53d,2026-10-02T12:04:03+00:00,press/pressroom.toyota.com/presskit__toyota-rav4-2019.html.gz,ok,spec_links=
toyota,toyota/rav4,2015,press_presskit_page,2015 Toyota RAV4,https://pressroom.toyota.com/presskit/toyota-rav4-2015/,200,111485,1d686321893d8b38987b9a44b769b7708de4855ca042c54dd141d633371da873,2026-10-02T12:04:15+00:00,press/pressroom.toyota.com/presskit__toyota-rav4-2015.html.gz,ok,spec_links=
toyota,toyota/prius,2015,press_presskit_page,2015 Toyota Prius,https://pressroom.toyota.com/presskit/toyota-prius-2015/,200,111793,02beb7900fc092bd833acb6d3f3c21b74d4d43f74d3643f9a09411dafa82feb8,2026-10-02T12:04:27+00:00,press/pressroom.toyota.com/presskit__toyota-prius-2015.html.gz,ok,spec_links=
toyota,toyota/corolla,2015,press_presskit_page,2015 Toyota Corolla,https://pressroom.toyota.com/presskit/toyota-corolla-2015/,200,110575,c37d330b5216a246c1e72161b5177ad8a9c5a8aa30b8bec082d2fa0995c387a1,2026-10-02T12:04:41+00:00,press/pressroom.toyota.com/presskit__toyota-corolla-2015.html.gz,ok,spec_links=
toyota,toyota/highlander,2015,press_presskit_page,2015 Toyota Highlander,https://pressroom.toyota.com/presskit/toyota-highlander-2015/,200,112677,feab1e4399f43e72830b295052e928ce9dcdb2b294d7daf8d127b84b9c623248,2026-10-02T12:04:53+00:00,press/pressroom.toyota.com/presskit__toyota-highlander-2015.html.gz,ok,spec_links=
toyota,toyota/highlander,2015,press_presskit_page,2015 Toyota Highlander Hybrid,https://pressroom.toyota.com/presskit/toyota-highlander-hybrid-2015/,200,111437,a2c986632369a6b78ca4c6dcfda76a444bbfe11b098b960f3dd0df803a4501c3,2026-10-02T12:05:08+00:00,press/pressroom.toyota.com/presskit__toyota-highlander-hybrid-2015.html.gz,ok,spec_links=
toyota,toyota/camry,2015,press_presskit_page,2015 Toyota Camry,https://pressroom.toyota.com/presskit/toyota-camry-2015/,200,111960,683830787192f3b906a96728d549bde7b851ee7eca9f9b37294453cf91f2834d,2026-10-02T12:05:19+00:00,press/pressroom.toyota.com/presskit__toyota-camry-2015.html.gz,ok,spec_links=
toyota,toyota/camry,2015,press_presskit_page,2015 Toyota Camry Hybrid,https://pressroom.toyota.com/presskit/toyota-camry-hybrid-2015/,200,111093,ddbc2fcc70cbbda7e304a7a4ccdc0fb5bd03579802db4deb519b724d9bf400cc,2026-10-02T12:05:32+00:00,press/pressroom.toyota.com/presskit__toyota-camry-hybrid-2015.html.gz,ok,spec_links=
toyota,toyota/highlander,2014,press_presskit_page,2014 Toyota Highlander Hybrid,https://pressroom.toyota.com/presskit/toyota-highlander-hybrid-2014/,200,111798,cb601d62d8cf311c7a3f26a88efa9eb4171901a8723c021989775f29647610de,2026-10-02T12:05:43+00:00,press/pressroom.toyota.com/presskit__toyota-highlander-hybrid-2014.html.gz,ok,spec_links=
toyota,toyota/highlander,2014,press_presskit_page,2014 Toyota Highlander,https://pressroom.toyota.com/presskit/toyota-highlander-2014/,200,111289,1c8edbf4a6c2ee60ab771d5f6565839a3208ab1000111642f5ee322a7797f0c2,2026-10-02T12:05:57+00:00,press/pressroom.toyota.com/presskit__toyota-highlander-2014.html.gz,ok,spec_links=
toyota,toyota/rav4,2014,press_presskit_page,2014 Toyota RAV4 EV,https://pressroom.toyota.com/presskit/toyota-rav4-ev-2014/,200,110937,5f7ae4e5551627fb3a2c553fa5341a06ac92183f8b7f7b59bf0fe079a5b154c3,2026-10-02T12:06:10+00:00,press/pressroom.toyota.com/presskit__toyota-rav4-ev-2014.html.gz,ok,spec_links=
toyota,toyota/prius,2014,press_presskit_page,2014 Toyota Prius,https://pressroom.toyota.com/presskit/toyota-prius-2014/,200,109883,47f7b045f2bc583679c728edda40acf4d44240f2682368f223f3b32509a4fc0c,2026-10-02T12:06:22+00:00,press/pressroom.toyota.com/presskit__toyota-prius-2014.html.gz,ok,spec_links=
toyota,toyota/camry,2014,press_presskit_page,2014 Toyota Camry,https://pressroom.toyota.com/presskit/toyota-camry-2014/,200,110545,253ae344cec3d9bd27f5fa34980622d51da59967bd4bf8bcfc7b1a1b6f34dc36,2026-10-02T12:06:35+00:00,press/pressroom.toyota.com/presskit__toyota-camry-2014.html.gz,ok,spec_links=
toyota,toyota/camry,2014,press_presskit_page,2014 Toyota Camry Hybrid,https://pressroom.toyota.com/presskit/toyota-camry-hybrid-2014/,200,110414,3bb3e11bd76f2e82905d3461e16009790a097cf44d80e43c5078a352ae012553,2026-10-02T12:06:48+00:00,press/pressroom.toyota.com/presskit__toyota-camry-hybrid-2014.html.gz,ok,spec_links=
toyota,toyota/rav4,2014,press_presskit_page,2014 Toyota RAV4,https://pressroom.toyota.com/presskit/toyota-rav4-2014/,200,110793,8892f3cab36cb824dacc0db9cdb8cfcb7ec0ff67a567c99ec16b682aaebe8fdd,2026-10-02T12:07:01+00:00,press/pressroom.toyota.com/presskit__toyota-rav4-2014.html.gz,ok,spec_links=
toyota,toyota/corolla,2014,press_presskit_page,2014 Toyota Corolla,https://pressroom.toyota.com/presskit/toyota-corolla-2014/,200,111032,446379782da6fe5335b51e2fb7bc7ac5fb782e514b784f20c2f8425494a73871,2026-10-02T12:07:15+00:00,press/pressroom.toyota.com/presskit__toyota-corolla-2014.html.gz,ok,spec_links=
toyota,toyota/highlander,2019,press_presskit_page,2019 Toyota Highlander Hybrid,https://pressroom.toyota.com/presskit/toyota-highlander-hybrid-2019/,200,112184,03ec10bd13d83c9ab17e5d7082845883353b287b28cb4501f8dbc5c16bc1abff,2026-10-02T12:07:28+00:00,press/pressroom.toyota.com/presskit__toyota-highlander-hybrid-2019.html.gz,ok,spec_links=
toyota,toyota/highlander,2019,press_presskit_page,2019 Toyota Highlander,https://pressroom.toyota.com/presskit/toyota-highlander-2019/,200,112482,d93ecf9c2c7e98fdc487175532dd7f6c255859b225449d022f4cca4f26fc371f,2026-10-02T12:07:40+00:00,press/pressroom.toyota.com/presskit__toyota-highlander-2019.html.gz,ok,spec_links=Product Information -> https://toyotacmsstg.demosjr.com/2019-toyota-highlander-product-info/
toyota,toyota/corolla,2016,press_presskit_page,2016 Toyota Corolla,https://pressroom.toyota.com/presskit/toyota-corolla-2016/,200,109913,e799539a5722d5d88da8b76dccbd118bfd6bde002fba2a44b12a0d437bc443ff,2026-10-02T12:07:51+00:00,press/pressroom.toyota.com/presskit__toyota-corolla-2016.html.gz,ok,spec_links=Product Information -> https://pressroom.toyota.com/toyota-production-north-america-nearly-two-million-in-2017/
toyota,toyota/rav4,2018,press_presskit_page,2018 Toyota RAV4 Hybrid,https://pressroom.toyota.com/presskit/toyota-rav4-hybrid-2018/,200,112002,123d801bb378fa25ee6343a2bb7f158515ec9d9b3b48087ab1b1ef619bbe5840,2026-10-02T12:08:05+00:00,press/pressroom.toyota.com/presskit__toyota-rav4-hybrid-2018.html.gz,ok,spec_links=Product Information -> https://pressroom.toyota.com/2018-toyota-rav4-hybrid-product-info/
toyota,toyota/rav4,2017,press_presskit_page,2017 Toyota RAV4 Hybrid,https://pressroom.toyota.com/presskit/toyota-rav4-hybrid-2017/,200,112294,be7d445009b739787081134abed0813dddbe0691a8b5d004884f93a4fb1dc76e,2026-10-02T12:08:17+00:00,press/pressroom.toyota.com/presskit__toyota-rav4-hybrid-2017.html.gz,ok,spec_links=Product Information -> https://pressroom.toyota.com/2017-rav4-hydrid-product-specifications/
toyota,toyota/rav4,2016,press_presskit_page,2016 Toyota RAV4 Hybrid,https://pressroom.toyota.com/presskit/toyota-rav4-hybrid-2016/,200,111643,504bf352239d1c47119b5bd57aaf87cbf2ce560531085f3d2f10f48141128ea3,2026-10-02T12:08:30+00:00,press/pressroom.toyota.com/presskit__toyota-rav4-hybrid-2016.html.gz,ok,spec_links=Product Information -> https://pressroom.toyota.com/2016-rav4-hybrid-product-specs/
toyota,toyota/highlander,2017,press_presskit_page,2017 Toyota Highlander Hybrid,https://pressroom.toyota.com/presskit/toyota-highlander-hybrid-2017/,200,111827,5cb560d2bbb55bb81b9b087ddf4cb8ea756b311e6f563447ec51b6973bf77db5,2026-10-02T12:08:42+00:00,press/pressroom.toyota.com/presskit__toyota-highlander-hybrid-2017.html.gz,ok,spec_links=Product Information -> https://pressroom.toyota.com/2017-toyota-highlander-hybrid-product-specs/
toyota,toyota/highlander,2016,press_presskit_page,2016 Toyota Highlander Hybrid,https://pressroom.toyota.com/presskit/toyota-highlander-hybrid-2016/,200,110065,fd66af2a38201443d7bfca2d78fbb58b53fb8b7afb81348699e7db090fdc2d7e,2026-10-02T12:08:55+00:00,press/pressroom.toyota.com/presskit__toyota-highlander-hybrid-2016.html.gz,ok,spec_links=Product Information -> https://pressroom.toyota.com/2016-toyota-highlander-hybrid-product-specs/
toyota,toyota/camry,2017,press_presskit_page,2017 Toyota Camry Hybrid,https://pressroom.toyota.com/presskit/toyota-camry-hybrid-2017/,200,111301,048ee1bdc61d97cd471f259b70ecc09256d74ea760addbbd05f742c670fff476,2026-10-02T12:09:06+00:00,press/pressroom.toyota.com/presskit__toyota-camry-hybrid-2017.html.gz,ok,spec_links=Product Information -> https://pressroom.toyota.com/2017-toyota-camry-hybrid-product-specs/
toyota,toyota/camry,2016,press_presskit_page,2016 Toyota Camry Hybrid,https://pressroom.toyota.com/presskit/toyota-camry-hybrid-2016/,200,110404,e6ad39d47ec4e3a5be2d0ce6f9b6145b06ce7243393e8322eac39a39554f3ad9,2026-10-02T12:09:16+00:00,press/pressroom.toyota.com/presskit__toyota-camry-hybrid-2016.html.gz,ok,spec_links=Product Information -> https://pressroom.toyota.com/2016-toyota-camry-hybrid-product-specs/
toyota,toyota/prius,2018,press_presskit_page,2018 Toyota Prius,https://pressroom.toyota.com/presskit/toyota-prius-2018/,200,110053,6f7f00cd9234f77c52d6d5e27fe834c69738d5ac6d921c6338fd5d6fd8e10291,2026-10-02T12:09:28+00:00,press/pressroom.toyota.com/presskit__toyota-prius-2018.html.gz,ok,spec_links=Product Information -> https://pressroom.toyota.com/2018-toyota-prius-product-info-sheet/
toyota,toyota/prius,2017,press_presskit_page,2017 Toyota Prius,https://pressroom.toyota.com/presskit/toyota-prius-2017/,200,111062,dc73c551fb9b62d0733b7a265ae506f2b0a39ac3e904b0741e77c64a2d776dc6,2026-10-02T12:09:41+00:00,press/pressroom.toyota.com/presskit__toyota-prius-2017.html.gz,ok,spec_links=Product Information -> https://pressroom.toyota.com/2017-toyota-prius-product-specs/
toyota,toyota/prius,2016,press_presskit_page,2016 Toyota Prius,https://pressroom.toyota.com/presskit/toyota-prius-2016/,200,110013,cd7f944acdeac82cbfba268b1c5515b1c85e206f328f0e0a6d80fa6759b0f1c4,2026-10-02T12:09:53+00:00,press/pressroom.toyota.com/presskit__toyota-prius-2016.html.gz,ok,spec_links=Product Information -> https://pressroom.toyota.com/toyota-2016-prius-liftback-product-specs/
toyota,toyota/rav4,2018,press_presskit_page,2018 Toyota RAV4,https://pressroom.toyota.com/presskit/toyota-rav4-2018/,200,109917,46eb0265e0f9ffc99068d5d54ce5f9f43902d8d35cf99612b1f8cc1f8da98cc1,2026-10-02T12:10:04+00:00,press/pressroom.toyota.com/presskit__toyota-rav4-2018.html.gz,ok,spec_links=Product Information -> https://pressroom.toyota.com/2018-toyota-rav4-product-info/
toyota,toyota/rav4,2017,press_presskit_page,2017 Toyota RAV4,https://pressroom.toyota.com/presskit/toyota-rav4-2017/,200,110973,718165a8869cbfdbc0d64ee2ccc0ebe071679ef1a755c2027eda1a0f25c93c34,2026-10-02T12:10:15+00:00,press/pressroom.toyota.com/presskit__toyota-rav4-2017.html.gz,ok,spec_links=Product Information -> https://pressroom.toyota.com/2017-rav4-product-specifications/
toyota,toyota/rav4,2016,press_presskit_page,2016 Toyota RAV4,https://pressroom.toyota.com/presskit/toyota-rav4-2016/,200,110278,7e76c10881111279521574d3ef36d7696e9204ce9dbe1efc282b89ecd3145f05,2026-10-02T12:10:27+00:00,press/pressroom.toyota.com/presskit__toyota-rav4-2016.html.gz,ok,spec_links=Product Information -> https://pressroom.toyota.com/2016-toyota-rav4-product-specs/
toyota,toyota/camry,2018,press_presskit_page,2018 Toyota Camry Hybrid,https://pressroom.toyota.com/presskit/toyota-camry-hybrid-2018/,200,112370,a74034f6a727c9a8c2b86eb0ea30733f3038ba595b7fdc41a8a06743e188771a,2026-10-02T12:10:39+00:00,press/pressroom.toyota.com/presskit__toyota-camry-hybrid-2018.html.gz,ok,spec_links=Product Information -> https://pressroom.toyota.com/2018-toyota-camry-hybrid-product-info-sheet/
toyota,toyota/highlander,2017,press_presskit_page,2017 Toyota Highlander,https://pressroom.toyota.com/presskit/toyota-highlander-2017/,200,110724,f1a25d3c79ceb16f8f3042acf893798682dc8aa6c738fd0544bf087aef127312,2026-10-02T12:10:53+00:00,press/pressroom.toyota.com/presskit__toyota-highlander-2017.html.gz,ok,spec_links=Product Information -> https://pressroom.toyota.com/2017-toyota-highlander-product-specs/
toyota,toyota/highlander,2018,press_presskit_page,2018 Toyota Highlander Hybrid,https://pressroom.toyota.com/presskit/toyota-highlander-hybrid-2018/,200,112080,19cb1efe764e81c66ab0360861f3b3f2605115409f84df637797abff9b95bf8e,2026-10-02T12:11:05+00:00,press/pressroom.toyota.com/presskit__toyota-highlander-hybrid-2018.html.gz,ok,spec_links=Product Info -> https://pressroom.toyota.com/2018-toyota-highlander-hybrid-product-info/
toyota,toyota/highlander,2018,press_presskit_page,2018 Toyota Highlander,https://pressroom.toyota.com/presskit/toyota-highlander-2018/,200,112023,ae13ff1e19fa536573797fb36533558b2a64f2b0c9ffdfc867f037ffdb2a4305,2026-10-02T12:11:17+00:00,press/pressroom.toyota.com/presskit__toyota-highlander-2018.html.gz,ok,spec_links=Product Information -> https://pressroom.toyota.com/2018-toyota-highlander-product-info/
toyota,toyota/highlander,2016,press_presskit_page,2016 Toyota Highlander,https://pressroom.toyota.com/presskit/toyota-highlander-2016/,200,109124,3dcf2905de19be0d047cf3449b15653be117d3c78fc8a2f6a954dc2ee081d2df,2026-10-02T12:11:28+00:00,press/pressroom.toyota.com/presskit__toyota-highlander-2016.html.gz,ok,spec_links=Product Information -> https://pressroom.toyota.com/2016-toyota-highlander-product-specs/
toyota,toyota/corolla,2018,press_presskit_page,2018 Toyota Corolla,https://pressroom.toyota.com/presskit/toyota-corolla-2018/,200,110219,eb50be06118001ab646683c633ba648d1f6ffec57c5d577193eda7e4573fa885,2026-10-02T12:11:40+00:00,press/pressroom.toyota.com/presskit__toyota-corolla-2018.html.gz,ok,spec_links=Product Information -> https://pressroom.toyota.com/2018-corolla-product-info/
toyota,toyota/corolla,2017,press_presskit_page,2017 Toyota Corolla,https://pressroom.toyota.com/presskit/toyota-corolla-2017/,200,111090,6b6f31b72354f0f85422aab4cc4db3d62b4fcda7deecab02e18a33a3f51f918d,2026-10-02T12:11:54+00:00,press/pressroom.toyota.com/presskit__toyota-corolla-2017.html.gz,ok,spec_links=Product Information -> https://pressroom.toyota.com/2017-toyota-corolla-product-specs/
toyota,toyota/camry,2018,press_presskit_page,2018 Toyota Camry,https://pressroom.toyota.com/presskit/toyota-camry-2018/,200,110662,58437f63d693736d098458718f76466f008d434a5ad1c02da471420b19035ec1,2026-10-02T12:12:06+00:00,press/pressroom.toyota.com/presskit__toyota-camry-2018.html.gz,ok,spec_links=Product Information -> https://pressroom.toyota.com/2018-toyota-camry-product-info-sheet/
toyota,toyota/camry,2016,press_presskit_page,2016 Toyota Camry,https://pressroom.toyota.com/presskit/toyota-camry-2016/,200,110500,6f09e896e9fb65d2735630ab507599e809a0aada3fbedd9c452bf5e82010e6c0,2026-10-02T12:12:18+00:00,press/pressroom.toyota.com/presskit__toyota-camry-2016.html.gz,ok,spec_links=Product Information -> https://pressroom.toyota.com/2016-toyota-camry-hybrid-product-specs/
toyota,toyota/camry,2017,press_presskit_page,2017 Toyota Camry,https://pressroom.toyota.com/presskit/toyota-camry-2017/,200,109794,f25f6d5631d8e3e21fd0b38c76f1577f93785d7c42ab0595334a541dcd1acf48,2026-10-02T12:12:31+00:00,press/pressroom.toyota.com/presskit__toyota-camry-2017.html.gz,ok,spec_links=Product Information -> https://pressroom.toyota.com/2017-toyota-camry-product-specs/
toyota,toyota/corolla,2019,press_post_page,2019 Toyota Corolla Hatchback Product Information,https://pressroom.toyota.com/2019-toyota-corolla-hatchback-product-info/,200,115486,1c2b398bea7f8bd2f317a84ab507a7ae9754f482355fc01aae381d15af0f5f7c,2026-10-02T12:12:42+00:00,press/pressroom.toyota.com/2019-toyota-corolla-hatchback-product-info.html.gz,ok,download_links=1
toyota,toyota/highlander,2017,press_post_page,2017 Toyota Highlander Product Information,https://pressroom.toyota.com/2017-toyota-highlander-product-specs/,200,124193,395441b27b224ec601320640873499038a37df401e02e923a4ea89340d69ea99,2026-10-02T12:12:56+00:00,press/pressroom.toyota.com/2017-toyota-highlander-product-specs.html.gz,ok,download_links=1
toyota,toyota/rav4,2017,press_post_page,2017 RAV4 Product Information,https://pressroom.toyota.com/2017-rav4-product-specifications/,200,120441,47d70cbfd9afdf95abe5f24b9151cb8ec61e9d7e8a95e023131acd7dd8c9008d,2026-10-02T12:13:07+00:00,press/pressroom.toyota.com/2017-rav4-product-specifications.html.gz,ok,download_links=1
toyota,toyota/corolla,2017,press_post_page,2017 Toyota Corolla iM Product Information,https://pressroom.toyota.com/2017-toyota-corollaim-product-specifications/,200,120000,4fccbf78294923bdb68fc5450de610d47d609c9979b7f8b2edc3bec2d202a699,2026-10-02T12:13:20+00:00,press/pressroom.toyota.com/2017-toyota-corollaim-product-specifications.html.gz,ok,download_links=1
toyota,toyota/prius,2017,press_post_page,2017 Toyota Prius Product Information,https://pressroom.toyota.com/2017-toyota-prius-product-specs/,200,119124,8afc2b8dee8bc6f11edd4a562cdd8ca2cc46739548f009d583b0ea9b67e2a5ec,2026-10-02T12:13:32+00:00,press/pressroom.toyota.com/2017-toyota-prius-product-specs.html.gz,ok,download_links=1
toyota,,,press_post_page,2015 SEMA/Toyota Joe Gibbs Racing No. 19 Camry Specs,https://pressroom.toyota.com/2015-sema-toyota-gibbs-racing-camry-specs/,200,121753,fc49bc44e22f4cf6319a507b8825aaabb4a05796874dba9423c4c9ed36fc6958,2026-10-02T12:13:46+00:00,press/pressroom.toyota.com/2015-sema-toyota-gibbs-racing-camry-specs.html.gz,ok,title is not a spec post of a target line/year
toyota,,,press_post_page,2015 SEMA/Toyota - Rally RAV4 Specs,https://pressroom.toyota.com/2015-sema-toyota-rally-rav4-specs/,200,125104,97a7eb8b8d72ab6ac326924f27afe4a62bbd7d0dc4d63e4b3cffbfae5b58fd35,2026-10-02T12:13:57+00:00,press/pressroom.toyota.com/2015-sema-toyota-rally-rav4-specs.html.gz,ok,title is not a spec post of a target line/year
toyota,,,press_post_page,2015 SEMA/Toyota - SEMA Edition TRD Corolla Specs,https://pressroom.toyota.com/2015-sema-toyota-corolla-trd-specs/,200,122647,f230e33e51e8102050ed65bf9f67c8a3f56ad80bfbd1985cdd2dcc0206bc2ab9,2026-10-02T12:14:11+00:00,press/pressroom.toyota.com/2015-sema-toyota-corolla-trd-specs.html.gz,ok,title is not a spec post of a target line/year
toyota,,,press_post_page,2015 SEMA/Toyota - SEMA Edition TRD Highlander Specs,https://pressroom.toyota.com/2015-sema-toyota-trd-highlander-specs/,200,123126,d266b1505f186d6d5b9aa8f1d5036a615d796f99d7ef3326194675d6446349c7,2026-10-02T12:14:22+00:00,press/pressroom.toyota.com/2015-sema-toyota-trd-highlander-specs.html.gz,ok,title is not a spec post of a target line/year
toyota,,,press_post_page,Toyota Announces Pricing for Sporty Camry and Corolla Special Editions,https://pressroom.toyota.com/toyota-pricing-special-edition-camry-corolla-2016/,200,120353,caa0cbf189b190a521d220ffccaf5430eca91e03c4ac6ce776fe40e4ca9160a7,2026-10-02T12:14:33+00:00,press/pressroom.toyota.com/toyota-pricing-special-edition-camry-corolla-2016.html.gz,ok,title is not a spec post of a target line/year
toyota,toyota/corolla,2016,press_post_page,2016 Toyota Corolla Product Information,https://pressroom.toyota.com/2016-toyota-corolla-product-specs/,200,117364,ddcebfd576bc54faafd668fe61e479fe19086eb3a3f68777e8205fbd18f4b642,2026-10-02T12:14:44+00:00,press/pressroom.toyota.com/2016-toyota-corolla-product-specs.html.gz,ok,download_links=1
toyota,,,press_post_page,Toyota to Create Turbulence in Windy City with Sporty Camry and Corolla Special Editions,https://pressroom.toyota.com/toyota-2015-special-edition-camry-corolla-chicago-auto-show-debut/,200,125161,46d719c6ce83c5cf8f7644ac9c8437725486fc07abe9e1fd8bffefb245c3f08b,2026-10-02T12:14:55+00:00,press/pressroom.toyota.com/toyota-2015-special-edition-camry-corolla-chicago-auto-show-debut.html.gz,ok,title is not a spec post of a target line/year
toyota,toyota/camry,2015,press_post_page,2015 Toyota Camry Product Information,https://pressroom.toyota.com/2015-toyota-camry-product-specs/,200,114976,4cb5b25704f20fb4a68115dd924c7621564db85e4c26e6f2ceacac5272dcdc42,2026-10-02T12:15:09+00:00,press/pressroom.toyota.com/2015-toyota-camry-product-specs.html.gz,ok,download_links=1
toyota,toyota/corolla,2015,press_post_page,2015 Toyota Corolla Product Information,https://pressroom.toyota.com/2015-toyota-corolla-product-specs/,200,115417,3110265e4dbe8dba19ef82d31105d175ba27a8e9decaa3e9a2615ee0e6d5b40b,2026-10-02T12:15:23+00:00,press/pressroom.toyota.com/2015-toyota-corolla-product-specs.html.gz,ok,download_links=1
toyota,toyota/highlander,2015,press_post_page,2015 Toyota Highlander Product Information,https://pressroom.toyota.com/2015-toyota-highlander-product-specs/,200,116521,e7f30ea471aa8f40aa67105c1329ff227ded40e3f49533ec3d84b201d2c0f725,2026-10-02T12:15:35+00:00,press/pressroom.toyota.com/2015-toyota-highlander-product-specs.html.gz,ok,download_links=1
toyota,toyota/rav4,2015,press_post_page,2015 Toyota RAV4 Product Information,https://pressroom.toyota.com/toyota-2015-rav4-product-specs/,200,116453,5eb9a0524aad6f5f2dedaa75743be528fd5e55f5b88aaddf2448ff91d38c6fe8,2026-10-02T12:15:45+00:00,press/pressroom.toyota.com/toyota-2015-rav4-product-specs.html.gz,ok,download_links=1
toyota,toyota/prius,2015,press_post_page,2015 Toyota Prius Product Information,https://pressroom.toyota.com/toyota-2015-prius-product-specs/,200,114296,3d960168fbe5c38ea56afe95672b573d0ffb375dad0f45c04ad3cab1abc2fcb0,2026-10-02T12:15:58+00:00,press/pressroom.toyota.com/toyota-2015-prius-product-specs.html.gz,ok,download_links=1
toyota,toyota/highlander,2014,press_post_page,2014 Toyota Highlander Product Information,https://pressroom.toyota.com/2014-toyota-highlander-product-specs/,200,116019,bbd61f067fe20a8aa006cee2326c13517215dc2fdc176be06ff02ec2d4b0f844,2026-10-02T12:16:10+00:00,press/pressroom.toyota.com/2014-toyota-highlander-product-specs.html.gz,ok,download_links=1
toyota,toyota/prius,2014,press_post_page,2014 Toyota Prius Product Information,https://pressroom.toyota.com/2014-toyota-prius-product-specs/,200,114795,de3e8f2cfe4b38d17f84eef6936677120b840be521397f39d2f08c5b636cabf0,2026-10-02T12:16:24+00:00,press/pressroom.toyota.com/2014-toyota-prius-product-specs.html.gz,ok,download_links=1
toyota,toyota/camry,2014,press_post_page,2014 Toyota Camry Product Information,https://pressroom.toyota.com/2014-toyota-camry-product-specs/,200,115105,55e469588f1530861db8450c0b83402db134dba255f7d87eb554d71144bc989e,2026-10-02T12:16:36+00:00,press/pressroom.toyota.com/2014-toyota-camry-product-specs.html.gz,ok,download_links=1
toyota,toyota/corolla,2014,press_post_page,2014 Toyota Corolla Product Information,https://pressroom.toyota.com/2014-toyota-corolla-product-specs/,200,114021,bda66be1d1d5e253bd9ea8e789394ac24a0f54f5d444c02c5131ad82a0cfa831,2026-10-02T12:16:48+00:00,press/pressroom.toyota.com/2014-toyota-corolla-product-specs.html.gz,ok,download_links=1
toyota,toyota/corolla,2014,press_post_page,2014 Toyota Corolla Features and Specifications,https://pressroom.toyota.com/2014-toyota-corolla-features-specs/,200,114573,f494cc5705810a4193f8258ba2f49bb11a3619bb06b851c82644f191f819a62d,2026-10-02T12:17:00+00:00,press/pressroom.toyota.com/2014-toyota-corolla-features-specs.html.gz,ok,download_links=1
toyota,toyota/rav4,2014,press_post_page,2014 Toyota RAV4 Product Information,https://pressroom.toyota.com/2014-toyota-rav4-product-specs/,200,113680,eeee7b010d39a39b06308bd1b3113683d36f5ef913102b744f230c24878d9e3a,2026-10-02T12:17:11+00:00,press/pressroom.toyota.com/2014-toyota-rav4-product-specs.html.gz,ok,download_links=1
toyota,toyota/rav4,2019,press_post_page,2019 Toyota RAV4 Hybrid Product Information,https://pressroom.toyota.com/2019-toyota-rav4-hybrid-product-specifications/,200,118768,22d185327d3a3f1b7378f96a15823768fc6c4529e654e9bf51771e6583361485,2026-10-02T12:17:25+00:00,press/pressroom.toyota.com/2019-toyota-rav4-hybrid-product-specifications.html.gz,ok,download_links=1
toyota,toyota/rav4,2018,press_post_page,2018 Toyota RAV4 Hybrid Product Information,https://pressroom.toyota.com/2018-toyota-rav4-hybrid-product-info/,200,116927,b737ba180dff663991a99cf83935e2bc8665dff0a7218627ad0c75c211600e45,2026-10-02T12:17:38+00:00,press/pressroom.toyota.com/2018-toyota-rav4-hybrid-product-info.html.gz,ok,download_links=1
toyota,,,press_post_page,Special Edition Prius Takes on a New Persona for 2015,https://pressroom.toyota.com/toyota-2015-prius-persona-special-edition/,200,119767,c67caa01862b82e5dcb77bd94cd994421bbf6dfbc50f6536e887992bfa12cdd4,2026-10-02T12:17:50+00:00,press/pressroom.toyota.com/toyota-2015-prius-persona-special-edition.html.gz,ok,title is not a spec post of a target line/year
toyota,toyota/highlander,2018,press_post_page,2018 Toyota Highlander Hybrid Product Info,https://pressroom.toyota.com/2018-toyota-highlander-hybrid-product-info/,200,116853,9af2f7f5af11bf3b615676a13ebb4eae09fc437dfdc891f034c24952f44885da,2026-10-02T12:18:06+00:00,press/pressroom.toyota.com/2018-toyota-highlander-hybrid-product-info.html.gz,ok,download_links=1
toyota,toyota/highlander,2017,press_post_page,2017 Toyota Highlander Hybrid Product Information,https://pressroom.toyota.com/2017-toyota-highlander-hybrid-product-specs/,200,129152,81b7190bc236b70a6833626c53c88cfda1e47c1caadeb72396b6242edb6f8c49,2026-10-02T12:18:20+00:00,press/pressroom.toyota.com/2017-toyota-highlander-hybrid-product-specs.html.gz,ok,download_links=1
toyota,toyota/highlander,2015,press_post_page,2015 Toyota Highlander Hybrid Product Information,https://pressroom.toyota.com/2015-toyota-highlander-hybrid-product-specs/,200,116709,677b9529797fefb6c4b30cf927163c8d46ea5370e4f33ce8d7b93dccd0fe39cd,2026-10-02T12:18:33+00:00,press/pressroom.toyota.com/2015-toyota-highlander-hybrid-product-specs.html.gz,ok,download_links=1
toyota,toyota/highlander,2014,press_post_page,2014 Toyota Highlander Hybrid Product Information,https://pressroom.toyota.com/2014-toyota-highlander-hybrid-product-specs/,200,116620,9033622da0d573fad6158ddeb56e0fb88c37bda50fe2292c39f046f7ac38d48c,2026-10-02T12:18:45+00:00,press/pressroom.toyota.com/2014-toyota-highlander-hybrid-product-specs.html.gz,ok,download_links=1
toyota,toyota/camry,2015,press_post_page,2015 Toyota Camry Hybrid Product Information,https://pressroom.toyota.com/2015-toyota-camry-hybrid-product-specs/,200,115560,e3fcf276cba76466c2e63294c6a0a421983a6eb47b6317231247bc500632fa6a,2026-10-02T12:18:57+00:00,press/pressroom.toyota.com/2015-toyota-camry-hybrid-product-specs.html.gz,ok,download_links=1
toyota,toyota/camry,2014,press_post_page,2014 Toyota Camry Hybrid Product Information,https://pressroom.toyota.com/2014-toyota-camry-hybrid-product-specs/,200,116548,ad4bf76a532aba29f2a7d55db14a6de10d05cf77125feba8b99f42ec50fb7661,2026-10-02T12:19:10+00:00,press/pressroom.toyota.com/2014-toyota-camry-hybrid-product-specs.html.gz,ok,download_links=1
toyota,,,press_post_page,2015 SEMA/Toyota - SEMA Edition TRD Camry Specs,https://pressroom.toyota.com/2015-sema-toyota-trd-camry-specs/,200,122306,0b9d93fcb07ac6c73a27eef440c617addf4ce4998c58a4f57b59f4298ca801ea,2026-10-02T12:19:24+00:00,press/pressroom.toyota.com/2015-sema-toyota-trd-camry-specs.html.gz,ok,title is not a spec post of a target line/year
toyota,toyota/camry,2016,press_post_page,2016 Toyota Camry Product Information,https://pressroom.toyota.com/2016-toyota-camry-product-specs/,200,115024,1e1eaf35c0c96168e21c6f3ee84e17855d7597d8e64e766ad859e7d68ddeac7f,2026-10-02T12:19:37+00:00,press/pressroom.toyota.com/2016-toyota-camry-product-specs.html.gz,ok,download_links=1
toyota,,,press_post_page,2016 Toyota Camry Continues Domination of Midsize Segment and Debuts New Special Edition,https://pressroom.toyota.com/2016-toyota-camry-special-edition-debut/,200,131016,ba44e3e226c774ac45f220b25d723de36cee5ed38d3e16f23c8bb09d51a820b6,2026-10-02T12:19:50+00:00,press/pressroom.toyota.com/2016-toyota-camry-special-edition-debut.html.gz,ok,title is not a spec post of a target line/year
toyota,,,press_post_page,2015 Toyota Camry Product Information - Spanish,https://pressroom.toyota.com/2015-toyota-camry-product-specs-spanish/,200,114988,1f7c45a0e3836de00ff5b22b0811a7a628003d2794b4409e89fc2c97c09c7402,2026-10-02T12:20:05+00:00,press/pressroom.toyota.com/2015-toyota-camry-product-specs-spanish.html.gz,ok,title is not a spec post of a target line/year
toyota,,,press_post_page,2015 Toyota Camry Hybrid Product Information - Spanish,https://pressroom.toyota.com/2015-toyota-camry-hybrid-product-specs-spanish/,200,118866,f91f806322622a0a7616c7b7ba97a34cbdce2a246380419c68d6f7b851c1ec9d,2026-10-02T12:20:17+00:00,press/pressroom.toyota.com/2015-toyota-camry-hybrid-product-specs-spanish.html.gz,ok,title is not a spec post of a target line/year
toyota,toyota/rav4,2019,press_post_page,2019 Toyota RAV4 Product Information,https://pressroom.toyota.com/2019-toyota-rav4-product-specifications/,200,116290,11afac0e325f01ed101b330911f03e21162205610cab3983add16cbd7a555f5d,2026-10-02T12:20:29+00:00,press/pressroom.toyota.com/2019-toyota-rav4-product-specifications.html.gz,ok,download_links=1
toyota,toyota/rav4,2017,press_post_page,2017 RAV4 Hybrid Product Information,https://pressroom.toyota.com/2017-rav4-hydrid-product-specifications/,200,121809,20b4f4fe7ec968bafe73fb8af5167b380bbd3d1677b405a1beb26196924eb40d,2026-10-02T12:20:40+00:00,press/pressroom.toyota.com/2017-rav4-hydrid-product-specifications.html.gz,ok,download_links=1
toyota,toyota/rav4,2016,press_post_page,2016 Toyota RAV4 Hybrid Product Information,https://pressroom.toyota.com/2016-rav4-hybrid-product-specs/,200,117849,9a072652475a33b6152a50b3ef9fdb153af2e69684e7f5da2917f41ea6ea0960,2026-10-02T12:20:55+00:00,press/pressroom.toyota.com/2016-rav4-hybrid-product-specs.html.gz,ok,download_links=1
toyota,toyota/highlander,2016,press_post_page,2016 Toyota Highlander Hybrid Product Information,https://pressroom.toyota.com/2016-toyota-highlander-hybrid-product-specs/,200,117476,223c8b1a236e1883af24e376ac12a9c43226ff3da00d0f7af6e1efbad2924e37,2026-10-02T12:21:06+00:00,press/pressroom.toyota.com/2016-toyota-highlander-hybrid-product-specs.html.gz,ok,download_links=1
toyota,toyota/camry,2018,press_post_page,2018 Toyota Camry Hybrid Product Information Sheet,https://pressroom.toyota.com/2018-toyota-camry-hybrid-product-info-sheet/,200,121028,bb8d8ac4f84ebee9c69ed7280a29bd2e174ab3061d45589b0fc4f3a9fd0d49f4,2026-10-02T12:21:20+00:00,press/pressroom.toyota.com/2018-toyota-camry-hybrid-product-info-sheet.html.gz,ok,download_links=1
toyota,toyota/camry,2017,press_post_page,2017 Toyota Camry Hybrid Product Information,https://pressroom.toyota.com/2017-toyota-camry-hybrid-product-specs/,200,121472,eb6da9b3640e4eaab7653a8be77da7d9c3d2ee77ba59215cce4bf8f59d143399,2026-10-02T12:21:33+00:00,press/pressroom.toyota.com/2017-toyota-camry-hybrid-product-specs.html.gz,ok,download_links=1
toyota,toyota/camry,2016,press_post_page,2016 Toyota Camry Hybrid Product Information,https://pressroom.toyota.com/2016-toyota-camry-hybrid-product-specs/,200,116170,549855a3feae67fd54d8fc66104e96b131baefe5e97584aa93d7fb8b00fdd841,2026-10-02T12:21:46+00:00,press/pressroom.toyota.com/2016-toyota-camry-hybrid-product-specs.html.gz,ok,download_links=1
toyota,toyota/prius,2016,press_post_page,2016 Toyota Prius Product Information,https://pressroom.toyota.com/toyota-2016-prius-liftback-product-specs/,200,118521,0cb488c2be5a7dc142a302665a70d32b1f66586a98eb8d76ee515ff9623414f8,2026-10-02T12:21:58+00:00,press/pressroom.toyota.com/toyota-2016-prius-liftback-product-specs.html.gz,ok,download_links=1
toyota,toyota/rav4,2016,press_post_page,2016 Toyota RAV4 Product Information,https://pressroom.toyota.com/2016-toyota-rav4-product-specs/,200,117411,7864b785d682313c3b038317a987f71862583c49a66af2501521deab5ab21911,2026-10-02T12:22:12+00:00,press/pressroom.toyota.com/2016-toyota-rav4-product-specs.html.gz,ok,download_links=1
toyota,toyota/highlander,2016,press_post_page,2016 Toyota Highlander Product Information,https://pressroom.toyota.com/2016-toyota-highlander-product-specs/,200,115983,8bf13d54a1dc9991b350d9ee523a1547be0c2f90fc2b7b7f15c20453201948f7,2026-10-02T12:22:25+00:00,press/pressroom.toyota.com/2016-toyota-highlander-product-specs.html.gz,ok,download_links=1
toyota,toyota/corolla,2017,press_post_page,2017 Toyota Corolla Product Information,https://pressroom.toyota.com/2017-toyota-corolla-product-specs/,200,117579,51e2ede1162463665057131eae166b8f9aa5af38cab31e952ca9a861a59fd247,2026-10-02T12:22:37+00:00,press/pressroom.toyota.com/2017-toyota-corolla-product-specs.html.gz,ok,download_links=1
toyota,toyota/camry,2017,press_post_page,2017 Toyota Camry Product Information,https://pressroom.toyota.com/2017-toyota-camry-product-specs/,200,118408,39b654deec7ea22bdce1a281dd86202f7a1a91434097b17a71cc62a79ccb3621,2026-10-02T12:22:50+00:00,press/pressroom.toyota.com/2017-toyota-camry-product-specs.html.gz,ok,download_links=1
toyota,toyota/prius,2018,press_post_page,2018 Toyota Prius Product Information Sheet,https://pressroom.toyota.com/2018-toyota-prius-product-info-sheet/,200,116622,d4464ddea80fb712c9e5c1a49a15efe4c5cab80b8f1e05ae8cc32c164ad6c5eb,2026-10-02T12:23:02+00:00,press/pressroom.toyota.com/2018-toyota-prius-product-info-sheet.html.gz,ok,download_links=1
toyota,toyota/rav4,2018,press_post_page,2018 Toyota RAV4 Product Info,https://pressroom.toyota.com/2018-toyota-rav4-product-info/,200,121354,0dede6e8c4620fb3f83a635fa6364767fa3e534600c6dc578259274c107240e6,2026-10-02T12:23:16+00:00,press/pressroom.toyota.com/2018-toyota-rav4-product-info.html.gz,ok,download_links=1
toyota,toyota/corolla,2018,press_post_page,2018 Toyota Corolla iM Product Info,https://pressroom.toyota.com/2018-toyota-corolla-im-product-info/,200,114071,d43697faec8140a266b1a4393e9909299e597bedada05970263239dae1d0bf3d,2026-10-02T12:23:29+00:00,press/pressroom.toyota.com/2018-toyota-corolla-im-product-info.html.gz,ok,download_links=1
toyota,toyota/corolla,2018,press_post_page,2018 Corolla Product Info,https://pressroom.toyota.com/2018-corolla-product-info/,200,115022,33793961f6003f756a13342f35576716b8a475f18f0c84cf24d27a92727ff435,2026-10-02T12:23:43+00:00,press/pressroom.toyota.com/2018-corolla-product-info.html.gz,ok,download_links=1
toyota,toyota/highlander,2018,press_post_page,2018 Toyota Highlander Product Info,https://pressroom.toyota.com/2018-toyota-highlander-product-info/,200,117840,282903f66fd6121d9134723fd93caaca57cb88a268e62f48f2bd53632300f4a3,2026-10-02T12:23:54+00:00,press/pressroom.toyota.com/2018-toyota-highlander-product-info.html.gz,ok,download_links=1
toyota,toyota/highlander,2019,press_post_page,2019 Toyota Highlander Product Information,https://pressroom.toyota.com/2019-toyota-highlander-product-info/,200,113100,ddf58ddda7a9f26b7246a7d64792dc609b3756b663a3c6cd10f467fba662b9c9,2026-10-02T12:24:06+00:00,press/pressroom.toyota.com/2019-toyota-highlander-product-info.html.gz,ok,download_links=1
toyota,toyota/corolla,2020,press_post_page,2020 Toyota Corolla Product Information,https://pressroom.toyota.com/2020-toyota-corolla-product-info/,200,113500,eb92b55e2d22c9967610003bae45bc5aac7dc918e20334c4a808b3cec84ad6c0,2026-10-02T12:24:21+00:00,press/pressroom.toyota.com/2020-toyota-corolla-product-info.html.gz,ok,download_links=1
toyota,toyota/camry,2019,press_post_page,2019 Toyota Camry Hybrid Product Information,https://pressroom.toyota.com/2019-toyota-camry-hybrid-product-info/,200,113876,adb80b6941b3c3c53a6c4ccfc4e33b8bf24eb4581dec445da705f48818630b9d,2026-10-02T12:24:35+00:00,press/pressroom.toyota.com/2019-toyota-camry-hybrid-product-info.html.gz,ok,download_links=1
toyota,toyota/prius,2019,press_post_page,2019 Toyota Prius Product Information Sheet,https://pressroom.toyota.com/2019-toyota-prius-product-info/,200,116424,5d42e4239e24ea77ed1eb24a1500ab7ea8f7b926fbd31aaf80d1f00b38d3899c,2026-10-02T12:24:48+00:00,press/pressroom.toyota.com/2019-toyota-prius-product-info.html.gz,ok,download_links=1
toyota,toyota/camry,2018,press_post_page,2018 Toyota Camry Product Information Sheet,https://pressroom.toyota.com/2018-toyota-camry-product-info-sheet/,200,117487,b6eac5b1722a465dcd551da4af897d7047513ea8729a10b26512e5759471a228,2026-10-02T12:25:02+00:00,press/pressroom.toyota.com/2018-toyota-camry-product-info-sheet.html.gz,ok,download_links=1
toyota,,,press_post_page,2021 Toyota Corolla Hatchback Special Edition Makes Red the New Color of Envy,https://pressroom.toyota.com/2021-toyota-corolla-hatchback-special-edition-makes-red-the-new-color-of-envy/,200,151424,8716e9c38b5e36581e41c7784510c10ba8d33d35b08d7e6c522d771207d56adb,2026-10-02T12:25:14+00:00,press/pressroom.toyota.com/2021-toyota-corolla-hatchback-special-edition-makes-red-the-new-color-of-envy.html.gz,ok,title is not a spec post of a target line/year
toyota,,,press_post_page,Best-Selling Hybrid Gets Dramatic: 2022 Toyota Prius Adds Nightshade Special Edition,https://pressroom.toyota.com/best-selling-hybrid-gets-dramatic-2022-toyota-prius-adds-night-shade-special-edition/,200,131874,73e6170985fec092c2360fdd0c45b682990685b8670de00591f9d3e9db82cf83,2026-10-02T12:25:26+00:00,press/pressroom.toyota.com/best-selling-hybrid-gets-dramatic-2022-toyota-prius-adds-night-shade-special-edition.html.gz,ok,title is not a spec post of a target line/year
toyota,,,press_post_page,Toyota Production in North America Nearly 2 Million in 2017,https://pressroom.toyota.com/toyota-production-north-america-nearly-two-million-in-2017/,200,130135,5704ff884c491e65e9a9eae002bc6d9cd149e8ddea573204e5627d45b561a016,2026-10-02T12:25:38+00:00,press/pressroom.toyota.com/toyota-production-north-america-nearly-two-million-in-2017.html.gz,ok,title is not a spec post of a target line/year
toyota,toyota/camry,2019,press_specifications,2019 Toyota Camry Hybrid,https://toyota-cms-media.s3.amazonaws.com/wp-content/uploads/2019/06/2018_Toyota_Camry_Hybrid_Product_Information_10_6_2017.pdf,200,399572,b6accfdf6c843f93c21a0c18e66c3b519a9c84015f65b9f5999314e8ff9c26bc,2026-10-02T12:25:44+00:00,press/pressroom.toyota.com/pdf/wp-content__uploads__2019__06__2018_Toyota_Camry_Hybrid_Product_Information_10_6_2017.pdf,ok,page_url=https://pressroom.toyota.com/vehicle/2019-toyota-camry-hybrid/; link_text=Download PDF; via=vehicle; pdf_pages=8; text_chars=14012
toyota,toyota/highlander,2019,press_specifications,2019 Toyota Highlander Hybrid,https://toyota-cms-media.s3.amazonaws.com/wp-content/uploads/2019/06/2018-Toyota-Highlander-Hybrid-Product-Info.pdf,200,284809,46ad3956370e8c0e13f3408d4902a43115c460dadba21a11cfdd3b102afc4163,2026-10-02T12:25:52+00:00,press/pressroom.toyota.com/pdf/wp-content__uploads__2019__06__2018-Toyota-Highlander-Hybrid-Product-Info.pdf,ok,page_url=https://pressroom.toyota.com/vehicle/2019-toyota-highlander-hybrid/; link_text=Download PDF; via=vehicle; pdf_pages=8; text_chars=18518
toyota,toyota/rav4,2019,press_specifications,2019 Toyota RAV4 Hybrid,https://toyota-cms-media.s3.amazonaws.com/wp-content/uploads/2019/06/2019_Toyota_RAV4_Hybrid_Product_Information_FINAL_11_30_2018-1.pdf,200,378607,8c79d3a086b99ad4a119d9afc7247fbe1dddac0ec179ff626612c08104433594,2026-10-02T12:26:01+00:00,press/pressroom.toyota.com/pdf/wp-content__uploads__2019__06__2019_Toyota_RAV4_Hybrid_Product_Information_FINAL_11_30_2018-1.pdf,ok,page_url=https://pressroom.toyota.com/vehicle/2019-toyota-rav4-hybrid/; link_text=Download PDF; via=vehicle; pdf_pages=17; text_chars=23416
toyota,toyota/camry,2020,press_specifications,2020 Toyota Camry Hybrid,https://toyota-cms-media.s3.amazonaws.com/wp-content/uploads/2019/11/2020_Toyota_Camry_Hybrid_Product-Information.pdf,200,153902,4a1b810a990e26602704292086c4f9e46a4b03dc6fb8b3fc8cfbee34b23ebcdd,2026-10-02T12:26:10+00:00,press/pressroom.toyota.com/pdf/wp-content__uploads__2019__11__2020_Toyota_Camry_Hybrid_Product-Information.pdf,ok,page_url=https://pressroom.toyota.com/vehicle/2020-toyota-camry-hybrid/; link_text=Download PDF; via=vehicle; pdf_pages=10; text_chars=13382
toyota,toyota/corolla,2020,press_specifications,2020 Toyota Corolla Hybrid,https://toyota-cms-media.s3.amazonaws.com/wp-content/uploads/2019/08/2020-Corolla-Hybrid-Product-Information_9-12.pdf,200,125258,cb716d5488007980f47072529a356e68b8a4a9efbeb2bbe3db328c19ceead1c3,2026-10-02T12:26:19+00:00,press/pressroom.toyota.com/pdf/wp-content__uploads__2019__08__2020-Corolla-Hybrid-Product-Information_9-12.pdf,ok,page_url=https://pressroom.toyota.com/vehicle/2020-toyota-corolla-hybrid/; link_text=Download PDF; via=vehicle; pdf_pages=7; text_chars=7736
toyota,toyota/highlander,2020,press_specifications,2020 Toyota Highlander,https://toyota-cms-media.s3.amazonaws.com/wp-content/uploads/2019/10/2020-Highlander-Product-Information.pdf,200,506575,05341a4606e48dca0f7e36be95de553f9a54b601e537023ca152a0aab1d88be7,2026-10-02T12:26:27+00:00,press/pressroom.toyota.com/pdf/wp-content__uploads__2019__10__2020-Highlander-Product-Information.pdf,ok,page_url=https://pressroom.toyota.com/vehicle/2020-toyota-highlander/; link_text=Download PDF; via=vehicle; pdf_pages=23; text_chars=129850
toyota,toyota/highlander,2020,press_specifications,2020 Toyota Highlander Hybrid,https://toyota-cms-media.s3.amazonaws.com/wp-content/uploads/2020/03/2020-Highlander-Product-Information.pdf,200,506575,05341a4606e48dca0f7e36be95de553f9a54b601e537023ca152a0aab1d88be7,2026-10-02T12:26:58+00:00,press/pressroom.toyota.com/pdf/wp-content__uploads__2020__03__2020-Highlander-Product-Information.pdf,ok,page_url=https://pressroom.toyota.com/vehicle/2020-toyota-highlander-hybrid/; link_text=Download PDF; via=vehicle; pdf_pages=23; text_chars=129850
toyota,toyota/prius,2020,press_specifications,2020 Toyota Prius,https://toyota-cms-media.s3.amazonaws.com/wp-content/uploads/2019/10/2020-Toyota-Prius-Product-Information_FINAL.pdf,200,558389,13f8ad0dc9627b1d4d06907d860979076085a2cc79e5bec44642d321be2bf9a2,2026-10-02T12:27:15+00:00,press/pressroom.toyota.com/pdf/wp-content__uploads__2019__10__2020-Toyota-Prius-Product-Information_FINAL.pdf,ok,page_url=https://pressroom.toyota.com/vehicle/2020-toyota-prius/; link_text=Download PDF; via=vehicle; pdf_pages=13; text_chars=12686
toyota,toyota/rav4,2020,press_specifications,2020 Toyota RAV4,https://toyota-cms-media.s3.amazonaws.com/wp-content/uploads/2019/10/2020-Toyota-RAV4-Product-Information_FINAL_1.24.20.pdf,200,330225,f1f0fe045b5d7be29479f76c2310bc2235d9ec28329606e06ba5a78fb0f13b74,2026-10-02T12:27:26+00:00,press/pressroom.toyota.com/pdf/wp-content__uploads__2019__10__2020-Toyota-RAV4-Product-Information_FINAL_1.24.20.pdf,ok,page_url=https://pressroom.toyota.com/vehicle/2020-toyota-rav4/; link_text=Download PDF; via=vehicle; pdf_pages=30; text_chars=24012
toyota,toyota/rav4,2020,press_specifications,2020 Toyota RAV4 Hybrid,https://toyota-cms-media.s3.amazonaws.com/wp-content/uploads/2020/03/2020-Toyota-RAV4-Hybrid-Product-Information_FINAL-1.23.pdf,200,233367,bc5c7673dd6a8ee8f20adc5bf2e20d61cca69811f8b4a9881e165b306ef876ac,2026-10-02T12:27:34+00:00,press/pressroom.toyota.com/pdf/wp-content__uploads__2020__03__2020-Toyota-RAV4-Hybrid-Product-Information_FINAL-1.23.pdf,ok,page_url=https://pressroom.toyota.com/vehicle/2020-toyota-rav4-hybrid/; link_text=Download PDF; via=vehicle; pdf_pages=19; text_chars=18838
toyota,toyota/camry,2021,press_specifications,2021 Toyota Camry Hybrid,https://toyota-cms-media.s3.amazonaws.com/wp-content/uploads/2020/07/2021-Toyota-Camry-Hybrid_Product-Information.pdf,200,239754,1b71f2efa16caa8ffec31ddbe545502a1c3c9997c90c112dcbbc3ac1d88436fa,2026-10-02T12:27:45+00:00,press/pressroom.toyota.com/pdf/wp-content__uploads__2020__07__2021-Toyota-Camry-Hybrid_Product-Information.pdf,ok,page_url=https://pressroom.toyota.com/vehicle/2021-toyota-camry-hybrid/; link_text=Download PDF; via=vehicle; pdf_pages=11; text_chars=15340
toyota,toyota/corolla,2021,press_specifications,2021 Toyota Corolla Hatchback,https://toyota-cms-media.s3.amazonaws.com/wp-content/uploads/2020/06/2021-Toyota-Corolla-Hatchback-Product-Info.pdf,200,238291,471ed88bc3f372dca87b1b44f66cdd19bede30902e902f0943ed7742da7e6502,2026-10-02T12:27:52+00:00,press/pressroom.toyota.com/pdf/wp-content__uploads__2020__06__2021-Toyota-Corolla-Hatchback-Product-Info.pdf,ok,page_url=https://pressroom.toyota.com/vehicle/2021-toyota-corolla-hatchback/; link_text=Download PDF; via=vehicle; pdf_pages=13; text_chars=13917
toyota,toyota/corolla,2021,press_specifications,2021 Toyota Corolla Hybrid,https://toyota-cms-media.s3.amazonaws.com/wp-content/uploads/2020/07/2021-Corolla-Hybrid-Product-Information.pdf,200,133349,5332800ac136a0a80e076a7338dfc0efb2aec980e5cfeb4e269b8ab2cbc7be7c,2026-10-02T12:28:02+00:00,press/pressroom.toyota.com/pdf/wp-content__uploads__2020__07__2021-Corolla-Hybrid-Product-Information.pdf,ok,page_url=https://pressroom.toyota.com/vehicle/2021-toyota-corolla-hybrid/; link_text=Download PDF; via=vehicle; pdf_pages=7; text_chars=7561
toyota,toyota/camry,2022,press_specifications,2022 Toyota Camry,https://toyota-cms-media.s3.amazonaws.com/wp-content/uploads/2021/11/2022-Toyota-Camry-Product-Information.pdf,200,298578,bda17c40350fa5307988fffa9319b812a5755e1c837ffa198228c8fc1c8a14e8,2026-10-02T12:28:07+00:00,press/pressroom.toyota.com/pdf/wp-content__uploads__2021__11__2022-Toyota-Camry-Product-Information.pdf,ok,page_url=https://pressroom.toyota.com/vehicle/2022-toyota-camry/; link_text=Download PDF; via=vehicle; pdf_pages=19; text_chars=23463
toyota,toyota/camry,2022,press_specifications,2022 Toyota Camry Hybrid,https://toyota-cms-media.s3.amazonaws.com/wp-content/uploads/2021/11/2022-Toyota-Camry-Hybrid-Product-Information.pdf,200,219263,8fd71077514a7f879e3c837bede3a6731a6dc3e3fb8a0bd95594ca37b8629948,2026-10-02T12:28:15+00:00,press/pressroom.toyota.com/pdf/wp-content__uploads__2021__11__2022-Toyota-Camry-Hybrid-Product-Information.pdf,ok,page_url=https://pressroom.toyota.com/vehicle/2022-toyota-camry-hybrid/; link_text=Download PDF; via=vehicle; pdf_pages=11; text_chars=16002
toyota,toyota/corolla,2021,press_specifications,2021 Toyota Corolla,https://toyota-cms-media.s3.amazonaws.com/wp-content/uploads/2020/07/2021-Corolla-Product-Info.pdf,200,321749,7688188f1a8825b75c522001c8f0e03ca9241f51f26ef0e6e6691c90fc7fe806,2026-10-02T12:28:22+00:00,press/pressroom.toyota.com/pdf/wp-content__uploads__2020__07__2021-Corolla-Product-Info.pdf,ok,page_url=https://pressroom.toyota.com/vehicle/2021-toyota-corolla/; link_text=Download PDF; via=vehicle; pdf_pages=15; text_chars=20984
toyota,toyota/camry,2021,press_specifications,2021 Toyota Camry,https://toyota-cms-media.s3.amazonaws.com/wp-content/uploads/2020/07/2021_Toyota_Camry_Product-Information.pdf,200,334328,d4b11d746c406145bfca540f7a47333e4e6880a7b50eb41206f2cb5ca75d56ed,2026-10-02T12:28:31+00:00,press/pressroom.toyota.com/pdf/wp-content__uploads__2020__07__2021_Toyota_Camry_Product-Information.pdf,ok,page_url=https://pressroom.toyota.com/vehicle/2021-toyota-camry/; link_text=Download PDF; via=vehicle; pdf_pages=19; text_chars=23650
toyota,toyota/corolla,2022,press_specifications,2022 Toyota Corolla Hybrid,https://toyota-cms-media.s3.amazonaws.com/wp-content/uploads/2021/12/2022-Corolla-Hybrid-Product-Information.pdf,200,264062,50c13e7abf28f7dc7877ff75054c8adca337f2606a1b9e13ef904d0488e6b917,2026-10-02T12:28:42+00:00,press/pressroom.toyota.com/pdf/wp-content__uploads__2021__12__2022-Corolla-Hybrid-Product-Information.pdf,ok,page_url=https://pressroom.toyota.com/vehicle/2022-toyota-corolla-hybrid/; link_text=Download PDF; via=vehicle; pdf_pages=7; text_chars=8122
toyota,toyota/corolla,2022,press_specifications,2022 Toyota Corolla Hatchback,https://toyota-cms-media.s3.amazonaws.com/wp-content/uploads/2021/12/2022-Toyota-Corolla-Hatchback-Product-Info.pdf,200,276427,fb7083b04ee8c514b8a953c9fe1f4f68cba14c5fd3eec9c0ed3701446ebc2aea,2026-10-02T12:28:47+00:00,press/pressroom.toyota.com/pdf/wp-content__uploads__2021__12__2022-Toyota-Corolla-Hatchback-Product-Info.pdf,ok,page_url=https://pressroom.toyota.com/vehicle/2022-toyota-corolla-hatchback/; link_text=Download PDF; via=vehicle; pdf_pages=12; text_chars=13931
toyota,toyota/corolla,2022,press_specifications,2022 Toyota Corolla,https://toyota-cms-media.s3.amazonaws.com/wp-content/uploads/2021/12/2022-Corolla-Product-Info.pdf,200,326655,9c115d68a4b859eab2857a8dcfa53091e0b5e16a24da67e31ce33641615cca1a,2026-10-02T12:28:56+00:00,press/pressroom.toyota.com/pdf/wp-content__uploads__2021__12__2022-Corolla-Product-Info.pdf,ok,page_url=https://pressroom.toyota.com/vehicle/2022-toyota-corolla/; link_text=Download PDF; via=vehicle; pdf_pages=15; text_chars=21041
toyota,toyota/highlander,2022,press_specifications,2022 Toyota Highlander,https://toyota-cms-media.s3.amazonaws.com/wp-content/uploads/2021/10/2022-Highlander-Gas-Product-Information-FINAL.pdf,200,383692,215ea4c4ff52f7d998c51b9dce9b77dfc31b2e498f434b0e3e478bad031481dd,2026-10-02T12:29:07+00:00,press/pressroom.toyota.com/pdf/wp-content__uploads__2021__10__2022-Highlander-Gas-Product-Information-FINAL.pdf,ok,page_url=https://pressroom.toyota.com/vehicle/2022-toyota-highlander-2/; link_text=Download PDF; via=vehicle; pdf_pages=21; text_chars=19517
toyota,toyota/highlander,2022,press_specifications,2022 Toyota Highlander Hybrid,https://toyota-cms-media.s3.amazonaws.com/wp-content/uploads/2021/05/2022-Highlander-Hybrid-Product-Information-FINAL.pdf,200,340014,8351f847bc17a3d34dc65c1c8881bea4383402ff4987356ffcbcde18840415db,2026-10-02T12:29:16+00:00,press/pressroom.toyota.com/pdf/wp-content__uploads__2021__05__2022-Highlander-Hybrid-Product-Information-FINAL.pdf,ok,page_url=https://pressroom.toyota.com/vehicle/2022-toyota-highlander/; link_text=Download PDF; via=vehicle; pdf_pages=18; text_chars=19198
toyota,toyota/corolla,2023,press_specifications,2023 Toyota GR Corolla,https://toyota-cms-media.s3.amazonaws.com/wp-content/uploads/2022/03/2023-Toyota-GR-Corolla-Product-Info_FINAL1.pdf,200,195353,4b866652fad3c06d59733fee3e11750ba716679bd25abcab0b5f7bb8993a3d48,2026-10-02T12:29:29+00:00,press/pressroom.toyota.com/pdf/wp-content__uploads__2022__03__2023-Toyota-GR-Corolla-Product-Info_FINAL1.pdf,ok,page_url=https://pressroom.toyota.com/vehicle/2023-toyota-gr-corolla/; link_text=Download PDF; via=vehicle; pdf_pages=11; text_chars=15858
toyota,toyota/highlander,2021,press_specifications,2021 Toyota Highlander Hybrid,https://toyota-cms-media.s3.amazonaws.com/wp-content/uploads/2020/02/2021-Highlander-Product-Information-FINAL.pdf,200,125130,8afcfd623508664c58cb2e0fb2f56c5d908df1b6e12a81d9dc155866ce109d72,2026-10-02T12:29:38+00:00,press/pressroom.toyota.com/pdf/wp-content__uploads__2020__02__2021-Highlander-Product-Information-FINAL.pdf,ok,page_url=https://pressroom.toyota.com/vehicle/2021-toyota-highlander-hybrid/; link_text=Download PDF; via=vehicle; also_linked_from=https://pressroom.toyota.com/vehicle/2021-toyota-highlander/; pdf_pages=6; text_chars=5438
toyota,toyota/rav4,2023,press_specifications,2023 Toyota RAV4,https://toyota-cms-media.s3.amazonaws.com/wp-content/uploads/2022/12/2023-Toyota-RAV4-Product-Information_FINAL.pdf,200,111849,537c735a53bd54644e73b9f3f4a7f6fb4b8620579ab42da92bd26e9afd1f79dd,2026-10-02T12:29:46+00:00,press/pressroom.toyota.com/pdf/wp-content__uploads__2022__12__2023-Toyota-RAV4-Product-Information_FINAL.pdf,ok,page_url=https://pressroom.toyota.com/vehicle/2023-toyota-rav4/; link_text=Download PDF; via=vehicle; pdf_pages=6; text_chars=5344
toyota,toyota/highlander,2023,press_specifications,2023 Toyota Highlander,https://toyota-cms-media.s3.amazonaws.com/wp-content/uploads/2022/10/2023-Highlander-Gas-Product-Information_FINAL_FINAL-1.pdf,200,373853,890a65f152e274eab60486c2d34bf21991b0d2817acd47d3cbbf32869f88f52e,2026-10-02T12:29:51+00:00,press/pressroom.toyota.com/pdf/wp-content__uploads__2022__10__2023-Highlander-Gas-Product-Information_FINAL_FINAL-1.pdf,ok,page_url=https://pressroom.toyota.com/vehicle/2023-toyota-highlander/; link_text=Download PDF; via=vehicle; pdf_pages=17; text_chars=18895
toyota,toyota/corolla,2023,press_specifications,2023 Toyota Corolla Hatchback,https://toyota-cms-media.s3.amazonaws.com/wp-content/uploads/2022/06/2023-Toyota-Corolla-Hatchback-Product-Info_FINAL-10122022.pdf,200,177258,6da7c3e3e1f2d4d67779c12bd0bc0cb8dd11a3d4db4c2ea5b2021d4bc58c5b66,2026-10-02T12:30:02+00:00,press/pressroom.toyota.com/pdf/wp-content__uploads__2022__06__2023-Toyota-Corolla-Hatchback-Product-Info_FINAL-10122022.pdf,ok,page_url=https://pressroom.toyota.com/vehicle/2023-toyota-corolla-hatchback/; link_text=Download PDF; via=vehicle; pdf_pages=8; text_chars=9489
toyota,toyota/corolla,2023,press_specifications,2023 Toyota Corolla,https://toyota-cms-media.s3.amazonaws.com/wp-content/uploads/2022/06/2023-Corolla-Sedan-Product-Info_FINAL_03062023.pdf,200,192187,341e054acfc057c31b23b11c83131fa98df2231bdddeddeb167706ff641a03ea,2026-10-02T12:30:08+00:00,press/pressroom.toyota.com/pdf/wp-content__uploads__2022__06__2023-Corolla-Sedan-Product-Info_FINAL_03062023.pdf,ok,page_url=https://pressroom.toyota.com/vehicle/2023-toyota-corolla/; link_text=Download PDF; via=vehicle; pdf_pages=8; text_chars=10822
toyota,toyota/camry,2023,press_specifications,2023 Toyota Camry,https://toyota-cms-media.s3.amazonaws.com/wp-content/uploads/2022/05/2023-Toyota-Camry-Product-Information.pdf,200,272660,34538be28226e03ec64a68672800a5f6d6f0ccb6f11b5f27a1f264c59294075f,2026-10-02T12:30:15+00:00,press/pressroom.toyota.com/pdf/wp-content__uploads__2022__05__2023-Toyota-Camry-Product-Information.pdf,ok,page_url=https://pressroom.toyota.com/vehicle/2023-toyota-camry/; link_text=Download PDF; via=vehicle; pdf_pages=19; text_chars=23628
toyota,toyota/rav4,2022,press_specifications,2022 Toyota RAV4,https://toyota-cms-media.s3.amazonaws.com/wp-content/uploads/2021/11/2022-Toyota-RAV4-Product-Information_FINAL.pdf,200,112130,ccb3f559bfc0ca0ab68d25b8b2734ae9d6f208b85e5d96f20a96fb463fecfe64,2026-10-02T12:30:26+00:00,press/pressroom.toyota.com/pdf/wp-content__uploads__2021__11__2022-Toyota-RAV4-Product-Information_FINAL.pdf,ok,page_url=https://pressroom.toyota.com/vehicle/2022-toyota-rav4/; link_text=Download PDF; via=vehicle; pdf_pages=6; text_chars=5584
toyota,toyota/rav4,2021,press_specifications,2021 Toyota RAV4 Hybrid,https://toyota-cms-media.s3.amazonaws.com/wp-content/uploads/2020/10/2021-Toyota-RAV4-Hybrid-Product-InformationFINAL.pdf,200,275816,b30eb77b7c9446a13f98fe26348d5f913da9bcffdedd7581f30e54120cca5648,2026-10-02T12:30:33+00:00,press/pressroom.toyota.com/pdf/wp-content__uploads__2020__10__2021-Toyota-RAV4-Hybrid-Product-InformationFINAL.pdf,ok,page_url=https://pressroom.toyota.com/vehicle/2021-toyota-rav4-hybrid/; link_text=Download PDF; via=vehicle; pdf_pages=24; text_chars=20906
toyota,toyota/prius,2021,press_specifications,2021 Toyota Prius,https://toyota-cms-media.s3.amazonaws.com/wp-content/uploads/2020/05/2021-Toyota-Prius_Product-Information.pdf,200,193016,bb27b648af6d5f17644670ebed595abcd9a5b93550dda3aec6e7692a95af510a,2026-10-02T12:30:45+00:00,press/pressroom.toyota.com/pdf/wp-content__uploads__2020__05__2021-Toyota-Prius_Product-Information.pdf,ok,page_url=https://pressroom.toyota.com/vehicle/2021-toyota-prius/; link_text=Download PDF; via=vehicle; pdf_pages=10; text_chars=13046
toyota,toyota/camry,2020,press_specifications,2020 Toyota Camry,https://toyota-cms-media.s3.amazonaws.com/wp-content/uploads/2019/11/2020_Toyota_Camry_Product_Information1.pdf,200,181086,10367ca0b937999ee491b4ba707753811213c1cab4a8cff519c52aac12d81857,2026-10-02T12:30:53+00:00,press/pressroom.toyota.com/pdf/wp-content__uploads__2019__11__2020_Toyota_Camry_Product_Information1.pdf,ok,page_url=https://pressroom.toyota.com/vehicle/2020-toyota-camry/; link_text=Download PDF; via=vehicle; pdf_pages=16; text_chars=23050
toyota,toyota/corolla,2020,press_specifications,2020 Toyota Corolla Hatchback,https://toyota-cms-media.s3.amazonaws.com/wp-content/uploads/2019/10/2020-Toyota-Corolla-Hatchback-Product-Info.pdf,200,220271,36f86d52e3e5d474c76c2373193955d33bb4a000eb4b68e4869199a6abb3ae52,2026-10-02T12:31:00+00:00,press/pressroom.toyota.com/pdf/wp-content__uploads__2019__10__2020-Toyota-Corolla-Hatchback-Product-Info.pdf,ok,page_url=https://pressroom.toyota.com/vehicle/2020-toyota-corolla-hatchback/; link_text=Download PDF; via=vehicle; pdf_pages=11; text_chars=12004
toyota,toyota/corolla,2020,press_specifications,2020 Toyota Corolla,https://toyota-cms-media.s3.amazonaws.com/wp-content/uploads/2019/05/2020_Corolla_Product_Info.pdf,200,223280,b39c38c3c131b53390f15b42bbaa8a000f24db050d0c1b9d594919bd56a5b72b,2026-10-02T12:31:08+00:00,press/pressroom.toyota.com/pdf/wp-content__uploads__2019__05__2020_Corolla_Product_Info.pdf,ok,page_url=https://pressroom.toyota.com/vehicle/2020-toyota-corolla/; link_text=Download PDF; via=vehicle; pdf_pages=12; text_chars=15345
toyota,toyota/rav4,2019,press_specifications,2019 Toyota RAV4,https://toyota-cms-media.s3.amazonaws.com/wp-content/uploads/2019/05/2019_Toyota_RAV4_Product-_Information_FINAL_11_30_2018.pdf,200,410111,f9c3638a43a43ecb4a4d801fcac2e167fcf6d595dccb7a00e1b533093a9371c4,2026-10-02T12:31:16+00:00,press/pressroom.toyota.com/pdf/wp-content__uploads__2019__05__2019_Toyota_RAV4_Product-_Information_FINAL_11_30_2018.pdf,ok,page_url=https://pressroom.toyota.com/vehicle/2019-toyota-rav4/; link_text=Download PDF; via=vehicle; pdf_pages=21; text_chars=28674
toyota,toyota/camry,2019,press_specifications,2019 Toyota Camry,https://toyota-cms-media.s3.amazonaws.com/wp-content/uploads/2019/05/2019_Toyota_Camry_Product-Information.pdf,200,169535,8b6327190ce36ae6712c87f1be55a212d56741c732f602fcc3f5bb281e96a849,2026-10-02T12:31:26+00:00,press/pressroom.toyota.com/pdf/wp-content__uploads__2019__05__2019_Toyota_Camry_Product-Information.pdf,ok,page_url=https://pressroom.toyota.com/vehicle/2019-toyota-camry/; link_text=Download PDF; via=vehicle; pdf_pages=14; text_chars=20971
toyota,toyota/highlander,2019,press_specifications,2019 Toyota Highlander,https://toyota-cms-media.s3.amazonaws.com/wp-content/uploads/2019/05/2019_Toyota_Highlander_Product_Info_FINAL.pdf,200,434178,43139ee3e00e86d4239ba6966f4273c73f92b5974354d8bc87222a4d27306e44,2026-10-02T12:31:36+00:00,press/pressroom.toyota.com/pdf/wp-content__uploads__2019__05__2019_Toyota_Highlander_Product_Info_FINAL.pdf,ok,page_url=https://pressroom.toyota.com/vehicle/2019-toyota-highlander/; link_text=Download PDF; via=vehicle; pdf_pages=17; text_chars=23442
toyota,toyota/prius,2019,press_specifications,2019 Toyota Prius,https://toyota-cms-media.s3.amazonaws.com/wp-content/uploads/2019/05/2019_Toyota_Prius_Product_Information.pdf,200,915721,fb186b3928e2ff5895752a6eb1d87b586a96d526987cc17fbf494e73511db8e9,2026-10-02T12:31:45+00:00,press/pressroom.toyota.com/pdf/wp-content__uploads__2019__05__2019_Toyota_Prius_Product_Information.pdf,ok,page_url=https://pressroom.toyota.com/vehicle/2019-toyota-prius/; link_text=Download PDF; via=vehicle; pdf_pages=10; text_chars=12487
toyota,toyota/corolla,2024,press_specifications,2024 Toyota GR Corolla,https://toyota-cms-media.s3.amazonaws.com/wp-content/uploads/2023/06/2024-Toyota-GR-Corolla-Product-Info_for-Newsroom.pdf,200,208852,1ad1a9393ab3d8906817cb24bbb78019670000d15b5012830abf7b2ab0f5dbcc,2026-10-02T12:31:52+00:00,press/pressroom.toyota.com/pdf/wp-content__uploads__2023__06__2024-Toyota-GR-Corolla-Product-Info_for-Newsroom.pdf,ok,page_url=https://pressroom.toyota.com/vehicle/2024-toyota-gr-corolla/; link_text=Download PDF; via=vehicle; pdf_pages=10; text_chars=14350
toyota,toyota/rav4,2024,press_specifications,2024 Toyota RAV4,https://toyota-cms-media.s3.amazonaws.com/wp-content/uploads/2023/09/2024-Toyota-RAV4-Product-Information_FINAL.pdf,200,132566,3c3d8758a96b754d228504815c01a7e7318caf148f66dbae63e4f420a74619b5,2026-10-02T12:31:57+00:00,press/pressroom.toyota.com/pdf/wp-content__uploads__2023__09__2024-Toyota-RAV4-Product-Information_FINAL.pdf,ok,page_url=https://pressroom.toyota.com/vehicle/2024-toyota-rav4/; link_text=Download PDF; via=vehicle; pdf_pages=6; text_chars=5343
toyota,toyota/highlander,2024,press_specifications,2024 Toyota Highlander,https://toyota-cms-media.s3.amazonaws.com/wp-content/uploads/2023/09/2024-Toyota-Highlander-Gas-Product-Information_FINAL-1.pdf,200,134375,a71756869dc8c8abb8cb9b788b256a36591f13e0fc734f5f8f8ee2630548a630,2026-10-02T12:32:03+00:00,press/pressroom.toyota.com/pdf/wp-content__uploads__2023__09__2024-Toyota-Highlander-Gas-Product-Information_FINAL-1.pdf,ok,page_url=https://pressroom.toyota.com/vehicle/2024-toyota-highlander/; link_text=Download PDF; via=vehicle; pdf_pages=4; text_chars=3657
toyota,toyota/corolla,2024,press_specifications,2024 Toyota Corolla,https://toyota-cms-media.s3.amazonaws.com/wp-content/uploads/2023/12/2024-Corolla-Sedan-Product-Info-Sheet_12.4.23-1.pdf,200,217070,9d8b31e0a90e91c9ec18f35bbbf552b7ec7ce9db16cd89c6b9941b6e34873508,2026-10-02T12:32:09+00:00,press/pressroom.toyota.com/pdf/wp-content__uploads__2023__12__2024-Corolla-Sedan-Product-Info-Sheet_12.4.23-1.pdf,ok,page_url=https://pressroom.toyota.com/vehicle/2024-toyota-corolla/; link_text=Download PDF; via=vehicle; pdf_pages=13; text_chars=13688
toyota,toyota/rav4,2024,press_specifications,2024 Toyota RAV4 Hybrid,https://toyota-cms-media.s3.amazonaws.com/wp-content/uploads/2023/09/2024-Toyota-RAV4-Hybrid-Product-Information_FINAL.pdf,200,129789,213c944d82c2599d638756a97d029d08b0a5a7c94f63756381f4969ae8c4fe94,2026-10-02T12:32:17+00:00,press/pressroom.toyota.com/pdf/wp-content__uploads__2023__09__2024-Toyota-RAV4-Hybrid-Product-Information_FINAL.pdf,ok,page_url=https://pressroom.toyota.com/vehicle/2024-toyota-rav4-hybrid/; link_text=Download PDF; via=vehicle; pdf_pages=5; text_chars=4386
toyota,toyota/corolla,2024,press_specifications,2024 Toyota Corolla Hatchback,https://toyota-cms-media.s3.amazonaws.com/wp-content/uploads/2023/12/2024-Toyota-Corolla-Hatchback-Product-Info_12.4.23-1.pdf,200,283528,ced1a13ba9e8ab102abfba8b96cd78c6c17ee373f4bae6531350e04e1cedad54,2026-10-02T12:32:22+00:00,press/pressroom.toyota.com/pdf/wp-content__uploads__2023__12__2024-Toyota-Corolla-Hatchback-Product-Info_12.4.23-1.pdf,ok,page_url=https://pressroom.toyota.com/vehicle/2024-toyota-corolla-hatchback/; link_text=Download PDF; via=vehicle; pdf_pages=10; text_chars=11085
toyota,toyota/rav4,2021,press_specifications,2021 Toyota RAV4,https://toyota-cms-media.s3.amazonaws.com/wp-content/uploads/2020/10/2021-Toyota-RAV4-Product-Information_FINAL.pdf,200,315727,2e4092b591fead21f162c0f185b4931153c1b3d65378225ffc644f4543055c27,2026-10-02T12:32:27+00:00,press/pressroom.toyota.com/pdf/wp-content__uploads__2020__10__2021-Toyota-RAV4-Product-Information_FINAL.pdf,ok,page_url=https://pressroom.toyota.com/vehicle/2021-toyota-rav4/; link_text=Download PDF; via=vehicle; pdf_pages=30; text_chars=24163
toyota,toyota/camry,2024,press_specifications,2024 Toyota Camry,https://toyota-cms-media.s3.amazonaws.com/wp-content/uploads/2023/07/FINAL_2024_Toyota_Camry_Product_Information_1.pdf,200,333594,26d9e99e189966c345e9e9126ec3dfa768dbfbb1191e4e16a82771caef7d0fe3,2026-10-02T12:32:38+00:00,press/pressroom.toyota.com/pdf/wp-content__uploads__2023__07__FINAL_2024_Toyota_Camry_Product_Information_1.pdf,ok,page_url=https://pressroom.toyota.com/vehicle/2024-toyota-camry/; link_text=Download PDF; via=vehicle; pdf_pages=19; text_chars=23873
toyota,toyota/prius,2024,press_specifications,2024 Toyota Prius,https://toyota-cms-media.s3.amazonaws.com/wp-content/uploads/2023/08/2024-Toyota-Prius_Product-Information_Final-1.pdf,200,218458,714877a02620fdc27f3fb311d20e1f29e6de0991422e27421057869b5633c7bd,2026-10-02T12:32:47+00:00,press/pressroom.toyota.com/pdf/wp-content__uploads__2023__08__2024-Toyota-Prius_Product-Information_Final-1.pdf,ok,page_url=https://pressroom.toyota.com/vehicle/2024-toyota-prius/; link_text=Download PDF; via=vehicle; pdf_pages=12; text_chars=12555
toyota,toyota/highlander,2024,press_specifications,2024 Toyota Highlander Hybrid,https://toyota-cms-media.s3.amazonaws.com/wp-content/uploads/2023/09/2024-Toyota-Highlander-Hybrid-Product-Information_Final.pdf,200,144620,a4e144a9c1516c0978591812dea8932bf39b7bb08ee8df37bddf61279eda6103,2026-10-02T12:32:56+00:00,press/pressroom.toyota.com/pdf/wp-content__uploads__2023__09__2024-Toyota-Highlander-Hybrid-Product-Information_Final.pdf,ok,page_url=https://pressroom.toyota.com/vehicle/2024-toyota-highlander-hybrid/; link_text=Download PDF; via=vehicle; pdf_pages=5; text_chars=4113
toyota,toyota/camry,2023,press_specifications,2023 Toyota Camry Hybrid,https://toyota-cms-media.s3.amazonaws.com/wp-content/uploads/2022/05/2023-Toyota-Camry-Hybrid_Product-Information.pdf,200,196377,1e393d2f4d13bceea50fd3518a353832a2da55cd08aa0ae3947c5dad9929bef8,2026-10-02T12:33:02+00:00,press/pressroom.toyota.com/pdf/wp-content__uploads__2022__05__2023-Toyota-Camry-Hybrid_Product-Information.pdf,ok,page_url=https://pressroom.toyota.com/vehicle/2023-toyota-camry-hybrid/; link_text=Download PDF; via=vehicle; pdf_pages=11; text_chars=16163
toyota,toyota/corolla,2023,press_specifications,2023 Toyota Corolla Hybrid,https://toyota-cms-media.s3.amazonaws.com/wp-content/uploads/2022/06/2023-Corolla-Hybrid-Product-Information_FINAL_02242023.pdf,200,224754,91062a12bff41d4eb6f4e87c8a2531559fe2b933ff1fe76618b1f81ff978b53c,2026-10-02T12:33:07+00:00,press/pressroom.toyota.com/pdf/wp-content__uploads__2022__06__2023-Corolla-Hybrid-Product-Information_FINAL_02242023.pdf,ok,page_url=https://pressroom.toyota.com/vehicle/2023-toyota-corolla-hybrid/; link_text=Download PDF; via=vehicle; pdf_pages=8; text_chars=10443
toyota,toyota/prius,2023,press_specifications,2023 Toyota Prius,https://toyota-cms-media.s3.amazonaws.com/wp-content/uploads/2022/11/2023-Toyota-Prius_Product-Information_Final_05152022.pdf,200,151816,999c3af72e2d883e61cbf7c0341fb3917978aaf8e1b1216a8ff5de0b419458a2,2026-10-02T12:33:12+00:00,press/pressroom.toyota.com/pdf/wp-content__uploads__2022__11__2023-Toyota-Prius_Product-Information_Final_05152022.pdf,ok,page_url=https://pressroom.toyota.com/vehicle/2023-toyota-prius/; link_text=Download PDF; via=vehicle; pdf_pages=12; text_chars=12411
toyota,toyota/highlander,2023,press_specifications,2023 Toyota Highlander Hybrid,https://toyota-cms-media.s3.amazonaws.com/wp-content/uploads/2022/10/2023-Highlander-Hybrid-Product-Information-FINAL.pdf,200,150749,a84de3f5f558387c62ff64ab15a9247d11474d4a79e89d09bfc42d8c6363fbf2,2026-10-02T12:33:20+00:00,press/pressroom.toyota.com/pdf/wp-content__uploads__2022__10__2023-Highlander-Hybrid-Product-Information-FINAL.pdf,ok,page_url=https://pressroom.toyota.com/vehicle/2023-toyota-highlander-hybrid/; link_text=Download PDF; via=vehicle; pdf_pages=5; text_chars=4234
toyota,toyota/rav4,2023,press_specifications,2023 Toyota RAV4 Hybrid,https://toyota-cms-media.s3.amazonaws.com/wp-content/uploads/2022/12/2023-Toyota-RAV4-Hybrid-Product-Information_FINAL.pdf,200,108773,471efc799976f20445db36dbaee3e5127670e022088e7ee28119626b72bc5f77,2026-10-02T12:33:23+00:00,press/pressroom.toyota.com/pdf/wp-content__uploads__2022__12__2023-Toyota-RAV4-Hybrid-Product-Information_FINAL.pdf,ok,page_url=https://pressroom.toyota.com/vehicle/2023-toyota-rav4-hybrid/; link_text=Download PDF; via=vehicle; pdf_pages=5; text_chars=4321
toyota,toyota/prius,2022,press_specifications,2022 Toyota Prius,https://toyota-cms-media.s3.amazonaws.com/wp-content/uploads/2021/08/2022-Toyota-Prius_Product-Information.pdf,200,209811,e182244aa5fdaacc745004492f8e75031b7b140eb7f46890a2b023d46febc836,2026-10-02T12:33:29+00:00,press/pressroom.toyota.com/pdf/wp-content__uploads__2021__08__2022-Toyota-Prius_Product-Information.pdf,ok,page_url=https://pressroom.toyota.com/vehicle/2022-toyota-prius/; link_text=Download PDF; via=vehicle; pdf_pages=10; text_chars=13488
toyota,toyota/rav4,2022,press_specifications,2022 Toyota RAV4 Hybrid,https://toyota-cms-media.s3.amazonaws.com/wp-content/uploads/2021/11/2022-Toyota-RAV4-Hybrid-Product-Information_FINAL.pdf,200,108886,96200f26a44ad4ac643907758e4977770af23750cdb399e497b82a5e8a85e7df,2026-10-02T12:33:38+00:00,press/pressroom.toyota.com/pdf/wp-content__uploads__2021__11__2022-Toyota-RAV4-Hybrid-Product-Information_FINAL.pdf,ok,page_url=https://pressroom.toyota.com/vehicle/2022-toyota-rav4-hybrid/; link_text=Download PDF; via=vehicle; pdf_pages=5; text_chars=4084
toyota,toyota/camry,2024,press_specifications,2024 Toyota Camry Hybrid,https://toyota-cms-media.s3.amazonaws.com/wp-content/uploads/2023/07/FINAL_2024_Toyota_Camry_Hybrid_Product_Information.pdf,200,209823,d340266f339662df9c29b044407366314174c99a827b676ad852b3fb46ff2245,2026-10-02T12:33:43+00:00,press/pressroom.toyota.com/pdf/wp-content__uploads__2023__07__FINAL_2024_Toyota_Camry_Hybrid_Product_Information.pdf,ok,page_url=https://pressroom.toyota.com/vehicle/2024-toyota-camry-hybrid/; link_text=Download PDF; via=vehicle; pdf_pages=11; text_chars=16127
toyota,toyota/highlander,2026,press_specifications,2026 Toyota Highlander,https://toyota-cms-media.s3.amazonaws.com/wp-content/uploads/2025/09/2026-Toyota-Highlander-Gas-Product-Information-1.pdf,200,279864,dcb4686c5c216707e0c4a45003323b553300ec78e789924fb81ad63812f6fcda,2026-10-02T12:33:52+00:00,press/pressroom.toyota.com/pdf/wp-content__uploads__2025__09__2026-Toyota-Highlander-Gas-Product-Information-1.pdf,ok,page_url=https://pressroom.toyota.com/vehicle/2026-toyota-highlander/; link_text=Download PDF; via=vehicle; pdf_pages=15; text_chars=17104
toyota,toyota/highlander,2026,press_specifications,2026 Toyota Highlander Hybrid,https://toyota-cms-media.s3.amazonaws.com/wp-content/uploads/2025/09/2026-Toyota-Highlander-Hybrid-Product-Information.pdf,200,266611,136805d473300532db1c41370ad1ff814c4288170238d0add07c7bf32df97cd2,2026-10-02T12:34:00+00:00,press/pressroom.toyota.com/pdf/wp-content__uploads__2025__09__2026-Toyota-Highlander-Hybrid-Product-Information.pdf,ok,page_url=https://pressroom.toyota.com/vehicle/2026-toyota-highlander-hybrid/; link_text=Download PDF; via=vehicle; pdf_pages=12; text_chars=16336
toyota,toyota/corolla,2025,press_specifications,2025 Toyota GR Corolla,https://toyota-cms-media.s3.amazonaws.com/wp-content/uploads/2024/10/2025_Toyota_GR_Corolla_Product_Info.pdf,200,321401,21d4d54c6f0bf98e48ae1299e1a4b0bb6678c2a9b8b16c36a5efc6ac6f463d15,2026-10-02T12:34:07+00:00,press/pressroom.toyota.com/pdf/wp-content__uploads__2024__10__2025_Toyota_GR_Corolla_Product_Info.pdf,ok,page_url=https://pressroom.toyota.com/vehicle/2025-toyota-gr-corolla/; link_text=Download PDF; via=vehicle; pdf_pages=9; text_chars=12296
toyota,toyota/highlander,2025,press_specifications,2025 Toyota Highlander,https://toyota-cms-media.s3.amazonaws.com/wp-content/uploads/2024/09/2025-Toyota-Highlander-2L-Turbo-Product-Information.pdf,200,295040,72f6700f3eba1c525c64b8c8cd841fa293683a4f78a63fe23ee4e924fe76e6c4,2026-10-02T12:34:17+00:00,press/pressroom.toyota.com/pdf/wp-content__uploads__2024__09__2025-Toyota-Highlander-2L-Turbo-Product-Information.pdf,ok,page_url=https://pressroom.toyota.com/vehicle/2025-toyota-highlander/; link_text=Download PDF; via=vehicle; pdf_pages=17; text_chars=19996
toyota,toyota/highlander,2025,press_specifications,2025 Toyota Highlander Hybrid,https://toyota-cms-media.s3.amazonaws.com/wp-content/uploads/2024/09/2025-Toyota-Highlander-Hybrid-Product-Information.pdf,200,273172,df825d0941a58c350010a7020b502f2ad4f94eae3c3eac1f12214113ece58073,2026-10-02T12:34:28+00:00,press/pressroom.toyota.com/pdf/wp-content__uploads__2024__09__2025-Toyota-Highlander-Hybrid-Product-Information.pdf,ok,page_url=https://pressroom.toyota.com/vehicle/2025-toyota-highlander-hybrid/; link_text=Download PDF; via=vehicle; pdf_pages=14; text_chars=19298
toyota,toyota/camry,2025,press_specifications,2025 Toyota Camry,https://toyota-cms-media.s3.amazonaws.com/wp-content/uploads/2023/11/2025_Toyota_Camry_Product_Information-2.pdf,200,247399,2af952abf16c83e207ac7a90745f0fca06db2d5c7cd2d74c1903b396ab794af4,2026-10-02T12:34:35+00:00,press/pressroom.toyota.com/pdf/wp-content__uploads__2023__11__2025_Toyota_Camry_Product_Information-2.pdf,ok,page_url=https://pressroom.toyota.com/vehicle/2025-toyota-camry/; link_text=Download PDF; via=vehicle; pdf_pages=14; text_chars=16510
toyota,toyota/corolla,2025,press_specifications,2025 Toyota Corolla Hatchback,https://toyota-cms-media.s3.amazonaws.com/wp-content/uploads/2024/05/2025-Toyota-Corolla-Hatchback-Product-Info-1.pdf,200,279025,eace3b04056008062a750c2a9cb03c611a1fde7f8b93d99b64149b099d858856,2026-10-02T12:34:44+00:00,press/pressroom.toyota.com/pdf/wp-content__uploads__2024__05__2025-Toyota-Corolla-Hatchback-Product-Info-1.pdf,ok,page_url=https://pressroom.toyota.com/vehicle/2025-toyota-corolla-hatchback/; link_text=Download PDF; via=vehicle; pdf_pages=10; text_chars=11048
toyota,toyota/corolla,2025,press_specifications,2025 Toyota Corolla,https://toyota-cms-media.s3.amazonaws.com/wp-content/uploads/2024/06/2025-Corolla-Sedan-Product-Info-Sheet.pdf,200,334244,b3fd966b95e6c9ebdc399319662b55da480a4612a198875b1140df1d088a6846,2026-10-02T12:34:49+00:00,press/pressroom.toyota.com/pdf/wp-content__uploads__2024__06__2025-Corolla-Sedan-Product-Info-Sheet.pdf,ok,page_url=https://pressroom.toyota.com/vehicle/2025-toyota-corolla/; link_text=Download PDF; via=vehicle; pdf_pages=12; text_chars=13694
toyota,toyota/corolla,2025,press_specifications,2025 Toyota Corolla Hybrid,https://toyota-cms-media.s3.amazonaws.com/wp-content/uploads/2024/09/2025_Corolla_Hybrid_Product_Information.pdf,200,229016,c7c8995edefe39f66801c6d52099272f8002f0e2a9796da8acbd22eafb4176d4,2026-10-02T12:34:56+00:00,press/pressroom.toyota.com/pdf/wp-content__uploads__2024__09__2025_Corolla_Hybrid_Product_Information.pdf,ok,page_url=https://pressroom.toyota.com/vehicle/2025-toyota-corolla-hybrid/; link_text=Download PDF; via=vehicle; pdf_pages=13; text_chars=12517
toyota,toyota/prius,2025,press_specifications,2025 Toyota Prius,https://toyota-cms-media.s3.amazonaws.com/wp-content/uploads/2024/12/2025ToyotaPrius_ProductInformation.pdf,200,205049,cf77a74a96bfe8c29683d29e59cf634d73a9b24dfef712948549f35578fc953d,2026-10-02T12:35:01+00:00,press/pressroom.toyota.com/pdf/wp-content__uploads__2024__12__2025ToyotaPrius_ProductInformation.pdf,ok,page_url=https://pressroom.toyota.com/vehicle/2025-toyota-prius/; link_text=Download PDF; via=vehicle; pdf_pages=10; text_chars=12272
toyota,toyota/rav4,2025,press_specifications,2025 Toyota RAV4,https://toyota-cms-media.s3.amazonaws.com/wp-content/uploads/2024/10/2025-Toyota-RAV4-Product-Information_FINAL.pdf,200,265029,0803c1f8610f992d58fb99a3b0643e2a6fc9bc39ae2ca1564ecc371107b47f5e,2026-10-02T12:35:06+00:00,press/pressroom.toyota.com/pdf/wp-content__uploads__2024__10__2025-Toyota-RAV4-Product-Information_FINAL.pdf,ok,page_url=https://pressroom.toyota.com/vehicle/2025-toyota-rav4/; link_text=Download PDF; via=vehicle; pdf_pages=17; text_chars=20366
toyota,toyota/rav4,2025,press_specifications,2025 Toyota RAV4 Hybrid,https://toyota-cms-media.s3.amazonaws.com/wp-content/uploads/2024/10/2025_Toyota_RAV4_Hybrid_Product_Information_FINAL.pdf,200,295947,10de8141d478548bca94525d7909432620d1b74fc6a56a6c35c553863828bde1,2026-10-02T12:35:14+00:00,press/pressroom.toyota.com/pdf/wp-content__uploads__2024__10__2025_Toyota_RAV4_Hybrid_Product_Information_FINAL.pdf,ok,page_url=https://pressroom.toyota.com/vehicle/2025-toyota-rav4-hybrid/; link_text=Download PDF; via=vehicle; pdf_pages=19; text_chars=21743
toyota,toyota/rav4,2026,press_specifications,2026 Toyota RAV4,https://toyota-cms-media.s3.amazonaws.com/wp-content/uploads/2025/05/2026_Toyota_RAV4-Hybrid_Product-Information_05282026.pdf,200,366275,236e0e1d28a2e757b7a1734ca5c06290779d3e01bdad996830b44f0e7de9c6ed,2026-10-02T12:35:25+00:00,press/pressroom.toyota.com/pdf/wp-content__uploads__2025__05__2026_Toyota_RAV4-Hybrid_Product-Information_05282026.pdf,ok,page_url=https://pressroom.toyota.com/vehicle/2026-toyota-rav4/; link_text=Download PDF; via=vehicle; pdf_pages=21; text_chars=22318
toyota,toyota/prius,2026,press_specifications,2026 Toyota Prius,https://toyota-cms-media.s3.amazonaws.com/wp-content/uploads/2025/06/2026-Toyota-Prius_Product-Information_FINAL.pdf,200,203189,becd1aa63f752d2af75e9468c128b3855abc869df5ae4e1fa6a0eb0ded9d4a5e,2026-10-02T12:35:31+00:00,press/pressroom.toyota.com/pdf/wp-content__uploads__2025__06__2026-Toyota-Prius_Product-Information_FINAL.pdf,ok,page_url=https://pressroom.toyota.com/vehicle/2026-toyota-prius/; link_text=Download PDF; via=vehicle; pdf_pages=9; text_chars=12224
toyota,toyota/corolla,2026,press_specifications,2026 Toyota Corolla Hatchback,https://toyota-cms-media.s3.amazonaws.com/wp-content/uploads/2025/05/2026-Toyota-Corolla-Hatchback-Product-Info.pdf,200,377184,917f545ab9c0be146d5902e2238dd1b08bf4e7b8163ae7a955b1a808b41eb049,2026-10-02T12:35:38+00:00,press/pressroom.toyota.com/pdf/wp-content__uploads__2025__05__2026-Toyota-Corolla-Hatchback-Product-Info.pdf,ok,page_url=https://pressroom.toyota.com/vehicle/2026-toyota-corolla-hatchback/; link_text=Download PDF; via=vehicle; pdf_pages=7; text_chars=10170
toyota,toyota/corolla,2026,press_specifications,2026 Toyota GR Corolla,https://toyota-cms-media.s3.amazonaws.com/wp-content/uploads/2025/09/2026-Toyota-GR-Corolla-Product-Info-1.pdf,200,233047,c5d5f4c8fff56eba61736a89baff5631a08c91aa0e2d079556a17d227faf3228,2026-10-02T12:35:44+00:00,press/pressroom.toyota.com/pdf/wp-content__uploads__2025__09__2026-Toyota-GR-Corolla-Product-Info-1.pdf,ok,page_url=https://pressroom.toyota.com/vehicle/2026-toyota-gr-corolla/; link_text=Download PDF; via=vehicle; pdf_pages=10; text_chars=11334
toyota,toyota/corolla,2026,press_specifications,2026 Toyota Corolla,https://toyota-cms-media.s3.amazonaws.com/wp-content/uploads/2025/07/2026_Corolla-Sedan_Product-Info-Sheet_FINAL.pdf,200,364370,d04a14be723b1e134aebd626f069d79c549b576b567ba5bc05cc25501b4db93d,2026-10-02T12:35:49+00:00,press/pressroom.toyota.com/pdf/wp-content__uploads__2025__07__2026_Corolla-Sedan_Product-Info-Sheet_FINAL.pdf,ok,page_url=https://pressroom.toyota.com/vehicle/2026-toyota-corolla/; link_text=Download PDF; via=vehicle; pdf_pages=11; text_chars=11019
toyota,toyota/corolla,2026,press_specifications,2026 Toyota Corolla Hybrid,https://toyota-cms-media.s3.amazonaws.com/wp-content/uploads/2025/07/2026-Corolla-Hybrid-Product-Information_FINAL.pdf,200,273186,cc9e8e8b9735bb59f7833ab543c80ce0e108f1f6aad04b6923913b9a8c98eaff,2026-10-02T12:36:00+00:00,press/pressroom.toyota.com/pdf/wp-content__uploads__2025__07__2026-Corolla-Hybrid-Product-Information_FINAL.pdf,ok,page_url=https://pressroom.toyota.com/vehicle/2026-toyota-corolla-hybrid/; link_text=Download PDF; via=vehicle; pdf_pages=12; text_chars=10906
toyota,toyota/camry,2026,press_specifications,2026 Toyota Camry,https://toyota-cms-media.s3.amazonaws.com/wp-content/uploads/2025/04/2026_Toyota_Camry_Product_Information.pdf,200,350141,1891d00724c61afc880f4cd7b277db1591fa5b700912675e779de6c72cd1488d,2026-10-02T12:36:07+00:00,press/pressroom.toyota.com/pdf/wp-content__uploads__2025__04__2026_Toyota_Camry_Product_Information.pdf,ok,page_url=https://pressroom.toyota.com/vehicle/2026-toyota-camry/; link_text=Download PDF; via=vehicle; pdf_pages=13; text_chars=17481
toyota,toyota/corolla,2019,press_specifications,2019 Toyota Corolla Hatchback Product Information,https://s3.amazonaws.com/toyota-cms-media/toyota-pdfs/2019_Toyota_Corolla_Hatchback_Product_Info_12_5_18.pdf,200,330913,69ccaa30a4fb5069e1eeee6678a1310e86ff386e6050b259be9d50cd3daff37d,2026-10-02T12:36:17+00:00,press/pressroom.toyota.com/pdf/toyota-cms-media__toyota-pdfs__2019_Toyota_Corolla_Hatchback_Product_Info_12_5_18.pdf,ok,page_url=https://pressroom.toyota.com/2019-toyota-corolla-hatchback-product-info/; link_text=Click here to Download; via=post; pdf_pages=9; text_chars=9850
toyota,toyota/highlander,2017,press_specifications,2017 Toyota Highlander Product Information,https://s3.amazonaws.com/toyota-cms-media/toyota-pdfs/2017_Toyota_Highlander_Product_Info_FINAL.pdf,200,359854,dbe51737fa4069c89b3a887bba6081352581c35230c84feabbbbae8f5b75d59b,2026-10-02T12:36:25+00:00,press/pressroom.toyota.com/pdf/toyota-cms-media__toyota-pdfs__2017_Toyota_Highlander_Product_Info_FINAL.pdf,ok,page_url=https://pressroom.toyota.com/2017-toyota-highlander-product-specs/; link_text=Click here to Download; via=post; pdf_pages=10; text_chars=24219
toyota,toyota/rav4,2017,press_specifications,2017 RAV4 Product Information,https://s3.amazonaws.com/toyota-cms-media/toyota-pdfs/2017_Toyota_RAV4_Product_Information_FINAL.pdf,200,713371,a5793392591e6483ec93715aba233525aed7d14cf3bb291a9d239eb9f082eb74,2026-10-02T12:36:33+00:00,press/pressroom.toyota.com/pdf/toyota-cms-media__toyota-pdfs__2017_Toyota_RAV4_Product_Information_FINAL.pdf,ok,page_url=https://pressroom.toyota.com/2017-rav4-product-specifications/; link_text=Click here to Download; via=post; pdf_pages=12; text_chars=20938
toyota,toyota/corolla,2017,press_specifications,2017 Toyota Corolla iM Product Information,https://s3.amazonaws.com/toyota-cms-media/toyota-pdfs/2017_Toyota_Corolla_iM_Product_Specifications.pdf,200,124603,ea8b3f1d4f0da532be01d5961e254a50288d67fc7ddca80c9685de09781a82e3,2026-10-02T12:36:43+00:00,press/pressroom.toyota.com/pdf/toyota-cms-media__toyota-pdfs__2017_Toyota_Corolla_iM_Product_Specifications.pdf,ok,page_url=https://pressroom.toyota.com/2017-toyota-corollaim-product-specifications/; link_text=Click here to Download; via=post; pdf_pages=5; text_chars=5448
toyota,toyota/prius,2017,press_specifications,2017 Toyota Prius Product Information,https://s3.amazonaws.com/toyota-cms-media/toyota-pdfs/2017_Prius_Liftback_Product_Info_FINAL.pdf,200,301946,542321005a1f1d5d066bc9c76ecb1590bec87bd240426c6800260e896535e029,2026-10-02T12:36:50+00:00,press/pressroom.toyota.com/pdf/toyota-cms-media__toyota-pdfs__2017_Prius_Liftback_Product_Info_FINAL.pdf,ok,page_url=https://pressroom.toyota.com/2017-toyota-prius-product-specs/; link_text=Click here to Download; via=post; pdf_pages=7; text_chars=12707
toyota,toyota/corolla,2016,press_specifications,2016 Toyota Corolla Product Information,https://s3.amazonaws.com/toyota-cms-media/toyota-pdfs/2016_Corolla_Product Information.pdf,200,51122,04eac1719fd19b3292f0dedc6f785f6febfb1d5ab17f41a8eec518a07f5e0917,2026-10-02T12:36:54+00:00,press/pressroom.toyota.com/pdf/toyota-cms-media__toyota-pdfs__2016_Corolla_Product_Information.pdf,ok,page_url=https://pressroom.toyota.com/2016-toyota-corolla-product-specs/; link_text=Click here to Download; via=post; final_url=https://s3.amazonaws.com/toyota-cms-media/toyota-pdfs/2016_Corolla_Product%20Information.pdf; pdf_pages=8; text_chars=16388
toyota,toyota/camry,2015,press_specifications,2015 Toyota Camry Product Information,https://s3.amazonaws.com/toyota-cms-media/toyota-pdfs/2015_Camry_Product_Information.pdf,200,56382,51c6b8e837ae49842853bc90eda4b754afd0c32aba1d9ddc395caffdd27aeaf0,2026-10-02T12:36:58+00:00,press/pressroom.toyota.com/pdf/toyota-cms-media__toyota-pdfs__2015_Camry_Product_Information.pdf,ok,page_url=https://pressroom.toyota.com/2015-toyota-camry-product-specs/; link_text=Click here to Download; via=post; pdf_pages=8; text_chars=15222
toyota,toyota/corolla,2015,press_specifications,2015 Toyota Corolla Product Information,https://s3.amazonaws.com/toyota-cms-media/toyota-pdfs/2015_Corolla_Product_Information.pdf,200,49537,4122f5a54c496949529b1d0bfbf6b8971590f3e992468edaa378ecbe9c1620ea,2026-10-02T12:37:06+00:00,press/pressroom.toyota.com/pdf/toyota-cms-media__toyota-pdfs__2015_Corolla_Product_Information.pdf,ok,page_url=https://pressroom.toyota.com/2015-toyota-corolla-product-specs/; link_text=Click here to Download; via=post; pdf_pages=8; text_chars=15713
toyota,toyota/highlander,2015,press_specifications,2015 Toyota Highlander Product Information,https://s3.amazonaws.com/toyota-cms-media/toyota-pdfs/2015_Highlander_Product_Information.pdf,200,56708,dd3916797220662f196a5246592f27e273487477c6801c7440a9333e219a338d,2026-10-02T12:37:12+00:00,press/pressroom.toyota.com/pdf/toyota-cms-media__toyota-pdfs__2015_Highlander_Product_Information.pdf,ok,page_url=https://pressroom.toyota.com/2015-toyota-highlander-product-specs/; link_text=Click here to Download; via=post; pdf_pages=10; text_chars=20147
toyota,toyota/rav4,2015,press_specifications,2015 Toyota RAV4 Product Information,https://s3.amazonaws.com/toyota-cms-media/toyota-pdfs/2015_Toyota_RAV4_Product_Information.pdf,200,46943,43cfad53916281ad25506471e5e5c35ef6a50410e5e85c8a7f230a6046fbf24f,2026-10-02T12:37:17+00:00,press/pressroom.toyota.com/pdf/toyota-cms-media__toyota-pdfs__2015_Toyota_RAV4_Product_Information.pdf,ok,page_url=https://pressroom.toyota.com/toyota-2015-rav4-product-specs/; link_text=Click here to Download; via=post; pdf_pages=9; text_chars=12631
toyota,toyota/prius,2015,press_specifications,2015 Toyota Prius Product Information,https://s3.amazonaws.com/toyota-cms-media/toyota-pdfs/2015_Toyota_Prius_Product_Information.pdf,200,55256,030b2330743764c3c55c6ecfaa7e63a4db338ed2b5fc19354fe44b8d749d0a6c,2026-10-02T12:37:23+00:00,press/pressroom.toyota.com/pdf/toyota-cms-media__toyota-pdfs__2015_Toyota_Prius_Product_Information.pdf,ok,page_url=https://pressroom.toyota.com/toyota-2015-prius-product-specs/; link_text=Click here to Download; via=post; pdf_pages=7; text_chars=13193
toyota,toyota/highlander,2014,press_specifications,2014 Toyota Highlander Product Information,https://s3.amazonaws.com/toyota-cms-media/toyota-pdfs/2014_Toyota_Highlander_Product_Info_FINAL.pdf,200,149641,895a1697b614053a7e125c1558cad04845f7809aed5d2e2db60a795c1fd18dc1,2026-10-02T12:37:29+00:00,press/pressroom.toyota.com/pdf/toyota-cms-media__toyota-pdfs__2014_Toyota_Highlander_Product_Info_FINAL.pdf,ok,page_url=https://pressroom.toyota.com/2014-toyota-highlander-product-specs/; link_text=Click here to Download; via=post; pdf_pages=10; text_chars=20328
toyota,toyota/prius,2014,press_specifications,2014 Toyota Prius Product Information,https://s3.amazonaws.com/toyota-cms-media/toyota-pdfs/2014_Prius_Product_info.pdf,200,173838,e1f9c967f05d179e9458b8e5f81b6083c7683c303cbde2bd2824c03b2fd4ca4c,2026-10-02T12:37:35+00:00,press/pressroom.toyota.com/pdf/toyota-cms-media__toyota-pdfs__2014_Prius_Product_info.pdf,ok,page_url=https://pressroom.toyota.com/2014-toyota-prius-product-specs/; link_text=Click here to Download; via=post; pdf_pages=7; text_chars=12670
toyota,toyota/camry,2014,press_specifications,2014 Toyota Camry Product Information,https://s3.amazonaws.com/toyota-cms-media/toyota-pdfs/2014_Camry_Product_Information.pdf,200,174540,094fd08d2eaf45d7d5e84cc43153b7e9700f6a4708e5ec3752b96563a66a2e09,2026-10-02T12:37:42+00:00,press/pressroom.toyota.com/pdf/toyota-cms-media__toyota-pdfs__2014_Camry_Product_Information.pdf,ok,page_url=https://pressroom.toyota.com/2014-toyota-camry-product-specs/; link_text=Click here to Download; via=post; pdf_pages=9; text_chars=15652
toyota,toyota/corolla,2014,press_specifications,2014 Toyota Corolla Product Information,https://s3.amazonaws.com/toyota-cms-media/toyota-pdfs/2014.Corolla.Product.Info.pdf,200,120686,6638e1d9c9f84fb785972bf8620e81cc1a38572769affbb07c44b896da210fde,2026-10-02T12:37:49+00:00,press/pressroom.toyota.com/pdf/toyota-cms-media__toyota-pdfs__2014.Corolla.Product.Info.pdf,ok,page_url=https://pressroom.toyota.com/2014-toyota-corolla-product-specs/; link_text=Click here to Download; via=post; pdf_pages=4; text_chars=4550
toyota,toyota/corolla,2014,press_specifications,2014 Toyota Corolla Features and Specifications,https://s3.amazonaws.com/toyota-cms-media/toyota-pdfs/2014.Toyota.Corolla.Features.Specs.pdf,200,363575,81d66efc3f58b97469cba7d3b166d9078e2ef62472daadff59d8d1bce592d81c,2026-10-02T12:37:52+00:00,press/pressroom.toyota.com/pdf/toyota-cms-media__toyota-pdfs__2014.Toyota.Corolla.Features.Specs.pdf,ok,page_url=https://pressroom.toyota.com/2014-toyota-corolla-features-specs/; link_text=Click here to Download; via=post; pdf_pages=6; text_chars=8022
toyota,toyota/rav4,2014,press_specifications,2014 Toyota RAV4 Product Information,https://s3.amazonaws.com/toyota-cms-media/toyota-pdfs/2014_Toyota_RAV4_Product_Info.pdf,200,45607,50664163f3254c1b49e520f3f610bbcac25b605730a316aac87c05bc1f952135,2026-10-02T12:37:57+00:00,press/pressroom.toyota.com/pdf/toyota-cms-media__toyota-pdfs__2014_Toyota_RAV4_Product_Info.pdf,ok,page_url=https://pressroom.toyota.com/2014-toyota-rav4-product-specs/; link_text=Click here to Download; via=post; pdf_pages=8; text_chars=11447
toyota,toyota/rav4,2019,press_specifications,2019 Toyota RAV4 Hybrid Product Information,https://s3.amazonaws.com/toyota-cms-media/toyota-pdfs/2019_Toyota_RAV4_Hybrid_Product_Information_FINAL_11_30_2018.pdf,200,378607,8c79d3a086b99ad4a119d9afc7247fbe1dddac0ec179ff626612c08104433594,2026-10-02T12:38:01+00:00,press/pressroom.toyota.com/pdf/toyota-cms-media__toyota-pdfs__2019_Toyota_RAV4_Hybrid_Product_Information_FINAL_11_30_2018.pdf,ok,page_url=https://pressroom.toyota.com/2019-toyota-rav4-hybrid-product-specifications/; link_text=Click here to Download; via=post; pdf_pages=17; text_chars=23416
toyota,toyota/rav4,2018,press_specifications,2018 Toyota RAV4 Hybrid Product Information,https://s3.amazonaws.com/toyota-cms-media/toyota-pdfs/2018_Toyota_RAV4_Hybrid_Product_Info_FINAL_2.pdf,200,419948,051b09d78d7ffdecf4486bd508d16b21a781f963218543f1b29997aba4b96d70,2026-10-02T12:38:08+00:00,press/pressroom.toyota.com/pdf/toyota-cms-media__toyota-pdfs__2018_Toyota_RAV4_Hybrid_Product_Info_FINAL_2.pdf,ok,page_url=https://pressroom.toyota.com/2018-toyota-rav4-hybrid-product-info/; link_text=Click here to Download; via=post; pdf_pages=9; text_chars=16619
toyota,toyota/highlander,2018,press_specifications,2018 Toyota Highlander Hybrid Product Info,https://s3.amazonaws.com/toyota-cms-media/toyota-pdfs/2018 Toyota Highlander Hybrid Product Info.pdf,200,284809,46ad3956370e8c0e13f3408d4902a43115c460dadba21a11cfdd3b102afc4163,2026-10-02T12:38:15+00:00,press/pressroom.toyota.com/pdf/toyota-cms-media__toyota-pdfs__2018_Toyota_Highlander_Hybrid_Product_Info.pdf,ok,page_url=https://pressroom.toyota.com/2018-toyota-highlander-hybrid-product-info/; link_text=Click here to Download; via=post; final_url=https://s3.amazonaws.com/toyota-cms-media/toyota-pdfs/2018%20Toyota%20Highlander%20Hybrid%20Product%20Info.pdf; pdf_pages=8; text_chars=18518
toyota,toyota/highlander,2017,press_specifications,2017 Toyota Highlander Hybrid Product Information,https://s3.amazonaws.com/toyota-cms-media/toyota-pdfs/2017_Toyota_Highlander_Hybrid_Product_Info_FINAL.pdf,200,411349,46ee9120d4355bbccbbc56da1264852a099f16b16c0cd045249a95b94b1e335e,2026-10-02T12:38:19+00:00,press/pressroom.toyota.com/pdf/toyota-cms-media__toyota-pdfs__2017_Toyota_Highlander_Hybrid_Product_Info_FINAL.pdf,ok,page_url=https://pressroom.toyota.com/2017-toyota-highlander-hybrid-product-specs/; link_text=Click here to Download; via=post; pdf_pages=9; text_chars=18015
toyota,toyota/highlander,2015,press_specifications,2015 Toyota Highlander Hybrid Product Information,https://s3.amazonaws.com/toyota-cms-media/toyota-pdfs/2015_Highlander_Hybrid_Product_Info.pdf,200,45929,c240413d4f2abdd0d8f9036687d56e4acdc00028837acd9c776c0653acb5af2c,2026-10-02T12:38:24+00:00,press/pressroom.toyota.com/pdf/toyota-cms-media__toyota-pdfs__2015_Highlander_Hybrid_Product_Info.pdf,ok,page_url=https://pressroom.toyota.com/2015-toyota-highlander-hybrid-product-specs/; link_text=Click here to Download; via=post; pdf_pages=7; text_chars=12496
toyota,toyota/highlander,2014,press_specifications,2014 Toyota Highlander Hybrid Product Information,https://s3.amazonaws.com/toyota-cms-media/toyota-pdfs/2014_Toyota_Highlander_Hybrid_Product_Info_FINAL.pdf,200,129312,a90b58ce1934634974a767f5aaead271cf15ed15adf0031bfc5174b1b2acdc1f,2026-10-02T12:38:31+00:00,press/pressroom.toyota.com/pdf/toyota-cms-media__toyota-pdfs__2014_Toyota_Highlander_Hybrid_Product_Info_FINAL.pdf,ok,page_url=https://pressroom.toyota.com/2014-toyota-highlander-hybrid-product-specs/; link_text=Click here to Download; via=post; pdf_pages=7; text_chars=12528
toyota,toyota/camry,2015,press_specifications,2015 Toyota Camry Hybrid Product Information,https://s3.amazonaws.com/toyota-cms-media/toyota-pdfs/2015_Camry_Hybrid_Product_Information.pdf,200,57160,b4e547f7df8aefe98447d31eea0589ebca608eedbde88e7b694bfc7b6026a995,2026-10-02T12:38:36+00:00,press/pressroom.toyota.com/pdf/toyota-cms-media__toyota-pdfs__2015_Camry_Hybrid_Product_Information.pdf,ok,page_url=https://pressroom.toyota.com/2015-toyota-camry-hybrid-product-specs/; link_text=Click here to Download; via=post; pdf_pages=7; text_chars=12518
toyota,toyota/camry,2014,press_specifications,2014 Toyota Camry Hybrid Product Information,https://s3.amazonaws.com/toyota-cms-media/toyota-pdfs/2014_Camry_Hybrid_Product_Info.pdf,200,184104,c23293db1963b60087486ac5f250046e7ad0ea05d82769d423df8d426830aa79,2026-10-02T12:38:41+00:00,press/pressroom.toyota.com/pdf/toyota-cms-media__toyota-pdfs__2014_Camry_Hybrid_Product_Info.pdf,ok,page_url=https://pressroom.toyota.com/2014-toyota-camry-hybrid-product-specs/; link_text=Click here to Download; via=post; pdf_pages=7; text_chars=9410
toyota,toyota/camry,2016,press_specifications,2016 Toyota Camry Product Information,https://s3.amazonaws.com/toyota-cms-media/toyota-pdfs/2016_Camry_Product_Information.pdf,200,59334,8600e2b58b02b3f365cdb24947664bb4ff08544d086cae28b1e184af105681f2,2026-10-02T12:38:46+00:00,press/pressroom.toyota.com/pdf/toyota-cms-media__toyota-pdfs__2016_Camry_Product_Information.pdf,ok,page_url=https://pressroom.toyota.com/2016-toyota-camry-product-specs/; link_text=Click here to Download; via=post; pdf_pages=9; text_chars=17042
toyota,toyota/rav4,2019,press_specifications,2019 Toyota RAV4 Product Information,https://s3.amazonaws.com/toyota-cms-media/toyota-pdfs/2019_Toyota_RAV4_Product _Information_FINAL_11_30_2018.pdf,200,410111,f9c3638a43a43ecb4a4d801fcac2e167fcf6d595dccb7a00e1b533093a9371c4,2026-10-02T12:38:53+00:00,press/pressroom.toyota.com/pdf/toyota-cms-media__toyota-pdfs__2019_Toyota_RAV4_Product__Information_FINAL_11_30_2018.pdf,ok,page_url=https://pressroom.toyota.com/2019-toyota-rav4-product-specifications/; link_text=Click here to Download; via=post; final_url=https://s3.amazonaws.com/toyota-cms-media/toyota-pdfs/2019_Toyota_RAV4_Product%20_Information_FINAL_11_30_2018.pdf; pdf_pages=21; text_chars=28674
toyota,toyota/rav4,2017,press_specifications,2017 RAV4 Hybrid Product Information,https://s3.amazonaws.com/toyota-cms-media/toyota-pdfs/2017_Toyota_RAV4_Hybrid_Product_Information_FINAL.pdf,200,335890,e27992ec10440e0600a3dd918a5a0a33445883a50145f98182cae0dc5be7d096,2026-10-02T12:39:03+00:00,press/pressroom.toyota.com/pdf/toyota-cms-media__toyota-pdfs__2017_Toyota_RAV4_Hybrid_Product_Information_FINAL.pdf,ok,page_url=https://pressroom.toyota.com/2017-rav4-hydrid-product-specifications/; link_text=Click here to Download; via=post; pdf_pages=10; text_chars=15166
toyota,toyota/rav4,2016,press_specifications,2016 Toyota RAV4 Hybrid Product Information,https://s3.amazonaws.com/toyota-cms-media/toyota-pdfs/2016_Toyota_RAV4_Hybrid_Product_Information.pdf,200,46981,66dcfc664a24825efe61153fab4fdd5c575df91b90e1c58918e282bda909a094,2026-10-02T12:39:10+00:00,press/pressroom.toyota.com/pdf/toyota-cms-media__toyota-pdfs__2016_Toyota_RAV4_Hybrid_Product_Information.pdf,ok,page_url=https://pressroom.toyota.com/2016-rav4-hybrid-product-specs/; link_text=Click here to Download; via=post; pdf_pages=8; text_chars=12460
toyota,toyota/highlander,2016,press_specifications,2016 Toyota Highlander Hybrid Product Information,https://s3.amazonaws.com/toyota-cms-media/toyota-pdfs/2016_Highlander_Hybrid_Product_Information.pdf,200,46083,91d6700e3e807096210921bd8ac00f0a35d3c2128d67b073a553f6be39215ce4,2026-10-02T12:39:16+00:00,press/pressroom.toyota.com/pdf/toyota-cms-media__toyota-pdfs__2016_Highlander_Hybrid_Product_Information.pdf,ok,page_url=https://pressroom.toyota.com/2016-toyota-highlander-hybrid-product-specs/; link_text=Click here to Download; via=post; pdf_pages=7; text_chars=12838
toyota,toyota/camry,2018,press_specifications,2018 Toyota Camry Hybrid Product Information Sheet,https://s3.amazonaws.com/toyota-cms-media/toyota-pdfs/2018_Toyota_Camry_Hybrid_Product_Information_10_6_2017.pdf,200,399572,b6accfdf6c843f93c21a0c18e66c3b519a9c84015f65b9f5999314e8ff9c26bc,2026-10-02T12:39:22+00:00,press/pressroom.toyota.com/pdf/toyota-cms-media__toyota-pdfs__2018_Toyota_Camry_Hybrid_Product_Information_10_6_2017.pdf,ok,page_url=https://pressroom.toyota.com/2018-toyota-camry-hybrid-product-info-sheet/; link_text=Click here to Download; via=post; pdf_pages=8; text_chars=14012
toyota,toyota/camry,2017,press_specifications,2017 Toyota Camry Hybrid Product Information,https://s3.amazonaws.com/toyota-cms-media/toyota-pdfs/2017_Camry_Hybrid_Product_Information.pdf,200,56110,7cbc762a2b6812d16d85483f391c2c63fdabc805fedfdab308a2b6e3f13a863e,2026-10-02T12:39:28+00:00,press/pressroom.toyota.com/pdf/toyota-cms-media__toyota-pdfs__2017_Camry_Hybrid_Product_Information.pdf,ok,page_url=https://pressroom.toyota.com/2017-toyota-camry-hybrid-product-specs/; link_text=Click here to Download; via=post; pdf_pages=7; text_chars=12237
toyota,toyota/camry,2016,press_specifications,2016 Toyota Camry Hybrid Product Information,https://s3.amazonaws.com/toyota-cms-media/toyota-pdfs/2016_Camry_Hybrid_Product_Information.pdf,200,69121,903e95be4cfcbd41879237edde2c255f015b4a2dd6b83872f2b0a2f0c046d71e,2026-10-02T12:39:32+00:00,press/pressroom.toyota.com/pdf/toyota-cms-media__toyota-pdfs__2016_Camry_Hybrid_Product_Information.pdf,ok,page_url=https://pressroom.toyota.com/2016-toyota-camry-hybrid-product-specs/; link_text=Click here to Download; via=post; pdf_pages=7; text_chars=11647
toyota,toyota/prius,2016,press_specifications,2016 Toyota Prius Product Information,https://s3.amazonaws.com/toyota-cms-media/toyota-pdfs/2016_Prius_Liftback_Product_Information.pdf,200,53255,54265b0e15c8a756e349d1cfb62a5cf160d1f2b549c73284b84feb1272376020,2026-10-02T12:39:37+00:00,press/pressroom.toyota.com/pdf/toyota-cms-media__toyota-pdfs__2016_Prius_Liftback_Product_Information.pdf,ok,page_url=https://pressroom.toyota.com/toyota-2016-prius-liftback-product-specs/; link_text=Click here to Download; via=post; pdf_pages=7; text_chars=12821
toyota,toyota/rav4,2016,press_specifications,2016 Toyota RAV4 Product Information,https://s3.amazonaws.com/toyota-cms-media/toyota-pdfs/2016_RAV4_Product_Information.pdf,200,51758,0941e6a037b8060f5258c06803a57644459fc72ddb7fae55b1abb84f275c5b1d,2026-10-02T12:39:42+00:00,press/pressroom.toyota.com/pdf/toyota-cms-media__toyota-pdfs__2016_RAV4_Product_Information.pdf,ok,page_url=https://pressroom.toyota.com/2016-toyota-rav4-product-specs/; link_text=Click here to Download; via=post; pdf_pages=10; text_chars=15859
toyota,toyota/highlander,2016,press_specifications,2016 Toyota Highlander Product Information,https://s3.amazonaws.com/toyota-cms-media/toyota-pdfs/2016_Highlander_Product_Information.pdf,200,57059,f0d1858e4699f8bf337568d11e54a9d0e583b47de39162ca857ec88448142593,2026-10-02T12:39:49+00:00,press/pressroom.toyota.com/pdf/toyota-cms-media__toyota-pdfs__2016_Highlander_Product_Information.pdf,ok,page_url=https://pressroom.toyota.com/2016-toyota-highlander-product-specs/; link_text=Click here to Download; via=post; pdf_pages=10; text_chars=20588
toyota,toyota/corolla,2017,press_specifications,2017 Toyota Corolla Product Information,https://s3.amazonaws.com/toyota-cms-media/toyota-pdfs/2017_Toyota_Corolla_Product_Information.pdf,200,52036,569a1c1838e7da0bdbc8d56c07fe8e9909e6698744438a82895da5be3921095e,2026-10-02T12:39:53+00:00,press/pressroom.toyota.com/pdf/toyota-cms-media__toyota-pdfs__2017_Toyota_Corolla_Product_Information.pdf,ok,page_url=https://pressroom.toyota.com/2017-toyota-corolla-product-specs/; link_text=Click here to Download; via=post; pdf_pages=8; text_chars=16296
toyota,toyota/camry,2017,press_specifications,2017 Toyota Camry Product Information,https://s3.amazonaws.com/toyota-cms-media/toyota-pdfs/2017_Toyota_Camry_Product_Information.pdf,200,57518,8de18c7b5c0e321c8592601fc45d99b3df0317805e45046cb35f238eb6d40a28,2026-10-02T12:39:59+00:00,press/pressroom.toyota.com/pdf/toyota-cms-media__toyota-pdfs__2017_Toyota_Camry_Product_Information.pdf,ok,page_url=https://pressroom.toyota.com/2017-toyota-camry-product-specs/; link_text=Click here to Download; via=post; pdf_pages=8; text_chars=15898
toyota,toyota/prius,2018,press_specifications,2018 Toyota Prius Product Information Sheet,https://s3.amazonaws.com/toyota-cms-media/toyota-pdfs/2018_Toyota_Prius_Product_Info_FINAL.pdf,200,429978,46f3e2fd9e004f0568c8dce8bdf15022b99d24d46b543e2dddec8e2565bc9989,2026-10-02T12:40:05+00:00,press/pressroom.toyota.com/pdf/toyota-cms-media__toyota-pdfs__2018_Toyota_Prius_Product_Info_FINAL.pdf,ok,page_url=https://pressroom.toyota.com/2018-toyota-prius-product-info-sheet/; link_text=Click here to Download; via=post; pdf_pages=7; text_chars=13798
toyota,toyota/rav4,2018,press_specifications,2018 Toyota RAV4 Product Info,https://s3.amazonaws.com/toyota-cms-media/toyota-pdfs/2018_Toyota_RAV4_Product_Info_FINAL_2.pdf,200,436951,c526d0c144a308d7138ea3a650e1428402d1182d7a74c10b67bd53dfe6edf524,2026-10-02T12:40:12+00:00,press/pressroom.toyota.com/pdf/toyota-cms-media__toyota-pdfs__2018_Toyota_RAV4_Product_Info_FINAL_2.pdf,ok,page_url=https://pressroom.toyota.com/2018-toyota-rav4-product-info/; link_text=Click here to Download; via=post; pdf_pages=11; text_chars=21263
toyota,toyota/corolla,2018,press_specifications,2018 Toyota Corolla iM Product Info,https://s3.amazonaws.com/toyota-cms-media/toyota-pdfs/2018_Toyota_Corolla_iM_Product_Info.pdf,200,374050,850f6e9e9949025afb2aedec91b9ed709f3ef02af27595a80a0748c70af399ad,2026-10-02T12:40:16+00:00,press/pressroom.toyota.com/pdf/toyota-cms-media__toyota-pdfs__2018_Toyota_Corolla_iM_Product_Info.pdf,ok,page_url=https://pressroom.toyota.com/2018-toyota-corolla-im-product-info/; link_text=Click here to Download; via=post; pdf_pages=4; text_chars=5010
toyota,toyota/corolla,2018,press_specifications,2018 Corolla Product Info,https://s3.amazonaws.com/toyota-cms-media/toyota-pdfs/2018_Corolla_Product Info_FINAL.pdf,200,154868,c21479a90fcad85a9af3ddeacd9373faf521c14e2b47ccd10100b77fc324cc04,2026-10-02T12:40:20+00:00,press/pressroom.toyota.com/pdf/toyota-cms-media__toyota-pdfs__2018_Corolla_Product_Info_FINAL.pdf,ok,page_url=https://pressroom.toyota.com/2018-corolla-product-info/; link_text=Click here to Download; via=post; final_url=https://s3.amazonaws.com/toyota-cms-media/toyota-pdfs/2018_Corolla_Product%20Info_FINAL.pdf; pdf_pages=7; text_chars=14158
toyota,toyota/highlander,2018,press_specifications,2018 Toyota Highlander Product Info,https://s3.amazonaws.com/toyota-cms-media/toyota-pdfs/2018_Toyota_Highlander_Product_Info.pdf,200,452742,3f4150009e79e31b542105077c817d0fbd4bb341e42fd330b9d1ae561f894309,2026-10-02T12:40:27+00:00,press/pressroom.toyota.com/pdf/toyota-cms-media__toyota-pdfs__2018_Toyota_Highlander_Product_Info.pdf,ok,page_url=https://pressroom.toyota.com/2018-toyota-highlander-product-info/; link_text=Click here to Download; via=post; pdf_pages=10; text_chars=23616
toyota,toyota/highlander,2019,press_specifications,2019 Toyota Highlander Product Information,https://s3.amazonaws.com/toyota-cms-media/toyota-pdfs/2019_Toyota_Highlander_Product_Info_FINAL.pdf,,,,2026-10-02T12:40:31+00:00,,error,page_url=https://pressroom.toyota.com/2019-toyota-highlander-product-info/; link_text=Click here to Download; via=post; no answer after retries (timeout/5xx/403)
toyota,toyota/corolla,2020,press_specifications,2020 Toyota Corolla Product Information,https://s3.amazonaws.com/toyota-cms-media/toyota-pdfs/2020_Corolla_Product_Info.pdf,200,223280,b39c38c3c131b53390f15b42bbaa8a000f24db050d0c1b9d594919bd56a5b72b,2026-10-02T12:40:38+00:00,press/pressroom.toyota.com/pdf/toyota-cms-media__toyota-pdfs__2020_Corolla_Product_Info.pdf,ok,page_url=https://pressroom.toyota.com/2020-toyota-corolla-product-info/; link_text=Click here to Download; via=post; pdf_pages=12; text_chars=15345
toyota,toyota/camry,2019,press_specifications,2019 Toyota Camry Hybrid Product Information,https://s3.amazonaws.com/toyota-cms-media/toyota-pdfs/2019_Camry_Hybrid_Product Information.pdf,200,154946,ed3fff6f86d8e79085f9d699a67ad215aa8e07e460e42c7b1f88d824e21c189b,2026-10-02T12:40:49+00:00,press/pressroom.toyota.com/pdf/toyota-cms-media__toyota-pdfs__2019_Camry_Hybrid_Product_Information.pdf,ok,page_url=https://pressroom.toyota.com/2019-toyota-camry-hybrid-product-info/; link_text=Click here to Download; via=post; final_url=https://s3.amazonaws.com/toyota-cms-media/toyota-pdfs/2019_Camry_Hybrid_Product%20Information.pdf; pdf_pages=10; text_chars=13995
toyota,toyota/prius,2019,press_specifications,2019 Toyota Prius Product Information Sheet,https://s3.amazonaws.com/toyota-cms-media/toyota-pdfs/2019_Toyota_Prius_Product_Information.pdf,200,915721,fb186b3928e2ff5895752a6eb1d87b586a96d526987cc17fbf494e73511db8e9,2026-10-02T12:41:01+00:00,press/pressroom.toyota.com/pdf/toyota-cms-media__toyota-pdfs__2019_Toyota_Prius_Product_Information.pdf,ok,page_url=https://pressroom.toyota.com/2019-toyota-prius-product-info/; link_text=Click here to Download; via=post; pdf_pages=10; text_chars=12487
toyota,toyota/camry,2018,press_specifications,2018 Toyota Camry Product Information Sheet,https://s3.amazonaws.com/toyota-cms-media/toyota-pdfs/2018_Toyota_Camry_Product_Information_November_2_2017.pdf,200,152212,8398f353d70d589fc614cc3e06a54613ab2ee1bd6e135b10d8d42c0855c9cb7f,2026-10-02T12:41:09+00:00,press/pressroom.toyota.com/pdf/toyota-cms-media__toyota-pdfs__2018_Toyota_Camry_Product_Information_November_2_2017.pdf,ok,page_url=https://pressroom.toyota.com/2018-toyota-camry-product-info-sheet/; link_text=Click here to Download; via=post; pdf_pages=10; text_chars=21219
toyota,toyota/camry,2019,press_presskit_page,2019 Toyota Camry,https://pressroom.toyota.com/presskit/toyota-camry-2019/,200,111410,b696d4898820374f691329187798c0a559093087b495c28aa28e5d0f67551dbd,2026-10-02T12:03:26+00:00,press/pressroom.toyota.com/presskit__toyota-camry-2019.html.gz,ok,spec_links=Product Information -> https://toyotanews.pressroom.toyota.com/releases/2019+toyota+camry+product+infro.htm
toyota,toyota/camry,2019,press_presskit_page,2019 Toyota Camry-Hybrid,https://pressroom.toyota.com/presskit/toyota-camry-hybrid-2019/,200,111051,44dcb9a087467ba85299f34bdea323a447801f50a3458dd92271624f6797ffae,2026-10-02T12:03:37+00:00,press/pressroom.toyota.com/presskit__toyota-camry-hybrid-2019.html.gz,ok,spec_links=Product Information (Specs) -> https://toyotanews.pressroom.toyota.com/releases/2019+toyota+camry+product+infro.htm
toyota,toyota/prius,2019,press_presskit_page,2019 Toyota Prius,https://pressroom.toyota.com/presskit/toyota-prius-2019/,200,111843,2a68248524f16a2b0894593db962a9dd4593866a3d1b1bab09d7660ec1247af6,2026-10-02T12:03:51+00:00,press/pressroom.toyota.com/presskit__toyota-prius-2019.html.gz,ok,spec_links=Product Information -> https://toyotanews.pressroom.toyota.com/releases/2019+toyota+prius+product+info.htm
toyota,toyota/rav4,2019,press_presskit_page,2019 Toyota RAV4,https://pressroom.toyota.com/presskit/toyota-rav4-2019/,200,110932,b1bd813a2cc2517918b073251d30272bcdc87291eefa5651b2332cb5f2d2b53d,2026-10-02T12:04:03+00:00,press/pressroom.toyota.com/presskit__toyota-rav4-2019.html.gz,ok,spec_links=Product Information -> https://toyota.us/2BjQ9z1
toyota,toyota/rav4,2015,press_presskit_page,2015 Toyota RAV4,https://pressroom.toyota.com/presskit/toyota-rav4-2015/,200,111485,1d686321893d8b38987b9a44b769b7708de4855ca042c54dd141d633371da873,2026-10-02T12:04:15+00:00,press/pressroom.toyota.com/presskit__toyota-rav4-2015.html.gz,ok,spec_links=Product Information -> http://toyotanews.pressroom.toyota.com/releases/toyota+2015+rav4+product+specs.htm
toyota,toyota/prius,2015,press_presskit_page,2015 Toyota Prius,https://pressroom.toyota.com/presskit/toyota-prius-2015/,200,111793,02beb7900fc092bd833acb6d3f3c21b74d4d43f74d3643f9a09411dafa82feb8,2026-10-02T12:04:27+00:00,press/pressroom.toyota.com/presskit__toyota-prius-2015.html.gz,ok,spec_links=Product Information -> http://toyotanews.pressroom.toyota.com/releases/toyota+2015+prius+product+specs.htm
toyota,toyota/corolla,2015,press_presskit_page,2015 Toyota Corolla,https://pressroom.toyota.com/presskit/toyota-corolla-2015/,200,110575,c37d330b5216a246c1e72161b5177ad8a9c5a8aa30b8bec082d2fa0995c387a1,2026-10-02T12:04:41+00:00,press/pressroom.toyota.com/presskit__toyota-corolla-2015.html.gz,ok,spec_links=Product Information -> http://toyotanews.pressroom.toyota.com/releases/2015+toyota+corolla+product+specs.htm
toyota,toyota/highlander,2015,press_presskit_page,2015 Toyota Highlander,https://pressroom.toyota.com/presskit/toyota-highlander-2015/,200,112677,feab1e4399f43e72830b295052e928ce9dcdb2b294d7daf8d127b84b9c623248,2026-10-02T12:04:53+00:00,press/pressroom.toyota.com/presskit__toyota-highlander-2015.html.gz,ok,spec_links=Product Information -> http://toyotanews.pressroom.toyota.com/releases/2015+toyota+highlander+product+specs.htm
toyota,toyota/highlander,2015,press_presskit_page,2015 Toyota Highlander Hybrid,https://pressroom.toyota.com/presskit/toyota-highlander-hybrid-2015/,200,111437,a2c986632369a6b78ca4c6dcfda76a444bbfe11b098b960f3dd0df803a4501c3,2026-10-02T12:05:08+00:00,press/pressroom.toyota.com/presskit__toyota-highlander-hybrid-2015.html.gz,ok,spec_links=Product Information -> http://toyotanews.pressroom.toyota.com/releases/2015+toyota+highlander+hybrid+product+specs.htm
toyota,toyota/camry,2015,press_presskit_page,2015 Toyota Camry,https://pressroom.toyota.com/presskit/toyota-camry-2015/,200,111960,683830787192f3b906a96728d549bde7b851ee7eca9f9b37294453cf91f2834d,2026-10-02T12:05:19+00:00,press/pressroom.toyota.com/presskit__toyota-camry-2015.html.gz,ok,spec_links=Product Information -> http://toyotanews.pressroom.toyota.com/releases/2015+toyota+camry+product+specs.htm
toyota,toyota/camry,2015,press_presskit_page,2015 Toyota Camry Hybrid,https://pressroom.toyota.com/presskit/toyota-camry-hybrid-2015/,200,111093,ddbc2fcc70cbbda7e304a7a4ccdc0fb5bd03579802db4deb519b724d9bf400cc,2026-10-02T12:05:32+00:00,press/pressroom.toyota.com/presskit__toyota-camry-hybrid-2015.html.gz,ok,spec_links=Product Information -> http://toyotanews.pressroom.toyota.com/releases/2015+toyota+camry+hybrid+product+specs.htm
toyota,toyota/highlander,2014,press_presskit_page,2014 Toyota Highlander Hybrid,https://pressroom.toyota.com/presskit/toyota-highlander-hybrid-2014/,200,111798,cb601d62d8cf311c7a3f26a88efa9eb4171901a8723c021989775f29647610de,2026-10-02T12:05:43+00:00,press/pressroom.toyota.com/presskit__toyota-highlander-hybrid-2014.html.gz,ok,spec_links=Product Information -> https://pressroom.toyota.com/releases/2014+toyota+highlander+hybrid+product+specs.htm
toyota,toyota/highlander,2014,press_presskit_page,2014 Toyota Highlander,https://pressroom.toyota.com/presskit/toyota-highlander-2014/,200,111289,1c8edbf4a6c2ee60ab771d5f6565839a3208ab1000111642f5ee322a7797f0c2,2026-10-02T12:05:57+00:00,press/pressroom.toyota.com/presskit__toyota-highlander-2014.html.gz,ok,spec_links=Product Information -> https://pressroom.toyota.com/releases/2014+toyota+highlander+product+specs.htm
toyota,toyota/rav4,2014,press_presskit_page,2014 Toyota RAV4 EV,https://pressroom.toyota.com/presskit/toyota-rav4-ev-2014/,200,110937,5f7ae4e5551627fb3a2c553fa5341a06ac92183f8b7f7b59bf0fe079a5b154c3,2026-10-02T12:06:10+00:00,press/pressroom.toyota.com/presskit__toyota-rav4-ev-2014.html.gz,ok,spec_links=Product Information -> https://pressroom.toyota.com/releases/2012+toyota+rav4+ev+product+specs.htm
toyota,toyota/prius,2014,press_presskit_page,2014 Toyota Prius,https://pressroom.toyota.com/presskit/toyota-prius-2014/,200,109883,47f7b045f2bc583679c728edda40acf4d44240f2682368f223f3b32509a4fc0c,2026-10-02T12:06:22+00:00,press/pressroom.toyota.com/presskit__toyota-prius-2014.html.gz,ok,spec_links=Product Information -> http://toyotanewsroom.com/releases/2014+toyota+prius+product+specs.htm
toyota,toyota/camry,2014,press_presskit_page,2014 Toyota Camry,https://pressroom.toyota.com/presskit/toyota-camry-2014/,200,110545,253ae344cec3d9bd27f5fa34980622d51da59967bd4bf8bcfc7b1a1b6f34dc36,2026-10-02T12:06:35+00:00,press/pressroom.toyota.com/presskit__toyota-camry-2014.html.gz,ok,spec_links=Product Information -> https://pressroom.toyota.com/releases/2014+toyota+camry+product+specs.htm
toyota,toyota/camry,2014,press_presskit_page,2014 Toyota Camry Hybrid,https://pressroom.toyota.com/presskit/toyota-camry-hybrid-2014/,200,110414,3bb3e11bd76f2e82905d3461e16009790a097cf44d80e43c5078a352ae012553,2026-10-02T12:06:48+00:00,press/pressroom.toyota.com/presskit__toyota-camry-hybrid-2014.html.gz,ok,spec_links=Product Information -> https://pressroom.toyota.com/releases/2014+toyota+camry+hybrid+product+specs.htm
toyota,toyota/rav4,2014,press_presskit_page,2014 Toyota RAV4,https://pressroom.toyota.com/presskit/toyota-rav4-2014/,200,110793,8892f3cab36cb824dacc0db9cdb8cfcb7ec0ff67a567c99ec16b682aaebe8fdd,2026-10-02T12:07:01+00:00,press/pressroom.toyota.com/presskit__toyota-rav4-2014.html.gz,ok,spec_links=Product Information -> https://pressroom.toyota.com/releases/2014+toyota+rav4+product+specs.htm
toyota,toyota/corolla,2014,press_presskit_page,2014 Toyota Corolla,https://pressroom.toyota.com/presskit/toyota-corolla-2014/,200,111032,446379782da6fe5335b51e2fb7bc7ac5fb782e514b784f20c2f8425494a73871,2026-10-02T12:07:15+00:00,press/pressroom.toyota.com/presskit__toyota-corolla-2014.html.gz,ok,spec_links=Product Information -> https://pressroom.toyota.com/releases/2014+toyota+corolla+product+specs.htm
toyota,,,press_post_page,,https://pressroom.toyota.com/releases/2014+toyota+highlander+hybrid+product+specs.htm,404,93706,259221b811be91e9f07616b61e5111d5b5c9b4205cc346077239c3549878f071,2026-10-02T12:54:39+00:00,,not_found,final_url=https://pressroom.toyota.com/2014+toyota+highlander+hybrid+product+specs/
toyota,,,press_post_page,,https://pressroom.toyota.com/releases/2014+toyota+highlander+product+specs.htm,404,93706,5eab395696a1dbd4d0340015745b97bfe515d15761fa2bacb3075cbb0dcbdd2e,2026-10-02T12:54:51+00:00,,not_found,final_url=https://pressroom.toyota.com/2014+toyota+highlander+product+specs/
toyota,,,press_post_page,,https://pressroom.toyota.com/releases/2012+toyota+rav4+ev+product+specs.htm,404,93706,812dd30c2493edd1004f43f86e3f25c1c1213f57189c32bd9dc5d3f550bca52a,2026-10-02T12:55:04+00:00,,not_found,final_url=https://pressroom.toyota.com/2012+toyota+rav4+ev+product+specs/
toyota,,,press_post_page,,https://pressroom.toyota.com/releases/2014+toyota+camry+product+specs.htm,404,93706,5e4c1049121a109897b4111f98d0cbf36a2b4700cc58f7c09df4f5f171b99d5b,2026-10-02T12:55:18+00:00,,not_found,final_url=https://pressroom.toyota.com/2014+toyota+camry+product+specs/
toyota,,,press_post_page,,https://pressroom.toyota.com/releases/2014+toyota+camry+hybrid+product+specs.htm,404,93706,685532750fccf933e14e2ec40cdfa193b6b7b72a3d45115321d68b44810ef650,2026-10-02T12:55:32+00:00,,not_found,final_url=https://pressroom.toyota.com/2014+toyota+camry+hybrid+product+specs/
toyota,,,press_post_page,,https://pressroom.toyota.com/releases/2014+toyota+rav4+product+specs.htm,404,93706,afe2ccd3b0810b1fe76bac48b6798b5cef26e13257e21d1fa937c86f9bdc7411,2026-10-02T12:55:45+00:00,,not_found,final_url=https://pressroom.toyota.com/2014+toyota+rav4+product+specs/
toyota,,,press_post_page,,https://pressroom.toyota.com/releases/2014+toyota+corolla+product+specs.htm,404,93706,5981951bf1c006bc7a4cd1025aa7a72346ac3cb1a92f47d2809b620f82ddf81c,2026-10-02T12:55:58+00:00,,not_found,final_url=https://pressroom.toyota.com/2014+toyota+corolla+product+specs/
toyota,toyota/highlander,2019,press_specifications,2019 Toyota Highlander Product Information,https://s3.amazonaws.com/toyota-cms-media/toyota-pdfs/2019_Toyota_Highlander_Product_Info_FINAL.pdf,,,,2026-10-02T12:56:01+00:00,,error,page_url=https://pressroom.toyota.com/2019-toyota-highlander-product-info/; link_text=Click here to Download; via=post; no answer after retries (timeout/5xx/403)
