make,line,year,doc_type,title,url,http_status,bytes,sha256,retrieved_at,path,status,note
hyundai,,,robots,robots.txt,https://www.hyundainews.com/robots.txt,200,75,f6f9199c9b855cd434eca2b82415f5b0f851f71cbd82bfc333063fd9b5f12bf9,2026-10-02T11:39:29+00:00,press/www.hyundainews.com/robots.txt.gz,ok,no rule against the pages used
hyundai,,,press_index,model tree,https://www.hyundainews.com/api/models,200,652738,f092b1517e8b7acd58ea22b281df3ec91c3284df1a6c134ea5a43c9116a5ecfb,2026-10-02T11:39:32+00:00,press/www.hyundainews.com/api/models.json.gz,ok,
hyundai,hyundai/sonata,2014,press_index,model page hyundai-sonata-2014-sonata,https://www.hyundainews.com/api/models/hyundai-sonata-2014-sonata,200,71171,982cce30aa4c0ccd76d410d5ceacae2b4c25983c2e6413cc8adeff0faf9e540e,2026-10-02T11:39:35+00:00,press/www.hyundainews.com/api/models_hyundai-sonata-2014-sonata.json.gz,ok,
hyundai,hyundai/sonata,2014,press_index,press kit 2014-sonata,https://www.hyundainews.com/api/press-kits/2014-sonata,200,37100,6c0240d1dff6e4a5ca6247937a355dd5415e82fd13b072d7d282f186be2846cb,2026-10-02T11:39:39+00:00,press/www.hyundainews.com/api/press-kits_2014-sonata.json.gz,ok,
hyundai,hyundai/sonata,2014,press_index,model page hyundai-sonata-2014-sonata_2_0t,https://www.hyundainews.com/api/models/hyundai-sonata-2014-sonata_2_0t,200,78044,da0c93afcc717fb62549fda8e0c6b73fcfaa3b61d4881ca2649b50436fb53753,2026-10-02T11:39:44+00:00,press/www.hyundainews.com/api/models_hyundai-sonata-2014-sonata_2_0t.json.gz,ok,
hyundai,hyundai/sonata,2014,press_index,press kit 2014-sonata-2.0t,https://www.hyundainews.com/api/press-kits/2014-sonata-2.0t,200,37099,d3952cab12f1c9742383f044f04935c68124cc8792ff946353cb9d325b8eed4b,2026-10-02T11:39:47+00:00,press/www.hyundainews.com/api/press-kits_2014-sonata-2.0t.json.gz,ok,
hyundai,hyundai/sonata,2014,press_index,model page hyundai-sonata-2014-sonata_hybrid,https://www.hyundainews.com/api/models/hyundai-sonata-2014-sonata_hybrid,200,22257,142a7f48a797fd46f4a405447a919ae3a631078371a0de1ea0887afb420ff630,2026-10-02T11:39:49+00:00,press/www.hyundainews.com/api/models_hyundai-sonata-2014-sonata_hybrid.json.gz,ok,
hyundai,hyundai/sonata,2014,press_specifications,,https://www.hyundainews.com/models/hyundai-sonata-2014,,,,2026-10-02T11:39:49+00:00,,not_found,"no Specifications tab or spec document on model pages: hyundai-sonata-2014-sonata, hyundai-sonata-2014-sonata_2_0t, hyundai-sonata-2014-sonata_hybrid"
hyundai,hyundai/sonata,2015,press_index,model page hyundai-sonata-2015-sonata,https://www.hyundainews.com/api/models/hyundai-sonata-2015-sonata,200,91246,4d57baf3895838646d9048af782e77977a55019e88910fa22fd752da65420390,2026-10-02T11:39:54+00:00,press/www.hyundainews.com/api/models_hyundai-sonata-2015-sonata.json.gz,ok,
hyundai,hyundai/sonata,2015,press_index,press kit 2015-sonata,https://www.hyundainews.com/api/press-kits/2015-sonata,200,24934,4842a817f67c2fb321141a7399109c2e6392a03c8223326506540e1deff888ec,2026-10-02T11:39:59+00:00,press/www.hyundainews.com/api/press-kits_2015-sonata.json.gz,ok,
hyundai,hyundai/sonata,2015,press_index,model page hyundai-sonata-2015-sonata_2_0t,https://www.hyundainews.com/api/models/hyundai-sonata-2015-sonata_2_0t,200,56029,f6228b777700d86c82697fecd671afb0fb503c05da0d7842e2c12cddd7465cd4,2026-10-02T11:40:01+00:00,press/www.hyundainews.com/api/models_hyundai-sonata-2015-sonata_2_0t.json.gz,ok,
hyundai,hyundai/sonata,2015,press_index,press kit 2015-sonata-2.0t,https://www.hyundainews.com/api/press-kits/2015-sonata-2.0t,200,24944,9834b68ee09ccb45d9c5ebe225cc3f71b90279392e532b8acbc35f311bb817f9,2026-10-02T11:40:06+00:00,press/www.hyundainews.com/api/press-kits_2015-sonata-2.0t.json.gz,ok,
hyundai,hyundai/sonata,2015,press_index,model page hyundai-sonata-2015-sonata_eco,https://www.hyundainews.com/api/models/hyundai-sonata-2015-sonata_eco,200,39401,869b737bb94a3a04ee23015ac8e3fc7b9186e3d160e52f95a352418a9a2a9ef2,2026-10-02T11:40:09+00:00,press/www.hyundainews.com/api/models_hyundai-sonata-2015-sonata_eco.json.gz,ok,
hyundai,hyundai/sonata,2015,press_index,press kit 2015-sonata-eco-delivers-estimated-32-mpg-combined-fuel-economy-and-premium-driving-experience,https://www.hyundainews.com/api/press-kits/2015-sonata-eco-delivers-estimated-32-mpg-combined-fuel-economy-and-premium-driving-experience,200,7384,6ff39032b8ccb3905978af7555d2ac43a13075c3dd8967840a8189336ac0b291,2026-10-02T11:40:12+00:00,press/www.hyundainews.com/api/press-kits_2015-sonata-eco-delivers-estimated-32-mpg-combined-fuel-economy-and-premium-driving-experience.json.gz,ok,
hyundai,hyundai/sonata,2015,press_index,model page hyundai-sonata-2015-sonata_hybrid,https://www.hyundainews.com/api/models/hyundai-sonata-2015-sonata_hybrid,200,16941,ec1b09d4d676d2281e6caa7bee08087b2cee3b9fe152fd72b12009963c249e8a,2026-10-02T11:40:17+00:00,press/www.hyundainews.com/api/models_hyundai-sonata-2015-sonata_hybrid.json.gz,ok,
hyundai,hyundai/sonata,2015,press_specifications,,https://www.hyundainews.com/models/hyundai-sonata-2015,,,,2026-10-02T11:40:17+00:00,,not_found,"no Specifications tab or spec document on model pages: hyundai-sonata-2015-sonata, hyundai-sonata-2015-sonata_2_0t, hyundai-sonata-2015-sonata_eco, hyundai-sonata-2015-sonata_hybrid"
hyundai,hyundai/sonata,2016,press_index,model page hyundai-sonata-2016-sonata,https://www.hyundainews.com/api/models/hyundai-sonata-2016-sonata,200,67310,bde2bc8c142f6670644da69bd70e6e46cef1f621dc32b4906c4d58c3dbed26c1,2026-10-02T11:40:21+00:00,press/www.hyundainews.com/api/models_hyundai-sonata-2016-sonata.json.gz,ok,
hyundai,hyundai/sonata,2016,press_index,press kit 2016-sonata,https://www.hyundainews.com/api/press-kits/2016-sonata,200,9002,7740a2b6c4bf9ca1a528e3e1215f8080eb25e7b3cf0396902e4e7a733e55edf4,2026-10-02T11:40:25+00:00,press/www.hyundainews.com/api/press-kits_2016-sonata.json.gz,ok,
hyundai,hyundai/sonata,2016,press_index,model page hyundai-sonata-2016-sonata_2_0t,https://www.hyundainews.com/api/models/hyundai-sonata-2016-sonata_2_0t,200,35235,ae3fb92cf00e41a284084e7799c505951993b0e8a6e03b02066e52c1c39f3a30,2026-10-02T11:40:31+00:00,press/www.hyundainews.com/api/models_hyundai-sonata-2016-sonata_2_0t.json.gz,ok,
hyundai,hyundai/sonata,2016,press_index,press kit 2016-sonata-2.0t,https://www.hyundainews.com/api/press-kits/2016-sonata-2.0t,200,9160,28a70d0cbd86d11802f619032f6afa972f8c9ee670189572a7164035cc6deb16,2026-10-02T11:40:34+00:00,press/www.hyundainews.com/api/press-kits_2016-sonata-2.0t.json.gz,ok,
hyundai,hyundai/sonata,2016,press_index,model page hyundai-sonata-2016-sonata_eco,https://www.hyundainews.com/api/models/hyundai-sonata-2016-sonata_eco,200,35077,bdb93acd7aacfe3df9e0990c5f530e08dd6f8bb0260844684668c146e0d6e9a0,2026-10-02T11:40:39+00:00,press/www.hyundainews.com/api/models_hyundai-sonata-2016-sonata_eco.json.gz,ok,
hyundai,hyundai/sonata,2016,press_index,press kit 2016-sonata-eco,https://www.hyundainews.com/api/press-kits/2016-sonata-eco,200,9010,3b599ad8d26e3f13a27cdae5a27be940d16a250ff96222ef63f17bd74ab7b3a6,2026-10-02T11:40:44+00:00,press/www.hyundainews.com/api/press-kits_2016-sonata-eco.json.gz,ok,
hyundai,hyundai/sonata,2016,press_index,model page hyundai-sonata-2016-sonata_hybrid,https://www.hyundainews.com/api/models/hyundai-sonata-2016-sonata_hybrid,200,58060,e8fb02b8733a6a20814077df93d403d7cb9e82a64f3411b02a595b6d6392ac60,2026-10-02T11:40:50+00:00,press/www.hyundainews.com/api/models_hyundai-sonata-2016-sonata_hybrid.json.gz,ok,
hyundai,hyundai/sonata,2016,press_index,press kit 2016-sonata-hybrid,https://www.hyundainews.com/api/press-kits/2016-sonata-hybrid,200,12056,6a27f689e22e5ff41dc7a21e62c8476d558eb251665bfc093cf75a3d9650ecb8,2026-10-02T11:40:53+00:00,press/www.hyundainews.com/api/press-kits_2016-sonata-hybrid.json.gz,ok,
hyundai,hyundai/sonata,2016,press_index,model page hyundai-sonata-2016-sonata_plug_in_hybrid,https://www.hyundainews.com/api/models/hyundai-sonata-2016-sonata_plug_in_hybrid,200,59746,7f0fa17f4987955daffc364ad3103b8a92eb265000e4db00740dba2b894f32af,2026-10-02T11:40:58+00:00,press/www.hyundainews.com/api/models_hyundai-sonata-2016-sonata_plug_in_hybrid.json.gz,ok,
hyundai,hyundai/sonata,2016,press_index,press kit 2016-sonata-plug-in-hybrid,https://www.hyundainews.com/api/press-kits/2016-sonata-plug-in-hybrid,200,13979,ce4e0632a0c1c1c398214b03190f29eeae713cf924c1f117eab6590898fe34db,2026-10-02T11:41:02+00:00,press/www.hyundainews.com/api/press-kits_2016-sonata-plug-in-hybrid.json.gz,ok,
hyundai,hyundai/sonata,2016,press_specifications,,https://www.hyundainews.com/models/hyundai-sonata-2016,,,,2026-10-02T11:41:02+00:00,,not_found,"no Specifications tab or spec document on model pages: hyundai-sonata-2016-sonata, hyundai-sonata-2016-sonata_2_0t, hyundai-sonata-2016-sonata_eco, hyundai-sonata-2016-sonata_hybrid, hyundai-sonata-2016-sonata_plug_in_hybrid"
hyundai,hyundai/sonata,2017,press_index,model page hyundai-sonata-2017-sonata,https://www.hyundainews.com/api/models/hyundai-sonata-2017-sonata,200,37950,5ef00f80e1817a49516c02e29407444dcc90e1f208156c59e8a82d8b3fcad47f,2026-10-02T11:41:07+00:00,press/www.hyundainews.com/api/models_hyundai-sonata-2017-sonata.json.gz,ok,
hyundai,hyundai/sonata,2017,press_index,press kit 2017-sonata,https://www.hyundainews.com/api/press-kits/2017-sonata,200,7123,bc4df223b4771c7a28b7b96cc5ac834eae3c68c687ab2bd486d7ecb9d58f69c5,2026-10-02T11:41:12+00:00,press/www.hyundainews.com/api/press-kits_2017-sonata.json.gz,ok,
hyundai,hyundai/sonata,2017,press_index,model page hyundai-sonata-2017-sonata_2_0t,https://www.hyundainews.com/api/models/hyundai-sonata-2017-sonata_2_0t,200,20613,ba61cf71ae44f8546491193f33bf3ae75f4aec42b61072551288a45c3e9b5c25,2026-10-02T11:41:17+00:00,press/www.hyundainews.com/api/models_hyundai-sonata-2017-sonata_2_0t.json.gz,ok,
hyundai,hyundai/sonata,2017,press_index,press kit 2017-sonata-2.0t,https://www.hyundainews.com/api/press-kits/2017-sonata-2.0t,200,7671,63ecd9886dc6ddbd8185318085bfa2dce3445ae66b64bd02855e8c1063f76bb1,2026-10-02T11:41:22+00:00,press/www.hyundainews.com/api/press-kits_2017-sonata-2.0t.json.gz,ok,
hyundai,hyundai/sonata,2017,press_index,model page hyundai-sonata-2017-sonata_eco,https://www.hyundainews.com/api/models/hyundai-sonata-2017-sonata_eco,200,35988,8c1cc03bc054f728a78eb932114def7b22ed306ea4340ac2bc1bb057a7ff3b1d,2026-10-02T11:41:25+00:00,press/www.hyundainews.com/api/models_hyundai-sonata-2017-sonata_eco.json.gz,ok,
hyundai,hyundai/sonata,2017,press_index,press kit 2017-sonata-eco,https://www.hyundainews.com/api/press-kits/2017-sonata-eco,200,7131,5c16ec344d426b68a0c8f496dfaf2e57f402b486ce3d955ab23875027e48d4d0,2026-10-02T11:41:30+00:00,press/www.hyundainews.com/api/press-kits_2017-sonata-eco.json.gz,ok,
hyundai,hyundai/sonata,2017,press_index,model page hyundai-sonata-2017-sonata_hybrid,https://www.hyundainews.com/api/models/hyundai-sonata-2017-sonata_hybrid,200,46090,c71b50430bbccfbe4f1101d9c13335dcdb783f5b3d5013715febf97f234c4409,2026-10-02T11:41:35+00:00,press/www.hyundainews.com/api/models_hyundai-sonata-2017-sonata_hybrid.json.gz,ok,
hyundai,hyundai/sonata,2017,press_index,press kit 2017-sonata-hybrid,https://www.hyundainews.com/api/press-kits/2017-sonata-hybrid,200,14995,37c35edbd2cf8bb43bf29b45825df7ea477f360bf9aa8c503b2c6d22126ab212,2026-10-02T11:41:39+00:00,press/www.hyundainews.com/api/press-kits_2017-sonata-hybrid.json.gz,ok,
hyundai,hyundai/sonata,2017,press_index,model page hyundai-sonata-2017-sonata_plug_in_hybrid,https://www.hyundainews.com/api/models/hyundai-sonata-2017-sonata_plug_in_hybrid,200,53329,66944b12564cee462a812fbe98a0147f07baf51460187b556bb1a1bd88fea821,2026-10-02T11:41:43+00:00,press/www.hyundainews.com/api/models_hyundai-sonata-2017-sonata_plug_in_hybrid.json.gz,ok,
hyundai,hyundai/sonata,2017,press_index,press kit 2017-sonata-plug-in-hybrid,https://www.hyundainews.com/api/press-kits/2017-sonata-plug-in-hybrid,200,15045,b75d346a507c6a18a1d9c7b53bec3c5122615a08127deac9f09b7fc78c8db6e7,2026-10-02T11:41:47+00:00,press/www.hyundainews.com/api/press-kits_2017-sonata-plug-in-hybrid.json.gz,ok,
hyundai,hyundai/sonata,2017,press_specifications,2017 Sonata Hybrid Specifications,https://www.hyundainews.com/assets/documents/original/29499-SonataHybridSpecifications2017.pdf,200,75603,7eec1965ea9be6b62144d852ae6d9048a3abb7652e422cb65176b5138547ff39,2026-10-02T11:41:55+00:00,press/www.hyundainews.com/29499-SonataHybridSpecifications2017.pdf,ok,SONATA Hybrid (tab 'Specifications' of /models/hyundai-sonata-2017-sonata_hybrid); 5 PDF pages
hyundai,hyundai/sonata,2017,press_specifications,2017 Sonata Plug-In Hybrid Specifications,https://www.hyundainews.com/assets/documents/original/29504-SonataPluginHybridSpecifications2017.pdf,200,77468,5a6dc3df3ef2e764fa27fdcdd3eb72dace1ab0585301da5b252be3155ead814f,2026-10-02T11:42:03+00:00,press/www.hyundainews.com/29504-SonataPluginHybridSpecifications2017.pdf,ok,SONATA Plug-In Hybrid (tab 'Specifications' of /models/hyundai-sonata-2017-sonata_plug_in_hybrid); 5 PDF pages
hyundai,hyundai/sonata,2018,press_index,model page hyundai-sonata-2018-sonata,https://www.hyundainews.com/api/models/hyundai-sonata-2018-sonata,200,52138,7b9004218e40252f95d40cf81e2bd6b993077cfeece6999a92a70808dfb16c87,2026-10-02T11:42:07+00:00,press/www.hyundainews.com/api/models_hyundai-sonata-2018-sonata.json.gz,ok,
hyundai,hyundai/sonata,2018,press_index,press kit 2018-sonata-,https://www.hyundainews.com/api/press-kits/2018-sonata-,200,9384,6d2053f0c3c6e607a80724397bd50297b8e77481dd1b0df962f220a62ac7b692,2026-10-02T11:42:10+00:00,press/www.hyundainews.com/api/press-kits_2018-sonata-.json.gz,ok,
hyundai,hyundai/sonata,2018,press_index,model page hyundai-sonata-2018-sonata_2_0t,https://www.hyundainews.com/api/models/hyundai-sonata-2018-sonata_2_0t,200,96071,9b02ee8e77aacfeaa9f7bce641ebf70526373fed9a61d2423160d9e4a4f276be,2026-10-02T11:42:13+00:00,press/www.hyundainews.com/api/models_hyundai-sonata-2018-sonata_2_0t.json.gz,ok,
hyundai,hyundai/sonata,2018,press_index,press kit 2018-sonata-2.0t,https://www.hyundainews.com/api/press-kits/2018-sonata-2.0t,200,9790,da6ff4a51723dcb23e40b826564515b9d484f7f6bd0fe2dfd109e28a3ab68513,2026-10-02T11:42:18+00:00,press/www.hyundainews.com/api/press-kits_2018-sonata-2.0t.json.gz,ok,
hyundai,hyundai/sonata,2018,press_index,model page hyundai-sonata-2018-sonata_eco,https://www.hyundainews.com/api/models/hyundai-sonata-2018-sonata_eco,200,91356,2c5405b39410f2d282da3aeb024b5bec20a5859b1c45317f40eef3fb8b28c1e6,2026-10-02T11:42:23+00:00,press/www.hyundainews.com/api/models_hyundai-sonata-2018-sonata_eco.json.gz,ok,
hyundai,hyundai/sonata,2018,press_index,press kit 2018-sonata-eco,https://www.hyundainews.com/api/press-kits/2018-sonata-eco,200,9266,5f7b2d59c5ccf3b90ec8815b1a6700737422a1f060045e4f045fd97f18b7104a,2026-10-02T11:42:28+00:00,press/www.hyundainews.com/api/press-kits_2018-sonata-eco.json.gz,ok,
hyundai,hyundai/sonata,2018,press_index,model page hyundai-sonata-2018-sonata_hybrid,https://www.hyundainews.com/api/models/hyundai-sonata-2018-sonata_hybrid,200,60134,875e44a96a7fd4d6e87f9ffeaaa8d58a36308db7ba518bb544fc3b6403f42244,2026-10-02T11:42:32+00:00,press/www.hyundainews.com/api/models_hyundai-sonata-2018-sonata_hybrid.json.gz,ok,
hyundai,hyundai/sonata,2018,press_index,press kit 2018-sonata-hybrid,https://www.hyundainews.com/api/press-kits/2018-sonata-hybrid,200,13437,c243ec7ab91ba8fc209cf6621bb227dcc559cec8c580b70fe2c1ba7b667c02bc,2026-10-02T11:42:35+00:00,press/www.hyundainews.com/api/press-kits_2018-sonata-hybrid.json.gz,ok,
hyundai,hyundai/sonata,2018,press_index,model page hyundai-sonata-2018-sonata_plug_in_hybrid,https://www.hyundainews.com/api/models/hyundai-sonata-2018-sonata_plug_in_hybrid,200,101384,a354d839eb963311ce62e64639b8316e52255421254585735bc5daf48b814fa8,2026-10-02T11:42:40+00:00,press/www.hyundainews.com/api/models_hyundai-sonata-2018-sonata_plug_in_hybrid.json.gz,ok,
hyundai,hyundai/sonata,2018,press_index,press kit 2018-sonata-plug-in-hybrid,https://www.hyundainews.com/api/press-kits/2018-sonata-plug-in-hybrid,200,15455,2eb9dc61f0647f0ca27878ebfdd000368d9db48bdd2bb646fce1b3e5d46f6f26,2026-10-02T11:42:45+00:00,press/www.hyundainews.com/api/press-kits_2018-sonata-plug-in-hybrid.json.gz,ok,
hyundai,hyundai/sonata,2018,press_specifications,2018 Sonata Specifications,https://www.hyundainews.com/assets/documents/original/29483-SonataSpecifications2018.pdf,200,80080,6111a2b9d2b69e95bce01bc6f9b6f791c5540c4c5aa41cd6c119b585d18aeb3a,2026-10-02T11:42:51+00:00,press/www.hyundainews.com/29483-SonataSpecifications2018.pdf,ok,SONATA (tab 'Specifications' of /models/hyundai-sonata-2018-sonata); 5 PDF pages
hyundai,hyundai/sonata,2018,press_specifications,2018 Sonata 2.0T Specifications,https://www.hyundainews.com/assets/documents/original/29489-Sonata20TSpecifications2018.pdf,200,73144,d11620be6bc9af3065d0dbc7369feb5844f14952225e0fe09ba5c4836207aa7a,2026-10-02T11:42:58+00:00,press/www.hyundainews.com/29489-Sonata20TSpecifications2018.pdf,ok,SONATA 2.0T (tab 'Specifications' of /models/hyundai-sonata-2018-sonata_2_0t); 4 PDF pages
hyundai,hyundai/sonata,2018,press_specifications,2018 Sonata Eco Specifications,https://www.hyundainews.com/assets/documents/original/29496-SonataEcoSpecifications2018.pdf,200,68735,d9f6f9b83ff8534cfff3bae329c3e79325a6abecb9b88b79494d469f16d8fff6,2026-10-02T11:43:05+00:00,press/www.hyundainews.com/29496-SonataEcoSpecifications2018.pdf,ok,SONATA Eco (tab 'Specifications' of /models/hyundai-sonata-2018-sonata_eco); 4 PDF pages
hyundai,hyundai/sonata,2018,press_specifications,2018 Sonata Hybrid and Plug-In Hybrid Specifications,https://www.hyundainews.com/assets/documents/original/31254-2018SonataHybridPlugInSpecifications.pdf,200,194850,e94eed68dbd0bb590af507e4d55956c8a4986de29dbf8c2a4c44dd113ece96cd,2026-10-02T11:43:08+00:00,press/www.hyundainews.com/31254-2018SonataHybridPlugInSpecifications.pdf,ok,SONATA Hybrid (tab 'Specifications' of /models/hyundai-sonata-2018-sonata_hybrid); SONATA Plug-In Hybrid (tab 'Specifications' of /models/hyundai-sonata-2018-sonata_plug_in_hybrid); 4 PDF pages
hyundai,hyundai/sonata,2019,press_index,model page hyundai-sonata-2019-sonata,https://www.hyundainews.com/api/models/hyundai-sonata-2019-sonata,200,29292,ab3425c2ae650d887fa6ae5300d0d6ee1704601669df8b784e0990831270a0d5,2026-10-02T11:43:11+00:00,press/www.hyundainews.com/api/models_hyundai-sonata-2019-sonata.json.gz,ok,
hyundai,hyundai/sonata,2019,press_index,press kit 2019-sonata,https://www.hyundainews.com/api/press-kits/2019-sonata,200,4149,ec42f6a621fbcfba5b01d9636d844f50ef7365a7030252cc3e455f8ea6b9965c,2026-10-02T11:43:16+00:00,press/www.hyundainews.com/api/press-kits_2019-sonata.json.gz,ok,
hyundai,hyundai/sonata,2019,press_index,model page hyundai-sonata-2019-sonata_hybrid,https://www.hyundainews.com/api/models/hyundai-sonata-2019-sonata_hybrid,200,24381,db683c28f88f9630708eb70bad4bb6ced69d3675caf207334f35c6ce3322ae65,2026-10-02T11:43:21+00:00,press/www.hyundainews.com/api/models_hyundai-sonata-2019-sonata_hybrid.json.gz,ok,
hyundai,hyundai/sonata,2019,press_index,press kit 2019-sonata-hybrid,https://www.hyundainews.com/api/press-kits/2019-sonata-hybrid,200,2418,1442faa33096f7557a8ac757d07d276156cd9e2dba51697477096807a2e93d32,2026-10-02T11:43:26+00:00,press/www.hyundainews.com/api/press-kits_2019-sonata-hybrid.json.gz,ok,
hyundai,hyundai/sonata,2019,press_index,model page hyundai-sonata-2019-sonata_plug_in_hybrid,https://www.hyundainews.com/api/models/hyundai-sonata-2019-sonata_plug_in_hybrid,200,16043,aeb75b38660a4a26d335d188e45c86a4e6975c6f96278252cde76cf1a18b854f,2026-10-02T11:43:30+00:00,press/www.hyundainews.com/api/models_hyundai-sonata-2019-sonata_plug_in_hybrid.json.gz,ok,
hyundai,hyundai/sonata,2019,press_index,press kit 2019-sonata-plug-in-hybrid,https://www.hyundainews.com/api/press-kits/2019-sonata-plug-in-hybrid,200,2206,d3f2f7d39c84d1d68506e03346b78dc03608d3f3c126ecc0b7092cd84f823703,2026-10-02T11:43:33+00:00,press/www.hyundainews.com/api/press-kits_2019-sonata-plug-in-hybrid.json.gz,ok,
hyundai,hyundai/sonata,2019,press_specifications,2019 Sonata Specifications,https://www.hyundainews.com/assets/documents/original/34303-2019SonataSpecificationsPPReview.pdf,200,251616,7514ab5e52c1ae780e55dca25510303596712dbbf6c5364e04cbce894e69ccea,2026-10-02T11:43:37+00:00,press/www.hyundainews.com/34303-2019SonataSpecificationsPPReview.pdf,ok,SONATA (tab 'Specifications' of /models/hyundai-sonata-2019-sonata); 5 PDF pages
hyundai,hyundai/sonata,2019,press_specifications,2019 Sonata Hybrid Specifications,https://www.hyundainews.com/assets/documents/original/33960-2019SonataHybridPlugInSpecifications81618.pdf,200,245237,72aeaf0473d44b8a3d778e7022eb239834d3eaf9ac5d1ff776d02bf25d0cccfa,2026-10-02T11:43:42+00:00,press/www.hyundainews.com/33960-2019SonataHybridPlugInSpecifications81618.pdf,ok,SONATA Hybrid (tab 'Specifications' of /models/hyundai-sonata-2019-sonata_hybrid); 4 PDF pages
hyundai,hyundai/sonata,2019,press_specifications,2019 Sonata Plug-In Hybrid Specifications,https://www.hyundainews.com/assets/documents/original/33958-2019SonataHybridPlugInSpecifications81618.pdf,200,245237,72aeaf0473d44b8a3d778e7022eb239834d3eaf9ac5d1ff776d02bf25d0cccfa,2026-10-02T11:43:46+00:00,press/www.hyundainews.com/33958-2019SonataHybridPlugInSpecifications81618.pdf,ok,SONATA Plug-In Hybrid (tab 'Specifications' of /models/hyundai-sonata-2019-sonata_plug_in_hybrid); 4 PDF pages
hyundai,hyundai/sonata,2020,press_index,model page hyundai-sonata-2020-sonata,https://www.hyundainews.com/api/models/hyundai-sonata-2020-sonata,200,72329,d5cb4d0aec39252bb351986819c847316f6b183d062ea527bf9a24a41366174f,2026-10-02T11:43:50+00:00,press/www.hyundainews.com/api/models_hyundai-sonata-2020-sonata.json.gz,ok,
hyundai,hyundai/sonata,2020,press_index,press kit 2020-sonata,https://www.hyundainews.com/api/press-kits/2020-sonata,200,30480,b54e8e5925e117dd52635611719ca04c5f4373262553ff52a4b6a56bdb37257d,2026-10-02T11:43:55+00:00,press/www.hyundainews.com/api/press-kits_2020-sonata.json.gz,ok,
hyundai,hyundai/sonata,2020,press_index,model page hyundai-sonata-2020-sonata_hybrid,https://www.hyundainews.com/api/models/hyundai-sonata-2020-sonata_hybrid,200,87649,86529cf5caf0e1427b15f169dac40b5c01edeb3ca71077a8af123210e42780e3,2026-10-02T11:43:58+00:00,press/www.hyundainews.com/api/models_hyundai-sonata-2020-sonata_hybrid.json.gz,ok,
hyundai,hyundai/sonata,2020,press_index,press kit 2020-sonata-hybrid,https://www.hyundainews.com/api/press-kits/2020-sonata-hybrid,200,29348,e68585f45931cc19772ee860ad80dc8615b2a28a255d64d489eb87175d766314,2026-10-02T11:44:01+00:00,press/www.hyundainews.com/api/press-kits_2020-sonata-hybrid.json.gz,ok,
hyundai,hyundai/sonata,2020,press_specifications,2020 Sonata Specifications,https://www.hyundainews.com/assets/documents/original/40714-395752020SonataSpecifications.pdf,200,354252,37c95b5c49ccdaa5f46865869ad9f0669aecc586e651f045490fc57ef125fcf7,2026-10-02T11:44:06+00:00,press/www.hyundainews.com/40714-395752020SonataSpecifications.pdf,ok,SONATA (tab 'Specifications' of /models/hyundai-sonata-2020-sonata); 7 PDF pages
hyundai,hyundai/sonata,2020,press_specifications,2020 Sonata Specifications,https://www.hyundainews.com/assets/documents/original/39575-2020SonataProductGuideSpecsv1.pdf,200,300665,fc13c989925ed49acd5f0d7336725797bd902565988307887e83cc5a836e091d,2026-10-02T11:44:11+00:00,press/www.hyundainews.com/39575-2020SonataProductGuideSpecsv1.pdf,ok,SONATA (press kit 2020-sonata); 7 PDF pages
hyundai,hyundai/sonata,2020,press_specifications,2020 Sonata Hybrid Specifications,https://www.hyundainews.com/assets/documents/original/40713-402142020SonataHybridSpecifications1.pdf,200,225865,2cad8e1617b42b8c8887290f8a257ee778fd3486bd71ac107abf56795168c8b6,2026-10-02T11:44:15+00:00,press/www.hyundainews.com/40713-402142020SonataHybridSpecifications1.pdf,ok,SONATA Hybrid (tab 'Specifications' of /models/hyundai-sonata-2020-sonata_hybrid); 10 PDF pages
hyundai,hyundai/sonata,2020,press_specifications,2020 Sonata Hybrid Specifications,https://www.hyundainews.com/assets/documents/original/40214-2020SonataHEVProductGuideSpecsSCME.pdf,200,168222,80be13dfb4b00a37043f56239827e8a6fcee605d598f4e94d5a23b5624763b76,2026-10-02T11:44:22+00:00,press/www.hyundainews.com/40214-2020SonataHEVProductGuideSpecsSCME.pdf,ok,SONATA Hybrid (press kit 2020-sonata-hybrid); 10 PDF pages
hyundai,hyundai/sonata,2021,press_index,model page hyundai-sonata-2021-sonata,https://www.hyundainews.com/api/models/hyundai-sonata-2021-sonata,200,43615,bad60c94f70091b04d61f91f8dde94fc28c03fcfc0e362f9396433a16318fe1f,2026-10-02T11:44:26+00:00,press/www.hyundainews.com/api/models_hyundai-sonata-2021-sonata.json.gz,ok,
hyundai,hyundai/sonata,2021,press_index,press kit 2021-sonata,https://www.hyundainews.com/api/press-kits/2021-sonata,200,13875,83529c13db238f659f42e129141c961856fde752c361ef396496733529eff8f3,2026-10-02T11:44:31+00:00,press/www.hyundainews.com/api/press-kits_2021-sonata.json.gz,ok,
hyundai,hyundai/sonata,2021,press_index,model page hyundai-sonata-2021-sonata_hybrid,https://www.hyundainews.com/api/models/hyundai-sonata-2021-sonata_hybrid,200,93135,12c1871f149c16678359a7d3f0e2f3bc764807eda452b37a43d6b0aa416e1641,2026-10-02T11:44:36+00:00,press/www.hyundainews.com/api/models_hyundai-sonata-2021-sonata_hybrid.json.gz,ok,
hyundai,hyundai/sonata,2021,press_index,press kit 2021-sonata-hybrid,https://www.hyundainews.com/api/press-kits/2021-sonata-hybrid,200,4742,ede1b38b25ba37f84c026d197a7c5bb6b48aa47abec6077e757112af4499371b,2026-10-02T11:44:39+00:00,press/www.hyundainews.com/api/press-kits_2021-sonata-hybrid.json.gz,ok,
hyundai,hyundai/sonata,2021,press_index,model page hyundai-sonata-2021-sonata_n_line,https://www.hyundainews.com/api/models/hyundai-sonata-2021-sonata_n_line,200,48536,f8b67a7e037268ca7801007eec1a0005bcaf39102fb673d2d7dcf73e27ca39ab,2026-10-02T11:44:44+00:00,press/www.hyundainews.com/api/models_hyundai-sonata-2021-sonata_n_line.json.gz,ok,
hyundai,hyundai/sonata,2021,press_index,press kit 2021-sonata-n-line,https://www.hyundainews.com/api/press-kits/2021-sonata-n-line,200,8513,d7f1485cc15413d6927f36cd1fe0224a36f710e7b89c35a62326670a023a6d1f,2026-10-02T11:44:48+00:00,press/www.hyundainews.com/api/press-kits_2021-sonata-n-line.json.gz,ok,
hyundai,hyundai/sonata,2021,press_specifications,2021 Sonata Specifications,https://www.hyundainews.com/assets/documents/original/43884-2021SonataProductGuideSpecsPDF110520.pdf,200,517626,c69f3619c07729721756328b4545c7d1c474365fb31a19c4179f4e47bc0ff738,2026-10-02T11:44:51+00:00,press/www.hyundainews.com/43884-2021SonataProductGuideSpecsPDF110520.pdf,ok,SONATA (tab 'Specifications' of /models/hyundai-sonata-2021-sonata); SONATA N Line (tab 'Specifications' of /models/hyundai-sonata-2021-sonata_n_line); 7 PDF pages
hyundai,hyundai/sonata,2021,press_specifications,2021 Sonata Specifications,https://www.hyundainews.com/assets/documents/original/41800-2021SonataProductGuideSpecs072320pptx.pdf,200,289549,d8ea507d73a0034dbc29dbf68500da118f1cade3e1bbe8f14344c18aba04d866,2026-10-02T11:44:55+00:00,press/www.hyundainews.com/41800-2021SonataProductGuideSpecs072320pptx.pdf,ok,SONATA (press kit 2021-sonata); 7 PDF pages
hyundai,hyundai/sonata,2021,press_specifications,2021 Sonata Hybrid Specifications,https://www.hyundainews.com/assets/documents/original/42703-2021SonataHEVProductGuideSpecs081020pptx.pdf,200,85803,1e69088c6090ffcb05d14646feea53750298be0009cd7644ea8e479dd0ea6d52,2026-10-02T11:45:00+00:00,press/www.hyundainews.com/42703-2021SonataHEVProductGuideSpecs081020pptx.pdf,ok,SONATA Hybrid (tab 'Specifications' of /models/hyundai-sonata-2021-sonata_hybrid); 7 PDF pages
hyundai,hyundai/sonata,2022,press_index,model page hyundai-sonata-2022-sonata,https://www.hyundainews.com/api/models/hyundai-sonata-2022-sonata,200,31727,b36662cf78c94475d6c5a225660a6bd5bf46ea50948a71e740864115a6cf5144,2026-10-02T11:45:04+00:00,press/www.hyundainews.com/api/models_hyundai-sonata-2022-sonata.json.gz,ok,
hyundai,hyundai/sonata,2022,press_index,press kit 2022-sonata,https://www.hyundainews.com/api/press-kits/2022-sonata,200,9215,462bb32ab19cca28e58935d766e68a465de35225f8eecd55e0e63d16f9c74cef,2026-10-02T11:45:08+00:00,press/www.hyundainews.com/api/press-kits_2022-sonata.json.gz,ok,
hyundai,hyundai/sonata,2022,press_index,model page hyundai-sonata-2022-sonata_hybrid,https://www.hyundainews.com/api/models/hyundai-sonata-2022-sonata_hybrid,200,27861,bb2a1cad645091f8a1ec162ba01644f9c376c23026f0f3875abfad3c4b4d1d2f,2026-10-02T11:45:13+00:00,press/www.hyundainews.com/api/models_hyundai-sonata-2022-sonata_hybrid.json.gz,ok,
hyundai,hyundai/sonata,2022,press_index,press kit 2022-sonata-hybrid,https://www.hyundainews.com/api/press-kits/2022-sonata-hybrid,200,6770,ec061596827f5b73c2e3ee6c58689a2f24c9c8cfd9e158d62b535094e260c9a9,2026-10-02T11:45:16+00:00,press/www.hyundainews.com/api/press-kits_2022-sonata-hybrid.json.gz,ok,
hyundai,hyundai/sonata,2022,press_index,model page hyundai-sonata-2022-sonata_n_line,https://www.hyundainews.com/api/models/hyundai-sonata-2022-sonata_n_line,200,23117,54c2578da8cf04d0823d3f88b0c6445bdd9360aea4c75c9c192b1a978f2dc6a9,2026-10-02T11:45:21+00:00,press/www.hyundainews.com/api/models_hyundai-sonata-2022-sonata_n_line.json.gz,ok,
hyundai,hyundai/sonata,2022,press_index,press kit 2022-sonata-n-line,https://www.hyundainews.com/api/press-kits/2022-sonata-n-line,200,9236,0f71b237173f5c0024244e0e73c64ae6f3f0eb6fae52d16fd5c4f90af5615d8d,2026-10-02T11:45:25+00:00,press/www.hyundainews.com/api/press-kits_2022-sonata-n-line.json.gz,ok,
hyundai,hyundai/sonata,2022,press_specifications,2022 Sonata Specifications,https://www.hyundainews.com/assets/documents/original/49287-2022SonataProductGuidespecsv311822.pdf,200,242468,543cd1cfce05fb1d581cfd9477213efbab1f498d2605d923a581f3fbf9776270,2026-10-02T11:45:28+00:00,press/www.hyundainews.com/49287-2022SonataProductGuidespecsv311822.pdf,ok,SONATA (tab 'Specifications' of /models/hyundai-sonata-2022-sonata); SONATA N Line (tab 'Specifications' of /models/hyundai-sonata-2022-sonata_n_line); 7 PDF pages
hyundai,hyundai/sonata,2022,press_specifications,2022 Sonata Hybrid Specifications,https://www.hyundainews.com/assets/documents/original/48376-2022SonataHEVProductGuidespecs093021.pdf,200,86040,28a25bc2da2ae09b9c81fe73754f24cffee50a6934d5ac45b97ce665e0f035c2,2026-10-02T11:45:32+00:00,press/www.hyundainews.com/48376-2022SonataHEVProductGuidespecs093021.pdf,ok,SONATA Hybrid (tab 'Specifications' of /models/hyundai-sonata-2022-sonata_hybrid); 7 PDF pages
hyundai,hyundai/sonata,2023,press_index,model page hyundai-sonata-2023-sonata_n_line,https://www.hyundainews.com/api/models/hyundai-sonata-2023-sonata_n_line,200,16043,644647169752c5a4d5f59cc622e21c2e39fe788b9894a4ff215146ed4365aa68,2026-10-02T11:45:35+00:00,press/www.hyundainews.com/api/models_hyundai-sonata-2023-sonata_n_line.json.gz,ok,
hyundai,hyundai/sonata,2023,press_index,press kit 2023-sonata-n-line-overview,https://www.hyundainews.com/api/press-kits/2023-sonata-n-line-overview,200,7705,4e3eca825ea951bbfa7240e58f9c2aeb34f2904a844f714781025fb7a5ab1ae6,2026-10-02T11:45:37+00:00,press/www.hyundainews.com/api/press-kits_2023-sonata-n-line-overview.json.gz,ok,
hyundai,hyundai/sonata,2023,press_index,model page hyundai-sonata-2023-sonata_hybrid,https://www.hyundainews.com/api/models/hyundai-sonata-2023-sonata_hybrid,200,31069,399a15b35ed6ad5b37b9b71633a08fc55dfb5cb35d18e516681c0bccb4c7ea6f,2026-10-02T11:45:40+00:00,press/www.hyundainews.com/api/models_hyundai-sonata-2023-sonata_hybrid.json.gz,ok,
hyundai,hyundai/sonata,2023,press_index,press kit 2023-sonata-hybrid-overview,https://www.hyundainews.com/api/press-kits/2023-sonata-hybrid-overview,200,7737,d493c88a18b2c60d714a19d33c94ac930132ab5236ee3e0eb595538692526fa4,2026-10-02T11:45:42+00:00,press/www.hyundainews.com/api/press-kits_2023-sonata-hybrid-overview.json.gz,ok,
hyundai,hyundai/sonata,2023,press_index,model page hyundai-sonata-2023-sonata,https://www.hyundainews.com/api/models/hyundai-sonata-2023-sonata,200,38938,dec2953e378e34c4990dae667d0e269f8716a48e2621a573323fb20e6d9b04c4,2026-10-02T11:45:48+00:00,press/www.hyundainews.com/api/models_hyundai-sonata-2023-sonata.json.gz,ok,
hyundai,hyundai/sonata,2023,press_index,press kit 2023-sonata-overview,https://www.hyundainews.com/api/press-kits/2023-sonata-overview,200,7662,b8cfa8cc14fbd5a56c686e2389d94f8d79b3b8e213e835e94c448bd70cd018ce,2026-10-02T11:45:52+00:00,press/www.hyundainews.com/api/press-kits_2023-sonata-overview.json.gz,ok,
hyundai,hyundai/sonata,2023,press_specifications,2023 Sonata Specifications,https://www.hyundainews.com/assets/documents/original/50309-2023SonataProductSpecifications20220629.pdf,200,155040,eec7fe6255c7ffcec2c978788a14d3a3dba1801475f69bf16af5632d07ad6af7,2026-10-02T11:45:57+00:00,press/www.hyundainews.com/50309-2023SonataProductSpecifications20220629.pdf,ok,SONATA N Line (tab 'Specifications' of /models/hyundai-sonata-2023-sonata_n_line); SONATA Hybrid (tab 'Specifications' of /models/hyundai-sonata-2023-sonata_hybrid); SONATA (tab 'Specifications' of /models/hyundai-sonata-2023-sonata); 8 PDF pages
hyundai,hyundai/sonata,2024,press_index,model page hyundai-sonata-2024-sonata,https://www.hyundainews.com/api/models/hyundai-sonata-2024-sonata,200,61155,28d5696622fae2910d1517b100704731382e884107db71c6a40397708a5b90fc,2026-10-02T11:46:01+00:00,press/www.hyundainews.com/api/models_hyundai-sonata-2024-sonata.json.gz,ok,
hyundai,hyundai/sonata,2024,press_index,press kit 2024-sonata-overview,https://www.hyundainews.com/api/press-kits/2024-sonata-overview,200,15475,3c11642efcad657f7fc2c396e4345d74bae8445629b31189e41fc7729119ff8d,2026-10-02T11:46:04+00:00,press/www.hyundainews.com/api/press-kits_2024-sonata-overview.json.gz,ok,
hyundai,hyundai/sonata,2024,press_index,model page hyundai-sonata-2024-sonata_hybrid,https://www.hyundainews.com/api/models/hyundai-sonata-2024-sonata_hybrid,200,69112,d5ae4c7e9717117a22a239331a0bf16242ec89e52572284966528c5cc6a22d68,2026-10-02T11:46:06+00:00,press/www.hyundainews.com/api/models_hyundai-sonata-2024-sonata_hybrid.json.gz,ok,
hyundai,hyundai/sonata,2024,press_index,press kit 2024-sonata-hybrid-overview,https://www.hyundainews.com/api/press-kits/2024-sonata-hybrid-overview,200,15468,3b79fa928d303433d1c9422e8b04eabe3400580ecf1cb4a41e0827550b199334,2026-10-02T11:46:11+00:00,press/www.hyundainews.com/api/press-kits_2024-sonata-hybrid-overview.json.gz,ok,
hyundai,hyundai/sonata,2024,press_index,model page hyundai-sonata-2024-sonata_n_line,https://www.hyundainews.com/api/models/hyundai-sonata-2024-sonata_n_line,200,60401,f2b8cd821d54ae0a984c54c226a2c2bb12dae10b87ee02ae47468c64b3630325,2026-10-02T11:46:14+00:00,press/www.hyundainews.com/api/models_hyundai-sonata-2024-sonata_n_line.json.gz,ok,
hyundai,hyundai/sonata,2024,press_index,press kit 2024-sonata-n-line-overview,https://www.hyundainews.com/api/press-kits/2024-sonata-n-line-overview,200,15458,69608ac41da1ca0842e522d8509e097167e3ca1b54f44790c88daa8a263d3829,2026-10-02T11:46:17+00:00,press/www.hyundainews.com/api/press-kits_2024-sonata-n-line-overview.json.gz,ok,
hyundai,hyundai/sonata,2024,press_specifications,2024 Sonata Specifications,https://www.hyundainews.com/assets/documents/original/57218-2024SonataSpecs092123.pdf,200,180482,ff7416241837a01acd740c4a9fd44a52f6d3edd343651fa67adb41551028fae1,2026-10-02T11:46:20+00:00,press/www.hyundainews.com/57218-2024SonataSpecs092123.pdf,ok,SONATA (tab 'Specifications' of /models/hyundai-sonata-2024-sonata); SONATA Hybrid (tab 'Specifications' of /models/hyundai-sonata-2024-sonata_hybrid); SONATA N Line (tab 'Specifications' of /models/hyundai-sonata-2024-sonata_n_line); 13 PDF pages
hyundai,hyundai/sonata,2025,press_index,model page hyundai-sonata-2025-sonata,https://www.hyundainews.com/api/models/hyundai-sonata-2025-sonata,200,51287,4d4a1ad808d475a35f8d001b3e8a4d502a51c71736be17338869a3e62c0261ab,2026-10-02T11:46:23+00:00,press/www.hyundainews.com/api/models_hyundai-sonata-2025-sonata.json.gz,ok,
hyundai,hyundai/sonata,2025,press_index,press kit 2025-sonata-overview,https://www.hyundainews.com/api/press-kits/2025-sonata-overview,200,5929,846528d5a5cb87aefe4dc82ca037726e2c4f12a8cf00caca3e997ca6bed69469,2026-10-02T11:46:28+00:00,press/www.hyundainews.com/api/press-kits_2025-sonata-overview.json.gz,ok,
hyundai,hyundai/sonata,2025,press_index,model page hyundai-sonata-2025-sonata_hybrid,https://www.hyundainews.com/api/models/hyundai-sonata-2025-sonata_hybrid,200,45426,a5d32f7a5ae0581282ae1b08c9ff7f76a935251f489eb336a0e1af7fd01892fd,2026-10-02T11:46:31+00:00,press/www.hyundainews.com/api/models_hyundai-sonata-2025-sonata_hybrid.json.gz,ok,
hyundai,hyundai/sonata,2025,press_index,press kit 2025-sonata-hybrid-overview,https://www.hyundainews.com/api/press-kits/2025-sonata-hybrid-overview,200,5896,a9b2c70e43750a3ce663fc50d4755336940ac5088fdb00e10fc531112c6ee3e3,2026-10-02T11:46:36+00:00,press/www.hyundainews.com/api/press-kits_2025-sonata-hybrid-overview.json.gz,ok,
hyundai,hyundai/sonata,2025,press_index,model page hyundai-sonata-2025-sonata_n_line,https://www.hyundainews.com/api/models/hyundai-sonata-2025-sonata_n_line,200,27011,48cfd25c3b8282955309ad4b73fcd2f382240f6f958420a35b3eba827fb7ec32,2026-10-02T11:46:41+00:00,press/www.hyundainews.com/api/models_hyundai-sonata-2025-sonata_n_line.json.gz,ok,
hyundai,hyundai/sonata,2025,press_index,press kit 2025-sonata-n-line-overview,https://www.hyundainews.com/api/press-kits/2025-sonata-n-line-overview,200,5865,323c5cd800b35ae688c9346007ce141acd34884f23c852d0cf353dd52382eea9,2026-10-02T11:46:45+00:00,press/www.hyundainews.com/api/press-kits_2025-sonata-n-line-overview.json.gz,ok,
hyundai,hyundai/sonata,2025,press_specifications,2025 Sonata | Specifications & Features,https://www.hyundainews.com/assets/documents/original/62998-2025SonataSpecsFeatures081424.pdf,200,440283,d44a4ab65edb62214b2981d866c82922e8407ccdc928d313d3e3ec60cb1ad33d,2026-10-02T11:46:51+00:00,press/www.hyundainews.com/62998-2025SonataSpecsFeatures081424.pdf,ok,SONATA (tab 'Specs and Features' of /models/hyundai-sonata-2025-sonata); SONATA Hybrid (tab 'Specs and Features' of /models/hyundai-sonata-2025-sonata_hybrid); SONATA N Line (tab 'Specs and Features' of /models/hyundai-sonata-2025-sonata_n_line); 23 PDF pages
hyundai,hyundai/sonata,2026,press_index,model page hyundai-sonata-2026-sonata,https://www.hyundainews.com/api/models/hyundai-sonata-2026-sonata,200,64383,229029b669869ecec9dec8ee20cb8e6e75992c293f31a75a6063f4dac18d19a9,2026-10-02T11:46:56+00:00,press/www.hyundainews.com/api/models_hyundai-sonata-2026-sonata.json.gz,ok,
hyundai,hyundai/sonata,2026,press_index,press kit 2026-sonata-overview,https://www.hyundainews.com/api/press-kits/2026-sonata-overview,200,10651,214802126d47b0764d62616b75b5f62b72a0da6635689ce3e3e6b2790ec859bb,2026-10-02T11:47:00+00:00,press/www.hyundainews.com/api/press-kits_2026-sonata-overview.json.gz,ok,
hyundai,hyundai/sonata,2026,press_index,model page hyundai-sonata-2026-sonata_hybrid,https://www.hyundainews.com/api/models/hyundai-sonata-2026-sonata_hybrid,200,20660,43465fcf34722feff0ca98fd0d1c5c46c603ddf19236e6a728dcbe86632f7bec,2026-10-02T11:47:04+00:00,press/www.hyundainews.com/api/models_hyundai-sonata-2026-sonata_hybrid.json.gz,ok,
hyundai,hyundai/sonata,2026,press_index,press kit 2026-sonata-hybrid-overview,https://www.hyundainews.com/api/press-kits/2026-sonata-hybrid-overview,200,10619,c62d78cb0da9178145f56db0fe1ff4cd108108996cfdaf93d519f8542ef3124d,2026-10-02T11:47:07+00:00,press/www.hyundainews.com/api/press-kits_2026-sonata-hybrid-overview.json.gz,ok,
hyundai,hyundai/sonata,2026,press_index,model page hyundai-sonata-2026-sonata_n_line,https://www.hyundainews.com/api/models/hyundai-sonata-2026-sonata_n_line,200,20327,ea020292cddb5d94302e99edc8c3609ac4fb5c56f17a4712f6509d6e2640fb31,2026-10-02T11:47:11+00:00,press/www.hyundainews.com/api/models_hyundai-sonata-2026-sonata_n_line.json.gz,ok,
hyundai,hyundai/sonata,2026,press_index,press kit 2026-sonata-n-line-overview,https://www.hyundainews.com/api/press-kits/2026-sonata-n-line-overview,200,10587,e788c6c1618aada4116c8c052179b6f1eb980dba6a822d61aea4f677514631a1,2026-10-02T11:47:14+00:00,press/www.hyundainews.com/api/press-kits_2026-sonata-n-line-overview.json.gz,ok,
hyundai,hyundai/sonata,2026,press_specifications,2026 Sonata | Specs & Features,https://www.hyundainews.com/assets/documents/original/68169-2026SonataSpecsFeatures20250722A.pdf,200,235753,1411d1a4738a70987dd707da7e1778f237fed1146c924c276eeeffdfeadfbb53,2026-10-02T11:47:21+00:00,press/www.hyundainews.com/68169-2026SonataSpecsFeatures20250722A.pdf,ok,SONATA (tab 'Specs and Features' of /models/hyundai-sonata-2026-sonata); SONATA Hybrid (tab 'Specs and Features' of /models/hyundai-sonata-2026-sonata_hybrid); SONATA N Line (tab 'Specs and Features' of /models/hyundai-sonata-2026-sonata_n_line); 23 PDF pages
hyundai,hyundai/elantra,2014,press_index,model page hyundai-elantra-2014-elantra,https://www.hyundainews.com/api/models/hyundai-elantra-2014-elantra,200,53814,336b37199bfdbfc28b2bb64388ae22cbeaec89d81041a28e09a561eafd7f9c94,2026-10-02T11:47:25+00:00,press/www.hyundainews.com/api/models_hyundai-elantra-2014-elantra.json.gz,ok,
hyundai,hyundai/elantra,2014,press_index,model page hyundai-elantra-2014-elantra_gt,https://www.hyundainews.com/api/models/hyundai-elantra-2014-elantra_gt,200,39958,100325e609229bf1ec76c75db548c6bd25a3a8f25d10c81305fcd405b1bd5bd8,2026-10-02T11:47:29+00:00,press/www.hyundainews.com/api/models_hyundai-elantra-2014-elantra_gt.json.gz,ok,
hyundai,hyundai/elantra,2014,press_index,model page hyundai-elantra-2014-elantra_coupe,https://www.hyundainews.com/api/models/hyundai-elantra-2014-elantra_coupe,200,42164,24a6b63fb27c1d6da8cbdc2f40db6d2bf1dd6ac1f269f22a30ef4ede8249818a,2026-10-02T11:47:32+00:00,press/www.hyundainews.com/api/models_hyundai-elantra-2014-elantra_coupe.json.gz,ok,
hyundai,hyundai/elantra,2014,press_specifications,,https://www.hyundainews.com/models/hyundai-elantra-2014,,,,2026-10-02T11:47:32+00:00,,not_found,"no Specifications tab or spec document on model pages: hyundai-elantra-2014-elantra, hyundai-elantra-2014-elantra_gt, hyundai-elantra-2014-elantra_coupe"
hyundai,hyundai/elantra,2015,press_index,model page hyundai-elantra-2015-elantra,https://www.hyundainews.com/api/models/hyundai-elantra-2015-elantra,200,53569,d193c4633661d316c5d297fc5b16c572fdba229b10f7692eff84ccf84add1c7f,2026-10-02T11:47:35+00:00,press/www.hyundainews.com/api/models_hyundai-elantra-2015-elantra.json.gz,ok,
hyundai,hyundai/elantra,2015,press_index,model page hyundai-elantra-2015-elantra_gt,https://www.hyundainews.com/api/models/hyundai-elantra-2015-elantra_gt,200,24096,fb2d1f8e14e2334b4785bc412406730795364087e1e9e90bf048d94cad018b10,2026-10-02T11:47:39+00:00,press/www.hyundainews.com/api/models_hyundai-elantra-2015-elantra_gt.json.gz,ok,
hyundai,hyundai/elantra,2015,press_specifications,,https://www.hyundainews.com/models/hyundai-elantra-2015,,,,2026-10-02T11:47:39+00:00,,not_found,"no Specifications tab or spec document on model pages: hyundai-elantra-2015-elantra, hyundai-elantra-2015-elantra_gt"
hyundai,hyundai/elantra,2016,press_index,model page hyundai-elantra-2016-elantra,https://www.hyundainews.com/api/models/hyundai-elantra-2016-elantra,200,43488,e12b18e34ad79b9b60c96793fcfaa6512d64ca732f26d88fdf473ab7340b9dc6,2026-10-02T11:47:44+00:00,press/www.hyundainews.com/api/models_hyundai-elantra-2016-elantra.json.gz,ok,
hyundai,hyundai/elantra,2016,press_index,model page hyundai-elantra-2016-elantra_gt,https://www.hyundainews.com/api/models/hyundai-elantra-2016-elantra_gt,200,85396,39f304a92718e5e88ca0694c68b003b0f6a248afb4d2fc22af2626641b0af43b,2026-10-02T11:47:47+00:00,press/www.hyundainews.com/api/models_hyundai-elantra-2016-elantra_gt.json.gz,ok,
hyundai,hyundai/elantra,2016,press_specifications,,https://www.hyundainews.com/models/hyundai-elantra-2016,,,,2026-10-02T11:47:47+00:00,,not_found,"no Specifications tab or spec document on model pages: hyundai-elantra-2016-elantra, hyundai-elantra-2016-elantra_gt"
hyundai,hyundai/elantra,2017,press_index,model page hyundai-elantra-2017-elantra,https://www.hyundainews.com/api/models/hyundai-elantra-2017-elantra,200,35376,8cf17bfcfac69c4a22aa54478c91699086d52f39124ea3ba93c56ec3b4cbcbbc,2026-10-02T11:47:50+00:00,press/www.hyundainews.com/api/models_hyundai-elantra-2017-elantra.json.gz,ok,
hyundai,hyundai/elantra,2017,press_index,model page hyundai-elantra-2017-elantra_gt,https://www.hyundainews.com/api/models/hyundai-elantra-2017-elantra_gt,200,14471,b9a9073cdbf6d183a6d0d260fa320aed98ea73206fc7bd0e9e480d72f4061660,2026-10-02T11:47:53+00:00,press/www.hyundainews.com/api/models_hyundai-elantra-2017-elantra_gt.json.gz,ok,
hyundai,hyundai/elantra,2017,press_index,model page hyundai-elantra-2017-elantra_sport,https://www.hyundainews.com/api/models/hyundai-elantra-2017-elantra_sport,200,35237,4b24f61061ab2b5fa6ed6b6aaeeabc7b3a050440f481254f8dd7acff894e8385,2026-10-02T11:47:56+00:00,press/www.hyundainews.com/api/models_hyundai-elantra-2017-elantra_sport.json.gz,ok,
hyundai,hyundai/elantra,2017,press_index,model page hyundai-elantra-2017-elantra_eco,https://www.hyundainews.com/api/models/hyundai-elantra-2017-elantra_eco,200,29875,6e9d11134beb106146869fba76daa23ad48fa625bb49af64ddaf50018e54b03e,2026-10-02T11:47:59+00:00,press/www.hyundainews.com/api/models_hyundai-elantra-2017-elantra_eco.json.gz,ok,
hyundai,hyundai/elantra,2017,press_specifications,,https://www.hyundainews.com/models/hyundai-elantra-2017,,,,2026-10-02T11:47:59+00:00,,not_found,"no Specifications tab or spec document on model pages: hyundai-elantra-2017-elantra, hyundai-elantra-2017-elantra_gt, hyundai-elantra-2017-elantra_sport, hyundai-elantra-2017-elantra_eco"
hyundai,hyundai/elantra,2018,press_index,model page hyundai-elantra-2018-elantra,https://www.hyundainews.com/api/models/hyundai-elantra-2018-elantra,200,50194,1f00791d16d1b5ebac99f2bad738f937af1ff3aa12b1a2b21198f15013535df0,2026-10-02T11:48:02+00:00,press/www.hyundainews.com/api/models_hyundai-elantra-2018-elantra.json.gz,ok,
hyundai,hyundai/elantra,2018,press_index,press kit elantra-sport-2018,https://www.hyundainews.com/api/press-kits/elantra-sport-2018,200,10045,ca22ffb32d32e81aa05448a2b70b1aed10977f2feeb814ce10b801e4c0f4dddc,2026-10-02T11:48:07+00:00,press/www.hyundainews.com/api/press-kits_elantra-sport-2018.json.gz,ok,
hyundai,hyundai/elantra,2018,press_index,model page hyundai-elantra-2018-elantra_gt,https://www.hyundainews.com/api/models/hyundai-elantra-2018-elantra_gt,200,54273,c696566d9793784b207bc8aacb50afdbb231e671e2b789006386cd0a9cc9e9f2,2026-10-02T11:48:11+00:00,press/www.hyundainews.com/api/models_hyundai-elantra-2018-elantra_gt.json.gz,ok,
hyundai,hyundai/elantra,2018,press_index,press kit 2018-hyundai-elantra-gt,https://www.hyundainews.com/api/press-kits/2018-hyundai-elantra-gt,200,13339,f43c2627a9ca86a322089223633c691026aa4d022b37d09420b922706a21b74f,2026-10-02T11:48:14+00:00,press/www.hyundainews.com/api/press-kits_2018-hyundai-elantra-gt.json.gz,ok,
hyundai,hyundai/elantra,2018,press_index,model page hyundai-elantra-2018-elantra_sport,https://www.hyundainews.com/api/models/hyundai-elantra-2018-elantra_sport,200,82170,47c181ff5dd5499986e119296c457eca5443e6154bec6aac88d815cf287355dc,2026-10-02T11:48:18+00:00,press/www.hyundainews.com/api/models_hyundai-elantra-2018-elantra_sport.json.gz,ok,
hyundai,hyundai/elantra,2018,press_index,model page hyundai-elantra-2018-elantra_eco,https://www.hyundainews.com/api/models/hyundai-elantra-2018-elantra_eco,200,87817,2c4c346b678ada94c5e1adc6036624de9691a133db81e0efe69362d62112f5db,2026-10-02T11:48:21+00:00,press/www.hyundainews.com/api/models_hyundai-elantra-2018-elantra_eco.json.gz,ok,
hyundai,hyundai/elantra,2018,press_index,press kit elantra-eco,https://www.hyundainews.com/api/press-kits/elantra-eco,200,10073,c4f2fdacbd37368e2be2a0130552133b7f8578e55e324a48e5dd4c7a9e81c08d,2026-10-02T11:48:25+00:00,press/www.hyundainews.com/api/press-kits_elantra-eco.json.gz,ok,
hyundai,hyundai/elantra,2018,press_specifications,2018 Elantra Sedan Specifications,https://www.hyundainews.com/assets/documents/original/29348-ElantraSedanSpecifications2018.pdf,200,85315,4b941dc64213474f514f2d666b2bf4f85a20b1ae2b4c2fb4a789a58b25dfd773,2026-10-02T11:48:32+00:00,press/www.hyundainews.com/29348-ElantraSedanSpecifications2018.pdf,ok,ELANTRA Sedan (tab 'Specifications' of /models/hyundai-elantra-2018-elantra); 5 PDF pages
hyundai,hyundai/elantra,2018,press_specifications,2018 Elantra GT Specifications,https://www.hyundainews.com/assets/documents/original/29329-ElantraGTSpecifications2018.pdf,200,80877,2ff66e9d5f66eefe13f0e89c3a3998f517419de95740d3277491817c9aa05ec8,2026-10-02T11:48:42+00:00,press/www.hyundainews.com/29329-ElantraGTSpecifications2018.pdf,ok,ELANTRA GT (tab 'Specifications' of /models/hyundai-elantra-2018-elantra_gt); 6 PDF pages
hyundai,hyundai/elantra,2018,press_specifications,2018 Elantra Sport Specifications,https://www.hyundainews.com/assets/documents/original/29334-ElantraSportSpecifications2018.pdf,200,71120,a1d974759c189babcb446f0fe771d32a504aa9981ae7bbdb7f9d5feeaf80c2e5,2026-10-02T11:48:48+00:00,press/www.hyundainews.com/29334-ElantraSportSpecifications2018.pdf,ok,ELANTRA Sport (tab 'Specifications' of /models/hyundai-elantra-2018-elantra_sport); 5 PDF pages
hyundai,hyundai/elantra,2018,press_specifications,2018 Elantra Eco specifications,https://www.hyundainews.com/assets/documents/original/29363-ElantraEcospecifications2018.pdf,200,68994,7e1e112048206b682c552625af0094082c6e436275e8527fe30eaba349cbce63,2026-10-02T11:48:54+00:00,press/www.hyundainews.com/29363-ElantraEcospecifications2018.pdf,ok,ELANTRA Eco (tab 'Specifications' of /models/hyundai-elantra-2018-elantra_eco); 4 PDF pages
hyundai,hyundai/elantra,2019,press_index,model page hyundai-elantra-2019-elantra,https://www.hyundainews.com/api/models/hyundai-elantra-2019-elantra,200,53249,0dc23341a3eaf81154bbf468eecd2391fde56f110fdd6dc91c86a0e994454734,2026-10-02T11:48:57+00:00,press/www.hyundainews.com/api/models_hyundai-elantra-2019-elantra.json.gz,ok,
hyundai,hyundai/elantra,2019,press_index,press kit 2019-elantra-sedan,https://www.hyundainews.com/api/press-kits/2019-elantra-sedan,200,13815,c3d5140d16542ba7f292f00415aa6d164922e81821e07328cb5e4f3239637022,2026-10-02T11:48:59+00:00,press/www.hyundainews.com/api/press-kits_2019-elantra-sedan.json.gz,ok,
hyundai,hyundai/elantra,2019,press_index,model page hyundai-elantra-2019-elantra_gt_n_line,https://www.hyundainews.com/api/models/hyundai-elantra-2019-elantra_gt_n_line,200,56350,eb4f8c996b845264eab495b239a18dd3e1b85dfccd8228062362da41f6e3defe,2026-10-02T11:49:04+00:00,press/www.hyundainews.com/api/models_hyundai-elantra-2019-elantra_gt_n_line.json.gz,ok,
hyundai,hyundai/elantra,2019,press_index,press kit 2019-elantra-gt-n-line,https://www.hyundainews.com/api/press-kits/2019-elantra-gt-n-line,200,17083,33fc36281b23ba25e746e23582d71cb9ebc21dedf223f15c17387f730577c68a,2026-10-02T11:49:08+00:00,press/www.hyundainews.com/api/press-kits_2019-elantra-gt-n-line.json.gz,ok,
hyundai,hyundai/elantra,2019,press_index,model page hyundai-elantra-2019-elantra_gt,https://www.hyundainews.com/api/models/hyundai-elantra-2019-elantra_gt,200,15537,8de78bdd41879f10f3cfbf00a001330f2280199c0aa8dc5e8ad818bdbf5272f8,2026-10-02T11:49:13+00:00,press/www.hyundainews.com/api/models_hyundai-elantra-2019-elantra_gt.json.gz,ok,
hyundai,hyundai/elantra,2019,press_index,press kit 2019-elantra-gt,https://www.hyundainews.com/api/press-kits/2019-elantra-gt,200,2147,1ca84d0f4e4fc1c4b46d2336584d83fbf7f5ad7149221ef6eb6886ea16109bb5,2026-10-02T11:49:18+00:00,press/www.hyundainews.com/api/press-kits_2019-elantra-gt.json.gz,ok,
hyundai,hyundai/elantra,2019,press_specifications,2019 Elantra Specifications,https://www.hyundainews.com/assets/documents/original/34209-2019ElantraSpecificationsFINALab.pdf,200,267032,3a623ab296348d05c0a0d347bb8ecf9b9aac987c013c6e405af150375f6a070f,2026-10-02T11:49:24+00:00,press/www.hyundainews.com/34209-2019ElantraSpecificationsFINALab.pdf,ok,ELANTRA Sedan (tab 'Specifications' of /models/hyundai-elantra-2019-elantra); 5 PDF pages
hyundai,hyundai/elantra,2019,press_specifications,2019 Elantra GT Specifications,https://www.hyundainews.com/assets/documents/original/35270-2019ElantraGTSpecificationsFinal1918docx.pdf,200,365065,69075c1b6bd26e911c8527ed2e26da40df888226726e298d5e52d504c5780f9e,2026-10-02T11:49:29+00:00,press/www.hyundainews.com/35270-2019ElantraGTSpecificationsFinal1918docx.pdf,ok,ELANTRA GT N Line (tab 'Specifications' of /models/hyundai-elantra-2019-elantra_gt_n_line); ELANTRA GT (tab 'Specifications' of /models/hyundai-elantra-2019-elantra_gt); 4 PDF pages
hyundai,hyundai/elantra,2020,press_index,model page hyundai-elantra-2020-elantra,https://www.hyundainews.com/api/models/hyundai-elantra-2020-elantra,200,48339,f69af105ec285d74600e69b99d940747c151ea184470f164e3d3ce3e3ab0d37a,2026-10-02T11:49:34+00:00,press/www.hyundainews.com/api/models_hyundai-elantra-2020-elantra.json.gz,ok,
hyundai,hyundai/elantra,2020,press_index,press kit 2020-elantra-sedan,https://www.hyundainews.com/api/press-kits/2020-elantra-sedan,200,16961,2edda5363addf49193f35b46d364fc4589407a1dbce8b6d1d03be2f3e7feb08c,2026-10-02T11:49:39+00:00,press/www.hyundainews.com/api/press-kits_2020-elantra-sedan.json.gz,ok,
hyundai,hyundai/elantra,2020,press_index,model page hyundai-elantra-2020-elantra_gt_n_line,https://www.hyundainews.com/api/models/hyundai-elantra-2020-elantra_gt_n_line,200,14676,9044b687ad7c3b45c4cb278b13617cc71ef61c449764ba74a6dab1289e52f6b4,2026-10-02T11:49:44+00:00,press/www.hyundainews.com/api/models_hyundai-elantra-2020-elantra_gt_n_line.json.gz,ok,
hyundai,hyundai/elantra,2020,press_index,press kit 2020-elantra-gt-n-line,https://www.hyundainews.com/api/press-kits/2020-elantra-gt-n-line,200,4266,2552d77c96329fab4f50dfd5c9a881d305240a85fef654b3256878243b7646e6,2026-10-02T11:49:48+00:00,press/www.hyundainews.com/api/press-kits_2020-elantra-gt-n-line.json.gz,ok,
hyundai,hyundai/elantra,2020,press_index,model page hyundai-elantra-2020-elantra_gt,https://www.hyundainews.com/api/models/hyundai-elantra-2020-elantra_gt,200,11608,adf815d1c0f4a99e33caa8cca21d96f5c5d4bdf8826e4594a535d1699cc98ec7,2026-10-02T11:49:53+00:00,press/www.hyundainews.com/api/models_hyundai-elantra-2020-elantra_gt.json.gz,ok,
hyundai,hyundai/elantra,2020,press_index,press kit 2020-elantra-gt,https://www.hyundainews.com/api/press-kits/2020-elantra-gt,200,4218,5360e65891cb679f824cd2fbebb8176fd415f710a8eace8d5f76b45f017e0083,2026-10-02T11:49:58+00:00,press/www.hyundainews.com/api/press-kits_2020-elantra-gt.json.gz,ok,
hyundai,hyundai/elantra,2020,press_specifications,2020 Elantra Specifications,https://www.hyundainews.com/assets/documents/original/36513-2020ElantraSpecificationsFINAL61119.pdf,200,266224,8a66388b675d2d1cfa61ab76b167a2a804393247883b2135926890020f783595,2026-10-02T11:50:03+00:00,press/www.hyundainews.com/36513-2020ElantraSpecificationsFINAL61119.pdf,ok,ELANTRA Sedan (tab 'Specifications' of /models/hyundai-elantra-2020-elantra); 5 PDF pages
hyundai,hyundai/elantra,2020,press_specifications,2020 Elantra GT N Line Specifications,https://www.hyundainews.com/assets/documents/original/40979-2020ElantraGTProductGuidespecs050520.pdf,200,292849,a56afa8fa8c001824edfb977732f3507df24a6fdb81bfda591a33ec1d05a5c3f,2026-10-02T11:50:07+00:00,press/www.hyundainews.com/40979-2020ElantraGTProductGuidespecs050520.pdf,ok,ELANTRA GT N Line (tab 'Specifications' of /models/hyundai-elantra-2020-elantra_gt_n_line); 10 PDF pages
hyundai,hyundai/elantra,2020,press_specifications,2020 Elantra GT Specifications,https://www.hyundainews.com/assets/documents/original/40983-2020ElantraGTProductGuidespecs050520.pdf,200,292849,a56afa8fa8c001824edfb977732f3507df24a6fdb81bfda591a33ec1d05a5c3f,2026-10-02T11:50:11+00:00,press/www.hyundainews.com/40983-2020ElantraGTProductGuidespecs050520.pdf,ok,ELANTRA GT (tab 'Specifications' of /models/hyundai-elantra-2020-elantra_gt); 10 PDF pages
hyundai,hyundai/elantra,2021,press_index,model page hyundai-elantra-2021-elantra,https://www.hyundainews.com/api/models/hyundai-elantra-2021-elantra,200,73193,e4699924a595839856d6272135c19c8604c733dc40c5eaeb332292ae1935a09c,2026-10-02T11:50:15+00:00,press/www.hyundainews.com/api/models_hyundai-elantra-2021-elantra.json.gz,ok,
hyundai,hyundai/elantra,2021,press_index,press kit 2021-elantra,https://www.hyundainews.com/api/press-kits/2021-elantra,200,36904,6733c4b15412ffbd12c316cc7ec9fbe1811b09a0229cfc530225a338fd3b041f,2026-10-02T11:50:20+00:00,press/www.hyundainews.com/api/press-kits_2021-elantra.json.gz,ok,
hyundai,hyundai/elantra,2021,press_index,model page hyundai-elantra-2021-elantra_hybrid,https://www.hyundainews.com/api/models/hyundai-elantra-2021-elantra_hybrid,200,72046,60e549c63f7cbba9082220e7a17428a70c4c3d747fd929135e40c93741a6c9e7,2026-10-02T11:50:23+00:00,press/www.hyundainews.com/api/models_hyundai-elantra-2021-elantra_hybrid.json.gz,ok,
hyundai,hyundai/elantra,2021,press_index,press kit 2021-elantra-hybrid,https://www.hyundainews.com/api/press-kits/2021-elantra-hybrid,200,36912,230be8d89c594dddd6e533a7dd8be0b8cab0bbf12fab06a80071706561b10147,2026-10-02T11:50:27+00:00,press/www.hyundainews.com/api/press-kits_2021-elantra-hybrid.json.gz,ok,
hyundai,hyundai/elantra,2021,press_index,model page hyundai-elantra-2021-elantra_n_line,https://www.hyundainews.com/api/models/hyundai-elantra-2021-elantra_n_line,200,64767,da15934a9e261144a341b9e7252503c77a82168abd7d02b8f47fceda729036f1,2026-10-02T11:50:32+00:00,press/www.hyundainews.com/api/models_hyundai-elantra-2021-elantra_n_line.json.gz,ok,
hyundai,hyundai/elantra,2021,press_index,press kit 2021-elantra-n-line,https://www.hyundainews.com/api/press-kits/2021-elantra-n-line,200,13953,a35bcadd0407fa3efb76238680d6e47de332a8b1ce5289bd3b552972f429415d,2026-10-02T11:50:36+00:00,press/www.hyundainews.com/api/press-kits_2021-elantra-n-line.json.gz,ok,
hyundai,hyundai/elantra,2021,press_index,model page hyundai-elantra-2021-elantra_n,https://www.hyundainews.com/api/models/hyundai-elantra-2021-elantra_n,200,21884,3584f201cd6a318bb77098999b2ca272fe949d0138a0e69f7eb9b10dfd8c8f2f,2026-10-02T11:50:39+00:00,press/www.hyundainews.com/api/models_hyundai-elantra-2021-elantra_n.json.gz,ok,
hyundai,hyundai/elantra,2021,press_index,press kit 2021-elantra-n,https://www.hyundainews.com/api/press-kits/2021-elantra-n,200,6003,0182636cd67085eed7d2935e762bdcc71ea325ee7da72416e22add25ba76a252,2026-10-02T11:50:42+00:00,press/www.hyundainews.com/api/press-kits_2021-elantra-n.json.gz,ok,
hyundai,hyundai/elantra,2021,press_specifications,2021 Elantra Specifications,https://www.hyundainews.com/assets/documents/original/50451-446532021ElantraSpecifications20220713.pdf,200,286276,09352ce69910cb37650d5384361e7ea99a43ac371ed7b7941ee4cd214536adcb,2026-10-02T11:50:48+00:00,press/www.hyundainews.com/50451-446532021ElantraSpecifications20220713.pdf,ok,ELANTRA Sedan (tab 'Specifications' of /models/hyundai-elantra-2021-elantra); ELANTRA Hybrid (tab 'Specifications' of /models/hyundai-elantra-2021-elantra_hybrid); ELANTRA N Line (tab 'Specifications' of /models/hyundai-elantra-2021-elantra_n_line); 9 PDF pages
hyundai,hyundai/elantra,2022,press_index,model page hyundai-elantra-2022-elantra,https://www.hyundainews.com/api/models/hyundai-elantra-2022-elantra,200,41651,4541d51f03bcd60f46f12a2d6a5adb870d1fea0cf5dfc9b2a41341efe4e42c7b,2026-10-02T11:50:51+00:00,press/www.hyundainews.com/api/models_hyundai-elantra-2022-elantra.json.gz,ok,
hyundai,hyundai/elantra,2022,press_index,press kit 2022-elantra,https://www.hyundainews.com/api/press-kits/2022-elantra,200,8488,4a1799e9fd13ca1ad43b8407454f40d74c26d7df861b94cf54307aba012b19d1,2026-10-02T11:50:55+00:00,press/www.hyundainews.com/api/press-kits_2022-elantra.json.gz,ok,
hyundai,hyundai/elantra,2022,press_index,model page hyundai-elantra-2022-elantra_hybrid,https://www.hyundainews.com/api/models/hyundai-elantra-2022-elantra_hybrid,200,46420,06a325da875c9de12626e32a71ef996b6a98efbac3adbc8faa41f3ee9877dd3d,2026-10-02T11:50:59+00:00,press/www.hyundainews.com/api/models_hyundai-elantra-2022-elantra_hybrid.json.gz,ok,
hyundai,hyundai/elantra,2022,press_index,press kit 2022-elantra-hybrid,https://www.hyundainews.com/api/press-kits/2022-elantra-hybrid,200,8484,eb0c22f198e9ca0d9259b679108c7e47bcaff610a6716c1c43f72cbc64a7a79c,2026-10-02T11:51:03+00:00,press/www.hyundainews.com/api/press-kits_2022-elantra-hybrid.json.gz,ok,
hyundai,hyundai/elantra,2022,press_index,model page hyundai-elantra-2022-elantra_n_line,https://www.hyundainews.com/api/models/hyundai-elantra-2022-elantra_n_line,200,18502,13d040db2d2d6d9b03899b825f2702243c62316ef62503f66cdb445cf93db0ef,2026-10-02T11:51:06+00:00,press/www.hyundainews.com/api/models_hyundai-elantra-2022-elantra_n_line.json.gz,ok,
hyundai,hyundai/elantra,2022,press_index,press kit 2022-elantra-n-line,https://www.hyundainews.com/api/press-kits/2022-elantra-n-line,200,8483,42b706b395715f4228633259418cec2313b0c5bed8bb0bd9e2b9604593eb156b,2026-10-02T11:51:11+00:00,press/www.hyundainews.com/api/press-kits_2022-elantra-n-line.json.gz,ok,
hyundai,hyundai/elantra,2022,press_index,model page hyundai-elantra-2022-elantra_n,https://www.hyundainews.com/api/models/hyundai-elantra-2022-elantra_n,200,78746,7a92a4174f597c41d2f25ea3e90202203f6c3a39a0f3472e9d0913c5835e4238,2026-10-02T11:51:16+00:00,press/www.hyundainews.com/api/models_hyundai-elantra-2022-elantra_n.json.gz,ok,
hyundai,hyundai/elantra,2022,press_index,press kit 2022-elantra-n-press-kit,https://www.hyundainews.com/api/press-kits/2022-elantra-n-press-kit,200,41254,59e8fe4305fd0b152399dc4ae055994c66f38070ba8ba7f238e96d26726d72b0,2026-10-02T11:51:20+00:00,press/www.hyundainews.com/api/press-kits_2022-elantra-n-press-kit.json.gz,ok,
hyundai,hyundai/elantra,2022,press_specifications,2022 Elantra Specifications,https://www.hyundainews.com/assets/documents/original/50514-485842022ElantraSpecifications20220714.pdf,200,351807,0be8977051d7df9906b8f96caaaa1607ca1953da89d10c394b548f4a7b274022,2026-10-02T11:51:25+00:00,press/www.hyundainews.com/50514-485842022ElantraSpecifications20220714.pdf,ok,ELANTRA Sedan (tab 'Specifications' of /models/hyundai-elantra-2022-elantra); ELANTRA Hybrid (tab 'Specifications' of /models/hyundai-elantra-2022-elantra_hybrid); ELANTRA N Line (tab 'Specifications' of /models/hyundai-elantra-2022-elantra_n_line); ELANTRA N (tab 'Specifications' of /models/hyundai-elantra-2022-elantra_n); 11 PDF pages
hyundai,hyundai/elantra,2023,press_index,model page hyundai-elantra-2023-elantra,https://www.hyundainews.com/api/models/hyundai-elantra-2023-elantra,200,30251,21c8ebebbea110f69ac0a41ce408937b3849bc81c7d64648323efe5970ed3ea5,2026-10-02T11:51:28+00:00,press/www.hyundainews.com/api/models_hyundai-elantra-2023-elantra.json.gz,ok,
hyundai,hyundai/elantra,2023,press_index,press kit 2023-elantra,https://www.hyundainews.com/api/press-kits/2023-elantra,200,7419,82c595b5c2c0ffd3b76ce043bd06d0e7941b91d3e415e7118d0510f82a766d8d,2026-10-02T11:51:31+00:00,press/www.hyundainews.com/api/press-kits_2023-elantra.json.gz,ok,
hyundai,hyundai/elantra,2023,press_index,model page hyundai-elantra-2023-elantra_hybrid,https://www.hyundainews.com/api/models/hyundai-elantra-2023-elantra_hybrid,200,44652,881dfe82e6f8e9ffa209382ef256800aef291b2a54cec8ae58a52c00a0cef441,2026-10-02T11:51:34+00:00,press/www.hyundainews.com/api/models_hyundai-elantra-2023-elantra_hybrid.json.gz,ok,
hyundai,hyundai/elantra,2023,press_index,press kit 2023-elantra-hybrid,https://www.hyundainews.com/api/press-kits/2023-elantra-hybrid,200,7427,4109748d233f25b23d2b702af6c54b0efc84e76251d5a9e5725b945473cf636b,2026-10-02T11:51:38+00:00,press/www.hyundainews.com/api/press-kits_2023-elantra-hybrid.json.gz,ok,
hyundai,hyundai/elantra,2023,press_index,model page hyundai-elantra-2023-elantra_n_line,https://www.hyundainews.com/api/models/hyundai-elantra-2023-elantra_n_line,200,16385,74f7f7120d2a147bde7aedd83e6d95287de32efa545ad7de26578dd50fe0ae22,2026-10-02T11:51:42+00:00,press/www.hyundainews.com/api/models_hyundai-elantra-2023-elantra_n_line.json.gz,ok,
hyundai,hyundai/elantra,2023,press_index,press kit 2023-elantra-n-line,https://www.hyundainews.com/api/press-kits/2023-elantra-n-line,200,7427,c3b033630f600ac6cba30b820814e19933a1c0e6aa6fc414009a04e77659c88f,2026-10-02T11:51:47+00:00,press/www.hyundainews.com/api/press-kits_2023-elantra-n-line.json.gz,ok,
hyundai,hyundai/elantra,2023,press_index,model page hyundai-elantra-2023-elantra_n,https://www.hyundainews.com/api/models/hyundai-elantra-2023-elantra_n,200,39152,57d1e44cbcedf342822275c9f300df850f70f4ef5ba2530a545685575952bb14,2026-10-02T11:51:52+00:00,press/www.hyundainews.com/api/models_hyundai-elantra-2023-elantra_n.json.gz,ok,
hyundai,hyundai/elantra,2023,press_index,press kit 2023-elantra-n,https://www.hyundainews.com/api/press-kits/2023-elantra-n,200,7417,7e16573818d251b4fcb6942a79301f543f56c8df6f946769000ba8b412ab891c,2026-10-02T11:51:54+00:00,press/www.hyundainews.com/api/press-kits_2023-elantra-n.json.gz,ok,
hyundai,hyundai/elantra,2023,press_specifications,2023 Elantra Specifications,https://www.hyundainews.com/assets/documents/original/50515-2023ElantraProductSpecifications20220714.pdf,200,226661,9b130658c36a79f1ab27805c78d5182912325285900e2da2c55b92c160904ac9,2026-10-02T11:51:57+00:00,press/www.hyundainews.com/50515-2023ElantraProductSpecifications20220714.pdf,ok,ELANTRA Sedan (tab 'Specifications' of /models/hyundai-elantra-2023-elantra); ELANTRA Hybrid (tab 'Specifications' of /models/hyundai-elantra-2023-elantra_hybrid); ELANTRA N Line (tab 'Specifications' of /models/hyundai-elantra-2023-elantra_n_line); ELANTRA N (tab 'Specifications' of /models/hyundai-elantra-2023-elantra_n); 10 PDF pages
hyundai,hyundai/elantra,2024,press_index,model page hyundai-elantra-2024-elantra,https://www.hyundainews.com/api/models/hyundai-elantra-2024-elantra,200,53415,11f6bddc1a412fa8dcd19894db0bd07905e6ad740818655c098281b2cde4dd9a,2026-10-02T11:52:00+00:00,press/www.hyundainews.com/api/models_hyundai-elantra-2024-elantra.json.gz,ok,
hyundai,hyundai/elantra,2024,press_index,press kit 2024-elantra,https://www.hyundainews.com/api/press-kits/2024-elantra,200,11783,37a0ab0e4eda942f3424500c130605ff2f97af644313975bf0eac2a9dbef51ef,2026-10-02T11:52:03+00:00,press/www.hyundainews.com/api/press-kits_2024-elantra.json.gz,ok,
hyundai,hyundai/elantra,2024,press_index,model page hyundai-elantra-2024-elantra_hybrid,https://www.hyundainews.com/api/models/hyundai-elantra-2024-elantra_hybrid,200,54703,2db2d5a450a0a24547ed1dd67576955bd5709f8a77c0ff5654d3870cbddb55d2,2026-10-02T11:52:06+00:00,press/www.hyundainews.com/api/models_hyundai-elantra-2024-elantra_hybrid.json.gz,ok,
hyundai,hyundai/elantra,2024,press_index,press kit 2024-elantra-hybrid,https://www.hyundainews.com/api/press-kits/2024-elantra-hybrid,200,11803,d68c1e7821e531d381ee6f73c8388662a70799dc5ff9a2cbd96fd5590ac7410e,2026-10-02T11:52:09+00:00,press/www.hyundainews.com/api/press-kits_2024-elantra-hybrid.json.gz,ok,
hyundai,hyundai/elantra,2024,press_index,model page hyundai-elantra-2024-elantra_n_line,https://www.hyundainews.com/api/models/hyundai-elantra-2024-elantra_n_line,200,39976,602243690d9840a237ae2e18a06b2549cfd261258c84c719c6d9f01ba72f3b89,2026-10-02T11:52:13+00:00,press/www.hyundainews.com/api/models_hyundai-elantra-2024-elantra_n_line.json.gz,ok,
hyundai,hyundai/elantra,2024,press_index,press kit 2024-elantra-n-line-overview,https://www.hyundainews.com/api/press-kits/2024-elantra-n-line-overview,200,11840,635ff44b9bb8ead202a25bd7a3e01aed14cfdc84b5b3ad54d25bd8e000e492c9,2026-10-02T11:52:16+00:00,press/www.hyundainews.com/api/press-kits_2024-elantra-n-line-overview.json.gz,ok,
hyundai,hyundai/elantra,2024,press_index,model page hyundai-elantra-2024-elantra_n,https://www.hyundainews.com/api/models/hyundai-elantra-2024-elantra_n,200,52256,876143cb3c18f1da2ea243c879678f9a14581216acf29fa7370d78c55dd208a5,2026-10-02T11:52:20+00:00,press/www.hyundainews.com/api/models_hyundai-elantra-2024-elantra_n.json.gz,ok,
hyundai,hyundai/elantra,2024,press_index,press kit 2024-elantra-n-overview,https://www.hyundainews.com/api/press-kits/2024-elantra-n-overview,200,9036,0568f5ebf6df986cb86362da068fc88925a9abdfa6b308bc349f7adb587f1390,2026-10-02T11:52:23+00:00,press/www.hyundainews.com/api/press-kits_2024-elantra-n-overview.json.gz,ok,
hyundai,hyundai/elantra,2024,press_specifications,2024 Elantra Specifications,https://www.hyundainews.com/assets/documents/original/57216-2024ElantraSpecs092123A.pdf,200,243100,92affea3a58de222333ca6612b085c5b96716c7e209af5c7af901a3f15561139,2026-10-02T11:52:28+00:00,press/www.hyundainews.com/57216-2024ElantraSpecs092123A.pdf,ok,ELANTRA Sedan (tab 'Specifications' of /models/hyundai-elantra-2024-elantra); ELANTRA Hybrid (tab 'Specifications' of /models/hyundai-elantra-2024-elantra_hybrid); ELANTRA N Line (tab 'Specifications' of /models/hyundai-elantra-2024-elantra_n_line); ELANTRA N (tab 'Specifications' of /models/hyundai-elantra-2024-elantra_n); 13 PDF pages
hyundai,hyundai/elantra,2025,press_index,model page hyundai-elantra-2025-elantra,https://www.hyundainews.com/api/models/hyundai-elantra-2025-elantra,200,51504,9134eefec56b8cc7ec4d388ceb4152b81b599055a9f87ac3ec71079eb0c503fe,2026-10-02T11:52:31+00:00,press/www.hyundainews.com/api/models_hyundai-elantra-2025-elantra.json.gz,ok,
hyundai,hyundai/elantra,2025,press_index,press kit 2025-elantra-overview,https://www.hyundainews.com/api/press-kits/2025-elantra-overview,200,5080,8d6be1689a94f64fd34e9a79d1a97f087f8075e5411d2d0908c5b24c8febb24f,2026-10-02T11:52:35+00:00,press/www.hyundainews.com/api/press-kits_2025-elantra-overview.json.gz,ok,
hyundai,hyundai/elantra,2025,press_index,model page hyundai-elantra-2025-elantra_hybrid,https://www.hyundainews.com/api/models/hyundai-elantra-2025-elantra_hybrid,200,52908,e56d11b5bb1c8e658d8de5a42f743b6d0369c8d8461585660aed1e3e63ce75c3,2026-10-02T11:52:39+00:00,press/www.hyundainews.com/api/models_hyundai-elantra-2025-elantra_hybrid.json.gz,ok,
hyundai,hyundai/elantra,2025,press_index,press kit 2025-elantra-hybrid-overview,https://www.hyundainews.com/api/press-kits/2025-elantra-hybrid-overview,200,5122,0d8295a92249b4be3138640f9cca27b3fc2b2f092b9d4657e6b79e33b9a1b7ec,2026-10-02T11:52:43+00:00,press/www.hyundainews.com/api/press-kits_2025-elantra-hybrid-overview.json.gz,ok,
hyundai,hyundai/elantra,2025,press_index,model page hyundai-elantra-2025-elantra_n_line,https://www.hyundainews.com/api/models/hyundai-elantra-2025-elantra_n_line,200,11469,db8068b64ca60ed9126250644542015663068705fc79b471ec4944fdc0258fb5,2026-10-02T11:52:48+00:00,press/www.hyundainews.com/api/models_hyundai-elantra-2025-elantra_n_line.json.gz,ok,
hyundai,hyundai/elantra,2025,press_index,press kit 2025-elantra-n-line-overview,https://www.hyundainews.com/api/press-kits/2025-elantra-n-line-overview,200,1678,c90a05b2cb7222de742e03c60cccd1e8a5a307579f7e93a9904acd48c39cd213,2026-10-02T11:52:53+00:00,press/www.hyundainews.com/api/press-kits_2025-elantra-n-line-overview.json.gz,ok,
hyundai,hyundai/elantra,2025,press_index,model page hyundai-elantra-2025-elantra_n,https://www.hyundainews.com/api/models/hyundai-elantra-2025-elantra_n,200,42513,194c70e4601b03a44d1b03baa60527d5e01a1ae5e0847244fec009cc50603575,2026-10-02T11:52:56+00:00,press/www.hyundainews.com/api/models_hyundai-elantra-2025-elantra_n.json.gz,ok,
hyundai,hyundai/elantra,2025,press_index,press kit 2025-elantra-n-overview,https://www.hyundainews.com/api/press-kits/2025-elantra-n-overview,200,1672,92d2414e55714ce52af09d0bdf208189fb238e2850438d72f2b593dd0145396c,2026-10-02T11:53:01+00:00,press/www.hyundainews.com/api/press-kits_2025-elantra-n-overview.json.gz,ok,
hyundai,hyundai/elantra,2025,press_specifications,2025 Elantra | Specifications & Features,https://www.hyundainews.com/assets/documents/original/62818-2025ElantraSpecsFeatures072624.pdf,200,717846,827ecd7f25c3bc4885c9f9b0c34059e15c04a1fce3ca17ba2187e40576b55b00,2026-10-02T11:53:10+00:00,press/www.hyundainews.com/62818-2025ElantraSpecsFeatures072624.pdf,ok,ELANTRA Sedan (tab 'Specs and Features' of /models/hyundai-elantra-2025-elantra); ELANTRA Hybrid (tab 'Specs and Features' of /models/hyundai-elantra-2025-elantra_hybrid); ELANTRA N Line (tab 'Specs and Features' of /models/hyundai-elantra-2025-elantra_n_line); ELANTRA N (tab 'Specs and Features' of /models/hyundai-elantra-2025-elantra_n); 24 PDF pages
hyundai,hyundai/elantra,2026,press_index,model page hyundai-elantra-2026-elantra,https://www.hyundainews.com/api/models/hyundai-elantra-2026-elantra,200,60867,4dc85abf61dbd4e3b155ebf3cac5833bfe22615108cf91d0bb76c7008e70348a,2026-10-02T11:53:14+00:00,press/www.hyundainews.com/api/models_hyundai-elantra-2026-elantra.json.gz,ok,
hyundai,hyundai/elantra,2026,press_index,press kit 2026-elantra-overview,https://www.hyundainews.com/api/press-kits/2026-elantra-overview,200,6002,2cb57b7412671641f59e6ec5c54ae2b644ebdecb649045faff3ed4331882d05b,2026-10-02T11:53:19+00:00,press/www.hyundainews.com/api/press-kits_2026-elantra-overview.json.gz,ok,
hyundai,hyundai/elantra,2026,press_index,model page hyundai-elantra-2026-elantra_hybrid,https://www.hyundainews.com/api/models/hyundai-elantra-2026-elantra_hybrid,200,23583,7a398f929c28213c4e2079b7dd1e655d6181f29d0a5c0be98b5e9f35a710d505,2026-10-02T11:53:22+00:00,press/www.hyundainews.com/api/models_hyundai-elantra-2026-elantra_hybrid.json.gz,ok,
hyundai,hyundai/elantra,2026,press_index,press kit 2026-elantra-hybrid-overview,https://www.hyundainews.com/api/press-kits/2026-elantra-hybrid-overview,200,6045,4eee366b78156a2e20870d1326b9fdb5cc393a8d4d2760ff5b76c30056e9a70e,2026-10-02T11:53:26+00:00,press/www.hyundainews.com/api/press-kits_2026-elantra-hybrid-overview.json.gz,ok,
hyundai,hyundai/elantra,2026,press_index,model page hyundai-elantra-2026-elantra_n_line,https://www.hyundainews.com/api/models/hyundai-elantra-2026-elantra_n_line,200,31395,1430a518c8d49965b3a11317ed8420faceba122057ff4ac64beb53915deafa3f,2026-10-02T11:53:29+00:00,press/www.hyundainews.com/api/models_hyundai-elantra-2026-elantra_n_line.json.gz,ok,
hyundai,hyundai/elantra,2026,press_index,press kit 2026-elantra-n-line-overview,https://www.hyundainews.com/api/press-kits/2026-elantra-n-line-overview,200,6040,b8e8c94e2c635c70cd66ead9c695280dd24b00ca06c3f070c055b1cb4c06b3ae,2026-10-02T11:53:32+00:00,press/www.hyundainews.com/api/press-kits_2026-elantra-n-line-overview.json.gz,ok,
hyundai,hyundai/elantra,2026,press_index,model page hyundai-elantra-2026-elantra_n,https://www.hyundainews.com/api/models/hyundai-elantra-2026-elantra_n,200,55722,32a300ed231488ed2d9457d32bde3b2b27498919aa8b878dd0e780ee98ad9d2a,2026-10-02T11:53:37+00:00,press/www.hyundainews.com/api/models_hyundai-elantra-2026-elantra_n.json.gz,ok,
hyundai,hyundai/elantra,2026,press_index,press kit 2026-elantra-n-overview,https://www.hyundainews.com/api/press-kits/2026-elantra-n-overview,200,1671,f45b28f30a5f3d1638ce73d8c952fa9b84a55f397dc92eef6fdcf060f3dcaa9d,2026-10-02T11:53:40+00:00,press/www.hyundainews.com/api/press-kits_2026-elantra-n-overview.json.gz,ok,
hyundai,hyundai/elantra,2026,press_specifications,2026 Elantra | Specs & Features,https://www.hyundainews.com/assets/documents/original/67686-2026ElantraSpecsFeatures20250702.pdf,200,681151,c980737c30d3f6f1c7c7814135fa3f99c01219d9bfcdd3271e5447cc2e409277,2026-10-02T11:53:48+00:00,press/www.hyundainews.com/67686-2026ElantraSpecsFeatures20250702.pdf,ok,ELANTRA Sedan (tab 'Specs and Features' of /models/hyundai-elantra-2026-elantra); ELANTRA Hybrid (tab 'Specs and Features' of /models/hyundai-elantra-2026-elantra_hybrid); ELANTRA N Line (tab 'Specs and Features' of /models/hyundai-elantra-2026-elantra_n_line); ELANTRA N (tab 'Specs and Features' of /models/hyundai-elantra-2026-elantra_n); 24 PDF pages
hyundai,hyundai/tucson,2014,press_index,model page hyundai-tucson-2014-gls,https://www.hyundainews.com/api/models/hyundai-tucson-2014-gls,200,28969,1eb0fafeee6ae9eab1b55762aa14222b6169ae19ad8f34437b0c460040ed659b,2026-10-02T11:53:53+00:00,press/www.hyundainews.com/api/models_hyundai-tucson-2014-gls.json.gz,ok,
hyundai,hyundai/tucson,2014,press_index,model page hyundai-tucson-2014-se,https://www.hyundainews.com/api/models/hyundai-tucson-2014-se,200,28451,414f4816167d9a91867e107559bbab6d344cbb128d62cb5417a53faf284735cc,2026-10-02T11:53:56+00:00,press/www.hyundainews.com/api/models_hyundai-tucson-2014-se.json.gz,ok,
hyundai,hyundai/tucson,2014,press_index,model page hyundai-tucson-2014-limited,https://www.hyundainews.com/api/models/hyundai-tucson-2014-limited,200,28461,ecc12e9ce6a7b424d40f913ddd275cd5611c6d0376fd8efc0b230f582ddbdc75,2026-10-02T11:54:00+00:00,press/www.hyundainews.com/api/models_hyundai-tucson-2014-limited.json.gz,ok,
hyundai,hyundai/tucson,2014,press_specifications,,https://www.hyundainews.com/models/hyundai-tucson-2014,,,,2026-10-02T11:54:00+00:00,,not_found,"no Specifications tab or spec document on model pages: hyundai-tucson-2014-gls, hyundai-tucson-2014-se, hyundai-tucson-2014-limited"
hyundai,hyundai/tucson,2015,press_index,model page hyundai-tucson-2015-tucson,https://www.hyundainews.com/api/models/hyundai-tucson-2015-tucson,200,22048,c6c91e5286bff6f4c73f6e1b2b610d60dcf4da1890d24c99ecf910e9316bff07,2026-10-02T11:54:04+00:00,press/www.hyundainews.com/api/models_hyundai-tucson-2015-tucson.json.gz,ok,
hyundai,hyundai/tucson,2015,press_specifications,,https://www.hyundainews.com/models/hyundai-tucson-2015,,,,2026-10-02T11:54:04+00:00,,not_found,no Specifications tab or spec document on model pages: hyundai-tucson-2015-tucson
hyundai,hyundai/tucson,2016,press_index,model page hyundai-tucson-2016-tucson,https://www.hyundainews.com/api/models/hyundai-tucson-2016-tucson,200,46386,1b0aec9873bf122addb7d4e779575b0d3af28f872a3e8a7378ae86f009c16d4e,2026-10-02T11:54:07+00:00,press/www.hyundainews.com/api/models_hyundai-tucson-2016-tucson.json.gz,ok,
hyundai,hyundai/tucson,2016,press_specifications,,https://www.hyundainews.com/models/hyundai-tucson-2016,,,,2026-10-02T11:54:07+00:00,,not_found,no Specifications tab or spec document on model pages: hyundai-tucson-2016-tucson
hyundai,hyundai/tucson,2017,press_index,model page hyundai-tucson-2017-tucson,https://www.hyundainews.com/api/models/hyundai-tucson-2017-tucson,200,36162,ada922958211d2bf7e2102c6387f856a4266a2ab469e8b34fdead16cdb9905c9,2026-10-02T11:54:12+00:00,press/www.hyundainews.com/api/models_hyundai-tucson-2017-tucson.json.gz,ok,
hyundai,hyundai/tucson,2017,press_specifications,2017 Tucson Specifications,https://www.hyundainews.com/assets/documents/original/29507-TucsonSpecifications2017.pdf,200,88611,83e102cf4dd62044d10416089ef4457f52b9be8a87b331865fc0dd117e493a2f,2026-10-02T11:54:23+00:00,press/www.hyundainews.com/29507-TucsonSpecifications2017.pdf,ok,TUCSON (tab 'Specifications' of /models/hyundai-tucson-2017-tucson); 6 PDF pages
hyundai,hyundai/tucson,2018,press_index,model page hyundai-tucson-2018-tucson,https://www.hyundainews.com/api/models/hyundai-tucson-2018-tucson,200,55112,d82f66ccc76af0f56013d1e96a6145fe4cfaa4b2b04da20eb03e8a25f01b71b8,2026-10-02T11:54:29+00:00,press/www.hyundainews.com/api/models_hyundai-tucson-2018-tucson.json.gz,ok,
hyundai,hyundai/tucson,2018,press_index,press kit 2018-tucson,https://www.hyundainews.com/api/press-kits/2018-tucson,200,9466,86d9cbda1483221c487d77b862b593671a4243531b31c5675d9f1ffa191887ff,2026-10-02T11:54:31+00:00,press/www.hyundainews.com/api/press-kits_2018-tucson.json.gz,ok,
hyundai,hyundai/tucson,2018,press_specifications,2018 TUCSON Specifications,https://www.hyundainews.com/assets/documents/original/30723-2018TUCSONSpecificationsTLAPPROVED.pdf,200,322416,032c532855f054dfcc9794bf633bd7024024f9a746b3d0adf4248aae878f284b,2026-10-02T11:54:36+00:00,press/www.hyundainews.com/30723-2018TUCSONSpecificationsTLAPPROVED.pdf,ok,TUCSON (tab 'Specifications' of /models/hyundai-tucson-2018-tucson); 4 PDF pages
hyundai,hyundai/tucson,2019,press_index,model page hyundai-tucson-2019-tucson,https://www.hyundainews.com/api/models/hyundai-tucson-2019-tucson,200,84575,98cba6d8c3f059e69ae64a47be608c3d138e3b86e946deceb4465ca84ac56251,2026-10-02T11:54:40+00:00,press/www.hyundainews.com/api/models_hyundai-tucson-2019-tucson.json.gz,ok,
hyundai,hyundai/tucson,2019,press_index,press kit tucson-2019,https://www.hyundainews.com/api/press-kits/tucson-2019,200,31691,d26de685758ac16bce0423c2ebcea9388d690b2b5c336a8e300b0a1e693d3df6,2026-10-02T11:54:45+00:00,press/www.hyundainews.com/api/press-kits_tucson-2019.json.gz,ok,
hyundai,hyundai/tucson,2019,press_specifications,2019 Tucson Specifications,https://www.hyundainews.com/assets/documents/original/35758-2019TucsonSpecifications2222019Updateddocx.pdf,200,245004,0b4655b6f3e406f21d14d6578a9d97a1d91252e8dd6ec03b5703928bd1a13382,2026-10-02T11:54:50+00:00,press/www.hyundainews.com/35758-2019TucsonSpecifications2222019Updateddocx.pdf,ok,TUCSON (tab 'Specifications' of /models/hyundai-tucson-2019-tucson); 4 PDF pages
hyundai,hyundai/tucson,2020,press_index,model page hyundai-tucson-2020-tucson,https://www.hyundainews.com/api/models/hyundai-tucson-2020-tucson,200,42956,83f75ba33cab9575d7d0a2311e78ae24c222718c1a09a6c4842870c36e30230e,2026-10-02T11:54:54+00:00,press/www.hyundainews.com/api/models_hyundai-tucson-2020-tucson.json.gz,ok,
hyundai,hyundai/tucson,2020,press_index,press kit 2020-tucson,https://www.hyundainews.com/api/press-kits/2020-tucson,200,9952,c228445979517e5de3f51bfd4283b30caabbdb11bc264c62ac094a3e79b7a859,2026-10-02T11:54:59+00:00,press/www.hyundainews.com/api/press-kits_2020-tucson.json.gz,ok,
hyundai,hyundai/tucson,2020,press_specifications,2020 Tucson Specifications,https://www.hyundainews.com/assets/documents/original/39952-2020TucsonProductGuidespecs010820pptx.pdf,200,206058,f4ed26ede0d01ba3b3bcfffc382636dbb91335135e61b4ac6435f9303348a592,2026-10-02T11:55:03+00:00,press/www.hyundainews.com/39952-2020TucsonProductGuidespecs010820pptx.pdf,ok,TUCSON (tab 'Specifications' of /models/hyundai-tucson-2020-tucson); 7 PDF pages
hyundai,hyundai/tucson,2021,press_index,model page hyundai-tucson-2021-tucson,https://www.hyundainews.com/api/models/hyundai-tucson-2021-tucson,200,48653,625cfa5dbe4d9a349f5effd9b8d06d54971e1f7276da9a38db7862bd4a0fa751,2026-10-02T11:55:07+00:00,press/www.hyundainews.com/api/models_hyundai-tucson-2021-tucson.json.gz,ok,
hyundai,hyundai/tucson,2021,press_index,press kit 2021-tucson,https://www.hyundainews.com/api/press-kits/2021-tucson,200,6928,95f815804f9a6bf7e872e8462f7ab92d8e9017aeee7dded2c8fb32d8e183f467,2026-10-02T11:55:10+00:00,press/www.hyundainews.com/api/press-kits_2021-tucson.json.gz,ok,
hyundai,hyundai/tucson,2021,press_specifications,2021 Hyundai Tucson Specifications,https://www.hyundainews.com/assets/documents/original/41999-2021TucsonProductGuideSpecs.pdf,200,160964,dc57f0aff5140e61223c0b54fd8956255c61677b0804ab14a15598a7d93cd4e4,2026-10-02T11:55:15+00:00,press/www.hyundainews.com/41999-2021TucsonProductGuideSpecs.pdf,ok,Tucson (tab 'Specifications' of /models/hyundai-tucson-2021-tucson); 7 PDF pages
hyundai,hyundai/tucson,2022,press_index,model page hyundai-tucson-2022-tucson,https://www.hyundainews.com/api/models/hyundai-tucson-2022-tucson,200,75404,d66a67dab0c25435910b5cdc854e0891a36580ae75c8774f400b01b856c089db,2026-10-02T11:55:20+00:00,press/www.hyundainews.com/api/models_hyundai-tucson-2022-tucson.json.gz,ok,
hyundai,hyundai/tucson,2022,press_index,press kit 2022-tucson,https://www.hyundainews.com/api/press-kits/2022-tucson,200,39353,12cc1f9177cd8ad867230e1d6cfa5c84ac7df818ddda108af613b08abda8e52e,2026-10-02T11:55:25+00:00,press/www.hyundainews.com/api/press-kits_2022-tucson.json.gz,ok,
hyundai,hyundai/tucson,2022,press_index,model page hyundai-tucson-2022-tucson_hybrid,https://www.hyundainews.com/api/models/hyundai-tucson-2022-tucson_hybrid,200,61769,20318dce79ed815da393f8e6eec31f517790b0de5a394f33f1c08549e93f77bc,2026-10-02T11:55:28+00:00,press/www.hyundainews.com/api/models_hyundai-tucson-2022-tucson_hybrid.json.gz,ok,
hyundai,hyundai/tucson,2022,press_index,press kit 2022-tucson-hybrid,https://www.hyundainews.com/api/press-kits/2022-tucson-hybrid,200,38957,5334dc722db7aefdecf939338a601222fe89b76d1529339fdb6ec61d8e5cf957,2026-10-02T11:55:31+00:00,press/www.hyundainews.com/api/press-kits_2022-tucson-hybrid.json.gz,ok,
hyundai,hyundai/tucson,2022,press_index,model page hyundai-tucson-2022-tucson_plug_in_hybrid,https://www.hyundainews.com/api/models/hyundai-tucson-2022-tucson_plug_in_hybrid,200,80174,622804b72a673be4a8ee174c4efffe1c5685be083feaa5e8ee8580d1852dbd8c,2026-10-02T11:55:36+00:00,press/www.hyundainews.com/api/models_hyundai-tucson-2022-tucson_plug_in_hybrid.json.gz,ok,
hyundai,hyundai/tucson,2022,press_index,press kit 2022-tucson-plug-in-hybrid,https://www.hyundainews.com/api/press-kits/2022-tucson-plug-in-hybrid,200,14341,9068e91c54f2b9335087bccdfd0855eabb80ccaabd8a21935ce97c76f4b1922a,2026-10-02T11:55:40+00:00,press/www.hyundainews.com/api/press-kits_2022-tucson-plug-in-hybrid.json.gz,ok,
hyundai,hyundai/tucson,2022,press_index,model page hyundai-tucson-2022-tucson_n_line,https://www.hyundainews.com/api/models/hyundai-tucson-2022-tucson_n_line,200,69216,fe9ebc6e9a643f091970c42bdbc3744280f19a8bd5bec6f66f7606199a90b0ae,2026-10-02T11:55:45+00:00,press/www.hyundainews.com/api/models_hyundai-tucson-2022-tucson_n_line.json.gz,ok,
hyundai,hyundai/tucson,2022,press_index,press kit 2022-tucson-n-line,https://www.hyundainews.com/api/press-kits/2022-tucson-n-line,200,13632,4d6cbed21b148cd7b99841b09023f8ccc1c7fdc8cc06c6a5eeaffe407b6195d8,2026-10-02T11:55:49+00:00,press/www.hyundainews.com/api/press-kits_2022-tucson-n-line.json.gz,ok,
hyundai,hyundai/tucson,2022,press_specifications,2022 Tucson Specifications,https://www.hyundainews.com/assets/documents/original/47936-2022TucsonProductGuideSpecs072921.pdf,200,206140,f193794ffa6f710b645917f461da84dc03f722357aa08a1d3e37611a3da8bf24,2026-10-02T11:55:54+00:00,press/www.hyundainews.com/47936-2022TucsonProductGuideSpecs072921.pdf,ok,TUCSON (tab 'Specifications' of /models/hyundai-tucson-2022-tucson); TUCSON Hybrid (tab 'Specifications' of /models/hyundai-tucson-2022-tucson_hybrid); TUCSON Plug-In Hybrid (tab 'Specifications' of /models/hyundai-tucson-2022-tucson_plug_in_hybrid); TUCSON N Line (tab 'Specifications' of /models/hyundai-tucson-2022-tucson_n_line); 8 PDF pages
hyundai,hyundai/tucson,2023,press_index,model page hyundai-tucson-2023-tucson,https://www.hyundainews.com/api/models/hyundai-tucson-2023-tucson,200,56799,2e1e1da388bcaac795af69182f86bc1e8ff60a0ce9ed98ad268047c132b57c49,2026-10-02T11:55:59+00:00,press/www.hyundainews.com/api/models_hyundai-tucson-2023-tucson.json.gz,ok,
hyundai,hyundai/tucson,2023,press_index,press kit 2023-tucson-overview,https://www.hyundainews.com/api/press-kits/2023-tucson-overview,200,16024,bdd12d2058ecc0fcc822996b0a2f893790bc5b8606052b6bde1c9c31a16a7bda,2026-10-02T11:56:04+00:00,press/www.hyundainews.com/api/press-kits_2023-tucson-overview.json.gz,ok,
hyundai,hyundai/tucson,2023,press_index,model page hyundai-tucson-2023-tucson_hybrid,https://www.hyundainews.com/api/models/hyundai-tucson-2023-tucson_hybrid,200,46500,dd4f29858b195f6b1e387954a79af6531c286c3be721bbd0ab2c7463e614ea13,2026-10-02T11:56:09+00:00,press/www.hyundainews.com/api/models_hyundai-tucson-2023-tucson_hybrid.json.gz,ok,
hyundai,hyundai/tucson,2023,press_index,press kit 2023-tucson-hybrid-overview,https://www.hyundainews.com/api/press-kits/2023-tucson-hybrid-overview,200,16052,c4f6ea0a5cc146c7df8f081b57367f687460469bc271d0765df1a7cd30553775,2026-10-02T11:56:13+00:00,press/www.hyundainews.com/api/press-kits_2023-tucson-hybrid-overview.json.gz,ok,
hyundai,hyundai/tucson,2023,press_index,model page hyundai-tucson-2023-tucson_plug_in_hybrid,https://www.hyundainews.com/api/models/hyundai-tucson-2023-tucson_plug_in_hybrid,200,52747,14d25821c0b44e03a8b3524ff294bc5d5c2f56258083280844aece744031f90c,2026-10-02T11:56:19+00:00,press/www.hyundainews.com/api/models_hyundai-tucson-2023-tucson_plug_in_hybrid.json.gz,ok,
hyundai,hyundai/tucson,2023,press_index,press kit 2023-tucson-plug-in-hybrid-overview,https://www.hyundainews.com/api/press-kits/2023-tucson-plug-in-hybrid-overview,200,16081,90123a3faed53ee47ed8127b811ea6bf33d42cbcc9dd7aaf03d11146294ba9fa,2026-10-02T11:56:22+00:00,press/www.hyundainews.com/api/press-kits_2023-tucson-plug-in-hybrid-overview.json.gz,ok,
hyundai,hyundai/tucson,2023,press_specifications,2023 Tucson Specifications,https://www.hyundainews.com/assets/documents/original/53078-2023TucsonProductSpecifications20221114.pdf,200,259443,3086dc50789def65c30975b6e52753e36c44faeb7c02cc355603336c85ca6a58,2026-10-02T11:56:27+00:00,press/www.hyundainews.com/53078-2023TucsonProductSpecifications20221114.pdf,ok,TUCSON (tab 'Specifications' of /models/hyundai-tucson-2023-tucson); TUCSON Hybrid (tab 'Specifications' of /models/hyundai-tucson-2023-tucson_hybrid); TUCSON Plug-In Hybrid (tab 'Specifications' of /models/hyundai-tucson-2023-tucson_plug_in_hybrid); 8 PDF pages
hyundai,hyundai/tucson,2024,press_index,model page hyundai-tucson-2024-tucson,https://www.hyundainews.com/api/models/hyundai-tucson-2024-tucson,200,53650,5631d800e9d184cbcfe1bff6aaa7d7552520b05ef91800f92657358546bb0694,2026-10-02T11:56:33+00:00,press/www.hyundainews.com/api/models_hyundai-tucson-2024-tucson.json.gz,ok,
hyundai,hyundai/tucson,2024,press_index,press kit 2024-tucson-overview,https://www.hyundainews.com/api/press-kits/2024-tucson-overview,200,10206,08fcb21bf67b464c18a27778c55bb3cf5d8e494527e02a557e22afef7b99e361,2026-10-02T11:56:37+00:00,press/www.hyundainews.com/api/press-kits_2024-tucson-overview.json.gz,ok,
hyundai,hyundai/tucson,2024,press_index,model page hyundai-tucson-2024-tucson_hybrid,https://www.hyundainews.com/api/models/hyundai-tucson-2024-tucson_hybrid,200,39040,965e6ea4dc59c1f2424b4714f837f4d648f170e5bf659b8d527e1e815bdf9f71,2026-10-02T11:56:42+00:00,press/www.hyundainews.com/api/models_hyundai-tucson-2024-tucson_hybrid.json.gz,ok,
hyundai,hyundai/tucson,2024,press_index,press kit 2024-tucson-hybrid-overview,https://www.hyundainews.com/api/press-kits/2024-tucson-hybrid-overview,200,10245,327b213939cdc852017de01948629cb024a3e6fddc15e1d99c543c5f211cc018,2026-10-02T11:56:46+00:00,press/www.hyundainews.com/api/press-kits_2024-tucson-hybrid-overview.json.gz,ok,
hyundai,hyundai/tucson,2024,press_index,model page hyundai-tucson-2024-tucson_plug_in_hybrid,https://www.hyundainews.com/api/models/hyundai-tucson-2024-tucson_plug_in_hybrid,200,20651,c9dd76a93af2a581288d0d81a8f9bd38dda54d45af7c42eb8f6321f6403f3ff6,2026-10-02T11:56:49+00:00,press/www.hyundainews.com/api/models_hyundai-tucson-2024-tucson_plug_in_hybrid.json.gz,ok,
hyundai,hyundai/tucson,2024,press_index,press kit 2024-tucson-plug-in-hybrid-overview,https://www.hyundainews.com/api/press-kits/2024-tucson-plug-in-hybrid-overview,200,10286,0cfec9751cf4858c9a7d7d4689d28ab396d9c7a5a22fe910d8369544ff2e27c7,2026-10-02T11:56:53+00:00,press/www.hyundainews.com/api/press-kits_2024-tucson-plug-in-hybrid-overview.json.gz,ok,
hyundai,hyundai/tucson,2024,press_index,model page hyundai-tucson-2024-tucson_n_line,https://www.hyundainews.com/api/models/hyundai-tucson-2024-tucson_n_line,200,17817,100afce7fd1689dee024695a67f94fbd4f0217d0d34a7f6e801c1fc018370def,2026-10-02T11:56:58+00:00,press/www.hyundainews.com/api/models_hyundai-tucson-2024-tucson_n_line.json.gz,ok,
hyundai,hyundai/tucson,2024,press_index,press kit 2024-tucson-n-line-overview,https://www.hyundainews.com/api/press-kits/2024-tucson-n-line-overview,200,10295,04cb7134c1ba84169e94fdc41ebfd9a2fec84837f347bc0a6d5d84824ae83288,2026-10-02T11:57:03+00:00,press/www.hyundainews.com/api/press-kits_2024-tucson-n-line-overview.json.gz,ok,
hyundai,hyundai/tucson,2024,press_index,model page hyundai-tucson-2024-tucson_xrt,https://www.hyundainews.com/api/models/hyundai-tucson-2024-tucson_xrt,200,17985,5343a998a34dfb5c0e82646750f926a81f68377b2fcb094fcf564d1a2e93b99b,2026-10-02T11:57:06+00:00,press/www.hyundainews.com/api/models_hyundai-tucson-2024-tucson_xrt.json.gz,ok,
hyundai,hyundai/tucson,2024,press_index,press kit 2024-tucson-xrt-overview,https://www.hyundainews.com/api/press-kits/2024-tucson-xrt-overview,200,10252,e10af7e946659a2a8104b6623b0786776f0acd3f3fb9ea9895f5862294897465,2026-10-02T11:57:10+00:00,press/www.hyundainews.com/api/press-kits_2024-tucson-xrt-overview.json.gz,ok,
hyundai,hyundai/tucson,2024,press_specifications,2024 Tucson Specifications,https://www.hyundainews.com/assets/documents/original/56243-2024TucsonSpecs061223.pdf,200,128398,f0e86ba3690a62d33501d45a6376936dad66111f708dec6920d2c140616b02a1,2026-10-02T11:57:16+00:00,press/www.hyundainews.com/56243-2024TucsonSpecs061223.pdf,ok,TUCSON (tab 'Specifications' of /models/hyundai-tucson-2024-tucson); TUCSON Hybrid (tab 'Specifications' of /models/hyundai-tucson-2024-tucson_hybrid); TUCSON Plug-In Hybrid (tab 'Specifications' of /models/hyundai-tucson-2024-tucson_plug_in_hybrid); TUCSON N Line (tab 'Specifications' of /models/hyundai-tucson-2024-tucson_n_line); TUCSON XRT (tab 'Specifications' of /models/hyundai-tucson-2024-tucson_xrt); 9 PDF pages
hyundai,hyundai/tucson,2025,press_index,model page hyundai-tucson-2025-tucson,https://www.hyundainews.com/api/models/hyundai-tucson-2025-tucson,200,65456,0c398ee8e5b8c76e13befef61d70d331ed3894b4464e510681e65f2ee50d7b1e,2026-10-02T11:57:19+00:00,press/www.hyundainews.com/api/models_hyundai-tucson-2025-tucson.json.gz,ok,
hyundai,hyundai/tucson,2025,press_index,press kit 2025-tucson-overview,https://www.hyundainews.com/api/press-kits/2025-tucson-overview,200,18941,a980026beb9ed088e1001b5f9d42d2330997163e872ee7d92c63964a977cc961,2026-10-02T11:57:22+00:00,press/www.hyundainews.com/api/press-kits_2025-tucson-overview.json.gz,ok,
hyundai,hyundai/tucson,2025,press_index,model page hyundai-tucson-2025-tucson_hybrid,https://www.hyundainews.com/api/models/hyundai-tucson-2025-tucson_hybrid,200,60011,ee6d9ad4a1f46c90034d39845108b897a64ba94e30db4b767e3235f72663c7fc,2026-10-02T11:57:25+00:00,press/www.hyundainews.com/api/models_hyundai-tucson-2025-tucson_hybrid.json.gz,ok,
hyundai,hyundai/tucson,2025,press_index,press kit 2025-tucson-hybrid-overview,https://www.hyundainews.com/api/press-kits/2025-tucson-hybrid-overview,200,18961,53a760fb8b8f1d88d415b1505d7eb624166d273ae3a990f489c409091576ef8c,2026-10-02T11:57:29+00:00,press/www.hyundainews.com/api/press-kits_2025-tucson-hybrid-overview.json.gz,ok,
hyundai,hyundai/tucson,2025,press_index,model page hyundai-tucson-2025-tucson_plug_in_hybrid,https://www.hyundainews.com/api/models/hyundai-tucson-2025-tucson_plug_in_hybrid,200,73006,727d29b4482ff7da26a4d0eff3ba378e0716e862ecdad7aa3e6c07ef330e864e,2026-10-02T11:57:33+00:00,press/www.hyundainews.com/api/models_hyundai-tucson-2025-tucson_plug_in_hybrid.json.gz,ok,
hyundai,hyundai/tucson,2025,press_index,press kit 2025-tucson-plug-in-hybrid-overview,https://www.hyundainews.com/api/press-kits/2025-tucson-plug-in-hybrid-overview,200,18989,f615b868aaede396c332ce8bbbea1c05f9a79dc3aa84198e91fdee1358ab0f3b,2026-10-02T11:57:38+00:00,press/www.hyundainews.com/api/press-kits_2025-tucson-plug-in-hybrid-overview.json.gz,ok,
hyundai,hyundai/tucson,2025,press_index,model page hyundai-tucson-2025-tucson_n_line,https://www.hyundainews.com/api/models/hyundai-tucson-2025-tucson_n_line,200,65037,ef4500914e607cc33563e1ddbba51ee53f1cabc4b4047507d6fd4bcf9ffefacf,2026-10-02T11:57:41+00:00,press/www.hyundainews.com/api/models_hyundai-tucson-2025-tucson_n_line.json.gz,ok,
hyundai,hyundai/tucson,2025,press_index,press kit 2025-tucson-n-line-overview,https://www.hyundainews.com/api/press-kits/2025-tucson-n-line-overview,200,18964,8debb5ea4114c9d6c718276ed759e55e266588be34c5e830740292ea8630d4e4,2026-10-02T11:57:46+00:00,press/www.hyundainews.com/api/press-kits_2025-tucson-n-line-overview.json.gz,ok,
hyundai,hyundai/tucson,2025,press_index,model page hyundai-tucson-2025-tucson_xrt,https://www.hyundainews.com/api/models/hyundai-tucson-2025-tucson_xrt,200,65402,52456d71b38a531b4bdd59f7792a55654fb0d03fb2bb20f43d8edaae0c2b298c,2026-10-02T11:57:51+00:00,press/www.hyundainews.com/api/models_hyundai-tucson-2025-tucson_xrt.json.gz,ok,
hyundai,hyundai/tucson,2025,press_index,press kit 2025-tucson-xrt-overview,https://www.hyundainews.com/api/press-kits/2025-tucson-xrt-overview,200,18955,cebb4259aeee763b0b732ff79ce25e26d777f02b5e29efff8017495905590529,2026-10-02T11:57:55+00:00,press/www.hyundainews.com/api/press-kits_2025-tucson-xrt-overview.json.gz,ok,
hyundai,hyundai/tucson,2025,press_specifications,2025 Tucson | Specifications & Features,https://www.hyundainews.com/assets/documents/original/64494-2025TucsonSpecsFeatures121224.pdf,200,399626,c3c2f1c3495152073780c1a76a1e878e1c86f2318256c424bfbae6ea3b2cfb0c,2026-10-02T11:58:03+00:00,press/www.hyundainews.com/64494-2025TucsonSpecsFeatures121224.pdf,ok,TUCSON (tab 'Specs and Features' of /models/hyundai-tucson-2025-tucson); TUCSON Hybrid (tab 'Specs and Features' of /models/hyundai-tucson-2025-tucson_hybrid); TUCSON Plug-In Hybrid (tab 'Specs and Features' of /models/hyundai-tucson-2025-tucson_plug_in_hybrid); TUCSON N Line (tab 'Specs and Features' of /models/hyundai-tucson-2025-tucson_n_line); TUCSON XRT (tab 'Specs and Features' of /models/hyundai-tucson-2025-tucson_xrt); 20 PDF pages
hyundai,hyundai/tucson,2026,press_index,model page hyundai-tucson-2026-tucson,https://www.hyundainews.com/api/models/hyundai-tucson-2026-tucson,200,58073,523b35c70d85eeef97277d5e7bb6ac48eebf793dbb50f3aef27f811b31bd9720,2026-10-02T11:58:06+00:00,press/www.hyundainews.com/api/models_hyundai-tucson-2026-tucson.json.gz,ok,
hyundai,hyundai/tucson,2026,press_index,press kit 2026-tucson-overview,https://www.hyundainews.com/api/press-kits/2026-tucson-overview,200,12498,e0f56ff77717e5701b0f71f1ae697fa06c1b919f2853c7c6f4e9af2885a50741,2026-10-02T11:58:11+00:00,press/www.hyundainews.com/api/press-kits_2026-tucson-overview.json.gz,ok,
hyundai,hyundai/tucson,2026,press_index,model page hyundai-tucson-2026-tucson_hybrid,https://www.hyundainews.com/api/models/hyundai-tucson-2026-tucson_hybrid,200,58658,7e3081c5184467c9b4ecb32df3740c9b24f1bdabbf3063530136a9f6c4df088a,2026-10-02T11:58:14+00:00,press/www.hyundainews.com/api/models_hyundai-tucson-2026-tucson_hybrid.json.gz,ok,
hyundai,hyundai/tucson,2026,press_index,press kit 2026-tucson-hybrid-overview,https://www.hyundainews.com/api/press-kits/2026-tucson-hybrid-overview,200,12539,e2f68129eb7a67174003e27dc9fadf854f348b36712d587aabdfd73e8a2a7739,2026-10-02T11:58:19+00:00,press/www.hyundainews.com/api/press-kits_2026-tucson-hybrid-overview.json.gz,ok,
hyundai,hyundai/tucson,2026,press_index,model page hyundai-tucson-2026-tucson_plug_in_hybrid,https://www.hyundainews.com/api/models/hyundai-tucson-2026-tucson_plug_in_hybrid,200,22600,515a3f9967be7392583b101d79e72a6b6b6ca21e65bb7667ab60db9403a1e8ad,2026-10-02T11:58:24+00:00,press/www.hyundainews.com/api/models_hyundai-tucson-2026-tucson_plug_in_hybrid.json.gz,ok,
hyundai,hyundai/tucson,2026,press_index,press kit 2026-tucson-plug-in-hybrid-overview,https://www.hyundainews.com/api/press-kits/2026-tucson-plug-in-hybrid-overview,200,12582,2cf02bc38dcbb4f98cd3a4e497c3c4f8ccc3909d9d989dc8310d73f020bc571c,2026-10-02T11:58:27+00:00,press/www.hyundainews.com/api/press-kits_2026-tucson-plug-in-hybrid-overview.json.gz,ok,
hyundai,hyundai/tucson,2026,press_index,model page hyundai-tucson-2026-tucson_xrt,https://www.hyundainews.com/api/models/hyundai-tucson-2026-tucson_xrt,200,30808,b58cdaed3d0e85e04c9ebda84a717dd83a769cdc56cef89577cd0cda56f21749,2026-10-02T11:58:31+00:00,press/www.hyundainews.com/api/models_hyundai-tucson-2026-tucson_xrt.json.gz,ok,
hyundai,hyundai/tucson,2026,press_index,press kit 2026-tucson-xrt-overview,https://www.hyundainews.com/api/press-kits/2026-tucson-xrt-overview,200,12521,9ff50d37fe3b94f23b9e8e1ac6d54ae0c394e4089f8064b0998ae20ab7f17ed1,2026-10-02T11:58:34+00:00,press/www.hyundainews.com/api/press-kits_2026-tucson-xrt-overview.json.gz,ok,
hyundai,hyundai/tucson,2026,press_specifications,2026 Tucson | Specs & Features,https://www.hyundainews.com/assets/documents/original/68163-2026TucsonSpecsFeatures20250722A.pdf,200,372518,d444524b50f401e4663bd39cf269e1f7f1a5555cf1c24777be9adbb1fedf0d55,2026-10-02T11:58:41+00:00,press/www.hyundainews.com/68163-2026TucsonSpecsFeatures20250722A.pdf,ok,TUCSON (tab 'Specs and Features' of /models/hyundai-tucson-2026-tucson); TUCSON Hybrid (tab 'Specs and Features' of /models/hyundai-tucson-2026-tucson_hybrid); TUCSON Plug-In Hybrid (tab 'Specs and Features' of /models/hyundai-tucson-2026-tucson_plug_in_hybrid); TUCSON XRT (tab 'Specs and Features' of /models/hyundai-tucson-2026-tucson_xrt); 20 PDF pages
hyundai,hyundai/santa-fe,2014,press_index,model page hyundai-santa_fe-2014-santa_fe,https://www.hyundainews.com/api/models/hyundai-santa_fe-2014-santa_fe,200,40449,2ae340a1311a6aa98ce25400b47feb7e021824f883ac2dba60731da27f78ae6b,2026-10-02T11:58:44+00:00,press/www.hyundainews.com/api/models_hyundai-santa_fe-2014-santa_fe.json.gz,ok,
hyundai,hyundai/santa-fe,2014,press_specifications,,https://www.hyundainews.com/models/hyundai-santa_fe-2014,,,,2026-10-02T11:58:44+00:00,,not_found,no Specifications tab or spec document on model pages: hyundai-santa_fe-2014-santa_fe
hyundai,hyundai/santa-fe,2015,press_index,model page hyundai-santa_fe-2015-santa_fe,https://www.hyundainews.com/api/models/hyundai-santa_fe-2015-santa_fe,200,38207,19d469aadf1b2675f6350d10ed4f6b533965ca8d658423c509362dcc2866058f,2026-10-02T11:58:47+00:00,press/www.hyundainews.com/api/models_hyundai-santa_fe-2015-santa_fe.json.gz,ok,
hyundai,hyundai/santa-fe,2015,press_specifications,,https://www.hyundainews.com/models/hyundai-santa_fe-2015,,,,2026-10-02T11:58:47+00:00,,not_found,no Specifications tab or spec document on model pages: hyundai-santa_fe-2015-santa_fe
hyundai,hyundai/santa-fe,2016,press_index,model page hyundai-santa_fe-2016-santa_fe,https://www.hyundainews.com/api/models/hyundai-santa_fe-2016-santa_fe,200,58878,4114ba48e54f076e99fac5dd65d10818e8f6275a070f1b79713800877b36650d,2026-10-02T11:58:50+00:00,press/www.hyundainews.com/api/models_hyundai-santa_fe-2016-santa_fe.json.gz,ok,
hyundai,hyundai/santa-fe,2016,press_index,press kit 2016-santa-fe,https://www.hyundainews.com/api/press-kits/2016-santa-fe,200,7961,d80733d91c7bdb7ea456bea249f9871e2e4c355981293fcc281022fba5abc0e0,2026-10-02T11:58:52+00:00,press/www.hyundainews.com/api/press-kits_2016-santa-fe.json.gz,ok,
hyundai,hyundai/santa-fe,2016,press_specifications,,https://www.hyundainews.com/models/hyundai-santa_fe-2016,,,,2026-10-02T11:58:52+00:00,,not_found,no Specifications tab or spec document on model pages: hyundai-santa_fe-2016-santa_fe
hyundai,hyundai/santa-fe,2017,press_index,model page hyundai-santa_fe-2017-santa_fe,https://www.hyundainews.com/api/models/hyundai-santa_fe-2017-santa_fe,200,57394,a3623533c21ded989200d500965590074f3f26ffef3ff74a15f56926cdfe124c,2026-10-02T11:58:56+00:00,press/www.hyundainews.com/api/models_hyundai-santa_fe-2017-santa_fe.json.gz,ok,
hyundai,hyundai/santa-fe,2017,press_index,press kit 2017-santa-fe,https://www.hyundainews.com/api/press-kits/2017-santa-fe,200,15208,88ded744a0e9ecd230a7720d13f8fcafead10f1800bffca9a30c6bf574a5f86b,2026-10-02T11:59:01+00:00,press/www.hyundainews.com/api/press-kits_2017-santa-fe.json.gz,ok,
hyundai,hyundai/santa-fe,2017,press_specifications,,https://www.hyundainews.com/models/hyundai-santa_fe-2017,,,,2026-10-02T11:59:01+00:00,,not_found,no Specifications tab or spec document on model pages: hyundai-santa_fe-2017-santa_fe
hyundai,hyundai/santa-fe,2018,press_index,model page hyundai-santa_fe-2018-santa_fe,https://www.hyundainews.com/api/models/hyundai-santa_fe-2018-santa_fe,200,60306,91d01e55f942b7dadab92bffb48b20e182ab9df80d2f8ec9cbe8ff42278adfe1,2026-10-02T11:59:05+00:00,press/www.hyundainews.com/api/models_hyundai-santa_fe-2018-santa_fe.json.gz,ok,
hyundai,hyundai/santa-fe,2018,press_index,press kit 2018-santa-fe,https://www.hyundainews.com/api/press-kits/2018-santa-fe,200,13774,5c1548dbd435e37f563f639aa29054d32af3b34fa4423461ef4f0be5c57e115b,2026-10-02T11:59:08+00:00,press/www.hyundainews.com/api/press-kits_2018-santa-fe.json.gz,ok,
hyundai,hyundai/santa-fe,2018,press_specifications,2018 Santa Fe Specifications,https://www.hyundainews.com/assets/documents/original/29471-SantaFeSpecifications2018.pdf,200,79563,2a32ff91ea539fba5270253b7c7839f39b5b33d8f448042a58802e52edcf723d,2026-10-02T11:59:17+00:00,press/www.hyundainews.com/29471-SantaFeSpecifications2018.pdf,ok,SANTA FE (tab 'Specifications' of /models/hyundai-santa_fe-2018-santa_fe); 5 PDF pages
hyundai,hyundai/santa-fe,2019,press_index,model page hyundai-santa_fe-2019-santa_fe,https://www.hyundainews.com/api/models/hyundai-santa_fe-2019-santa_fe,200,89290,847acb7339d31966687fe147826600b6c6a2f4d47f76975710fdb0c8c51f433d,2026-10-02T11:59:22+00:00,press/www.hyundainews.com/api/models_hyundai-santa_fe-2019-santa_fe.json.gz,ok,
hyundai,hyundai/santa-fe,2019,press_index,press kit santa-fe-2019,https://www.hyundainews.com/api/press-kits/santa-fe-2019,200,24588,08d3af088fb75eca7ba18821e172dff6dd022c7acdedee5776f29ff7133c93e9,2026-10-02T11:59:26+00:00,press/www.hyundainews.com/api/press-kits_santa-fe-2019.json.gz,ok,
hyundai,hyundai/santa-fe,2019,press_index,model page hyundai-santa_fe-2019-santa_fe-xl,https://www.hyundainews.com/api/models/hyundai-santa_fe-2019-santa_fe-xl,200,48650,96a501c3033a71a4487ff16c81fafdb4b7fe8e6f74672e31344bd2604bfeb522,2026-10-02T11:59:32+00:00,press/www.hyundainews.com/api/models_hyundai-santa_fe-2019-santa_fe-xl.json.gz,ok,
hyundai,hyundai/santa-fe,2019,press_index,press kit 2019-santa-fe-xl,https://www.hyundainews.com/api/press-kits/2019-santa-fe-xl,200,9401,01171acee2adf21e4bc49baa07a8e7867c6b36627a050074efe182b146f69aba,2026-10-02T11:59:37+00:00,press/www.hyundainews.com/api/press-kits_2019-santa-fe-xl.json.gz,ok,
hyundai,hyundai/santa-fe,2019,press_specifications,2019 Santa Fe Specifications,https://www.hyundainews.com/assets/documents/original/35290-2019SantaFeSpecifications11419RRdocx.pdf,200,241600,6fddbe7c6f8de428a1a74a3f831b36e6e06b2b8c3db7ecb09cfb651114add1b9,2026-10-02T11:59:43+00:00,press/www.hyundainews.com/35290-2019SantaFeSpecifications11419RRdocx.pdf,ok,SANTA FE (tab 'Specifications' of /models/hyundai-santa_fe-2019-santa_fe); 4 PDF pages
hyundai,hyundai/santa-fe,2019,press_specifications,2019 Santa Fe XL Specifications,https://www.hyundainews.com/assets/documents/original/34332-2019SantaFeXLSpecificationsPPApproved.pdf,200,116243,b6c87b623340e615537b5972bcce23720d2338a480b6e5c787690382341620e9,2026-10-02T11:59:50+00:00,press/www.hyundainews.com/34332-2019SantaFeXLSpecificationsPPApproved.pdf,ok,SANTA FE XL (tab 'Specifications' of /models/hyundai-santa_fe-2019-santa_fe-xl); 3 PDF pages
hyundai,hyundai/santa-fe,2020,press_index,model page hyundai-santa_fe-2020-santa_fe,https://www.hyundainews.com/api/models/hyundai-santa_fe-2020-santa_fe,200,49636,0790ef823ad68c5ebc74073c5fe4f40c9d535001fd5408594bd36d15ef656c42,2026-10-02T11:59:55+00:00,press/www.hyundainews.com/api/models_hyundai-santa_fe-2020-santa_fe.json.gz,ok,
hyundai,hyundai/santa-fe,2020,press_index,press kit 2020-santa-fe,https://www.hyundainews.com/api/press-kits/2020-santa-fe,200,14580,e69e0264ce4d93ded89855c72325b7ad21f567e81af6aed4320b4cdc98b8851e,2026-10-02T12:00:00+00:00,press/www.hyundainews.com/api/press-kits_2020-santa-fe.json.gz,ok,
hyundai,hyundai/santa-fe,2020,press_specifications,2020 Santa Fe Specifications,https://www.hyundainews.com/assets/documents/original/39960-2020SantaFeProductGuidespecs010820pptx.pdf,200,191453,69eaeb064b770af20b6bf9233608f5f7243c397401df18235ea98d707e39854f,2026-10-02T12:00:04+00:00,press/www.hyundainews.com/39960-2020SantaFeProductGuidespecs010820pptx.pdf,ok,SANTA FE (tab 'Specifications' of /models/hyundai-santa_fe-2020-santa_fe); 7 PDF pages
hyundai,hyundai/santa-fe,2021,press_index,model page hyundai-santa_fe-2021-santa_fe,https://www.hyundainews.com/api/models/hyundai-santa_fe-2021-santa_fe,200,72614,2f185a7a81e4a3b07bce551eda66439d20bde2d5acae047e4fd4e89691467a0f,2026-10-02T12:00:07+00:00,press/www.hyundainews.com/api/models_hyundai-santa_fe-2021-santa_fe.json.gz,ok,
hyundai,hyundai/santa-fe,2021,press_index,press kit 2021-santa-fe,https://www.hyundainews.com/api/press-kits/2021-santa-fe,200,32673,1f576f8fe800286e4f3bd4939169b30a334337f243db68c0ebb3e2cfadd8cb9f,2026-10-02T12:00:10+00:00,press/www.hyundainews.com/api/press-kits_2021-santa-fe.json.gz,ok,
hyundai,hyundai/santa-fe,2021,press_index,model page hyundai-santa_fe-2021-santa_fe_hybrid,https://www.hyundainews.com/api/models/hyundai-santa_fe-2021-santa_fe_hybrid,200,74992,22c9410baf25371fc57f52badee0531ab86748aae30c05d5405606c528de6977,2026-10-02T12:00:15+00:00,press/www.hyundainews.com/api/models_hyundai-santa_fe-2021-santa_fe_hybrid.json.gz,ok,
hyundai,hyundai/santa-fe,2021,press_index,press kit 2021-santa-fe-hybrid,https://www.hyundainews.com/api/press-kits/2021-santa-fe-hybrid,200,31949,4f322f4653f4308b192bdf684246bd996ff200726d1a59bc9969bfe8712cb65f,2026-10-02T12:00:18+00:00,press/www.hyundainews.com/api/press-kits_2021-santa-fe-hybrid.json.gz,ok,
hyundai,hyundai/santa-fe,2021,press_index,model page hyundai-santa_fe-2021-santa_fe_plug_in_hybrid,https://www.hyundainews.com/api/models/hyundai-santa_fe-2021-santa_fe_plug_in_hybrid,200,37261,94d8380b2bb20f7f07995994ea9d348e20d509877f093544df7041823ef4df46,2026-10-02T12:00:22+00:00,press/www.hyundainews.com/api/models_hyundai-santa_fe-2021-santa_fe_plug_in_hybrid.json.gz,ok,
hyundai,hyundai/santa-fe,2021,press_index,press kit 2021-santa-fe-plug-in-hybrid,https://www.hyundainews.com/api/press-kits/2021-santa-fe-plug-in-hybrid,200,30860,eac17f3cca4a206b1a585777c3888fe03d2df0e8210bc351efd3ece903f89bbc,2026-10-02T12:00:26+00:00,press/www.hyundainews.com/api/press-kits_2021-santa-fe-plug-in-hybrid.json.gz,ok,
hyundai,hyundai/santa-fe,2021,press_specifications,2021 Santa Fe Specifications,https://www.hyundainews.com/assets/documents/original/43638-2021SantaFeSpecs.pdf,200,83000,7e0b0088c9ce4e756e1251fc4598774b5df968616649044ee48e10cc0c8de078,2026-10-02T12:00:30+00:00,press/www.hyundainews.com/43638-2021SantaFeSpecs.pdf,ok,SANTA FE (tab 'Specifications' of /models/hyundai-santa_fe-2021-santa_fe); SANTA FE Hybrid (tab 'Specifications' of /models/hyundai-santa_fe-2021-santa_fe_hybrid); 7 PDF pages
hyundai,hyundai/santa-fe,2022,press_index,model page hyundai-santa_fe-2022-santa_fe,https://www.hyundainews.com/api/models/hyundai-santa_fe-2022-santa_fe,200,51228,23d208d383af3c9e344e8557d54313a84151fc16aa1ad2ecb5e4e77ec25e95e9,2026-10-02T12:00:34+00:00,press/www.hyundainews.com/api/models_hyundai-santa_fe-2022-santa_fe.json.gz,ok,
hyundai,hyundai/santa-fe,2022,press_index,press kit 2022-santa-fe,https://www.hyundainews.com/api/press-kits/2022-santa-fe,200,14629,126c84227e31b224e0b4ad88485d2bfd6e78b382c9d02205ea7565f878351e83,2026-10-02T12:00:38+00:00,press/www.hyundainews.com/api/press-kits_2022-santa-fe.json.gz,ok,
hyundai,hyundai/santa-fe,2022,press_index,model page hyundai-santa_fe-2022-santa_fe_hybrid,https://www.hyundainews.com/api/models/hyundai-santa_fe-2022-santa_fe_hybrid,200,31189,4f2b0a4060d50b3d3b5f38a8d3fa7180684ce054e2396e22f161d0cfde7156e2,2026-10-02T12:00:43+00:00,press/www.hyundainews.com/api/models_hyundai-santa_fe-2022-santa_fe_hybrid.json.gz,ok,
hyundai,hyundai/santa-fe,2022,press_index,press kit 2022-santa-fe-hybrid,https://www.hyundainews.com/api/press-kits/2022-santa-fe-hybrid,200,7415,bb08f8324fb8f4630cf237c88a41fb3b93d53bcde73d9d3f4bb996af643757ae,2026-10-02T12:00:47+00:00,press/www.hyundainews.com/api/press-kits_2022-santa-fe-hybrid.json.gz,ok,
hyundai,hyundai/santa-fe,2022,press_index,model page hyundai-santa_fe-2022-santa_fe_plug_in_hybrid,https://www.hyundainews.com/api/models/hyundai-santa_fe-2022-santa_fe_plug_in_hybrid,200,14378,f166702d5e6cb3e82d66cceba8898da2e58e0981ba98cadfbb81fbd22af55880,2026-10-02T12:00:50+00:00,press/www.hyundainews.com/api/models_hyundai-santa_fe-2022-santa_fe_plug_in_hybrid.json.gz,ok,
hyundai,hyundai/santa-fe,2022,press_index,press kit 2022-santa-fe-plug-in-hybrid-,https://www.hyundainews.com/api/press-kits/2022-santa-fe-plug-in-hybrid-,200,6342,db0c43a2addd93a7ca111cf43eab9da560387b582463d9b7d78cc35c686675c0,2026-10-02T12:00:52+00:00,press/www.hyundainews.com/api/press-kits_2022-santa-fe-plug-in-hybrid-.json.gz,ok,
hyundai,hyundai/santa-fe,2022,press_specifications,2022 Santa Fe Specifications,https://www.hyundainews.com/assets/documents/original/48345-2022SantaFeProductGuidespesV2092821pptx.pdf,200,213432,3cd3dcee38e0c152fc8ca6617d4b7b784b84f288a244c31a22741186ca3ba33e,2026-10-02T12:00:57+00:00,press/www.hyundainews.com/48345-2022SantaFeProductGuidespesV2092821pptx.pdf,ok,SANTA FE (tab 'Specifications' of /models/hyundai-santa_fe-2022-santa_fe); SANTA FE Hybrid (tab 'Specifications' of /models/hyundai-santa_fe-2022-santa_fe_hybrid); SANTA FE Plug-in Hybrid (tab 'Specifications' of /models/hyundai-santa_fe-2022-santa_fe_plug_in_hybrid); 9 PDF pages
hyundai,hyundai/santa-fe,2023,press_index,model page hyundai-santa_fe-2023-santa_fe,https://www.hyundainews.com/api/models/hyundai-santa_fe-2023-santa_fe,200,61523,00a108cf0abe059a820dc368bc3f3e295ebe8dbf4506263ae5f05fb00023a667,2026-10-02T12:01:00+00:00,press/www.hyundainews.com/api/models_hyundai-santa_fe-2023-santa_fe.json.gz,ok,
hyundai,hyundai/santa-fe,2023,press_index,press kit 2023-santa-fe-overview,https://www.hyundainews.com/api/press-kits/2023-santa-fe-overview,200,21322,43da7b5259b02f02fbf5da7bd9c4c7d5bfa73b7e589db4edf0d102788c026818,2026-10-02T12:01:05+00:00,press/www.hyundainews.com/api/press-kits_2023-santa-fe-overview.json.gz,ok,
hyundai,hyundai/santa-fe,2023,press_index,model page hyundai-santa_fe-2023-santa_fe_hybrid,https://www.hyundainews.com/api/models/hyundai-santa_fe-2023-santa_fe_hybrid,200,28830,f48988ea140df8ad7106a865219323701eaa17219de7dd83a0b7a4643f44fe7a,2026-10-02T12:01:09+00:00,press/www.hyundainews.com/api/models_hyundai-santa_fe-2023-santa_fe_hybrid.json.gz,ok,
hyundai,hyundai/santa-fe,2023,press_index,press kit 2023-santa-fe-hybrid-overview,https://www.hyundainews.com/api/press-kits/2023-santa-fe-hybrid-overview,200,8034,a5b7e90d3dca617bd560b903ec9b1256ef3a61eb96f26d0162bd65995bb748f5,2026-10-02T12:01:13+00:00,press/www.hyundainews.com/api/press-kits_2023-santa-fe-hybrid-overview.json.gz,ok,
hyundai,hyundai/santa-fe,2023,press_index,model page hyundai-santa_fe-2023-santa_fe_plug_in_hybrid,https://www.hyundainews.com/api/models/hyundai-santa_fe-2023-santa_fe_plug_in_hybrid,200,14146,0009a810ba7252b08cada38cd556d2abdf333a216aa74729b0985846dd434054,2026-10-02T12:01:18+00:00,press/www.hyundainews.com/api/models_hyundai-santa_fe-2023-santa_fe_plug_in_hybrid.json.gz,ok,
hyundai,hyundai/santa-fe,2023,press_index,press kit 2023-santa-fe-plug-in-hybrid-overview,https://www.hyundainews.com/api/press-kits/2023-santa-fe-plug-in-hybrid-overview,200,6124,71c1507c350d624a0fede071c1685198fa7e3531e867acfe02a91e5c210729b6,2026-10-02T12:01:21+00:00,press/www.hyundainews.com/api/press-kits_2023-santa-fe-plug-in-hybrid-overview.json.gz,ok,
hyundai,hyundai/santa-fe,2023,press_specifications,2023 Santa Fe Specifications,https://www.hyundainews.com/assets/documents/original/50304-2023SantaFeProductSpecifications20220629.pdf,200,281763,52582e7a0fbda347de20cdc4224565394821505d4607392ec8e145ed92679d79,2026-10-02T12:01:24+00:00,press/www.hyundainews.com/50304-2023SantaFeProductSpecifications20220629.pdf,ok,SANTA FE (tab 'Specifications' of /models/hyundai-santa_fe-2023-santa_fe); SANTA FE Hybrid (tab 'Specifications' of /models/hyundai-santa_fe-2023-santa_fe_hybrid); SANTA FE Plug-in Hybrid (tab 'Specifications' of /models/hyundai-santa_fe-2023-santa_fe_plug_in_hybrid); 9 PDF pages
hyundai,hyundai/santa-fe,2024,press_index,model page hyundai-santa_fe-2024-santa_fe,https://www.hyundainews.com/api/models/hyundai-santa_fe-2024-santa_fe,200,62922,9fb1f71ebe96844c38bd695950084f0d528d698bb021ed21c4400e4ae82f8906,2026-10-02T12:01:29+00:00,press/www.hyundainews.com/api/models_hyundai-santa_fe-2024-santa_fe.json.gz,ok,
hyundai,hyundai/santa-fe,2024,press_index,press kit 2024-santa-fe-overview,https://www.hyundainews.com/api/press-kits/2024-santa-fe-overview,200,25091,2e65e06ecbf8084c4500100326662e8e088eb895f041a0d69898a1b9a77ecb7e,2026-10-02T12:01:31+00:00,press/www.hyundainews.com/api/press-kits_2024-santa-fe-overview.json.gz,ok,
hyundai,hyundai/santa-fe,2024,press_index,model page hyundai-santa_fe-2024-santa_fe_hybrid,https://www.hyundainews.com/api/models/hyundai-santa_fe-2024-santa_fe_hybrid,200,75769,e5da9645e2b190e028d761a20d748c15b27868965b34f052f4f4084930a63da7,2026-10-02T12:01:34+00:00,press/www.hyundainews.com/api/models_hyundai-santa_fe-2024-santa_fe_hybrid.json.gz,ok,
hyundai,hyundai/santa-fe,2024,press_index,press kit 2024-santa-fe-hybrid-overview,https://www.hyundainews.com/api/press-kits/2024-santa-fe-hybrid-overview,200,24518,5571189b88bb3974a81556fc501bdd015c0c5f1885626610d3db6db7741e1e92,2026-10-02T12:01:39+00:00,press/www.hyundainews.com/api/press-kits_2024-santa-fe-hybrid-overview.json.gz,ok,
hyundai,hyundai/santa-fe,2024,press_index,model page hyundai-santa_fe-2024-santa_fe_xrt,https://www.hyundainews.com/api/models/hyundai-santa_fe-2024-santa_fe_xrt,200,71903,35a0dc3e74c0252ed61bcea5737c45a1d72f74c2a1a2a84b4015062768a1bd43,2026-10-02T12:01:43+00:00,press/www.hyundainews.com/api/models_hyundai-santa_fe-2024-santa_fe_xrt.json.gz,ok,
hyundai,hyundai/santa-fe,2024,press_index,press kit 2024-santa-fe-xrt-overview,https://www.hyundainews.com/api/press-kits/2024-santa-fe-xrt-overview,200,25022,9eb79cdc6d65df1ed29070414ec5a633a7e6eb1479988a542f9b57eddd307c52,2026-10-02T12:01:47+00:00,press/www.hyundainews.com/api/press-kits_2024-santa-fe-xrt-overview.json.gz,ok,
hyundai,hyundai/santa-fe,2024,press_specifications,2024 Santa Fe Specifications,https://www.hyundainews.com/assets/documents/original/58816-2024SantaFeSpecs030524.pdf,200,224575,1326b88b4995b47c10165fcb40214f764507d7fdb272078572fde9d132366c3a,2026-10-02T12:01:53+00:00,press/www.hyundainews.com/58816-2024SantaFeSpecs030524.pdf,ok,SANTA FE (tab 'Specifications' of /models/hyundai-santa_fe-2024-santa_fe); SANTA FE Hybrid (tab 'Specifications' of /models/hyundai-santa_fe-2024-santa_fe_hybrid); SANTA FE XRT (tab 'Specifications' of /models/hyundai-santa_fe-2024-santa_fe_xrt); 10 PDF pages
hyundai,hyundai/santa-fe,2025,press_index,model page hyundai-santa_fe-2025-santa_fe,https://www.hyundainews.com/api/models/hyundai-santa_fe-2025-santa_fe,200,52740,d2e37202b3b95ab269c41b1c96861b67a8e35570b89f726abf756a32c13cf99f,2026-10-02T12:01:57+00:00,press/www.hyundainews.com/api/models_hyundai-santa_fe-2025-santa_fe.json.gz,ok,
hyundai,hyundai/santa-fe,2025,press_index,press kit 2025-santa-fe-overview,https://www.hyundainews.com/api/press-kits/2025-santa-fe-overview,200,3723,8bf2b4c5be87465876243314b3f0da20d08f60788a66695ffb93465ff500430f,2026-10-02T12:02:00+00:00,press/www.hyundainews.com/api/press-kits_2025-santa-fe-overview.json.gz,ok,
hyundai,hyundai/santa-fe,2025,press_index,model page hyundai-santa_fe-2025-santa_fe_hybrid,https://www.hyundainews.com/api/models/hyundai-santa_fe-2025-santa_fe_hybrid,200,48382,f85b07550844742457bf75980ab6ae01faac9f0f3da61d049bb2b4a3c7540912,2026-10-02T12:02:05+00:00,press/www.hyundainews.com/api/models_hyundai-santa_fe-2025-santa_fe_hybrid.json.gz,ok,
hyundai,hyundai/santa-fe,2025,press_index,press kit 2025-santa-fe-hybrid-overview,https://www.hyundainews.com/api/press-kits/2025-santa-fe-hybrid-overview,200,3785,7d101828330f27ca8731507a557a9fbd35cdcbd37bb43a45deeff2cc4a04a93c,2026-10-02T12:02:08+00:00,press/www.hyundainews.com/api/press-kits_2025-santa-fe-hybrid-overview.json.gz,ok,
hyundai,hyundai/santa-fe,2025,press_index,model page hyundai-santa_fe-2025-santa_fe_xrt,https://www.hyundainews.com/api/models/hyundai-santa_fe-2025-santa_fe_xrt,200,28790,0798931acb681db1c308950a027cdc95fc848b280681c853572b42b6d1a0556a,2026-10-02T12:02:13+00:00,press/www.hyundainews.com/api/models_hyundai-santa_fe-2025-santa_fe_xrt.json.gz,ok,
hyundai,hyundai/santa-fe,2025,press_index,press kit 2025-santa-fe-xrt-overview,https://www.hyundainews.com/api/press-kits/2025-santa-fe-xrt-overview,200,3744,f761e932f3158a5b1664392eae3ac622116d69eddf79821d14956442b34b9deb,2026-10-02T12:02:15+00:00,press/www.hyundainews.com/api/press-kits_2025-santa-fe-xrt-overview.json.gz,ok,
hyundai,hyundai/santa-fe,2025,press_specifications,2025 Santa Fe | Specifications & Features,https://www.hyundainews.com/assets/documents/original/62996-2025SantaFeSpecsandFeatures20240809.pdf,200,348581,e70595ed95c7159f695c96a1138ca1bc0246ce89a8fba1b91e79f3f889824b85,2026-10-02T12:02:21+00:00,press/www.hyundainews.com/62996-2025SantaFeSpecsandFeatures20240809.pdf,ok,SANTA FE (tab 'Specs and Features' of /models/hyundai-santa_fe-2025-santa_fe); SANTA FE Hybrid (tab 'Specs and Features' of /models/hyundai-santa_fe-2025-santa_fe_hybrid); SANTA FE XRT (tab 'Specs and Features' of /models/hyundai-santa_fe-2025-santa_fe_xrt); 20 PDF pages
hyundai,hyundai/santa-fe,2026,press_index,model page hyundai-santa_fe-2026-santa_fe,https://www.hyundainews.com/api/models/hyundai-santa_fe-2026-santa_fe,200,67404,595e2ca618524b4461a1c3647e8e265b7dad8e0d00b8f79516b466d5cda2c36b,2026-10-02T12:02:24+00:00,press/www.hyundainews.com/api/models_hyundai-santa_fe-2026-santa_fe.json.gz,ok,
hyundai,hyundai/santa-fe,2026,press_index,press kit 2026-santa-fe-overview,https://www.hyundainews.com/api/press-kits/2026-santa-fe-overview,200,17648,d93588a46d4eb08621ded3901a724ce06b0b0c0e116d10cb367e474dff0bc3f3,2026-10-02T12:02:29+00:00,press/www.hyundainews.com/api/press-kits_2026-santa-fe-overview.json.gz,ok,
hyundai,hyundai/santa-fe,2026,press_index,model page hyundai-santa_fe-2026-santa_fe_hybrid,https://www.hyundainews.com/api/models/hyundai-santa_fe-2026-santa_fe_hybrid,200,56166,634401383a9d5bf0de35d660a7e92cd653a12d74f29f96ef4f86ec224d0eb991,2026-10-02T12:02:34+00:00,press/www.hyundainews.com/api/models_hyundai-santa_fe-2026-santa_fe_hybrid.json.gz,ok,
hyundai,hyundai/santa-fe,2026,press_index,press kit 2026-santa-fe-hybrid-overview,https://www.hyundainews.com/api/press-kits/2026-santa-fe-hybrid-overview,200,9304,c6de848ead91c47df0e11ee4ec6121cc6fed736c75c9163ced1b5ca13292c023,2026-10-02T12:02:37+00:00,press/www.hyundainews.com/api/press-kits_2026-santa-fe-hybrid-overview.json.gz,ok,
hyundai,hyundai/santa-fe,2026,press_index,model page hyundai-santa_fe-2026-santa_fe_xrt,https://www.hyundainews.com/api/models/hyundai-santa_fe-2026-santa_fe_xrt,200,44694,da3cf0d65c92905242df9ed049ea936eebc69a1f2016d55e420667788ff1d885,2026-10-02T12:02:42+00:00,press/www.hyundainews.com/api/models_hyundai-santa_fe-2026-santa_fe_xrt.json.gz,ok,
hyundai,hyundai/santa-fe,2026,press_index,press kit 2026-santa-fe-xrt-overview,https://www.hyundainews.com/api/press-kits/2026-santa-fe-xrt-overview,200,17673,0fcdced2b637c4b648a7704be0f09f9fac6ee9e889b120466e79d5a0d4c60f2a,2026-10-02T12:02:45+00:00,press/www.hyundainews.com/api/press-kits_2026-santa-fe-xrt-overview.json.gz,ok,
hyundai,hyundai/santa-fe,2026,press_specifications,2026 Santa Fe | Specs & Features,https://www.hyundainews.com/assets/documents/original/67180-2026SantaFeSpecsFeatures20260706.pdf,200,1223199,b1e68ce1e37b0ac69a1728e148c0f10aa383e9125758967c81cf3f875ab1b0ad,2026-10-02T12:02:50+00:00,press/www.hyundainews.com/67180-2026SantaFeSpecsFeatures20260706.pdf,ok,SANTA FE (tab 'Specs and Features' of /models/hyundai-santa_fe-2026-santa_fe); SANTA FE Hybrid (tab 'Specs and Features' of /models/hyundai-santa_fe-2026-santa_fe_hybrid); SANTA FE XRT (tab 'Specs and Features' of /models/hyundai-santa_fe-2026-santa_fe_xrt); 23 PDF pages
hyundai,hyundai/santa-fe-sport,2014,press_index,model page hyundai-santa_fe-2014-santa_fe_sport,https://www.hyundainews.com/api/models/hyundai-santa_fe-2014-santa_fe_sport,200,82417,c939661d664a2982a5291c74220ba63726043965d0e93daab7dd865333c99bcd,2026-10-02T12:02:54+00:00,press/www.hyundainews.com/api/models_hyundai-santa_fe-2014-santa_fe_sport.json.gz,ok,
hyundai,hyundai/santa-fe-sport,2014,press_specifications,,https://www.hyundainews.com/models/hyundai-santa_fe-2014,,,,2026-10-02T12:02:54+00:00,,not_found,no Specifications tab or spec document on model pages: hyundai-santa_fe-2014-santa_fe_sport
hyundai,hyundai/santa-fe-sport,2015,press_index,model page hyundai-santa_fe-2015-santa_fe_sport,https://www.hyundainews.com/api/models/hyundai-santa_fe-2015-santa_fe_sport,200,32000,9d0469658e44da31d73d2f2df497a69e41c8911b926e36a31cad6b21d147304d,2026-10-02T12:02:57+00:00,press/www.hyundainews.com/api/models_hyundai-santa_fe-2015-santa_fe_sport.json.gz,ok,
hyundai,hyundai/santa-fe-sport,2015,press_specifications,,https://www.hyundainews.com/models/hyundai-santa_fe-2015,,,,2026-10-02T12:02:57+00:00,,not_found,no Specifications tab or spec document on model pages: hyundai-santa_fe-2015-santa_fe_sport
hyundai,hyundai/santa-fe-sport,2016,press_index,model page hyundai-santa_fe-2016-santa_fe_sport,https://www.hyundainews.com/api/models/hyundai-santa_fe-2016-santa_fe_sport,200,45510,b1b37717188c54ef03bafb9e9113882ed4b15b9fbc1a9a38a9d7558d7bfaf25d,2026-10-02T12:03:00+00:00,press/www.hyundainews.com/api/models_hyundai-santa_fe-2016-santa_fe_sport.json.gz,ok,
hyundai,hyundai/santa-fe-sport,2016,press_specifications,,https://www.hyundainews.com/models/hyundai-santa_fe-2016,,,,2026-10-02T12:03:00+00:00,,not_found,no Specifications tab or spec document on model pages: hyundai-santa_fe-2016-santa_fe_sport
hyundai,hyundai/santa-fe-sport,2017,press_index,model page hyundai-santa_fe-2017-santa_fe_sport,https://www.hyundainews.com/api/models/hyundai-santa_fe-2017-santa_fe_sport,200,60861,cbdcca546c7da49abc80d807d97bba77b181a173213ab637cb163f2f75e36eaa,2026-10-02T12:03:05+00:00,press/www.hyundainews.com/api/models_hyundai-santa_fe-2017-santa_fe_sport.json.gz,ok,
hyundai,hyundai/santa-fe-sport,2017,press_index,press kit 2017-santa-fe-sport,https://www.hyundainews.com/api/press-kits/2017-santa-fe-sport,200,15247,79fb575ac29ce7681137b8581d5947f2550ae4d2031a94d19fdcef12d41a4c7e,2026-10-02T12:03:09+00:00,press/www.hyundainews.com/api/press-kits_2017-santa-fe-sport.json.gz,ok,
hyundai,hyundai/santa-fe-sport,2017,press_specifications,,https://www.hyundainews.com/models/hyundai-santa_fe-2017,,,,2026-10-02T12:03:09+00:00,,not_found,no Specifications tab or spec document on model pages: hyundai-santa_fe-2017-santa_fe_sport
hyundai,hyundai/santa-fe-sport,2018,press_index,model page hyundai-santa_fe-2018-santa_fe_sport,https://www.hyundainews.com/api/models/hyundai-santa_fe-2018-santa_fe_sport,200,60812,25915d0294dd57015d7774dc9721bf39c13095248cd01f7fc73abfaf885312be,2026-10-02T12:03:14+00:00,press/www.hyundainews.com/api/models_hyundai-santa_fe-2018-santa_fe_sport.json.gz,ok,
hyundai,hyundai/santa-fe-sport,2018,press_index,press kit 2018-santa-fe-sport,https://www.hyundainews.com/api/press-kits/2018-santa-fe-sport,200,13786,2c648fe8d3db9fc5be7e64f112ad5213d29ae3e403b3a6940e62742ad0eeb102,2026-10-02T12:03:18+00:00,press/www.hyundainews.com/api/press-kits_2018-santa-fe-sport.json.gz,ok,
hyundai,hyundai/santa-fe-sport,2018,press_specifications,2018 Santa Fe Sport Specifications,https://www.hyundainews.com/assets/documents/original/29478-SantaFeSportSpecifications2018.pdf,200,78625,c5c8363afe452adf1ce7e752c3a9fc5e09f54fecb52775266348824cf34cd44b,2026-10-02T12:03:25+00:00,press/www.hyundainews.com/29478-SantaFeSportSpecifications2018.pdf,ok,SANTA FE Sport (tab 'Specifications' of /models/hyundai-santa_fe-2018-santa_fe_sport); 4 PDF pages
hyundai,hyundai/accent,2014,press_index,model page hyundai-accent-2014-accent,https://www.hyundainews.com/api/models/hyundai-accent-2014-accent,200,65112,3fefe7ec3830d6a7e4a6da32ce7f668be897f74d97f47bab8423c7aee6e46fc2,2026-10-02T12:03:28+00:00,press/www.hyundainews.com/api/models_hyundai-accent-2014-accent.json.gz,ok,
hyundai,hyundai/accent,2014,press_specifications,,https://www.hyundainews.com/models/hyundai-accent-2014,,,,2026-10-02T12:03:28+00:00,,not_found,no Specifications tab or spec document on model pages: hyundai-accent-2014-accent
hyundai,hyundai/accent,2015,press_index,model page hyundai-accent-2015-accent,https://www.hyundainews.com/api/models/hyundai-accent-2015-accent,200,49187,6ece87d278889335bc467f55a2db0b836defd5ff6c77274efdac59a2d6b3c4c1,2026-10-02T12:03:31+00:00,press/www.hyundainews.com/api/models_hyundai-accent-2015-accent.json.gz,ok,
hyundai,hyundai/accent,2015,press_specifications,,https://www.hyundainews.com/models/hyundai-accent-2015,,,,2026-10-02T12:03:31+00:00,,not_found,no Specifications tab or spec document on model pages: hyundai-accent-2015-accent
hyundai,hyundai/accent,2016,press_index,model page hyundai-accent-2016-accent,https://www.hyundainews.com/api/models/hyundai-accent-2016-accent,200,69656,b270829ac64a689766f8c10184113b3e488a2ddd8c2dd7d935d5d9f6eaa93a17,2026-10-02T12:03:36+00:00,press/www.hyundainews.com/api/models_hyundai-accent-2016-accent.json.gz,ok,
hyundai,hyundai/accent,2016,press_specifications,,https://www.hyundainews.com/models/hyundai-accent-2016,,,,2026-10-02T12:03:36+00:00,,not_found,no Specifications tab or spec document on model pages: hyundai-accent-2016-accent
hyundai,hyundai/accent,2017,press_index,model page hyundai-accent-2017-accent,https://www.hyundainews.com/api/models/hyundai-accent-2017-accent,200,19687,26d6d06dff74db94a7586b517edbeb2850625f99435699cf5cc51d7e43e82c38,2026-10-02T12:03:42+00:00,press/www.hyundainews.com/api/models_hyundai-accent-2017-accent.json.gz,ok,
hyundai,hyundai/accent,2017,press_index,press kit 2017-accent,https://www.hyundainews.com/api/press-kits/2017-accent,200,7116,8bfba0f74ef74436280571dab1e94ed34076012b47c04bbf522959835f43442a,2026-10-02T12:03:44+00:00,press/www.hyundainews.com/api/press-kits_2017-accent.json.gz,ok,
hyundai,hyundai/accent,2017,press_specifications,,https://www.hyundainews.com/models/hyundai-accent-2017,,,,2026-10-02T12:03:44+00:00,,not_found,no Specifications tab or spec document on model pages: hyundai-accent-2017-accent
hyundai,hyundai/accent,2018,press_index,model page hyundai-accent-2018-accent,https://www.hyundainews.com/api/models/hyundai-accent-2018-accent,200,82827,fb6be851287364f5127ee2730d2b4f6f813705f03aff8491fac8a2a67c0ce300,2026-10-02T12:03:48+00:00,press/www.hyundainews.com/api/models_hyundai-accent-2018-accent.json.gz,ok,
hyundai,hyundai/accent,2018,press_index,press kit hyundai-accent-2018-sedan,https://www.hyundainews.com/api/press-kits/hyundai-accent-2018-sedan,200,20724,3b9e498242ab27a841f5b5f75c4eb357979502ab4a585170beabea7ea6db5f33,2026-10-02T12:03:53+00:00,press/www.hyundainews.com/api/press-kits_hyundai-accent-2018-sedan.json.gz,ok,
hyundai,hyundai/accent,2018,press_specifications,2018 ACCENT Specifications,https://www.hyundainews.com/assets/documents/original/30308-2018AccentSpecificationsFINAL.pdf,200,164508,d298a5c9f9d94171c3cbfc05e0cabd8a57e996c3d555641b3d4f3c4e84f3d4bb,2026-10-02T12:03:58+00:00,press/www.hyundainews.com/30308-2018AccentSpecificationsFINAL.pdf,ok,ACCENT (tab 'Specifications' of /models/hyundai-accent-2018-accent); 3 PDF pages
hyundai,hyundai/accent,2019,press_index,model page hyundai-accent-2019-accent,https://www.hyundainews.com/api/models/hyundai-accent-2019-accent,200,47286,60d141e032a75aff48ba10bd823105434809ee854ff782ea86a5142a69bd26a0,2026-10-02T12:04:01+00:00,press/www.hyundainews.com/api/models_hyundai-accent-2019-accent.json.gz,ok,
hyundai,hyundai/accent,2019,press_index,press kit 2019-accent,https://www.hyundainews.com/api/press-kits/2019-accent,200,8432,659afa242938029b6db7d96abf0b8ec9e9f9987ec99f06cd0f3d9b58eeab61a1,2026-10-02T12:04:04+00:00,press/www.hyundainews.com/api/press-kits_2019-accent.json.gz,ok,
hyundai,hyundai/accent,2019,press_specifications,2019 Accent Specifications,https://www.hyundainews.com/assets/documents/original/33954-2019AccentSpecificationsFINAL.pdf,200,223313,0eea4335a43616bbf07c0c37157b82da8efc0fb59bb2ac8aaaa440dfb286c57d,2026-10-02T12:04:11+00:00,press/www.hyundainews.com/33954-2019AccentSpecificationsFINAL.pdf,ok,ACCENT (tab 'Specifications' of /models/hyundai-accent-2019-accent); 3 PDF pages
hyundai,hyundai/accent,2020,press_index,model page hyundai-accent-2020-accent,https://www.hyundainews.com/api/models/hyundai-accent-2020-accent,200,49877,8a4d2f5a7d55b677c6d8702025b2d452608c4664cbe25c1ce5a9a99ac0a532c1,2026-10-02T12:04:16+00:00,press/www.hyundainews.com/api/models_hyundai-accent-2020-accent.json.gz,ok,
hyundai,hyundai/accent,2020,press_index,press kit 2020-accent,https://www.hyundainews.com/api/press-kits/2020-accent,200,13010,c9a6c14eadc83accf3deeaea013f641390019dacbc42f2c7b66d012df136525b,2026-10-02T12:04:19+00:00,press/www.hyundainews.com/api/press-kits_2020-accent.json.gz,ok,
hyundai,hyundai/accent,2020,press_specifications,2020 Accent Specifications,https://www.hyundainews.com/assets/documents/original/38275-2020AccentSpecificationsFINAL81419.pdf,200,225420,949142b868fa14db3fe8b034215a23fd4df523cd3936720aa124b137bc394bf1,2026-10-02T12:04:23+00:00,press/www.hyundainews.com/38275-2020AccentSpecificationsFINAL81419.pdf,ok,ACCENT (tab 'Specifications' of /models/hyundai-accent-2020-accent); 3 PDF pages
hyundai,hyundai/accent,2021,press_index,model page hyundai-accent-2021-accent,https://www.hyundainews.com/api/models/hyundai-accent-2021-accent,200,37045,2d811f34f208ac0dc941023d3721731557cd72ecca3dc049e76d349ef025ea60,2026-10-02T12:04:28+00:00,press/www.hyundainews.com/api/models_hyundai-accent-2021-accent.json.gz,ok,
hyundai,hyundai/accent,2021,press_index,press kit 2021-accent,https://www.hyundainews.com/api/press-kits/2021-accent,200,6576,935b8e2de46e5dfb25b0609085fa7059bd63ef9404dafa6596c1cd3109ac71c9,2026-10-02T12:04:33+00:00,press/www.hyundainews.com/api/press-kits_2021-accent.json.gz,ok,
hyundai,hyundai/accent,2021,press_specifications,2021 Accent Specifications,https://www.hyundainews.com/assets/documents/original/42767-2021AccentProductGuidespecs.pdf,200,182428,ced9fab2bae2b8601122fadaf98cca3f07fb3985cf991c639bff7e8e323d32fa,2026-10-02T12:04:35+00:00,press/www.hyundainews.com/42767-2021AccentProductGuidespecs.pdf,ok,ACCENT (tab 'Specifications' of /models/hyundai-accent-2021-accent); 6 PDF pages
hyundai,hyundai/accent,2022,press_index,model page hyundai-accent-2022-accent,https://www.hyundainews.com/api/models/hyundai-accent-2022-accent,200,41703,b8244e9a8b65391086011e0d7adc1ea96958687979b6f8395d983eca6b95bd5f,2026-10-02T12:04:38+00:00,press/www.hyundainews.com/api/models_hyundai-accent-2022-accent.json.gz,ok,
hyundai,hyundai/accent,2022,press_index,press kit 2022-accent,https://www.hyundainews.com/api/press-kits/2022-accent,200,6151,ae4b07a9109dc75dd05b92360536c53407c171460d7928a75eb8cd0164ce7427,2026-10-02T12:04:42+00:00,press/www.hyundainews.com/api/press-kits_2022-accent.json.gz,ok,
hyundai,hyundai/accent,2022,press_specifications,2022 Accent Specifications,https://www.hyundainews.com/assets/documents/original/47897-2022AccentProductGuidespecs.pdf,200,244871,7cc70400d913d04f5d656d7670cb3f5b5733a19e03cb6e9d258b1eb46aed84a6,2026-10-02T12:04:46+00:00,press/www.hyundainews.com/47897-2022AccentProductGuidespecs.pdf,ok,ACCENT (tab 'Specifications' of /models/hyundai-accent-2022-accent); 6 PDF pages
hyundai,hyundai/kona,2018,press_index,model page hyundai-kona-2018-kona,https://www.hyundainews.com/api/models/hyundai-kona-2018-kona,200,72124,d98e972ae6183ecf2f08f582cd6ce006198372ac85ac105b0d6e1e046e290fa9,2026-10-02T12:04:50+00:00,press/www.hyundainews.com/api/models_hyundai-kona-2018-kona.json.gz,ok,
hyundai,hyundai/kona,2018,press_index,press kit /models/hyundai-kona-2018-kona,https://www.hyundainews.com/api/press-kits//models/hyundai-kona-2018-kona,404,93,1a7aa9d1967fb2ae4c9c616154c5d61cb4aa156b421ed6d851d6a7c49d65f20c,2026-10-02T12:04:54+00:00,,not_found,"{""message"":""The route api\/press-kits\/\/models\/hyundai-kona-2018-kona could not be found.""}"
hyundai,hyundai/kona,2018,press_specifications,2018 KONA Specifications,https://www.hyundainews.com/assets/documents/original/32223-2018KONASpecifications.pdf,200,141014,64c4b62f9636666c7a2370621b437c96690c12fbc83bae88707de1faca77cbc2,2026-10-02T12:05:00+00:00,press/www.hyundainews.com/32223-2018KONASpecifications.pdf,ok,KONA (tab 'Specifications' of /models/hyundai-kona-2018-kona); 4 PDF pages
hyundai,hyundai/kona,2018,press_specifications,2018 KONA Specifications,https://www.hyundainews.com/assets/documents/original/32222-2018KONASpecifications.docx,200,649876,8cfa187dc1608f85969c9928ade0271d2885a1de036d342556ccb513771044cc,2026-10-02T12:05:04+00:00,press/www.hyundainews.com/32222-2018KONASpecifications.docx.gz,ok,"KONA (documents of /models/hyundai-kona-2018-kona); not a PDF (application/vnd.openxmlformats-officedocument.wordprocessingml.document), no page text"
hyundai,hyundai/kona,2019,press_index,model page hyundai-kona-2019-kona,https://www.hyundainews.com/api/models/hyundai-kona-2019-kona,200,64273,a6d4a5f61228ca2562d86c6e041f7b95c312ed58ff7537ff88fc3c512a0a67cc,2026-10-02T12:05:08+00:00,press/www.hyundainews.com/api/models_hyundai-kona-2019-kona.json.gz,ok,
hyundai,hyundai/kona,2019,press_index,press kit 2019-kona,https://www.hyundainews.com/api/press-kits/2019-kona,200,15456,5919db3c1f1ff9131fa3f64a6bce0cb12bbb30769685e39c31904f153a784d1b,2026-10-02T12:05:11+00:00,press/www.hyundainews.com/api/press-kits_2019-kona.json.gz,ok,
hyundai,hyundai/kona,2019,press_index,model page hyundai-kona-2019-kona_electric,https://www.hyundainews.com/api/models/hyundai-kona-2019-kona_electric,200,69767,2355a34035c1234aadba63fb2bf546e6f79257b6c2e98530c91fe08a75cbc18c,2026-10-02T12:05:15+00:00,press/www.hyundainews.com/api/models_hyundai-kona-2019-kona_electric.json.gz,ok,
hyundai,hyundai/kona,2019,press_index,press kit kona-2019,https://www.hyundainews.com/api/press-kits/kona-2019,200,27892,faf9aa9cf2977f2deb01bfc94eaf5a49c958474f213b9beccc4c0dddd2b55e07,2026-10-02T12:05:20+00:00,press/www.hyundainews.com/api/press-kits_kona-2019.json.gz,ok,
hyundai,hyundai/kona,2019,press_specifications,2019 Kona Specifications,https://www.hyundainews.com/assets/documents/original/34436-2019KonaSpecifications10918.pdf,200,161487,22ed18b5b504eff3f5034e7908e06d901e18dff9e4ec1a58ec6a26e415e845c0,2026-10-02T12:05:23+00:00,press/www.hyundainews.com/34436-2019KonaSpecifications10918.pdf,ok,KONA (tab 'Specifications' of /models/hyundai-kona-2019-kona); 4 PDF pages
hyundai,hyundai/kona,2019,press_specifications,2019 Kona EV Specifications,https://www.hyundainews.com/assets/documents/original/34398-2019KonaEVSpecifications10418docx.pdf,200,128635,aed6cfa80753fd675241075e2c7355f61f33120cf83f2130101f7526ffa069b3,2026-10-02T12:05:29+00:00,press/www.hyundainews.com/34398-2019KonaEVSpecifications10418docx.pdf,ok,KONA Electric (tab 'Specifications' of /models/hyundai-kona-2019-kona_electric); 3 PDF pages
hyundai,hyundai/kona,2020,press_index,model page hyundai-kona-2020-kona_electric,https://www.hyundainews.com/api/models/hyundai-kona-2020-kona_electric,200,59912,5f998b2cef7a48143db8658f73d6c9080eac801f29fc934ad5ce9144728fe809,2026-10-02T12:05:33+00:00,press/www.hyundainews.com/api/models_hyundai-kona-2020-kona_electric.json.gz,ok,
hyundai,hyundai/kona,2020,press_index,press kit 2020-kona-electric,https://www.hyundainews.com/api/press-kits/2020-kona-electric,200,22332,51755a5639f4e335039f83fbaa040ed89c87a91359ed27862ec5e9b3b5a0d422,2026-10-02T12:05:36+00:00,press/www.hyundainews.com/api/press-kits_2020-kona-electric.json.gz,ok,
hyundai,hyundai/kona,2020,press_index,model page hyundai-kona-2020-kona,https://www.hyundainews.com/api/models/hyundai-kona-2020-kona,200,54995,edff1a69bcba4837f928a1a976dc25a59b062b32db85bf57211786a1bfb06e7f,2026-10-02T12:05:40+00:00,press/www.hyundainews.com/api/models_hyundai-kona-2020-kona.json.gz,ok,
hyundai,hyundai/kona,2020,press_index,press kit 2020-kona,https://www.hyundainews.com/api/press-kits/2020-kona,200,17176,8282e8e9ffd7425e5827e5545f5e1b92c3b9d013f90244ebb734661136a7bcac,2026-10-02T12:05:45+00:00,press/www.hyundainews.com/api/press-kits_2020-kona.json.gz,ok,
hyundai,hyundai/kona,2020,press_specifications,2020 Kona Electric Specifications,https://www.hyundainews.com/assets/documents/original/39956-2020KonaElectricProductGuidespecs010820pptx.pdf,200,198229,0f38ceb793351784278484c56a720d01d0b64871a288f9ced30228ee66a6f33f,2026-10-02T12:05:49+00:00,press/www.hyundainews.com/39956-2020KonaElectricProductGuidespecs010820pptx.pdf,ok,Kona Electric (tab 'Specifications' of /models/hyundai-kona-2020-kona_electric); 7 PDF pages
hyundai,hyundai/kona,2020,press_specifications,2020 Kona Specifications,https://www.hyundainews.com/assets/documents/original/39954-2020KonaProductGuideSpecs010820pptx.pdf,200,188784,55ac4a9d6fffad2ba4b4d589461004f05ca34bb8b62ac60b0c044d1844d9a7d3,2026-10-02T12:05:54+00:00,press/www.hyundainews.com/39954-2020KonaProductGuideSpecs010820pptx.pdf,ok,Kona (tab 'Specifications' of /models/hyundai-kona-2020-kona); 7 PDF pages
hyundai,hyundai/kona,2021,press_index,model page hyundai-kona-2021-kona,https://www.hyundainews.com/api/models/hyundai-kona-2021-kona,200,38756,01510505723bd98796d74e4fad5faeadc1b53c5a29aaf58fdcb09d26a385f000,2026-10-02T12:05:58+00:00,press/www.hyundainews.com/api/models_hyundai-kona-2021-kona.json.gz,ok,
hyundai,hyundai/kona,2021,press_index,press kit 2021-kona,https://www.hyundainews.com/api/press-kits/2021-kona,200,9339,9de43301805d5f8bc9611cc1ab9c847fff2184a26db2e68ee033e1ef601cdb40,2026-10-02T12:06:02+00:00,press/www.hyundainews.com/api/press-kits_2021-kona.json.gz,ok,
hyundai,hyundai/kona,2021,press_index,model page hyundai-kona-2021-kona_electric,https://www.hyundainews.com/api/models/hyundai-kona-2021-kona_electric,200,45720,1a4e446f5ea809d556ae0a8d069c6d95a69dd8f970f00a7310891d332e0eca3a,2026-10-02T12:06:05+00:00,press/www.hyundainews.com/api/models_hyundai-kona-2021-kona_electric.json.gz,ok,
hyundai,hyundai/kona,2021,press_index,press kit 2021-kona-electric,https://www.hyundainews.com/api/press-kits/2021-kona-electric,200,4575,59771d702461572a77b09193f6cd6e9d381a7d56435b4ac83e0ada2317c3a375,2026-10-02T12:06:10+00:00,press/www.hyundainews.com/api/press-kits_2021-kona-electric.json.gz,ok,
hyundai,hyundai/kona,2021,press_specifications,2021 Kona Specifications,https://www.hyundainews.com/assets/documents/original/41997-2021KonaProductGuideSpecs.pdf,200,175858,6130199d7bb43b9c8af40e2192922ec4eeda26551bb85d559a97242320d9c308,2026-10-02T12:06:15+00:00,press/www.hyundainews.com/41997-2021KonaProductGuideSpecs.pdf,ok,Kona (tab 'Specifications' of /models/hyundai-kona-2021-kona); 7 PDF pages
hyundai,hyundai/kona,2021,press_specifications,2021 Kona Electric Specifications,https://www.hyundainews.com/assets/documents/original/42362-2021KonaElectricProductGuideSpecs080520pptx.pdf,200,198229,43b3983d71bcdc4555524e63c3847a389a6a32c5b9bc409ec9712b2b46b3f90b,2026-10-02T12:06:18+00:00,press/www.hyundainews.com/42362-2021KonaElectricProductGuideSpecs080520pptx.pdf,ok,Kona Electric (tab 'Specifications' of /models/hyundai-kona-2021-kona_electric); 7 PDF pages
hyundai,hyundai/kona,2022,press_index,model page hyundai-kona-2022-kona,https://www.hyundainews.com/api/models/hyundai-kona-2022-kona,200,59404,0d7e0f68106a648c5b6619a99116ab2a000ea3b7ea2dff82a5a99412a0c75b90,2026-10-02T12:06:21+00:00,press/www.hyundainews.com/api/models_hyundai-kona-2022-kona.json.gz,ok,
hyundai,hyundai/kona,2022,press_index,press kit 2022-kona,https://www.hyundainews.com/api/press-kits/2022-kona,200,25088,dcf175abe96b882a5a416a892bc6c0544e156b5606f9db250e4c36fbbd6cdf3b,2026-10-02T12:06:24+00:00,press/www.hyundainews.com/api/press-kits_2022-kona.json.gz,ok,
hyundai,hyundai/kona,2022,press_index,model page hyundai-kona-2022-kona_electric,https://www.hyundainews.com/api/models/hyundai-kona-2022-kona_electric,200,66191,6309036d3bde396fd491278e23bcda52cb5355c30b2f6cf5be371511695a454f,2026-10-02T12:06:28+00:00,press/www.hyundainews.com/api/models_hyundai-kona-2022-kona_electric.json.gz,ok,
hyundai,hyundai/kona,2022,press_index,press kit 2022-kona-electric,https://www.hyundainews.com/api/press-kits/2022-kona-electric,200,25199,449f0d7da63944837e2a399ec9ceb489cef31a72808af5f4b07a91d49e4e2e71,2026-10-02T12:06:32+00:00,press/www.hyundainews.com/api/press-kits_2022-kona-electric.json.gz,ok,
hyundai,hyundai/kona,2022,press_index,model page hyundai-kona-2022-kona_n_line,https://www.hyundainews.com/api/models/hyundai-kona-2022-kona_n_line,200,54464,318421c085d99690f0a0117319dd541284a3aa6a2a17e0b9e824514b6dc6706d,2026-10-02T12:06:35+00:00,press/www.hyundainews.com/api/models_hyundai-kona-2022-kona_n_line.json.gz,ok,
hyundai,hyundai/kona,2022,press_index,press kit 2022-kona-n-line,https://www.hyundainews.com/api/press-kits/2022-kona-n-line,200,25112,569303481485f1a7db389e898a4dc89fab2f751c87f7ec20cc2dc893fca5f92a,2026-10-02T12:06:38+00:00,press/www.hyundainews.com/api/press-kits_2022-kona-n-line.json.gz,ok,
hyundai,hyundai/kona,2022,press_index,model page hyundai-kona-2022-kona_n,https://www.hyundainews.com/api/models/hyundai-kona-2022-kona_n,200,71856,c82026083be7ee559d5e6869e3b4301c0c3b3264eb0c899c61f2b4a3fec051f9,2026-10-02T12:06:42+00:00,press/www.hyundainews.com/api/models_hyundai-kona-2022-kona_n.json.gz,ok,
hyundai,hyundai/kona,2022,press_index,press kit 2022-kona-n,https://www.hyundainews.com/api/press-kits/2022-kona-n,200,20998,6ca341a6d85f58040237b16a12c5fcd718526a661f392d30d09cf80f5a86f2e1,2026-10-02T12:06:46+00:00,press/www.hyundainews.com/api/press-kits_2022-kona-n.json.gz,ok,
hyundai,hyundai/kona,2022,press_specifications,2022 Kona Specifications,https://www.hyundainews.com/assets/documents/original/48600-2022KonaProductGuideSpecsv3.pdf,200,183354,4f40582a503564d99cfff97cd2a48cfe5871b5bfd31e92f1353ec5c97b79e09e,2026-10-02T12:06:50+00:00,press/www.hyundainews.com/48600-2022KonaProductGuideSpecsv3.pdf,ok,Kona (tab 'Specifications' of /models/hyundai-kona-2022-kona); Kona N Line (tab 'Specifications' of /models/hyundai-kona-2022-kona_n_line); Kona N (tab 'Specifications' of /models/hyundai-kona-2022-kona_n); 7 PDF pages
hyundai,hyundai/kona,2022,press_specifications,2022 Kona Specifications,https://www.hyundainews.com/assets/documents/original/48582-2022KonaProductGuideSpecsv2.pdf,200,200796,0b159db66e409335a2cb75f72692ed0d5c84c65d0a7c3ee8f3436e4c2e4999ab,2026-10-02T12:06:56+00:00,press/www.hyundainews.com/48582-2022KonaProductGuideSpecsv2.pdf,ok,Kona (press kit 2022-kona); Kona N Line (press kit 2022-kona-n-line); Kona N (press kit 2022-kona-n); 7 PDF pages
hyundai,hyundai/kona,2022,press_specifications,2022 Kona Electric Specifications,https://www.hyundainews.com/assets/documents/original/45112-2022KonaElectricProductGuidespecs1.pdf,200,330490,6331aa5bb49d4e2ec7c254ae1c1ba00af541df287075ba109a7f7157e5aee3e4,2026-10-02T12:07:01+00:00,press/www.hyundainews.com/45112-2022KonaElectricProductGuidespecs1.pdf,ok,Kona Electric (tab 'Specifications' of /models/hyundai-kona-2022-kona_electric); 7 PDF pages
hyundai,hyundai/kona,2023,press_index,model page hyundai-kona-2023-kona,https://www.hyundainews.com/api/models/hyundai-kona-2023-kona,200,71394,7793d4d4a613b8c0af0fb2f3642cba6d927c501f75e3e395dce105a68774951c,2026-10-02T12:07:05+00:00,press/www.hyundainews.com/api/models_hyundai-kona-2023-kona.json.gz,ok,
hyundai,hyundai/kona,2023,press_index,press kit 2023-kona-overview,https://www.hyundainews.com/api/press-kits/2023-kona-overview,200,11434,7661beabf43bfb988373c83edcbf5a09675c1b66b373fbf401de176a7ec28c6c,2026-10-02T12:07:07+00:00,press/www.hyundainews.com/api/press-kits_2023-kona-overview.json.gz,ok,
hyundai,hyundai/kona,2023,press_index,model page hyundai-kona-2023-kona_electric,https://www.hyundainews.com/api/models/hyundai-kona-2023-kona_electric,200,70627,69945605ac7e739f3d34afdb428539ea3ef47bffec51c77eb45655fa77440dfd,2026-10-02T12:07:12+00:00,press/www.hyundainews.com/api/models_hyundai-kona-2023-kona_electric.json.gz,ok,
hyundai,hyundai/kona,2023,press_index,press kit 2023-kona-electric-overview,https://www.hyundainews.com/api/press-kits/2023-kona-electric-overview,200,6562,4a916f963578e62a2fca52b49ba37c6cc1c3975cb17c2253c3a3dacc4702b051,2026-10-02T12:07:17+00:00,press/www.hyundainews.com/api/press-kits_2023-kona-electric-overview.json.gz,ok,
hyundai,hyundai/kona,2023,press_index,model page hyundai-kona-2023-kona_n_line,https://www.hyundainews.com/api/models/hyundai-kona-2023-kona_n_line,200,28296,b4d505f218bb1d78a81b4c1acc0aed5df014ec0ed49e1a87a657a6d05b04bac3,2026-10-02T12:07:22+00:00,press/www.hyundainews.com/api/models_hyundai-kona-2023-kona_n_line.json.gz,ok,
hyundai,hyundai/kona,2023,press_index,press kit 2023-kona_n_line-overview,https://www.hyundainews.com/api/press-kits/2023-kona_n_line-overview,200,11468,1e47a874cf0f59043a0486d057a51d65ec98b9ee4aa03af104acb4e47a51277d,2026-10-02T12:07:27+00:00,press/www.hyundainews.com/api/press-kits_2023-kona_n_line-overview.json.gz,ok,
hyundai,hyundai/kona,2023,press_index,model page hyundai-kona-2023-kona_n,https://www.hyundainews.com/api/models/hyundai-kona-2023-kona_n,200,21433,1cfa261656a44fd458f8270ea58274c24d1330a8f7d859702ccf25521a0326a7,2026-10-02T12:07:31+00:00,press/www.hyundainews.com/api/models_hyundai-kona-2023-kona_n.json.gz,ok,
hyundai,hyundai/kona,2023,press_index,press kit 2023-kona_n-overview,https://www.hyundainews.com/api/press-kits/2023-kona_n-overview,200,11426,4d06739f9de91c9e4db69906255b7e88b9c016235740356781a4cccf88fb9f97,2026-10-02T12:07:35+00:00,press/www.hyundainews.com/api/press-kits_2023-kona_n-overview.json.gz,ok,
hyundai,hyundai/kona,2023,press_specifications,2023 Kona Specifications,https://www.hyundainews.com/assets/documents/original/50317-2023KonaProductSpecifications20220629.pdf,200,101881,66d6a0365a40acdcd395341e3864137ecaf1547eb3607a1fb5af639998faa17a,2026-10-02T12:07:40+00:00,press/www.hyundainews.com/50317-2023KonaProductSpecifications20220629.pdf,ok,Kona (tab 'Specifications' of /models/hyundai-kona-2023-kona); Kona N Line (tab 'Specifications' of /models/hyundai-kona-2023-kona_n_line); Kona N (tab 'Specifications' of /models/hyundai-kona-2023-kona_n); 6 PDF pages
hyundai,hyundai/kona,2023,press_specifications,2023 Kona Electric Specifications,https://www.hyundainews.com/assets/documents/original/50315-2023KonaElectricProductSpecifications20220628.pdf,200,93139,b202f55bb45322cf8068cc6343f2d3b726f540a4bda3a4bc6c2fa1290d0e0ffc,2026-10-02T12:07:45+00:00,press/www.hyundainews.com/50315-2023KonaElectricProductSpecifications20220628.pdf,ok,Kona Electric (tab 'Specifications' of /models/hyundai-kona-2023-kona_electric); 5 PDF pages
hyundai,hyundai/kona,2024,press_index,model page hyundai-kona-2024-kona,https://www.hyundainews.com/api/models/hyundai-kona-2024-kona,200,97954,9bdb1eb93ac708331af8e273c930e18ccca3e4b3a4a82ca8b7cc0324de25cc45,2026-10-02T12:07:48+00:00,press/www.hyundainews.com/api/models_hyundai-kona-2024-kona.json.gz,ok,
hyundai,hyundai/kona,2024,press_index,press kit 2024-kona-overview,https://www.hyundainews.com/api/press-kits/2024-kona-overview,200,56124,c93ef5c2b8b87b6e3ea3b72616889940e2154d6d9e8f3cbc91146a118662033c,2026-10-02T12:07:54+00:00,press/www.hyundainews.com/api/press-kits_2024-kona-overview.json.gz,ok,
hyundai,hyundai/kona,2024,press_index,model page hyundai-kona-2024-kona_electric,https://www.hyundainews.com/api/models/hyundai-kona-2024-kona_electric,200,97564,04c968989eef35733322e9c7f3b28af08a59c83040e8683ffd29a29077ba021b,2026-10-02T12:07:59+00:00,press/www.hyundainews.com/api/models_hyundai-kona-2024-kona_electric.json.gz,ok,
hyundai,hyundai/kona,2024,press_index,press kit 2024-kona-electric-overview,https://www.hyundainews.com/api/press-kits/2024-kona-electric-overview,200,56148,de3ec036f087bdc2c0f490ae21208611c72bb2d3832c7be1f679d63f7c5cdef3,2026-10-02T12:08:02+00:00,press/www.hyundainews.com/api/press-kits_2024-kona-electric-overview.json.gz,ok,
hyundai,hyundai/kona,2024,press_index,model page hyundai-kona-2024-kona_n_line,https://www.hyundainews.com/api/models/hyundai-kona-2024-kona_n_line,200,154229,f72a16ffb0ce928818be8109adc3ff42c96283d7c928b6e304d0686680eba96c,2026-10-02T12:08:06+00:00,press/www.hyundainews.com/api/models_hyundai-kona-2024-kona_n_line.json.gz,ok,
hyundai,hyundai/kona,2024,press_index,press kit 2024-kona-n-line-overview,https://www.hyundainews.com/api/press-kits/2024-kona-n-line-overview,200,56108,4e6ba624e448b9b49f7306867739a2290652a58aaae4a1efec271accb3f51deb,2026-10-02T12:08:11+00:00,press/www.hyundainews.com/api/press-kits_2024-kona-n-line-overview.json.gz,ok,
hyundai,hyundai/kona,2024,press_specifications,2024 Kona Specifications,https://www.hyundainews.com/assets/documents/original/56997-2024KonaSpecs073123.pdf,200,117392,894fc7c7cae5741b93841508903175bcd103f9292ee9cf27c362770926fd0f92,2026-10-02T12:08:16+00:00,press/www.hyundainews.com/56997-2024KonaSpecs073123.pdf,ok,Kona (tab 'Specifications' of /models/hyundai-kona-2024-kona); Kona N Line (tab 'Specifications' of /models/hyundai-kona-2024-kona_n_line); 9 PDF pages
hyundai,hyundai/kona,2024,press_specifications,2024 Kona Electric Specifications,https://www.hyundainews.com/assets/documents/original/57132-2024KonaElectricSpecs0505232.pdf,200,125332,37017f1196b46432ec0ab4d7aa3b1d84232842fe277073182465d01be6dd4825,2026-10-02T12:08:22+00:00,press/www.hyundainews.com/57132-2024KonaElectricSpecs0505232.pdf,ok,Kona Electric (tab 'Specifications' of /models/hyundai-kona-2024-kona_electric); 7 PDF pages
hyundai,hyundai/kona,2025,press_index,model page hyundai-kona-2025-kona,https://www.hyundainews.com/api/models/hyundai-kona-2025-kona,200,47604,dd529eae709a77b47d243c7d7d734430770d10a82035a3f4526563c37f48fc8b,2026-10-02T12:08:27+00:00,press/www.hyundainews.com/api/models_hyundai-kona-2025-kona.json.gz,ok,
hyundai,hyundai/kona,2025,press_index,press kit 2025-kona-overview,https://www.hyundainews.com/api/press-kits/2025-kona-overview,200,5797,213716d5d65d17d76ea2cb709f536be45f3ffb73bd1ad18834657c4ccc9d3331,2026-10-02T12:08:30+00:00,press/www.hyundainews.com/api/press-kits_2025-kona-overview.json.gz,ok,
hyundai,hyundai/kona,2025,press_index,model page hyundai-kona-2025-kona_electric,https://www.hyundainews.com/api/models/hyundai-kona-2025-kona_electric,200,49137,c29c8e415e629f37838ff13f31134c71f7d54d2af52b687d0ce878f08387874e,2026-10-02T12:08:36+00:00,press/www.hyundainews.com/api/models_hyundai-kona-2025-kona_electric.json.gz,ok,
hyundai,hyundai/kona,2025,press_index,press kit 2025-kona-electric-overview,https://www.hyundainews.com/api/press-kits/2025-kona-electric-overview,200,7645,b0d5ef8cb5223ec0882fcb7102511f50dde2ec32c1e4bb489bc5323d0a483348,2026-10-02T12:08:39+00:00,press/www.hyundainews.com/api/press-kits_2025-kona-electric-overview.json.gz,ok,
hyundai,hyundai/kona,2025,press_specifications,2025 Kona | Specifications & Features,https://www.hyundainews.com/assets/documents/original/62615-2025KonaSpecsFeatures071224.pdf,200,472582,efa3e0e1dff09feb78a5904d683ba80c86619e36292efcb8adfb24e34642f281,2026-10-02T12:08:44+00:00,press/www.hyundainews.com/62615-2025KonaSpecsFeatures071224.pdf,ok,KONA (tab 'Specs and Features' of /models/hyundai-kona-2025-kona); 20 PDF pages
hyundai,hyundai/kona,2025,press_specifications,2025 Kona Electric | Specifications & Features,https://www.hyundainews.com/assets/documents/original/62614-2025KonaElectricSpecsFeatures071924.pdf,200,420825,fb7fa03e189a7f4710c27dc8a2e8a1805316ec1cf246d998d1814b9f1a451337,2026-10-02T12:08:50+00:00,press/www.hyundainews.com/62614-2025KonaElectricSpecsFeatures071924.pdf,ok,KONA Electric (tab 'Specs and Features' of /models/hyundai-kona-2025-kona_electric); 21 PDF pages
hyundai,hyundai/kona,2026,press_index,model page hyundai-kona-2026-kona,https://www.hyundainews.com/api/models/hyundai-kona-2026-kona,200,78659,9d2542fd91c2160622af33ea0f5418b1f534c9b5aded59717e506174ba686b00,2026-10-02T12:08:55+00:00,press/www.hyundainews.com/api/models_hyundai-kona-2026-kona.json.gz,ok,
hyundai,hyundai/kona,2026,press_index,press kit 2026-kona-overview,https://www.hyundainews.com/api/press-kits/2026-kona-overview,200,23904,43673bc6345764738e88b6c92359aa290f43af1f6bf0fc529232573450489135,2026-10-02T12:08:57+00:00,press/www.hyundainews.com/api/press-kits_2026-kona-overview.json.gz,ok,
hyundai,hyundai/kona,2026,press_specifications,2026 Kona | Specs & Features,https://www.hyundainews.com/assets/documents/original/67178-2026KonaSpecsFeatures20250613.pdf,200,444038,9e85546023f062aa07e3c2669d7cdf7bab094ebb626109e9f58640e4f1ce8cde,2026-10-02T12:09:03+00:00,press/www.hyundainews.com/67178-2026KonaSpecsFeatures20250613.pdf,ok,KONA (tab 'Specs and Features' of /models/hyundai-kona-2026-kona); 21 PDF pages
hyundai,,,robots,robots.txt,https://www.hyundainews.com/robots.txt,200,75,f6f9199c9b855cd434eca2b82415f5b0f851f71cbd82bfc333063fd9b5f12bf9,2026-10-02T12:13:27+00:00,press/www.hyundainews.com/robots.txt.gz,ok,no rule against the pages used
