date,title,url,lines,year,decision,source
"March 6, 2018",2019 Mercedes-AMG GT 4-Door Coupe Quick Reference Guide,https://media.mbusa.com/news/2019-mercedes-amg-gt-4-door-coupe-quick-reference-guide,mercedes-benz/amg-gt-4-door,2019,candidate,all-amg-news-media
"August 14, 2018",2019 Mercedes-AMG GT 53 4-Door Coupe Specifications,https://media.mbusa.com/news/2019-mercedes-amg-gt-53-4-door-coupe-specifications,mercedes-benz/amg-gt-4-door,2019,candidate,all-gt-news-media
"January 18, 2019",2019 Mercedes-AMG GT 63 & GT 63 S 4-Door Coupe,https://media.mbusa.com/news/2019-mercedes-amg-gt-63-gt-63-s-4-door-coupe,mercedes-benz/amg-gt-4-door,2019,candidate,all-amg-news-media
"August 14, 2018",2019 Mercedes-AMG GT 63 & GT 63 S 4-Door Coupe Specifications,https://media.mbusa.com/news/2019-mercedes-amg-gt-63-gt-63-s-4-door-coupe-specifications,mercedes-benz/amg-gt-4-door,2019,candidate,all-gt-news-media
"June 21, 2019",2020 Mercedes-AMG GT 4-Door Coupe Quick Reference Guide,https://media.mbusa.com/news/2020-mercedes-amg-gt-4-door-coupe-quick-reference-guide,mercedes-benz/amg-gt-4-door,2020,candidate,all-amg-news-media
"June 21, 2019",2020 Mercedes-AMG GT 53 4-Door Coupe Specifications,https://media.mbusa.com/news/2020-mercedes-amg-gt-53-4-door-coupe-specifications,mercedes-benz/amg-gt-4-door,2020,candidate,all-amg-news-media
"June 21, 2019",2020 Mercedes-AMG GT 63 & GT 63 S 4-Door Coupe Specifications,https://media.mbusa.com/news/2020-mercedes-amg-gt-63-gt-63-s-4-door-coupe-specifications,mercedes-benz/amg-gt-4-door,2020,candidate,all-amg-news-media
"September 11, 2020",2021 Mercedes-AMG GT 4-Door Coupe Quick Reference Guide,https://media.mbusa.com/news/2021-mercedes-amg-gt-4-door-coupe-quick-reference-guide,mercedes-benz/amg-gt-4-door,2021,candidate,all-gt-news-media
"April 13, 2021",2021 Mercedes-AMG GT 43 4-Door Coupe Specifications,https://media.mbusa.com/news/2021-mercedes-amg-gt-43-4-door-coupe-specifications,mercedes-benz/amg-gt-4-door,2021,candidate,all-amg-news-media
"September 9, 2024",2024 Mercedes-AMG GT 63 S E PERFORMANCE 4-Door Coupe Quick Reference Guide,https://media.mbusa.com/news/2024-mercedes-amg-gt-63-s-e-performance-4-door-coupe-quick-reference-guide,mercedes-benz/amg-gt-4-door,2024,candidate,all-amg-news-media
"February 3, 2025",2025 Mercedes-AMG GT 63 S E PERFORMANCE 4-Door Coupe Quick Reference Guide,https://media.mbusa.com/news/2025-mercedes-amg-gt-63-s-e-performance-4-door-coupe-quick-reference-guide,mercedes-benz/amg-gt-4-door,2025,candidate,all-amg-news-media
"September 22, 2016",2017 C-Class Cabriolet Quick Reference Guide,https://media.mbusa.com/news/2017-c-class-cabriolet-quick-reference-guide-2,mercedes-benz/c-class,2017,candidate,all-amg-news-media
"September 22, 2016",2017 C-Class Coupe Quick Reference Guide,https://media.mbusa.com/news/2017-c-class-coupe-quick-reference-guide,mercedes-benz/c-class,2017,candidate,all-amg-news-media
"September 22, 2016",2017 C-Class Sedan Quick Reference Guide,https://media.mbusa.com/news/2017-c-class-sedan-quick-reference-guide,mercedes-benz/c-class,2017,candidate,all-amg-news-media
"September 22, 2016",2017 Mercedes-AMG C43 Cabriolet Specifications,https://media.mbusa.com/news/2017-mercedes-amg-c43-cabriolet-specifications,mercedes-benz/c-class,2017,candidate,all-amg-news-media
"September 22, 2016",2017 Mercedes-AMG C43 Coupe Specifications,https://media.mbusa.com/news/2017-mercedes-amg-c43-coupe-specifications-1,mercedes-benz/c-class,2017,candidate,all-amg-news-media
"September 22, 2016",2017 Mercedes-AMG C43 Sedan Specifications,https://media.mbusa.com/news/2017-mercedes-amg-c43-sedan-specifications,mercedes-benz/c-class,2017,candidate,all-amg-news-media
"September 22, 2016",2017 Mercedes-AMG C63 Cabrio and C63 S Cabrio Specifications,https://media.mbusa.com/news/2017-mercedes-amg-c63-cabrio-and-c63-s-cabrio-specifications,mercedes-benz/c-class,2017,candidate,all-amg-news-media
"September 22, 2016",2017 Mercedes-AMG C63 Coupe and C63 S Coupe Specifications,https://media.mbusa.com/news/2017-mercedes-amg-c63-coupe-and-c63-s-coupe-specifications-1,mercedes-benz/c-class,2017,candidate,all-amg-news-media
"September 22, 2016",2017 Mercedes-AMG C63 Sedan and C63 S Sedan Specifications,https://media.mbusa.com/news/2017-mercedes-amg-c63-sedan-and-c63-s-sedan-specifications,mercedes-benz/c-class,2017,candidate,all-amg-news-media
"September 22, 2016",2017 Mercedes-Benz C300 Cabriolet and C300 4MATIC Cabriolet Specifications,https://media.mbusa.com/news/2017-mercedes-benz-c300-cabriolet-and-c300-4matic-cabriolet,mercedes-benz/c-class,2017,candidate,all-c-class-news-media
"September 22, 2016",2017 Mercedes-Benz C300 Coupe Quick Reference Guide,https://media.mbusa.com/news/quick-reference-guide-2017-c300-coupe,mercedes-benz/c-class,2017,candidate,all-c-class-news-media
"September 22, 2016",2017 Mercedes-Benz C300 Coupe and C300 4MATIC Coupe Specifications,https://media.mbusa.com/news/2017-mercedes-benz-c300-coupe-and-c300-4matic-coupe-specifications-1,mercedes-benz/c-class,2017,candidate,all-c-class-news-media
"September 22, 2016",2017 Mercedes-Benz C300 Sedan and C300 4MATIC Sedan Specifications,https://media.mbusa.com/news/2017-mercedes-benz-c300-sedan-and-c300-4matic-sedan-specifications,mercedes-benz/c-class,2017,candidate,all-c-class-news-media
"September 22, 2016",2017 Mercedes-Benz C350e Sedan Specifications,https://media.mbusa.com/news/2017-mercedes-benz-c350e-sedan-specifications,mercedes-benz/c-class,2017,candidate,all-c-class-news-media
"August 3, 2017",2018 C-Class Cabriolet Quick Reference Guide,https://media.mbusa.com/news/2018-c-class-cabriolet-quick-reference-guide,mercedes-benz/c-class,2018,candidate,all-c-class-news-media
"August 3, 2017",2018 C-Class Coupe Quick Reference Guide,https://media.mbusa.com/news/quick-reference-guide-2018-c-class-coupe,mercedes-benz/c-class,2018,candidate,all-amg-news-media
"August 3, 2017",2018 C-Class Sedan Quick Reference Guide,https://media.mbusa.com/news/2018-c-class-sedan-quick-reference-guide,mercedes-benz/c-class,2018,candidate,all-amg-news-media
"August 3, 2017",2018 Mercedes-AMG C 43 Coupe Specifications,https://media.mbusa.com/news/specs-2018-mercedes-amg-c43-coupe,mercedes-benz/c-class,2018,candidate,all-amg-news-media
"August 3, 2017",2018 Mercedes-AMG C 63 Coupe and C 63 S Coupe Specifications,https://media.mbusa.com/news/specs-2018-mercedes-amg-c63-coupe-and-c63-s-coupe,mercedes-benz/c-class,2018,candidate,all-amg-news-media
"August 3, 2017",2018 Mercedes-AMG C43 Cabriolet Specifications,https://media.mbusa.com/news/2018-mercedes-amg-c43-cabriolet-specifications,mercedes-benz/c-class,2018,candidate,all-amg-news-media
"August 3, 2017",2018 Mercedes-AMG C43 Sedan Sedan Specifications,https://media.mbusa.com/news/2018-mercedes-amg-c43-sedan,mercedes-benz/c-class,2018,candidate,all-c-class-news-media
"August 3, 2017",2018 Mercedes-AMG C63 Cabrio and C63 S Cabrio Specifications,https://media.mbusa.com/news/2018-mercedes-amg-c63-cabrio-and-c63-s-cabrio-specifications,mercedes-benz/c-class,2018,candidate,all-amg-news-media
"August 3, 2017",2018 Mercedes-AMG C63 Sedan and C63 S Sedan Specifications,https://media.mbusa.com/news/2018-mercedes-amg-c63-sedan-and-c63-s-sedan,mercedes-benz/c-class,2018,candidate,all-amg-news-media
"August 3, 2017",2018 Mercedes-Benz C 300 Cabriolet and C 300 4MATIC Cabriolet Specifications,https://media.mbusa.com/news/2018-mercedes-benz-c300-cabriolet-and-c300-4matic-cabriolet-specifications,mercedes-benz/c-class,2018,candidate,all-amg-news-media
"August 3, 2017",2018 Mercedes-Benz C 300 Coupe and C 300 4MATIC Coupe Specifications,https://media.mbusa.com/news/2018-mercedes-benz-c300-coupe-and-c300-4matic-coupe-specifications,mercedes-benz/c-class,2018,candidate,all-c-class-news-media
"August 3, 2017",2018 Mercedes-Benz C350e Sedan Specifications,https://media.mbusa.com/news/2018-mercedes-benz-c350e-sedan,mercedes-benz/c-class,2018,candidate,all-c-class-news-media
"March 20, 2018",2019 C-Class Cabriolet Quick Reference Guide,https://media.mbusa.com/news/2019-c-class-cabriolet-quick-reference-guide,mercedes-benz/c-class,2019,candidate,all-c-class-news-media
"March 20, 2018",2019 C-Class Coupe Quick Reference Guide,https://media.mbusa.com/news/2019-c-class-coupe-quick-reference-guide,mercedes-benz/c-class,2019,candidate,all-c-class-news-media
"February 13, 2018",2019 C-Class Sedan Quick Reference Guide,https://media.mbusa.com/news/2019-c-class-sedan-quick-reference-guide-qrg,mercedes-benz/c-class,2019,candidate,all-c-class-news-media
"July 2, 2018",2019 Mercedes-Benz C 300 and C 300 4MATIC Cabriolet,https://media.mbusa.com/news/2019-mercedes-benz-c-300-and-c-300-4matic-cabriolet,mercedes-benz/c-class,2019,candidate,all-c-class-news-media
"July 10, 2018",2019 Mercedes-Benz C 300 and C 300 4MATIC Coupe,https://media.mbusa.com/news/2019-mercedes-benz-c-300-and-c-300-4matic-coupe,mercedes-benz/c-class,2019,candidate,all-c-class-news-media
"July 10, 2018",2019 Mercedes-Benz C 300 and C 300 4MATIC Sedan,https://media.mbusa.com/news/2019-mercedes-benz-c-300-and-c-300-4matic-sedan,mercedes-benz/c-class,2019,candidate,all-c-class-news-media
"June 21, 2019",2020 C-Class Cabriolet Quick Reference Guide,https://media.mbusa.com/news/2020-c-class-cabriolet,mercedes-benz/c-class,2020,candidate,all-c-class-news-media
"September 4, 2020",2021 C-Class Cabriolet Quick Reference Guide,https://media.mbusa.com/news/2021-c-class-cabriolet-quick-reference-guide,mercedes-benz/c-class,2021,candidate,all-c-class-news-media
"September 4, 2020",2021 C-Class Coupe Quick Reference Guide,https://media.mbusa.com/news/2021-c-class-coupe-quick-reference-guide,mercedes-benz/c-class,2021,candidate,search Quick Reference Guide
"September 4, 2020",2021 C-Class Sedan Quick Reference Guide,https://media.mbusa.com/news/2021-c-class-sedan-quick-reference-guide,mercedes-benz/c-class,2021,candidate,all-c-class-news-media
"July 30, 2021",2022 C-Class Cabriolet Quick Reference Guide,https://media.mbusa.com/news/2022-c-class-cabriolet-quick-reference-guide,mercedes-benz/c-class,2022,candidate,all-c-class-news-media
"July 30, 2021",2022 C-Class Coupe Quick Reference Guide,https://media.mbusa.com/news/2022-c-class-coupe-quick-reference-guide,mercedes-benz/c-class,2022,candidate,all-c-class-news-media
"February 23, 2021",2022 Mercedes-Benz C-Class Sedan Quick Reference Guide,https://media.mbusa.com/news/2022-mercedes-benz-c-class-sedan-quick-reference-guide,mercedes-benz/c-class,2022,candidate,all-c-class-news-media
"April 26, 2022",2023 Mercedes-AMG C-Class Sedan Quick Reference Guide,https://media.mbusa.com/news/2023-mercedes-amg-c-class-sedan-quick-reference-guide,mercedes-benz/c-class,2023,candidate,all-c-class-news-media
"August 7, 2024",2024 Mercedes-AMG C 63 S E PERFORMANCE Quick Reference Guide,https://media.mbusa.com/news/2024-mercedes-amg-c-63-s-e-performance-quick-reference-guide,mercedes-benz/c-class,2024,candidate,all-amg-news-media
"September 22, 2016",2017 CLA Quick Reference Guide,https://media.mbusa.com/news/2017-cla-quick-reference-guide,mercedes-benz/cla,2017,candidate,all-amg-news-media
"September 22, 2016",2017 Mercedes-AMG CLA45 Coupe Specifications,https://media.mbusa.com/news/2017-mercedes-amg-cla45-coupe-specifications,mercedes-benz/cla,2017,candidate,all-amg-news-media
"September 22, 2016",2017 Mercedes-Benz CLA250 Coupe and CLA250 4MATIC Coupe Specifications,https://media.mbusa.com/news/2017-mercedes-benz-cla250-coupe-and-cla250-4matic-coupe,mercedes-benz/cla,2017,candidate,all-cla-class-news-media
"August 3, 2017",2018 Mercedes-AMG CLA 45 Coupe Specifications,https://media.mbusa.com/news/specs-2018-amg-cla45,mercedes-benz/cla,2018,candidate,all-amg-news-media
"August 3, 2017",2018 Mercedes-Benz CLA,https://media.mbusa.com/news/2018-cla,mercedes-benz/cla,2018,candidate,all-cla-class-news-media
"August 3, 2017",2018 Mercedes-Benz CLA 250 Coupe Specifications,https://media.mbusa.com/news/specs-2018-cla250,mercedes-benz/cla,2018,candidate,all-cla-class-news-media
"August 3, 2017",2018 Mercedes-Benz CLA Coupe Quick Reference Guide,https://media.mbusa.com/news/quick-reference-guide-2018-cla,mercedes-benz/cla,2018,candidate,all-amg-news-media
"June 12, 2018",2019 CLA Coupe Quick Reference Guide,https://media.mbusa.com/news/2019-cla-coupe-quick-reference-guide,mercedes-benz/cla,2019,candidate,all-cla-class-news-media
"June 12, 2018",2019 Mercedes-AMG CLA 45 Coupe Specifications,https://media.mbusa.com/news/2019-mercedes-amg-cla-45-coupe-specifications,mercedes-benz/cla,2019,candidate,all-cla-class-news-media
"June 12, 2018",2019 Mercedes-Benz CLA 250 Coupe and CLA 250 4MATIC Coupe Specifications,https://media.mbusa.com/news/2019-mercedes-benz-cla-250-coupe-and-cla-250-4matic-coupe-specifications,mercedes-benz/cla,2019,candidate,all-cla-class-news-media
"April 8, 2019",2020 CLA 35 Coupe Quick Reference Guide,https://media.mbusa.com/news/2020-cla-35-coupe-quick-reference-guide,mercedes-benz/cla,2020,candidate,all-amg-news-media
"July 4, 2019",2020 CLA Coupe Quick Reference Guide,https://media.mbusa.com/news/2020-cla-coupe-quick-reference-guide,mercedes-benz/cla,2020,candidate,all-cla-class-news-media
"December 9, 2019",2020 Mercedes-AMG CLA 35 Coupe,https://media.mbusa.com/news/2020-mercedes-amg-cla-35-coupe,mercedes-benz/cla,2020,candidate,all-cla-class-news-media
"July 22, 2020",2020 Mercedes-AMG CLA 35 Coupe Specifications,https://media.mbusa.com/news/2020-mercedes-amg-cla-35-coupe-specifications,mercedes-benz/cla,2020,candidate,all-amg-news-media
"July 22, 2020",2020 Mercedes-AMG CLA 45 Coupe Specifications,https://media.mbusa.com/news/2020-mercedes-amg-cla-45-coupe-specifications,mercedes-benz/cla,2020,candidate,all-amg-news-media
"October 23, 2019",2020 Mercedes-Benz CLA 250 Coupe and CLA 250 4MATIC Coupe,https://media.mbusa.com/news/2020-mercedes-benz-cla-250-coupe-and-cla-250-4matic-coupe,mercedes-benz/cla,2020,candidate,all-cla-class-news-media
"September 4, 2020",2021 CLA Coupe Quick Reference Guide,https://media.mbusa.com/news/2021-cla-coupe-quick-reference-guide,mercedes-benz/cla,2021,candidate,all-cla-class-news-media
"July 30, 2021",2022 CLA Coupe Quick Reference Guide,https://media.mbusa.com/news/2022-cla-coupe-quick-reference-guide,mercedes-benz/cla,2022,candidate,all-cla-class-news-media
"December 15, 2025",2026 Mercedes-Benz CLA Electric Quick Reference Guide,https://media.mbusa.com/news/2026-mercedes-benz-cla-all-electric-quick-reference-guide,mercedes-benz/cla,2026,candidate,all-cla-class-news-media
"February 4, 2025",2024 Mercedes-AMG CLE 53 Coupe Quick Reference Guide,https://media.mbusa.com/news/2024-mercedes-amg-cle-53-coupe-quick-reference-guide,mercedes-benz/cle,2024,candidate,all-amg-news-media
"April 18, 2024",2024 Mercedes-Benz CLE Cabriolet Quick Reference Guide,https://media.mbusa.com/news/2024-mercedes-benz-cle-cabriolet-quick-reference-guide,mercedes-benz/cle,2024,candidate,all-cle-news-media
"June 6, 2024",2024 Mercedes-Benz CLE Coupe,https://media.mbusa.com/news/2024-mercedes-benz-cle-coupe,mercedes-benz/cle,2024,candidate,all-cle-news-media
"January 30, 2025",2025 Mercedes-AMG CLE 53 Cabriolet Quick Reference Guide,https://media.mbusa.com/news/2025-mercedes-amg-cle-53-cabriolet-quick-reference-guide,mercedes-benz/cle,2025,candidate,all-amg-news-media
"February 4, 2025",2025 Mercedes-AMG CLE 53 Coupe Quick Reference Guide,https://media.mbusa.com/news/2025-mercedes-amg-cle-53-coupe-quick-reference-guide,mercedes-benz/cle,2025,candidate,all-amg-news-media
"May 19, 2026",2026 Mercedes-AMG CLE 53 Cabriolet Quick Reference Guide,https://media.mbusa.com/news/2026-mercedes-amg-cle-53-cabriolet-quick-reference-guide,mercedes-benz/cle,2026,candidate,search Quick Reference Guide
"May 21, 2026",2026 Mercedes-Benz CLE Cabriolet Quick Reference Guide,https://media.mbusa.com/news/2026-mercedes-benz-cle-cabriolet-quick-reference-guide,mercedes-benz/cle,2026,candidate,all-cle-news-media
"May 21, 2026",2026 Mercedes-Benz CLE Coupe Quick Reference Guide,https://media.mbusa.com/news/2026-mercedes-benz-cle-coupe-quick-reference-guide,mercedes-benz/cle,2026,candidate,all-cle-news-media
"September 22, 2016",2017 CLS Quick Reference Guide,https://media.mbusa.com/news/2017-cls-quick-reference-guide,mercedes-benz/cls,2017,candidate,all-amg-news-media
"September 22, 2016",2017 Mercedes-AMG CLS63 S Coupe Specifications,https://media.mbusa.com/news/2017-mercedes-amg-cls63-s-coupe-specifications,mercedes-benz/cls,2017,candidate,all-amg-news-media
"September 22, 2016",2017 Mercedes-Benz CLS400 Coupe and CLS400 4MATIC Coupe Specifications,https://media.mbusa.com/news/2017-mercedes-benz-cls400-coupe-and-cls400-4matic-coupe-specifications,mercedes-benz/cls,2017,candidate,all-cls-class-news-media
"September 22, 2016",2017 Mercedes-Benz CLS550 Coupe and CLS550 4MATIC Coupe Specifications,https://media.mbusa.com/news/2017-mercedes-benz-cls550-coupe-and-cls550-4matic-coupe-specifications,mercedes-benz/cls,2017,candidate,all-cls-class-news-media
"August 3, 2017",2018 CLS Coupe Quick Reference Guide,https://media.mbusa.com/news/2018-cls-coupe-quick-reference-guide,mercedes-benz/cls,2018,candidate,all-amg-news-media
"August 3, 2017",2018 Mercedes-AMG CLS63 S Coupe Specifications,https://media.mbusa.com/news/2018-mercedes-amg-cls63-s-coupe,mercedes-benz/cls,2018,candidate,all-amg-news-media
"August 3, 2017",2018 Mercedes-Benz CLS,https://media.mbusa.com/news/the-mercedes-benz-cls,mercedes-benz/cls,2018,candidate,all-cls-class-news-media
"August 3, 2017",2018 Mercedes-Benz CLS550 Coupe and CLS550 4MATIC Coupe Specifications,https://media.mbusa.com/news/2018-mercedes-benz-cls550-coupe-and-cls550-4matic-coupe,mercedes-benz/cls,2018,candidate,all-cls-class-news-media
"November 29, 2017",2019 CLS Quick Reference Guide,https://media.mbusa.com/news/2019-cls-quick-reference-guide,mercedes-benz/cls,2019,candidate,all-cls-class-news-media
"August 9, 2018",2019 Mercedes-AMG CLS 53 Coupe,https://media.mbusa.com/news/2019-mercedes-amg-cls-53-coupe,mercedes-benz/cls,2019,candidate,all-amg-news-media
"May 7, 2018",2019 Mercedes-Benz CLS 450 Coupe and CLS 450 4MATIC Coupe Specifications,https://media.mbusa.com/news/2019-mercedes-benz-cls-450-coupe-and-cls-450-4matic-coupe,mercedes-benz/cls,2019,candidate,all-cls-class-news-media
"June 21, 2019",2020 CLS Coupe Quick Reference Guide,https://media.mbusa.com/news/2020-cls-coupe-quick-reference-guide,mercedes-benz/cls,2020,candidate,all-cls-class-news-media
"June 21, 2019",2020 Mercedes-AMG CLS 53 Coupe,https://media.mbusa.com/news/2020-mercedes-amg-cls-53-coupe,mercedes-benz/cls,2020,candidate,all-cls-class-news-media
"June 21, 2019",2020 Mercedes-Benz CLS 450 Coupe and CLS 450 4MATIC Coupe,https://media.mbusa.com/news/2020-mercedes-benz-cls-450-coupe-and-cls-450-4matic-coupe,mercedes-benz/cls,2020,candidate,all-cls-class-news-media
"April 6, 2021",2022 Mercedes-Benz CLS Quick Reference Guide,https://media.mbusa.com/news/2022-mercedes-benz-cls-quick-reference-guide,mercedes-benz/cls,2022,candidate,all-cls-class-news-media
"September 22, 2016",2017 Mercedes-Benz E-Class Cabriolet Quick Reference Guide,https://media.mbusa.com/news/quick-reference-guide-2017-e-class-cabriolet,mercedes-benz/e-class,2017,candidate,all-e-class-news-media
"September 22, 2016",2017 Mercedes-Benz E-Class Coupe Quick Reference Guide,https://media.mbusa.com/news/2017-mercedes-benz-e-class-cabriolet-quick-reference-guide,mercedes-benz/e-class,2017,candidate,all-e-class-news-media
"September 23, 2016",2017 Mercedes-Benz E300 and E300 4MATIC Sedan Specifications,https://media.mbusa.com/news/2017-mercedes-benz-e300-and-e300-4matic-sedan-specifications,mercedes-benz/e-class,2017,candidate,all-e-class-news-media
"September 22, 2016",2017 Mercedes-Benz E400 Cabriolet Specifications,https://media.mbusa.com/news/2017-mercedes-benz-e400-cabriolet-specifications,mercedes-benz/e-class,2017,candidate,all-e-class-news-media
"September 22, 2016",2017 Mercedes-Benz E400 Coupe and E400 4MATIC Coupe Specifications,https://media.mbusa.com/news/2017-mercedes-benz-e400-coupe-and-e400-4matic-coupe-specifications,mercedes-benz/e-class,2017,candidate,all-e-class-news-media
"February 10, 2017",2017 Mercedes-Benz E400 Wagon Specifications,https://media.mbusa.com/news/2017-mercedes-benz-e400-wagon-specifications,mercedes-benz/e-class,2017,candidate,all-e-class-news-media
"January 31, 2017",2017 Mercedes-Benz E43 Sedan Specifications,https://media.mbusa.com/news/2017-mercedes-benz-e43-sedan-specifications,mercedes-benz/e-class,2017,candidate,all-amg-news-media
"September 22, 2016",2017 Mercedes-Benz E550 Cabriolet Specifications,https://media.mbusa.com/news/2017-mercedes-benz-e550-cabriolet-specifications,mercedes-benz/e-class,2017,candidate,all-e-class-news-media
"September 22, 2016",2017 Mercedes-Benz E550 Coupe Specifications,https://media.mbusa.com/news/2017-mercedes-benz-e550-coupe-specifications,mercedes-benz/e-class,2017,candidate,all-e-class-news-media
"September 23, 2016",2017-2018 E-Class Quick Reference Guide,https://media.mbusa.com/news/2017-e-class-quick-reference-guide-1,mercedes-benz/e-class,2017,candidate,all-amg-news-media
"February 1, 2017",2017/2018 E-Class Wagon Quick Reference Guide,https://media.mbusa.com/news/quick-reference-guide-20172018-e-class-wagon,mercedes-benz/e-class,2017,candidate,all-amg-news-media
"March 1, 2017",2018 E-Class Cabriolet Quick Reference Guide,https://media.mbusa.com/news/quick-reference-guide-2018-e-class-cabriolet,mercedes-benz/e-class,2018,candidate,all-e-class-news-media
"February 5, 2017",2018 E-Class Coupe Quick Reference Guide,https://media.mbusa.com/news/2018-e-class-coupe-quick-reference-guide,mercedes-benz/e-class,2018,candidate,all-e-class-news-media
"August 4, 2017",2018 E-Class Sedan Quick Reference Guide,https://media.mbusa.com/news/2018-e-class-sedan-quick-reference-guide,mercedes-benz/e-class,2018,candidate,all-amg-news-media
"August 4, 2017",2018 E-Class Wagon Quick Reference Guide,https://media.mbusa.com/news/2018-e-class-wagon-quick-reference-guide,mercedes-benz/e-class,2018,candidate,all-amg-news-media
"August 4, 2017",2018 Mercedes-AMG E 63 S Wagon Specifications,https://media.mbusa.com/news/2018-mercedes-amg-e63-s-wagon-specifications,mercedes-benz/e-class,2018,candidate,all-amg-news-media
"August 4, 2017",2018 Mercedes-AMG E43 Sedan Specifications,https://media.mbusa.com/news/2018-mercedes-amg-e43-sedan-specifications,mercedes-benz/e-class,2018,candidate,all-amg-news-media
"August 4, 2017",2018 Mercedes-AMG E63 S Sedan Specifications,https://media.mbusa.com/news/2018-mercedes-amg-e63-s-sedan-specifications,mercedes-benz/e-class,2018,candidate,all-amg-news-media
"May 3, 2017",2018 Mercedes-Benz E 400 Cabriolet and E 400 4MATIC Cabriolet Specifications,https://media.mbusa.com/news/2018-mercedes-benz-e400-cabriolet-and-e400-4matic-cabriolet,mercedes-benz/e-class,2018,candidate,all-e-class-news-media
"February 13, 2017",2018 Mercedes-Benz E 400 Coupe and E 400 4MATIC Coupe Specifications,https://media.mbusa.com/news/2018-mercedes-benz-e400-coupe-and-e400-4matic-coupe-specifications,mercedes-benz/e-class,2018,candidate,all-e-class-news-media
"August 4, 2017",2018 Mercedes-Benz E 400 Wagon Specifications,https://media.mbusa.com/news/2018-mercedes-benz-e400-wagon-specifications,mercedes-benz/e-class,2018,candidate,all-e-class-news-media
"February 25, 2017",2018 Mercedes-Benz E-Class Cabriolet,https://media.mbusa.com/news/2018-mercedes-benz-e-class-cabriolet,mercedes-benz/e-class,2018,candidate,all-e-class-news-media
"August 4, 2017",2018 Mercedes-Benz E300 and E300 4MATIC Sedan Specifications,https://media.mbusa.com/news/2018-mercedes-benz-e300-and-e300-4matic-sedan-specifications,mercedes-benz/e-class,2018,candidate,all-e-class-news-media
"August 4, 2017",2018 Mercedes-Benz E400 4MATIC Sedan Specifications,https://media.mbusa.com/news/2018-mercedes-benz-e400-4matic-sedan-specifications,mercedes-benz/e-class,2018,candidate,all-e-class-news-media
"August 9, 2018",2019 E-Class Cabriolet Quick Reference Guide,https://media.mbusa.com/news/2019-e-class-cabriolet-quick-reference-guide,mercedes-benz/e-class,2019,candidate,all-amg-news-media
"August 9, 2018",2019 E-Class Coupe Quick Reference Guide,https://media.mbusa.com/news/2019-e-class-coupe-quick-reference-guide,mercedes-benz/e-class,2019,candidate,all-e-class-news-media
"August 9, 2018",2019 E-Class Sedan Quick Reference Guide,https://media.mbusa.com/news/2019-e-class-sedan-quick-reference-guide,mercedes-benz/e-class,2019,candidate,all-e-class-news-media
"September 6, 2018",2019 E-Class Wagon Quick Reference Guide,https://media.mbusa.com/news/2019-e-class-wagon-quick-reference-guide,mercedes-benz/e-class,2019,candidate,all-e-class-news-media
"August 9, 2018",2019 Mercedes-AMG E 53 Cabriolet Specifications,https://media.mbusa.com/news/2019-mercedes-amg-e-53-cabriolet-specifications,mercedes-benz/e-class,2019,candidate,all-amg-news-media
"August 9, 2018",2019 Mercedes-AMG E 53 Coupe Specifications,https://media.mbusa.com/news/2019-mercedes-amg-e-53-coupe-specifications,mercedes-benz/e-class,2019,candidate,all-amg-news-media
"August 9, 2018",2019 Mercedes-AMG E 53 Sedan Specifications,https://media.mbusa.com/news/2019-mercedes-amg-e-53-sedan-specifications,mercedes-benz/e-class,2019,candidate,all-e-class-news-media
"August 9, 2018",2019 Mercedes-AMG E 63 S Sedan Specification,https://media.mbusa.com/news/2019-mercedes-amg-e-63-s-sedan-specification,mercedes-benz/e-class,2019,candidate,all-e-class-news-media
"August 9, 2018",2019 Mercedes-Benz E 300 and E 300 4MATIC Sedan Specifications,https://media.mbusa.com/news/2019-mercedes-benz-e-300-and-e-300-4matic-sedan-specifications,mercedes-benz/e-class,2019,candidate,all-e-class-news-media
"August 9, 2018",2019 Mercedes-Benz E 450 4MATIC Sedan Specifications,https://media.mbusa.com/news/2019-mercedes-benz-e-450-4matic-sedan-specifications,mercedes-benz/e-class,2019,candidate,all-e-class-news-media
"September 6, 2018",2019 Mercedes-Benz E 450 Wagon Specifications,https://media.mbusa.com/news/2019-mercedes-benz-e-450-wagon,mercedes-benz/e-class,2019,candidate,all-e-class-news-media
"August 9, 2018",2019 Mercedes-Benz E 450 and E 450 4MATIC Cabriolet Specifications,https://media.mbusa.com/news/2019-mercedes-benz-e-450-and-e-450-4matic-cabriolet-specifications,mercedes-benz/e-class,2019,candidate,all-amg-news-media
"August 9, 2018",2019 Mercedes-Benz E 450 and E 450 4MATIC Coupe Specifications,https://media.mbusa.com/news/2019-mercedes-benz-e-450-and-e-450-4matic-coupe-specifications,mercedes-benz/e-class,2019,candidate,all-amg-news-media
"June 21, 2019",2020 E-Class Cabriolet Quick Reference Guide,https://media.mbusa.com/news/2020-e-class-cabriolet-quick-reference-guide,mercedes-benz/e-class,2020,candidate,search Quick Reference Guide
"June 21, 2019",2020 E-Class Coupe Quick Reference Guide,https://media.mbusa.com/news/2020-e-class-coupe-quick-reference-guide,mercedes-benz/e-class,2020,candidate,all-e-class-news-media
"June 21, 2019",2020 E-Class Sedan Quick Reference Guide,https://media.mbusa.com/news/2020-e-class-sedan-quick-reference-guide,mercedes-benz/e-class,2020,candidate,all-e-class-news-media
"June 21, 2019",2020 E-Class Wagon Quick Reference Guide,https://media.mbusa.com/news/2020-e-class-wagon-quick-reference-guide,mercedes-benz/e-class,2020,candidate,all-e-class-news-media
"June 21, 2019",2020 Mercedes-AMG E 53 Cabrio,https://media.mbusa.com/news/2020-mercedes-amg-e-53-cabrio,mercedes-benz/e-class,2020,candidate,search Specifications
"August 9, 2019",2020 Mercedes-AMG E 53 Coupe,https://media.mbusa.com/news/2020-mercedes-amg-e-53-coupe,mercedes-benz/e-class,2020,candidate,all-amg-news-media
"June 21, 2019",2020 Mercedes-AMG E 53 Sedan,https://media.mbusa.com/news/2020-mercedes-amg-e-53-sedan,mercedes-benz/e-class,2020,candidate,all-e-class-news-media
"June 21, 2019",2020 Mercedes-AMG E 63 S Sedan,https://media.mbusa.com/news/2020-mercedes-amg-e-63-s-sedan,mercedes-benz/e-class,2020,candidate,all-amg-news-media
"June 21, 2019",2020 Mercedes-AMG E 63 S Wagon,https://media.mbusa.com/news/2020-mercedes-amg-e-63-s-wagon,mercedes-benz/e-class,2020,candidate,search Specifications
"June 21, 2019",2020 Mercedes-Benz E 350 and E 350 4MATIC Sedan,https://media.mbusa.com/news/2020-mercedes-benz-e-350-and-e-350-4matic-sedan,mercedes-benz/e-class,2020,candidate,all-e-class-news-media
"June 21, 2019",2020 Mercedes-Benz E 450 4MATIC Sedan,https://media.mbusa.com/news/2020-mercedes-benz-e-450-4matic-sedan,mercedes-benz/e-class,2020,candidate,all-e-class-news-media
"June 21, 2019",2020 Mercedes-Benz E 450 4MATIC Wagon,https://media.mbusa.com/news/2020-mercedes-benz-e-450-4matic-wagon,mercedes-benz/e-class,2020,candidate,search Specifications
"June 21, 2019",2020 Mercedes-Benz E 450 and E 450 4MATIC Cabriolet,https://media.mbusa.com/news/2020-mercedes-benz-e-450-and-e-450-4matic-cabriolet,mercedes-benz/e-class,2020,candidate,search Specifications
"June 21, 2019",2020 Mercedes-Benz E 450 and E 450 4MATIC Coupe,https://media.mbusa.com/news/2020-mercedes-benz-e-450-and-e-450-4matic-coupe,mercedes-benz/e-class,2020,candidate,all-e-class-news-media
"May 26, 2020",2021 E-Class Cabriolet Quick Reference Guide,https://media.mbusa.com/news/2021-e-class-cabriolet-quick-reference-guide,mercedes-benz/e-class,2021,candidate,search Quick Reference Guide
"May 26, 2020",2021 E-Class Coupe Quick Reference Guide,https://media.mbusa.com/news/2021-e-class-coupe-quick-reference-guide,mercedes-benz/e-class,2021,candidate,search Quick Reference Guide
"April 13, 2021",2021 Mercedes-AMG E 53 Cabriolet Specifications,https://media.mbusa.com/news/2021-mercedes-amg-e-53-cabriolet-specifications,mercedes-benz/e-class,2021,candidate,all-amg-news-media
"April 13, 2021",2021 Mercedes-AMG E 53 Coupe Specifications,https://media.mbusa.com/news/2021-mercedes-amg-e-53-coupe-specifications,mercedes-benz/e-class,2021,candidate,all-amg-news-media
"April 13, 2021",2021 Mercedes-AMG E 53 Sedan Specifications,https://media.mbusa.com/news/2021-mercedes-amg-e-53-sedan-specifications,mercedes-benz/e-class,2021,candidate,all-amg-news-media
"April 13, 2021",2021 Mercedes-AMG E 63 S Sedan Specifications,https://media.mbusa.com/news/2021-mercedes-amg-e-63-s-sedan-specifications,mercedes-benz/e-class,2021,candidate,all-amg-news-media
"April 13, 2021",2021 Mercedes-AMG E 63 S Wagon Specifications,https://media.mbusa.com/news/2021-mercedes-amg-e-63-s-wagon-specifications,mercedes-benz/e-class,2021,candidate,all-amg-news-media
"August 4, 2020",2021 Mercedes-Benz E 350 and E 350 4MATIC Sedan,https://media.mbusa.com/news/2021-mercedes-benz-e-350-and-e-350-4matic-sedan,mercedes-benz/e-class,2021,candidate,all-e-class-news-media
"August 4, 2020",2021 Mercedes-Benz E 450 4MATIC Sedan,https://media.mbusa.com/news/2021-mercedes-benz-e-450-4matic-sedan,mercedes-benz/e-class,2021,candidate,all-e-class-news-media
"August 4, 2020",2021 Mercedes-Benz E 450 and E 450 4MATIC Cabriolet,https://media.mbusa.com/news/2021-mercedes-benz-e-450-and-e-450-4matic-cabriolet,mercedes-benz/e-class,2021,candidate,all-e-class-news-media
"March 3, 2020",2021 Mercedes-Benz E-Class All-Terrain and Wagon Quick Reference Guide,https://media.mbusa.com/news/2021-mercedes-benz-e-class-all-terrain-quick-reference-guide,mercedes-benz/e-class,2021,candidate,all-e-class-news-media
"March 3, 2020",2021 Mercedes-Benz E-Class Sedan Quick Reference Guide,https://media.mbusa.com/news/2021-mercedes-benz-e-class-sedan-quick-reference-guide,mercedes-benz/e-class,2021,candidate,all-e-class-news-media
"July 30, 2021",2022 E-Class All-Terrain Quick Reference Guide,https://media.mbusa.com/news/2022-e-class-all-terrain-quick-reference-guide,mercedes-benz/e-class,2022,candidate,all-e-class-news-media
"July 30, 2021",2022 E-Class Cabriolet Quick Reference Guide,https://media.mbusa.com/news/2022-e-class-cabriolet-quick-reference-guide,mercedes-benz/e-class,2022,candidate,all-e-class-news-media
"July 30, 2021",2022 E-Class Coupe Quick Reference Guide,https://media.mbusa.com/news/2022-e-class-coupe-quick-reference-guide,mercedes-benz/e-class,2022,candidate,all-e-class-news-media
"July 30, 2021",2022 E-Class Sedan Quick Reference Guide,https://media.mbusa.com/news/2022-e-class-sedan-quick-reference-guide,mercedes-benz/e-class,2022,candidate,all-e-class-news-media
"January 14, 2025",2024 E-Class All-Terrain Quick Reference Guide,https://media.mbusa.com/news/2024-e-class-all-terrain-quick-reference-guide,mercedes-benz/e-class,2024,candidate,all-e-class-news-media
"July 25, 2023",2024 E-Class Sedan Quick Reference Guide,https://media.mbusa.com/news/2024-e-class-sedan-quick-reference-guide,mercedes-benz/e-class,2024,candidate,all-e-class-news-media
"November 27, 2024",2025 Mercedes-AMG E 53 Hybrid Quick Reference Guide,https://media.mbusa.com/news/2025-mercedes-amg-e-53-hybrid-quick-reference-guide,mercedes-benz/e-class,2025,candidate,all-amg-news-media
"March 12, 2026",2026 Mercedes-AMG E 53 HYBRID Wagon,https://media.mbusa.com/news/2026-mercedes-amg-e-53-hybrid-wagon,mercedes-benz/e-class,2026,candidate,all-amg-news-media
"September 5, 2021",2022 EQB SUV Quick Reference Guide,https://media.mbusa.com/news/2022-mercedes-benz-eqb-quick-reference-guide,mercedes-benz/eqb,2022,candidate,all-eq-news-media
"April 16, 2024",2024 EQB SUV Quick Reference Guide,https://media.mbusa.com/news/2024-eqb-suv-quick-reference-guide,mercedes-benz/eqb,2024,candidate,all-eq-news-media
"April 15, 2021",2022 EQS Sedan Quick Reference Guide,https://media.mbusa.com/news/2022-mercedes-benz-eqs-quick-reference-guide,mercedes-benz/eqs,2022,candidate,all-eq-news-media
"September 5, 2021",2022 Mercedes-AMG EQS Quick Reference Guide,https://media.mbusa.com/news/2022-mercedes-amg-eqs-quick-reference-guide,mercedes-benz/eqs,2022,candidate,all-amg-news-media
"August 30, 2022",2023 EQS Sedan Quick Reference Guide,https://media.mbusa.com/news/2023-eqs-sedan-quick-reference-guide,mercedes-benz/eqs,2023,candidate,all-eq-news-media
"September 22, 2016",2017 GLA Quick Reference Guide,https://media.mbusa.com/news/2017-gla-quick-reference-guide,mercedes-benz/gla,2017,candidate,all-amg-news-media
"September 22, 2016",2017 Mercedes-AMG GLA45 Specifications,https://media.mbusa.com/news/2017-mercedes-amg-gla45-specifications,mercedes-benz/gla,2017,candidate,all-amg-news-media
"September 22, 2016",2017 Mercedes-Benz GLA250 and GLA250 4MATIC Specifications,https://media.mbusa.com/news/2017-mercedes-benz-gla250-and-gla250-4matic-specifications,mercedes-benz/gla,2017,candidate,all-gla-class-media-news-media
"January 9, 2017",2018 GLA Quick Reference Guide,https://media.mbusa.com/news/2018-gla-quick-reference-guide,mercedes-benz/gla,2018,candidate,all-amg-news-media
"February 6, 2017",2018 Mercedes-AMG GLA45 Specifications,https://media.mbusa.com/news/2018-mercedes-amg-gla45-specifications,mercedes-benz/gla,2018,candidate,all-amg-news-media
"February 6, 2017",2018 Mercedes-Benz GLA250 and GLA250 4MATIC Specifications,https://media.mbusa.com/news/2018-mercedes-benz-gla250-and-gla250-4matic-specifications,mercedes-benz/gla,2018,candidate,all-gla-class-media-news-media
"June 12, 2018",2019 GLA Quick Reference Guide,https://media.mbusa.com/news/2019-gla-quick-reference-guide,mercedes-benz/gla,2019,candidate,all-gla-class-media-news-media
"June 12, 2018",2019 Mercedes-AMG GLA 45 SUV Specifications,https://media.mbusa.com/news/2019-mercedes-amg-gla-45-suv-specifications,mercedes-benz/gla,2019,candidate,all-amg-news-media
"June 12, 2018",2019 Mercedes-Benz GLA 250 and GLA 250 4MATIC SUV Specifications,https://media.mbusa.com/news/2019-mercedes-benz-gla-250-and-gla-250-4matic-suv-specifications,mercedes-benz/gla,2019,candidate,all-gla-class-media-news-media
"June 21, 2019",2020 GLA Quick Reference Guide,https://media.mbusa.com/news/2020-gla-quick-reference-guide,mercedes-benz/gla,2020,candidate,all-gla-class-media-news-media
"June 21, 2019",2020 Mercedes-Benz GLA 250 and GLA 250 4MATIC SUV Specifications,https://media.mbusa.com/news/2020-mercedes-benz-gla-250-and-gla-250-4matic-suv-specifications,mercedes-benz/gla,2020,candidate,all-gla-class-media-news-media
"March 1, 2021",2021 Mercedes-AMG GLA 35 SUV,https://media.mbusa.com/news/2021-mercedes-amg-gla-35-suv,mercedes-benz/gla,2021,candidate,all-amg-news-media
"March 1, 2021",2021 Mercedes-AMG GLA 45 SUV,https://media.mbusa.com/news/2021-mercedes-amg-gla-45-suv,mercedes-benz/gla,2021,candidate,all-amg-news-media
"July 21, 2020",2021 Mercedes-Benz GLA 250 and GLA 250 4MATIC SUV,https://media.mbusa.com/news/2021-mercedes-benz-gla-250-and-gla-250-4matic-suv,mercedes-benz/gla,2021,candidate,all-gla-class-media-news-media
"July 23, 2020",2021 Mercedes-Benz GLA Quick Reference Guide,https://media.mbusa.com/news/2021-mercedes-benz-gla-quick-reference-guide,mercedes-benz/gla,2021,candidate,all-gla-class-media-news-media
"January 31, 2022",2022 GLA Quick Reference Guide,https://media.mbusa.com/news/2022-gla-quick-reference-guide,mercedes-benz/gla,2022,candidate,all-gla-class-media-news-media
"June 11, 2019",2020 GLB Quick Reference Guide,https://media.mbusa.com/news/2020-glb-quick-reference-guide,mercedes-benz/glb,2020,candidate,all-glb-class-news-media
"December 9, 2019",2020 Mercedes-Benz GLB 250 and GLB 250 4MATIC SUV,https://media.mbusa.com/news/2020-mercedes-benz-glb-250-and-glb-250-4matic-suv,mercedes-benz/glb,2020,candidate,all-glb-class-news-media
"September 4, 2020",2021 GLB Quick Reference Guide,https://media.mbusa.com/news/2021-glb-quick-reference-guide,mercedes-benz/glb,2021,candidate,all-glb-class-news-media
"March 9, 2021",2021 Mercedes-AMG GLB 35 SUV Specifications,https://media.mbusa.com/news/2021-mercedes-amg-glb-35-suv-specifications,mercedes-benz/glb,2021,candidate,all-amg-news-media
"January 11, 2021",2021 Mercedes-Benz GLB SUV Quick Reference Guide,https://media.mbusa.com/news/2021-mercedes-benz-glb-suv-quick-reference-guide,mercedes-benz/glb,2021,candidate,all-glb-class-news-media
"August 2, 2021",2022 GLB SUV Quick Reference Guide,https://media.mbusa.com/news/2022-glb-suv-quick-reference-guide,mercedes-benz/glb,2022,candidate,all-glb-class-news-media
"August 31, 2016",2017 GLC Coupe Quick Reference Guide,https://media.mbusa.com/news/2017-glc-coupe-quick-reference-guide,mercedes-benz/glc,2017,candidate,all-amg-news-media
"September 22, 2016",2017 GLC Quick Reference Guide,https://media.mbusa.com/news/2017-glc-quick-reference-guide-1,mercedes-benz/glc,2017,candidate,all-amg-news-media
"September 22, 2016",2017 Mercedes-Benz AMG GLC43 Specifications,https://media.mbusa.com/news/2017-mercedes-benz-amg-glc43-specifications,mercedes-benz/glc,2017,candidate,all-amg-news-media
"September 22, 2016",2017 Mercedes-Benz GLC300 and GLC300 4MATIC Specifications,https://media.mbusa.com/news/2017-mercedes-benz-glc300-and-glc300-4matic-specifications,mercedes-benz/glc,2017,candidate,all-glc-class-news-media
"April 5, 2017",2018 GLC Coupe Quick Reference Guide,https://media.mbusa.com/news/2017-2018-glc-coupe-quick-reference-guide,mercedes-benz/glc,2018,candidate,all-amg-news-media
"April 4, 2017",2018 GLC SUV Quick Reference Guide,https://media.mbusa.com/news/2017-2018-glc-suv-quick-reference-guide,mercedes-benz/glc,2018,candidate,all-amg-news-media
"April 7, 2017",2018 Mercedes-AMG GLC 43 Coupe Specifications,https://media.mbusa.com/news/2018-mercedes-amg-glc-43-coupe-specifications,mercedes-benz/glc,2018,candidate,all-glc-class-news-media
"October 31, 2017",2018 Mercedes-AMG GLC 43 SUV Specifications,https://media.mbusa.com/news/2018-mercedes-amg-glc-43-suv-specifications,mercedes-benz/glc,2018,candidate,all-amg-news-media
"October 23, 2017",2018 Mercedes-AMG GLC 63 & GLC 63 S Coupe Specifications,https://media.mbusa.com/news/2018-mercedes-amg-glc-63-glc-63-s-coupe-specifications,mercedes-benz/glc,2018,candidate,all-amg-news-media
"October 23, 2017",2018 Mercedes-AMG GLC 63 SUV Specifications,https://media.mbusa.com/news/2018-mercedes-amg-glc-63-suv,mercedes-benz/glc,2018,candidate,all-amg-news-media
"April 7, 2017",2018 Mercedes-Benz GLC 300 4MATIC Coupe Specifications,https://media.mbusa.com/news/2018-mercedes-benz-glc-300-4matic-coupe-specifications,mercedes-benz/glc,2018,candidate,all-glc-class-news-media
"October 31, 2017",2018 Mercedes-Benz GLC 300 and GLC 300 4MATIC SUV Specifications,https://media.mbusa.com/news/2018-mercedes-benz-glc-300-and-glc-300-4matic-suv-specifications,mercedes-benz/glc,2018,candidate,all-glc-class-news-media
"July 9, 2018",2019 GLC Coupe Quick Reference Guide,https://media.mbusa.com/news/2019-glc-coupe-quick-reference-guide,mercedes-benz/glc,2019,candidate,all-glc-class-news-media
"July 9, 2018",2019 GLC SUV Quick Reference Guide,https://media.mbusa.com/news/2019-glc-suv-quick-reference-guide,mercedes-benz/glc,2019,candidate,all-amg-news-media
"July 9, 2018",2019 Mercedes-AMG GLC 43 Coupe Specifications,https://media.mbusa.com/news/2019-mercedes-amg-glc-43-coupe-specifications,mercedes-benz/glc,2019,candidate,all-amg-news-media
"July 9, 2018",2019 Mercedes-AMG GLC 43 SUV Specifications,https://media.mbusa.com/news/2019-mercedes-amg-glc-43-suv-specifications,mercedes-benz/glc,2019,candidate,all-amg-news-media
"July 9, 2018",2019 Mercedes-AMG GLC 63 & GLC 63 S Coupe Specifications,https://media.mbusa.com/news/2019-mercedes-amg-glc-63-glc-63-s-coupe-specifications,mercedes-benz/glc,2019,candidate,all-amg-news-media
"July 9, 2018",2019 Mercedes-AMG GLC 63 SUV Specifications,https://media.mbusa.com/news/2019-mercedes-amg-glc-63-suv-specifications,mercedes-benz/glc,2019,candidate,all-amg-news-media
"July 9, 2018",2019 Mercedes-Benz GLC 300 4MATIC Coupe Specifications,https://media.mbusa.com/news/2019-mercedes-benz-glc-300-4matic-coupe-specifications,mercedes-benz/glc,2019,candidate,all-amg-news-media
"July 9, 2018",2019 Mercedes-Benz GLC 300 and GLC 300 4MATIC SUV Specifications,https://media.mbusa.com/news/2019-mercedes-benz-glc-300-and-glc-300-4matic-suv-specifications,mercedes-benz/glc,2019,candidate,all-amg-news-media
"July 9, 2018",2019 Mercedes-Benz GLC 350e 4MATIC Plug-in Hybrid SUV,https://media.mbusa.com/news/2019-mercedes-benz-glc-350e-4matic-plug-in-hybrid-suv,mercedes-benz/glc,2019,candidate,all-amg-news-media
"February 27, 2019",2020 GLC SUV Quick Reference Guide,https://media.mbusa.com/news/2020-glc-suv-quick-reference-guide,mercedes-benz/glc,2020,candidate,all-glc-class-news-media
"June 1, 2020",2020 Mercedes-AMG GLC 43 SUV Specifications,https://media.mbusa.com/news/2020-mercedes-amg-glc-43-suv-specifications,mercedes-benz/glc,2020,candidate,all-amg-news-media
"June 21, 2019",2020 Mercedes-AMG GLC 63 & GLC 63 S Coupe Specifications,https://media.mbusa.com/news/2020-mercedes-amg-glc-63-glc-63-s-coupe-specifications,mercedes-benz/glc,2020,candidate,all-glc-class-news-media
"June 21, 2019",2020 Mercedes-AMG GLC 63 SUV Specifications,https://media.mbusa.com/news/2020-mercedes-amg-glc-63-suv-specifications,mercedes-benz/glc,2020,candidate,all-glc-class-news-media
"July 17, 2019",2020 Mercedes-Benz GLC 300 4MATIC Coupe Specifications,https://media.mbusa.com/news/2020-mercedes-benz-glc-300-4matic-coupe-specifications,mercedes-benz/glc,2020,candidate,all-amg-news-media
"July 17, 2019",2020 Mercedes-Benz GLC 300 and GLC 300 4MATIC SUV Specifications,https://media.mbusa.com/news/2020-mercedes-benz-glc-300-and-glc-300-4matic-suv-specifications,mercedes-benz/glc,2020,candidate,all-amg-news-media
"March 19, 2019",2020 Mercedes-Benz GLC Coupe Quick Reference Guide,https://media.mbusa.com/news/2020-mercedes-benz-glc-coupe-quick-reference-guide,mercedes-benz/glc,2020,candidate,all-glc-class-news-media
"September 8, 2019",2020 Mercedes-Benz GLC SUV Quick Reference Guide,https://media.mbusa.com/news/2020-mercedes-benz-glc-suv-quick-reference-guide,mercedes-benz/glc,2020,candidate,all-glc-class-news-media
"August 2, 2021",2022 GLC Coupe Quick Reference Guide,https://media.mbusa.com/news/2022-glc-coupe-quick-reference-guide,mercedes-benz/glc,2022,candidate,all-glc-class-news-media
"August 2, 2021",2022 GLC SUV Quick Reference Guide,https://media.mbusa.com/news/2022-glc-suv-quick-reference-guide,mercedes-benz/glc,2022,candidate,all-glc-class-news-media
"October 25, 2023",2024 GLC Coupe Quick Reference Guide,https://media.mbusa.com/news/quick-reference-guide-2024-glc-coupe,mercedes-benz/glc,2024,candidate,search Quick Reference Guide
"November 4, 2024",2025 Mercedes-Benz GLC 350e 4MATIC SUV Quick Reference Guide,https://media.mbusa.com/news/2025-glc-coupe-quick-reference-guide,mercedes-benz/glc,2025,candidate,search Quick Reference Guide
"September 23, 2016",2017 GLE Coupe Quick Reference Guide,https://media.mbusa.com/news/2017-gle-coupe-quick-reference-guide,mercedes-benz/gle,2017,candidate,all-amg-news-media
"November 20, 2016",2017 GLE Quick Reference Guide,https://media.mbusa.com/news/2017-gle-quick-reference-guide,mercedes-benz/gle,2017,candidate,all-amg-news-media
"September 23, 2016",2017 Mercedes-AMG GLE43 Coupe Specifications,https://media.mbusa.com/news/2017-mercedes-amg-gle43-coupe-specifications,mercedes-benz/gle,2017,candidate,all-amg-news-media
"January 31, 2017",2017 Mercedes-AMG GLE43 Specifications,https://media.mbusa.com/news/2017-mercedes-amg-gle43-specifications,mercedes-benz/gle,2017,candidate,all-amg-news-media
"September 23, 2016",2017 Mercedes-AMG GLE63 S Coupe Specifications,https://media.mbusa.com/news/2017-mercedes-amg-gle63-s-coupe-specifications,mercedes-benz/gle,2017,candidate,all-amg-news-media
"February 3, 2017",2017 Mercedes-AMG GLE63 and GLE63 S Specifications,https://media.mbusa.com/news/2017-mercedes-amg-gle63-and-gle63-s,mercedes-benz/gle,2017,candidate,all-amg-news-media
"September 23, 2016",2017 Mercedes-Benz GLE Coupe,https://media.mbusa.com/news/mercedes-benz-gle-coupe,mercedes-benz/gle,2017,candidate,all-amg-news-media
"February 3, 2017",2017 Mercedes-Benz GLE350 and GLE350 4M Specifications,https://media.mbusa.com/news/2017-mercedes-benz-gle350-and-gle350-4m,mercedes-benz/gle,2017,candidate,all-gle-class-news-media
"February 3, 2017",2017 Mercedes-Benz GLE400 4MATIC Specifications,https://media.mbusa.com/news/2017-mercedes-benz-gle400-4matic,mercedes-benz/gle,2017,candidate,all-gle-class-news-media
"February 3, 2017",2017 Mercedes-Benz GLE550e 4MATIC Specifications,https://media.mbusa.com/news/2017-mercedes-benz-gle550e-4matic,mercedes-benz/gle,2017,candidate,all-gle-class-news-media
"August 3, 2017",2018 GLE Coupe Quick Reference Guide,https://media.mbusa.com/news/2018-gle-coupe-quick-reference-guide,mercedes-benz/gle,2018,candidate,all-amg-news-media
"August 3, 2017",2018 GLE SUV Quick Reference Guide,https://media.mbusa.com/news/2018-gle-suv-quick-reference-guide,mercedes-benz/gle,2018,candidate,all-gle-class-news-media
"August 3, 2017",2018 Mercedes-AMG GLE 43 Coupe Specifications,https://media.mbusa.com/news/2018-mercedes-amg-gle43-coupe-specifications,mercedes-benz/gle,2018,candidate,all-amg-news-media
"August 3, 2017",2018 Mercedes-AMG GLE 43 SUV Specifications,https://media.mbusa.com/news/2018-mercedes-amg-gle43-suv-specifications,mercedes-benz/gle,2018,candidate,all-amg-news-media
"August 3, 2017",2018 Mercedes-AMG GLE 63 S Coupe Specifications,https://media.mbusa.com/news/2018-mercedes-amg-gle63-s-coupe,mercedes-benz/gle,2018,candidate,all-amg-news-media
"August 3, 2017",2018 Mercedes-AMG GLE 63 and GLE 63 S SUV Specifications,https://media.mbusa.com/news/2018-mercedes-amg-gle63-and-gle63-s-suv,mercedes-benz/gle,2018,candidate,all-gle-class-news-media
"August 3, 2017",2018 Mercedes-Benz GLE 350 and GLE 350 4MATIC SUV Specifications,https://media.mbusa.com/news/2018-mercedes-benz-gle350-and-gle350-4matic-suv-specifications,mercedes-benz/gle,2018,candidate,all-gle-class-news-media
"August 3, 2017",2018 Mercedes-Benz GLE 550e 4MATIC SUV Specifications,https://media.mbusa.com/news/2018-mercedes-benz-gle550e-4matic-suv-specifications,mercedes-benz/gle,2018,candidate,all-gle-class-news-media
"June 12, 2018",2019 GLE Coupe Quick Reference Guide,https://media.mbusa.com/news/2019-gle-coupe-quick-reference-guide,mercedes-benz/gle,2019,candidate,all-gle-class-news-media
"June 12, 2018",2019 GLE SUV Quick Reference Guide,https://media.mbusa.com/news/2019-gle-suv-quick-reference-guide,mercedes-benz/gle,2019,candidate,all-gle-class-news-media
"June 12, 2018",2019 Mercedes-AMG GLE 43 Coupe Specifications,https://media.mbusa.com/news/2019-mercedes-amg-gle-43-coupe-specifications,mercedes-benz/gle,2019,candidate,all-amg-news-media
"June 12, 2018",2019 Mercedes-AMG GLE 43 SUV Specifications,https://media.mbusa.com/news/2019-mercedes-amg-gle-43-suv-specifications,mercedes-benz/gle,2019,candidate,all-gle-class-news-media
"June 12, 2018",2019 Mercedes-AMG GLE 63 S Coupe Specifications,https://media.mbusa.com/news/2019-mercedes-amg-gle-63-s-coupe-specifications,mercedes-benz/gle,2019,candidate,all-gle-class-news-media
"June 12, 2018",2019 Mercedes-AMG GLE 63 and GLE 63 S SUV Specifications,https://media.mbusa.com/news/2019-mercedes-amg-gle-63-and-gle-63-s-suv-specifications,mercedes-benz/gle,2019,candidate,all-gle-class-news-media
"June 12, 2018",2019 Mercedes-Benz GLE 350 and GLE 350 4MATIC SUV Specifications,https://media.mbusa.com/news/2019-mercedes-benz-gle-350-and-gle-350-4matic-suv-specifications,mercedes-benz/gle,2019,candidate,all-gle-class-news-media
"May 21, 2019",2020 GLE SUV Quick Reference Guide,https://media.mbusa.com/news/2020-gle-suv-quick-reference-guide,mercedes-benz/gle,2020,candidate,all-gle-class-news-media
"October 31, 2018",2020 Mercedes-Benz GLE 350 and GLE 350 4MATIC SUV,https://media.mbusa.com/news/2020-mercedes-benz-gle-350-and-gle-350-4matic-suv,mercedes-benz/gle,2020,candidate,search Specifications
"October 31, 2018",2020 Mercedes-Benz GLE 450 4MATIC SUV,https://media.mbusa.com/news/2020-mercedes-benz-gle-450-4matic-suv,mercedes-benz/gle,2020,candidate,all-gle-class-news-media
"February 18, 2020",2021 AMG GLE Coupe Quick Reference Guide,https://media.mbusa.com/news/2021-amg-gle-coupe-quick-reference-guide,mercedes-benz/gle,2021,candidate,all-amg-news-media
"February 27, 2019",2021 GLE 53 SUV Quick Reference Guide,https://media.mbusa.com/news/2021-gle-53-suv-quick-reference-guide,mercedes-benz/gle,2021,candidate,all-amg-news-media
"September 4, 2020",2021 GLE SUV Quick Reference Guide,https://media.mbusa.com/news/2021-mercedes-amg-gle-suv-quick-reference-guide,mercedes-benz/gle,2021,candidate,all-amg-news-media
"November 19, 2020",2021 Mercedes-AMG GLE 53 Coupe,https://media.mbusa.com/news/2021-mercedes-amg-gle-53-coupe,mercedes-benz/gle,2021,candidate,all-gle-class-news-media
"November 25, 2019",2021 Mercedes-AMG GLE 53 Coupe Quick Reference Guide,https://media.mbusa.com/news/2021-mercedes-amg-gle-53-coupe-quick-reference-guide,mercedes-benz/gle,2021,candidate,all-amg-news-media
"March 13, 2021",2021 Mercedes-AMG GLE 63 S Coupe Specifications,https://media.mbusa.com/news/2021-mercedes-amg-gle-63-s-coupe,mercedes-benz/gle,2021,candidate,search Specifications
"March 16, 2020",2021 Mercedes-AMG GLE 63 S SUV Specifications,https://media.mbusa.com/news/2021-mercedes-amg-gle-63-s-suv,mercedes-benz/gle,2021,candidate,all-amg-news-media
"January 31, 2022",2022 GLE SUV Quick Reference Guide,https://media.mbusa.com/news/2022-gle-suv-quick-reference-guide,mercedes-benz/gle,2022,candidate,all-gle-class-news-media
"January 31, 2022",2022 Mercedes-AMG GLE Coupe Quick Reference Guide,https://media.mbusa.com/news/2022-mercedes-amg-gle-coupe-quick-reference-guide,mercedes-benz/gle,2022,candidate,all-gle-class-news-media
"January 31, 2023",2024 Mercedes-Benz GLE: Trendsetting luxury SUV now even better,https://media.mbusa.com/news/2024-mercedes-benz-gle-trendsetting-luxury-suv-now-even-better,mercedes-benz/gle,2024,candidate,all-gle-class-news-media
"September 22, 2016",2017 Mercedes-AMG GLS63 Specifications,https://media.mbusa.com/news/2017-mercedes-amg-gls63-specifications,mercedes-benz/gls,2017,candidate,all-amg-news-media
"September 22, 2016",2017 Mercedes-Benz GLS450 4MATIC Specifications,https://media.mbusa.com/news/2017-mercedes-benz-gls450-4matic-specifications,mercedes-benz/gls,2017,candidate,all-gls-class-news-media
"September 22, 2016",2017 Mercedes-Benz GLS550 4MATIC Specifications,https://media.mbusa.com/news/2017-mercedes-benz-gls550-4matic-specifications,mercedes-benz/gls,2017,candidate,all-gls-class-news-media
"August 3, 2017",2018 Mercedes-AMG GLS63 Specifications,https://media.mbusa.com/news/2018-mercedes-amg-gls63-specifications,mercedes-benz/gls,2018,candidate,all-amg-news-media
"August 3, 2017",2018 Mercedes-Benz GLS Quick Reference Guide,https://media.mbusa.com/news/2018-gls-quick-reference-guide,mercedes-benz/gls,2018,candidate,all-amg-news-media
"August 3, 2017",2018 Mercedes-Benz GLS450 4MATIC Specifications,https://media.mbusa.com/news/2018-mercedes-benz-gls450-4matic-specifications,mercedes-benz/gls,2018,candidate,all-gls-class-news-media
"August 3, 2017",2018 Mercedes-Benz GLS550 4MATIC Specifications,https://media.mbusa.com/news/2018-mercedes-benz-gls550-4matic-specifications,mercedes-benz/gls,2018,candidate,all-gls-class-news-media
"June 12, 2018",2019 Mercedes-AMG GLS 63 SUV Specifications,https://media.mbusa.com/news/2019-mercedes-amg-gls-63-suv-specifications,mercedes-benz/gls,2019,candidate,all-gls-class-news-media
"June 12, 2018",2019 Mercedes-Benz GLS 450 4MATIC SUV Specifications,https://media.mbusa.com/news/2019-mercedes-benz-gls-450-4matic-suv-specifications,mercedes-benz/gls,2019,candidate,all-gls-class-news-media
"June 12, 2018",2019 Mercedes-Benz GLS 550 4MATIC SUV Specifications,https://media.mbusa.com/news/2019-mercedes-benz-gls-550-4matic-suv-specifications,mercedes-benz/gls,2019,candidate,all-gls-class-news-media
"June 12, 2018",2019 Mercedes-Benz GLS SUV Quick Reference Guide,https://media.mbusa.com/news/2019-mercedes-benz-gls-suv-quick-reference-guide,mercedes-benz/gls,2019,candidate,all-gls-class-news-media
"August 19, 2019",2020 Mercedes-Benz GLS 450 4MATIC SUV Specifications,https://media.mbusa.com/news/2020-mercedes-benz-gls-450-4matic-suv-specifications,mercedes-benz/gls,2020,candidate,all-gls-class-news-media
"January 3, 2020",2020 Mercedes-Benz GLS 580 4MATIC SUV Specifications,https://media.mbusa.com/news/2020-mercedes-benz-gls-580-4matic-suv,mercedes-benz/gls,2020,candidate,all-gls-class-news-media
"April 17, 2019",2020 Mercedes-Benz GLS SUV Quick Reference Guide,https://media.mbusa.com/news/2020-mercedes-benz-gls-suv-quick-reference-guide,mercedes-benz/gls,2020,candidate,all-gls-class-news-media
"November 20, 2019",2021 Mercedes-AMG GLS 63 SUV Quick Reference Guide,https://media.mbusa.com/news/2021-mercedes-amg-gls-63-suv-quick-reference-guide,mercedes-benz/gls,2021,candidate,all-amg-news-media
"March 16, 2020",2021 Mercedes-AMG GLS 63 SUV Specifications,https://media.mbusa.com/news/2021-mercedes-amg-gls-63-suv,mercedes-benz/gls,2021,candidate,all-amg-news-media
"September 4, 2020",2021 Mercedes-Benz GLS SUV Quick Reference Guide,https://media.mbusa.com/news/2021-mercedes-benz-gls-suv-quick-reference-guide,mercedes-benz/gls,2021,candidate,all-gls-class-news-media
"November 21, 2019",2021 Mercedes-Maybach GLS Quick Reference Guide,https://media.mbusa.com/news/2021-mercedes-maybach-gls-quick-reference-guide,mercedes-benz/gls,2021,candidate,all-gls-class-news-media
"January 8, 2021",2021 Mercedes-Maybach GLS SUV Quick Reference Guide,https://media.mbusa.com/news/2021-mercedes-maybach-gls-suv-quick-reference-guide,mercedes-benz/gls,2021,candidate,all-gls-class-news-media
"January 31, 2022",2022 Mercedes-Benz GLS SUV Quick Reference Guide,https://media.mbusa.com/news/2022-mercedes-benz-gls-suv-quick-reference-guide,mercedes-benz/gls,2022,candidate,all-gls-class-news-media
"September 22, 2016",2017 Mercedes-AMG S63 Sedan Specifications,https://media.mbusa.com/news/2017-mercedes-amg-s63-sedan-specifications,mercedes-benz/s-class,2017,candidate,all-amg-news-media
"September 22, 2016",2017 Mercedes-AMG S65 Sedan Specifications,https://media.mbusa.com/news/2017-mercedes-amg-s65-sedan-specifications,mercedes-benz/s-class,2017,candidate,all-amg-news-media
"September 22, 2016","2017 Mercedes-Benz S-Class Adds More Technology, New 4MATIC Maybach Model",https://media.mbusa.com/news/2017-mercedes-benz-s-class-adds-more-technology-new-4matic-maybach-model,mercedes-benz/s-class,2017,candidate,all-maybach-news-media
"September 22, 2016",2017 Mercedes-Benz S550 Cabriolet Specifications,https://media.mbusa.com/news/2017-mercedes-benz-s550-cabriolet-specifications,mercedes-benz/s-class,2017,candidate,all-s-class-news-media
"September 22, 2016",2017 Mercedes-Benz S550 Coupe Specifications,https://media.mbusa.com/news/2017-mercedes-benz-s550-coupe-specifications,mercedes-benz/s-class,2017,candidate,all-s-class-news-media
"September 22, 2016",2017 Mercedes-Benz S550 Sedan Specifications,https://media.mbusa.com/news/2017-mercedes-benz-s550-sedan-specifications,mercedes-benz/s-class,2017,candidate,all-s-class-news-media
"September 22, 2016",2017 Mercedes-Benz S550e Sedan Specifications,https://media.mbusa.com/news/2017-mercedes-benz-s550e-sedan-specifications,mercedes-benz/s-class,2017,candidate,all-s-class-news-media
"September 22, 2016",2017 Mercedes-Benz S600 Sedan Specifications,https://media.mbusa.com/news/2017-mercedes-benz-s600-sedan-specifications,mercedes-benz/s-class,2017,candidate,all-s-class-news-media
"September 22, 2016",2017 Mercedes-Benz S63 Cabriolet Specifications,https://media.mbusa.com/news/2017-mercedes-benz-s63-cabriolet-specifications,mercedes-benz/s-class,2017,candidate,all-amg-news-media
"September 22, 2016",2017 Mercedes-Benz S63 Coupe Specifications,https://media.mbusa.com/news/2017-mercedes-benz-s63-coupe-specifications,mercedes-benz/s-class,2017,candidate,all-amg-news-media
"September 22, 2016",2017 Mercedes-Benz S65 Cabriolet Specifications,https://media.mbusa.com/news/2017-mercedes-benz-s65-cabriolet,mercedes-benz/s-class,2017,candidate,all-s-class-news-media
"September 22, 2016",2017 Mercedes-Benz S65 Coupe Specifications,https://media.mbusa.com/news/2017-mercedes-benz-s65-coupe-specifications,mercedes-benz/s-class,2017,candidate,all-amg-news-media
"January 25, 2017",2017 Mercedes-Maybach S550 4MATIC Specifications,https://media.mbusa.com/news/2017-mercedes-maybach-s550-4matic-specifications,mercedes-benz/s-class,2017,candidate,all-s-class-news-media
"January 25, 2017",2017 Mercedes-Maybach S600 Specifications,https://media.mbusa.com/news/2017-mercedes-maybach-s600-specifications,mercedes-benz/s-class,2017,candidate,all-s-class-news-media
"September 22, 2016",2017 S-Class Cabriolet Quick Reference Guide,https://media.mbusa.com/news/2017-s-class-cabriolet-quick-reference-guide-1,mercedes-benz/s-class,2017,candidate,all-amg-news-media
"September 22, 2016",2017 S-Class Coupe Quick Reference Guide,https://media.mbusa.com/news/2017-s-class-coupe-quick-reference-guide,mercedes-benz/s-class,2017,candidate,all-s-class-news-media
"September 22, 2016",2017 S-Class Sedan Quick Reference Guide,https://media.mbusa.com/news/2017-s-class-sedan-quick-reference-guide,mercedes-benz/s-class,2017,candidate,all-amg-news-media
"October 31, 2017",2018 Mercedes-AMG S 63 Cabrio Specifications,https://media.mbusa.com/news/2018-mercedes-amg-s-63-cabrio-specifications,mercedes-benz/s-class,2018,candidate,all-s-class-news-media
"October 31, 2017",2018 Mercedes-AMG S 63 Coupe Specifications,https://media.mbusa.com/news/2018-mercedes-amg-s-63-coupe-specifications,mercedes-benz/s-class,2018,candidate,all-amg-news-media
"October 31, 2017",2018 Mercedes-AMG S 65 Coupe Specifications,https://media.mbusa.com/news/2018-mercedes-amg-s-65-coupe-specifications,mercedes-benz/s-class,2018,candidate,all-amg-news-media
"June 29, 2017",2018 Mercedes-AMG S63 Sedan Specifications,https://media.mbusa.com/news/2018-mercedes-amg-s63-sedan-specifications,mercedes-benz/s-class,2018,candidate,all-amg-news-media
"October 10, 2017",2018 Mercedes-AMG S65 Sedan Specifications,https://media.mbusa.com/news/2018-mercedes-amg-s65-sedan-specifications,mercedes-benz/s-class,2018,candidate,all-amg-news-media
"June 29, 2017",2018 Mercedes-Benz S 450 Sedan & S 450 4MATIC Sedan Specifications,https://media.mbusa.com/news/2018-mercedes-benz-s450-sedan-s450-4matic-sedan-specifications,mercedes-benz/s-class,2018,candidate,all-s-class-news-media
"October 31, 2017",2018 Mercedes-Benz S 560 4MATIC Coupe Specifications,https://media.mbusa.com/news/2018-mercedes-benz-s-560-4matic-coupe-specifications,mercedes-benz/s-class,2018,candidate,all-s-class-news-media
"October 31, 2017",2018 Mercedes-Benz S 560 Cabrio Specifications,https://media.mbusa.com/news/2018-mercedes-benz-s-560-cabrio-specifications,mercedes-benz/s-class,2018,candidate,all-s-class-news-media
"June 29, 2017",2018 Mercedes-Benz S560 Sedan & S560 4MATIC Sedan Specifications,https://media.mbusa.com/news/2018-mercedes-benz-s560-sedan-s560-4matic-sedan-specifications,mercedes-benz/s-class,2018,candidate,all-s-class-news-media
"June 29, 2017",2018 Mercedes-Maybach S560 4MATIC Sedan Specifications,https://media.mbusa.com/news/2018-mercedes-maybach-s560-4matic-sedan-specifications,mercedes-benz/s-class,2018,candidate,all-maybach-news-media
"June 29, 2017",2018 Mercedes-Maybach S650 Sedan Specifications,https://media.mbusa.com/news/2018-mercedes-maybach-s650-sedan-specifications,mercedes-benz/s-class,2018,candidate,all-maybach-news-media
"September 4, 2017",2018 S-Class Cabriolet Quick Reference Guide,https://media.mbusa.com/news/2018-s-class-cabriolet-quick-reference-guide,mercedes-benz/s-class,2018,candidate,all-amg-news-media
"September 4, 2017",2018 S-Class Coupe Quick Reference Guide,https://media.mbusa.com/news/2018-s-class-coupe-quick-reference-guide,mercedes-benz/s-class,2018,candidate,all-amg-news-media
"April 18, 2017",2018 S-Class Sedan Quick Reference Guide,https://media.mbusa.com/news/2018-s-class-sedan-quick-reference-guide,mercedes-benz/s-class,2018,candidate,all-amg-news-media
"August 6, 2018",2019 Mercedes-AMG S 63 Cabrio Specifications,https://media.mbusa.com/news/2019-mercedes-amg-s-63-cabrio-specifications,mercedes-benz/s-class,2019,candidate,all-amg-news-media
"August 6, 2018",2019 Mercedes-AMG S 63 Coupe Specifications,https://media.mbusa.com/news/2019-mercedes-amg-s-63-coupe-specifications,mercedes-benz/s-class,2019,candidate,all-s-class-news-media
"August 6, 2018",2019 Mercedes-AMG S 63 Sedan Specifications,https://media.mbusa.com/news/2019-mercedes-amg-s-63-sedan-specifications,mercedes-benz/s-class,2019,candidate,all-s-class-news-media
"August 6, 2018",2019 Mercedes-AMG S 65 Cabrio Specifications,https://media.mbusa.com/news/2019-mercedes-amg-s-65-cabrio-specifications,mercedes-benz/s-class,2019,candidate,all-amg-news-media
"August 6, 2018",2019 Mercedes-AMG S 65 Coupe Specifications,https://media.mbusa.com/news/2019-mercedes-amg-s-65-coupe-specifications,mercedes-benz/s-class,2019,candidate,all-amg-news-media
"August 6, 2018",2019 Mercedes-Benz S 450 & S 450 4MATIC Sedan Specifications,https://media.mbusa.com/news/2019-mercedes-benz-s-450-s-450-4matic-sedan-specifications,mercedes-benz/s-class,2019,candidate,all-s-class-news-media
"August 6, 2018",2019 Mercedes-Benz S 560 & S 560 4MATIC Sedan Specifications,https://media.mbusa.com/news/2019-mercedes-benz-s-560-s-560-4matic-sedan-specifications,mercedes-benz/s-class,2019,candidate,all-s-class-news-media
"August 6, 2018",2019 Mercedes-Benz S 560 4MATIC Coupe Specifications,https://media.mbusa.com/news/2019-mercedes-benz-s-560-4matic-coupe-specifications,mercedes-benz/s-class,2019,candidate,all-s-class-news-media
"August 6, 2018",2019 Mercedes-Benz S 560 Cabrio Specifications,https://media.mbusa.com/news/2019-mercedes-benz-s-560-cabrio-specifications,mercedes-benz/s-class,2019,candidate,all-amg-news-media
"August 6, 2018",2019 Mercedes-Maybach S 560 4MATIC Sedan Specifications,https://media.mbusa.com/news/2019-mercedes-maybach-s-560-4matic-sedan-specifications,mercedes-benz/s-class,2019,candidate,all-maybach-news-media
"August 6, 2018",2019 Mercedes-Maybach S 650 Sedan Specifications,https://media.mbusa.com/news/2019-mercedes-maybach-s-650-sedan-specifications,mercedes-benz/s-class,2019,candidate,all-maybach-news-media
"August 6, 2018",2019 S-Class Cabriolet Quick Reference Guide,https://media.mbusa.com/news/2019-s-class-cabriolet-quick-reference-guide,mercedes-benz/s-class,2019,candidate,all-amg-news-media
"August 6, 2018",2019 S-Class Coupe Quick Reference Guide,https://media.mbusa.com/news/2019-s-class-coupe-quick-reference-guide,mercedes-benz/s-class,2019,candidate,all-s-class-news-media
"August 6, 2018",2019 S-Class Sedan Quick Reference Guide,https://media.mbusa.com/news/2019-s-class-sedan-quick-reference-guide,mercedes-benz/s-class,2019,candidate,all-maybach-news-media
"June 21, 2019",2020 Mercedes-AMG S 63 Cabrio Specifications,https://media.mbusa.com/news/2020-mercedes-amg-s-63-cabrio-specifications,mercedes-benz/s-class,2020,candidate,all-amg-news-media
"June 21, 2019",2020 Mercedes-AMG S 63 Coupe Specifications,https://media.mbusa.com/news/2020-mercedes-amg-s-63-coupe-specifications,mercedes-benz/s-class,2020,candidate,all-amg-news-media
"June 21, 2019",2020 Mercedes-AMG S 63 Sedan Specifications,https://media.mbusa.com/news/2020-mercedes-amg-s-63-sedan-specifications,mercedes-benz/s-class,2020,candidate,all-amg-news-media
"June 21, 2019",2020 Mercedes-AMG S 65 Sedan Specifications,https://media.mbusa.com/news/2020-mercedes-amg-s-65-sedan-specifications,mercedes-benz/s-class,2020,candidate,all-amg-news-media
"June 21, 2019",2020 Mercedes-Benz S 450 & S 450 4MATIC Sedan Specifications,https://media.mbusa.com/news/2020-mercedes-benz-s-450-s-450-4matic-sedan-specifications,mercedes-benz/s-class,2020,candidate,all-s-class-news-media
"June 21, 2019",2020 Mercedes-Benz S 560 & S 560 4MATIC Sedan Specifications,https://media.mbusa.com/news/2020-mercedes-benz-s-560-s-560-4matic-sedan-specifications,mercedes-benz/s-class,2020,candidate,all-s-class-news-media
"June 21, 2019",2020 Mercedes-Benz S 560 4MATIC Coupe Specifications,https://media.mbusa.com/news/2020-mercedes-benz-s-560-4matic-coupe-specifications,mercedes-benz/s-class,2020,candidate,all-s-class-news-media
"June 21, 2019",2020 Mercedes-Benz S 560 Cabrio Specifications,https://media.mbusa.com/news/2020-mercedes-benz-s-560-cabrio-specifications,mercedes-benz/s-class,2020,candidate,all-s-class-news-media
"June 21, 2019",2020 Mercedes-Maybach S 560 4MATIC Sedan Specifications,https://media.mbusa.com/news/2020-mercedes-maybach-s-560-4matic-sedan-specifications,mercedes-benz/s-class,2020,candidate,all-maybach-news-media
"June 21, 2019",2020 Mercedes-Maybach S 650 Sedan Specifications,https://media.mbusa.com/news/2020-mercedes-maybach-s-650-sedan-specifications,mercedes-benz/s-class,2020,candidate,all-s-class-news-media
"June 21, 2019",2020 S-Class Coupe Quick Reference Guide,https://media.mbusa.com/news/2020-s-class-coupe-quick-reference-guide,mercedes-benz/s-class,2020,candidate,all-s-class-news-media
"June 21, 2019",2020 S-Class Sedan Quick Reference Guide,https://media.mbusa.com/news/2020-s-class-sedan-quick-reference-guide,mercedes-benz/s-class,2020,candidate,all-maybach-news-media
"May 18, 2021",2021 Mercedes-Benz S 500 4MATIC Sedan Specifications,https://media.mbusa.com/news/2021-mercedes-benz-s-500-4matic-sedan-specifications,mercedes-benz/s-class,2021,candidate,all-s-class-news-media
"May 18, 2021",2021 Mercedes-Benz S 580 4MATIC Sedan Specifications,https://media.mbusa.com/news/2021-mercedes-benz-s-580-4matic-sedan-specifications,mercedes-benz/s-class,2021,candidate,all-s-class-news-media
"December 17, 2020",2021 Mercedes-Benz S-Class Sedan Quick Reference Guide,https://media.mbusa.com/news/mercedes-benz-s-class-sedan-quick-reference-guide-2021,mercedes-benz/s-class,2021,candidate,all-s-class-news-media
"September 2, 2020",2021 Mercedes-Benz S-Class Sedan Quick Reference Guide,https://media.mbusa.com/news/mercedes-benz-s-class-sedan-2021-quick-reference-guide,mercedes-benz/s-class,2021,candidate,all-s-class-news-media
"October 25, 2021",2021 Mercedes-Maybach S 580 4MATIC Sedan,https://media.mbusa.com/news/2021-mercedes-maybach-s-580-4matic-sedan,mercedes-benz/s-class,2021,candidate,all-maybach-news-media
"March 10, 2021",2021 Mercedes-Maybach S-Class Sedan Quick Reference Guide,https://media.mbusa.com/news/2021-mercedes-maybach-s-class-sedan-quick-reference-guide,mercedes-benz/s-class,2021,candidate,all-s-class-news-media
"September 4, 2020",2021 S-Class Cabriolet Quick Reference Guide,https://media.mbusa.com/news/2020-s-class-cabriolet-quick-reference-guide,mercedes-benz/s-class,2021,candidate,all-s-class-news-media
"September 4, 2020",2021 S-Class Coupe Quick Reference Guide,https://media.mbusa.com/news/2021-s-class-coupe-quick-reference-guide,mercedes-benz/s-class,2021,candidate,all-s-class-news-media
"August 5, 2021",2022 Mercedes-Benz S-Class Sedan Quick Reference Guide,https://media.mbusa.com/news/2022-mercedes-benz-s-class-sedan-quick-reference-guide,mercedes-benz/s-class,2022,candidate,all-s-class-news-media
"November 27, 2024",2025 Mercedes-AMG S 63 E Performance Quick Reference Guide,https://media.mbusa.com/news/2025-mercedes-amg-s-63-e-performance-quick-reference-guide,mercedes-benz/s-class,2025,candidate,all-amg-news-media
"January 14, 2022",AMG EQS Sedan Technical Specifications,https://media.mbusa.com/news/amg-eqs-sedan-technical-specifications,mercedes-benz/eqs,,candidate_no_year,all-amg-news-media
"April 29, 2026",2027 Mercedes-Benz CLA Electric,https://media.mbusa.com/news/2027-mercedes-benz-cla-electric,mercedes-benz/cla,2027,out_of_years,all-cla-class-news-media
"December 15, 2025",2027 Mercedes-Benz CLA hybrid Quick Reference Guide,https://media.mbusa.com/news/2027-mercedes-benz-cla-hybrid-quick-reference-guide,mercedes-benz/cla,2027,out_of_years,all-cla-class-news-media
"May 26, 2026",2027 Mercedes-AMG GLC 53 Coupe Quick Reference Guide,https://media.mbusa.com/news/2027-mercedes-amg-glc-53-coupe-quick-reference-guide,mercedes-benz/glc,2027,out_of_years,all-amg-news-media
"May 26, 2026",2027 Mercedes-AMG GLC 53 SUV Quick Reference Guide,https://media.mbusa.com/news/2027-mercedes-amg-glc-53-suv-quick-reference-guide,mercedes-benz/glc,2027,out_of_years,all-amg-news-media
"April 1, 2026",2027 Mercedes-Benz GLC Electric Quick Reference Guide,https://media.mbusa.com/news/2027-mercedes-benz-glc-electric-quick-reference-guide,mercedes-benz/glc,2027,out_of_years,all-glc-class-news-media
"May 13, 2026",2027 Mercedes-Benz S-Class Quick Reference Guide,https://media.mbusa.com/news/2027-mercedes-benz-s-class-quick-reference-guide,mercedes-benz/s-class,2027,out_of_years,all-s-class-news-media
"July 7, 2026",2027 Mercedes-Maybach S-Class Quick Reference Guide,https://media.mbusa.com/news/2027-mercedes-maybach-s-class-quick-reference-guide,mercedes-benz/s-class,2027,out_of_years,all-maybach-news-media
"May 6, 2022","""The Flip”: automotive one-off to promote technology skills for future generations",https://media.mbusa.com/news/the-flip-automotive-one-off-to-promote-technology-skills-for-future-generations,,,skip,all-amg-news-media
"September 7, 2025",1 megawatt charging: CONCEPT AMG GT XX once again demonstrates exceptional performance – this time at the charging station,https://media.mbusa.com/news/1-megawatt-charging-concept-amg-gt-xx-once-again-demonstrates-exceptional-performance-this-time-at-the-charging-station,,,skip,all-amg-news-media
"September 5, 2021","100 percent emotions, zero percent emissions",https://media.mbusa.com/news/100-percent-emotions-zero-percent-emissions,,,skip,all-amg-news-media
"September 28, 2021","100 years of Maybach automotive manufacturing: World premiere of the limited anniversary edition ""Edition 100""",https://media.mbusa.com/news/100-years-of-maybach-automotive-manufacturing-world-premiere-of-the-limited-anniversary-edition-edition-100,,,skip,all-maybach-news-media
"April 13, 2021",100 years on – why Mercedes-Maybach is the pinnacle of luxury and creative empowerment,https://media.mbusa.com/news/100-years-on-why-mercedes-maybach-is-the-pinnacle-of-luxury-and-creative-empowerment,,,skip,all-maybach-news-media
"February 13, 2020",12th special edition from Mercedes-AMG and Cigarette Racing celebrates its world debut,https://media.mbusa.com/news/12th-special-edition-from-mercedes-amg-and-cigarette-racing-celebrates-its-world-debut,,,skip,all-amg-news-media
"January 31, 2025",30 Years of the Mercedes-Benz Sprinter: A Legacy of Innovation and Excellence,https://media.mbusa.com/news/30-years-of-the-mercedes-benz-sprinter-a-legacy-of-innovation-and-excellence,,,skip,all-van-news-media
"May 5, 2025","30 Years, 5 million Mercedes-Benz Sprinter: A Global Success Story",https://media.mbusa.com/news/30-years-5-million-mercedes-benz-sprinter-a-global-success-story,,,skip,all-van-news-media
"October 2, 2024",6:29.090 min: Mercedes-AMG ONE breaks its own lap record on the Nürburgring-Nordschleife,https://media.mbusa.com/news/629090-min-mercedes-amg-one-breaks-its-own-lap-record-on-the-nurburgring-nordschleife,,,skip,all-amg-news-media
"September 22, 2016",A Fresh Design Statement,https://media.mbusa.com/news/a-fresh-design-statement-1,,,skip,all-cla-class-news-media
"January 30, 2017",AMG-Team Riley Motorsports Finishes Third In IMSA Debut of Mercedes-AMG GT3,https://media.mbusa.com/news/amg-team-riley-motorsports-finishes-third-in-imsa-debut-of-mercedes-amg-gt3,,,skip,all-amg-news-media
"March 11, 2021",All-new Mercedes-AMG SL on final winter development drive,https://media.mbusa.com/news/all-new-mercedes-amg-sl-on-final-winter-development-drive,,,skip,all-amg-news-media
"November 1, 2022","All-new fully-electric EQE Sedan to start from $74,900",https://media.mbusa.com/news/all-new-fully-electric-eqe-sedan-to-start-from-74900,,,skip,all-eq-news-media
"December 21, 2020",An impressive start to the new year: Mercedes-Benz unveils the MBUX Hyperscreen,https://media.mbusa.com/news/an-impressive-start-to-the-new-year-mercedes-benz-unveils-the-mbux-hyperscreen,,,skip,all-eq-news-media
"December 9, 2020",At a glance: The next-generation eSprinter based on the Mercedes-Benz Electric Versatility Platform,https://media.mbusa.com/news/at-a-glance-the-next-generation-esprinter-based-on-the-mercedes-benz-electric-versatility-platform,,,skip,all-van-news-media
"August 30, 2017",Autonomous concept car smart vision EQ fortwo,https://media.mbusa.com/news/autonomous-concept-car-smart-vision-eq-fortwo,,,skip,archive
"July 15, 2019","Awe-inspiring new Mercedes-AMG GT R PRO to start from $199,650",https://media.mbusa.com/news/awe-inspiring-new-mercedes-amg-gt-r-pro-to-start-from-199650,,,skip,all-amg-news-media
"August 4, 2017",Best-Selling Mercedes-Benz Model Offers Improved Performance,https://media.mbusa.com/news/best-selling-mercedes-benz-model-offers-improved-performance,,,skip,all-amg-news-media
"June 26, 2017",Black Swan Racing Leads Mercedes-AMG Motorsport Customer Racing Teams With Pirelli World Challenge Double Podiums at Road America,https://media.mbusa.com/news/black-swan-racing-leads-mercedes-amg-motorsport-customer-racing-teams-with-pirelli-world-challenge-double-podiums-at-road-america,,,skip,all-amg-news-media
"July 31, 2017",Black Swan Racing and Champ1 Score Mercedes- AMG GT3 Pirelli World Challenge GTA-Class Podium Finishes at Mid-Ohio,https://media.mbusa.com/news/black-swan-racing-and-champ1-score-mercedes-amg-gt3-pirelli-world-challenge-gta-class-podium-finishes-at-mid-ohio,,,skip,all-amg-news-media
"October 28, 2025",CONCEPT AMG GT TRACK SPORT completes first successful test miles,https://media.mbusa.com/news/concept-amg-gt-track-sport-completes-first-successful-test-miles,,,skip,all-amg-news-media
"July 25, 2025",CONCEPT AMG GT TRACK SPORT: new high performance project from Mercedes-AMG,https://media.mbusa.com/news/concept-amg-gt-track-sport-new-high-performance-project-from-mercedes-amg,,,skip,all-amg-news-media
"August 25, 2025","CONCEPT AMG GT XX redefines performance: Technology pioneer shatters records and drives ""around the world in eight days""",https://media.mbusa.com/news/concept-amg-gt-xx-redefines-performance-technology-pioneer-shatters-records-and-drives-around-the-world-in-eight-days,,,skip,all-amg-news-media
"June 25, 2025",CONCEPT AMG GT XX – a New Dimension of Performance,https://media.mbusa.com/news/concept-amg-gt-xx-a-new-dimension-of-performance,,,skip,all-amg-news-media
"August 28, 2025",CONCEPT AMG GT XX: Record-Breaking Innovations for Relentless Performance,https://media.mbusa.com/news/concept-amg-gt-xx-record-breaking-innovations-for-relentless-performance,,,skip,all-amg-news-media
"May 27, 2017",Celebrating 50 years of Mercedes-AMG success,https://media.mbusa.com/news/amg-celebrating-50-years-of-mercedes-amg-success,,,skip,all-amg-news-media
"January 12, 2017",Celebrating 50 years of Mercedes-AMG success,https://media.mbusa.com/news/celebrating-50-years-of-mercedes-amg-success,,,skip,all-amg-news-media
"July 16, 2019",Christian Struwe named Vice President & CFO For Mercedes-Benz USA,https://media.mbusa.com/news/christian-struwe-named-vice-president-cfoo-for-mercedes-benz-usa,,,skip,archive
"May 19, 2021",Completely new bodyshell for upcoming Mercedes-AMG SL,https://media.mbusa.com/news/completely-new-bodyshell-for-upcoming-mercedes-amg-sl,,,skip,all-amg-news-media
"July 25, 2017",Customer Racing: Premiere at Spa-Francorchamps,https://media.mbusa.com/news/customer-racing-premiere-at-spa-francorchamps,,,skip,all-amg-news-media
"April 17, 2024",David LaChapelle reunites with Mercedes-Maybach to artistically interpret iconic design,https://media.mbusa.com/news/david-lachapelle-reunites-with-mercedes-maybach-to-artistically-interpret-iconic-design,,,skip,all-maybach-news-media
"April 22, 2025",Dawn of a New Era: Vision V Sets the Stage for a New Segment of Luxury Limousines,https://media.mbusa.com/news/dawn-of-a-new-era-vision-v-sets-the-stage-for-a-new-segment-of-luxury-limousines,,,skip,all-van-news-media
"October 9, 2017",Driver Assistance Tech FAQ,https://media.mbusa.com/news/driver-assistance-tech-faq,,,skip,all-s-class-news-media
"May 2, 2017",Driver assistance systems: the next step,https://media.mbusa.com/news/driver-assistance-systems-the-next-step,,,skip,all-s-class-news-media
"February 14, 2019",Driving Performance on land and on water,https://media.mbusa.com/news/driving-performance-on-land-and-on-water,,,skip,all-amg-news-media
"March 19, 2024",Elegant driving pleasure for purists: the new Mercedes-AMG GT 43 Coupe,https://media.mbusa.com/news/elegant-driving-pleasure-for-purists-the-new-mercedes-amg-gt-43-coupe,,,skip,all-amg-news-media
"December 8, 2017",Emission-free driving,https://media.mbusa.com/news/emission-free-driving,,,skip,archive
"June 9, 2020",Exclusive Special Edition Maybach limited to just 15 units,https://media.mbusa.com/news/exclusive-special-edition-maybach-limited-to-just-15-units,,,skip,all-maybach-news-media
"July 13, 2021",Exclusive insights into the interior of the new Mercedes-AMG SL,https://media.mbusa.com/news/exclusive-insights-into-the-interior-of-the-new-mercedes-amg-sl,,,skip,all-amg-news-media
"May 4, 2017",Expanded Mercedes-AMG GT3 Effort Set To Extend IMSA WeatherTech SportsCar Championship GTD Points Leads in Texas,https://media.mbusa.com/news/expanded-mercedes-amg-gt3-effort-set-to-extend-imsa-weathertech-sportscar-championship-gtd-points-leads-in-texas,,,skip,all-amg-news-media
"February 4, 2021",FCP Euro Unveils IMSA Michelin Pilot Challenge Program with Mercedes-AMG Motorsport Customer Racing,https://media.mbusa.com/news/fcp-euro-unveils-imsa-michelin-pilot-challenge-program-with-mercedes-amg-motorsport-customer-racing,,,skip,all-amg-news-media
"July 24, 2017",Facts About “Greatness Lives Here”,https://media.mbusa.com/news/facts-about-greatness-lives-here,,,skip,archive
"October 16, 2023",First SUV with Mercedes-AMG-exclusive E PERFORMANCE hybrid technology,https://media.mbusa.com/news/first-suv-with-mercedes-amg-exclusive-e-performance-hybrid-technology,,,skip,all-amg-news-media
"February 5, 2024",First fully electric van from Mercedes-Benz: The all-new eSprinter hits the road,https://media.mbusa.com/news/first-fully-electric-van-from-mercedes-benz-the-all-new-esprinter-hits-the-road,,,skip,all-van-news-media
"August 15, 2022",First glimpse of the interior of the new EQE SUV,https://media.mbusa.com/news/first-glimpse-of-the-interior-of-the-new-eqe-suv,,,skip,all-eq-news-media
"September 22, 2016",First mid-size SUV from AMG in Affalterbach,https://media.mbusa.com/news/first-mid-size-suv-from-amg-in-affalterbach,,,skip,all-glc-class-news-media
"January 26, 2018","For Mercedes-Benz, this Year’s Big Game is Played on the Small Screen",https://media.mbusa.com/news/for-mercedes-benz-this-years-big-game-is-played-on-the-small-screen,,,skip,all-amg-news-media
"March 16, 2022",Four Mercedes-AMG GT3 Teams Across Two Different IMSA WeatherTech SportsCar Championship Classes Compete Saturday in the 70th Running of the 12 Hours of Sebring at Sebring International Raceway,https://media.mbusa.com/news/four-mercedes-amg-gt3-teams-across-two-different-imsa-weathertech-sportscar-championship-classes-compete-saturday-in-the-70th-running-of-the-12-hours-of-sebring-at-sebring-international-raceway,,,skip,all-amg-news-media
"February 14, 2018",Four-door Mercedes-AMG GT Coupe Aerodynamics Teaser,https://media.mbusa.com/news/four-door-mercedes-amg-gt-coupe-aerodynamics-teaser-photos,,,skip,all-amg-news-media
"February 20, 2018",Four-door Mercedes-AMG GT Coupe Teaser,https://media.mbusa.com/news/four-door-mercedes-amg-gt-coupe-teaser-2,,,skip,all-amg-news-media
"February 10, 2018",Four-door Mercedes-AMG GT Coupe Teaser,https://media.mbusa.com/news/four-door-mercedes-amg-gt-coupe-teaser,,,skip,all-amg-news-media
"September 4, 2025",GT Racing meets Formula 1®: the new Mercedes-AMG GT2 Edition W16,https://media.mbusa.com/news/gt-racing-meets-formula-1-the-new-mercedes-amg-gt2-edition-w16,,,skip,all-amg-news-media
"September 5, 2018",Global Production Network,https://media.mbusa.com/news/mercedes-benz-vans-opens-new-sprinter-plant-in-north-charleston-amazon-becomes-the-worlds-largest-sprinter-customer,,,skip,all-van-news-media
"December 12, 2024",High performance and electric: Mercedes-AMG SUV and four-door coupe start testing,https://media.mbusa.com/news/high-performance-and-electric-mercedes-amg-suv-and-four-door-coupe-start-testing,,,skip,all-amg-news-media
"June 24, 2021",Highly exclusive 13th special edition boat from Mercedes-AMG and Cigarette Racing celebrates world debut,https://media.mbusa.com/news/highly-exclusive-13th-special-edition-boat-from-mercedes-amg-and-cigarette-racing-celebrates-world-debut,,,skip,all-gt-news-media
"February 1, 2021",Historic Mercedes-AMG GT3 Victory Anchors One-Two Mercedes-AMG Motorsport Customer Racing Finish in the Rolex 24 At Daytona,https://media.mbusa.com/news/historic-mercedes-amg-gt3-victory-anchors-one-two-mercedes-amg-motorsport-customer-racing-finish-in-the-rolex-24-at-daytona,,,skip,all-amg-news-media
"May 21, 2021",IWC Schaffhausen and long-standing partner Mercedes-AMG launch a performance engineering inspired chronograph,https://media.mbusa.com/news/iwc-schaffhausen-and-long-standing-partner-mercedes-amg-launch-a-performance-engineering-inspired-chronograph,,,skip,all-amg-news-media
"January 12, 2023","In the original racing car look: ""Motorsport Collectors Edition"" for Mercedes AMG SL 63",https://media.mbusa.com/news/in-the-original-racing-car-look-motorsport-collectors-edition-for-mercedes-amg-sl-63,,,skip,all-amg-news-media
"January 6, 2020",Inspired by the future: The VISION AVTR,https://media.mbusa.com/news/inspired-by-the-future-the-vision-avtr,,,skip,search Quick Reference Guide
"March 5, 2026",Just 5 more days to go until the beginning of a new era: World premiere of the all-new electric Mercedes Benz VLE with online livestream,https://media.mbusa.com/news/just-5-more-days-to-go-until-the-beginning-of-a-new-era-world-premiere-of-the-all-new-electric-mercedes-benz-vle-with-online-livestream,,,skip,all-van-news-media
"September 18, 2024",Limited and highly exclusive: Mercedes-AMG GT 63 PRO 4MATIC+ “Motorsport Collectors Edition”,https://media.mbusa.com/news/limited-and-highly-exclusive-mercedes-amg-gt-63-pro-4matic-motorsport-collectors-edition,,,skip,all-amg-news-media
"March 16, 2022",Luxury of the future: Mercedes-Benz conserves resources and uses sustainable materials,https://media.mbusa.com/news/luxury-of-the-future-mercedes-benz-conserves-resources-and-uses-sustainable-materials,,,skip,search Specifications
"February 15, 2017","MBUSA Presents ""Blazing Trails with the Benz Brand""",https://media.mbusa.com/news/mbusa-presents-blazing-trails-with-the-benz-brand,,,skip,archive
"November 1, 2019","MERCEDES-BENZ reports October sales of 27,867 vehicles, UP 1.2%",https://media.mbusa.com/news/mercedes-benz-reports-october-sales-of-27867-vehicles-up-12,,,skip,archive
"February 20, 2025","Mastering Transformation: Making Mercedes-Benz leaner, faster and stronger",https://media.mbusa.com/news/mastering-transformation-making-mercedes-benz-leaner-faster-and-stronger,,,skip,search Specifications
"June 4, 2020",Meet Mercedes DIGITAL #3: The Sprinter - 25 years of transportation,https://media.mbusa.com/news/meet-mercedes-digital-3-the-sprinter-25-years-of-transportation,,,skip,all-van-news-media
"January 29, 2026",Mercedes Benz accelerates future robotaxi ecosystem and collaborates with industry-leading partners,https://media.mbusa.com/news/mercedes-benz-accelerates-future-robotaxi-ecosystem-and-collaborates-with-industry-leading-partners,,,skip,all-s-class-news-media
"October 9, 2023",Mercedes Maybach teams with Space Perspective to offer a look into the beyond,https://media.mbusa.com/news/mercedes-maybach-teams-with-space-perspective-to-offer-a-look-into-the-beyond,,,skip,all-maybach-news-media
"February 1, 2019","Mercedes- Benz reports January sales of 22,507 units",https://media.mbusa.com/news/atlanta,,,skip,archive
"January 26, 2017",Mercedes-AMG Begins New Era of North American Competition This Weekend at The Rolex 24 At Daytona,https://media.mbusa.com/news/mercedes-amg-begins-new-era-of-north-american-competition-this-weekend-at-the-rolex-24-at-daytona,,,skip,all-amg-news-media
"July 13, 2020",Mercedes-AMG Black Series Retrospective: The Absolute Pinnacle of Driving Performance,https://media.mbusa.com/news/mercedes-amg-black-series-the-absolute-pinnacle-of-driving-performance,,,skip,all-amg-news-media
"January 30, 2017",Mercedes-AMG Customer Sports Teams Lead and in Contention in Daytona and IMSA Debut,https://media.mbusa.com/news/mercedes-amg-customer-sports-teams-lead-and-in-contention-in-daytona-and-imsa-debut,,,skip,all-amg-news-media
"November 7, 2024","Mercedes-AMG Develops First Standalone High Performance SUV, “Born in Affalterbach”",https://media.mbusa.com/news/mercedes-amg-develops-first-standalone-high-performance-suv-born-in-affalterbach,,,skip,all-amg-news-media
"February 15, 2022",Mercedes-AMG EQE: New all-electric performance sedan from Affalterbach,https://media.mbusa.com/news/mercedes-amg-eqe-new-all-electric-performance-sedan-from-affalterbach,,,skip,all-amg-news-media
"December 1, 2020","Mercedes-AMG GT Black Series to start from $325,000*",https://media.mbusa.com/news/mercedes-amg-gt-black-series-to-start-from-325000,,,skip,all-amg-news-media
"March 7, 2017",Mercedes-AMG GT Concept,https://media.mbusa.com/news/mercedes-amg-gt-concept,,,skip,archive
"April 6, 2017","Mercedes-AMG GT R MSRP is $157,000",https://media.mbusa.com/news/mercedes-amg-gt-r-msrp-is-157000,,,skip,all-amg-news-media
"March 30, 2017",Mercedes-AMG GT Roadster and Mercedes-AMG GT C Roadster: Open-top driving performance as a twin pack,https://media.mbusa.com/news/mercedes-amg-gt-roadster-and-mercedes-amg-gt-c-roadster-open-top-driving-performance-as-a-twin-pack,,,skip,all-amg-news-media
"May 7, 2017",Mercedes-AMG GT3 Driven to Third-Straight IMSA WeatherTech SportsCar Championship Victory Saturday at Circuit of The Americas,https://media.mbusa.com/news/mercedes-amg-gt3-driven-to-third-straight-imsa-weathertech-sportscar-championship-victory-saturday-at-circuit-of-the-americas,,,skip,all-amg-news-media
"April 6, 2022",Mercedes-AMG GT3 Teams Bring Podium Momentum to 100-Minute IMSA WeatherTech SportsCar Championship Race in the Streets Saturday at the Grand Prix of Long Beach,https://media.mbusa.com/news/mercedes-amg-gt3-teams-bring-podium-momentum-to-100-minute-imsa-weathertech-sportscar-championship-race-in-the-streets-saturday-at-the-grand-prix-of-long-beach,,,skip,all-amg-news-media
"June 1, 2017","Mercedes-AMG GT3 Teams Look to Extend IMSA GTD Manufacturer, Driver and Team Championship Leads at Detroit Grand Prix",https://media.mbusa.com/news/mercedes-amg-gt3-teams-look-to-extend-imsa-gtd-manufacturer-driver-and-team-championship-leads-at-detroit-grand-prix,,,skip,all-amg-news-media
"April 28, 2025",Mercedes-AMG GT3 Teams Regulator Racing and JMF Motorsports Sweep Sunday Victories in GT World Challenge America Powered by AWS Race at Circuit of The Americas,https://media.mbusa.com/news/mercedes-amg-gt3-teams-regulator-racing-and-jmf-motorsports-sweep-sunday-victories-in-gt-world-challenge-america-powered-by-aws-race-at-circuit-of-the-americas,,,skip,all-amg-news-media
"July 1, 2017",Mercedes-AMG GT3 Teams Shift Focus to Race Strategy and Preparation After Early End to IMSA WeatherTech Qualifying at The Glen,https://media.mbusa.com/news/mercedes-amg-gt3-teams-shift-focus-to-race-strategy-and-preparation-after-early-end-to-imsa-weathertech-qualifying-at-the-glen,,,skip,all-amg-news-media
"July 26, 2017",Mercedes-AMG GT3 Teams to Race This Weekend at Mid-Ohio Sports Car Course in the Pirelli World Challenge Series,https://media.mbusa.com/news/mercedes-amg-gt3-teams-to-race-this-weekend-at-mid-ohio-sports-car-course-in-the-pirelli-world-challenge-series,,,skip,all-amg-news-media
"March 17, 2017",Mercedes-AMG GT3 Wins GTD Pole in 12 Hours of Sebring Debut,https://media.mbusa.com/news/mercedes-amg-gt3-wins-gtd-pole-in-12-hours-of-sebring-debut,,,skip,all-amg-news-media
"January 24, 2019",Mercedes-AMG GT3 and GT4 Teams Return to Florida for IMSA WeatherTech SportsCar Championship Rolex 24 At Daytona and IMSA Michelin Pilot Challenge Season-Opening Races,https://media.mbusa.com/news/mercedes-amg-motorsport-customer-racing-teams-competing-this-weekend-at-daytona-in-opening-races-of-imsas-50th-anniversary-season,,,skip,all-amg-news-media
"August 22, 2019",Mercedes-AMG GT3 and Mercedes-AMG GT4 Teams Continue Competitive Summer of IMSA Racing this Weekend at VIRginia International Raceway,https://media.mbusa.com/news/nine-mercedes-amg-motorsport-customer-racing-teams-compete-at-virginia-international-raceway-vir-this-weekend-in-the-imsa-weathertech-sportscar-championship-and-imsa-michelin-pilot-challenge,,,skip,all-amg-news-media
"November 9, 2017",Mercedes-AMG GT4 Makes North American Debut This Weekend in Inaugural 24H Series Race at Circuit of The Americas in Texas,https://media.mbusa.com/news/mercedes-amg-gt4-makes-north-american-debut-this-weekend-in-inaugural-24h-series-race-at-circuit-of-the-americas-in-texas,,,skip,all-amg-news-media
"September 3, 2019",Mercedes-AMG GT4 Secures Sixth Victory of Pirelli GT4 America Season with Murillo Racing at Watkins Glen International,https://media.mbusa.com/news/mercedes-amg-gt4-secures-sixth-victory-of-pirelli-gt4-america-season-with-murillo-racing-at-watkins-glen-international,,,skip,all-amg-news-media
"January 27, 2026",Mercedes-AMG Kicks Off its IMSA Title Defense Mission at the Rolex 24 At Daytona with a GTD Victory and a GTD Pro Double Podium Finish,https://media.mbusa.com/news/mercedes-amg-kicks-off-its-imsa-title-defense-mission-at-the-rolex-24-at-daytona-with-a-gtd-victory-and-a-gtd-pro-double-podium-finish,,,skip,all-amg-news-media
"July 5, 2017",Mercedes-AMG Motorsport Customer Racing Canada Bound for This Weekend's IMSA Race After Sunday's Sahlen's Six Hours of The Glen,https://media.mbusa.com/news/mercedes-amg-motorsport-customer-racing-canada-bound-for-this-weekends-imsa-race-after-sundays-sahlens-six-hours-of-the-glen,,,skip,all-amg-news-media
"August 10, 2021",Mercedes-AMG Motorsport Customer Racing Competitors Secure Class Victory and Team Podium Sweep at SRO GT America Doubleheader in Nashville and IMSA SportsCar Weekend at Road America,https://media.mbusa.com/news/mercedes-amg-motorsport-customer-racing-competitors-secure-class-victory-and-team-podium-sweep-at-sro-gt-america-doubleheader-in-nashville-and-imsa-sportscar-weekend-at-road-america,,,skip,all-amg-news-media
"April 18, 2022",Mercedes-AMG Motorsport Customer Racing Entries Secure Eight Podium Finishes and Two Poles in Competitive SRO America Season-Opening Weekend at Sonoma Raceway,https://media.mbusa.com/news/mercedes-amg-motorsport-customer-racing-entries-secure-eight-podium-finishes-and-two-poles-in-competitive-sro-america-season-opening-weekend-at-sonoma-raceway,,,skip,all-amg-news-media
"August 14, 2017",Mercedes-AMG Motorsport Customer Racing Team Black Swan Racing Podiums Sunday in Utah Motorsports Campus Pirelli World Challenge SprintX,https://media.mbusa.com/news/mercedes-amg-motorsport-customer-racing-team-black-swan-racing-podiums-sunday-in-utah-motorsports-campus-pirelli-world-challenge-sprintx,,,skip,all-amg-news-media
"May 11, 2026",Mercedes-AMG Motorsport Customer Racing Team JMF Motorsports Secures First Podium Finish with First-Year Drivers Jason Daskalos and Lorcan Hanafin in the No. 27 Mercedes-AMG GT3 at Sebring,https://media.mbusa.com/news/mercedes-amg-motorsport-customer-racing-team-jmf-motorsports-secures-first-podium-finish-with-first-year-drivers-jason-daskalos-and-lorcan-hanafin-in-the-no-27-mercedes-amg-gt3-at-sebring,,,skip,all-amg-news-media
"June 15, 2026",Mercedes-AMG Motorsport Customer Racing Team JMF Motorsports Secures First Race Win with New No. 27 Mercedes-AMG GT3 Team and Co-Drivers Jason Daskalos and Philip Ellis at Michelin Raceway Road Atlanta,https://media.mbusa.com/news/mercedes-amg-motorsport-customer-racing-team-jmf-motorsports-secures-first-race-win-with-new-no-27-mercedes-amg-gt3-team-and-co-drivers-jason-daskalos-and-philip-ellis-at-michelin-raceway-road-atlanta,,,skip,all-amg-news-media
"March 30, 2026",Mercedes-AMG Motorsport Customer Racing Team JMF Motorsports Wins Inaugural Race of New GT World Challenge America Three-Hour Era at Sonoma Raceway on Sunday,https://media.mbusa.com/news/mercedes-amg-motorsport-customer-racing-team-jmf-motorsports-wins-inaugural-race-of-new-gt-world-challenge-america-three-hour-era-at-sonoma-raceway-on-sunday,,,skip,all-amg-news-media
"April 27, 2026",Mercedes-AMG Motorsport Customer Racing Team JMF Motorsports a Perfect Two-for-Two in GT World Challenge America Three-Hour Race Era with Second Consecutive Pro Class Win Sunday at COTA,https://media.mbusa.com/news/mercedes-amg-motorsport-customer-racing-team-jmf-motorsports-a-perfect-two-for-two-in-gt-world-challenge-america-three-hour-race-era-with-second-consecutive-pro-class-win-sunday-at-cota,,,skip,all-amg-news-media
"September 28, 2026",Mercedes-AMG Motorsport Customer Racing Team JMF Motorsports and Mercedes-AMG Bring Extended GT World Challenge Championship Points Leads to Season Finale After Second-Place Finish in Alabama,https://media.mbusa.com/news/mercedes-amg-motorsport-customer-racing-team-jmf-motorsports-and-mercedes-amg-bring-extended-gt-world-challenge-championship-points-leads-to-season-finale-after-second-place-finish-in-alabama,,,skip,all-amg-news-media
"June 23, 2025",Mercedes-AMG Motorsport Customer Racing Team Korthoff Competition Motors Perseveres to Season-Best Third-Place Finish Sunday at the Sahlen’s Six Hours of The Glen,https://media.mbusa.com/news/mercedes-amg-motorsport-customer-racing-team-korthoff-competition-motors-perseveres-to-season-best-third-place-finish-sunday-at-the-sahlens-six-hours-of-the-glen,,,skip,all-amg-news-media
"August 28, 2017",Mercedes-AMG Motorsport Customer Racing Team Podiums in IMSA WeatherTech SportsCar Championship Michelin GT Challenge at VIR,https://media.mbusa.com/news/mercedes-amg-motorsport-customer-racing-team-podiums-in-imsa-weathertech-sportscar-championship-michelin-gt-challenge-at-vir,,,skip,all-amg-news-media
"September 1, 2026",Mercedes-AMG Motorsport Customer Racing Team TR3 Racing Secures First GT World Challenge Three-Hour Race Win with the No. 9 Mercedes-AMG GT3 and Co-Drivers Brayton Williams and Daniel Morad at Road America,https://media.mbusa.com/news/mercedes-amg-motorsport-customer-racing-team-tr3-racing-secures-first-gt-world-challenge-three-hour-race-win-with-the-no-9-mercedes-amg-gt3-and-co-drivers-brayton-williams-and-daniel-morad-at-road-america,,,skip,all-amg-news-media
"September 22, 2025",Mercedes-AMG Motorsport Customer Racing Team Winward Racing Brings Biggest Championship Lead of the Season to Next Month’s IMSA WeatherTech SportsCar Championship Finale After a Top-Five Finish at Indianapolis Motor Speedway,https://media.mbusa.com/news/mercedes-amg-motorsport-customer-racing-team-winward-racing-brings-biggest-championship-lead-of-the-season-to-next-months-imsa-weathertech-sportscar-championship-finale-after-a-top-five-finish-at-indianapolis-motor-speedway,,,skip,all-amg-news-media
"May 12, 2025",Mercedes-AMG Motorsport Customer Racing Team Winward Racing Extends IMSA GT Daytona (GTD) Championship Leads and Mercedes-AMG Returns to the Top of The GTD Manufacturer Standings with WeatherTech Raceway Laguna Seca Race Win,https://media.mbusa.com/news/mercedes-amg-motorsport-customer-racing-team-winward-racing-extends-imsa-gt-daytona-gtd-championship-leads-and-mercedes-amg-returns-to-the-top-of-the-gtd-manufacturer-standings-with-weathertech-raceway-laguna-seca-race-win,,,skip,all-amg-news-media
"June 9, 2025",Mercedes-AMG Motorsport Customer Racing Team Winward Racing Rebounds for Second-Place IMSA Michelin Pilot Challenge Podium Finish Sunday at Mid-Ohio Sports Car Course,https://media.mbusa.com/news/mercedes-amg-motorsport-customer-racing-team-winward-racing-rebounds-for-second-place-imsa-michelin-pilot-challenge-podium-finish-sunday-at-mid-ohio-sports-car-course,,,skip,all-amg-news-media
"August 3, 2026",Mercedes-AMG Motorsport Customer Racing Team Winward Racing Secures IMSA GTD Series-Leading Third Win of the Season Sunday in the Inaugural Six-Hour SportsCar Endurance Grand Prix at Road America,https://media.mbusa.com/news/mercedes-amg-motorsport-customer-racing-team-winward-racing-secures-imsa-gtd-series-leading-third-win-of-the-season-sunday-in-the-inaugural-six-hour-sportscar-endurance-grand-prix-at-road-america,,,skip,all-amg-news-media
"July 13, 2026",Mercedes-AMG Motorsport Customer Racing Team Winward Racing Secures Victory in Sunday’s IMSA WeatherTech GT Daytona (GTD) Race at Canadian Tire Motorsport Park,https://media.mbusa.com/news/mercedes-amg-motorsport-customer-racing-team-winward-racing-secures-victory-in-sundays-imsa-weathertech-gt-daytona-gtd-race-at-canadian-tire-motorsport-park,,,skip,all-amg-news-media
"August 25, 2025",Mercedes-AMG Motorsport Customer Racing Team Winward Racing and Mercedes-AMG Win Class-Leading Third Race of the IMSA WeatherTech SportsCar Championship GT Daytona (GTD) Season Sunday at VIRginia International Raceway (VIR),https://media.mbusa.com/news/mercedes-amg-motorsport-customer-racing-team-winward-racing-and-mercedes-amg-win-class-leading-third-race-of-the-imsa-weathertech-sportscar-championship-gt-daytona-gtd-season-sunday-at-virginia-international-raceway-vir,,,skip,all-amg-news-media
"May 17, 2017",Mercedes-AMG Motorsport Customer Racing Teams Bring Momentum to Canadian Tire Motorsport Park,https://media.mbusa.com/news/mercedes-amg-motorsport-customer-racing-teams-bring-momentum-to-canadian-tire-motorsport-park,,,skip,all-amg-news-media
"April 22, 2024",Mercedes-AMG Motorsport Customer Racing Teams CRP Racing and Lone Star Racing Sweep GT America Powered by AWS Race Wins at the Grand Prix of Long Beach,https://media.mbusa.com/news/mercedes-amg-motorsport-customer-racing-teams-crp-racing-and-lone-star-racing-sweep-gt-america-powered-by-aws-race-wins-at-the-grand-prix-of-long-beach,,,skip,all-amg-news-media
"September 10, 2018",Mercedes-AMG Motorsport Customer Racing Teams Cap All-Podium Weekend at WeatherTech Raceway Laguna Seca with Third-Place IMSA WeatherTech SportsCar Championship Showing with Mercedes-AMG Team Riley,https://media.mbusa.com/news/mercedes-amg-motorsport-customer-racing-teams-cap-all-podium-weekend-at-weathertech-raceway-laguna-seca-with-third-place-imsa-weathertech-sportscar-championship-showing-with-mercedes-amg-team-riley,,,skip,all-amg-news-media
"October 14, 2019",Mercedes-AMG Motorsport Customer Racing Teams Clinch Four IMSA Championships with Michelin Endurance Cup and Michelin Pilot Challenge Titles at Petit Le Mans,https://media.mbusa.com/news/mercedes-amg-motorsport-customer-racing-teams-clinch-four-imsa-championships-with-michelin-endurance-cup-and-michelin-pilot-challenge-titles-in-season-ending-imsa-weathertech-sportscar-championship-at-petit-le-mans,,,skip,all-amg-news-media
"August 6, 2021",Mercedes-AMG Motorsport Customer Racing Teams Compete Across Three Racing Series in Dual IMSA and SRO America Events This Weekend at Road America in Wisconsin and the Music City Grand Prix in Nashville,https://media.mbusa.com/news/mercedes-amg-motorsport-customer-racing-teams-compete-across-three-racing-series-in-dual-imsa-and-sro-america-events-this-weekend-at-road-america-in-wisconsin-and-the-music-city-grand-prix-in-nashville,,,skip,all-amg-news-media
"April 5, 2017",Mercedes-AMG Motorsport Customer Racing Teams Compete at Grand Prix of Long Beach,https://media.mbusa.com/news/mercedes-amg-gt3-to-race-in-imsa-weathertech-sportscar-championship-and-pirelli-world-challenge-at-grand-prix-of-long-beach,,,skip,all-amg-news-media
"October 4, 2017",Mercedes-AMG Motorsport Customer Racing Teams Competing in Saturday’s IMSA WeatherTech SportsCar Championship Petit Le Mans at Road Atlanta,https://media.mbusa.com/news/mercedes-amg-motorsport-customer-racing-teams-competing-in-saturdays-imsa-weathertech-sportscar-championship-petit-le-mans-at-road-atlanta,,,skip,all-amg-news-media
"June 10, 2024",Mercedes-AMG Motorsport Customer Racing Teams Deliver Perfect Three-for-Three Run of Podium Finishes Across Two IMSA Racing Series at Mid-Ohio Sports Car Course,https://media.mbusa.com/news/mercedes-amg-motorsport-customer-racing-team-winward-racing-secures-imsa-michelin-pilot-challenge-series-leading-third-podium-finish-of-the-season-sunday-at-mid-ohio-sports-car-course,,,skip,all-amg-news-media
"September 18, 2017",Mercedes-AMG Motorsport Customer Racing Teams Earn Two Podiums and a Top- Five Finish in Pirelli World Challenge Season-Finale at Sonoma Raceway,https://media.mbusa.com/news/mercedes-amg-motorsport-customer-racing-teams-earn-two-podiums-and-a-top-five-finish-in-pirelli-world-challenge-season-finale-at-sonoma-raceway,,,skip,all-amg-news-media
"June 24, 2024",Mercedes-AMG Motorsport Customer Racing Teams Extend IMSA WeatherTech Championship and Michelin Endurance Cup GTD Championship Points Leads at the Sahlen’s Six Hours of The Glen,https://media.mbusa.com/news/mercedes-amg-motorsport-customer-racing-teams-extend-imsa-weathertech-championship-and-michelin-endurance-cup-gtd-championship-points-leads-at-the-sahlens-six-hours-of-the-glen,,,skip,all-amg-news-media
"July 15, 2024",Mercedes-AMG Motorsport Customer Racing Teams Extend IMSA WeatherTech SportsCar Championship Leads and Win First VP Racing SportsCar Challenge Race at Canadian Tire Motorsport Park,https://media.mbusa.com/news/mercedes-amg-motorsport-customer-racing-teams-extend-imsa-weathertech-sportscar-championship-leads-and-win-first-vp-racing-sportscar-challenge-race-at-canadian-tire-motorsport-park,,,skip,all-amg-news-media
"March 19, 2017",Mercedes-AMG Motorsport Customer Racing Teams Finish First And Third In 12 Hours Of Sebring,https://media.mbusa.com/news/mercedes-amg-motorsport-customer-racing-teams-finish-first-and-third-in-12-hours-of-sebring,,,skip,all-amg-news-media
"April 8, 2017",Mercedes-AMG Motorsport Customer Racing Teams Finish One-Two in Grand Prix of Long Beach,https://media.mbusa.com/news/mercedes-amg-motorsport-customer-racing-teams-finish-one-two-in-grand-prix-of-long-beach,,,skip,all-amg-news-media
"June 4, 2018",Mercedes-AMG Motorsport Customer Racing Teams Fourth and Eighth in IMSA WeatherTech SportsCar Championship Race Saturday at the Detroit Grand Prix,https://media.mbusa.com/news/mercedes-amg-motorsport-customer-racing-teams-fourth-and-eighth-in-imsa-weathertech-sportscar-championship-race-saturday-at-the-detroit-grand-prix,,,skip,all-amg-news-media
"August 8, 2017",Mercedes-AMG Motorsport Customer Racing Teams Gain IMSA WeatherTech SportsCar Championship Points at Road America,https://media.mbusa.com/news/mercedes-amg-motorsport-customer-racing-teams-gain-imsa-weathertech-sportscar-championship-points-at-road-america,,,skip,all-amg-news-media
"July 1, 2017",Mercedes-AMG Motorsport Customer Racing Teams Pay Tribute to American Fourth of July Holiday with Patriotic Liveries at Watkins Glen,https://media.mbusa.com/news/mercedes-amg-motorsport-customer-racing-teams-pay-tribute-to-american-fourth-of-july-holiday-with-patriotic-liveries-at-watkins-glen,,,skip,all-amg-news-media
"July 10, 2017",Mercedes-AMG Motorsport Customer Racing Teams Persevere to Finish IMSA WeatherTech SportsCar Race at Canadian Tire Motorsport Park,https://media.mbusa.com/news/mercedes-amg-motorsport-customer-racing-teams-persevere-to-finish-imsa-weathertech-sportscar-race-at-canadian-tire-motorsport-park,,,skip,all-amg-news-media
"April 8, 2017",Mercedes-AMG Motorsport Customer Racing Teams Practice and Qualify at Grand Prix of Long Beach,https://media.mbusa.com/news/mercedes-amg-motorsport-customer-racing-teams-practice-and-qualify-at-grand-prix-of-long-beach,,,skip,all-amg-news-media
"March 10, 2017",Mercedes-AMG Motorsport Customer Racing Teams Qualify For Pirelli World Challenge Race At St. Petersburg,https://media.mbusa.com/news/mercedes-amg-motorsport-customer-racing-teams-qualify-for-pirelli-world-challenge-race-at-st-petersburg,,,skip,all-amg-news-media
"May 5, 2017",Mercedes-AMG Motorsport Customer Racing Teams Qualify for Circuit of The Americas IMSA WeatherTech SportsCar Championship Race,https://media.mbusa.com/news/mercedes-amg-motorsport-customer-racing-teams-qualify-for-circuit-of-the-americas-imsa-weathertech-sportscar-championship-race,,,skip,all-amg-news-media
"May 20, 2024",Mercedes-AMG Motorsport Customer Racing Teams Record Third-Straight GT America powered by AWS Win Sweep and Two More Podium Finishes in Another Competitive SRO America Race Weekend at Circuit of The Americas,https://media.mbusa.com/news/mercedes-amg-motorsport-customer-racing-teams-record-third-straight-gt-america-powered-by-aws-win-sweep-and-two-more-podium-finishes-in-another-competitive-sro-america-race-weekend-at-circuit-of-the-americas,,,skip,all-amg-news-media
"September 9, 2024",Mercedes-AMG Motorsport Customer Racing Teams Regulator Racing and CRP Racing Combine for Three Mercedes-AMG GT3 Victories at Barber Motorsports Park to Take SRO America Season Championship Battles to Next Month’s Finale in Indianapolis,https://media.mbusa.com/news/mercedes-amg-motorsport-customer-racing-teams-regulator-racing-and-crp-racing-combine-for-three-mercedes-amg-gt3-victories-at-barber-motorsports-park-to-take-sro-america-season-championship-battles-to-next-months-finale-in-indianapolis,,,skip,all-amg-news-media
"August 20, 2024",Mercedes-AMG Motorsport Customer Racing Teams Regulator Racing and CRP Racing Maintain Championship Hopes with Podium Finishes as Esses Racing Secures First Fanatec GT World Challenge Race Win at Road America,https://media.mbusa.com/news/mercedes-amg-motorsport-customer-racing-teams-regulator-racing-and-crp-racing-maintain-championship-hopes-with-podium-finishes-as-esses-racing-secures-first-fanatec-gt-world-challenge-race-win-at-road-america,,,skip,all-amg-news-media
"July 3, 2020",Mercedes-AMG Motorsport Customer Racing Teams Return to North American Competition in First Three Weekends of July,https://media.mbusa.com/news/mercedes-amg-motorsport-customer-racing-teams-return-to-north-american-competition-in-first-three-weekends-of-july,,,skip,all-amg-news-media
"April 10, 2017","Mercedes-AMG Motorsport Customer Racing Teams Run Competitively in Pirelli World Challenge Race at Long Beach, Finish Sixth in GT and Fifth in GTA",https://media.mbusa.com/news/mercedes-amg-motorsport-customer-racing-teams-run-competitively-in-pirelli-world-challenge-race-at-long-beach-finish-sixth-in-gt-and-fifth-in-gta,,,skip,all-amg-news-media
"August 25, 2020","Mercedes-AMG Motorsport Customer Racing Teams Secure Pole, Two Podium Finishes and the IMSA Michelin Pilot Challenge Points Lead in Successful Weekend of Competition at VIRginia International Raceway",https://media.mbusa.com/news/mercedes-amg-motorsport-customer-racing-teams-secure-pole-two-podium-finishes-and-the-imsa-michelin-pilot-challenge-points-lead-in-successful-weekend-of-competition-at-virginia-international-raceway,,,skip,all-amg-news-media
"May 4, 2021",Mercedes-AMG Motorsport Customer Racing Teams Secure Three Class Victories and 11 Podium Finishes in Successful Weekend of SRO America Championships Competition at Circuit of The Americas,https://media.mbusa.com/news/mercedes-amg-motorsport-customer-racing-teams-secure-three-class-victories-and-11-podium-finishes-in-successful-weekend-of-sro-america-championships-competition-at-circuit-of-the-americas,,,skip,all-amg-news-media
"September 28, 2020",Mercedes-AMG Motorsport Customer Racing Teams Secure Three Podium Finishes across Two IMSA Racing Series at Mid-Ohio Sports Car Course,https://media.mbusa.com/news/mercedes-amg-motorsport-customer-racing-teams-secure-three-podium-finishes-across-two-imsa-racing-series-in-a-successful-weekend-of-competition-at-mid-ohio-sports-car-course,,,skip,all-amg-news-media
"July 13, 2020",Mercedes-AMG Motorsport Customer Racing Teams Secure Three Race Wins and Five Additional Podium Finishes in SRO Motorsports Group America’s Return to Racing at VIR,https://media.mbusa.com/news/mercedes-amg-motorsport-customer-racing-teams-secure-three-race-wins-and-five-additional-podium-finishes-in-sro-motorsports-group-americas-return-to-racing-at-vir,,,skip,all-amg-news-media
"October 5, 2020",Mercedes-AMG Motorsport Customer Racing Teams Secure Two Race Wins and Four Total Podiums at Indianapolis Motor Speedway,https://media.mbusa.com/news/mercedes-amg-motorsport-customer-racing-teams-secure-two-race-wins-and-four-total-podiums-at-indianapolis-motor-speedway,,,skip,all-amg-news-media
"March 31, 2025",Mercedes-AMG Motorsport Customer Racing Teams Secure a Triple Sweep of GT3 Race Wins in the Season-Opening SRO America Race Weekend at Sonoma Raceway,https://media.mbusa.com/news/mercedes-amg-motorsport-customer-racing-teams-secure-a-triple-sweep-of-gt3-race-wins-in-the-season-opening-sro-america-race-weekend-at-sonoma-raceway,,,skip,all-amg-news-media
"March 16, 2017",Mercedes-AMG Motorsport Customer Racing Teams Set For 12 Hours of Sebring Debut This Weekend,https://media.mbusa.com/news/mercedes-amg-motorsport-customer-racing-teams-set-for-12-hours-of-sebring-debut-this-weekend,,,skip,all-amg-news-media
"January 28, 2021",Mercedes-AMG Motorsport Customer Racing Teams Set to compete across two IMSA Racing Series in Season-Opening Rolex 24 At Daytona,https://media.mbusa.com/news/mercedes-amg-motorsport-customer-racing-teams-set-to-compete-across-two-imsa-racing-series-in-season-opening-rolex-24-at-daytona,,,skip,all-amg-news-media
"March 8, 2021",Mercedes-AMG Motorsport Customer Racing Teams Sweep GT America Debut Doubleheader and Secure Fanatec GT World Challenge and Pirelli GT4 Class Victories at Sonoma Raceway,https://media.mbusa.com/news/mercedes-amg-motorsport-customer-racing-teams-sweep-gt-america-debut-doubleheader-and-secure-fanatec-gt-world-challenge-and-pirelli-gt4-class-victories-sunday-at-sonoma-raceway,,,skip,all-amg-news-media
"May 6, 2024",Mercedes-AMG Motorsport Customer Racing Teams Tally Second-Straight GT America powered by AWS Win Sweep and a String of Podium Finishes in Competitive SRO America Championships Race Weekend at Sebring International Raceway,https://media.mbusa.com/news/mercedes-amg-motorsport-customer-racing-teams-tally-second-straight-gt-america-powered-by-aws-win-sweep-and-a-string-of-podium-finishes-in-competitive-sro-america-championships-race-weekend-at-sebring-international-raceway,,,skip,all-amg-news-media
"April 14, 2025",Mercedes-AMG Motorsport Customer Racing Teams Winward Racing and CrowdStrike by Riley Secure Respective IMSA WeatherTech SportsCar Championship and SRO GT America Powered by AWS Fourth-Place Race Finishes at the 50th Grand Prix of Long Beach,https://media.mbusa.com/news/mercedes-amg-motorsport-customer-racing-teams-winward-racing-and-crowdstrike-by-riley-secure-respective-imsa-weathertech-sportscar-championship-and-sro-gt-america-powered-by-aws-fourth-place-race-finishes-at-the-50th-grand-prix-of-long-beach,,,skip,all-amg-news-media
"March 13, 2018",Mercedes-AMG Motorsport Customer Racing Teams in Two Pirelli World Challenge Classes Show Well in Season-Opening Grand Prix of St. Petersburg,https://media.mbusa.com/news/mercedes-amg-motorsport-customer-racing-teams-in-two-pirelli-world-challenge-classes-show-well-in-season-opening-grand-prix-of-st-petersburg,,,skip,all-amg-news-media
"May 25, 2017",Mercedes-AMG Motorsport Customer Racing Teams set to Complete Back-to-Back Schedule of Pirelli World Challenge Races This Weekend at Lime Rock Park,https://media.mbusa.com/news/mercedes-amg-motorsport-customer-racing-teams-set-to-complete-back-to-back-schedule-of-pirelli-world-challenge-races-this-weekend-at-lime-rock-park,,,skip,all-gt-news-media
"August 18, 2020",Mercedes-AMG Project ONE: testing reaches an exciting phase,https://media.mbusa.com/news/mercedes-amg-project-one-testing-reaches-an-exciting-phase,,,skip,all-amg-news-media
"October 8, 2024",Mercedes-AMG Secures Third-Consecutive GT America Manufacturer Championship as Mercedes-AMG Performance Team and Customer Racing Competitors Amass Two Race Wins and Six Total Podium Finishes at Indianapolis,https://media.mbusa.com/news/mercedes-amg-secures-third-consecutive-gt-america-manufacturer-championship-as-mercedes-amg-performance-team-and-customer-racing-competitors-amass-two-race-wins-and-six-total-podium-finishes-at-indianapolis,,,skip,all-amg-news-media
"September 16, 2019",Mercedes-AMG Takes IMSA Michelin Pilot Challenge Grand Sport Manufacturer Championship Points Lead After Third Mercedes-AMG GT4 Race Win of Season at WeatherTech Raceway Laguna Seca,https://media.mbusa.com/news/mercedes-amg-takes-imsa-michelin-pilot-challenge-grand-sport-manufacturer-championship-points-lead-after-third-mercedes-amg-gt4-race-win-of-season-at-weathertech-raceway-laguna-seca,,,skip,all-amg-news-media
"August 26, 2019","Mercedes-AMG Team Riley, Ben Keating and Jeroen Bleekemolen Give Mercedes-AMG GT3 First Win of IMSA WeatherTech SportsCar Championship Season at VIR",https://media.mbusa.com/news/mercedes-amg-motorsport-customer-racing-teams-cap-competitive-weekend-with-first-imsa-weathertech-sportscar-championship-season-victory-at-virginia-international-raceway-vir,,,skip,all-amg-news-media
"September 2, 2025",Mercedes-AMG and adidas: Partnership set out to challenge the limits of speed through radical innovation,https://media.mbusa.com/news/mercedes-amg-and-adidas-partnership-set-out-to-challenge-the-limits-of-speed-through-radical-innovation,,,skip,all-amg-news-media
"September 1, 2017",Mercedes-AMG brings Formula 1 technology to the road,https://media.mbusa.com/news/mercedes-amg-brings-formula-1-technology-to-the-road,,,skip,all-amg-news-media
"October 15, 2025",Mercedes-AMG celebrates 500th deployment of safety car bearing the star emblem at the F1 race in Austin,https://media.mbusa.com/news/mercedes-amg-celebrates-500th-deployment-of-safety-car-bearing-the-star-emblem-at-the-f1-race-in-austin,,,skip,all-amg-news-media
"March 30, 2021",Mercedes-AMG defines the future of Driving Performance,https://media.mbusa.com/news/mercedes-amg-defines-the-future-of-driving-performance,,,skip,all-amg-news-media
"August 4, 2017",Mercedes-AMG extensively upgrades AMG GT family,https://media.mbusa.com/news/mercedes-amg-extensively-upgrades-amg-gt-family,,,skip,all-amg-news-media
"May 4, 2025",Mercedes-AMG presents highly exclusive special edition for start of the new movie F1 – one of the most exciting and intense racing films of all time,https://media.mbusa.com/news/mercedes-amg-presents-highly-exclusive-special-edition-for-start-of-the-new-movie-f1-one-of-the-most-exciting-and-intense-racing-films-of-all-time,,,skip,all-amg-news-media
"October 15, 2018","Mercedes-AMG, Mercedes-AMG Team Riley Motorsports and Drivers Ben Keating, Jeroen Bleekemolen and Luca Stolz Sweep Second-Consecutive Tequila Patrón North American Endurance Cup Championships at Motul Petit Le Mans",https://media.mbusa.com/news/mercedes-amg-mercedes-amg-team-riley-motorsports-and-drivers-ben-keating-jeroen-bleekemolen-and-luca-stolz-sweep-second-consecutive-tequila-patron-north-american-endurance-cup-championships-at-motul-petit-le-mans,,,skip,all-amg-news-media
"May 22, 2017",Mercedes-Benz Announces Pricing on all-new smart fortwo electric drive,https://media.mbusa.com/news/mercedes-benz-to-offer-one-of-the-most-affordable-electric-cars-on-the-market,,,skip,archive
"June 3, 2019",Mercedes-Benz Brings Its Luxury Vehicle Subscription– “Mercedes-Benz Collection” – to Atlanta,https://media.mbusa.com/news/mercedes-benz-brings-its-luxury-vehicle-subscription-mercedes-benz-collection-to-atlanta,,,skip,archive
"March 4, 2019",Mercedes-Benz EQ Formula E Team gives first insight into Formula E project,https://media.mbusa.com/news/mercedes-benz-eq-formula-e-team-gives-first-insight-into-formula-e-project,,,skip,all-eq-news-media
"November 26, 2024",Mercedes-Benz Introduces New App for Apple Watch,https://media.mbusa.com/news/mercedes-benz-introduces-new-app-for-apple-watch,,,skip,search Specifications
"April 16, 2019",Mercedes-Benz Metris WORKER and Sprinter awarded Vincentric Best Fleet Value in America,https://media.mbusa.com/news/mercedes-benz-metris-worker-and-sprinter-awarded-vincentric-best-fleet-value-in-america,,,skip,all-van-news-media
"March 1, 2017","Mercedes-Benz Posts Best-Ever February Sales Volume With 24,522 Units",https://media.mbusa.com/news/mercedes-benz-posts-best-ever-february-sales-volume-with-24522-units,,,skip,archive
"January 27, 2017",Mercedes-Benz Puts a New Twist on an Iconic Road Film to Celebrate 50 Years of AMG During the Big Game,https://media.mbusa.com/news/mercedes-benz-puts-a-new-twist-on-an-iconic-road-film-to-celebrate-50-years-of-amg-during-the-big-game,,,skip,all-amg-news-media
"November 1, 2016","Mercedes-Benz Reports October Sales of 28,659 Units",https://media.mbusa.com/news/mercedes-benz-reports-october-sales-of-28659-units,,,skip,archive
"September 1, 2021",Mercedes-Benz Sprinter with updated drive technology and innovative 'Speed Delivery Door' sliding door system,https://media.mbusa.com/news/mercedes-benz-sprinter-with-updated-drive-technology-and-innovative-speed-delivery-door-sliding-door-system,,,skip,all-van-news-media
"March 8, 2023",Mercedes-Benz USA Announces Pricing and Packaging Structures for Alabama Built EQE SUV,https://media.mbusa.com/news/mercedes-benz-usa-announces-pricing-and-packaging-structures-for-alabama-built-eqe-suv,,,skip,all-eq-news-media
"September 1, 2022",Mercedes-Benz USA Announces Pricing and Packaging Structures for all-new EQS SUV,https://media.mbusa.com/news/mercedes-benz-usa-announces-pricing-and-packaging-structures-for-all-new-eqs-suv,,,skip,all-eq-news-media
"March 20, 2025",Mercedes-Benz USA Announces Pricing for new Mercedes-AMG GT 63 PRO 4MATIC+,https://media.mbusa.com/news/mercedes-benz-usa-announces-pricing-for-new-mercedes-amg-gt-63-pro-4matic,,,skip,all-amg-news-media
"March 18, 2024",Mercedes-Benz USA Announces Pricing for the all-new Mercedes-AMG GT,https://media.mbusa.com/news/mercedes-benz-usa-announces-pricing-for-the-all-new-mercedes-amg-gt,,,skip,all-amg-news-media
"October 24, 2023",Mercedes-Benz USA Announces Pricing for the all-new Mercedes-Maybach EQS 680 SUV,https://media.mbusa.com/news/mercedes-benz-usa-announces-pricing-for-the-all-new-mercedes-maybach-eqs-680-suv,,,skip,all-eq-news-media
"August 13, 2025",Mercedes-Benz USA Announces Pricing for the new Mercedes-Maybach SL 680 Monogram Series,https://media.mbusa.com/news/mercedes-benz-usa-announces-pricing-for-the-new-mercedes-maybach-sl-680-monogram-series,,,skip,all-maybach-news-media
"August 25, 2016",Mercedes-Benz USA Announces Senior Management Appointments,https://media.mbusa.com/news/mercedes-benz-usa-announces-senior-management-appointments-1,,,skip,archive
"April 20, 2021","Mercedes-Benz USA Appoints Dianna du Preez Vice President, Customer Services",https://media.mbusa.com/news/mercedes-benz-usa-appoints-dianna-du-preez-vice-president-customer-services,,,skip,archive
"October 3, 2016",Mercedes-Benz USA Closes Out Third Quarter with Record September Sales,https://media.mbusa.com/news/mercedes-benz-usa-closes-out-third-quarter-with-record-september-sales,,,skip,archive
"February 1, 2017","Mercedes-Benz USA Delivers Record January Sales Volume with 27,900 Units",https://media.mbusa.com/news/mercedes-benz-usa-delivers-record-january-sales-volume-with-27900-units,,,skip,archive
"May 3, 2021",Mercedes-Benz USA Present Sprinter Van Refurbished by Employees to Jacksonville Non-Profit Serving Children in Need,https://media.mbusa.com/news/mercedes-benz-usa-present-sprinter-van-refurbished-by-employees-to-jacksonville-non-profit-serving-children-in-need,,,skip,all-van-news-media
"September 1, 2016","Mercedes-Benz USA Records All-Time Best August with 28,404 Units Sold",https://media.mbusa.com/news/mercedes-benz-usa-records-all-time-best-august-with-28-404-units-sold,,,skip,archive
"May 2, 2017","Mercedes-Benz USA Reports April Sales of 26,932",https://media.mbusa.com/news/mercedes-benz-usa-reports-april-sales-of-26932,,,skip,archive
"July 3, 2017","Mercedes-Benz USA Reports Best-Ever June Sales Of 28,994",https://media.mbusa.com/news/mercedes-benz-usa-reports-best-ever-june-sales-of-28994,,,skip,archive
"June 1, 2017","Mercedes-Benz USA Reports May Sales of 26,893",https://media.mbusa.com/news/mercedes-benz-usa-reports-may-sales-of-26893,,,skip,archive
"December 1, 2017","Mercedes-Benz USA Reports November Sales of 30,838, up 1.6%",https://media.mbusa.com/news/mercedes-benz-usa-reports-november-sales-of-30838-up-16,,,skip,archive
"November 1, 2017","Mercedes-Benz USA Reports October Sales of 28,995, Up 1.0%",https://media.mbusa.com/news/mercedes-benz-usa-reports-october-sales-of-28995-up-10,,,skip,archive
"October 3, 2017","Mercedes-Benz USA Reports September Sales Of 29,008",https://media.mbusa.com/news/mercedes-benz-usa-reports-september-sales-of-29008,,,skip,archive
"August 16, 2023",Mercedes-Benz USA Reveals Exclusive Mercedes-AMG SL 63 MANUFAKTUR Big Sur,https://media.mbusa.com/news/mercedes-benz-usa-reveals-exclusive-mercedes-amg-sl-63-manufaktur-big-sur,,,skip,all-amg-news-media
"July 29, 2022",Mercedes-Benz USA announces pricing and curated trims for all-new Mercedes-AMG SL,https://media.mbusa.com/news/mercedes-benz-usa-announces-pricing-and-curated-trims-for-all-new-mercedes-amg-sl,,,skip,all-amg-news-media
"August 30, 2023",Mercedes-Benz USA announces pricing for the all-new eSprinter,https://media.mbusa.com/news/mercedes-benz-usa-announces-pricing-for-the-all-new-esprinter,,,skip,all-e-class-news-media
"March 1, 2018","Mercedes-Benz USA posts best-ever February sales volume with 24,760 units",https://media.mbusa.com/news/mercedes-benz-usa-posts-best-ever-february-sales-volume-with-24760-units,,,skip,archive
"May 1, 2018","Mercedes-Benz USA reports April sales of 27,207 units, up 1.0%",https://media.mbusa.com/news/mercedes-benz-usa-reports-april-sales-of-27207-units-up-10,,,skip,archive
"September 4, 2018","Mercedes-Benz USA reports August sales of 20,339 units",https://media.mbusa.com/news/mercedes-benz-usa-reports-august-sales-of-20339-units,,,skip,archive
"September 1, 2017","Mercedes-Benz USA reports August sales of 25,373",https://media.mbusa.com/news/mercedes-benz-usa-reports-august-sales-of-25373,,,skip,archive
"February 1, 2018","Mercedes-Benz USA reports January sales of 25,307",https://media.mbusa.com/news/mercedes-benz-usa-reports-january-sales-of-25307,,,skip,archive
"August 1, 2018","Mercedes-Benz USA reports July sales of 20,034 units",https://media.mbusa.com/news/mercedes-benz-usa-reports-july-sales-of-20034-units,,,skip,archive
"July 3, 2018","Mercedes-Benz USA reports June sales of 29,125 units",https://media.mbusa.com/news/mercedes-benz-usa-reports-june-sales-of-29125-units,,,skip,archive
"April 3, 2018","Mercedes-Benz USA reports March sales of 28,407 units",https://media.mbusa.com/news/mercedes-benz-usa-reports-march-sales-of-28407-units,,,skip,archive
"June 1, 2018","Mercedes-Benz USA reports May sales of 26,976 units",https://media.mbusa.com/news/mercedes-benz-usa-reports-may-sales-of-26976-units,,,skip,archive
"October 2, 2018","Mercedes-Benz USA reports September sales of 26,169 units",https://media.mbusa.com/news/mercedes-benz-usa-reports-september-sales-of-26169-units,,,skip,archive
"June 25, 2021",Mercedes-Benz USA’s vans division celebrates grand opening of new state-of-the-art Marshalling Yard in North Charleston,https://media.mbusa.com/news/mercedes-benz-usas-vans-division-celebrates-grand-opening-of-new-state-of-the-art-marshalling-yard-in-north-charleston,,,skip,all-van-news-media
"February 19, 2020",Mercedes-Benz Unveils AMG-Exclusive Tier for “Mercedes-Benz Collection” Luxury Vehicle Subscription Plan in Atlanta,https://media.mbusa.com/news/mercedes-benz-unveils-amg-exclusive-tier-for-mercedes-benz-collection-luxury-vehicle-subscription-plan-in-atlanta,,,skip,all-amg-news-media
"April 13, 2022","Mercedes-Benz VISION EQXX demonstrates its world-beating efficiency in real world driving – over 1,000 km on one battery charge and average consumption of 8.7 kWh/100 km",https://media.mbusa.com/news/mercedes-benz-vision-eqxx-demonstrates-its-world-beating-efficiency-in-real-world-driving-over-1000-km-on-one-battery-charge-and-average-consumption-of-87-kwh100-km,,,skip,all-eq-news-media
"July 2, 2025",Mercedes-Benz VLE drives to Rome and passes long distance tests with flying colors,https://media.mbusa.com/news/mercedes-benz-vle-drives-to-rome-and-passes-long-distance-tests-with-flying-colors,,,skip,all-van-news-media
"December 18, 2019",Mercedes-Benz Vans & ESPN Radio’s Golic and Wingo Team Up to Benefit Local Salvation Army,https://media.mbusa.com/news/mercedes-benz-vans-espn-radios-golic-and-wingo-team-up-to-benefit-local-salvation-army,,,skip,all-van-news-media
"October 27, 2025",Mercedes-Benz Vans Reinvents the Transporter Once Again – Tailored to the Diversity of Commercial Customers,https://media.mbusa.com/news/mercedes-benz-vans-reinvents-the-transporter-once-again-tailored-to-the-diversity-of-commercial-customers,,,skip,all-van-news-media
"February 19, 2021",Mercedes-Benz Vans USA Names Nicolette Lambrechts Vice President and Managing Director Sales and Marketing,https://media.mbusa.com/news/mercedes-benz-vans-usa-names-nicolette-lambrechts-vice-president-and-managing-director-sales-and-marketing,,,skip,archive
"August 6, 2024",Mercedes-Benz Vans USA Partners with Goodr Founder Jasmine Crowe-Houston as First eSprinter Brand Ambassador,https://media.mbusa.com/news/mercedes-benz-vans-usa-partners-with-goodr-founder-jasmine-crowe-houston-as-first-esprinter-brand-ambassador,,,skip,all-van-news-media
"March 8, 2022",Mercedes-Benz Vans USA Unveils all-new Sprinter AWD System with an Advanced Engine Lineup,https://media.mbusa.com/news/mercedes-benz-vans-usa-unveils-all-new-sprinter-awd-system-with-an-advanced-engine-lineup,,,skip,all-van-news-media
"February 6, 2020",Mercedes-Benz Vans Unveils its First Pop Top Camper for the U.S. Market,https://media.mbusa.com/news/mercedes-benz-vans-unveils-its-first-pop-up-camper-for-the-us-market,,,skip,all-van-news-media
"December 9, 2020",Mercedes-Benz Vans announces next-generation eSprinter based on newly developed “Electric Versatility Platform”,https://media.mbusa.com/news/mercedes-benz-vans-announces-next-generation-esprinter-based-on-newly-developed-electric-versatility-platform,,,skip,all-van-news-media
"August 5, 2021",Mercedes-Benz Vans celebrates 15 years in Charleston,https://media.mbusa.com/news/mercedes-benz-vans-celebrates-15-years-in-charleston,,,skip,all-van-news-media
"February 6, 2018",Mercedes-Benz Vans – The New Sprinter,https://media.mbusa.com/news/mercedes-benz-vans-the-new-sprinter-global-press-releasenot-adapted-for-the-us-market,,,skip,all-van-news-media
"December 12, 2017",Mercedes-Benz Vans: Sprinter Innovation Campus,https://media.mbusa.com/news/mercedes-benz-vans-sprinter-innovation-campus,,,skip,all-van-news-media
"August 10, 2023",Mercedes-Benz at Pebble Beach Automotive Week: Mercedes-AMG GT world premiere and historic highlights,https://media.mbusa.com/news/mercedes-benz-at-pebble-beach-automotive-week-mercedes-amg-gt-world-premiere-and-historic-highlights,,,skip,all-amg-news-media
"April 3, 2017","Mercedes-Benz closes out record First Quarter with 79,141 units, up 4.5%",https://media.mbusa.com/news/mercedes-benz-closes-out-record-first-quarter-with-79141-units-up-45,,,skip,archive
"July 22, 2021",Mercedes-Benz prepares to go all-electric,https://media.mbusa.com/news/mercedes-benz-prepares-to-go-all-electric,,,skip,all-eq-news-media
"December 19, 2023",Mercedes-Benz receives approvals for turquoise-colored automated driving marker lights in California and Nevada,https://media.mbusa.com/news/mercedes-benz-receives-approvals-for-turquoise-colored-automated-driving-marker-lights-in-california-and-nevada,,,skip,all-eq-news-media
"May 1, 2019","Mercedes-Benz reports April sales of 22,949 vehicles",https://media.mbusa.com/news/mercedes-benz-reports-april-sales-of-22949-vehicles,,,skip,archive
"September 4, 2019","Mercedes-Benz reports August sales of 24,771 vehicles, up 21.8%",https://media.mbusa.com/news/mercedes-benz-reports-august-sales-of-24771-vehicles-up-218,,,skip,archive
"January 3, 2020","Mercedes-Benz reports December sales of 30,294 vehicles",https://media.mbusa.com/news/mercedes-benz-reports-december-sales-of-30294-vehicles,,,skip,archive
"January 3, 2019","Mercedes-Benz reports December sales of 32,016 units",https://media.mbusa.com/news/mercedes-benz-reports-december-sales-of-32016-units,,,skip,archive
"March 1, 2019","Mercedes-Benz reports February sales of 21,660 units",https://media.mbusa.com/news/mercedes-benz-reports-february-sales-of-21660-units,,,skip,archive
"August 1, 2019","Mercedes-Benz reports July sales of 24,612 vehicles",https://media.mbusa.com/news/mercedes-benz-reports-july-sales-of-24612-vehicles,,,skip,archive
"July 2, 2019","Mercedes-Benz reports June sales of 26,196 vehicles",https://media.mbusa.com/news/mercedes-benz-reports-june-sales-of-26196-vehicles,,,skip,archive
"April 2, 2019","Mercedes-Benz reports March sales of 27,004 units",https://media.mbusa.com/news/mercedes-benz-reports-march-sales-of-27004-units,,,skip,archive
"June 3, 2019","Mercedes-Benz reports May sales of 27,080 vehicles",https://media.mbusa.com/news/mercedes-benz-reports-may-sales-of-27080-vehicles,,,skip,archive
"December 1, 2016","Mercedes-Benz reports November sales of 30,363 units, up 1.1%",https://media.mbusa.com/news/mercedes-benz-reports-november-sales-of-30363-units-up-11,,,skip,archive
"December 3, 2018","Mercedes-Benz reports November sales of 31,022 units, up 0.6%",https://media.mbusa.com/news/mercedes-benz-reports-november-sales-of-31022-units-up-06,,,skip,archive
"December 3, 2019","Mercedes-Benz reports November sales of 33,721 vehicles, up 8.7% for the month",https://media.mbusa.com/news/mercedes-benz-reports-november-sales-of-33721-vehicles-up-87-for-the-month,,,skip,archive
"November 1, 2018","Mercedes-Benz reports October sales of 27,537 units",https://media.mbusa.com/news/mercedes-benz-reports-october-sales-of-27537-units,,,skip,archive
"October 1, 2019","Mercedes-Benz reports September sales of 27,433 vehicles, up 4.8%",https://media.mbusa.com/news/mercedes-benz-reports-september-sales-of-27433-vehicles-up-48,,,skip,archive
"April 17, 2023",Mercedes-Maybach EQS SUV: the new benchmark in the all-electric luxury SUV segment,https://media.mbusa.com/news/mercedes-maybach-eqs-suv-premiere-of-the-legendary-brands-first-all-electric-model,,,skip,all-eq-news-media
"October 9, 2019",Multiple Championships on the Line for Mercedes-AMG Motorsport Customer Racing Teams in IMSA Season-Ending Motul Petit Le Mans at Michelin Raceway Road Atlanta,https://media.mbusa.com/news/multiple-championships-on-the-line-for-mercedes-amg-motorsport-customer-racing-teams-in-imsa-season-ending-motul-petit-le-mans-at-michelin-raceway-road-atlanta,,,skip,all-amg-news-media
"May 19, 2020",New MBUX generation for the most modern two-door vehicles with the star,https://media.mbusa.com/news/new-mbux-generation-for-the-most-modern-two-door-vehicles-with-the-star,,,skip,all-e-class-news-media
"March 10, 2025",New Mercedes-Benz MPVs Master Winter Testing in the Arctic Circle,https://media.mbusa.com/news/new-mercedes-benz-mpvs-master-winter-testing-in-the-arctic-circle,,,skip,search Specifications
"February 22, 2017",New Special Editions for SL and SLC Roadsters,https://media.mbusa.com/news/new-special-editions-for-sl-and-slc-roadsters,,,skip,all-amg-news-media
"September 7, 2016",New strategic future initiative adVANce and Vision Van,https://media.mbusa.com/news/new-strategic-future-initiative-advance-and-vision-van,,,skip,archive
"May 24, 2023",Night Series: A New Era of Design for Mercedes-Maybach,https://media.mbusa.com/news/night-series-a-new-era-of-design-for-mercedes-maybach,,,skip,all-maybach-news-media
"February 24, 2025",Passenger car and Formula 1 engineers team up as solid-state battery road tests begin,https://media.mbusa.com/news/passenger-car-and-formula-1-engineers-team-up-as-solid-state-battery-road-tests-begin,,,skip,all-eq-news-media
"May 17, 2019",Personnel changes at Mercedes-Benz Cars,https://media.mbusa.com/news/personnel-changes-at-mercedes-benz-cars,,,skip,archive
"January 5, 2026",Photo and video assets of MB.DRIVE ASSIST PRO in the U.S.,https://media.mbusa.com/news/photo-and-video-assets-of-mbdrive-assist-pro-in-the-us,,,skip,all-cla-class-news-media
"April 2, 2019",Podium Success at the California 8 Hours Gives Mercedes-AMG a Double Lead in the IGTC,https://media.mbusa.com/news/podium-success-at-the-california-8-hours-gives-mercedes-amg-a-double-lead-in-the-igtc,,,skip,all-amg-news-media
"December 1, 2021","Project MAYBACH with Virgil Abloh: an installation in homage to a visionary, trusted partner and collaborator",https://media.mbusa.com/news/project-maybach-with-virgil-abloh-an-installation-in-homage-to-a-visionary-trusted-partner-and-collaborator,,,skip,all-maybach-news-media
"August 26, 2024",Race Win and Fourth-Place Finish Move Mercedes-AMG and Mercedes-AMG Motorsport Customer Racing Teams Korthoff Preston Motorsports and Winward Racing Closer to Year-End Championship Honors,https://media.mbusa.com/news/race-win-and-fourth-place-finish-move-mercedes-amg-and-mercedes-amg-motorsport-customer-racing-teams-korthoff-preston-motorsports-and-winward-racing-closer-to-year-end-championship-honors,,,skip,all-amg-news-media
"October 17, 2023",Real-life crash test: Mercedes-Benz electric vehicles are every bit as safe as all other models from the brand with the star,https://media.mbusa.com/news/real-life-crash-test-mercedes-benz-electric-vehicles-are-every-bit-as-safe-as-all-other-models-from-the-brand-with-the-star,,,skip,search Specifications
"April 30, 2021",Record 10 Mercedes-AMG Motorsport Customer Racing Entries Across Three SRO America Championships Compete This Weekend at Sonoma Raceway,https://media.mbusa.com/news/record-10-mercedes-amg-motorsport-customer-racing-entries-across-three-sro-america-championships-compete-this-weekend-at-sonoma-raceway,,,skip,all-amg-news-media
"March 5, 2021",Record Eight Mercedes-AMG Motorsport Customer Racing Entries Across Three SRO America Championships Compete This Weekend at Sonoma Raceway,https://media.mbusa.com/news/five-mercedes-amg-gt3-and-three-mercedes-amg-gt4-teams-to-compete-in-sro-americas-season-opening-fanatec-world-challenge-pirelli-gt4-america-and-gt-america-races-this-weekend-at-sonoma-raceway,,,skip,all-amg-news-media
"March 10, 2026",Redefining Space in a New Era: The All-New Electric Mercedes-Benz VLE,https://media.mbusa.com/news/redefining-space-in-a-new-era-the-all-new-electric-mercedes-benz-vle,,,skip,search Specifications
"May 19, 2025",Regulator Racing and Team Drivers Jeff Burton and Philip Ellis Stay in GT World Challenge America Pro-Am Championship Contention with Second-Place Finishes at Sebring,https://media.mbusa.com/news/regulator-racing-and-team-drivers-jeff-burton-and-philip-ellis-stay-in-gt-world-challenge-america-pro-am-championship-contention-with-second-place-finishes-at-sebring,,,skip,all-amg-news-media
"September 21, 2026",Reigning GT Daytona Champions Winward Racing and Mercedes-AMG Bring IMSA WeatherTech SportsCar GTD Points Leads to Season Finale After Second-Place Finish in Indianapolis,https://media.mbusa.com/news/reigning-gt-daytona-champions-winward-racing-and-mercedes-amg-bring-imsa-weathertech-sportscar-gtd-points-leads-to-season-finale-after-second-place-finish-in-indianapolis,,,skip,all-amg-news-media
"July 17, 2020",Repeat IMSA Race Wins on the Line for Mercedes- AMG Motorsport Customer Racing Teams This Weekend at Sebring International Raceway,https://media.mbusa.com/news/repeat-imsa-race-wins-on-the-line-for-mercedes-amg-motorsport-customer-racing-teams-this-weekend-at-sebring-international-raceway,,,skip,all-amg-news-media
"May 22, 2018",Robinson Racing and Gar Robinson Take Mercedes-AMG GT4 to Second-Place Finish Sunday as Mercedes-AMG Motorsport Customer Racing Teams Conclude Competitive Pirelli World Challenge Sprint Weekend in Canada,https://media.mbusa.com/news/robinson-racing-and-gar-robinson-take-mercedes-amg-gt4-to-second-place-finish-sunday-as-mercedes-amg-motorsport-customer-racing-teams-conclude-competitive-pirelli-world-challenge-sprint-weekend-in-canada,,,skip,all-amg-news-media
"August 4, 2025",Russell Ward Wins Fourth Career IMSA WeatherTech SportsCar Championship Pole Position Saturday at Road America in the No. 57 Winward Racing Mercedes-AMG GT3,https://media.mbusa.com/news/russell-ward-wins-fourth-career-imsa-weathertech-sportscar-championship-pole-position-saturday-at-road-america-in-the-no-57-winward-racing-mercedes-amg-gt3,,,skip,all-amg-news-media
"May 18, 2017",Seven Mercedes-AMG Motorsport Customer Racing Teams to Compete in Nürburgring 24 Hour Race,https://media.mbusa.com/news/customer-racing-45th-adac-zurich-24h-rennen,,,skip,all-amg-news-media
"August 27, 2021","Six Mercedes-AMG GT3 and Six Mercedes-AMG GT4 Teams Entered in SRO America Championship's Fanatec GT World Challenge, Pirelli GT4 America and GT America Races at Road America, August 27 - 29",https://media.mbusa.com/news/six-mercedes-amg-gt3-and-six-mercedes-amg-gt4-teams-entered-in-sro-america-championships-fanatec-gt-world-challenge-pirelli-gt4-america-and-gt-america-races-at-road-america-august-27-29,,,skip,all-amg-news-media
"September 25, 2017",Sketch gives a preview of the future design idiom,https://media.mbusa.com/news/sketch-gives-a-preview-of-the-future-design-idiom,,,skip,all-van-news-media
"October 15, 2018",Some Dreams Are Closer Than You Think Thanks to Mercedes-Benz,https://media.mbusa.com/news/some-dreams-are-closer-than-you-think-thanks-to-mercedes-benz,,,skip,archive
"February 22, 2017",Special Edition models from Mercedes-AMG,https://media.mbusa.com/news/special-edition-models-from-mercedes-amg,,,skip,all-amg-news-media
"August 11, 2021","Sport, luxury, lifestyle: The Mercedes-Benz SL",https://media.mbusa.com/news/sport-luxury-lifestyle-the-mercedes-benz-sl,,,skip,all-amg-news-media
"June 6, 2019",Sprinter Safety Workshop,https://media.mbusa.com/news/sprinter-safety-workshop,,,skip,all-van-news-media
"February 6, 2018",Sprinter world premiere in Duisburg,https://media.mbusa.com/news/sprinter-world-premiere-in-duisburg,,,skip,all-van-news-media
"May 16, 2023",Strategy Update: Mercedes-Benz Vans to further strengthen its position as leading manufacturer of premium light commercial vehicles,https://media.mbusa.com/news/strategy-update-mercedes-benz-vans-to-further-strengthen-its-position-as-leading-manufacturer-of-premium-light-commercial-vehicles,,,skip,all-van-news-media
"September 5, 2021",Stronger than time: Mercedes-Benz G-Class ready for the age of e-mobility,https://media.mbusa.com/news/stronger-than-time-mercedes-benz-g-class-ready-for-the-age-of-e-mobility,,,skip,archive
"August 19, 2017",Study of an ultra-stylish luxury-class cabriolet,https://media.mbusa.com/news/study-of-an-ultra-stylish-luxury-class-cabriolet,,,skip,all-maybach-news-media
"August 19, 2016",Study of an ultra-stylish luxury-class coupe,https://media.mbusa.com/news/study-of-an-ultra-stylish-luxury-class-coupe,,,skip,all-maybach-news-media
"October 21, 2025","SunEnergy 1 Racing 75 Express, Mercedes-AMG Team GMR, JMF Motorsports and Regulator Racing Combine for an Intercontinental GT Challenge Championship and a Trio of Top Three Race and GT World Challenge America Championship Results at Indianapolis",https://media.mbusa.com/news/sunenergy-1-racing-75-express-mercedes-amg-team-gmr-jmf-motorsports-and-regulator-racing-combine-for-an-intercontinental-gt-challenge-championship-and-a-trio-of-top-three-race-and-gt-world-challenge-america-championship-results-at-indianapolis,,,skip,all-amg-news-media
"May 14, 2025",Surprising and unconventional: Mercedes-AMG launches extravagant art pieces with U.S. artist collective MSCHF,https://media.mbusa.com/news/surprising-and-unconventional-mercedes-amg-launches-extravagant-art-pieces-with-us-artist-collective-mschf,,,skip,all-amg-news-media
"June 19, 2026","The All-New Electric Mercedes-Benz VLE: Exceptional Comfort, Confident Handling, Remarkable Versatility",https://media.mbusa.com/news/the-all-new-electric-mercedes-benz-vle-exceptional-comfort-confident-handling-remarkable-versatility,,,skip,all-van-news-media
"March 24, 2026",The All-New Mercedes-Maybach VLS: A Grand Limousine Offering Peerless Comfort and A True Luxury Experience for Passengers,https://media.mbusa.com/news/the-all-new-mercedes-maybach-vls-a-grand-limousine-offering-peerless-comfort-and-a-true-luxury-experience-for-passengers,,,skip,all-van-news-media
"September 4, 2019",The EQ story continues.,https://media.mbusa.com/news/the-eq-story-continues-2,,,skip,all-eq-news-media
"September 3, 2019",The EQ story continues.,https://media.mbusa.com/news/the-eq-story-continues,,,skip,all-eq-news-media
"September 5, 2021",The EQE: the new business avant-garde,https://media.mbusa.com/news/the-eqe-the-new-business-avant-garde,,,skip,search Quick Reference Guide
"April 19, 2022",The EQS SUV: Redefined SUV luxury,https://media.mbusa.com/news/the-eqs-suv-redefined-suv-luxury,,,skip,all-eq-news-media
"March 26, 2024",The GELÄNDEWAGEN: Off-road. Unlimited. Established in 1979.,https://media.mbusa.com/news/the-gelandewagen-off-road-unlimited-established-in-1979,,,skip,all-amg-news-media
"June 28, 2023",The Mercedes-AMG G 63 “Grand Edition”: Special model in matte black with gold-colored accents,https://media.mbusa.com/news/the-mercedes-amg-g-63-grand-edition-special-model-in-matte-black-with-gold-colored-accents,,,skip,all-amg-news-media
"March 6, 2017","The Mercedes-AMG GT family continues to grow. With the Mercedes-AMG GT Concept, the performance brand offers an advance view of its four-door sports car at the Geneva Motor Show (Teaser .gif image)",https://media.mbusa.com/news/the-mercedes-amg-gt-family-continues-to-grow-with-the-mercedes-amg-gt-concept-the-performance-brand-offers-an-advance-view-of-its-four-door-sports-car-at-the-geneva-motor-show-3,,,skip,archive
"March 4, 2017","The Mercedes-AMG GT family continues to grow. With the Mercedes-AMG GT Concept, the performance brand offers an advance view of its four-door sports car at the Geneva Motor Show (Teaser sketch)",https://media.mbusa.com/news/the-mercedes-amg-gt-family-continues-to-grow-with-the-mercedes-amg-gt-concept-the-performance-brand-offers-an-advance-view-of-its-four-door-sports-car-at-the-geneva-motor-show,,,skip,archive
"March 5, 2017","The Mercedes-AMG GT family continues to grow. With the Mercedes-AMG GT Concept, the performance brand offers an advance view of its four-door sports car at the Geneva Motor Show (Teaser video)",https://media.mbusa.com/news/the-mercedes-amg-gt-family-continues-to-grow-with-the-mercedes-amg-gt-concept-the-performance-brand-offers-an-advance-view-of-its-four-door-sports-car-at-the-geneva-motor-show2,,,skip,archive
"April 11, 2017",The Mercedes-Benz Compact Car family,https://media.mbusa.com/news/the-mercedes-benz-compact-car-family,,,skip,all-cla-class-news-media
"August 4, 2017",The Mercedes-Benz SL: An Automotive Icon,https://media.mbusa.com/news/the-mercedes-benz-sl-an-automotive-icon,,,skip,archive
"August 4, 2017",The Mercedes-Benz SLC: Stylish roadster ideal for four-season driving,https://media.mbusa.com/news/the-mercedes-benz-slc-stylish-roadster-ideal-for-four-season-driving,,,skip,archive
"October 27, 2021",The Mercedes-Benz SUSTAINEER: An innovation driver for sustainable urban mobility,https://media.mbusa.com/news/the-mercedes-benz-sustaineer-an-innovation-driver-for-sustainable-urban-mobility,,,skip,all-van-news-media
"September 21, 2016",The Mercedes-Benz of Electric Vehicles,https://media.mbusa.com/news/the-mercedes-benz-of-electric-vehicles,,,skip,archive
"February 19, 2019",The SLC Final Edition,https://media.mbusa.com/news/the-slc-final-edition,,,skip,all-amg-news-media
"August 12, 2025",The Vision V in California – a whole new world of immersive entertainment,https://media.mbusa.com/news/the-vision-v-in-california-a-whole-new-world-of-immersive-entertainment,,,skip,all-van-news-media
"August 19, 2023",The all-new Mercedes-AMG GT Coupe,https://media.mbusa.com/news/the-all-new-mercedes-amg-gt-coupe,,,skip,all-amg-news-media
"September 21, 2016",The all-new smart fortwo cabrio,https://media.mbusa.com/news/the-all-new-smart-fortwo-cabrio,,,skip,archive
"December 11, 2023",The most innovative and powerful SL of all time,https://media.mbusa.com/news/the-most-innovative-and-powerful-sl-of-all-time,,,skip,all-amg-news-media
"October 16, 2022",The new EQE SUV: high-tech and luxury meet versatility,https://media.mbusa.com/news/the-new-eqe-suv-high-tech-and-luxury-meet-versatility,,,skip,all-eq-news-media
"March 26, 2019",The new Mercedes-AMG A 35 Sedan,https://media.mbusa.com/news/the-new-mercedes-amg-a-35-sedan,,,skip,all-amg-news-media
"July 11, 2023",The new Mercedes-AMG EQE SUV,https://media.mbusa.com/news/the-new-mercedes-amg-eqe-suv,,,skip,search Quick Reference Guide
"July 11, 2024",The new Mercedes-AMG GT 63 PRO 4MATIC+: even more agile for the racetrack,https://media.mbusa.com/news/the-new-mercedes-amg-gt-63-pro-4matic-even-more-agile-for-the-racetrack,,,skip,all-amg-news-media
"April 20, 2024",The new Mercedes-AMG GT 63 S E PERFORMANCE,https://media.mbusa.com/news/world-premiere-of-the-new-flagship-mercedes-amg-gt-63-s-e-performance,,,skip,all-amg-news-media
"May 8, 2018",The new Mercedes-AMG GT 63 S Edition 1,https://media.mbusa.com/news/the-new-mercedes-amg-gt-63-s-edition-1,,,skip,all-amg-news-media
"July 14, 2020",The new Mercedes-AMG GT Black Series,https://media.mbusa.com/news/the-new-mercedes-amg-gt-black-series,,,skip,all-amg-news-media
"November 13, 2023",The new Mercedes-AMG GT Coupe,https://media.mbusa.com/news/the-new-mercedes-amg-gt-coupe,,,skip,all-amg-news-media
"September 23, 2016",The new Mercedes-AMG GT R,https://media.mbusa.com/news/the-new-mercedes-amg-gt-r-1,,,skip,all-amg-news-media
"March 3, 2019",The new Mercedes-AMG GT R Roadster,https://media.mbusa.com/news/the-new-mercedes-amg-gt-r-roadster,,,skip,all-amg-news-media
"September 14, 2016",The new Mercedes-AMG GT Roadster and Mercedes-AMG GT C Roadster,https://media.mbusa.com/news/the-new-mercedes-amg-gt-roadster-and-mercedes-amg-gt-c-roadster,,,skip,all-amg-news-media
"November 28, 2018",The new Mercedes-AMG GT and AMG GT R PRO,https://media.mbusa.com/news/the-new-mercedes-amg-gt-and-amg-gt-r-pro,,,skip,all-amg-news-media
"August 17, 2024",The new Mercedes-AMG GT3 Edition 130Y Motorsport,https://media.mbusa.com/news/the-new-mercedes-amg-gt3-edition-130y-motorsport,,,skip,all-amg-news-media
"September 23, 2016",The new Mercedes-AMG GT: Driving performance for sports car enthusiasts,https://media.mbusa.com/news/the-new-mercedes-amg-gt-driving-performance-for-sports-car-enthusiasts-1,,,skip,all-amg-news-media
"August 23, 2016",The new Mercedes-AMG SL63 and SL65,https://media.mbusa.com/news/the-new-mercedes-amg-sl63-and-sl65,,,skip,archive
"October 28, 2021",The new Mercedes-AMG SL: The new edition of an icon,https://media.mbusa.com/news/the-new-mercedes-amg-sl-the-new-edition-of-an-icon,,,skip,search Specifications
"September 23, 2016",The new Mercedes-AMG SLC43,https://media.mbusa.com/news/the-new-mercedes-amg-slc43-1,,,skip,all-amg-news-media
"May 7, 2018",The new Mercedes-Benz G-Class,https://media.mbusa.com/news/the-new-mercedes-benz-g-class,,,skip,search Specifications
"August 18, 2016",The new Mercedes-Benz SL,https://media.mbusa.com/news/the-new-mercedes-benz-sl-1,,,skip,all-amg-news-media
"September 23, 2016",The new Mercedes-Benz SLC,https://media.mbusa.com/news/the-new-mercedes-benz-slc,,,skip,archive
"May 13, 2025",The new Mercedes-Maybach SL 680 Monogram Series,https://media.mbusa.com/news/the-new-mercedes-maybach-sl-680-monogram-series,,,skip,all-maybach-news-media
"August 17, 2024","The new Mercedes-Maybach SL Monogram Series, for the ultimate open-air experience",https://media.mbusa.com/news/the-new-mercedes-maybach-sl-monogram-series-for-the-ultimate-open-air-experience,,,skip,all-maybach-news-media
"November 14, 2016",The new smart electric drive,https://media.mbusa.com/news/the-new-smart-electric-drive,,,skip,archive
"November 15, 2023",The sky is the limit – Mercedes-AMG GT Coupe roars to new heights in powerful campaign film that is SO AMG,https://media.mbusa.com/news/the-sky-is-the-limit-mercedes-amg-gt-coupe-roars-to-new-heights-in-powerful-campaign-film-that-is-so-amg,,,skip,search Specifications
"December 8, 2017",The smart electric drive,https://media.mbusa.com/news/the-smart-electric-drive,,,skip,archive
"December 12, 2022",The ultimate collectible: Mercedes-Maybach releases the limited edition series Haute Voiture,https://media.mbusa.com/news/the-ultimate-collectible-mercedes-maybach-releases-the-limited-edition-series-haute-voiture,,,skip,all-maybach-news-media
"June 6, 2019","The world's most powerful four-cylinder engine in series production, made in Affalterbach",https://media.mbusa.com/news/the-worlds-most-powerful-four-cylinder-engine-in-series-production-made-in-affalterbach,,,skip,all-amg-news-media
"January 6, 2017",Three AMG GT3 Customer Sports Entries Test This Weekend at Daytona International Speedway for Rolex 24,https://media.mbusa.com/news/three-amg-gt3-customer-sports-entries-test-this-weekend-at-daytona-international-speedway-for-rolex-24,,,skip,all-amg-news-media
"July 19, 2017",Three Mercedes-AMG GT3 Teams Competing in the GTD Class in the Northeast Grand Prix,https://media.mbusa.com/news/three-mercedes-amg-gt3-teams-competing-in-the-gtd-class-in-the-northeast-grand-prix,,,skip,all-amg-news-media
"June 30, 2017",Three Mercedes-AMG Motorsport Customer Racing Teams Compete This Weekend in the Sahlen's Six Hours at Watkins Glen International,https://media.mbusa.com/news/three-mercedes-amg-motorsport-customer-racing-teams-compete-this-weekend-in-the-sahlens-six-hours-at-watkins-glen-international,,,skip,all-amg-news-media
"April 28, 2017",Three Mercedes-AMG Motorsport Customer Racing Teams Set For Pirelli World Challenge SprintX Debut This Weekend at Virginia International Raceway,https://media.mbusa.com/news/three-mercedes-amg-motorsport-customer-racing-teams-set-for-pirelli-world-challenge-sprintx-debut-this-weekend-at-virginia-international-raceway,,,skip,all-amg-news-media
"August 11, 2017",Three Mercedes-AMG Motorsport Customer Racing Teams to Compete in Pirelli World Challenge SprintX Races This Weekend at the Utah Motorsports Campus,https://media.mbusa.com/news/three-mercedes-amg-motorsport-customer-racing-teams-to-compete-in-pirelli-world-challenge-sprintx-races-this-weekend-at-the-utah-motorsports-campus,,,skip,all-amg-news-media
"April 22, 2020",Top 10 Things You Didn’t Know about Mercedes-AMG,https://media.mbusa.com/news/top-10-things-you-didnt-know-about-mercedes-amg,,,skip,all-amg-news-media
"July 1, 2018",Top-Five IMSA Continental Tire SportsCar Challenge Finish for TeamTGM Mercedes-AMG GT4 at Watkins Glen; Mercedes-AMG Motorsport Customer Racing Teams Qualify for Sahlen’s Six Hours of The Glen,https://media.mbusa.com/news/top-five-imsa-continental-tire-sportscar-challenge-finish-for-teamtgm-mercedes-amg-gt4-at-watkins-glen-mercedes-amg-motorsport-customer-racing-teams-qualify-for-sahlens-six-hours-of-the-glen,,,skip,all-amg-news-media
"July 2, 2018",Two Mercedes-AMG Motorsport Customer Racing Teams in the Top-Eight in Hot and Hectic Sahlen’s Six Hours of The Glen Sunday at Watkins Glen International,https://media.mbusa.com/news/two-mercedes-amg-motorsport-customer-racing-teams-in-the-top-eight-in-hot-and-hectic-sahlens-six-hours-of-the-glen-sunday-at-watkins-glen-international,,,skip,all-amg-news-media
"March 24, 2026","Two extreme sports cars, one platform: Mercedes-AMG announces new GT3 and Black Series",https://media.mbusa.com/news/two-extreme-sports-cars-one-platform-mercedes-amg-announces-new-gt3-and-black-series,,,skip,all-amg-news-media
"June 23, 2022","VISION EQXX breaks own efficiency record on 1,202 km summer road trip from Stuttgart (Germany) to Silverstone (UK) on a single battery charge",https://media.mbusa.com/news/vision-eqxx-breaks-own-efficiency-record-on-1202-km-summer-road-trip-from-stuttgart-germany-to-silverstone-uk-on-a-single-battery-charge,,,skip,all-eq-news-media
"January 3, 2022",VISION EQXX – taking electric range and efficiency to an entirely new level,https://media.mbusa.com/news/vision-eqxx-taking-electric-range-and-efficiency-to-an-entirely-new-level,,,skip,all-eq-news-media
"April 5, 2022",Virgil Abloh and Mercedes-Maybach create the ultimate legacy car,https://media.mbusa.com/news/virgil-abloh-and-mercedes-maybach-create-the-ultimate-legacy-car,,,skip,all-maybach-news-media
"May 19, 2022",Vision AMG show car offers glimpse of all-electric future of Mercedes-AMG,https://media.mbusa.com/news/vision-amg-show-car-offers-glimpse-of-all-electric-future-of-mercedes-amg,,,skip,all-amg-news-media
"September 10, 2018",Vision URBANETIC,https://media.mbusa.com/news/vision-urbanetic,,,skip,all-van-news-media
"March 3, 2025",Vision V – The Dawn Of A New Era At Mercedes-Benz Vans Is Getting Closer,https://media.mbusa.com/news/vision-v-the-dawn-of-a-new-era-at-mercedes-benz-vans-is-getting-closer,,,skip,all-van-news-media
"June 4, 2017",WeatherTech Racing’s 12th Place Top Finish for Mercedes-AMG GT3 in Tough Detroit Race,https://media.mbusa.com/news/weathertech-racings-12th-place-top-finish-for-mercedes-amg-gt3-in-tough-detroit-race,,,skip,all-amg-news-media
"July 15, 2025",Winward Racing No. 57 Mercedes-AMG GT3 and Co-Drivers Russell Ward and Philip Ellis Return to Podium Form at Canadian Tire Motorsport Park,https://media.mbusa.com/news/winward-racing-no-57-mercedes-amg-gt3-and-co-drivers-russell-ward-and-philip-ellis-return-to-podium-form-at-canadian-tire-motorsport-park,,,skip,all-amg-news-media
"January 29, 2024",Winward Racing Secures Second Rolex 24 At Daytona Victory in Four Years as Korthoff Preston Motorsports Moves IMSA Michelin Endurance Cup Title Defense Off to a Winning Start,https://media.mbusa.com/news/mercedes-amg-motorsport-customer-racing-teams-winward-racing-korthoff-preston-motorsports-and-lone-star-racing-combine-for-a-victory-and-two-more-top-10-finishes-in-the-rolex-24-and-a-michelin-pilot-challenge-runner-up-result-in-a-competitive-race-weekend,,,skip,search Specifications
"March 17, 2025",Winward Racing Team and Drivers and Mercedes-AMG Take Early Season IMSA WeatherTech SportsCar Championship GTD Points Lead with Repeat 12 Hours of Sebring Race Win,https://media.mbusa.com/news/winward-racing-team-and-drivers-and-mercedes-amg-take-early-season-imsa-weathertech-sportscar-championship-gtd-points-lead-with-repeat-12-hours-of-sebring-race-win,,,skip,all-amg-news-media
"January 22, 2026","Winward Racing, Lone Star Racing, 75 Express and Bartone Bros. Racing with Team GetSpeed Field Five Strong Mercedes-AMG Motorsport Customer Racing Entries at the Rolex 24 At Daytona",https://media.mbusa.com/news/winward-racing-lone-star-racing-75-express-and-bartone-bros-racing-with-team-getspeed-field-five-strong-mercedes-amg-motorsport-customer-racing-entries-at-the-rolex-24-at-daytona,,,skip,all-amg-news-media
"May 13, 2024","Winward Racing, Ward and Ellis Secure Third IMSA WeatherTech GT Daytona Race Victory in Year’s First Four Races with Late Pass for the Win Sunday at WeatherTech Raceway Laguna Seca",https://media.mbusa.com/news/winward-racing-ward-and-ellis-secure-third-imsa-weathertech-gt-daytona-race-victory-in-years-first-four-races-with-late-pass-for-the-win-sunday-at-weathertech-raceway-laguna-seca,,,skip,all-amg-news-media
"May 16, 2023",With VAN.EA - a modular and scalable purpose-built EV architecture - Mercedes-Benz Vans sets the course for a fully electric future,https://media.mbusa.com/news/with-vanea-a-modular-and-scalable-purpose-built-ev-architecture-mercedes-benz-vans-sets-the-course-for-a-fully-electric-future,,,skip,all-van-news-media
"April 5, 2022",World Premiere of the EQS SUV on Mercedes me media: The all-electric luxury SUV,https://media.mbusa.com/news/world-premiere-of-the-eqs-suv-at-mercedes-me-media-the-all-electric-luxury-suv,,,skip,all-eq-news-media
"April 24, 2018",World premiere of Vision Mercedes-Maybach Ultimate Luxury,https://media.mbusa.com/news/world-premiere-of-vision-mercedes-maybach-ultimate-luxury,,,skip,all-maybach-news-media
"September 22, 2016",World premiere of next generation smart electric drive,https://media.mbusa.com/news/world-premiere-of-next-generation-smart-electric-drive,,,skip,archive
"August 31, 2021",World premiere of the first performance hybrid from Mercedes-AMG,https://media.mbusa.com/news/world-premiere-of-the-first-performance-hybrid-from-mercedes-amg,,,skip,all-gt-news-media
"April 14, 2023",World premiere of the new Mercedes-Maybach EQS SUV on two different stages,https://media.mbusa.com/news/world-premiere-of-the-new-mercedes-maybach-eqs-suv-on-two-different-stages,,,skip,all-maybach-news-media
"January 10, 2018",smart celebrates 10th Anniversary with Special Edition,https://media.mbusa.com/news/smart-celebrates-10th-anniversary-with-special-edition,,,skip,archive
"March 27, 2026","“The Art Of Arrival”: Maybach Makes An Iconic Entrance Into ""The Devil Wears Prada 2"" as Part of a Global Campaign Celebrating The Film’s Highly Anticipated Release",https://media.mbusa.com/news/the-art-of-arrival-maybach-makes-an-iconic-entrance-into-the-devil-wears-prada-2-as-part-of-a-global-campaign-celebrating-the-films-highly-anticipated-release,,,skip,all-maybach-news-media
"January 22, 2026",“There is a place for those who dream”: Mercedes-Benz teams up with Sony Pictures Animation's new upcoming theatrical release “GOAT”,https://media.mbusa.com/news/there-is-a-place-for-those-who-dream-mercedes-benz-teams-up-with-sony-pictures-animations-new-upcoming-theatrical-release-goat,,,skip,all-van-news-media
"September 16, 2016",Mercedes-Benz Cars at the 2016 Paris Motor Show (ADAPTED FOR THE USA),https://media.mbusa.com/news/mercedes-benz-cars-at-the-2016-paris-motor-show-adapted-for-the-usa,,2016,skip,all-e-class-news-media
"January 4, 2017","Mercedes-Benz USA Reports Best Year Ever with 2016 Sales of 380,752",https://media.mbusa.com/news/mercedes-benz-usa-reports-best-year-ever-with-2016-sales-of-380752,,2016,skip,archive
"October 21, 2016",Model Year 2016-2017 Mercedes-Benz USA Suggested Retail Prices,https://media.mbusa.com/news/model-year-2016-2017-mercedes-benz-usa-suggested-retail-prices,,2016,skip,archive
"September 21, 2016",2017 smart fortwo Launches with Additional Options for Increased Customization,https://media.mbusa.com/news/2017-smart-fortwo-launches-with-additional-options-for-increased-customization,,2017,skip,archive
"December 12, 2017","Excerpts from the statement on the occasion of the Sprinter Innovation Campus at Stuttgart, 4 December 2017",https://media.mbusa.com/news/excerpts-from-the-statement-on-the-occasion-of-the-sprinter-innovation-campus-at-stuttgart-4-december-2017,,2017,skip,all-van-news-media
"March 8, 2017",Mercedes-AMG Motorsport Customer Racing Teams Ready For 2017 Season- Opening Pirelli World Challenge Race,https://media.mbusa.com/news/mercedes-amg-motorsport-customer-racing-teams-ready-for-2017-season-opening-pirelli-world-challenge-race,,2017,skip,all-amg-news-media
"November 9, 2016",Mercedes-AMG Will Compete in 2017 IMSA WeatherTech SportsCar Championship,https://media.mbusa.com/news/mercedes-amg-will-compete-in-2017-imsa-weathertech-sportscar-championship,,2017,skip,all-amg-news-media
"March 9, 2017",Mercedes-Benz Cars at the 2017 Geneva International Motor Show: A Big Stage for Sporty Elegance,https://media.mbusa.com/news/mercedes-benz-cars-at-the-2017-geneva-international-motor-show-a-big-stage-for-sporty-elegance,,2017,skip,all-amg-news-media
"January 3, 2018",Mercedes-Benz USA Closes Out 2017 with Best Sales Month Ever,https://media.mbusa.com/news/mercedes-benz-usa-closes-out-2017-with-best-sales-month-ever,,2017,skip,archive
"February 9, 2017",The Mercedes-Benz Metris MasterSolutions Toolbox Concept Showvan Debuts at 2017 Chicago Auto Show to Highlight Available Turn-Key Vocational Upfit Solutions,https://media.mbusa.com/news/the-mercedes-benz-metris-mastersolutions-toolbox-concept-showvan-debuts-at-2017-chicago-auto-show-to-highlight-available-turn-key-vocational-upfit-solutions,,2017,skip,all-van-news-media
"August 1, 2017",2018 Model Line Updates & Changes,https://media.mbusa.com/news/2018-model-line-updates-changes,,2018,skip,all-amg-news-media
"March 10, 2018",AUTOMOBILE Names Mercedes-AMG GT R as a 2018 AUTOMOBILE All-Star,https://media.mbusa.com/news/automobile-names-mercedes-amg-gt-r-as-a-2018-automobile-all-star,,2018,skip,all-amg-news-media
"March 4, 2018",Four-door Mercedes-AMG GT Coupe. World Premiere: 2018 Geneva Motor Show.,https://media.mbusa.com/news/release-e38709a1cc517079cb36cfdf37016fcc-four-door-mercedes-amg-gt-coupe-world-premiere-2018-geneva-motor-show-video-2,,2018,skip,all-amg-news-media
"March 3, 2018",Four-door Mercedes-AMG GT Coupe. World Premiere: 2018 Geneva Motor Show.,https://media.mbusa.com/news/four-door-mercedes-amg-gt-coupe-world-premiere-2018-geneva-motor-show,,2018,skip,all-amg-news-media
"January 4, 2019",Mercedes-Benz Vans Achieves Record Sales Year for 2018,https://media.mbusa.com/news/mercedes-benz-vans-achieves-record-sales-year-for-2018,,2018,skip,all-van-news-media
"November 19, 2018",Mercedes-Benz Announces Pricing on 2019 Mercedes-AMG G 63,https://media.mbusa.com/news/mercedes-benz-announces-pricing-on-2019-mercedes-amg-g-63,,2019,skip,all-amg-news-media
"September 5, 2018",Mercedes-Benz Vans Announces pricing on all-new 2019 Mercedes-Benz and Freightliner Sprinter,https://media.mbusa.com/news/mercedes-benz-vans-announces-pricing-on-all-new-2019-mercedes-benz-and-freightliner-sprinter,,2019,skip,all-van-news-media
"May 21, 2019",TecDay: Mercedes-Benz Experimental Safety Vehicle (ESF) 2019,https://media.mbusa.com/news/tecday-mercedes-benz-experimental-safety-vehicle-esf-2019,,2019,skip,search Specifications
"February 13, 2018",The new 2019 Mercedes-AMG G63,https://media.mbusa.com/news/the-new-2019-mercedes-amg-g63,,2019,skip,all-amg-news-media
"January 24, 2020",Mercedes-AMG Motorsport Customer Racing Teams Set for 2020 IMSA Season Debut at the Rolex 24 At Daytona,https://media.mbusa.com/news/mercedes-amg-motorsport-customer-racing-teams-set-for-2020-imsa-season-debut-at-the-rolex-24-at-daytona,,2020,skip,archive
"September 23, 2020",Mercedes-AMG GT Coupe and Roadster offer increased power and enhanced equipment for 2021,https://media.mbusa.com/news/mercedes-amg-gt-coupe-and-roadster-offer-increased-power-and-enhanced-equipment-for-2021,,2021,skip,all-gt-news-media
"October 16, 2020",Mercedes-AMG Motorsport Customer Racing Joins with Alegra Motorsports for 2021 IMSA WeatherTech SportsCar Championship GTD Program,https://media.mbusa.com/news/mercedes-amg-motorsport-customer-racing-joins-with-alegra-motorsports-for-2021-imsa-weathertech-sportscar-championship-gtd-program,,2021,skip,all-amg-news-media
"September 24, 2024",Mercedes-AMG Clinches 2024 IMSA GTD Manufacturer Championships in Indianapolis as Mercedes-AMG Motorsport Customer Racing Teams Target Year-End Team and Driver Honors at Petit Le Mans,https://media.mbusa.com/news/mercedes-amg-clinches-2024-imsa-gtd-manufacturer-championships-in-indianapolis-as-mercedes-amg-motorsport-customer-racing-teams-target-year-end-team-and-driver-honors-at-petit-le-mans,,2024,skip,all-amg-news-media
"October 14, 2024",Mercedes-AMG Motorsport Customer Racing Teams and Mercedes-AMG Sweep All Six 2024 IMSA GT Daytona Championships After Season-Ending Motul Petit Le Mans at Michelin Raceway Road Atlanta,https://media.mbusa.com/news/mercedes-amg-motorsport-customer-racing-team-winward-racing-concludes-most-successful-season-in-team-history-with-dual-imsa-weathertech-sportscar-championship-and-imsa-michelin-endurance-cup-gt-daytona-gtd-team-and-driver-championships,,2024,skip,all-amg-news-media
"January 9, 2025",Mercedes-Benz BEV Drivers Gain Access to Tesla Supercharger Network from February 2025,https://media.mbusa.com/news/mercedes-benz-bev-drivers-gain-access-to-tesla-supercharger-network-from-february-2025,,2025,skip,all-eq-news-media
"January 22, 2025",Mercedes-Benz USA Announces AMG Experience 2025 On Track Schedule,https://media.mbusa.com/news/mercedes-benz-usa-announces-amg-experience-2025-on-track-schedule,,2025,skip,all-amg-news-media
"November 13, 2024","New 2025 Mercedes-AMG GT 43 to start at $105,900",https://media.mbusa.com/news/new-2025-mercedes-amg-gt-43-to-start-at-105900,,2025,skip,all-amg-news-media
"August 19, 2025",Repeat GT World Challenge America Powered by AWS Race Wins Keep Mercedes-AMG Motorsport Customer Racing Teams JMF Motorsports and Regulator Racing in 2025 Championship Contention,https://media.mbusa.com/news/repeat-gt-world-challenge-america-powered-by-aws-race-wins-keep-mercedes-amg-motorsport-customer-racing-teams-jmf-motorsports-and-regulator-racing-in-2025-championship-contention,,2025,skip,all-amg-news-media
"April 15, 2024",Updated product offerings for new 2025 Mercedes-Benz Sprinter and eSprinter,https://media.mbusa.com/news/updated-product-offerings-for-new-2025-mercedes-benz-sprinter-and-esprinter,,2025,skip,search Specifications
"March 6, 2018",A new addition to the family: New Mercedes-AMG GT 4-Door Coupe,https://media.mbusa.com/news/a-new-addition-to-the-family-new-mercedes-amg-gt-4-door-coupe,mercedes-benz/amg-gt-4-door,,skip,all-amg-news-media
"November 25, 2025","Built to excite: A stunning Las Vegas premiere for a new dimension of performance with Brad Pitt, George Russell and the upcoming Mercedes-AMG GT 4-Door Coupe",https://media.mbusa.com/news/built-to-excite-a-stunning-las-vegas-premiere-for-a-new-dimension-of-performance-with-brad-pitt-george-russell-and-the-upcoming-mercedes-amg-gt-4-door-coupe,mercedes-benz/amg-gt-4-door,,skip,all-amg-news-media
"April 2, 2026",Driving dynamics that defy winter: Final cold weather testing for the new Mercedes-AMG GT 4-Door Coupe,https://media.mbusa.com/news/driving-dynamics-that-defy-winter-final-cold-weather-testing-for-the-new-mercedes-amg-gt-4-door-coupe,mercedes-benz/amg-gt-4-door,,skip,all-amg-news-media
"December 17, 2018","Mercedes-AMG GT 4-Door Coupe V8 models to start at $136,500",https://media.mbusa.com/news/mercedes-amg-gt-4-door-coupe-v8-models-to-start-at-136500,mercedes-benz/amg-gt-4-door,,skip,all-amg-news-media
"June 14, 2021",Mercedes-AMG GT 4-Door Coupe receives updates and new individualization options,https://media.mbusa.com/news/mercedes-amg-gt-4-door-coupe-receives-updates-and-new-individualization-options,mercedes-benz/amg-gt-4-door,,skip,all-gt-news-media
"September 28, 2018",Mercedes-AMG GT 4-Door Coupe: A class of its own,https://media.mbusa.com/news/mercedes-amg-gt-4-door-coupe-a-class-of-its-own,mercedes-benz/amg-gt-4-door,,skip,all-amg-news-media
"August 6, 2026",Mercedes-AMG GT 53 4-Door Coupe: Powerful entry into the new GT series,https://media.mbusa.com/news/mercedes-amg-gt-53-4-door-coupe-powerful-entry-into-the-new-gt-series,mercedes-benz/amg-gt-4-door,,skip,all-amg-news-media
"March 14, 2019",Pricing announced for new Mercedes-AMG GT 53 4-Door Coupe,https://media.mbusa.com/news/pricing-announced-for-new-mercedes-amg-gt-53-4-door-coupe,mercedes-benz/amg-gt-4-door,,skip,all-gt-news-media
"February 3, 2025",The Mercedes-AMG GT 63 S E PERFORMANCE 4-Door Coupe,https://media.mbusa.com/news/the-mercedes-amg-gt-63-s-e-performance-4-door-coupe,mercedes-benz/amg-gt-4-door,,skip,all-amg-news-media
"March 6, 2026",The control center of performance: The interior of the new Mercedes-AMG GT 4-Door Coupe,https://media.mbusa.com/news/the-control-center-of-performance-the-interior-of-the-new-mercedes-amg-gt-4-door-coupe,mercedes-benz/amg-gt-4-door,,skip,all-amg-news-media
"May 20, 2026",The new Mercedes-AMG GT 4-Door Coupe: Revolutionary performance. Maximum intensity.,https://media.mbusa.com/news/the-new-mercedes-amg-gt-4-door-coupe-revolutionary-performance-maximum-intensity,mercedes-benz/amg-gt-4-door,,skip,all-amg-news-media
"May 20, 2026",World premiere of the new Mercedes-AMG GT 4-Door Coupe: Mercedes-AMG brings the Autobahn to Los Angeles,https://media.mbusa.com/news/world-premiere-of-the-new-mercedes-amg-gt-4-door-coupe-mercedes-amg-brings-the-autobahn-to-los-angeles,mercedes-benz/amg-gt-4-door,,skip,all-amg-news-media
"April 16, 2026",A sanctuary in a class of its own: the interior of the all-new electric Mercedes-Benz C-Class,https://media.mbusa.com/news/a-sanctuary-in-a-class-of-its-own-the-interior-of-the-all-new-electric-mercedes-benz-c-class,mercedes-benz/c-class,,skip,all-c-class-news-media
"April 17, 2024",Mercedes-Benz USA Announces Pricing for all-new Mercedes-AMG C 63 S E PERFORMANCE,https://media.mbusa.com/news/mercedes-benz-usa-announces-pricing-for-all-new-mercedes-amg-c-63-s-e-performance,mercedes-benz/c-class,,skip,all-amg-news-media
"August 3, 2017",Stylish C-Class Cabriolet Offers Entry Into the World of Drop-Top Mercedes-Benz Models,https://media.mbusa.com/news/stylish-c-class-cabriolet-offers-entry-into-the-world-of-drop-top-mercedes-benz-models,mercedes-benz/c-class,,skip,all-c-class-news-media
"September 22, 2016",The All-New C-Class Coupe,https://media.mbusa.com/news/the-all-new-c-class-coupe,mercedes-benz/c-class,,skip,all-amg-news-media
"September 22, 2016",The Mercedes-Benz C-Class,https://media.mbusa.com/news/best-selling-mercedes-benz-model-offers-added-value-with-new-package-structure,mercedes-benz/c-class,,skip,archive
"July 28, 2026",The all-new electric C-Class: 360° Environmental Check,https://media.mbusa.com/news/the-all-new-electric-c-class-360-environmental-check,mercedes-benz/c-class,,skip,all-c-class-news-media
"April 20, 2026",The all-new electric C-Class: Redefining the segment,https://media.mbusa.com/news/the-all-new-electric-c-class-redefining-the-segment,mercedes-benz/c-class,,skip,all-c-class-news-media
"September 22, 2016",The new C-Class Cabriolet,https://media.mbusa.com/news/the-new-c-class-cabriolet-1,mercedes-benz/c-class,,skip,all-c-class-news-media
"March 20, 2018",The new C-Class Coupe and Cabriolet,https://media.mbusa.com/news/the-new-c-class-coupe-and-cabriolet,mercedes-benz/c-class,,skip,all-c-class-news-media
"March 20, 2018",The new Mercedes-AMG C 43 Coupe and Cabriolet,https://media.mbusa.com/news/the-new-mercedes-amg-c-43-coupe-and-cabriolet,mercedes-benz/c-class,,skip,all-amg-news-media
"April 26, 2022","The new Mercedes-AMG C 43 Sedan: more power, greater efficiency",https://media.mbusa.com/news/the-new-mercedes-amg-c-43-sedan-more-power-greater-efficiency,mercedes-benz/c-class,,skip,all-amg-news-media
"September 21, 2022",The new Mercedes-AMG C 63 S E PERFORMANCE: the dawn of a new era,https://media.mbusa.com/news/the-new-mercedes-amg-c-63-s-e-performance-the-dawn-of-a-new-era,mercedes-benz/c-class,,skip,all-amg-news-media
"March 27, 2018",The new Mercedes-AMG C 63 models,https://media.mbusa.com/news/the-new-mercedes-amg-c-63-models,mercedes-benz/c-class,,skip,all-amg-news-media
"September 22, 2016",The new Mercedes-AMG C43 Cabriolet,https://media.mbusa.com/news/2017-mercedes-amg-c43-cabriolet,mercedes-benz/c-class,,skip,all-amg-news-media
"August 17, 2026",The new Mercedes-Benz C-Class,https://media.mbusa.com/news/the-new-mercedes-benz-c-class-2,mercedes-benz/c-class,,skip,all-c-class-news-media
"February 23, 2021",The new Mercedes-Benz C-Class Sedan,https://media.mbusa.com/news/the-new-mercedes-benz-c-class-sedan,mercedes-benz/c-class,,skip,all-c-class-news-media
"January 25, 2022","The new Mercedes-Benz C-Class Sedan to start from $43,550",https://media.mbusa.com/news/the-new-mercedes-benz-c-class-sedan-to-start-from-43550,mercedes-benz/c-class,,skip,all-c-class-news-media
"February 15, 2021",“Upgrade your comfort zone”: Digital World Premiere of the new C-Class on Mercedes me media,https://media.mbusa.com/news/upgrade-your-comfort-zone-digital-world-premiere-of-the-new-c-class-on-mercedes-me-media,mercedes-benz/c-class,,skip,all-c-class-news-media
"September 22, 2016",The new 2017 AMG C63 Cabriolet,https://media.mbusa.com/news/open-air-amg-performance-for-the-c-class,mercedes-benz/c-class,2017,skip,all-c-class-news-media
"September 22, 2016",The new 2017 Mercedes-AMG C63 Coupe: The sportiest C-Class ever,https://media.mbusa.com/news/the-new-2017-mercedes-amg-c63-coupe-the-sportiest-c-class-ever,mercedes-benz/c-class,2017,skip,all-amg-news-media
"February 13, 2018",The 2019 Mercedes-Benz C-Class Sedan,https://media.mbusa.com/news/the-2019-mercedes-benz-c-class-sedan,mercedes-benz/c-class,2019,skip,all-c-class-news-media
"March 5, 2018",The new 2019 Mercedes-AMG C43 Sedan,https://media.mbusa.com/news/the-new-2019-mercedes-amg-c43-sedan,mercedes-benz/c-class,2019,skip,all-amg-news-media
"April 5, 2023",Mercedes-Benz USA Announces Pricing and Packaging Structures for 2023 AMG C 43 Sedan,https://media.mbusa.com/news/mercedes-benz-usa-announces-pricing-and-packaging-structures-for-2023-amg-c-43-sedan,mercedes-benz/c-class,2023,skip,all-c-class-news-media
"November 6, 2024",A closer look at the upcoming CLA: Sporty design meets efficiency,https://media.mbusa.com/news/a-closer-look-at-the-upcoming-cla-sporty-design-meets-efficiency,mercedes-benz/cla,,skip,all-cla-class-news-media
"January 18, 2023",Express your drive: the new Mercedes-Benz CLA,https://media.mbusa.com/news/express-your-drive-the-new-mercedes-benz-cla,mercedes-benz/cla,,skip,all-cla-class-news-media
"December 15, 2025","High-tech, electrified, efficient: the all-new CLA hybrid",https://media.mbusa.com/news/high-tech-electrified-efficient-the-all-new-cla-hybrid,mercedes-benz/cla,,skip,all-cla-class-news-media
"December 19, 2024",Kimi Antonelli meets the new Mercedes-Benz CLA in a festive holiday film,https://media.mbusa.com/news/kimi-antonelli-meets-the-new-mercedes-benz-cla-in-a-festive-holiday-film,mercedes-benz/cla,,skip,all-cla-class-news-media
"May 12, 2022","Mercedes-AMG CLA 45 ""Edition 55"" celebrates ""55 years of AMG""",https://media.mbusa.com/news/mercedes-amg-cla-45-edition-55-celebrates-55-years-of-amg,mercedes-benz/cla,,skip,all-amg-news-media
"August 29, 2019",Mercedes-Benz CLA showcases automotive intelligence and striking design,https://media.mbusa.com/news/mercedes-benz-cla-showcases-automotive-intelligence-and-striking-design,mercedes-benz/cla,,skip,all-cla-class-news-media
"September 3, 2023",Mercedes-Benz Concept CLA Class: the electric future of desire,https://media.mbusa.com/news/mercedes-benz-concept-cla-class-the-electric-future-of-desire,mercedes-benz/cla,,skip,all-cla-class-news-media
"April 2, 2024",Mercedes-Benz USA Announces Exclusive Mercedes-AMG CLA 45 S “Edition 1”,https://media.mbusa.com/news/mercedes-benz-usa-announces-exclusive-mercedes-amg-cla-45-s-edition-1,mercedes-benz/cla,,skip,all-amg-news-media
"November 25, 2025",Mercedes-Benz USA Announces Pricing for All-New Electric CLA,https://media.mbusa.com/news/mercedes-benz-usa-announces-pricing-for-all-new-electric-cla,mercedes-benz/cla,,skip,all-cla-class-news-media
"June 28, 2025",Mercedes-Benz “Class of Creators”: KidSuper unveils his unique “superhero” CLA art piece at Paris Fashion Week,https://media.mbusa.com/news/mercedes-benz-class-of-creators-kidsuper-unveils-his-unique-superhero-cla-art-piece-at-paris-fashion-week,mercedes-benz/cla,,skip,all-cla-class-news-media
"December 16, 2025",Photo and video assets of the all-new electric CLA in San Francisco,https://media.mbusa.com/news/photo-and-video-assets-of-the-all-new-electric-cla-in-san-francisco,mercedes-benz/cla,,skip,all-cla-class-news-media
"July 1, 2025",The Mercedes-AMG CLA 45 S “Final Edition”,https://media.mbusa.com/news/the-mercedes-amg-cla-45-s-final-edition,mercedes-benz/cla,,skip,all-amg-news-media
"July 16, 2025","The all-new Mercedes-Benz CLA: gorgeous, effortless, intuitive and flexible.",https://media.mbusa.com/news/the-all-new-mercedes-benz-cla-gorgeous-effortless-intuitive-and-flexible,mercedes-benz/cla,,skip,all-cla-class-news-media
"April 8, 2019",The new Mercedes-AMG CLA 35,https://media.mbusa.com/news/the-new-mercedes-amg-cla-35,mercedes-benz/cla,,skip,all-amg-news-media
"July 4, 2019",The new Mercedes-AMG CLA 45,https://media.mbusa.com/news/the-new-mercedes-amg-cla-45,mercedes-benz/cla,,skip,all-amg-news-media
"January 8, 2019",The new Mercedes-Benz CLA Coupe,https://media.mbusa.com/news/the-new-mercedes-benz-cla-coupe,mercedes-benz/cla,,skip,all-cla-class-news-media
"October 4, 2025",‘Play Beyond Limits’: Hot Wheels transforms the new CLA into an oversized toy car,https://media.mbusa.com/news/play-beyond-limits-hot-wheels-transforms-the-new-cla-into-an-oversized-toy-car,mercedes-benz/cla,,skip,all-cla-class-news-media
"September 1, 2023",“Defining Class since 1886” – Mercedes-Benz presents the new Concept CLA Class at IAA Mobility 2023,https://media.mbusa.com/news/defining-class-since-1886-mercedes-benz-presents-the-new-concept-cla-class-at-iaa-mobility-2023,mercedes-benz/cla,2023,skip,all-cla-class-news-media
"September 10, 2026",Mercedes-AMG CLE 646 Spezialanfertigung: Purist High-Performance Coupe for Maximum Driving Dynamics,https://media.mbusa.com/news/mercedes-amg-cle-646-spezialanfertigung-purist-high-performance-coupe-for-maximum-driving-dynamics,mercedes-benz/cle,,skip,all-amg-news-media
"February 13, 2024",Mercedes-Benz USA Announces Pricing for the all-new CLE Coupe,https://media.mbusa.com/news/mercedes-benz-usa-announces-pricing-for-the-all-new-cle-coupe,mercedes-benz/cle,,skip,all-cle-news-media
"July 17, 2023",Mercedes-Benz presents the World Premiere of the new CLE,https://media.mbusa.com/news/mercedes-benz-presents-the-world-premiere-of-the-new-cle,mercedes-benz/cle,,skip,all-cle-news-media
"July 5, 2023",Shaped by desire: the new Mercedes-Benz CLE,https://media.mbusa.com/news/shaped-by-desire-the-new-mercedes-benz-cle,mercedes-benz/cle,,skip,all-cle-news-media
"April 29, 2024",The New Mercedes-AMG CLE Coupe,https://media.mbusa.com/news/the-new-mercedes-amg-cle-coupe,mercedes-benz/cle,,skip,all-amg-news-media
"May 6, 2024",The new Mercedes-AMG CLE 53 Cabriolet: Open-top driving with AMG performance,https://media.mbusa.com/news/the-new-mercedes-amg-cle-53-cabriolet-open-top-driving-with-amg-performance,mercedes-benz/cle,,skip,all-amg-news-media
"April 3, 2025",The new Mercedes-AMG CLE MANUFAKTUR Edition,https://media.mbusa.com/news/the-new-mercedes-amg-cle-manufaktur-edition,mercedes-benz/cle,,skip,all-amg-news-media
"April 18, 2024",The new Mercedes-Benz CLE Cabriolet,https://media.mbusa.com/news/the-new-mercedes-benz-cle-cabriolet,mercedes-benz/cle,,skip,all-cle-news-media
"March 6, 2018",The new Mercedes-Benz CLS,https://media.mbusa.com/news/the-new-mercedes-benz-cls,mercedes-benz/cls,,skip,all-cls-class-news-media
"November 29, 2017",The new Mercedes-Benz CLS,https://media.mbusa.com/news/the-new-mercedes-benz-cls-2019,mercedes-benz/cls,,skip,all-cls-class-news-media
"November 18, 2017",The new Mercedes-Benz CLS – The Original Perfected. Coming soon.,https://media.mbusa.com/news/the-new-mercedes-benz-cls-the-original-perfected-coming-soon,mercedes-benz/cls,,skip,all-cls-class-news-media
"April 6, 2021",The redesigned Mercedes-Benz CLS,https://media.mbusa.com/news/the-redesigned-mercedes-benz-cls,mercedes-benz/cls,,skip,all-cls-class-news-media
"September 22, 2016",Trend-Leading Mercedes-Benz CLS Continues to Lead Segment,https://media.mbusa.com/news/trend-leading-mercedes-benz-cls-continues-to-lead-segment,mercedes-benz/cls,,skip,all-cls-class-news-media
"February 10, 2017","Trend-Leading Mercedes-Benz CLS Gains Enhanced Performance and Efficiency for 2016, Plus Upgraded Connectivity",https://media.mbusa.com/news/trend-leading-mercedes-benz-cls-gains-enhanced-performance-and-efficiency-for-2016-plus-upgraded-connectivity,mercedes-benz/cls,2016,skip,all-cls-class-news-media
"November 19, 2017","The new Mercedes-Benz CLS – The Original Perfected. World Premiere: November 29, 2017",https://media.mbusa.com/news/the-new-mercedes-benz-cls-the-original-perfected-world-premiere-november-29-2017,mercedes-benz/cls,2017,skip,all-cls-class-news-media
"June 3, 2020",Mercedes-Benz and Mercedes-AMG CLS receive MBUX Multimedia system for 2021,https://media.mbusa.com/news/mercedes-benz-and-mercedes-amg-cls-receive-mbux-multimedia-system-for-2021,mercedes-benz/cls,2021,skip,all-amg-news-media
"January 15, 2018","The new Mercedes-AMG 53-series models of the CLS, E-Class Coupe and E-Class Cabriolet",https://media.mbusa.com/news/the-new-mercedes-amg-53-series-models-of-the-cls-e-class-coupe-and-e-class-cabriolet,mercedes-benz/cls;mercedes-benz/e-class,,skip,all-cls-class-news-media
"April 25, 2023",A bridge between tradition and digitalization: the new E-Class,https://media.mbusa.com/news/a-bridge-between-tradition-and-digitalization-the-new-e-class,mercedes-benz/e-class,,skip,all-e-class-news-media
"May 26, 2020",Comprehensive range of enhancements for E-Class Coupe and Cabriolet,https://media.mbusa.com/news/comprehensive-range-of-enhancements-for-e-class-coupe-and-cabriolet,mercedes-benz/e-class,,skip,all-e-class-news-media
"May 22, 2020",E-Class Coupe and Cabriolet with new generation of steering wheel,https://media.mbusa.com/news/e-class-coupe-and-cabriolet-with-new-generation-of-steering-wheel,mercedes-benz/e-class,,skip,all-e-class-news-media
"September 9, 2020","E-Class Family redesigned with new technology, more efficient engines and added luxury",https://media.mbusa.com/news/e-class-family-redesigned-with-new-technology-more-efficient-engines-and-added-luxury,mercedes-benz/e-class,,skip,all-amg-news-media
"August 4, 2017",E-Class Wagon: Peerless in German Luxury,https://media.mbusa.com/news/2018-e-class-wagon-peerless-in-german-luxury,mercedes-benz/e-class,,skip,all-e-class-news-media
"June 17, 2020",Extensive update for Mercedes-AMG E 63 S Sedan and Wagon,https://media.mbusa.com/news/extensive-update-for-mercedes-amg-e-63-s-sedan-and-wagon,mercedes-benz/e-class,,skip,all-e-class-news-media
"March 2, 2017",Intelligence in its finest form: the new E-Class Coupe,https://media.mbusa.com/news/intelligence-in-its-finest-form-the-new-e-class-coupe,mercedes-benz/e-class,,skip,all-e-class-news-media
"September 22, 2016","Mercedes-Benz E-Class Coupe and Cabrio continue to turn heads with classic, seamless styling",https://media.mbusa.com/news/mercedes-benz-e-class-coupe-and-cabrio-continue-to-turn-heads-with-classic-seamless-styling,mercedes-benz/e-class,,skip,all-e-class-news-media
"September 11, 2025",Mercedes-Benz USA Announces Pricing for new Mercedes-AMG E 53 HYBRID Wagon,https://media.mbusa.com/news/mercedes-benz-usa-announces-pricing-for-new-mercedes-amg-e-53-hybrid-wagon,mercedes-benz/e-class,,skip,all-amg-news-media
"January 23, 2024",Mercedes-Benz USA Announces Pricing for the all-new E-Class Sedan,https://media.mbusa.com/news/mercedes-benz-usa-announces-pricing-for-the-all-new-e-class-sedan,mercedes-benz/e-class,,skip,all-e-class-news-media
"October 31, 2024",Mercedes-Benz USA Announces Pricing for the all-new Mercedes-AMG E 53 HYBRID,https://media.mbusa.com/news/mercedes-benz-usa-announces-pricing-for-the-all-new-mercedes-amg-e-53-hybrid,mercedes-benz/e-class,,skip,all-amg-news-media
"May 19, 2020",New E-Class Coupe and Cabriolet offer the latest generation of driver assistance systems,https://media.mbusa.com/news/e-class-coupe-and-cabriolet-offer-the-latest-generation-of-driver-assistance-systems,mercedes-benz/e-class,,skip,all-e-class-news-media
"March 11, 2024",Performance and efficiency in a new combination: the Mercedes-AMG E 53 HYBRID,https://media.mbusa.com/news/performance-and-efficiency-in-a-new-combination-the-mercedes-amg-e-53-hybrid,mercedes-benz/e-class,,skip,all-amg-news-media
"May 26, 2020",The E-Class Cabriolet with sun-reflecting leather,https://media.mbusa.com/news/the-e-class-cabriolet-with-sun-reflecting-leather,mercedes-benz/e-class,,skip,all-e-class-news-media
"May 18, 2020",The E-Class Cabriolet – a success story,https://media.mbusa.com/news/the-e-class-cabriolet-a-success-story,mercedes-benz/e-class,,skip,all-e-class-news-media
"August 4, 2017",The Mercedes-Benz E-Class Sedan,https://media.mbusa.com/news/the-mercedes-benz-e-class-sedan,mercedes-benz/e-class,,skip,all-amg-news-media
"September 23, 2016",The all-new Mercedes-Benz E-Class,https://media.mbusa.com/news/the-all-new-mercedes-benz-e-class,mercedes-benz/e-class,,skip,all-e-class-news-media
"September 3, 2023",The new E-Class All-Terrain: the vehicle with unbeatable versatility,https://media.mbusa.com/news/the-new-e-class-all-terrain-the-vehicle-with-unbeatable-versatility,mercedes-benz/e-class,,skip,all-e-class-news-media
"March 1, 2017",The new E-Class Cabriolet,https://media.mbusa.com/news/the-new-e-class-cabriolet,mercedes-benz/e-class,,skip,all-e-class-news-media
"December 13, 2016",The new E-Class Coupe,https://media.mbusa.com/news/the-new-e-class-coupe,mercedes-benz/e-class,,skip,all-e-class-news-media
"March 3, 2020",The new E-Class: Intelligence that excites,https://media.mbusa.com/news/the-new-e-class-intelligence-that-excites,mercedes-benz/e-class,,skip,all-e-class-news-media
"February 22, 2023",The new E-Class: dimensional concept and interior design,https://media.mbusa.com/news/the-new-e-class-dimensional-concept-and-interior-design,mercedes-benz/e-class,,skip,all-e-class-news-media
"May 26, 2020","The new Mercedes-AMG E 53 Coupe and Cabriolet: More sport, more individuality, more AMG",https://media.mbusa.com/news/the-new-mercedes-amg-e-53-coupe-and-cabriolet-more-sport-more-individuality-more-amg,mercedes-benz/e-class,,skip,all-e-class-news-media
"March 3, 2020",The new Mercedes-AMG E 53: extensive update with a fresh look and advanced equipment,https://media.mbusa.com/news/the-new-mercedes-amg-e-53-extensive-update-with-a-fresh-look-and-advanced-equipment,mercedes-benz/e-class,,skip,all-e-class-news-media
"September 23, 2016",The new Mercedes-AMG E43,https://media.mbusa.com/news/the-new-mercedes-amg-e43-1,mercedes-benz/e-class,,skip,all-e-class-news-media
"February 1, 2017",The new Mercedes-AMG E63 S Wagon,https://media.mbusa.com/news/the-new-mercedes-amg-e63-s-wagon,mercedes-benz/e-class,,skip,all-amg-news-media
"May 26, 2020",Welcome to the E-Class Family,https://media.mbusa.com/news/welcome-to-the-e-class-family,mercedes-benz/e-class,,skip,all-e-class-news-media
"February 28, 2020",World premiere of new E-Class and other highlights on Mercedes me media,https://media.mbusa.com/news/world-premiere-of-new-e-class-and-other-highlights-on-mercedes-me-media,mercedes-benz/e-class,,skip,all-e-class-news-media
"November 20, 2017",The new 2018 E-Class Cabriolet,https://media.mbusa.com/news/the-new-2018-e-class-cabriolet,mercedes-benz/e-class,2018,skip,all-e-class-news-media
"April 10, 2017",The new 2018 E-Class Cabriolet,https://media.mbusa.com/news/the-new-2018-e-class-cabriolet-us,mercedes-benz/e-class,2018,skip,all-e-class-news-media
"October 25, 2016",The new 2018 Mercedes-AMG E63 S Sedan,https://media.mbusa.com/news/the-new-mercedes-amg-e63-and-e63-s-sedan,mercedes-benz/e-class,2018,skip,all-amg-news-media
"May 23, 2018",The 2019 Mercedes-Benz E-Class Family,https://media.mbusa.com/news/the-2019-mercedes-benz-e-class-family,mercedes-benz/e-class,2019,skip,all-e-class-news-media
"November 16, 2020",Mercedes-Benz E-Class named MotorTrend 2021 Car of the Year,https://media.mbusa.com/news/mercedes-benz-e-class-named-motortrend-2021-car-of-the-year,mercedes-benz/e-class,2021,skip,all-e-class-news-media
"November 20, 2024",Mercedes-Benz E-Class named MotorTrend 2025 Car of the Year,https://media.mbusa.com/news/mercedes-benz-e-class-named-motortrend-2025-car-of-the-year,mercedes-benz/e-class,2025,skip,all-e-class-news-media
"April 8, 2025",Mercedes-Benz USA Expands Lineup with new 2026 Mercedes-AMG E 53 HYBRID Wagon,https://media.mbusa.com/news/mercedes-benz-usa-expands-lineup-with-new-2026-mercedes-amg-e-53-hybrid-wagon,mercedes-benz/e-class,2026,skip,all-amg-news-media
"August 24, 2023",A new look and even more intelligence: EQB upgraded throughout,https://media.mbusa.com/news/a-new-look-and-even-more-intelligence-eqb-upgraded-throughout,mercedes-benz/eqb,,skip,all-eq-news-media
"September 5, 2021",The new EQB: family-size electric mobility,https://media.mbusa.com/news/the-new-eqb-family-size-electric-mobility,mercedes-benz/eqb,,skip,all-eq-news-media
"April 12, 2021",EQS World Premiere on Mercedes me media – digital launch of the progressive electric sedan,https://media.mbusa.com/news/eqs-world-premiere-on-mercedes-me-media-digital-launch-of-the-progressive-electric-sedan,mercedes-benz/eqs,,skip,all-eq-news-media
"January 7, 2021",EQS with unique MBUX Hyperscreen: the big picture,https://media.mbusa.com/news/eqs-with-unique-mbux-hyperscreen-the-big-picture,mercedes-benz/eqs,,skip,all-eq-news-media
"June 17, 2021",EQS: Charging Ecosystem,https://media.mbusa.com/news/eqs-charging-ecosystem,mercedes-benz/eqs,,skip,all-eq-news-media
"May 12, 2021",First electric sedan from Mercedes-Benz high-tech production facility: Start of production of the EQS at Factory 56,https://media.mbusa.com/news/first-electric-sedan-from-mercedes-benz-high-tech-production-facility-start-of-production-of-the-eqs-at-factory-56,mercedes-benz/eqs,,skip,all-eq-news-media
"September 9, 2025",Long-distance test successfully completed: EQS with solid-state battery covers 749 miles on a single charge,https://media.mbusa.com/news/long-distance-test-successfully-completed-eqs-with-solid-state-battery-covers-749-miles-on-a-single-charge,mercedes-benz/eqs,,skip,all-eq-news-media
"April 26, 2023",Mercedes-Benz USA Announces Performance Acceleration On-Demand Upgrade for EQE and EQS Customers,https://media.mbusa.com/news/mercedes-benz-usa-announces-performance-acceleration-on-demand-upgrade-for-eqe-and-eqs-customers,mercedes-benz/eqs,,skip,all-eq-news-media
"January 27, 2022",Proven Sustainability: The New EQS Passes Environmental Audit,https://media.mbusa.com/news/proven-sustainability-new-eqs-passes-environmental-audit,mercedes-benz/eqs,,skip,all-eq-news-media
"April 2, 2026",Steer-by-wire becomes reality in the new EQS,https://media.mbusa.com/news/steer-by-wire-becomes-reality-in-the-new-eqs,mercedes-benz/eqs,,skip,all-eq-news-media
"April 15, 2021",The EQS: the first electric vehicle in the luxury class,https://media.mbusa.com/news/the-eqs-the-first-electric-vehicle-in-the-luxury-class,mercedes-benz/eqs,,skip,all-eq-news-media
"April 24, 2023",The New EQS 580 4MATIC Sedan City Edition Launches in Southern California,https://media.mbusa.com/news/the-new-eqs-580-4matic-sedan-city-edition-launches-in-southern-california,mercedes-benz/eqs,,skip,all-eq-news-media
"April 13, 2026",The new Mercedes-Benz EQS: Smarter than ever. Travel further than ever.,https://media.mbusa.com/news/the-new-mercedes-benz-eqs-smarter-than-ever-travel-further-than-ever,mercedes-benz/eqs,,skip,all-eq-news-media
"April 10, 2024",Mercedes-Benz EQS Sedan introduces extensive updates for 2025,https://media.mbusa.com/news/mercedes-benz-eqs-sedan-introduces-extensive-updates-for-2025,mercedes-benz/eqs,2025,skip,all-eq-news-media
"June 25, 2020","All-new Mercedes-Benz GLA to start from $36,230",https://media.mbusa.com/news/all-new-mercedes-benz-gla-to-start-from-36230,mercedes-benz/gla,,skip,all-gla-class-media-news-media
"March 16, 2023",Sporty compact SUV with numerous innovations: the new Mercedes-Benz GLA,https://media.mbusa.com/news/sporty-compact-suv-with-numerous-innovations-the-new-mercedes-benz-gla,mercedes-benz/gla,,skip,all-gla-class-media-news-media
"July 29, 2026",The all-new Mercedes-Benz GLA,https://media.mbusa.com/news/the-all-new-mercedes-benz-gla,mercedes-benz/gla,,skip,all-gla-class-media-news-media
"December 11, 2019",The new Mercedes-AMG GLA 35,https://media.mbusa.com/news/the-new-mercedes-amg-gla-35,mercedes-benz/gla,,skip,all-amg-news-media
"February 25, 2020",The new Mercedes-AMG GLA 45: The performance SUV to suit any lifestyle,https://media.mbusa.com/news/the-new-mercedes-amg-gla-45-the-performance-suv-to-suit-any-lifestyle,mercedes-benz/gla,,skip,all-amg-news-media
"July 23, 2020",The new Mercedes-Benz GLA,https://media.mbusa.com/news/the-new-mercedes-benz-gla,mercedes-benz/gla,,skip,all-gla-class-media-news-media
"July 23, 2020","The new Mercedes-Benz GLA: added character, added space, added safety",https://media.mbusa.com/news/the-most-important-features-at-a-glance,mercedes-benz/gla,,skip,all-gla-class-media-news-media
"December 11, 2019","The new Mercedes-Benz GLA: added character, added space, added safety",https://media.mbusa.com/news/the-new-mercedes-benz-gla-added-character-added-space-added-safety,mercedes-benz/gla,,skip,all-gla-class-media-news-media
"January 5, 2017",The redesigned Mercedes-Benz GLA,https://media.mbusa.com/news/the-redesigned-mercedes-benz-gla,mercedes-benz/gla,,skip,all-amg-news-media
"September 22, 2016",Multi-talented Mercedes-Benz GLA Adds Upgraded Tech and Options for 2017,https://media.mbusa.com/news/multi-talented-mercedes-benz-gla-adds-upgraded-tech-and-options-for-2017,mercedes-benz/gla,2017,skip,all-gla-class-media-news-media
"March 16, 2023",More features and improved technology for Mercedes-AMG GLA and GLB,https://media.mbusa.com/news/more-features-and-improved-technology-for-mercedes-amg-gla-and-glb,mercedes-benz/gla;mercedes-benz/glb,,skip,all-amg-news-media
"May 13, 2026",360° Environmental Check for the all-new electric GLB: 21% less CO₂ in the supply chain and up to 3 tons of CO₂ savings in the battery cells achieved by reduction measures,https://media.mbusa.com/news/360-environmental-check-for-the-all-new-electric-glb-21-less-co-in-the-supply-chain-and-up-to-3-tons-of-co-savings-in-the-battery-cells-achieved-by-reduction-measures,mercedes-benz/glb,,skip,all-glb-class-news-media
"November 11, 2025","Even in the coldest temperatures, the all-new GLB offers a “Welcome Home” feeling",https://media.mbusa.com/news/even-in-the-coldest-temperatures-the-all-new-glb-offers-a-welcome-home-feeling,mercedes-benz/glb,,skip,all-glb-class-news-media
"September 24, 2019",GLB Summer Testing,https://media.mbusa.com/news/glb-summer-testing,mercedes-benz/glb,,skip,all-glb-class-news-media
"September 25, 2019","Mercedes-Benz GLB boasts high versatility, exceptional safety and intuitive MBUX infotainment",https://media.mbusa.com/news/mercedes-benz-glb-boasts-high-versatility-exceptional-safety-and-intuitive-mbux-infotainment,mercedes-benz/glb,,skip,all-glb-class-news-media
"March 16, 2023",Spacious compact SUV with attractive equipment: the new Mercedes-Benz GLB,https://media.mbusa.com/news/spacious-compact-suv-with-attractive-equipment-the-new-mercedes-benz-glb,mercedes-benz/glb,,skip,all-glb-class-news-media
"December 7, 2025",The all-new Mercedes-Benz GLB,https://media.mbusa.com/news/the-all-new-mercedes-benz-glb,mercedes-benz/glb,,skip,all-glb-class-news-media
"June 11, 2019",The new Mercedes-Benz GLB: for family & friends,https://media.mbusa.com/news/the-new-mercedes-benz-glb-for-family-friends,mercedes-benz/glb,,skip,all-glb-class-news-media
"March 23, 2026",360° Environmental Check for the all-new electric GLC now available,https://media.mbusa.com/news/360-environmental-check-for-the-all-new-electric-glc-now-available,mercedes-benz/glc,,skip,all-glc-class-news-media
"September 6, 2017",Exclusive insights into the development and testing of the GLC F-CELL,https://media.mbusa.com/news/exclusive-insights-into-the-development-and-testing-of-the-glc-f-cell,mercedes-benz/glc,,skip,all-glc-class-news-media
"August 4, 2025",Face of the future: a new era of iconic design at Mercedes-Benz starts with all-new electric GLC,https://media.mbusa.com/news/face-of-the-future-a-new-era-of-iconic-design-at-mercedes-benz-starts-with-all-new-electric-glc,mercedes-benz/glc,,skip,all-glc-class-news-media
"September 5, 2025","Inside the all-new electric GLC: An exceptional experience, powered by MB.OS, that feels just like home",https://media.mbusa.com/news/inside-the-all-new-electric-glc-an-exceptional-experience-powered-by-mbos-that-feels-just-like-home,mercedes-benz/glc,,skip,all-glc-class-news-media
"July 10, 2025",Mercedes-Benz CEO Ola Källenius tests the all-new electric GLC,https://media.mbusa.com/news/mercedes-benz-ceo-ola-kallenius-tests-the-all-new-electric-glc,mercedes-benz/glc,,skip,all-glc-class-news-media
"September 8, 2019",Mercedes-Benz GLC 350e 4MATIC EQ Power: New third-generation plug-in hybrid,https://media.mbusa.com/news/mercedes-benz-glc-350e-4matic-eq-power-new-third-generation-plug-in-hybrid,mercedes-benz/glc,,skip,all-glc-class-news-media
"August 23, 2024",Mercedes-Benz GLC Plug-in Hybrid SUV Offers Best-in-Segment All-Electric Range of 54 Miles,https://media.mbusa.com/news/mercedes-benz-glc-plug-in-hybrid-suv-offers-best-in-segment-all-electric-range-of-54-miles,mercedes-benz/glc,,skip,all-glc-class-news-media
"October 26, 2023",Mercedes-Benz USA Announces Pricing for the all-new GLC 300 4MATIC Coupe,https://media.mbusa.com/news/mercedes-benz-usa-announces-pricing-for-the-all-new-glc-300-4matic-coupe,mercedes-benz/glc,,skip,all-glc-class-news-media
"March 29, 2022",Mercedes-Benz tests the new GLC under extreme conditions,https://media.mbusa.com/news/mercedes-benz-tests-the-new-glc-under-extreme-conditions,mercedes-benz/glc,,skip,all-glc-class-news-media
"September 7, 2025",New Mercedes-Benz GLC is world’s first car with interior certified by The Vegan Society,https://media.mbusa.com/news/new-mercedes-benz-glc-is-worlds-first-car-with-interior-certified-by-the-vegan-society,mercedes-benz/glc,,skip,all-glc-class-news-media
"March 3, 2025",The All-New Mercedes-Benz GLC with EQ Technology: Excelling in Extreme Cold,https://media.mbusa.com/news/the-all-new-mercedes-benz-glc-with-eq-technology-excelling-in-extreme-cold,mercedes-benz/glc,,skip,all-glc-class-news-media
"June 10, 2019",The Mercedes-Benz GLC: SUV and Coupe,https://media.mbusa.com/news/the-mercedes-benz-glc-suv-and-coupe,mercedes-benz/glc,,skip,all-glc-class-news-media
"May 26, 2026",The New Mercedes-AMG GLC 53 4MATIC+: High-Revving Six-Cylinder Delivering Greater Driving Dynamics and Emotion,https://media.mbusa.com/news/the-new-mercedes-amg-glc-53-4matic-high-revving-six-cylinder-delivering-greater-driving-dynamics-and-emotion,mercedes-benz/glc,,skip,all-amg-news-media
"April 1, 2026",The all-new Mercedes-Benz GLC: Effortlessly uncompromising,https://media.mbusa.com/news/the-all-new-mercedes-benz-glc-effortlessly-uncompromising,mercedes-benz/glc,,skip,all-glc-class-news-media
"March 14, 2023",The new GLC Coupe: The lifestyle model in the successful Mercedes-Benz SUV family,https://media.mbusa.com/news/the-new-glc-coupe-the-lifestyle-model-in-the-successful-mercedes-benz-suv-family,mercedes-benz/glc,,skip,all-glc-class-news-media
"July 17, 2019",The new Mercedes-AMG GLC 43 models,https://media.mbusa.com/news/the-new-mercedes-amg-glc-43-models,mercedes-benz/glc,,skip,all-glc-class-news-media
"April 16, 2019",The new Mercedes-AMG GLC 63 models,https://media.mbusa.com/news/the-new-mercedes-amg-glc-63-models,mercedes-benz/glc,,skip,all-amg-news-media
"September 25, 2023",The new Mercedes-AMG GLC Coupe: Stylish design meets sporty driving dynamics,https://media.mbusa.com/news/the-new-mercedes-amg-glc-coupe-stylish-design-meets-sporty-driving-dynamics,mercedes-benz/glc,,skip,all-amg-news-media
"August 31, 2016",The new Mercedes-AMG GLC43 Coupe,https://media.mbusa.com/news/the-new-mercedes-amg-glc43-coupe,mercedes-benz/glc,,skip,all-glc-class-news-media
"April 4, 2017","The new Mercedes-AMG GLC63 SUV, GLC63 Coupe and GLC63 S Coupe",https://media.mbusa.com/news/the-new-mercedes-amg-glc63-suv-glc63-coupe-and-glc63-s-coupe,mercedes-benz/glc,,skip,all-amg-news-media
"February 27, 2019",The redesigned Mercedes-Benz GLC,https://media.mbusa.com/news/the-redesigned-mercedes-benz-glc,mercedes-benz/glc,,skip,all-glc-class-news-media
"March 19, 2019",The redesigned Mercedes-Benz GLC Coupe,https://media.mbusa.com/news/the-redesigned-mercedes-benz-glc-coupe,mercedes-benz/glc,,skip,all-glc-class-news-media
"September 28, 2017",2017 & 2018 Mercedes-Benz GLC SUV Earns IIHS TOP SAFETY PICK+ Rating,https://media.mbusa.com/news/2017-2018-mercedes-benz-glc-suv-earns-iihs-top-safety-pick-rating,mercedes-benz/glc,2017,skip,all-glc-class-news-media
"September 22, 2016","Mercedes-Benz GLC Receives New Paint, Upholstery for 2017 Model Year",https://media.mbusa.com/news/mercedes-benz-glc-receives-new-paint-upholstery-for-2017-model-year,mercedes-benz/glc,2017,skip,all-glc-class-news-media
"April 28, 2021",The new 2022 Mercedes-AMG GLC 63 S SUV combines groundbreaking performance with exceptional versatility in the highly compelling GLC SUV package,https://media.mbusa.com/news/the-new-2022-mercedes-amg-glc-63-s-suv-combines-groundbreaking-performance-with-exceptional-versatility-in-the-highly-compelling-glc-suv-package,mercedes-benz/glc,2022,skip,all-glc-class-news-media
"March 9, 2023",Mercedes-Benz USA Announces Pricing and Packaging Structures for 2023 GLC SUV,https://media.mbusa.com/news/mercedes-benz-usa-announces-pricing-and-packaging-structures-for-2023-glc-suv,mercedes-benz/glc,2023,skip,all-glc-class-news-media
"May 17, 2023",The new Mercedes-Benz 2023 GLC SUV,https://media.mbusa.com/news/the-new-mercedes-benz-2023-glc-suv,mercedes-benz/glc,2023,skip,all-glc-class-news-media
"March 20, 2024",Mercedes-Benz GLC Plug-in Hybrid SUV to join U.S. product range in 2024,https://media.mbusa.com/news/mercedes-benz-glc-plug-in-hybrid-suv-to-join-us-product-range-in-2024,mercedes-benz/glc,2024,skip,all-glc-class-news-media
"January 31, 2023",Added equipment and fresh design for Mercedes-AMG GLE SUV and GLE Coupe,https://media.mbusa.com/news/added-equipment-and-fresh-design-for-mercedes-amg-gle-suv-and-gle-coupe,mercedes-benz/gle,,skip,all-gle-class-news-media
"August 25, 2020","All-new 603 horsepower Mercedes-AMG GLE 63 S Coupe to start from $116,000",https://media.mbusa.com/news/all-new-603-horsepower-mercedes-amg-gle-63-s-coupe-to-start-from-116000,mercedes-benz/gle,,skip,all-amg-news-media
"November 28, 2018","All-new Mercedes-Benz GLE SUV to start at $53,700",https://media.mbusa.com/news/all-new-mercedes-benz-gle-suv-to-start-at-53700,mercedes-benz/gle,,skip,all-gle-class-news-media
"October 31, 2016",Mercedes-AMG GLE43 SUV Becomes Ninth AMG 43 Model in the U.S.,https://media.mbusa.com/news/mercedes-amg-gle43-suv-becomes-ninth-amg-43-model-in-the-us,mercedes-benz/gle,,skip,all-amg-news-media
"May 22, 2019",Mercedes-Benz adds electrified V8 to the GLE model range,https://media.mbusa.com/news/mercedes-benz-adds-electrified-v8-to-the-gle-model-range,mercedes-benz/gle,,skip,all-gle-class-news-media
"March 31, 2026",Performance meets electrified efficiency: The new Mercedes-AMG GLE 53 HYBRID,https://media.mbusa.com/news/performance-meets-electrified-efficiency-the-new-mercedes-amg-gle-53-hybrid,mercedes-benz/gle,,skip,all-amg-news-media
"August 3, 2017","The GLE Coupe: an impressively sporty, yet practical choice",https://media.mbusa.com/news/the-gle-coupe-an-impressively-sporty-yet-practical-choice,mercedes-benz/gle,,skip,all-amg-news-media
"November 1, 2016",The Mercedes-AMG GLE43,https://media.mbusa.com/news/the-mercedes-amg-gle43,mercedes-benz/gle,,skip,all-amg-news-media
"February 27, 2019",The new Mercedes-AMG GLE 53,https://media.mbusa.com/news/the-new-mercedes-amg-gle-53,mercedes-benz/gle,,skip,all-amg-news-media
"October 23, 2023",The new Mercedes-AMG GLE 53 plug-in hybrid: Powerful performance in everyday life,https://media.mbusa.com/news/the-new-mercedes-amg-gle-53-plug-in-hybrid-powerful-performance-in-everyday-life,mercedes-benz/gle,,skip,all-amg-news-media
"November 20, 2019",The new Mercedes-AMG GLE 63 S,https://media.mbusa.com/news/the-new-mercedes-amg-gle-63-s,mercedes-benz/gle,,skip,all-amg-news-media
"February 18, 2020",The new Mercedes-AMG GLE 63 S Coupe,https://media.mbusa.com/news/the-new-mercedes-amg-gle-63-s-coupe,mercedes-benz/gle,,skip,all-amg-news-media
"September 11, 2018",The new Mercedes-Benz GLE,https://media.mbusa.com/news/the-new-mercedes-benz-gle,mercedes-benz/gle,,skip,all-gle-class-news-media
"March 31, 2026","The new Mercedes-Benz GLE Coupe: Powerful, commanding, intuitive, expressive",https://media.mbusa.com/news/the-new-mercedes-benz-gle-coupe-powerful-commanding-intuitive-expressive,mercedes-benz/gle,,skip,all-gle-class-news-media
"March 31, 2026",The new Mercedes-Benz GLE: Modern intelligence meets commanding performance,https://media.mbusa.com/news/the-new-mercedes-benz-gle-modern-intelligence-meets-commanding-performance,mercedes-benz/gle,,skip,all-gle-class-news-media
"August 3, 2017",The Mercedes-Benz GLE continues success for 2018,https://media.mbusa.com/news/the-mercedes-benz-gle-continues-success-for-2018,mercedes-benz/gle,2018,skip,all-amg-news-media
"August 27, 2019",The new 2021 Mercedes-AMG GLE 53 Coupe,https://media.mbusa.com/news/the-new-2021-mercedes-amg-gle-53-coupe,mercedes-benz/gle,2021,skip,all-amg-news-media
"June 15, 2026",V8 power at its finest: The new Mercedes AMG GLE 63 S and Mercedes‑AMG GLS 63,https://media.mbusa.com/news/v8-power-at-its-finest-the-new-mercedes-amg-gle-63-s-and-mercedesamg-gls-63,mercedes-benz/gle;mercedes-benz/gls,,skip,all-amg-news-media
"December 6, 2016","Mercedes-Benz GLS450 named to Car and Driver ""10Best Trucks and SUVs"" list",https://media.mbusa.com/news/mercedes-benz-gls450-named-to-car-and-driver-10best-trucks-and-suvs-list,mercedes-benz/gls,,skip,all-gls-class-news-media
"October 19, 2020",Mercedes-Benz USA announces pricing for all-new Mercedes-Maybach GLS,https://media.mbusa.com/news/mercedes-benz-usa-announces-pricing-for-all-new-mercedes-maybach-gls,mercedes-benz/gls,,skip,all-maybach-news-media
"January 9, 2018",The Mercedes-Benz GLS Grand Edition,https://media.mbusa.com/news/the-mercedes-benz-gls-grand-edition,mercedes-benz/gls,,skip,all-gls-class-news-media
"April 4, 2023","The new GLS models: fresh look, new software",https://media.mbusa.com/news/the-new-gls-models-fresh-look-new-software,mercedes-benz/gls,,skip,all-gls-class-news-media
"November 20, 2019",The new Mercedes-AMG GLS 63,https://media.mbusa.com/news/the-new-mercedes-amg-gls-63,mercedes-benz/gls,,skip,all-amg-news-media
"June 3, 2025",The new Mercedes-AMG GLS 63 MANUFAKTUR Arctic Silver edition,https://media.mbusa.com/news/the-new-mercedes-amg-gls-63-manufaktur-arctic-silver-edition,mercedes-benz/gls,,skip,all-amg-news-media
"April 17, 2019",The new Mercedes-Benz GLS,https://media.mbusa.com/news/the-new-mercedes-benz-gls-2020,mercedes-benz/gls,,skip,all-gls-class-news-media
"November 21, 2019",The new Mercedes-Maybach GLS,https://media.mbusa.com/news/the-new-mercedes-maybach-gls,mercedes-benz/gls,,skip,all-gls-class-news-media
"July 21, 2026",The new Mercedes-Maybach GLS 680,https://media.mbusa.com/news/the-new-mercedes-maybach-gls-680,mercedes-benz/gls,,skip,all-maybach-news-media
"November 12, 2020","""The 2020 Masters"": From the Mercedes-Maybach GLS to the Green Jacket",https://media.mbusa.com/news/the-2020-masters-from-the-mercedes-maybach-gls-to-the-green-jacket,mercedes-benz/gls,2020,skip,all-gls-class-news-media
"August 3, 2017",The Mercedes-Benz GLS continues to affirm its status as the “S-Class among SUVs”,https://media.mbusa.com/news/the-mercedes-benz-gls-continues-to-affirm-its-status-as-the-s-class-among-suvs,mercedes-benz/gls;mercedes-benz/s-class,,skip,all-gls-class-news-media
"March 31, 2026",The new Mercedes-Benz GLS: The S-Class of SUVs redefines comfort,https://media.mbusa.com/news/the-new-mercedes-benz-gls-the-s-class-of-suvs-redefines-comfort,mercedes-benz/gls;mercedes-benz/s-class,,skip,all-gls-class-news-media
"August 26, 2020","""Meet the S-Class DIGITAL"" finale: World premiere on Mercedes me media",https://media.mbusa.com/news/meet-the-s-class-digital-finale-world-premiere-on-mercedes-me-media,mercedes-benz/s-class,,skip,all-s-class-news-media
"September 18, 2017",EQ Power: new plug-in hybrid Mercedes-Benz S560e,https://media.mbusa.com/news/eq-power-new-plug-in-hybrid-mercedes-benz-s560e,mercedes-benz/s-class,,skip,all-s-class-news-media
"August 17, 2024",Exclusive Mercedes-Maybach S 680 Edition Nordic Glow celebrates world premiere,https://media.mbusa.com/news/exclusive-mercedes-maybach-s-680-edition-nordic-glow-celebrates-world-premiere,mercedes-benz/s-class,,skip,all-maybach-news-media
"December 28, 2020",Generations of Innovation: The Mercedes-Benz S-Class,https://media.mbusa.com/news/generations-of-innovation-the-mercedes-benz-s-class,mercedes-benz/s-class,,skip,all-s-class-news-media
"November 17, 2020",Meet the Maybach S-Class DIGITAL,https://media.mbusa.com/news/meet-the-maybach-s-class-digital,mercedes-benz/s-class,,skip,all-s-class-news-media
"July 24, 2020",Meet the S-Class DIGITAL #2: Innovation by intelligence,https://media.mbusa.com/news/meet-the-s-class-digital-2-innovation-by-intelligence,mercedes-benz/s-class,,skip,all-s-class-news-media
"August 7, 2020",Meet the S-Class DIGITAL #3: Luxury & Well-being,https://media.mbusa.com/news/meet-the-s-class-digital-3-luxury-well-being,mercedes-benz/s-class,,skip,all-s-class-news-media
"July 6, 2020",Meet the S-Class DIGITAL – first insights into the new luxury sedan,https://media.mbusa.com/news/meet-the-s-class-digital-first-insights-into-the-new-luxury-sedan,mercedes-benz/s-class,,skip,all-s-class-news-media
"July 29, 2020","Meet the S-Class DIGITAL: ""Innovation by Intelligence""",https://media.mbusa.com/news/meet-the-s-class-digital-innovation-by-intelligence,mercedes-benz/s-class,,skip,all-s-class-news-media
"August 12, 2020","Meet the S-Class DIGITAL: ""Luxury & Well-Being""",https://media.mbusa.com/news/meet-the-s-class-digital-luxury-well-being,mercedes-benz/s-class,,skip,all-s-class-news-media
"July 8, 2020","Meet the S-Class DIGITAL: ""My MBUX"" (Mercedes-Benz User Experience)",https://media.mbusa.com/news/meet-the-s-class-digital-my-mbux-mercedes-benz-user-experience,mercedes-benz/s-class,,skip,all-s-class-news-media
"March 3, 2019",Mercedes-AMG S 65 Final Edition,https://media.mbusa.com/news/mercedes-amg-s-65-final-edition,mercedes-benz/s-class,,skip,all-amg-news-media
"April 7, 2025",Mercedes-Benz Honors Golf Icon Bernhard Langer with a Personalized S-Class at His Final Masters,https://media.mbusa.com/news/mercedes-benz-honors-golf-icon-bernhard-langer-with-a-personalized-s-class-at-his-final-masters,mercedes-benz/s-class,,skip,all-s-class-news-media
"September 22, 2016",Mercedes-Benz S-Class Coupe Leads the Way in its Segment,https://media.mbusa.com/news/mercedes-benz-s-class-coupe-leads-the-way-in-its-segment,mercedes-benz/s-class,,skip,all-s-class-news-media
"March 10, 2021",Mercedes-Benz USA Announces Pricing for New Maybach S-Class,https://media.mbusa.com/news/mercedes-benz-usa-announces-pricing-for-new-maybach-s-class,mercedes-benz/s-class,,skip,all-s-class-news-media
"February 13, 2023",Mercedes-Benz USA Announces Pricing for the all-new S-Class Plug-in Hybrid,https://media.mbusa.com/news/mercedes-benz-usa-announces-pricing-for-the-all-new-s-class-plug-in-hybrid,mercedes-benz/s-class,,skip,all-s-class-news-media
"May 17, 2021",Mercedes-Benz USA announces highly anticipated new Mercedes-Maybach S 680 4MATIC Sedan,https://media.mbusa.com/news/mercedes-benz-usa-announces-highly-anticipated-new-mercedes-maybach-s-680-4matic-sedan,mercedes-benz/s-class,,skip,all-maybach-news-media
"August 12, 2025",Mercedes-Maybach S 680 Edition Emerald Isle debuts at Pebble Beach: A Coastal-Inspired Masterpiece,https://media.mbusa.com/news/mercedes-maybach-s-680-edition-emerald-isle-debuts-at-pebble-beach-a-coastal-inspired-masterpiece,mercedes-benz/s-class,,skip,all-maybach-news-media
"February 13, 2018",Mercedes-Maybach S-Class offers exclusive luxury with new features,https://media.mbusa.com/news/mercedes-maybach-s-class-offers-exclusive-luxury-with-new-features,mercedes-benz/s-class,,skip,all-maybach-news-media
"March 5, 2018",New special models of the S-Class Coupe and Cabriolet,https://media.mbusa.com/news/new-special-models-of-the-s-class-coupe-and-cabriolet,mercedes-benz/s-class,,skip,all-s-class-news-media
"September 22, 2016","The Mercedes-AMG S63 4MATIC Cabriolet ""Edition 130""",https://media.mbusa.com/news/the-mercedes-amg-s63-4matic-cabriolet-edition-130-1,mercedes-benz/s-class,,skip,all-amg-news-media
"October 2, 2017",The Mercedes-Benz S-Class,https://media.mbusa.com/news/the-mercedes-benz-s-class,mercedes-benz/s-class,,skip,all-s-class-news-media
"June 27, 2023",The S-Class from Mercedes-AMG: Perfect synthesis of luxurious comfort and driving dynamics with E PERFORMANCE,https://media.mbusa.com/news/the-s-class-from-mercedes-amg-perfect-synthesis-of-comfort-and-dynamism-with-e-performance,mercedes-benz/s-class,,skip,all-amg-news-media
"September 22, 2016",The new Mercedes-AMG S65 Cabriolet Open-top Driving with Prestige and Performance,https://media.mbusa.com/news/the-new-mercedes-amg-s65-cabriolet-open-top-driving-with-prestige-and-performance,mercedes-benz/s-class,,skip,all-amg-news-media
"September 2, 2020",The new Mercedes-Benz S-Class,https://media.mbusa.com/news/the-new-mercedes-benz-s-class-2021,mercedes-benz/s-class,,skip,all-s-class-news-media
"September 22, 2016",The new Mercedes-Benz S-Class Cabriolet,https://media.mbusa.com/news/the-new-mercedes-benz-s-class-cabriolet-1,mercedes-benz/s-class,,skip,all-s-class-news-media
"May 13, 2026",The new Mercedes-Benz S-Class: Refined in every detail,https://media.mbusa.com/news/the-new-mercedes-benz-s-class-refined-in-every-detail,mercedes-benz/s-class,,skip,all-s-class-news-media
"November 19, 2020",The new Mercedes-Maybach S-Class,https://media.mbusa.com/news/the-new-mercedes-maybach-s-class,mercedes-benz/s-class,,skip,all-maybach-news-media
"July 7, 2026","The new Mercedes-Maybach S-Class: Travel in serenity, arrive in style",https://media.mbusa.com/news/the-new-mercedes-maybach-s-class-true-class-runs-deep,mercedes-benz/s-class,,skip,all-maybach-news-media
"September 4, 2017",The 2018 Mercedes-AMG S-Class Coupe and S-Class Cabriolet,https://media.mbusa.com/news/the-2018-mercedes-amg-coupe-and-cabriolet,mercedes-benz/s-class,2018,skip,all-amg-news-media
"September 4, 2017",The 2018 Mercedes-Benz S-Class Coupe and S-Class Cabriolet,https://media.mbusa.com/news/the-2018-s-class-coupe-and-s-class-cabriolet,mercedes-benz/s-class,2018,skip,all-amg-news-media
"April 18, 2017",The 2018 Mercedes-Benz S-Class Sedan,https://media.mbusa.com/news/the-2018-mercedes-benz-s-class-sedan,mercedes-benz/s-class,2018,skip,all-amg-news-media
"January 30, 2026","Impressions of the Mercedes-Benz S-Class world premiere on January 29, 2026",https://media.mbusa.com/news/impressions-of-the-mercedes-benz-s-class-world-premiere-on-january-29-2026,mercedes-benz/s-class,2026,skip,all-s-class-news-media
"July 26, 2022",MY22 Sprinter Quick Reference Guide,https://media.mbusa.com/news/my22-sprinter-quick-reference-guide,,,spec_other_model,all-van-news-media
"September 9, 2016",2016 Mercedes-AMG GT Quick Reference Guide,https://media.mbusa.com/news/my2016-mercedes-amg-gt-gt-s-quick-reference-guide,,2016,spec_other_model,all-amg-news-media
"October 10, 2016",2016 Mercedes-Benz B-Class Specifications,https://media.mbusa.com/news/2016-mercedes-benz-b-class-specifications,,2016,spec_other_model,archive
"December 21, 2016",2017 AMG GT3 Customer Sports Program Attracts Additional Entries,https://media.mbusa.com/news/2017-amg-gt3-customer-sports-program-attracts-additional-entries,,2017,spec_other_model,all-amg-news-media
"September 21, 2016",2017 B-Class Electric Drive Quick Reference Guide,https://media.mbusa.com/news/2017-b-class-electric-drive-quick-reference-guide,,2017,spec_other_model,archive
"September 23, 2016",2017 G-Class Quick Reference Guide,https://media.mbusa.com/news/2017-g-class-quick-reference-guide,,2017,spec_other_model,all-amg-news-media
"September 23, 2016",2017 Mercedes-AMG G63 Specifications,https://media.mbusa.com/news/2017-mercedes-amg-g63-specifications,,2017,spec_other_model,all-amg-news-media
"September 23, 2016",2017 Mercedes-AMG G65 Specifications,https://media.mbusa.com/news/2017-mercedes-amg-g65-specifications,,2017,spec_other_model,all-amg-news-media
"September 14, 2016",2017 Mercedes-AMG GT Quick Reference Guide,https://media.mbusa.com/news/2017-mercedes-amg-gt-quick-reference-guide,,2017,spec_other_model,all-amg-news-media
"September 23, 2016",2017 Mercedes-AMG GT and GT S Specifications,https://media.mbusa.com/news/2017-mercedes-amg-gt-and-gt-s-specifications,,2017,spec_other_model,all-amg-news-media
"August 23, 2016",2017 Mercedes-AMG SL63 Specifications,https://media.mbusa.com/news/2017-mercedes-amg-sl63-specifications,,2017,spec_other_model,all-amg-news-media
"August 23, 2016",2017 Mercedes-AMG SL65 Specifications,https://media.mbusa.com/news/2017-mercedes-amg-sl65-specifications,,2017,spec_other_model,all-amg-news-media
"September 23, 2016",2017 Mercedes-AMG SLC43 Specifications,https://media.mbusa.com/news/2017-mercedes-amg-slc43-specifications,,2017,spec_other_model,all-amg-news-media
"January 21, 2017",2017 Mercedes-Benz B250e Specifications,https://media.mbusa.com/news/2017-mercedes-benz-b250e-specifications,,2017,spec_other_model,archive
"August 23, 2016",2017 Mercedes-Benz SL Roadster Quick Reference Guide,https://media.mbusa.com/news/2017-mercedes-benz-sl-roadster-quick-reference-guide,,2017,spec_other_model,all-amg-news-media
"August 23, 2016",2017 Mercedes-Benz SL450 Specifications,https://media.mbusa.com/news/2017-mercedes-benz-sl450-specifications,,2017,spec_other_model,search Specifications
"August 23, 2016",2017 Mercedes-Benz SL550 Specifications,https://media.mbusa.com/news/2017-mercedes-benz-sl550-specifications,,2017,spec_other_model,search Specifications
"September 23, 2016",2017 Mercedes-Benz SLC300 Specifications,https://media.mbusa.com/news/2017-mercedes-benz-slc300-specifications,,2017,spec_other_model,archive
"February 10, 2017",2017 Metris WORKER Quick Reference Guide,https://media.mbusa.com/news/2017-metris-worker-quick-reference-guide,,2017,spec_other_model,all-van-news-media
"September 23, 2016",2017 SLC Roadster Quick Reference Guide,https://media.mbusa.com/news/2017-slc-roadster-quick-reference-guide,,2017,spec_other_model,all-amg-news-media
"September 21, 2016",2017 smart fortwo cabrio Quick Reference Guide,https://media.mbusa.com/news/2017-smart-fortwo-cabrio-quick-reference-guide,,2017,spec_other_model,archive
"September 21, 2016",2017 smart fortwo cabrio Specifications,https://media.mbusa.com/news/2017-smart-fortwo-cabrio-specifications,,2017,spec_other_model,archive
"September 21, 2016",2017 smart fortwo coupe Quick Reference Guide,https://media.mbusa.com/news/2017-smart-fortwo-coupe-quick-reference-guide,,2017,spec_other_model,archive
"September 21, 2016",2017 smart fortwo coupe Specifications,https://media.mbusa.com/news/2017-smart-fortwo-coupe-specifications,,2017,spec_other_model,archive
"September 22, 2016",2017 smart fortwo electric drive Quick Reference Guide,https://media.mbusa.com/news/2017-smart-fortwo-electric-drive-quick-reference-guide,,2017,spec_other_model,archive
"February 3, 2017",2017 smart fortwo electric drive coupe Specifications,https://media.mbusa.com/news/2017-smart-fortwo-electric-drive-coupe-specifications,,2017,spec_other_model,archive
"August 3, 2017",2018 AMG G63 Specifications,https://media.mbusa.com/news/specs-2018-amg-g63,,2018,spec_other_model,search Specifications
"August 3, 2017",2018 AMG G65 Specifications,https://media.mbusa.com/news/specs-2018-amg-g65,,2018,spec_other_model,search Specifications
"November 1, 2017",2018 Mercedes-AMG GT C Coupe Specifications,https://media.mbusa.com/news/2018-mercedes-amg-gt-c-coupe-specifications,,2018,spec_other_model,all-amg-news-media
"November 1, 2017",2018 Mercedes-AMG GT C Roadster Specifications,https://media.mbusa.com/news/2018-mercedes-amg-gt-c-roadster-specifications,,2018,spec_other_model,all-amg-news-media
"November 1, 2017",2018 Mercedes-AMG GT Coupe Quick Reference Guide,https://media.mbusa.com/news/2018-mercedes-amg-gt-coupe-quick-reference-guide,,2018,spec_other_model,all-amg-news-media
"January 9, 2017",2018 Mercedes-AMG GT Family Quick Reference Guide,https://media.mbusa.com/news/2018-mercedes-amg-gt-family-quick-reference-guide,,2018,spec_other_model,all-amg-news-media
"November 1, 2017",2018 Mercedes-AMG GT R Coupe Specifications,https://media.mbusa.com/news/2018-mercedes-amg-gt-r-coupe-specifications,,2018,spec_other_model,all-amg-news-media
"April 6, 2017",2018 Mercedes-AMG GT Roadster Quick Reference Guide,https://media.mbusa.com/news/2018-mercedes-amg-gt-roadster-quick-reference-guide,,2018,spec_other_model,all-amg-news-media
"November 1, 2017",2018 Mercedes-AMG GT Roadster Specifications,https://media.mbusa.com/news/2018-mercedes-amg-gt-roadster-specifications,,2018,spec_other_model,all-amg-news-media
"November 1, 2017",2018 Mercedes-AMG GT and GT S Coupe Specifications,https://media.mbusa.com/news/2018-mercedes-amg-gt-and-gt-s-coupe-specifications,,2018,spec_other_model,all-amg-news-media
"August 4, 2017",2018 Mercedes-AMG SL 63 Roadster Specifications,https://media.mbusa.com/news/2018-mercedes-amg-sl63-roadster-specifications,,2018,spec_other_model,all-amg-news-media
"August 4, 2017",2018 Mercedes-AMG SL 65 Roadster Specifications,https://media.mbusa.com/news/2018-mercedes-amg-sl65-roadster-specifications,,2018,spec_other_model,all-amg-news-media
"August 4, 2017",2018 Mercedes-AMG SLC43 Roadster Specifications,https://media.mbusa.com/news/2018-mercedes-amg-slc43-roadster-specifications,,2018,spec_other_model,all-amg-news-media
"August 3, 2017",2018 Mercedes-Benz G-Class Quick Reference Guide,https://media.mbusa.com/news/quick-reference-guide-2018-g-class,,2018,spec_other_model,search Quick Reference Guide
"August 3, 2017",2018 Mercedes-Benz G550 Specifications,https://media.mbusa.com/news/specs-2018-g550,,2018,spec_other_model,search Specifications
"August 4, 2017",2018 Mercedes-Benz SL 450 Roadster Specifications,https://media.mbusa.com/news/2018-mercedes-benz-sl450-roadster-specifications,,2018,spec_other_model,search Specifications
"August 4, 2017",2018 Mercedes-Benz SL 550 Roadster Specifications,https://media.mbusa.com/news/2018-mercedes-benz-sl550-roadster-specifications,,2018,spec_other_model,search Specifications
"August 4, 2017",2018 Mercedes-Benz SL Roadster Quick Reference Guide,https://media.mbusa.com/news/2018-sl-roadster-quick-reference-guide,,2018,spec_other_model,all-amg-news-media
"August 4, 2017",2018 Mercedes-Benz SLC300 Roadster Specifications,https://media.mbusa.com/news/2018-mercedes-benz-slc300-roadster-specifications,,2018,spec_other_model,archive
"August 4, 2017",2018 SLC Roadster Quick Reference Guide,https://media.mbusa.com/news/2018-slc-roadster-quick-reference-guide,,2018,spec_other_model,all-amg-news-media
"December 8, 2017",2018 smart fortwo electric drive Quick Reference Guide,https://media.mbusa.com/news/2018-smart-fortwo-electric-drive-quick-reference-guide,,2018,spec_other_model,archive
"December 8, 2017",2018 smart fortwo electric drive cabrio Specifications,https://media.mbusa.com/news/2018-smart-fortwo-electric-drive-cabrio,,2018,spec_other_model,archive
"December 8, 2017",2018 smart fortwo electric drive coupe Specifications,https://media.mbusa.com/news/2018-smart-fortwo-electric-drive-coupe,,2018,spec_other_model,archive
"January 15, 2019",2019 A-Class Sedan Quick Reference Guide,https://media.mbusa.com/news/2019-a-class-sedan-quick-reference-guide,,2019,spec_other_model,search Quick Reference Guide
"January 15, 2018",2019 G-Class Quick Reference Guide,https://media.mbusa.com/news/quick-reference-guide-2019-g-class,,2019,spec_other_model,search Quick Reference Guide
"October 31, 2018",2019 Mercedes-AMG G63 Specifications,https://media.mbusa.com/news/2019-mercedes-amg-g63-specifications,,2019,spec_other_model,all-amg-news-media
"December 3, 2018",2019 Mercedes-AMG GT Coupe Quick Reference Guide,https://media.mbusa.com/news/2019-mercedes-amg-gt-coupe-quick-reference-guide,,2019,spec_other_model,all-gt-news-media
"January 29, 2019",2019 Mercedes-AMG SLC43 Roadster Specifications,https://media.mbusa.com/news/2019-mercedes-amg-slc43-roadster-specifications,,2019,spec_other_model,all-amg-news-media
"September 11, 2018",2019 Mercedes-Benz A 220 & A 220 4MATIC Sedan Specifications,https://media.mbusa.com/news/2019-mercedes-benz-a-220-a-220-4matic-sedan-specifications,,2019,spec_other_model,search Specifications
"December 3, 2018",2019 Mercedes-Benz SLC 300 Roadster Specifications,https://media.mbusa.com/news/2019-mercedes-benz-slc-300-roadster-specifications,,2019,spec_other_model,archive
"July 3, 2019",2019 Metris Cargo Van/Metris WORKER Cargo Van Specifications,https://media.mbusa.com/news/2019-metris-cargo-vanmetris-worker-cargo-van-specifications,,2019,spec_other_model,search Specifications
"July 3, 2019",2019 Metris Passenger Van/Metris WORKER Passenger Van Specifications,https://media.mbusa.com/news/2019-metris-passenger-vanmetris-worker-passenger-van-specifications,,2019,spec_other_model,search Specifications
"July 3, 2019",2019 Metris Quick Reference Guide,https://media.mbusa.com/news/quick-reference-guide-2019-metris,,2019,spec_other_model,all-van-news-media
"October 31, 2018",2019 SLC Roadster Quick Reference Guide,https://media.mbusa.com/news/2019-slc-roadster-quick-reference-guide,,2019,spec_other_model,all-amg-news-media
"September 5, 2018",2019 Sprinter Quick Reference Guide,https://media.mbusa.com/news/quick-reference-guide-new-sprinter-vs30,,2019,spec_other_model,all-van-news-media
"October 31, 2018",2019 smart EQ fortwo Quick Reference Guide,https://media.mbusa.com/news/2019-smart-eq-fortwo-quick-reference-guide,,2019,spec_other_model,archive
"May 8, 2020",2020 G-Class Quick Reference Guide,https://media.mbusa.com/news/2020-g-class-quick-reference-guide,,2020,spec_other_model,search Quick Reference Guide
"June 21, 2019",2020 Mercedes-AMG A 35 Sedan Specifications,https://media.mbusa.com/news/2020-mercedes-amg-a-35-sedan-specifications,,2020,spec_other_model,all-amg-news-media
"June 24, 2019",2020 Mercedes-AMG GT C Roadster Specifications,https://media.mbusa.com/news/2020-mercedes-amg-gt-c-roadster-specifications,,2020,spec_other_model,all-amg-news-media
"April 12, 2019",2020 Mercedes-AMG GT Coupe Quick Reference Guide,https://media.mbusa.com/news/2020-mercedes-amg-gt-coupe,,2020,spec_other_model,all-amg-news-media
"June 24, 2019",2020 Mercedes-AMG GT Coupe Specifications,https://media.mbusa.com/news/2020-mercedes-amg-gt-coupe-specifications,,2020,spec_other_model,all-amg-news-media
"June 24, 2019",2020 Mercedes-AMG GT R Roadster Specifications,https://media.mbusa.com/news/2020-mercedes-amg-gt-r-roadster-specifications,,2020,spec_other_model,all-amg-news-media
"June 24, 2019",2020 Mercedes-AMG GT R and GT R PRO Coupe Specifications,https://media.mbusa.com/news/2020-mercedes-amg-gt-r-and-gt-r-pro-coupe,,2020,spec_other_model,all-amg-news-media
"April 12, 2019",2020 Mercedes-AMG GT Roadster Quick Reference Guide,https://media.mbusa.com/news/2020-mercedes-amg-gt-roadster-quick-reference-guide,,2020,spec_other_model,search Quick Reference Guide
"June 24, 2019",2020 Mercedes-AMG GT Roadster Specifications,https://media.mbusa.com/news/2020-mercedes-amg-gt-roadster-specifications,,2020,spec_other_model,all-amg-news-media
"June 21, 2019",2020 Mercedes-Benz SLC 300 Roadster,https://media.mbusa.com/news/2020-mercedes-benz-slc-300-roadster,,2020,spec_other_model,archive
"February 14, 2020",2020 Metris Quick Reference Guide,https://media.mbusa.com/news/2020-metris-quick-reference-guide,,2020,spec_other_model,search Quick Reference Guide
"June 21, 2019",2020 SL Roadster Quick Reference Guide,https://media.mbusa.com/news/2020-sl-roadster-quick-reference-guide,,2020,spec_other_model,search Quick Reference Guide
"June 21, 2019",2020 SLC Roadster Quick Reference Guide,https://media.mbusa.com/news/2020-slc-roadster-quick-reference-guide,,2020,spec_other_model,archive
"April 15, 2021",2021 Mercedes-AMG A 35 Sedan Specifications,https://media.mbusa.com/news/2021-mercedes-amg-a-35-sedan-specifications,,2021,spec_other_model,all-amg-news-media
"November 10, 2020",2021 Mercedes-AMG GT 63 S is the fastest luxury class vehicle on the Nürburgring Nordschleife,https://media.mbusa.com/news/2021-mercedes-amg-gt-63-s-is-the-fastest-luxury-class-vehicle-on-the-nurburgring-nordschleife,,2021,spec_other_model,all-gt-news-media
"July 14, 2020",2021 Mercedes-AMG GT Black Series Quick Reference Guide,https://media.mbusa.com/news/2021-mercedes-amg-gt-black-series-quick-reference-guide,,2021,spec_other_model,all-amg-news-media
"October 29, 2021",2021 Mercedes-AMG GT Black Series Specifications,https://media.mbusa.com/news/2021-mercedes-amg-gt-black-series-specifications,,2021,spec_other_model,all-amg-news-media
"January 11, 2021",2021 Mercedes-Benz G-Class Quick Reference Guide,https://media.mbusa.com/news/2021-mercedes-benz-g-class-quick-reference-guide,,2021,spec_other_model,search Quick Reference Guide
"November 24, 2020",2021 Mercedes-Benz Metris Quick Reference Guide,https://media.mbusa.com/news/2021-mercedes-benz-metris-quick-reference-guide,,2021,spec_other_model,search Quick Reference Guide
"August 2, 2021",2021 Sprinter Quick Reference Guide,https://media.mbusa.com/news/2021-sprinter-quick-reference-guide,,2021,spec_other_model,all-van-news-media
"July 19, 2021",2022 Mercedes-Benz Model Line Updates Quick Reference Guide,https://media.mbusa.com/news/2022-mercedes-benz-model-line-updates-quick-reference-guide,,2022,spec_other_model,all-amg-news-media
"May 19, 2022",2022 Metris Quick Reference Guide,https://media.mbusa.com/news/2022-metris-quick-reference-guide,,2022,spec_other_model,all-van-news-media
"October 16, 2022",2023 EQE SUV Quick Reference Guide,https://media.mbusa.com/news/2023-eqe-suv-quick-reference-guide,,2023,spec_other_model,all-eq-news-media
"September 5, 2021",2023 EQE Sedan Quick Reference Guide,https://media.mbusa.com/news/2022-mercedes-eqe-quick-reference-guide,,2023,spec_other_model,all-eq-news-media
"April 19, 2022",2023 EQS SUV Quick Reference Guide,https://media.mbusa.com/news/2023-eqs-suv-quick-reference-guide,,2023,spec_other_model,all-eq-news-media
"August 26, 2022",2023 Mercedes-Benz Model Line Updates,https://media.mbusa.com/news/2023-mercedes-benz-model-line-updates,,2023,spec_other_model,search Specifications
"March 13, 2023",2023 Metris Quick Reference Guide,https://media.mbusa.com/news/2023-metris-quick-reference-guide,,2023,spec_other_model,all-van-news-media
"November 27, 2024",2024 Mercedes-AMG GT 63 Quick Reference Guide,https://media.mbusa.com/news/2024-mercedes-amg-gt-63-quick-reference-guide,,2024,spec_other_model,all-amg-news-media
"August 19, 2024",2024 Mercedes-AMG SL 63 S E PERFORMANCE Quick Reference Guide,https://media.mbusa.com/news/2024-mercedes-amg-sl-63-s-e-performance-quick-reference-guide,,2024,spec_other_model,all-amg-news-media
"February 7, 2023",2024 eSprinter Quick Reference Guide,https://media.mbusa.com/news/2024-esprinter-quick-reference-guide,,2024,spec_other_model,search Quick Reference Guide
"December 4, 2024",2025 Mercedes-AMG G 63 Quick Reference Guide,https://media.mbusa.com/news/2025-mercedes-amg-g-63-quick-reference-guide,,2025,spec_other_model,all-amg-news-media
"February 3, 2025",2025 Mercedes-AMG GT 63 Quick Reference Guide,https://media.mbusa.com/news/2025-mercedes-amg-gt-63-quick-reference-guide,,2025,spec_other_model,all-amg-news-media
"March 28, 2025",2025 Mercedes-AMG GT 63 S E PERFORMANCE Quick Reference Guide,https://media.mbusa.com/news/2025-mercedes-amg-gt-63-s-e-performance-quick-reference-guide,,2025,spec_other_model,all-amg-news-media
"December 4, 2024",2025 Mercedes-Benz G 550 Quick Reference Guide,https://media.mbusa.com/news/2025-mercedes-benz-g-550-quick-reference-guide,,2025,spec_other_model,search Quick Reference Guide
"December 4, 2024",2025 Mercedes-Benz G 580 with EQ Technology Quick Reference Guide,https://media.mbusa.com/news/2025-mercedes-benz-g-580-with-eq-technology-quick-reference-guide,,2025,spec_other_model,search Quick Reference Guide
"October 16, 2024",2025 Mercedes-Benz Model Line Updates,https://media.mbusa.com/news/2025-mercedes-benz-model-line-updates,,2025,spec_other_model,all-amg-news-media
"April 16, 2024",2025 Sprinter Quick Reference Guide,https://media.mbusa.com/news/2025-sprinter-quick-reference-guide,,2025,spec_other_model,all-van-news-media
"April 16, 2024",2025 eSprinter Quick Reference Guide,https://media.mbusa.com/news/2025-esprinter-quick-reference-guide,,2025,spec_other_model,all-van-news-media
"January 8, 2026",2026 AMG Experience Driving Programs Expanded with Premier Track Destinations and Elevated On‑Road Adventures,https://media.mbusa.com/news/2026-amg-experience-driving-programs-expanded-with-premier-track-destinations-and-elevated-onroad-adventures,,2026,spec_other_model,all-amg-news-media
"March 12, 2026",2026 Mercedes-AMG GT 63 PRO 4MATIC+ Quick Reference Guide,https://media.mbusa.com/news/2026-mercedes-amg-gt-63-pro-4matic-quick-reference-guide,,2026,spec_other_model,all-amg-news-media
"September 10, 2025",2026 Mercedes-Benz Model Line Updates,https://media.mbusa.com/news/2026-mercedes-benz-model-line-updates,,2026,spec_other_model,all-amg-news-media
"September 29, 2025",2026 Mercedes-Maybach SL 680 Monogram Series Quick Reference Guide,https://media.mbusa.com/news/2026-mercedes-maybach-sl-680-monogram-series-quick-reference-guide,,2026,spec_other_model,all-maybach-news-media
