date,title,url,lines,year,decision,source
2015-10-16,"All-New BMW X1 and New BMW 3 Series International Press Launch,  Copper Canyon, Mexico.",https://www.press.bmwgroup.com/usa/article/detail/T0239207EN_US/all-new-bmw-x1-and-new-bmw-3-series-international-press-launch-copper-canyon-mexico,bmw/3-series,,"article: 0 attachments, 0 spec candidates",category 2
2023-10-03,The new BMW 5 Series - Additional Media Assets.,https://www.press.bmwgroup.com/usa/article/detail/T0437446EN_US/the-new-bmw-5-series-additional-media-assets,bmw/5-series,,"article: 0 attachments, 0 spec candidates",category 1
2015-09-14,"All-new 7 Series International Press Launch, NYC & Monticello Motor Club",https://www.press.bmwgroup.com/usa/article/detail/T0234203EN_US/all-new-7-series-international-press-launch-nyc-monticello-motor-club,bmw/7-series,,"article: 0 attachments, 0 spec candidates",category 1
2015-06-11,"Press Conference Pictures ""The new BMW 7 Series"".",https://www.press.bmwgroup.com/usa/article/detail/T0221768EN_US/press-conference-pictures-the-new-bmw-7-series,bmw/7-series,,"article: 0 attachments, 0 spec candidates",category 1
2017-02-13,"The new BMW M760i xDrive International Press Launch, Palm Springs & the BMW Performance Center West.",https://www.press.bmwgroup.com/usa/article/detail/T0267907EN_US/the-new-bmw-m760i-xdrive-international-press-launch-palm-springs-the-bmw-performance-center-west,bmw/7-series,,"article: 0 attachments, 0 spec candidates",category 1
2024-10-25,The all-new BMW M5 - Additional Media Assets.,https://www.press.bmwgroup.com/usa/article/detail/T0446021EN_US/the-all-new-bmw-m5-additional-media-assets,bmw/m5,,"article: 0 attachments, 0 spec candidates",category 1
2024-11-06,The all-new BMW M5 Touring - Additional Media Assets.,https://www.press.bmwgroup.com/usa/article/detail/T0445955EN/the-all-new-bmw-m5-touring-additional-media-assets,bmw/m5,,"article: 0 attachments, 0 spec candidates",category 1
2024-11-06,The all-new BMW M5 Touring- Additional Media Assets,https://www.press.bmwgroup.com/usa/article/detail/T0446229EN_US/the-all-new-bmw-m5-touring-additional-media-assets,bmw/m5,,"article: 0 attachments, 0 spec candidates",category 1
2015-03-04,BMW ALPINA B6 xDrive Gran Coupe to make North American debut at New York International Auto Show.,https://www.press.bmwgroup.com/usa/article/detail/T0206803EN_US/bmw-alpina-b6-xdrive-gran-coupe-to-make-north-american-debut-at-new-york-international-auto-show,,,"article: 1 attachments, 0 spec candidates",category 1
2012-11-19,BMW Highlights at the Los Angeles International Auto Show,https://www.press.bmwgroup.com/usa/article/detail/T0134493EN_US/bmw-highlights-at-the-los-angeles-international-auto-show,,,"article: 1 attachments, 0 spec candidates",category 1
2014-03-12,Media Alert: BMW M4 Convertible to make world debut at New York International Auto Show.,https://www.press.bmwgroup.com/usa/article/detail/T0171707EN_US/media-alert:-bmw-m4-convertible-to-make-world-debut-at-new-york-international-auto-show,,,"article: 1 attachments, 0 spec candidates",category 1
2013-03-05,Rede Dr. Norbert Reithofer and Dr. Herbert Diess at the 83rd International Geneva Auto Show,https://www.press.bmwgroup.com/usa/article/detail/T0137466EN_US/rede-dr-norbert-reithofer-and-dr-herbert-diess-at-the-83rd-international-geneva-auto-show,,,"article: 1 attachments, 0 spec candidates",category 5
2013-03-05,Speech Harald Krüger und Dr. Kay Segler at the 83rd International Geneva Auto Show,https://www.press.bmwgroup.com/usa/article/detail/T0137467EN_US/speech-harald-krueger-und-dr-kay-segler-at-the-83rd-international-geneva-auto-show,,,"article: 1 attachments, 0 spec candidates",category 5
2019-11-13,Three All-New BMW Vehicles to Make World Premieres at Automobility LA.,https://www.press.bmwgroup.com/usa/article/detail/T0302630EN_US/three-all-new-bmw-vehicles-to-make-world-premieres-at-automobility-la,,,"article: 1 attachments, 0 spec candidates",category 1
2012-11-20,A NEW BMW i CONCEPT VEHICLE WILL MAKE ITS WORLD DEBUT AND THE BMW i8 CONCEPT ROADSTER WILL MAKE NORTH AMERICAN AUTO SHOW DEBUT AT THE 2012 LOS ANGELES INTERNATIONAL AUTO SHOW,https://www.press.bmwgroup.com/usa/article/detail/T0134516EN_US/a-new-bmw-i-concept-vehicle-will-make-its-world-debut-and-the-bmw-i8-concept-roadster-will-make-north-american-auto-show-debut-at-the-2012-los-angeles-international-auto-show,,2012,"article: 1 attachments, 0 spec candidates",category 1
2012-12-18,BMW 4 SERIES CONCEPT COUPE TO MAKE WORLD DEBUT AT THE 2013 NORTH AMERICAN INTERNATIONAL AUTO SHOW IN DETROIT,https://www.press.bmwgroup.com/usa/article/detail/T0135364EN_US/bmw-4-series-concept-coupe-to-make-world-debut-at-the-2013-north-american-international-auto-show-in-detroit,,2013,"article: 1 attachments, 0 spec candidates",category 1
2013-11-20,Endless Creativity: BMW Group DesignworksUSA submits two entries to 2013 LA Auto Show Design Challenge inspired by nature,https://www.press.bmwgroup.com/usa/article/detail/T0157230EN_US/endless-creativity:-bmw-group-designworksusa-submits-two-entries-to-2013-la-auto-show-design-challenge-inspired-by-nature,,2013,"article: 1 attachments, 0 spec candidates",category 1
2013-10-28,"Media Alert: BMW 4 SERIES CONVERTIBLE WILL MAKE ITS WORLD DEBUT AND THE BMW i8, BMW CONCEPT X4 AND BMW 5 SERIES GRAN TURISMO WILL MAKE NORTH AMERICAN AUTO SHOW DEBUTS AT THE 2013 LOS ANGELES INTERNATIONAL AUTO SHOW",https://www.press.bmwgroup.com/usa/article/detail/T0153164EN_US/media-alert:-bmw-4-series-convertible-will-make-its-world-debut-and-the-bmw-i8-bmw-concept-x4-and-bmw-5-series-gran-turismo-will-make-north-american-auto-show-debuts-at-the-2013-los-angeles-international-auto-show,,2013,"article: 1 attachments, 0 spec candidates",category 1
2013-11-01,Media Alert: EARLY MEDIA TEST DRIVES OF THE BMW i3 TO TAKE PLACE DURING THE 2013 LOS ANGELES INTERNATIONAL AUTO SHOW,https://www.press.bmwgroup.com/usa/article/detail/T0153829EN_US/media-alert:-early-media-test-drives-of-the-bmw-i3-to-take-place-during-the-2013-los-angeles-international-auto-show,,2013,"article: 1 attachments, 0 spec candidates",category 1
2013-01-14,"Speeches of Mr. Ludwig Willisch, President and CEO, BMW of North America, Dr. Herbert Diess, Member of the Board of Management of BMW AG, Development, Dr. Ian Robertson (HonDSc), Member of the Board of Management of BMW AG, Sales and Marketing, BMW Group Press Conference, North American International Auto Show, Detroit, January 14, 2013",https://www.press.bmwgroup.com/usa/article/detail/T0136108EN_US/speeches-of-mr-ludwig-willisch-president-and-ceo-bmw-of-north-america-dr-herbert-diess-member-of-the-board-of-management-of-bmw-ag-development-dr-ian-robertson-hondsc-member-of-the-board-of-management-of-bmw-ag-sales-and-marketing-bmw-group-press-conference-north-american-international-auto-show-detroit-january-14-2013,,2013,"article: 1 attachments, 0 spec candidates",category 5
2013-10-16,2014 Model Year Changes,https://www.press.bmwgroup.com/usa/article/detail/T0151024EN_US/2014-model-year-changes,,2014,"article: 1 attachments, 0 spec candidates",category 1
2014-04-04,BMW X4 Sports Activity Coupe and M4 Convertible Make World Debut at 2014 New York International Auto Show,https://www.press.bmwgroup.com/usa/article/detail/T0176148EN_US/bmw-x4-sports-activity-coupe-and-m4-convertible-make-world-debut-at-2014-new-york-international-auto-show,,2014,"article: 1 attachments, 0 spec candidates",category 2
2014-01-13,Speech: Peter Schwarzenbauer at the NAIAS 2014,https://www.press.bmwgroup.com/usa/article/detail/T0164067EN_US/speech:-peter-schwarzenbauer-at-the-naias-2014,,2014,"article: 1 attachments, 0 spec candidates",category 5
2014-01-13,Speeches: Dr. Ian Robertson and Dr. Herbert Diess at the NAIAS 2014,https://www.press.bmwgroup.com/usa/article/detail/T0164066EN_US/speeches:-dr-ian-robertson-and-dr-herbert-diess-at-the-naias-2014,,2014,"article: 1 attachments, 0 spec candidates",category 5
2015-11-17,BMW at the 2015 Los Angeles Auto Show,https://www.press.bmwgroup.com/usa/article/detail/T0243446EN_US/bmw-at-the-2015-los-angeles-auto-show,,2015,"article: 1 attachments, 0 spec candidates",category 1
2014-12-15,BMW at the North American International Auto Show (NAIAS) 2015 in Detroit,https://www.press.bmwgroup.com/usa/article/detail/T0198613EN_US/bmw-at-the-north-american-international-auto-show-naias-2015-in-detroit,,2015,"article: 1 attachments, 0 spec candidates",category 1
2014-11-14,Model Year 2015 Motorcycles: Pricing and Equipment,https://www.press.bmwgroup.com/usa/article/detail/T0196344EN_US/model-year-2015-motorcycles:-pricing-and-equipment,,2015,"article: 1 attachments, 0 spec candidates",category 1
2014-06-04,Model year 2015 Update information,https://www.press.bmwgroup.com/usa/article/detail/T0182709EN_US/model-year-2015-update-information,,2015,"article: 1 attachments, 0 spec candidates",category 1
2015-01-12,"Speeches BMW Group Press Conference, North American International Auto Show Detroit 2015",https://www.press.bmwgroup.com/usa/article/detail/T0200218EN_US/speeches-bmw-group-press-conference-north-american-international-auto-show-detroit-2015,,2015,"article: 1 attachments, 0 spec candidates",category 5
2016-10-24,Media Alert: BMW to Showcase iPerformance Family of Plug-In Hybrid Electric Vehicles at the 2016 Los Angeles Auto Show’s Automobility LA.,https://www.press.bmwgroup.com/usa/article/detail/T0265225EN_US/media-alert:-bmw-to-showcase-iperformance-family-of-plug-in-hybrid-electric-vehicles-at-the-2016-los-angeles-auto-show’s-automobility-la,,2016,"article: 1 attachments, 0 spec candidates",category 1
2016-01-11,THE 2016 NORTH AMERICAN INTERNATIONAL AUTO SHOW IN DETROIT,https://www.press.bmwgroup.com/usa/article/detail/T0249786EN_US/the-2016-north-american-international-auto-show-in-detroit,,2016,"article: 1 attachments, 0 spec candidates",category 1
2017-04-18,"BMW HP4 Race Details Revealed Wednesday, April 19, During Live Stream Of BMW Group Press Conference at the 2017 Shanghai Auto Show",https://www.press.bmwgroup.com/usa/article/detail/T0269894EN_US/bmw-hp4-race-details-revealed-wednesday-april-19-during-live-stream-of-bmw-group-press-conference-at-the-2017-shanghai-auto-show,,2017,"article: 1 attachments, 0 spec candidates",category 1
2017-03-20,BMW to Showcase iPerformance Family of Plug-In Hybrid Electric Vehicles at the 2017 New York International Auto Show.,https://www.press.bmwgroup.com/usa/article/detail/T0268767EN_US/bmw-to-showcase-iperformance-family-of-plug-in-hybrid-electric-vehicles-at-the-2017-new-york-international-auto-show,,2017,"article: 1 attachments, 0 spec candidates",category 1
2018-03-08,Media Alert: BMW X4 M40i M Performance to make North American debut at 2018 New York International Auto Show.,https://www.press.bmwgroup.com/usa/article/detail/T0279060EN_US/media-alert:-bmw-x4-m40i-m-performance-to-make-north-american-debut-at-2018-new-york-international-auto-show,,2018,"article: 1 attachments, 0 spec candidates",category 1
2017-06-14,Model Year 2018 Update Information.,https://www.press.bmwgroup.com/usa/article/detail/T0271729EN_US/model-year-2018-update-information,,2018,"article: 1 attachments, 0 spec candidates",category 1
2017-11-17,"Model Year 2018 – New Models, Equipment Updates And Pricing",https://www.press.bmwgroup.com/usa/article/detail/T0276939EN_US/model-year-2018-–-new-models-equipment-updates-and-pricing,,2018,"article: 1 attachments, 0 spec candidates",category 1
2017-11-17,Model Year 2018 – Pricing and Equipment Updates,https://www.press.bmwgroup.com/usa/article/detail/T0276940EN_US/model-year-2018-–-pricing-and-equipment-updates,,2018,"article: 1 attachments, 0 spec candidates",category 1
2017-12-18,Media Alert: BMW X2 and 2019 BMW i8 Coupe to make World Debuts at North American International Auto Show in Detroit.,https://www.press.bmwgroup.com/usa/article/detail/T0277268EN_US/media-alert:-bmw-x2-and-2019-bmw-i8-coupe-to-make-world-debuts-at-north-american-international-auto-show-in-detroit,,2019,"article: 1 attachments, 0 spec candidates",category 1
2019-11-22,Model Year 2020 – Pricing And Equipment Updates,https://www.press.bmwgroup.com/usa/article/detail/T0303024EN_US/model-year-2020-–-pricing-and-equipment-updates,,2020,"article: 1 attachments, 0 spec candidates",category 1
2021-12-16,2021 BMW Fall Technology Updates,https://www.press.bmwgroup.com/usa/article/detail/T0362920EN_US/2021-bmw-fall-technology-updates,,2021,"article: 1 attachments, 0 spec candidates",category 1
2021-09-22,2021 BMW Summer Technology Updates.,https://www.press.bmwgroup.com/usa/article/detail/T0344693EN_US/2021-bmw-summer-technology-updates,,2021,"article: 1 attachments, 0 spec candidates",category 1
2020-08-11,BMW Model Year 2021 Update Information.,https://www.press.bmwgroup.com/usa/article/detail/T0313581EN_US/bmw-model-year-2021-update-information,,2021,"article: 1 attachments, 0 spec candidates",category 1
2021-07-01,2022 Model Year BMW Motorcycle Update Guide,https://www.press.bmwgroup.com/usa/article/detail/T0336732EN_US/2022-model-year-bmw-motorcycle-update-guide,,2022,"article: 1 attachments, 0 spec candidates",category 1
2022-03-17,BMW Technology Updates for Spring 2022.,https://www.press.bmwgroup.com/usa/article/detail/T0374153EN_US/bmw-technology-updates-for-spring-2022,,2022,"article: 1 attachments, 0 spec candidates",category 1
2023-01-27,BMW Model Updates for Spring 2023.,https://www.press.bmwgroup.com/usa/article/detail/T0407990EN_US/bmw-model-updates-for-spring-2023,,2023,"article: 1 attachments, 0 spec candidates",category 1
2023-05-22,BMW Model Updates for Summer 2023.,https://www.press.bmwgroup.com/usa/article/detail/T0418502EN_US/bmw-model-updates-for-summer-2023,,2023,"article: 1 attachments, 0 spec candidates",category 1
2024-01-31,BMW model update measures for spring 2024.,https://www.press.bmwgroup.com/usa/article/detail/T0439355EN_US/bmw-model-update-measures-for-spring-2024,,2024,"article: 1 attachments, 0 spec candidates",category 1
2024-05-29,BMW model update measures for summer 2024.,https://www.press.bmwgroup.com/usa/article/detail/T0442600EN_US/bmw-model-update-measures-for-summer-2024,,2024,"article: 1 attachments, 0 spec candidates",category 1
2025-04-08,BMW model updates for spring 2025.,https://www.press.bmwgroup.com/usa/article/detail/T0449456EN_US/bmw-model-updates-for-spring-2025,,2025,"article: 1 attachments, 0 spec candidates",category 1
2025-11-06,2026 BMW i4 update measures.,https://www.press.bmwgroup.com/usa/article/detail/T0453773EN_US/2026-bmw-i4-update-measures,,2026,"article: 1 attachments, 0 spec candidates",category 1
2014-07-16,"As a Precaution, BMW to Replace Passenger-side Front Airbags in Model Year 2000-06 3 Series Vehicles.",https://www.press.bmwgroup.com/usa/article/detail/T0188002EN_US/as-a-precaution-bmw-to-replace-passenger-side-front-airbags-in-model-year-2000-06-3-series-vehicles,bmw/3-series,,"article: 1 attachments, 0 spec candidates",category 1
2013-06-11,BMW 3 Series Coupe Earns Best Retained Value® for $35K-$45K Coupes According to Edmunds.com.,https://www.press.bmwgroup.com/usa/article/detail/T0142744EN_US/bmw-3-series-coupe-earns-best-retained-value®-for-35k-45k-coupes-according-to-edmunds-com,bmw/3-series,,"article: 1 attachments, 0 spec candidates",category 1
2014-06-26,"BMW 3 Series Ranks No.1 in Kelley Blue Book’s List of 10 Best Certified Pre-Owned Luxury Cars Under $30,000",https://www.press.bmwgroup.com/usa/article/detail/T0185346EN_US/bmw-3-series-ranks-no-1-in-kelley-blue-book’s-list-of-10-best-certified-pre-owned-luxury-cars-under-30-000,bmw/3-series,,"article: 1 attachments, 0 spec candidates",category 1
2012-12-04,BMW 3 Series Wins 22nd Consecutive Car and Driver 10Best Award.,https://www.press.bmwgroup.com/usa/article/detail/T0134923EN_US/bmw-3-series-wins-22nd-consecutive-car-and-driver-10best-award,bmw/3-series,,"article: 1 attachments, 0 spec candidates",category 1
2013-04-08,BMW 3 Series wins Cars.Com / USA Today Sport Sedan Challenge,https://www.press.bmwgroup.com/usa/article/detail/T0139805EN_US/bmw-3-series-wins-cars-com-/-usa-today-sport-sedan-challenge,bmw/3-series,,"article: 1 attachments, 0 spec candidates",category 1
2013-03-29,BMW 328d Sedan Debuts at New York International Auto Show,https://www.press.bmwgroup.com/usa/article/detail/T0138998EN_US/bmw-328d-sedan-debuts-at-new-york-international-auto-show,bmw/3-series,,"article: 1 attachments, 0 spec candidates",category 1
2014-02-10,BMW Debuts Television Commercial for the BMW 3 Series featuring Actress Brooklyn Decker.,https://www.press.bmwgroup.com/usa/article/detail/T0166787EN_US/bmw-debuts-television-commercial-for-the-bmw-3-series-featuring-actress-brooklyn-decker,bmw/3-series,,"article: 1 attachments, 0 spec candidates",category 1
2025-02-18,BMW NA 50th Anniversary | 50 Stories for 50 Years  Chapter 7: “Replacing an Icon: The First 3 Series Arrives in the US”.,https://www.press.bmwgroup.com/usa/article/detail/T0448150EN_US/bmw-na-50th-anniversary-|-50-stories-for-50-years-chapter-7:-“replacing-an-icon:-the-first-3-series-arrives-in-the-us”,bmw/3-series,,"article: 1 attachments, 0 spec candidates",category 1
2025-07-17,BMW of North America and The Petersen Automotive Museum Celebrate 50 Years of the 3 Series in a New Exhibit.,https://www.press.bmwgroup.com/usa/article/detail/T0451411EN_US/bmw-of-north-america-and-the-petersen-automotive-museum-celebrate-50-years-of-the-3-series-in-a-new-exhibit,bmw/3-series,,"article: 1 attachments, 0 spec candidates",category 1
2026-09-08,"Cool as ICE, hot on the track: the new BMW 3 Series with four- and six-cylinder engines completes its final round of summer driving dynamics testing in Miramas.",https://www.press.bmwgroup.com/usa/article/detail/T0460558EN_US/cool-as-ice-hot-on-the-track:-the-new-bmw-3-series-with-four-and-six-cylinder-engines-completes-its-final-round-of-summer-driving-dynamics-testing-in-miramas,bmw/3-series,,"article: 1 attachments, 0 spec candidates",category 1
2012-09-21,Experience a BMW 328i for a long weekend thanks to the new BMW on Demand USA service from BMW Group Financial Services,https://www.press.bmwgroup.com/usa/article/detail/T0132309EN_US/experience-a-bmw-328i-for-a-long-weekend-thanks-to-the-new-bmw-on-demand-usa-service-from-bmw-group-financial-services,bmw/3-series,,"article: 1 attachments, 0 spec candidates",category 1
2018-08-16,The All-New BMW 3 Series Sedan: Test and Trial at the “Green Hell”,https://www.press.bmwgroup.com/usa/article/detail/T0284081EN_US/the-all-new-bmw-3-series-sedan:-test-and-trial-at-the-“green-hell”,bmw/3-series,,"article: 1 attachments, 0 spec candidates",category 1
2012-07-06,The All-New BMW ActiveHybrid 3.,https://www.press.bmwgroup.com/usa/article/detail/T0128325EN_US/the-all-new-bmw-activehybrid-3,bmw/3-series,,"article: 1 attachments, 0 spec candidates",category 2
2026-09-30,The new BMW 3 Series.,https://www.press.bmwgroup.com/usa/article/detail/T0461093EN_US/the-new-bmw-3-series,bmw/3-series,,"article: 1 attachments, 0 spec candidates",category 1
2022-05-18,The new BMW 3 Series.,https://www.press.bmwgroup.com/usa/article/detail/T0390493EN_US/the-new-bmw-3-series,bmw/3-series,,"article: 1 attachments, 0 spec candidates",category 1
2013-03-26,BMW M Performance Power Kit Now Available for 2012 and Later BMW 335i Sedan.,https://www.press.bmwgroup.com/usa/article/detail/T0138720EN_US/bmw-m-performance-power-kit-now-available-for-2012-and-later-bmw-335i-sedan,bmw/3-series,2012,"article: 1 attachments, 0 spec candidates",category 1
2013-03-14,BMW Concept Active Tourer and BMW 3 Series Gran Turismo to Make North American Debuts; Diesel-Powered BMW 328d to Make U.S. Debut at the 2013 New York International Auto Show on March 27,https://www.press.bmwgroup.com/usa/article/detail/T0137888EN_US/bmw-concept-active-tourer-and-bmw-3-series-gran-turismo-to-make-north-american-debuts;-diesel-powered-bmw-328d-to-make-u-s-debut-at-the-2013-new-york-international-auto-show-on-march-27,bmw/3-series,2013,"article: 1 attachments, 0 spec candidates",category 1
2014-02-26,2014 BMW 328i Sedan Wins Consumer Reports Top Picks 2014 Sport Sedan Award,https://www.press.bmwgroup.com/usa/article/detail/T0169510EN_US/2014-bmw-328i-sedan-wins-consumer-reports-top-picks-2014-sport-sedan-award,bmw/3-series,2014,"article: 1 attachments, 0 spec candidates",category 1
2014-01-15,BMW 328i wins Cars.com Lifestyle Award for the 2014 Luxury Car of the Year,https://www.press.bmwgroup.com/usa/article/detail/T0164224EN_US/bmw-328i-wins-cars-com-lifestyle-award-for-the-2014-luxury-car-of-the-year,bmw/3-series,2014,"article: 1 attachments, 0 spec candidates",category 1
2015-10-27,"eDrive BMW 330e, BMW M4 GTS, BMW X1 AND BMW 7 SERIES TO MAKE THEIR NORTH AMERICAN DEBUT AT THE 2015 LOS ANGELES AUTO SHOW.",https://www.press.bmwgroup.com/usa/article/detail/T0240502EN_US/edrive-bmw-330e-bmw-m4-gts-bmw-x1-and-bmw-7-series-to-make-their-north-american-debut-at-the-2015-los-angeles-auto-show,bmw/3-series,2015,"article: 1 attachments, 0 spec candidates",category 1
2017-01-25,The 2017 BMW 2 Series Coupe and 2017 BMW 3 Series Sedan Earn IIHS “Top Safety Pick+”.,https://www.press.bmwgroup.com/usa/article/detail/T0267545EN_US/the-2017-bmw-2-series-coupe-and-2017-bmw-3-series-sedan-earn-iihs-“top-safety-pick-”,bmw/3-series,2017,"article: 1 attachments, 0 spec candidates",category 1
2018-10-02,The All-New 2019 BMW 3 Series.,https://www.press.bmwgroup.com/usa/article/detail/T0285572EN_US/the-all-new-2019-bmw-3-series,bmw/3-series,2019,"article: 1 attachments, 0 spec candidates",category 1
2018-11-13,The All-New 2020 BMW M340i and M340i xDrive Sedans,https://www.press.bmwgroup.com/usa/article/detail/T0286917EN_US/the-all-new-2020-bmw-m340i-and-m340i-xdrive-sedans,bmw/3-series,2020,"article: 1 attachments, 0 spec candidates",category 1
2020-03-26,The 2021 BMW 330e and 330e xDrive PHEV Sedans,https://www.press.bmwgroup.com/usa/article/detail/T0307067EN_US/the-2021-bmw-330e-and-330e-xdrive-phev-sedans,bmw/3-series,2021,"article: 1 attachments, 0 spec candidates",category 1
2024-05-29,The new 2025 BMW 3 Series.,https://www.press.bmwgroup.com/usa/article/detail/T0442407EN_US/the-new-2025-bmw-3-series,bmw/3-series,2025,"article: 1 attachments, 0 spec candidates",category 1
2025-11-16,The 2026 BMW M340i xDrive 50 Jahre Edition.,https://www.press.bmwgroup.com/usa/article/detail/T0453931EN_US/the-2026-bmw-m340i-xdrive-50-jahre-edition,bmw/3-series,2026,"article: 1 attachments, 0 spec candidates",category 1
2016-11-30,All-new BMW 5 Series International Media Launch,https://www.press.bmwgroup.com/usa/article/detail/T0266334EN_US/all-new-bmw-5-series-international-media-launch,bmw/5-series,,"article: 1 attachments, 0 spec candidates",category 1
2018-08-27,BMW 5 Series Sedan stars in “Tom Clancy’s Jack Ryan”,https://www.press.bmwgroup.com/usa/article/detail/T0284307EN_US/bmw-5-series-sedan-stars-in-“tom-clancy’s-jack-ryan”,bmw/5-series,,"article: 1 attachments, 0 spec candidates",category 1
2016-12-17,BMW Announces the First Ever BMW M550i xDrive.,https://www.press.bmwgroup.com/usa/article/detail/T0266706EN_US/bmw-announces-the-first-ever-bmw-m550i-xdrive,bmw/5-series,,"article: 1 attachments, 0 spec candidates",category 1
2019-08-09,BMW Expands 530e Sedan Inductive Charging Pilot Program to U.S.,https://www.press.bmwgroup.com/usa/article/detail/T0299828EN_US/bmw-expands-530e-sedan-inductive-charging-pilot-program-to-u-s,bmw/5-series,,"article: 1 attachments, 0 spec candidates",category 1
2023-03-15,"Digital, dynamic, and now also fully electric:  the BMW 5 Series enters a new era.",https://www.press.bmwgroup.com/usa/article/detail/T0411032EN_US/digital-dynamic-and-now-also-fully-electric:-the-bmw-5-series-enters-a-new-era,bmw/5-series,,"article: 1 attachments, 0 spec candidates",category 1
2023-05-26,New BMW 5 Series launches with AirConsole gaming platform.,https://www.press.bmwgroup.com/usa/article/detail/T0419599EN_US/new-bmw-5-series-launches-with-airconsole-gaming-platform,bmw/5-series,,"article: 1 attachments, 0 spec candidates",category 1
2012-12-14,New BMW M Performance Parts for the new BMW 3 and 5 Series Sedans.,https://www.press.bmwgroup.com/usa/article/detail/T0135307EN_US/new-bmw-m-performance-parts-for-the-new-bmw-3-and-5-series-sedans,bmw/5-series,,"article: 1 attachments, 0 spec candidates",category 1
2016-07-28,"The virtual new BMW 5 Series: High-precision, fully-automated measuring technology generates 3D data model of upcoming generation",https://www.press.bmwgroup.com/usa/article/detail/T0262484EN_US/the-virtual-new-bmw-5-series:-high-precision-fully-automated-measuring-technology-generates-3d-data-model-of-upcoming-generation,bmw/5-series,,"article: 1 attachments, 0 spec candidates",category 1
2016-12-17,World premiere of the first ever BMW 530e iPerformance.,https://www.press.bmwgroup.com/usa/article/detail/T0266705EN_US/world-premiere-of-the-first-ever-bmw-530e-iperformance,bmw/5-series,,"article: 1 attachments, 0 spec candidates",category 1
2017-05-16,2017 BMW 5 Series Earns IIHS “Top Safety Pick +”.,https://www.press.bmwgroup.com/usa/article/detail/T0270942EN_US/2017-bmw-5-series-earns-iihs-“top-safety-pick-”,bmw/5-series,2017,"article: 1 attachments, 0 spec candidates",category 1
2016-12-19,All-New BMW 5 Series Sedan to Make World Debut Alongside M Performance & iPerformance Plug-In Hybrid Electric Variants at the 2017 North American International Auto Show in Detroit,https://www.press.bmwgroup.com/usa/article/detail/T0266760EN_US/all-new-bmw-5-series-sedan-to-make-world-debut-alongside-m-performance-iperformance-plug-in-hybrid-electric-variants-at-the-2017-north-american-international-auto-show-in-detroit,bmw/5-series,2017,"article: 1 attachments, 0 spec candidates",category 1
2017-01-13,The BMW 5 Series Wins EyesOnDesign Best Designed User Experience Award at 2017 North American International Auto Show in Detroit.,https://www.press.bmwgroup.com/usa/article/detail/T0267231EN_US/the-bmw-5-series-wins-eyesondesign-best-designed-user-experience-award-at-2017-north-american-international-auto-show-in-detroit,bmw/5-series,2017,"article: 1 attachments, 0 spec candidates",category 1
2020-01-24,BMW 530e Inductive Charging Pilot Program Named Green Car Journal’s 2020 Green Car Technology of the Year.,https://www.press.bmwgroup.com/usa/article/detail/T0304927EN_US/bmw-530e-inductive-charging-pilot-program-named-green-car-journal’s-2020-green-car-technology-of-the-year,bmw/5-series,2020,"article: 1 attachments, 0 spec candidates",category 1
2020-05-27,The New 2021 BMW 5 Series Sedan.,https://www.press.bmwgroup.com/usa/article/detail/T0308911EN_US/the-new-2021-bmw-5-series-sedan,bmw/5-series,2021,"article: 1 attachments, 0 spec candidates",category 1
2026-04-21,A New Era of Luxury Arrives: The New BMW 7 Series to Make World Premiere at Grand Central Terminal in New York City.,https://www.press.bmwgroup.com/usa/article/detail/T0457283EN_US/a-new-era-of-luxury-arrives:-the-new-bmw-7-series-to-make-world-premiere-at-grand-central-terminal-in-new-york-city,bmw/7-series,,"article: 1 attachments, 0 spec candidates",category 1
2015-05-04,"As official partner of Frieze Art Fair, BMW provides BMW 7 Series shuttle service to exhibit Frieze Sounds Program.",https://www.press.bmwgroup.com/usa/article/detail/T0215046EN_US/as-official-partner-of-frieze-art-fair-bmw-provides-bmw-7-series-shuttle-service-to-exhibit-frieze-sounds-program,bmw/7-series,,"article: 1 attachments, 0 spec candidates",category 1
2016-04-20,BMW Individual 7 Series meets Montblanc. BMW celebrates world premiere of centennial edition BMW Individual 7 Series THE NEXT 100 YEARS.,https://www.press.bmwgroup.com/usa/article/detail/T0259357EN_US/bmw-individual-7-series-meets-montblanc-bmw-celebrates-world-premiere-of-centennial-edition-bmw-individual-7-series-the-next-100-years,bmw/7-series,,"article: 1 attachments, 0 spec candidates",category 1
2022-11-07,HERE HD Live Map Powers hands-free driving and routing functionalities in the new BMW 7 Series.,https://www.press.bmwgroup.com/usa/article/detail/T0405508EN_US/here-hd-live-map-powers-hands-free-driving-and-routing-functionalities-in-the-new-bmw-7-series,bmw/7-series,,"article: 1 attachments, 0 spec candidates",category 2
2018-02-16,Red Sparrow: BMW 7 Series makes iconic appearance in gripping new movie. BMW is exclusive automotive partner of the spy thriller from 20th Century Fox Film.,https://www.press.bmwgroup.com/usa/article/detail/T0278749EN_US/red-sparrow:-bmw-7-series-makes-iconic-appearance-in-gripping-new-movie-bmw-is-exclusive-automotive-partner-of-the-spy-thriller-from-20th-century-fox-film,bmw/7-series,,"article: 1 attachments, 0 spec candidates",category 1
2015-04-17,Technology and innovation workshop on the new BMW 7 Series model range. PreDrive Miramas.,https://www.press.bmwgroup.com/usa/article/detail/T0216062EN_US/technology-and-innovation-workshop-on-the-new-bmw-7-series-model-range-predrive-miramas,bmw/7-series,,"article: 1 attachments, 0 spec candidates",category 11
2015-07-31,"The All-New, Next-Generation BMW 7 Series Featured in the Highly-Anticipated Film “Mission: Impossible - Rogue Nation,” in Theaters Worldwide July 31.",https://www.press.bmwgroup.com/usa/article/detail/T0228584EN_US/the-all-new-next-generation-bmw-7-series-featured-in-the-highly-anticipated-film-“mission:-impossible-rogue-nation-”-in-theaters-worldwide-july-31,bmw/7-series,,"article: 1 attachments, 0 spec candidates",category 1
2016-04-19,The BMW 7 Series centennial models “BMW Individual 7 Series THE NEXT 100 YEARS”.,https://www.press.bmwgroup.com/usa/article/detail/T0259324EN_US/the-bmw-7-series-centennial-models-“bmw-individual-7-series-the-next-100-years”,bmw/7-series,,"article: 1 attachments, 0 spec candidates",category 1
2026-04-22,The New BMW 7 Series.,https://www.press.bmwgroup.com/usa/article/detail/T0457293EN_US/the-new-bmw-7-series,bmw/7-series,,"article: 1 attachments, 0 spec candidates",category 1
2016-11-01,The all-new BMW ALPINA B7 xDrive – additional pictures.,https://www.press.bmwgroup.com/usa/article/detail/T0265283EN_US/the-all-new-bmw-alpina-b7-xdrive-–-additional-pictures,bmw/7-series,,"article: 1 attachments, 0 spec candidates",category 1
2022-04-20,The new BMW 7 Series.,https://www.press.bmwgroup.com/usa/article/detail/T0382613EN_US/the-new-bmw-7-series,bmw/7-series,,"article: 1 attachments, 0 spec candidates",category 2
2012-09-07,2013 BMW 760Li: V-12 25 Years Anniversary Edition,https://www.press.bmwgroup.com/usa/article/detail/T0131765EN_US/2013-bmw-760li:-v-12-25-years-anniversary-edition,bmw/7-series,2013,"article: 1 attachments, 0 spec candidates",category 1
2012-09-11,2013 BMW 760Li: V-12 25 Years Anniversary Edition Sells Out,https://www.press.bmwgroup.com/usa/article/detail/T0131861EN_US/2013-bmw-760li:-v-12-25-years-anniversary-edition-sells-out,bmw/7-series,2013,"article: 1 attachments, 0 spec candidates",category 1
2015-11-12,EuroCarBody Award 2015 goes to the Carbon Core body of the new BMW 7 Series.,https://www.press.bmwgroup.com/usa/article/detail/T0242702EN_US/eurocarbody-award-2015-goes-to-the-carbon-core-body-of-the-new-bmw-7-series,bmw/7-series,2015,"article: 1 attachments, 0 spec candidates",category 1
2015-06-10,"Statements Harald Krüger and Klaus Fröhlich: Presentation of the new BMW 7 Series, Munich, BMW Welt, 10 June 2015",https://www.press.bmwgroup.com/usa/article/detail/T0221443EN_US/statements-harald-krueger-and-klaus-froehlich:-presentation-of-the-new-bmw-7-series-munich-bmw-welt-10-june-2015,bmw/7-series,2015,"article: 1 attachments, 0 spec candidates",category 5
2016-03-24,BMW 7 Series Wins 2016 World Luxury Car.,https://www.press.bmwgroup.com/usa/article/detail/T0258588EN_US/bmw-7-series-wins-2016-world-luxury-car,bmw/7-series,2016,"article: 1 attachments, 0 spec candidates",category 1
2016-02-23,Media Alert: BMW M760i xDrive AND BMW ALPINA B7 xDrive TO MAKE NORTH AMERICAN DEBUTS AT THE 2016 NEW YORK INTERNATIONAL AUTO SHOW.,https://www.press.bmwgroup.com/usa/article/detail/T0256962EN_US/media-alert:-bmw-m760i-xdrive-and-bmw-alpina-b7-xdrive-to-make-north-american-debuts-at-the-2016-new-york-international-auto-show,bmw/7-series,2016,"article: 1 attachments, 0 spec candidates",category 1
2016-10-05,The BMW 7 Series Earns A Winning Spot On The Inaugural 2016 Wards 10 Best UX,https://www.press.bmwgroup.com/usa/article/detail/T0264588EN_US/the-bmw-7-series-earns-a-winning-spot-on-the-inaugural-2016-wards-10-best-ux,bmw/7-series,2016,"article: 1 attachments, 0 spec candidates",category 1
2016-08-11,The New 2017 BMW 740e xDrive iPerformance – BMW eDrive Technology And Carbon Core Body Structure Derived From The Development Of BMW i Models.,https://www.press.bmwgroup.com/usa/article/detail/T0262666EN_US/the-new-2017-bmw-740e-xdrive-iperformance-–-bmw-edrive-technology-and-carbon-core-body-structure-derived-from-the-development-of-bmw-i-models,bmw/7-series,2017,"article: 1 attachments, 0 spec candidates",category 2
2019-02-11,"The new 2020 ALPINA B7 xDrive Sedan - Power, Dynamics and Luxury in a new contemporary Design.",https://www.press.bmwgroup.com/usa/article/detail/T0291804EN_US/the-new-2020-alpina-b7-xdrive-sedan-power-dynamics-and-luxury-in-a-new-contemporary-design,bmw/7-series,2020,"article: 1 attachments, 0 spec candidates",category 1
2019-01-16,The new 2020 BMW 7 Series Sedan.,https://www.press.bmwgroup.com/usa/article/detail/T0290164EN_US/the-new-2020-bmw-7-series-sedan,bmw/7-series,2020,"article: 1 attachments, 0 spec candidates",category 1
2022-01-18,The 2022 BMW M760i Final V12.,https://www.press.bmwgroup.com/usa/article/detail/T0364453EN_US/the-2022-bmw-m760i-final-v12,bmw/7-series,2022,"article: 1 attachments, 0 spec candidates",category 1
2015-08-06,2001 BMW M3 GTR Race and Road Cars To Be Presented at Legends of the Autobahn Concours D’Elegance,https://www.press.bmwgroup.com/usa/article/detail/T0229402EN_US/2001-bmw-m3-gtr-race-and-road-cars-to-be-presented-at-legends-of-the-autobahn-concours-d’elegance,bmw/m3,,"article: 1 attachments, 0 spec candidates",category 1
2016-09-27,30 years of the BMW M3 – the story behind the legend.,https://www.press.bmwgroup.com/usa/article/detail/T0264196EN_US/30-years-of-the-bmw-m3-–-the-story-behind-the-legend,bmw/m3,,"article: 1 attachments, 0 spec candidates",category 2
2012-07-06,A Celebration of the Driving Spirit – The BMW M3 Coupe Lime Rock Park Edition.,https://www.press.bmwgroup.com/usa/article/detail/T0128364EN_US/a-celebration-of-the-driving-spirit-–-the-bmw-m3-coupe-lime-rock-park-edition,bmw/m3,,"article: 1 attachments, 0 spec candidates",category 1
2013-07-05,Approaching the Checkered Flag: The 4th Generation BMW M3 Ends Its Production Run While Its Racing Career Continues,https://www.press.bmwgroup.com/usa/article/detail/T0143476EN_US/approaching-the-checkered-flag:-the-4th-generation-bmw-m3-ends-its-production-run-while-its-racing-career-continues,bmw/m3,,"article: 1 attachments, 0 spec candidates",category 1
2012-12-05,BMW M celebrates DTM triumph with BMW M3 DTM Champion Edition model.,https://www.press.bmwgroup.com/usa/article/detail/T0134898EN_US/bmw-m-celebrates-dtm-triumph-with-bmw-m3-dtm-champion-edition-model,bmw/m3,,"article: 1 attachments, 0 spec candidates",category 1
2013-07-01,BMW M3 Drivers Boden and Sellers Win Continental Tire 150 At The Glen; Pruett and Rojas Finish 7th in Sahlen’s Six Hours,https://www.press.bmwgroup.com/usa/article/detail/T0143337EN_US/bmw-m3-drivers-boden-and-sellers-win-continental-tire-150-at-the-glen;-pruett-and-rojas-finish-7th-in-sahlen’s-six-hours,bmw/m3,,"article: 1 attachments, 0 spec candidates",category 1
2014-09-20,BMW M3 Finishes 1-2 at Circuit of the Americas to Extend Championship Lead,https://www.press.bmwgroup.com/usa/article/detail/T0193684EN_US/bmw-m3-finishes-1-2-at-circuit-of-the-americas-to-extend-championship-lead,bmw/m3,,"article: 1 attachments, 0 spec candidates",category 1
2013-09-24,BMW M3 M4 Technology Days.,https://www.press.bmwgroup.com/usa/article/detail/T0146764EN_US/bmw-m3-m4-technology-days,bmw/m3,,"article: 1 attachments, 0 spec candidates",category 1
2014-10-05,BMW M3 Sweeps Grand Sport Championships with 2nd Place Finish at Road Atlanta,https://www.press.bmwgroup.com/usa/article/detail/T0194483EN_US/bmw-m3-sweeps-grand-sport-championships-with-2nd-place-finish-at-road-atlanta,bmw/m3,,"article: 1 attachments, 0 spec candidates",category 1
2013-05-06,"BMW Motorsport opens DTM season with one-two – Farfus triumphs ahead of Werner, five BMW M3 DTMs in the points.",https://www.press.bmwgroup.com/usa/article/detail/T0141400EN_US/bmw-motorsport-opens-dtm-season-with-one-two-–-farfus-triumphs-ahead-of-werner-five-bmw-m3-dtms-in-the-points,bmw/m3,,"article: 1 attachments, 0 spec candidates",category 1
2025-04-28,BMW NA 50th Anniversary | 50 Stories for 50 Years  Chapter 17: “BMW M Achieves Wide Appeal: Unique E36 M3 Models for the U.S.”,https://www.press.bmwgroup.com/usa/article/detail/T0449845EN_US/bmw-na-50th-anniversary-|-50-stories-for-50-years-chapter-17:-“bmw-m-achieves-wide-appeal:-unique-e36-m3-models-for-the-u-s-”,bmw/m3,,"article: 1 attachments, 0 spec candidates",category 1
2012-08-05,BMW Team RLL Finish Third and Fifth at Mid-Ohio; No. 55 BMW M3 GT wins Michelin Green X Challenge,https://www.press.bmwgroup.com/usa/article/detail/T0129066EN_US/bmw-team-rll-finish-third-and-fifth-at-mid-ohio;-no-55-bmw-m3-gt-wins-michelin-green-x-challenge,bmw/m3,,"article: 1 attachments, 0 spec candidates",category 1
2015-06-29,Continental Tire 150 at the Glen; Season's Best Second Place Finish for Fall-Line Motorsports BMW M3,https://www.press.bmwgroup.com/usa/article/detail/T0224162EN_US/continental-tire-150-at-the-glen;-season-s-best-second-place-finish-for-fall-line-motorsports-bmw-m3,bmw/m3,,"article: 1 attachments, 0 spec candidates",category 1
2014-10-04,Difficult USCC qualifying for BMW Team RLL at Road Atlanta – Hindman secures CTSCC GS title in the BMW M3.,https://www.press.bmwgroup.com/usa/article/detail/T0194394EN_US/difficult-uscc-qualifying-for-bmw-team-rll-at-road-atlanta-–-hindman-secures-ctscc-gs-title-in-the-bmw-m3,bmw/m3,,"article: 1 attachments, 0 spec candidates",category 1
2012-09-16,Spengler wins from pole in the BMW Bank M3 DTM – Werner and Farfus also claim top-five finishes in Oschersleben.,https://www.press.bmwgroup.com/usa/article/detail/T0132129EN_US/spengler-wins-from-pole-in-the-bmw-bank-m3-dtm-–-werner-and-farfus-also-claim-top-five-finishes-in-oschersleben,bmw/m3,,"article: 1 attachments, 0 spec candidates",category 1
2026-05-18,"The BMW M3 CS Handschalter: A manual, rear-wheel-drive sendoff for the sixth-generation M3.",https://www.press.bmwgroup.com/usa/article/detail/T0457851EN_US/the-bmw-m3-cs-handschalter:-a-manual-rear-wheel-drive-sendoff-for-the-sixth-generation-m3,bmw/m3,,"article: 1 attachments, 0 spec candidates",category 1
2022-05-23,The BMW M3 Edition 50 Jahre BMW M.,https://www.press.bmwgroup.com/usa/article/detail/T0393133EN_US/the-bmw-m3-edition-50-jahre-bmw-m,bmw/m3,,"article: 1 attachments, 0 spec candidates",category 1
2017-11-08,The First-Ever BMW M3 CS.,https://www.press.bmwgroup.com/usa/article/detail/T0275824EN_US/the-first-ever-bmw-m3-cs,bmw/m3,,"article: 1 attachments, 0 spec candidates",category 1
2012-10-26,2013 BMW M3 Coupe Frozen Limited Edition,https://www.press.bmwgroup.com/usa/article/detail/T0133944EN_US/2013-bmw-m3-coupe-frozen-limited-edition,bmw/m3,2013,"article: 1 attachments, 0 spec candidates",category 1
2013-12-12,"BMW 2 SERIES COUPE, BMW M3 SEDAN AND BMW M4 COUPE TO MAKE WORLD DEBUTS AT THE 2014 NORTH AMERICAN INTERNATIONAL AUTO SHOW IN DETROIT",https://www.press.bmwgroup.com/usa/article/detail/T0161444EN_US/bmw-2-series-coupe-bmw-m3-sedan-and-bmw-m4-coupe-to-make-world-debuts-at-the-2014-north-american-international-auto-show-in-detroit,bmw/m3,2014,"article: 1 attachments, 0 spec candidates",category 1
2017-05-04,The BMW Performance Driving School Set to Contest 2017 One Lap of America with BMW M3 Competition Package.,https://www.press.bmwgroup.com/usa/article/detail/T0270403EN_US/the-bmw-performance-driving-school-set-to-contest-2017-one-lap-of-america-with-bmw-m3-competition-package,bmw/m3,2017,"article: 1 attachments, 0 spec candidates",category 1
2020-09-23,The New 2021 BMW M3 Sedan and M4 Coupe,https://www.press.bmwgroup.com/usa/article/detail/T0317577EN_US/the-new-2021-bmw-m3-sedan-and-m4-coupe,bmw/m3,2021,"article: 1 attachments, 0 spec candidates",category 1
2021-04-19,The New 2022 BMW M3 Competition xDrive Sedan and M4 Competition xDrive Coupe,https://www.press.bmwgroup.com/usa/article/detail/T0330025EN_US/the-new-2022-bmw-m3-competition-xdrive-sedan-and-m4-competition-xdrive-coupe,bmw/m3,2022,"article: 1 attachments, 0 spec candidates",category 1
2024-05-29,The new 2025 BMW M3.,https://www.press.bmwgroup.com/usa/article/detail/T0442408EN_US/the-new-2025-bmw-m3,bmw/m3,2025,"article: 1 attachments, 0 spec candidates",category 1
2026-03-02,"BMW Debuts Exclusive New ALPINA Model at the 31st Amelia Concours 2026, Alongside 40 Years of the BMW M3.",https://www.press.bmwgroup.com/usa/article/detail/T0455932EN_US/bmw-debuts-exclusive-new-alpina-model-at-the-31st-amelia-concours-2026-alongside-40-years-of-the-bmw-m3,bmw/m3,2026,"article: 1 attachments, 0 spec candidates",category 1
2026-08-14,"BMW Sets Monterey Car Week 2026 Program with the Debuts of the BMW M Concept Neue Klasse and Vison BMW ALPINA, M3 Milestones, and a New Chapter in the Kith for BMW Collaboration..",https://www.press.bmwgroup.com/usa/article/detail/T0459872EN_US/bmw-sets-monterey-car-week-2026-program-with-the-debuts-of-the-bmw-m-concept-neue-klasse-and-vison-bmw-alpina-m3-milestones-and-a-new-chapter-in-the-kith-for-bmw-collaboration,bmw/m3,2026,"article: 1 attachments, 0 spec candidates",category 1
2017-10-28,Media Alert: M PERFORMANCE PARTS FOR THE ALL-NEW BMW M5 TO MAKE WORLD DEBUT ALONGSIDE THE ONE OF A KIND (1/1) 2018 BMW M3 30 YEARS AMERICAN EDITION AT THE 2017 SEMA SHOW.,https://www.press.bmwgroup.com/usa/article/detail/T0275605EN_US/media-alert:-m-performance-parts-for-the-all-new-bmw-m5-to-make-world-debut-alongside-the-one-of-a-kind-1/1-2018-bmw-m3-30-years-american-edition-at-the-2017-sema-show,bmw/m3;bmw/m5,2018,"article: 1 attachments, 0 spec candidates",category 1
2024-04-04,Access granted: The BMW M5 Touring comes to America for the first time.,https://www.press.bmwgroup.com/usa/article/detail/T0440863EN_US/access-granted:-the-bmw-m5-touring-comes-to-america-for-the-first-time,bmw/m5,,"article: 1 attachments, 0 spec candidates",category 1
2012-08-31,All-new BMW M5 Sedan and M6 Coupe Now in US Showrooms,https://www.press.bmwgroup.com/usa/article/detail/T0131186EN_US/all-new-bmw-m5-sedan-and-m6-coupe-now-in-us-showrooms,bmw/m5,,"article: 1 attachments, 0 spec candidates",category 1
2017-11-29,BMW Announces Price for the all-new BMW M5 – The Quintessential High Performance Sedan.,https://www.press.bmwgroup.com/usa/article/detail/T0276423EN_US/bmw-announces-price-for-the-all-new-bmw-m5-–-the-quintessential-high-performance-sedan,bmw/m5,,"article: 1 attachments, 0 spec candidates",category 1
2025-07-25,BMW NA 50th Anniversary | 50 Stories for 50 Years  Chapter 29: “The Third Generation BMW M5 [E39] V8 Power for the Executive Express,https://www.press.bmwgroup.com/usa/article/detail/T0451555EN_US/bmw-na-50th-anniversary-|-50-stories-for-50-years-chapter-29:-“the-third-generation-bmw-m5-e39-v8-power-for-the-executive-express,bmw/m5,,"article: 1 attachments, 0 spec candidates",category 1
2013-05-14,BMW Performance Driving School Sets Guinness World Drift Record With BMW M5 Sedan,https://www.press.bmwgroup.com/usa/article/detail/T0141820EN_US/bmw-performance-driving-school-sets-guinness-world-drift-record-with-bmw-m5-sedan,bmw/m5,,"article: 1 attachments, 0 spec candidates",category 1
2017-08-21,BMW and EA Debut the All-new BMW M5 in Need for Speed Payback.,https://www.press.bmwgroup.com/usa/article/detail/T0273780EN_US/bmw-and-ea-debut-the-all-new-bmw-m5-in-need-for-speed-payback,bmw/m5,,"article: 1 attachments, 0 spec candidates",category 1
2014-05-07,The 30th Anniversary Edition BMW M5,https://www.press.bmwgroup.com/usa/article/detail/T0179364EN_US/the-30th-anniversary-edition-bmw-m5,bmw/m5,,"article: 1 attachments, 0 spec candidates",category 1
2021-01-27,The new BMW M5 CS,https://www.press.bmwgroup.com/usa/article/detail/T0325006EN_US/the-new-bmw-m5-cs,bmw/m5,,"article: 1 attachments, 0 spec candidates",category 1
2017-05-17,The new BMW M5 with M xDrive.,https://www.press.bmwgroup.com/usa/article/detail/T0271002EN_US/the-new-bmw-m5-with-m-xdrive,bmw/m5,,"article: 1 attachments, 0 spec candidates",category 1
2013-05-19,The 2014 BMW M5 and BMW M6 Competition Package.,https://www.press.bmwgroup.com/usa/article/detail/T0142002EN_US/the-2014-bmw-m5-and-bmw-m6-competition-package,bmw/m5,2014,"article: 1 attachments, 0 spec candidates",category 1
2016-07-22,2016 BMW M5 Pure Metal Silver Limited Edition.,https://www.press.bmwgroup.com/usa/article/detail/T0262234EN_US/2016-bmw-m5-pure-metal-silver-limited-edition,bmw/m5,2016,"article: 1 attachments, 0 spec candidates",category 1
2018-01-09,BMW Sets Two GUINNESS WORLD RECORDS™ Titles for Drifting in the All-New 2018 BMW M5.,https://www.press.bmwgroup.com/usa/article/detail/T0277706EN_US/bmw-sets-two-guinness-world-records™-titles-for-drifting-in-the-all-new-2018-bmw-m5,bmw/m5,2018,"article: 1 attachments, 0 spec candidates",category 1
2018-03-28,The all-new BMW M5 Wins 2018 World Performance Car.,https://www.press.bmwgroup.com/usa/article/detail/T0279668EN_US/the-all-new-bmw-m5-wins-2018-world-performance-car,bmw/m5,2018,"article: 1 attachments, 0 spec candidates",category 1
2018-05-09,The All-New 2019 BMW M5 Competition Sedan.,https://www.press.bmwgroup.com/usa/article/detail/T0280909EN_US/the-all-new-2019-bmw-m5-competition-sedan,bmw/m5,2019,"article: 1 attachments, 0 spec candidates",category 1
2019-05-17,The 2020 BMW M5 Edition 35 Years.,https://www.press.bmwgroup.com/usa/article/detail/T0295843EN_US/the-2020-bmw-m5-edition-35-years,bmw/m5,2020,"article: 1 attachments, 0 spec candidates",category 1
2020-06-17,The New 2021 BMW M5 Sedan,https://www.press.bmwgroup.com/usa/article/detail/T0309541EN_US/the-new-2021-bmw-m5-sedan,bmw/m5,2021,"article: 1 attachments, 0 spec candidates",category 1
2024-07-23,2025 BMW M5 Pebble Beach Concours d’Elegance #1/1 to be Live Auctioned for Charity by Auction House Gooding & Company During Pebble Beach Automotive Week,https://www.press.bmwgroup.com/usa/article/detail/T0443990EN_US/2025-bmw-m5-pebble-beach-concours-d’elegance-1/1-to-be-live-auctioned-for-charity-by-auction-house-gooding-company-during-pebble-beach-automotive-week,bmw/m5,2025,"article: 1 attachments, 0 spec candidates",category 1
2024-08-15,The All-New 2025 BMW M5 Touring.,https://www.press.bmwgroup.com/usa/article/detail/T0444418EN_US/the-all-new-2025-bmw-m5-touring,bmw/m5,2025,"article: 1 attachments, 0 spec candidates",category 1
2024-06-26,The All-New 2025 BMW M5.,https://www.press.bmwgroup.com/usa/article/detail/T0443395EN_US/the-all-new-2025-bmw-m5,bmw/m5,2025,"article: 1 attachments, 0 spec candidates",category 1
2026-06-30,"BMW Group Completes $1.7 Billion U.S. Investment and Premieres All New BMW X5 at “Home of X” Event in Spartanburg, SC.",https://www.press.bmwgroup.com/usa/article/detail/T0458940EN_US/bmw-group-completes-1-7-billion-u-s-investment-and-premieres-all-new-bmw-x5-at-“home-of-x”-event-in-spartanburg-sc,bmw/x5,,"article: 1 attachments, 0 spec candidates",category 1
2026-09-14,BMW M Performance Parts and functional BMW accessories for the new BMW X5 and the first BMW iX5.,https://www.press.bmwgroup.com/usa/article/detail/T0460729EN_US/bmw-m-performance-parts-and-functional-bmw-accessories-for-the-new-bmw-x5-and-the-first-bmw-ix5,bmw/x5,,"article: 1 attachments, 0 spec candidates",category 1
2025-06-10,"BMW NA 50th Anniversary | 50 Stories for 50 Years  Chapter 23: “Activity, Not Utility: The X5 is Born”.",https://www.press.bmwgroup.com/usa/article/detail/T0450673EN_US/bmw-na-50th-anniversary-|-50-stories-for-50-years-chapter-23:-“activity-not-utility:-the-x5-is-born”,bmw/x5,,"article: 1 attachments, 0 spec candidates",category 1
2014-02-11,BMW Performance Parts Now Available for X5 Sports Activity Vehicle®,https://www.press.bmwgroup.com/usa/article/detail/T0166967EN_US/bmw-performance-parts-now-available-for-x5-sports-activity-vehicle®,bmw/x5,,"article: 1 attachments, 0 spec candidates",category 1
2014-04-10,BMW eDrive meets BMW xDrive - a pioneering combination delivering efficient driving pleasure: The BMW Concept X5 eDrive.,https://www.press.bmwgroup.com/usa/article/detail/T0177775EN_US/bmw-edrive-meets-bmw-xdrive-a-pioneering-combination-delivering-efficient-driving-pleasure:-the-bmw-concept-x5-edrive,bmw/x5,,"article: 1 attachments, 0 spec candidates",category 1
2013-08-22,BMW eDrive meets BMW xDrive – an innovative combination designed to deliver efficient driving pleasure: The BMW Concept5 X5 eDrive.,https://www.press.bmwgroup.com/usa/article/detail/T0145050EN_US/bmw-edrive-meets-bmw-xdrive-–-an-innovative-combination-designed-to-deliver-efficient-driving-pleasure:-the-bmw-concept5-x5-edrive,bmw/x5,,"article: 1 attachments, 0 spec candidates",category 1
2018-09-07,Electrifying power for supreme driving pleasure: the new BMW X5 xDrive45e iPerformance.,https://www.press.bmwgroup.com/usa/article/detail/T0284663EN_US/electrifying-power-for-supreme-driving-pleasure:-the-new-bmw-x5-xdrive45e-iperformance,bmw/x5,,"article: 1 attachments, 0 spec candidates",category 1
2018-07-06,Homecoming: BMW Plant Spartanburg making final preparations to begin production of all-new BMW X5.,https://www.press.bmwgroup.com/usa/article/detail/T0282860EN_US/homecoming:-bmw-plant-spartanburg-making-final-preparations-to-begin-production-of-all-new-bmw-x5,bmw/x5,,"article: 1 attachments, 0 spec candidates",category 1
2021-05-19,Sustainable tires for BMW X5 Plug-in Hybrid: BMW Group becomes first automotive manufacturer to use new Pirelli tires containing FSC-certified natural rubber and rayon.,https://www.press.bmwgroup.com/usa/article/detail/T0332932EN_US/sustainable-tires-for-bmw-x5-plug-in-hybrid:-bmw-group-becomes-first-automotive-manufacturer-to-use-new-pirelli-tires-containing-fsc-certified-natural-rubber-and-rayon,bmw/x5,,"article: 1 attachments, 0 spec candidates",category 1
2025-10-21,The BMW X5 Conquers the Rebelle Rally.,https://www.press.bmwgroup.com/usa/article/detail/T0453474EN_US/the-bmw-x5-conquers-the-rebelle-rally,bmw/x5,,"article: 1 attachments, 0 spec candidates",category 1
2024-06-21,The BMW X5 Silver Anniversary Edition: celebrating 25 years of the BMW X5.,https://www.press.bmwgroup.com/usa/article/detail/T0443261EN_US/the-bmw-x5-silver-anniversary-edition:-celebrating-25-years-of-the-bmw-x5,bmw/x5,,"article: 1 attachments, 0 spec candidates",category 1
2026-06-30,The New BMW X5 and iX5.,https://www.press.bmwgroup.com/usa/article/detail/T0458814EN_US/the-new-bmw-x5-and-ix5,bmw/x5,,"article: 1 attachments, 0 spec candidates",category 1
2018-10-25,The new BMW X5 with M Performance Parts.,https://www.press.bmwgroup.com/usa/article/detail/T0286216EN_US/the-new-bmw-x5-with-m-performance-parts,bmw/x5,,"article: 1 attachments, 0 spec candidates",category 1
2018-07-03,The All-New 2019 BMW X5 Sports Activity Vehicle Pricing,https://www.press.bmwgroup.com/usa/article/detail/T0282750EN_US/the-all-new-2019-bmw-x5-sports-activity-vehicle-pricing,bmw/x5,2019,"article: 1 attachments, 0 spec candidates",category 1
2018-06-06,The All-New 2019 BMW X5 Sports Activity Vehicle.,https://www.press.bmwgroup.com/usa/article/detail/T0281821EN_US/the-all-new-2019-bmw-x5-sports-activity-vehicle,bmw/x5,2019,"article: 1 attachments, 0 spec candidates",category 1
2019-07-24,"BMW Group Plant Spartanburg More than Doubles Capacity for Battery Assembly. 2020 BMW X5 xDrive45e Plug-In Hybrid Electric Vehicle Begins Production in Spartanburg, SC on August 1.",https://www.press.bmwgroup.com/usa/article/detail/T0299183EN_US/bmw-group-plant-spartanburg-more-than-doubles-capacity-for-battery-assembly-2020-bmw-x5-xdrive45e-plug-in-hybrid-electric-vehicle-begins-production-in-spartanburg-sc-on-august-1,bmw/x5,2020,"article: 1 attachments, 0 spec candidates",category 1
2020-06-10,The 2021 BMW X5 xDrive45e PHEV Sports Activity Vehicle.,https://www.press.bmwgroup.com/usa/article/detail/T0309345EN_US/the-2021-bmw-x5-xdrive45e-phev-sports-activity-vehicle,bmw/x5,2021,"article: 1 attachments, 0 spec candidates",category 1
2021-07-12,The 2022 BMW X5 Black Vermilion Edition.,https://www.press.bmwgroup.com/usa/article/detail/T0337749EN_US/the-2022-bmw-x5-black-vermilion-edition,bmw/x5,2022,"article: 1 attachments, 0 spec candidates",category 1
2025-10-08,BMW of North America Returns for the 2025 Rebelle Rally in the BMW X5.,https://www.press.bmwgroup.com/usa/article/detail/T0453219EN_US/bmw-of-north-america-returns-for-the-2025-rebelle-rally-in-the-bmw-x5,bmw/x5,2025,"article: 1 attachments, 0 spec candidates",category 1
2020-08-19,BMW Team RLL Looking to Maintain Podium Momentum at VIR; BMW X5 M to Serve as Safety and Pace Cars.,https://www.press.bmwgroup.com/usa/article/detail/T0314305EN_US/bmw-team-rll-looking-to-maintain-podium-momentum-at-vir;-bmw-x5-m-to-serve-as-safety-and-pace-cars,bmw/x5-m,,"article: 1 attachments, 0 spec candidates",category 1
2019-10-02,The new 2020 BMW X5 M and X6 M.,https://www.press.bmwgroup.com/usa/article/detail/T0301383EN_US/the-new-2020-bmw-x5-m-and-x6-m,bmw/x5-m;bmw/x6-m,2020,"article: 1 attachments, 0 spec candidates",category 1
2023-02-22,The 2024 BMW X5 M Competition and X6 M Competition.,https://www.press.bmwgroup.com/usa/article/detail/T0409477EN_US/the-2024-bmw-x5-m-competition-and-x6-m-competition,bmw/x5-m;bmw/x6-m,2024,"article: 1 attachments, 0 spec candidates",category 1
2014-10-30,Media Alert: BMW X5 M AND BMW X6 M WILL MAKE THEIR WORLD PREMIERES AND THE BMW 2 SERIES CONVERTIBLE AND BMW X6 SPORTS ACTIVITY COUPE WILL MAKE THEIR NORTH AMERICAN AUTO SHOW DEBUTS AT THE 2014 LOS ANGELES AUTO SHOW.,https://www.press.bmwgroup.com/usa/article/detail/T0195562EN_US/media-alert:-bmw-x5-m-and-bmw-x6-m-will-make-their-world-premieres-and-the-bmw-2-series-convertible-and-bmw-x6-sports-activity-coupe-will-make-their-north-american-auto-show-debuts-at-the-2014-los-angeles-auto-show,bmw/x5-m;bmw/x6-m;bmw/x6,2014,"article: 1 attachments, 0 spec candidates",category 1
2015-10-16,30 Years of BMW all-wheel drive. From the BMW 325i “Allrad” to the BMW X5 xDrive40e.,https://www.press.bmwgroup.com/usa/article/detail/T0239223EN_US/30-years-of-bmw-all-wheel-drive-from-the-bmw-325i-“allrad”-to-the-bmw-x5-xdrive40e,bmw/x5;bmw/3-series,,"article: 1 attachments, 0 spec candidates",category 2
2023-02-08,The 2024 BMW X5 and X6.,https://www.press.bmwgroup.com/usa/article/detail/T0408460EN_US/the-2024-bmw-x5-and-x6,bmw/x5;bmw/x6,2024,"article: 1 attachments, 0 spec candidates",category 1
2019-05-22,The 2020 BMW X5 M50i and BMW X7 M50i Sports Activity Vehicles,https://www.press.bmwgroup.com/usa/article/detail/T0296174EN_US/the-2020-bmw-x5-m50i-and-bmw-x7-m50i-sports-activity-vehicles,bmw/x5;bmw/x7,2020,"article: 1 attachments, 0 spec candidates",category 1
2012-08-29,"BMW X6, Z4 Roadster, and 1 Series Coupe Ranked #1 in Quality According to 2012 Strategic Vision Total Quality Index™ Study",https://www.press.bmwgroup.com/usa/article/detail/T0130933EN_US/bmw-x6-z4-roadster-and-1-series-coupe-ranked-1-in-quality-according-to-2012-strategic-vision-total-quality-index™-study,bmw/x6,2012,"article: 1 attachments, 0 spec candidates",category 1
2012-10-18,2013 BMW Individual X6 Performance Edition and 6 Series Frozen Silver Edition Coupe.,https://www.press.bmwgroup.com/usa/article/detail/T0133663EN_US/2013-bmw-individual-x6-performance-edition-and-6-series-frozen-silver-edition-coupe,bmw/x6,2013,"article: 1 attachments, 0 spec candidates",category 1
2019-07-03,The New 2020 BMW X6 Sports Activity Coupe.,https://www.press.bmwgroup.com/usa/article/detail/T0297890EN_US/the-new-2020-bmw-x6-sports-activity-coupe,bmw/x6,2020,"article: 1 attachments, 0 spec candidates",category 1
2015-04-28,The BMW Performance Center to contest the 2015 One Lap Of America with new BMW X6 M.,https://www.press.bmwgroup.com/usa/article/detail/T0215030EN_US/the-bmw-performance-center-to-contest-the-2015-one-lap-of-america-with-new-bmw-x6-m,bmw/x6-m,2015,"article: 1 attachments, 0 spec candidates",category 1
2020-07-30,BMW X6 M and X7 Selected for two Wards 10 Best Awards for 2020.,https://www.press.bmwgroup.com/usa/article/detail/T0312570EN_US/bmw-x6-m-and-x7-selected-for-two-wards-10-best-awards-for-2020,bmw/x6-m;bmw/x7,2020,"article: 1 attachments, 0 spec candidates",category 1
2017-09-08,BMW Concept X7 iPerformance. A new dimension in spaciousness.,https://www.press.bmwgroup.com/usa/article/detail/T0274169EN_US/bmw-concept-x7-iperformance-a-new-dimension-in-spaciousness,bmw/x7,,"article: 1 attachments, 0 spec candidates",category 1
2025-10-13,BMW NA 50th Anniversary | 50 Stories for 50 Years  Chapter 41: “The BMW X7: The U.S. Market Always Wants More.”,https://www.press.bmwgroup.com/usa/article/detail/T0453296EN_US/bmw-na-50th-anniversary-|-50-stories-for-50-years-chapter-41:-“the-bmw-x7:-the-u-s-market-always-wants-more-”,bmw/x7,,"article: 1 attachments, 0 spec candidates",category 1
2022-04-13,The New BMW X7.,https://www.press.bmwgroup.com/usa/article/detail/T0380774EN_US/the-new-bmw-x7,bmw/x7,,"article: 1 attachments, 0 spec candidates",category 2
2017-12-20,The countdown has begun: first BMW X7 pre-production models roll off the assembly line in the USA.,https://www.press.bmwgroup.com/usa/article/detail/T0277360EN_US/the-countdown-has-begun:-first-bmw-x7-pre-production-models-roll-off-the-assembly-line-in-the-usa,bmw/x7,,"article: 1 attachments, 0 spec candidates",category 1
2018-08-10,The new BMW X7 undergoes endurance tests under extreme conditions.,https://www.press.bmwgroup.com/usa/article/detail/T0284046EN_US/the-new-bmw-x7-undergoes-endurance-tests-under-extreme-conditions,bmw/x7,,"article: 1 attachments, 0 spec candidates",category 1
2018-10-17,The First-Ever 2019 BMW X7 Sports Activity Vehicle.,https://www.press.bmwgroup.com/usa/article/detail/T0285888EN_US/the-first-ever-2019-bmw-x7-sports-activity-vehicle,bmw/x7,2019,"article: 1 attachments, 0 spec candidates",category 1
2020-08-11,ALPINA XB7 BEGINS REGULAR PRODUCTION; 2020 POSITIONS SOLD OUT.,https://www.press.bmwgroup.com/usa/article/detail/T0313580EN_US/alpina-xb7-begins-regular-production;-2020-positions-sold-out,bmw/x7,2020,"article: 1 attachments, 0 spec candidates",category 1
2020-07-24,The 2021 BMW X7 Dark Shadow Edition,https://www.press.bmwgroup.com/usa/article/detail/T0312005EN_US/the-2021-bmw-x7-dark-shadow-edition,bmw/x7,2021,"article: 1 attachments, 0 spec candidates",category 1
2020-05-19,The New 2021 BMW ALPINA XB7; First Class Adventures at Warp-Speed.,https://www.press.bmwgroup.com/usa/article/detail/T0308635EN_US/the-new-2021-bmw-alpina-xb7;-first-class-adventures-at-warp-speed,bmw/x7,2021,"article: 1 attachments, 0 spec candidates",category 1
2022-09-20,The 2023 BMW ALPINA XB7: The Force of Emotions.,https://www.press.bmwgroup.com/usa/article/detail/T0403875EN_US/the-2023-bmw-alpina-xb7:-the-force-of-emotions,bmw/x7,2023,"article: 1 attachments, 0 spec candidates",category 1
2026-03-07,"2026 BMW ALPINA XB7 MANUFAKTUR: Limited to 120 Units, Marking the Close of a Chapter.",https://www.press.bmwgroup.com/usa/article/detail/T0456017EN_US/2026-bmw-alpina-xb7-manufaktur:-limited-to-120-units-marking-the-close-of-a-chapter,bmw/x7,2026,"article: 1 attachments, 0 spec candidates",category 1
2018-10-25,"Media Alert: First-Ever BMW X7 Sports Activity Vehicle, BMW 8 Series Convertible, BMW M340i Sedan and BMW Vision iNEXT Concept to Debut at LA Auto Show’s AutoMobility LA 2018.",https://www.press.bmwgroup.com/usa/article/detail/T0286276EN_US/media-alert:-first-ever-bmw-x7-sports-activity-vehicle-bmw-8-series-convertible-bmw-m340i-sedan-and-bmw-vision-inext-concept-to-debut-at-la-auto-show’s-automobility-la-2018,bmw/x7;bmw/3-series,2018,"article: 1 attachments, 0 spec candidates",category 1
2019-08-08,BMW Model Year 2020 Update Information.,https://www.press.bmwgroup.com/usa/article/detail/T0299940EN_US/bmw-model-year-2020-update-information,,2020,"article: 1 attachments, 1 spec candidates",category 1
2018-06-08,"BMW teams up with Paramount Pictures’ new theatrical film, “Mission: Impossible – Fallout,” with the BMW M5 appearing alongside Tom Cruise as Ethan Hunt in the action-packed film with spectacular car chases and stunts.",https://www.press.bmwgroup.com/usa/article/detail/T0281968EN_US/bmw-teams-up-with-paramount-pictures’-new-theatrical-film-“mission:-impossible-–-fallout-”-with-the-bmw-m5-appearing-alongside-tom-cruise-as-ethan-hunt-in-the-action-packed-film-with-spectacular-car-chases-and-stunts,bmw/m5,,"article: 1 attachments, 1 spec candidates",category 1
2013-12-12,THE ALL-NEW BMW M3 SEDAN AND BMW M4 COUPE,https://www.press.bmwgroup.com/usa/article/detail/T0160684EN_US/the-all-new-bmw-m3-sedan-and-bmw-m4-coupe,bmw/m3,,"article: 11 attachments, 6 spec candidates",category 2
2014-10-30,The new BMW X5 M and X6 M ; the second generation of the BMW M GmbH Ultra High Performance Sports Activity Vehicle and Sports Activity Coupe.,https://www.press.bmwgroup.com/usa/article/detail/T0195517EN_US/the-new-bmw-x5-m-and-x6-m-;-the-second-generation-of-the-bmw-m-gmbh-ultra-high-performance-sports-activity-vehicle-and-sports-activity-coupe,bmw/x5-m;bmw/x6-m,,"article: 11 attachments, 6 spec candidates",category 2
2014-12-12,BMW 6 SERIES AND BMW M6 CONVERTIBLE TO MAKE WORLD DEBUTS AT THE 2015 NORTH AMERICAN INTERNATIONAL AUTO SHOW IN DETROIT.,https://www.press.bmwgroup.com/usa/article/detail/T0198614EN_US/bmw-6-series-and-bmw-m6-convertible-to-make-world-debuts-at-the-2015-north-american-international-auto-show-in-detroit,,2015,"article: 2 attachments, 0 spec candidates",category 1
2015-12-18,Media Alert: BMW M2 AND BMW X4 M40i TO MAKE WORLD DEBUTS AT THE 2016 NORTH AMERICAN INTERNATIONAL AUTO SHOW IN DETROIT.,https://www.press.bmwgroup.com/usa/article/detail/T0247814EN_US/media-alert:-bmw-m2-and-bmw-x4-m40i-to-make-world-debuts-at-the-2016-north-american-international-auto-show-in-detroit,,2016,"article: 2 attachments, 0 spec candidates",category 1
2015-10-19,"BMW and Uber Partner to Offer Uber Users Complimentary Rides in the All-New BMW 7 Series for One Day Only in New York, Miami, Chicago and Los Angeles, Ahead of the Vehicle’s U.S. Retail Launch.",https://www.press.bmwgroup.com/usa/article/detail/T0239222EN_US/bmw-and-uber-partner-to-offer-uber-users-complimentary-rides-in-the-all-new-bmw-7-series-for-one-day-only-in-new-york-miami-chicago-and-los-angeles-ahead-of-the-vehicle’s-u-s-retail-launch,bmw/7-series,,"article: 2 attachments, 0 spec candidates",category 2
2015-06-10,Start of production of new BMW 7 Series at Plant Dingolfing,https://www.press.bmwgroup.com/usa/article/detail/T0221622EN_US/start-of-production-of-new-bmw-7-series-at-plant-dingolfing,bmw/7-series,,"article: 2 attachments, 0 spec candidates",category 1
2014-01-24,The 2014 BMW 740Ld xDrive,https://www.press.bmwgroup.com/usa/article/detail/T0164873EN_US/the-2014-bmw-740ld-xdrive,bmw/7-series,2014,"article: 2 attachments, 0 spec candidates",category 1
2016-11-15,BMW Announces Price for the All-New 2017 BMW M760i xDrive at the Automobility LA.,https://www.press.bmwgroup.com/usa/article/detail/T0266022EN_US/bmw-announces-price-for-the-all-new-2017-bmw-m760i-xdrive-at-the-automobility-la,bmw/7-series,2017,"article: 2 attachments, 0 spec candidates",category 1
2026-03-16,From April Fools’ joke to the Nordschleife: The BMW M3 Touring 24H will compete in the 24h Nürburgring 2026.,https://www.press.bmwgroup.com/usa/article/detail/T0456355EN_US/from-april-fools’-joke-to-the-nordschleife:-the-bmw-m3-touring-24h-will-compete-in-the-24h-nuerburgring-2026,bmw/m3,2026,"article: 2 attachments, 0 spec candidates",category 1
2013-03-25,BMW 6 Series for Model Year 2014.,https://www.press.bmwgroup.com/usa/article/detail/T0138611EN_US/bmw-6-series-for-model-year-2014,,2014,"article: 2 attachments, 1 spec candidates",category 1
2015-06-18,Model year 2016 Update information,https://www.press.bmwgroup.com/usa/article/detail/T0222782EN_US/model-year-2016-update-information,,2016,"article: 2 attachments, 1 spec candidates",category 1
2023-05-24,The All-New 2024 BMW 5 Series.,https://www.press.bmwgroup.com/usa/article/detail/T0418778EN_US/the-all-new-2024-bmw-5-series,bmw/5-series,2024,"article: 2 attachments, 1 spec candidates",category 1
2016-08-02,2017 BMW “30 Jahre M3” Limited Edition.,https://www.press.bmwgroup.com/usa/article/detail/T0262689EN_US/2017-bmw-“30-jahre-m3”-limited-edition,bmw/m3,2017,"article: 2 attachments, 1 spec candidates",category 1
2017-08-21,The All-New 2018 BMW M5: The Quintessential High-Performance Sedan.,https://www.press.bmwgroup.com/usa/article/detail/T0273727EN_US/the-all-new-2018-bmw-m5:-the-quintessential-high-performance-sedan,bmw/m5,2018,"article: 2 attachments, 1 spec candidates",category 1
2013-05-30,All-New BMW X5 Sports Activity Vehicle,https://www.press.bmwgroup.com/usa/article/detail/T0142293EN_US/all-new-bmw-x5-sports-activity-vehicle,bmw/x5,,"article: 2 attachments, 1 spec candidates",category 1
2016-06-20,Model year 2017 Update information.,https://www.press.bmwgroup.com/usa/article/detail/T0261023EN_US/model-year-2017-update-information,,2017,"article: 3 attachments, 0 spec candidates",category 1
2017-01-09,BMW Announces Price for first ever BMW 530e iPerformance Sedans and the first ever BMW M550i xDrive Sedan.,https://www.press.bmwgroup.com/usa/article/detail/T0267087EN_US/bmw-announces-price-for-first-ever-bmw-530e-iperformance-sedans-and-the-first-ever-bmw-m550i-xdrive-sedan,bmw/5-series,,"article: 3 attachments, 0 spec candidates",category 1
2016-12-21,BMW Announces Price for the All-New 2017 BMW 5 Series.,https://www.press.bmwgroup.com/usa/article/detail/T0266788EN_US/bmw-announces-price-for-the-all-new-2017-bmw-5-series,bmw/5-series,2017,"article: 3 attachments, 0 spec candidates",category 1
2015-06-03,SATELLITE and IFRAME Details World Premiere of the new BMW 7 Series,https://www.press.bmwgroup.com/usa/article/detail/T0220803EN_US/satellite-and-iframe-details-world-premiere-of-the-new-bmw-7-series,bmw/7-series,,"article: 3 attachments, 0 spec candidates",category 1
2016-02-11,The All-New 2017 BMW M760i xDrive.,https://www.press.bmwgroup.com/usa/article/detail/T0253766EN_US/the-all-new-2017-bmw-m760i-xdrive,bmw/7-series,2017,"article: 4 attachments, 1 spec candidates",category 2
2015-03-17,The BMW X5 xDrive40e Launches the Next Chapter of EfficientDynamics with its First Ever Plug-in Hybrid Sports Activity Vehicle,https://www.press.bmwgroup.com/usa/article/detail/T0208453EN_US/the-bmw-x5-xdrive40e-launches-the-next-chapter-of-efficientdynamics-with-its-first-ever-plug-in-hybrid-sports-activity-vehicle,bmw/x5,,"article: 4 attachments, 1 spec candidates",category 1
2012-07-06,All-New BMW 3 Series Sports Wagon,https://www.press.bmwgroup.com/usa/article/detail/T0128324EN_US/all-new-bmw-3-series-sports-wagon,bmw/3-series,,"article: 4 attachments, 2 spec candidates",category 2
2023-01-25,"The BMW M3 CS: Lighter, Stronger, Faster.",https://www.press.bmwgroup.com/usa/article/detail/T0407854EN_US/the-bmw-m3-cs:-lighter-stronger-faster,bmw/m3,,"article: 4 attachments, 2 spec candidates",category 1
2013-05-19,The 2014 BMW M5 Sedan.,https://www.press.bmwgroup.com/usa/article/detail/T0141998EN_US/the-2014-bmw-m5-sedan,bmw/m5,2014,"article: 5 attachments, 1 spec candidates",category 1
2013-01-14,The New BMW 320i Sedan.,https://www.press.bmwgroup.com/usa/article/detail/T0136050EN_US/the-new-bmw-320i-sedan,bmw/3-series,,"article: 5 attachments, 2 spec candidates",category 1
2016-10-13,"The All-New 2017 BMW 5 Series: Performance, Redefined.",https://www.press.bmwgroup.com/usa/article/detail/T0264802EN_US/the-all-new-2017-bmw-5-series:-performance-redefined,bmw/5-series,2017,"article: 5 attachments, 2 spec candidates",category 1
2015-06-10,The All-New BMW 7 Series,https://www.press.bmwgroup.com/usa/article/detail/T0221442EN_US/the-all-new-bmw-7-series,bmw/7-series,,"article: 5 attachments, 2 spec candidates",category 1
2012-07-22,New 2013 BMW 7 Series Once Again Raises The Bar,https://www.press.bmwgroup.com/usa/article/detail/T0128598EN_US/new-2013-bmw-7-series-once-again-raises-the-bar,bmw/7-series,2013,"article: 5 attachments, 2 spec candidates",category 2
2013-08-01,Production of the Third-Generation X5 Sports Activity Vehicle Begins at BMW Manufacturing Co.,https://www.press.bmwgroup.com/usa/article/detail/T0144413EN_US/production-of-the-third-generation-x5-sports-activity-vehicle-begins-at-bmw-manufacturing-co,bmw/x5,,"article: 5 attachments, 2 spec candidates",category 1
2016-03-22,The all-new BMW 330e iPerformance.,https://www.press.bmwgroup.com/usa/article/detail/T0258500EN_US/the-all-new-bmw-330e-iperformance,bmw/3-series,,"article: 6 attachments, 2 spec candidates",category 1
2013-10-23,"BMW M Performance Parts for the M5 Sedan, M6 Coupe, M6 Convertible and M6 Gran Coupe.",https://www.press.bmwgroup.com/usa/article/detail/T0152364EN_US/bmw-m-performance-parts-for-the-m5-sedan-m6-coupe-m6-convertible-and-m6-gran-coupe,bmw/m5,,"article: 6 attachments, 4 spec candidates",category 1
2016-02-08,"Power, Dynamics and Luxury combined for class-leading performance and a superior driving experience – the all-new 2017 BMW ALPINA B7 xDrive.",https://www.press.bmwgroup.com/usa/article/detail/T0254062EN_US/power-dynamics-and-luxury-combined-for-class-leading-performance-and-a-superior-driving-experience-–-the-all-new-2017-bmw-alpina-b7-xdrive,bmw/7-series,2017,"article: 7 attachments, 2 spec candidates",category 1
2013-06-24,BMW Announces Pricing for All-New X5 Sports Activity Vehicle,https://www.press.bmwgroup.com/usa/article/detail/T0143179EN_US/bmw-announces-pricing-for-all-new-x5-sports-activity-vehicle,bmw/x5,,"article: 7 attachments, 2 spec candidates",category 1
2013-05-19,The New BMW 5 Series Sedan and BMW 5 Series Gran Turismo,https://www.press.bmwgroup.com/usa/article/detail/T0141999EN_US/the-new-bmw-5-series-sedan-and-bmw-5-series-gran-turismo,bmw/5-series,,"article: 7 attachments, 3 spec candidates",category 1
2013-02-07,The All-New BMW 3 Series Gran Turismo.,https://www.press.bmwgroup.com/usa/article/detail/T0136911EN_US/the-all-new-bmw-3-series-gran-turismo,bmw/3-series,,"article: 7 attachments, 5 spec candidates",category 1
2014-06-06,The New BMW X6,https://www.press.bmwgroup.com/usa/article/detail/T0182923EN_US/the-new-bmw-x6,bmw/x6,,"article: 8 attachments, 3 spec candidates",category 1
2015-05-07,The New BMW 3 Series Sedan and Sports Wagon.,https://www.press.bmwgroup.com/usa/article/detail/T0216443EN_US/the-new-bmw-3-series-sedan-and-sports-wagon,bmw/3-series,,"article: 9 attachments, 5 spec candidates",category 2
2016-01-14,New Competition Package Amps Up The BMW M3 And M4.,https://www.press.bmwgroup.com/usa/article/detail/T0250284EN_US/new-competition-package-amps-up-the-bmw-m3-and-m4,bmw/m3,,"article: 9 attachments, 6 spec candidates",category 1
2013-08-01,2015 X5 Specs,https://www.press.bmwgroup.com/usa/article/attachment/T0144413EN_US/365772,,,duplicate of https://www.press.bmwgroup.com/usa/article/attachment/T0142293EN_US/279422,https://www.press.bmwgroup.com/usa/article/detail/T0144413EN_US/production-of-the-third-generation-x5-sports-activity-vehicle-begins-at-bmw-manufacturing-co
2015-06-18,2016 BMW X5 Technical Specifications,https://www.press.bmwgroup.com/usa/article/attachment/T0222782EN_US/356972,,,duplicate of https://www.press.bmwgroup.com/usa/article/attachment/T0208453EN_US/387137,https://www.press.bmwgroup.com/usa/article/detail/T0222782EN_US/model-year-2016-update-information
2015-05-07,The New BMW 3 Series Sedan and Sports Wagon.,https://www.press.bmwgroup.com/usa/article/detail/T0216443EN_US/the-new-bmw-3-series-sedan-and-sports-wagon,bmw/3-series,,model year not stated,release text with specification table
2019-08-09,BMW Expands 530e Sedan Inductive Charging Pilot Program to U.S.,https://www.press.bmwgroup.com/usa/article/detail/T0299828EN_US/bmw-expands-530e-sedan-inductive-charging-pilot-program-to-u-s,bmw/5-series,,model year not stated,release text with specification table
2021-01-27,The new BMW M5 CS,https://www.press.bmwgroup.com/usa/article/detail/T0325006EN_US/the-new-bmw-m5-cs,bmw/m5,,model year not stated,release text with specification table
2019-08-08,2020 BMW Model Year Updates,https://www.press.bmwgroup.com/usa/article/attachment/T0299940EN_US/436965,,,no model named,https://www.press.bmwgroup.com/usa/article/detail/T0299940EN_US/bmw-model-year-2020-update-information
2013-02-07,MY16 3 Series GT,https://www.press.bmwgroup.com/usa/article/attachment/T0136911EN_US/387796,bmw/3-series,2016,not a specification sheet,https://www.press.bmwgroup.com/usa/article/detail/T0136911EN_US/the-all-new-bmw-3-series-gran-turismo
2013-01-14,MY16 320i,https://www.press.bmwgroup.com/usa/article/attachment/T0136050EN_US/356625,bmw/3-series,2016,not a specification sheet,https://www.press.bmwgroup.com/usa/article/detail/T0136050EN_US/the-new-bmw-320i-sedan
2016-03-22,MY16 330e,https://www.press.bmwgroup.com/usa/article/attachment/T0258500EN_US/391760,bmw/3-series,2016,not a specification sheet,https://www.press.bmwgroup.com/usa/article/detail/T0258500EN_US/the-all-new-bmw-330e-iperformance
2015-05-07,MY16 BMW 3 Series Sedan,https://www.press.bmwgroup.com/usa/article/attachment/T0216443EN_US/391751,bmw/3-series,2016,not a specification sheet,https://www.press.bmwgroup.com/usa/article/detail/T0216443EN_US/the-new-bmw-3-series-sedan-and-sports-wagon
2015-05-07,MY16 BMW 3 Series Sports Wagon,https://www.press.bmwgroup.com/usa/article/attachment/T0216443EN_US/391752,bmw/3-series,2016,not a specification sheet,https://www.press.bmwgroup.com/usa/article/detail/T0216443EN_US/the-new-bmw-3-series-sedan-and-sports-wagon
2018-06-08,Firm Bayerische Motoren Werke Aktiengesellschaft  Postal Address BMW AG 80788 München  Telephone +49 89 382 39229  Internet: www.bmwgroup.com BMW teams up with Paramount Pictures_ new theatrical film_ “Mission: Impossible – Fallout_” with the BMW M5 appearing alongside Tom Cruise as Ethan Hunt in the action-packed film with spectacular car chases and stunts.,https://www.press.bmwgroup.com/usa/article/attachment/T0281968EN_US/409656,bmw/m5,2018,not a specification sheet,https://www.press.bmwgroup.com/usa/article/detail/T0281968EN_US/bmw-teams-up-with-paramount-pictures’-new-theatrical-film-“mission:-impossible-–-fallout-”-with-the-bmw-m5-appearing-alongside-tom-cruise-as-ethan-hunt-in-the-action-packed-film-with-spectacular-car-chases-and-stunts
2013-03-25,2014 6 Series Convertible Specs,https://www.press.bmwgroup.com/usa/article/attachment/T0138611EN_US/254932,,,other model,https://www.press.bmwgroup.com/usa/article/detail/T0138611EN_US/bmw-6-series-for-model-year-2014
2013-12-12,2015 M4 Coupe Specs,https://www.press.bmwgroup.com/usa/article/attachment/T0160684EN_US/391903,,,other model,https://www.press.bmwgroup.com/usa/article/detail/T0160684EN_US/the-all-new-bmw-m3-sedan-and-bmw-m4-coupe
2016-01-14,2017 M4 Competition Convertible Specifications,https://www.press.bmwgroup.com/usa/article/attachment/T0250284EN_US/387873,,,other model,https://www.press.bmwgroup.com/usa/article/detail/T0250284EN_US/new-competition-package-amps-up-the-bmw-m3-and-m4
2016-01-14,2017 M4 Competition Coupe Specifications,https://www.press.bmwgroup.com/usa/article/attachment/T0250284EN_US/387874,,,other model,https://www.press.bmwgroup.com/usa/article/detail/T0250284EN_US/new-competition-package-amps-up-the-bmw-m3-and-m4
2013-12-12,2017 M4 Coupe Specifications,https://www.press.bmwgroup.com/usa/article/attachment/T0160684EN_US/391905,,,other model,https://www.press.bmwgroup.com/usa/article/detail/T0160684EN_US/the-all-new-bmw-m3-sedan-and-bmw-m4-coupe
2013-10-23,MY18 BMW M6 Convertible Competition Tech Specs,https://www.press.bmwgroup.com/usa/article/attachment/T0152364EN_US/391912,,,other model,https://www.press.bmwgroup.com/usa/article/detail/T0152364EN_US/bmw-m-performance-parts-for-the-m5-sedan-m6-coupe-m6-convertible-and-m6-gran-coupe
2013-10-23,MY18 BMW M6 Convertible Tech Specs,https://www.press.bmwgroup.com/usa/article/attachment/T0152364EN_US/391913,,,other model,https://www.press.bmwgroup.com/usa/article/detail/T0152364EN_US/bmw-m-performance-parts-for-the-m5-sedan-m6-coupe-m6-convertible-and-m6-gran-coupe
2013-10-23,MY18 BMW M6 Gran Coupe Competition Tech Specs,https://www.press.bmwgroup.com/usa/article/attachment/T0152364EN_US/391914,,,other model,https://www.press.bmwgroup.com/usa/article/detail/T0152364EN_US/bmw-m-performance-parts-for-the-m5-sedan-m6-coupe-m6-convertible-and-m6-gran-coupe
2013-10-23,MY18 BMW M6 Gran Coupe Tech Specs,https://www.press.bmwgroup.com/usa/article/attachment/T0152364EN_US/391915,,,other model,https://www.press.bmwgroup.com/usa/article/detail/T0152364EN_US/bmw-m-performance-parts-for-the-m5-sedan-m6-coupe-m6-convertible-and-m6-gran-coupe
2016-01-14,MY18 M4 Convertible Competition Tech Specs,https://www.press.bmwgroup.com/usa/article/attachment/T0250284EN_US/387877,,,other model,https://www.press.bmwgroup.com/usa/article/detail/T0250284EN_US/new-competition-package-amps-up-the-bmw-m3-and-m4
2016-01-14,MY18 M4 Coupe Competition Tech Specs,https://www.press.bmwgroup.com/usa/article/attachment/T0250284EN_US/387878,,,other model,https://www.press.bmwgroup.com/usa/article/detail/T0250284EN_US/new-competition-package-amps-up-the-bmw-m3-and-m4
2013-12-12,MY18 M4 Tech Specs,https://www.press.bmwgroup.com/usa/article/attachment/T0160684EN_US/391908,,,other model,https://www.press.bmwgroup.com/usa/article/detail/T0160684EN_US/the-all-new-bmw-m3-sedan-and-bmw-m4-coupe
2012-09-26,"""NOT NORMAL"" – start of new MINI brand campaign",https://www.press.bmwgroup.com/usa/article/detail/T0132857EN_US/not-normal-–-start-of-new-mini-brand-campaign,,,skip,category 1
2013-02-02,"""Presented by BMW"" 17th Art Directors Guild Awards in Beverly Hills.",https://www.press.bmwgroup.com/usa/article/detail/T0136796EN_US/presented-by-bmw-17th-art-directors-guild-awards-in-beverly-hills,,,skip,category 1
2019-10-11,#24 BMW M8 GTE will start the IMSA finale from second row on the grid – Eng comes third in qualifying.,https://www.press.bmwgroup.com/usa/article/detail/T0301772EN_US/24-bmw-m8-gte-will-start-the-imsa-finale-from-second-row-on-the-grid-–-eng-comes-third-in-qualifying,,,skip,category 1
2024-03-12,12h Sebring: BMW M Team RLL returns to the site of the first podium success for the BMW M Hybrid V8.,https://www.press.bmwgroup.com/usa/article/detail/T0440287EN_US/12h-sebring:-bmw-m-team-rll-returns-to-the-site-of-the-first-podium-success-for-the-bmw-m-hybrid-v8,,,skip,category 1
2025-03-17,12h Sebring: Pole position and fifth place for the BMW M Hybrid V8 – Double podium for the BMW M4 GT3 EVO.,https://www.press.bmwgroup.com/usa/article/detail/T0448960EN_US/12h-sebring:-pole-position-and-fifth-place-for-the-bmw-m-hybrid-v8-–-double-podium-for-the-bmw-m4-gt3-evo,,,skip,category 1
2023-03-15,12h Sebring: Second race outing for the new BMW M Hybrid V8.,https://www.press.bmwgroup.com/usa/article/detail/T0411023EN_US/12h-sebring:-second-race-outing-for-the-new-bmw-m-hybrid-v8,,,skip,category 1
2019-08-14,20 Years of BMW Performance Center Driver Training and Experiences,https://www.press.bmwgroup.com/usa/article/detail/T0299955EN_US/20-years-of-bmw-performance-center-driver-training-and-experiences,,,skip,category 1
2023-01-29,24h Daytona: BMW M Hybrid V8 completes first endurance test in the new GTP era.,https://www.press.bmwgroup.com/usa/article/detail/T0408040EN_US/24h-daytona:-bmw-m-hybrid-v8-completes-first-endurance-test-in-the-new-gtp-era,,,skip,category 1
2023-01-26,24h Daytona: Preview and media guide ahead of the debut of the BMW M Hybrid V8 in the IMSA GTP class.,https://www.press.bmwgroup.com/usa/article/detail/T0407974EN_US/24h-daytona:-preview-and-media-guide-ahead-of-the-debut-of-the-bmw-m-hybrid-v8-in-the-imsa-gtp-class,,,skip,category 1
2022-03-28,24h Nürburgring: Strong contingent of BMW M Motorsport works drivers and seven BMW M4 GT3s at the famous Eifel classic.,https://www.press.bmwgroup.com/usa/article/detail/T0376833EN_US/24h-nuerburgring:-strong-contingent-of-bmw-m-motorsport-works-drivers-and-seven-bmw-m4-gt3s-at-the-famous-eifel-classic,,,skip,category 1
2012-10-26,25 years of BMW 12-cylinder engines: setting new standards in the luxury class.,https://www.press.bmwgroup.com/usa/article/detail/T0133923EN_US/25-years-of-bmw-12-cylinder-engines:-setting-new-standards-in-the-luxury-class,,,skip,category 1
2023-03-17,25th year as ‘Official Car of MotoGP™’: BMW M starts anniversary season with new BMW M2 MotoGP™ safety car.,https://www.press.bmwgroup.com/usa/article/detail/T0411358EN_US/25th-year-as-official-car-of-motogp™’:-bmw-m-starts-anniversary-season-with-new-bmw-m2-motogp™-safety-car,,,skip,category 1
2012-11-15,28 MINI FANS CRAM INTO THE RECORD BOOKS,https://www.press.bmwgroup.com/usa/article/detail/T0134438EN_US/28-mini-fans-cram-into-the-record-books,,,skip,category 1
2013-05-07,"350 MINI Baby Racers on the way from the Allgäu to the Orient: potentially record-breaking, highly coveted and soon to be owned by children.",https://www.press.bmwgroup.com/usa/article/detail/T0141476EN_US/350-mini-baby-racers-on-the-way-from-the-allgaeu-to-the-orient:-potentially-record-breaking-highly-coveted-and-soon-to-be-owned-by-children,,,skip,category 1
2012-12-10,40 years of electric mobility at the BMW Group. From the BMW 1602 to the BMW i3.,https://www.press.bmwgroup.com/usa/article/detail/T0135084EN_US/40-years-of-electric-mobility-at-the-bmw-group-from-the-bmw-1602-to-the-bmw-i3,,,skip,category 2
2025-03-12,50 Years of BMW North America: Anniversary livery makes the BMW M Hybrid V8 a standout at the 12h Sebring.,https://www.press.bmwgroup.com/usa/article/detail/T0448796EN_US/50-years-of-bmw-north-america:-anniversary-livery-makes-the-bmw-m-hybrid-v8-a-standout-at-the-12h-sebring,,,skip,category 1
2022-10-31,50 years of Future with Designworks: The BMW Group subsidiary celebrates its anniversary.,https://www.press.bmwgroup.com/usa/article/detail/T0405209EN_US/50-years-of-future-with-designworks:-the-bmw-group-subsidiary-celebrates-its-anniversary,,,skip,category 1
2018-06-04,51 NEW SING FOR HOPE PIANOS TO HIT THE STREETS OF NYC THIS SUMMER - JUNE 4-24,https://www.press.bmwgroup.com/usa/article/detail/T0281693EN_US/51-new-sing-for-hope-pianos-to-hit-the-streets-of-nyc-this-summer-june-4-24,,,skip,category 1
2012-11-13,90 Years of BMW Motorrad,https://www.press.bmwgroup.com/usa/article/detail/T0134355EN_US/90-years-of-bmw-motorrad,,,skip,category 2
2025-09-09,A BMW R 18 Transcontinental for Pope Leo XIV.,https://www.press.bmwgroup.com/usa/article/detail/T0452518EN_US/a-bmw-r-18-transcontinental-for-pope-leo-xiv,,,skip,category 1
2013-05-31,A Beauty of a Beast: BMW Group DesignworksUSA designs compact Gaming PC for AS Rock.,https://www.press.bmwgroup.com/usa/article/detail/T0142405EN_US/a-beauty-of-a-beast:-bmw-group-designworksusa-designs-compact-gaming-pc-for-as-rock,,,skip,category 1
2020-03-05,A Large BMW Customer Racing Teams Entry Field Ready To Represent The Ultimate Driving Machine® At SRO America Season Opener at Circuit Of The Americas.,https://www.press.bmwgroup.com/usa/article/detail/T0306308EN_US/a-large-bmw-customer-racing-teams-entry-field-ready-to-represent-the-ultimate-driving-machine®-at-sro-america-season-opener-at-circuit-of-the-americas,,,skip,category 1
2026-01-05,A Milestone for Human-Vehicle Interaction. BMW Intelligent Personal Assistant expanded to include Amazon Alexa + Technology.,https://www.press.bmwgroup.com/usa/article/detail/T0454787EN_US/a-milestone-for-human-vehicle-interaction-bmw-intelligent-personal-assistant-expanded-to-include-amazon-alexa-technology,,,skip,category 1
2021-03-17,"A New Era, a New Class: BMW Group steps up technology offensive with comprehensive realignment – uncompromisingly electric, digital and circular",https://www.press.bmwgroup.com/usa/article/detail/T0327996EN_US/a-new-era-a-new-class:-bmw-group-steps-up-technology-offensive-with-comprehensive-realignment-–-uncompromisingly-electric-digital-and-circular,,,skip,category 1
2022-10-07,A Step Forward in Workforce Development: BMW Manufacturing Opens New Training Center.,https://www.press.bmwgroup.com/usa/article/detail/T0404432EN_US/a-step-forward-in-workforce-development:-bmw-manufacturing-opens-new-training-center,,,skip,category 1
2017-03-01,A World-Class Design Collaboration.,https://www.press.bmwgroup.com/usa/article/detail/T0268247EN_US/a-world-class-design-collaboration,,,skip,category 1
2012-05-28,A festival of beauty on Lake Como,https://www.press.bmwgroup.com/usa/article/detail/T0127251EN_US/a-festival-of-beauty-on-lake-como,,,skip,category 1
2021-03-17,A glimpse of the first ever all-electric BMW i4 at the BMW Group Annual Conference.,https://www.press.bmwgroup.com/usa/article/detail/T0327997EN_US/a-glimpse-of-the-first-ever-all-electric-bmw-i4-at-the-bmw-group-annual-conference,,,skip,category 1
2018-03-27,A look back into the future: The classic Mini Electric.,https://www.press.bmwgroup.com/usa/article/detail/T0279569EN_US/a-look-back-into-the-future:-the-classic-mini-electric,,,skip,category 1
2013-09-18,A new era dawns: BMW Group begins series production of the BMW i3 electric car in Leipzig. / Industrial-scale manufacture of CFRP makes its debut in the car industry. / Commitment to a sustainable production process.,https://www.press.bmwgroup.com/usa/article/detail/T0145870EN_US/a-new-era-dawns:-bmw-group-begins-series-production-of-the-bmw-i3-electric-car-in-leipzig-/-industrial-scale-manufacture-of-cfrp-makes-its-debut-in-the-car-industry-/-commitment-to-a-sustainable-production-process,,,skip,category 1
2026-04-07,A new level of personalization: Special custom-crafted MINI Convertible built at Plant Oxford.,https://www.press.bmwgroup.com/usa/article/detail/T0456960EN_US/a-new-level-of-personalization:-special-custom-crafted-mini-convertible-built-at-plant-oxford,,,skip,category 1
2012-06-14,A tribute to the capital of Britain: The new-look MINI Rocketman Concept.,https://www.press.bmwgroup.com/usa/article/detail/T0127566EN_US/a-tribute-to-the-capital-of-britain:-the-new-look-mini-rocketman-concept,,,skip,category 1
2021-07-29,A world premiere like never before.,https://www.press.bmwgroup.com/usa/article/detail/T0338759EN_US/a-world-premiere-like-never-before,,,skip,category 1
2023-11-29,ALL NEW MINI FAMILY DEBUTS WITH LARGER-THAN-LIFE ADVERTISEMENT ON SPHERE IN LAS VEGAS.,https://www.press.bmwgroup.com/usa/article/detail/T0438582EN_US/all-new-mini-family-debuts-with-larger-than-life-advertisement-on-sphere-in-las-vegas,,,skip,category 1
2023-09-18,ALL-NEW MINI COUNTRYMAN ELECTRIC MAKES NORTH AMERICA DEBUT ON THE OCCASION OF CLIMATE WEEK NYC.,https://www.press.bmwgroup.com/usa/article/detail/T0437099EN_US/all-new-mini-countryman-electric-makes-north-america-debut-on-the-occasion-of-climate-week-nyc,,,skip,category 1
2015-03-03,ALL-ROUND TALENT WITH INDIVIDUAL STYLE: THE MINI COUNTRYMAN PARK LANE.,https://www.press.bmwgroup.com/usa/article/detail/T0206445EN_US/all-round-talent-with-individual-style:-the-mini-countryman-park-lane,,,skip,category 1
2020-03-09,AMAZON SWEEPSTAKES WINNER TAKES FIRST DELIVERY IN THE US OF ALL NEW BATTERY ELECTRIC MINI COOPER SE,https://www.press.bmwgroup.com/usa/article/detail/T0306508EN_US/amazon-sweepstakes-winner-takes-first-delivery-in-the-us-of-all-new-battery-electric-mini-cooper-se,,,skip,category 1
2016-05-10,AN INDIVIDUALIST OUT OF TRADITION: THE NEW MINI SEVEN,https://www.press.bmwgroup.com/usa/article/detail/T0259915EN_US/an-individualist-out-of-tradition:-the-new-mini-seven,,,skip,category 2
2012-11-13,"AT&T, BMW AND Tendril Team Up for Hackathon Aimed at the Intersection of Electric Vehicles, the Connected Home and Mobility",https://www.press.bmwgroup.com/usa/article/detail/T0134370EN_US/at-t-bmw-and-tendril-team-up-for-hackathon-aimed-at-the-intersection-of-electric-vehicles-the-connected-home-and-mobility,,,skip,category 1
2024-06-12,ATHLETIC PRACTICAL AND VERSATILE - MINI EXPANDS NEW MINI FAMILY WITH THE NEW MINI COOPER 4-DOOR.,https://www.press.bmwgroup.com/usa/article/detail/T0443100EN_US/athletic-practical-and-versatile-mini-expands-new-mini-family-with-the-new-mini-cooper-4-door,,,skip,category 1
2015-08-03,"AUDI AG, BMW Group and Daimler AG agree with Nokia Corporation on joint acquisition of HERE digital mapping business",https://www.press.bmwgroup.com/usa/article/detail/T0228796EN_US/audi-ag-bmw-group-and-daimler-ag-agree-with-nokia-corporation-on-joint-acquisition-of-here-digital-mapping-business,,,skip,category 1
2015-12-04,"AUDI AG, BMW Group and Daimler AG successfully concluded acquisition of Nokia’s digital mapping and location business HERE",https://www.press.bmwgroup.com/usa/article/detail/T0245982EN_US/audi-ag-bmw-group-and-daimler-ag-successfully-concluded-acquisition-of-nokia’s-digital-mapping-and-location-business-here,,,skip,category 1
2014-10-17,Accident researcher Professor Kennerly Digges presented with the BMW Vehicle Safety Lifetime Achievement Award.,https://www.press.bmwgroup.com/usa/article/detail/T0195062EN_US/accident-researcher-professor-kennerly-digges-presented-with-the-bmw-vehicle-safety-lifetime-achievement-award,,,skip,category 11
2016-10-24,Additional offer for journalists: the latest MINI news is now also available on an Instagram channel as of now.,https://www.press.bmwgroup.com/usa/article/detail/T0265255EN_US/additional-offer-for-journalists:-the-latest-mini-news-is-now-also-available-on-an-instagram-channel-as-of-now,,,skip,category 1
2014-01-26,After 12 hours: BMW Team RLL maintains promising position in Daytona 24 Hours.,https://www.press.bmwgroup.com/usa/article/detail/T0164889EN_US/after-12-hours:-bmw-team-rll-maintains-promising-position-in-daytona-24-hours,,,skip,category 1
2014-01-26,After 18 hours: BMW Team RLL enters the final stages in Daytona in third and fourth.,https://www.press.bmwgroup.com/usa/article/detail/T0164891EN_US/after-18-hours:-bmw-team-rll-enters-the-final-stages-in-daytona-in-third-and-fourth,,,skip,category 1
2014-01-26,After six hours: Exciting start to the Daytona 24 Hours – BMW Team RLL running in sixth and seventh in GTLM.,https://www.press.bmwgroup.com/usa/article/detail/T0164887EN_US/after-six-hours:-exciting-start-to-the-daytona-24-hours-–-bmw-team-rll-running-in-sixth-and-seventh-in-gtlm,,,skip,category 1
2023-01-11,"After three years as the BMW Junior Team, Dan Harper, Max Hesse and Neil Verhagen are BMW M works drivers.",https://www.press.bmwgroup.com/usa/article/detail/T0407411EN_US/after-three-years-as-the-bmw-junior-team-dan-harper-max-hesse-and-neil-verhagen-are-bmw-m-works-drivers,,,skip,category 1
2019-02-08,Alessandro Zanardi: “It has been simply fantastic all the way”.,https://www.press.bmwgroup.com/usa/article/detail/T0291783EN_US/alessandro-zanardi:-“it-has-been-simply-fantastic-all-the-way”,,,skip,category 1
2012-09-07,Alessandro Zanardi’s dream of Paralympic gold comes true.,https://www.press.bmwgroup.com/usa/article/detail/T0131744EN_US/alessandro-zanardi’s-dream-of-paralympic-gold-comes-true,,,skip,category 1
2018-08-14,Alex Zanardi completes successful Vallelunga DTM test: “The progress is massive.”,https://www.press.bmwgroup.com/usa/article/detail/T0284053EN_US/alex-zanardi-completes-successful-vallelunga-dtm-test:-“the-progress-is-massive-”,,,skip,category 1
2015-05-03,"All BMW Team RLL Z4 GTLM Front Row at Laguna Seca; Werner Scores Class Pole, Luhr Qualifies Second",https://www.press.bmwgroup.com/usa/article/detail/T0215702EN_US/all-bmw-team-rll-z4-gtlm-front-row-at-laguna-seca;-werner-scores-class-pole-luhr-qualifies-second,,,skip,category 1
2016-11-16,All New MINI Countryman to Make its World Premiere at Los Angeles International Auto Show,https://www.press.bmwgroup.com/usa/article/detail/T0266086EN_US/all-new-mini-countryman-to-make-its-world-premiere-at-los-angeles-international-auto-show,,,skip,category 1
2012-10-21,All the BMW victories in the DTM since 1984.,https://www.press.bmwgroup.com/usa/article/detail/T0133844EN_US/all-the-bmw-victories-in-the-dtm-since-1984,,,skip,category 1
2019-03-05,All-New BMW Adventure Models Added To Demo Lineup At Daytona Bike Week BMW S 1000 RR With M Package And the “Departed” By Custom Works Zon On Display,https://www.press.bmwgroup.com/usa/article/detail/T0292726EN_US/all-new-bmw-adventure-models-added-to-demo-lineup-at-daytona-bike-week-bmw-s-1000-rr-with-m-package-and-the-“departed”-by-custom-works-zon-on-display,,,skip,category 1
2020-03-05,All-New BMW M2 CS Racing to be Displayed During Circuit of the Americas Weekend.,https://www.press.bmwgroup.com/usa/article/detail/T0306307EN_US/all-new-bmw-m2-cs-racing-to-be-displayed-during-circuit-of-the-americas-weekend,,,skip,category 1
2025-09-22,"All-New BMW iX3 to Make North American Debut in New York City on September 21, Signaling the Future of “The Ultimate Driving Machine.”",https://www.press.bmwgroup.com/usa/article/detail/T0452842EN_US/all-new-bmw-ix3-to-make-north-american-debut-in-new-york-city-on-september-21-signaling-the-future-of-“the-ultimate-driving-machine-”,,,skip,category 1
2023-05-04,All-electric driving fun for the future: the new MINI Cooper Electric.,https://www.press.bmwgroup.com/usa/article/detail/T0415441EN_US/all-electric-driving-fun-for-the-future:-the-new-mini-cooper-electric,,,skip,category 1
2023-09-02,All-new BMW iDrive coming to the Neue Klasse.,https://www.press.bmwgroup.com/usa/article/detail/T0434058EN_US/all-new-bmw-idrive-coming-to-the-neue-klasse,,,skip,category 1
2017-03-21,All-time highs in core business – innovation leadership in future mobility – BMW Group builds further on success,https://www.press.bmwgroup.com/usa/article/detail/T0268929EN_US/all-time-highs-in-core-business-–-innovation-leadership-in-future-mobility-–-bmw-group-builds-further-on-success,,,skip,category 1
2012-06-11,Allsteel teams with BMW Group DesignworksUSA for creation of Clarity Seating Series,https://www.press.bmwgroup.com/usa/article/detail/T0127567EN_US/allsteel-teams-with-bmw-group-designworksusa-for-creation-of-clarity-seating-series,,,skip,category 1
2013-08-26,"Aloha, MINI: expressing the pure joy of living for 54 years.",https://www.press.bmwgroup.com/usa/article/detail/T0145172EN_US/aloha-mini:-expressing-the-pure-joy-of-living-for-54-years,,,skip,category 1
2024-10-09,Always Open: Unmistakable driving fun in the new MINI Cooper Convertible.,https://www.press.bmwgroup.com/usa/article/detail/T0445501EN_US/always-open:-unmistakable-driving-fun-in-the-new-mini-cooper-convertible,,,skip,category 1
2019-09-13,Always in top position: The new MINI and John Cooper Works wheel hubcaps.,https://www.press.bmwgroup.com/usa/article/detail/T0300777EN_US/always-in-top-position:-the-new-mini-and-john-cooper-works-wheel-hubcaps,,,skip,category 1
2020-06-10,An interview with Bruno Spengler: “Sim racing is the perfect practice for me in this time without racing.”,https://www.press.bmwgroup.com/usa/article/detail/T0309372EN_US/an-interview-with-bruno-spengler:-“sim-racing-is-the-perfect-practice-for-me-in-this-time-without-racing-”,,,skip,category 1
2019-08-09,And yet another anniversary for MINI: The brand’s ten millionth vehicle rolled off the production line in Oxford.,https://www.press.bmwgroup.com/usa/article/detail/T0299903EN_US/and-yet-another-anniversary-for-mini:-the-brand’s-ten-millionth-vehicle-rolled-off-the-production-line-in-oxford,,,skip,category 1
2014-06-12,And: action! New MINI Connected ready App enables GoPro cameras to be controlled using the MINI operating system,https://www.press.bmwgroup.com/usa/article/detail/T0183822EN_US/and:-action-new-mini-connected-ready-app-enables-gopro-cameras-to-be-controlled-using-the-mini-operating-system,,,skip,category 1
2015-12-14,Andy Priaulx leaves BMW Motorsport after 13 years.,https://www.press.bmwgroup.com/usa/article/detail/T0247264EN_US/andy-priaulx-leaves-bmw-motorsport-after-13-years,,,skip,category 1
2013-05-17,Andy Warhol’s 1979 BMW M1 Art Car to be Center Piece at Saratoga Automobile Museum,https://www.press.bmwgroup.com/usa/article/detail/T0141997EN_US/andy-warhol’s-1979-bmw-m1-art-car-to-be-center-piece-at-saratoga-automobile-museum,,,skip,category 1
2016-03-16,Another great weekend for the BMW S 1000 RR: A stunning performance in WSBK and a double podium in South Africa.,https://www.press.bmwgroup.com/usa/article/detail/T0258315EN_US/another-great-weekend-for-the-bmw-s-1000-rr:-a-stunning-performance-in-wsbk-and-a-double-podium-in-south-africa,,,skip,category 1
2024-02-29,Art Meets Innovation: The BMW i5 Flow NOSTOKANA.,https://www.press.bmwgroup.com/usa/article/detail/T0439982EN_US/art-meets-innovation:-the-bmw-i5-flow-nostokana,,,skip,category 1
2022-12-21,"As blue as the sea, as stunningly white as the beach: the MINI Convertible in the Seaside Edition.",https://www.press.bmwgroup.com/usa/article/detail/T0406929EN_US/as-blue-as-the-sea-as-stunningly-white-as-the-beach:-the-mini-convertible-in-the-seaside-edition,,,skip,category 1
2013-07-08,Attendance record at the 13th BMW Motorrad Days.,https://www.press.bmwgroup.com/usa/article/detail/T0143610EN_US/attendance-record-at-the-13th-bmw-motorrad-days,,,skip,category 1
2019-07-02,Automotive and Mobility Industry Leaders Publish First-of-its-Kind Framework for Safe Automated Driving Systems.,https://www.press.bmwgroup.com/usa/article/detail/T0298138EN_US/automotive-and-mobility-industry-leaders-publish-first-of-its-kind-framework-for-safe-automated-driving-systems,,,skip,category 1
2017-01-05,BMW 2 Series and BMW 4 Series Score Awards in Inaugural JD Power Tech Experience Index Study(SM),https://www.press.bmwgroup.com/usa/article/detail/T0267027EN_US/bmw-2-series-and-bmw-4-series-score-awards-in-inaugural-jd-power-tech-experience-index-study-sm,,,skip,category 1
2016-08-19,BMW 2002 Hommage celebrates the birth of the turbocharged car. Design study pays tribute to legendary motor racing glories at the Concours d’Elegance in Pebble Beach.,https://www.press.bmwgroup.com/usa/article/detail/T0262922EN_US/bmw-2002-hommage-celebrates-the-birth-of-the-turbocharged-car-design-study-pays-tribute-to-legendary-motor-racing-glories-at-the-concours-d’elegance-in-pebble-beach,,,skip,category 1
2014-03-11,BMW 3.0 CSL #25 Wins Again,https://www.press.bmwgroup.com/usa/article/detail/T0171466EN_US/bmw-3-0-csl-25-wins-again,,,skip,category 1
2015-08-14,BMW 3.0 CSL Hommage R. The perfect fusion of driver and machine.,https://www.press.bmwgroup.com/usa/article/detail/T0230167EN_US/bmw-3-0-csl-hommage-r-the-perfect-fusion-of-driver-and-machine,,,skip,category 1
2015-05-13,BMW 3.0 CSL Hommage. Motor sport with an elegant character.,https://www.press.bmwgroup.com/usa/article/detail/T0217562EN_US/bmw-3-0-csl-hommage-motor-sport-with-an-elegant-character,,,skip,category 1
2015-05-22,BMW 3.0 CSL Hommage. Racing flair with a touch of class.,https://www.press.bmwgroup.com/usa/article/detail/T0219002EN_US/bmw-3-0-csl-hommage-racing-flair-with-a-touch-of-class,,,skip,category 1
2019-09-25,BMW AG Names Two New Board of Management members: Supervisory Board appoints Ilka Horstmeier and Milan Nedeljkovic,https://www.press.bmwgroup.com/usa/article/detail/T0301211EN_US/bmw-ag-names-two-new-board-of-management-members:-supervisory-board-appoints-ilka-horstmeier-and-milan-nedeljkovic,,,skip,category 1
2026-02-12,BMW ALPINA: Standalone automobiles with a new brand emblem.,https://www.press.bmwgroup.com/usa/article/detail/T0455598EN_US/bmw-alpina:-standalone-automobiles-with-a-new-brand-emblem,,,skip,category 1
2017-01-24,BMW AND NISSAN PARTNER ONCE AGAIN TO EXPAND DC FAST CHARGER ACCESS ACROSS THE U.S. TO BENEFIT EV DRIVERS,https://www.press.bmwgroup.com/usa/article/detail/T0267511EN_US/bmw-and-nissan-partner-once-again-to-expand-dc-fast-charger-access-across-the-u-s-to-benefit-ev-drivers,,,skip,category 1
2015-12-21,BMW AND NISSAN PARTNER TO DEPLOY DUAL FAST CHARGERS ACROSS THE U.S. TO BENEFIT ELECTRIC VEHICLE DRIVERS,https://www.press.bmwgroup.com/usa/article/detail/T0248223EN_US/bmw-and-nissan-partner-to-deploy-dual-fast-chargers-across-the-u-s-to-benefit-electric-vehicle-drivers,,,skip,category 2
2013-11-14,BMW ANNOUNCES COMPREHENSIVE 360 ELECTRIC PRODUCTS AND SERVICES FOR BMW i DRIVERS.,https://www.press.bmwgroup.com/usa/article/detail/T0155784EN_US/bmw-announces-comprehensive-360-electric-products-and-services-for-bmw-i-drivers,,,skip,category 1
2013-09-23,BMW ActiveE  Renewable Energy Certificates and Solar Programs win Green Power Partnership Best Marketing Campaign by a Purchaser of Green Power,https://www.press.bmwgroup.com/usa/article/detail/T0146507EN_US/bmw-activee-renewable-energy-certificates-and-solar-programs-win-green-power-partnership-best-marketing-campaign-by-a-purchaser-of-green-power,,,skip,category 1
2017-05-30,BMW Adds More Star Drivers to an Already Strong M235iR Pirelli World Challenge Touring Car Championship Contingent for Rounds 5 and 6 at Lime Rock Park;,https://www.press.bmwgroup.com/usa/article/detail/T0271384EN_US/bmw-adds-more-star-drivers-to-an-already-strong-m235ir-pirelli-world-challenge-touring-car-championship-contingent-for-rounds-5-and-6-at-lime-rock-park;,,,skip,category 1
2022-04-26,BMW And BMW M Team RLL Share a Winning History Laguna Seca.,https://www.press.bmwgroup.com/usa/article/detail/T0384333EN_US/bmw-and-bmw-m-team-rll-share-a-winning-history-laguna-seca,,,skip,category 1
2021-07-08,BMW Announces All-New Driving Experience at Indianapolis Motor Speedway.,https://www.press.bmwgroup.com/usa/article/detail/T0337410EN_US/bmw-announces-all-new-driving-experience-at-indianapolis-motor-speedway,,,skip,category 1
2026-06-26,BMW Announces Executive Leadership Changes in the U.S.,https://www.press.bmwgroup.com/usa/article/detail/T0458795EN_US/bmw-announces-executive-leadership-changes-in-the-u-s,,,skip,category 1
2016-03-22,BMW Announces First App Integrations For Android Devices.,https://www.press.bmwgroup.com/usa/article/detail/T0258506EN_US/bmw-announces-first-app-integrations-for-android-devices,,,skip,category 1
2013-03-27,BMW Announces Four New App Integrations for iPhone,https://www.press.bmwgroup.com/usa/article/detail/T0138683EN_US/bmw-announces-four-new-app-integrations-for-iphone,,,skip,category 1
2013-07-03,BMW Announces Leadership Change at its South Carolina Plant.,https://www.press.bmwgroup.com/usa/article/detail/T0143417EN_US/bmw-announces-leadership-change-at-its-south-carolina-plant,,,skip,category 1
2019-09-05,BMW Announces Official Automotive Partnership with New York Fashion Week: The Shows,https://www.press.bmwgroup.com/usa/article/detail/T0300494EN_US/bmw-announces-official-automotive-partnership-with-new-york-fashion-week:-the-shows,,,skip,category 1
2014-10-03,BMW Announces Performance Center West Driving School,https://www.press.bmwgroup.com/usa/article/detail/T0194390EN_US/bmw-announces-performance-center-west-driving-school,,,skip,category 1
2015-01-02,BMW Announces Price Adjustment in the US,https://www.press.bmwgroup.com/usa/article/detail/T0199422EN_US/bmw-announces-price-adjustment-in-the-us,,,skip,category 1
2014-09-30,BMW Announces Price Adjustment in the US,https://www.press.bmwgroup.com/usa/article/detail/T0194222EN_US/bmw-announces-price-adjustment-in-the-us,,,skip,category 1
2013-09-30,BMW Announces Price Adjustment in the US,https://www.press.bmwgroup.com/usa/article/detail/T0147944EN_US/bmw-announces-price-adjustment-in-the-us,,,skip,category 1
2012-08-23,BMW Announces “X1 Restore the Outdoors” Social Good Program.,https://www.press.bmwgroup.com/usa/article/detail/T0130708EN_US/bmw-announces-“x1-restore-the-outdoors”-social-good-program,,,skip,category 1
2012-07-05,BMW Art Car Collection on show for the first time in the UK,https://www.press.bmwgroup.com/usa/article/detail/T0128322EN_US/bmw-art-car-collection-on-show-for-the-first-time-in-the-uk,,,skip,category 1
2017-05-31,BMW Art Car reloaded: Chinese multimedia artist Cao Fei takes the series into the 21st Century by going digital.,https://www.press.bmwgroup.com/usa/article/detail/T0271409EN_US/bmw-art-car-reloaded:-chinese-multimedia-artist-cao-fei-takes-the-series-into-the-21st-century-by-going-digital,,,skip,category 1
2015-08-10,BMW Back on CTSC Podium at Road America.,https://www.press.bmwgroup.com/usa/article/detail/T0229682EN_US/bmw-back-on-ctsc-podium-at-road-america,,,skip,category 1
2021-10-26,BMW Becomes Official Automotive Partner of the New Jersey Devils and New York Islanders.,https://www.press.bmwgroup.com/usa/article/detail/T0352852EN_US/bmw-becomes-official-automotive-partner-of-the-new-jersey-devils-and-new-york-islanders,,,skip,category 1
2021-05-05,BMW Blends Art and Artificial Intelligence to Create “The Ultimate AI Masterpiece.”,https://www.press.bmwgroup.com/usa/article/detail/T0331669EN_US/bmw-blends-art-and-artificial-intelligence-to-create-“the-ultimate-ai-masterpiece-”,,,skip,category 1
2017-09-13,BMW C evolution Charges Up National Drive Electric Week Event In L.A.,https://www.press.bmwgroup.com/usa/article/detail/T0274515EN_US/bmw-c-evolution-charges-up-national-drive-electric-week-event-in-l-a,,,skip,category 1
2020-06-29,BMW CarData: Secure and private control of vehicle data for customers.,https://www.press.bmwgroup.com/usa/article/detail/T0310166EN_US/bmw-cardata:-secure-and-private-control-of-vehicle-data-for-customers,,,skip,category 1
2016-08-30,BMW Celebrates 100 Years of Performance at the Petersen Automotive Museum.,https://www.press.bmwgroup.com/usa/article/detail/T0263296EN_US/bmw-celebrates-100-years-of-performance-at-the-petersen-automotive-museum,,,skip,category 1
2015-03-25,BMW Celebrates 3 Million Vehicles Produced in South Carolina.,https://www.press.bmwgroup.com/usa/article/detail/T0210162EN_US/bmw-celebrates-3-million-vehicles-produced-in-south-carolina,,,skip,category 1
2015-03-17,BMW Celebrates 40th Anniversary Of 1975 Sebring Victory With Original Team And Drivers,https://www.press.bmwgroup.com/usa/article/detail/T0208621EN_US/bmw-celebrates-40th-anniversary-of-1975-sebring-victory-with-original-team-and-drivers,,,skip,category 1
2013-08-15,"BMW Celebrates its Past, Present and Future During Pebble Beach Concours and Rolex Monterey Motorsports Reunion Weekend",https://www.press.bmwgroup.com/usa/article/detail/T0144837EN_US/bmw-celebrates-its-past-present-and-future-during-pebble-beach-concours-and-rolex-monterey-motorsports-reunion-weekend,,,skip,category 1
2020-12-17,BMW Championship Evan Scholars Foundation Contribution,https://www.press.bmwgroup.com/usa/article/detail/T0322809EN_US/bmw-championship-evan-scholars-foundation-contribution,,,skip,category 1
2021-12-16,BMW Championship raises record $5.6 million for Evans Scholars.,https://www.press.bmwgroup.com/usa/article/detail/T0362934EN_US/bmw-championship-raises-record-5-6-million-for-evans-scholars,,,skip,category 1
2023-11-14,BMW ChargeForward Goes All the Way: Smart Charging Program Expands Nationally.,https://www.press.bmwgroup.com/usa/article/detail/T0438320EN_US/bmw-chargeforward-goes-all-the-way:-smart-charging-program-expands-nationally,,,skip,category 1
2019-09-10,BMW Concept 4,https://www.press.bmwgroup.com/usa/article/detail/T0300558EN_US/bmw-concept-4,,,skip,category 1
2013-07-11,BMW Concept Active Tourer Outdoor.,https://www.press.bmwgroup.com/usa/article/detail/T0143655EN_US/bmw-concept-active-tourer-outdoor,,,skip,category 2
2012-10-01,BMW Concept K2 Powder Ride and the BMW X1 Powder Ride Edition Perfectly positioned to make winter a (driving) pleasure,https://www.press.bmwgroup.com/usa/article/detail/T0132752EN_US/bmw-concept-k2-powder-ride-and-the-bmw-x1-powder-ride-edition-perfectly-positioned-to-make-winter-a-driving-pleasure,,,skip,category 1
2013-08-16,BMW Concept M4 Coupe – the true essence of BMW M.,https://www.press.bmwgroup.com/usa/article/detail/T0144833EN_US/bmw-concept-m4-coupe-–-the-true-essence-of-bmw-m,,,skip,category 1
2015-08-14,BMW Concept M4 GTS to be Premiered During Monterey Car Week.,https://www.press.bmwgroup.com/usa/article/detail/T0230168EN_US/bmw-concept-m4-gts-to-be-premiered-during-monterey-car-week,,,skip,category 2
2013-05-24,BMW Concept Ninety.,https://www.press.bmwgroup.com/usa/article/detail/T0142176EN_US/bmw-concept-ninety,,,skip,category 1
2020-03-03,BMW Concept i4. STAY AHEAD IN STYLE.,https://www.press.bmwgroup.com/usa/article/detail/T0306116EN_US/bmw-concept-i4-stay-ahead-in-style,,,skip,category 2
2016-10-06,"BMW Connected – Your Personal Mobility Companion gets an important update, plus availability for Alexa and Android devices starting in October.",https://www.press.bmwgroup.com/usa/article/detail/T0264616EN_US/bmw-connected-–-your-personal-mobility-companion-gets-an-important-update-plus-availability-for-alexa-and-android-devices-starting-in-october,,,skip,category 1
2014-11-18,BMW ConnectedDrive Brings Spotify into the Car,https://www.press.bmwgroup.com/usa/article/detail/T0196555EN_US/bmw-connecteddrive-brings-spotify-into-the-car,,,skip,category 1
2015-04-24,BMW ConnectedDrive and BMW i Remote app. World premiere: Apple Watch controls functions of BMW i models.,https://www.press.bmwgroup.com/usa/article/detail/T0214622EN_US/bmw-connecteddrive-and-bmw-i-remote-app-world-premiere:-apple-watch-controls-functions-of-bmw-i-models,,,skip,category 1
2015-06-03,BMW ConnectedDrive develops intelligent parking search solutions. The next step in Connected Navigation – on-street parking prediction.,https://www.press.bmwgroup.com/usa/article/detail/T0220575EN_US/bmw-connecteddrive-develops-intelligent-parking-search-solutions-the-next-step-in-connected-navigation-–-on-street-parking-prediction,,,skip,category 1
2013-06-05,BMW ConnectedDrive: Broaden of Access and Expansion of Services Globally Will Include Benefits for US Customers,https://www.press.bmwgroup.com/usa/article/detail/T0142592EN_US/bmw-connecteddrive:-broaden-of-access-and-expansion-of-services-globally-will-include-benefits-for-us-customers,,,skip,category 1
2018-06-13,BMW Customer Racing Drivers Show Success at Pirelli World Challenge Season Mid-Point.,https://www.press.bmwgroup.com/usa/article/detail/T0282088EN_US/bmw-customer-racing-drivers-show-success-at-pirelli-world-challenge-season-mid-point,,,skip,category 1
2022-05-23,BMW Customer Racing Teams Enjoy a Big Weekend in the Big Easy; Next Generation BMW M4 GT4 to Debut at VIR.,https://www.press.bmwgroup.com/usa/article/detail/T0393233EN_US/bmw-customer-racing-teams-enjoy-a-big-weekend-in-the-big-easy;-next-generation-bmw-m4-gt4-to-debut-at-vir,,,skip,category 1
2022-05-16,BMW Customer Racing Teams Headline IMSA Mid-Ohio Weekend With 1-2 BMW M4 GT3 Finish in GTD; Auberlen Scores Record 65th IMSA Victory.,https://www.press.bmwgroup.com/usa/article/detail/T0390173EN_US/bmw-customer-racing-teams-headline-imsa-mid-ohio-weekend-with-1-2-bmw-m4-gt3-finish-in-gtd;-auberlen-scores-record-65th-imsa-victory,,,skip,category 1
2023-03-13,BMW Customer Racing Teams Provide a Strong Undercard to 12 Hours of Sebring Weekend.,https://www.press.bmwgroup.com/usa/article/detail/T0410800EN_US/bmw-customer-racing-teams-provide-a-strong-undercard-to-12-hours-of-sebring-weekend,,,skip,category 1
2022-03-19,BMW Customer Racing Teams Qualify At The Sharp End of the Sebring GTD Field.,https://www.press.bmwgroup.com/usa/article/detail/T0375213EN_US/bmw-customer-racing-teams-qualify-at-the-sharp-end-of-the-sebring-gtd-field,,,skip,category 1
2022-06-21,BMW Customer Racing Teams Victorious at VIRginia International Raceway; New BMW M4 GT4 Debuted to Open Weekend.,https://www.press.bmwgroup.com/usa/article/detail/T0401233EN_US/bmw-customer-racing-teams-victorious-at-virginia-international-raceway;-new-bmw-m4-gt4-debuted-to-open-weekend,,,skip,category 1
2013-04-18,BMW Customers Now Get One-Year Subscription to SiriusXM’s All Access Package with New Vehicle Purchase,https://www.press.bmwgroup.com/usa/article/detail/T0140278EN_US/bmw-customers-now-get-one-year-subscription-to-siriusxm’s-all-access-package-with-new-vehicle-purchase,,,skip,category 1
2024-04-15,"BMW Dealers Support Team Red, White, & Blue as Veterans Move American Flag 1,600 Miles from Philadelphia to Chicago.",https://www.press.bmwgroup.com/usa/article/detail/T0441156EN_US/bmw-dealers-support-team-red-white-blue-as-veterans-move-american-flag-1-600-miles-from-philadelphia-to-chicago,,,skip,category 1
2014-08-27,BMW Debuts BMW Innovations Campaign Showcasing Key Technology Features.,https://www.press.bmwgroup.com/usa/article/detail/T0192434EN_US/bmw-debuts-bmw-innovations-campaign-showcasing-key-technology-features,,,skip,category 1
2015-01-26,"BMW Debuts New, All-Electric BMW i3 Commercial to Air During NBC’s Broadcast of Super Bowl XLIX Featuring Katie Couric and Bryant Gumbel.",https://www.press.bmwgroup.com/usa/article/detail/T0202242EN_US/bmw-debuts-new-all-electric-bmw-i3-commercial-to-air-during-nbc’s-broadcast-of-super-bowl-xlix-featuring-katie-couric-and-bryant-gumbel,,,skip,category 1
2014-05-02,BMW Delivers First All-Electric i3 in the U.S.,https://www.press.bmwgroup.com/usa/article/detail/T0178882EN_US/bmw-delivers-first-all-electric-i3-in-the-u-s,,,skip,category 2
2014-08-16,BMW Delivers First BMW i8 Sports Cars in the U.S. at Pebble Beach Concours d’Elegance.,https://www.press.bmwgroup.com/usa/article/detail/T0191910EN_US/bmw-delivers-first-bmw-i8-sports-cars-in-the-u-s-at-pebble-beach-concours-d’elegance,,,skip,category 1
2012-08-02,BMW Delivers Second Training Tool to the United States Olympic Committee,https://www.press.bmwgroup.com/usa/article/detail/T0128951EN_US/bmw-delivers-second-training-tool-to-the-united-states-olympic-committee,,,skip,category 1
2015-08-05,BMW Developing Racing Wheelchair for U.S. Paralympics Track and Field Athletes,https://www.press.bmwgroup.com/usa/article/detail/T0229022EN_US/bmw-developing-racing-wheelchair-for-u-s-paralympics-track-and-field-athletes,,,skip,category 1
2012-11-14,BMW Developing Two-Man Bobsled for USA Bobsled & Skeleton Federation,https://www.press.bmwgroup.com/usa/article/detail/T0134404EN_US/bmw-developing-two-man-bobsled-for-usa-bobsled-skeleton-federation,,,skip,category 1
2023-04-24,BMW Digital Key Plus Now Available on Compatible Android Devices.,https://www.press.bmwgroup.com/usa/article/detail/T0414019EN_US/bmw-digital-key-plus-now-available-on-compatible-android-devices,,,skip,category 1
2014-05-20,BMW Donates BMW i3 All-Electric Vehicle to Brad Pitt’s Make It Right Gala.,https://www.press.bmwgroup.com/usa/article/detail/T0180642EN_US/bmw-donates-bmw-i3-all-electric-vehicle-to-brad-pitt’s-make-it-right-gala,,,skip,category 1
2014-07-28,"BMW Drivers Back on the Podium at Indy; 2nd and 3rd in Grand Sport, 3rd in Street Tuner",https://www.press.bmwgroup.com/usa/article/detail/T0189884EN_US/bmw-drivers-back-on-the-podium-at-indy;-2nd-and-3rd-in-grand-sport-3rd-in-street-tuner,,,skip,category 1
2014-03-15,BMW Drivers Finish on the Podium in CTSCC race at Sebring; P2 in Grand Sport and P3 in Street Tuner Keeps BMW at the top of the Point Standings,https://www.press.bmwgroup.com/usa/article/detail/T0172146EN_US/bmw-drivers-finish-on-the-podium-in-ctscc-race-at-sebring;-p2-in-grand-sport-and-p3-in-street-tuner-keeps-bmw-at-the-top-of-the-point-standings,,,skip,category 1
2014-08-27,BMW Drivers Podium at Virginia International Raceway,https://www.press.bmwgroup.com/usa/article/detail/T0192438EN_US/bmw-drivers-podium-at-virginia-international-raceway,,,skip,category 1
2013-09-09,BMW Drivers Podium in Every Class at Laguna Seca; Lime Rock Park Season Finale to Decide Titles,https://www.press.bmwgroup.com/usa/article/detail/T0145574EN_US/bmw-drivers-podium-in-every-class-at-laguna-seca;-lime-rock-park-season-finale-to-decide-titles,,,skip,category 1
2013-08-19,"BMW Drivers Post Strong Finishes at Kansas Speedway;Pruett/Rojas Second in DP, Borcheller/LaMarra Take ST Point Lead",https://www.press.bmwgroup.com/usa/article/detail/T0144923EN_US/bmw-drivers-post-strong-finishes-at-kansas-speedway;pruett/rojas-second-in-dp-borcheller/lamarra-take-st-point-lead,,,skip,category 1
2013-06-17,"BMW Drivers Shine at the Diamond Cellar Classic with one win, three top-five’s and three top-10’s across four classes",https://www.press.bmwgroup.com/usa/article/detail/T0142938EN_US/bmw-drivers-shine-at-the-diamond-cellar-classic-with-one-win-three-top-five’s-and-three-top-10’s-across-four-classes,,,skip,category 1
2023-04-20,BMW Enlists Roster of Artists and Creators to Present the First-Ever BMW XM “Label Red” Sports Activity Vehicle at Coachella.,https://www.press.bmwgroup.com/usa/article/detail/T0413860EN_US/bmw-enlists-roster-of-artists-and-creators-to-present-the-first-ever-bmw-xm-“label-red”-sports-activity-vehicle-at-coachella,,,skip,category 1
2020-04-16,"BMW Expands Esports Platform, Announces Global Partnerships which Include Content Creation, Education, Information Sharing and Technology Initiatives.",https://www.press.bmwgroup.com/usa/article/detail/T0307618EN_US/bmw-expands-esports-platform-announces-global-partnerships-which-include-content-creation-education-information-sharing-and-technology-initiatives,,,skip,category 1
2013-01-23,BMW Expands Partnership with Fairmont Hotels & Resorts,https://www.press.bmwgroup.com/usa/article/detail/T0136446EN_US/bmw-expands-partnership-with-fairmont-hotels-resorts,,,skip,category 1
2026-04-07,BMW F 450 GS - Additional Media Assets.,https://www.press.bmwgroup.com/usa/article/detail/T0456944EN_US/bmw-f-450-gs-additional-media-assets,,,skip,category 1
2016-06-14,BMW F 700 GS Demo Rides Available For Sisters’ Centennial Motorcycle Ride Participants,https://www.press.bmwgroup.com/usa/article/detail/T0261121EN_US/bmw-f-700-gs-demo-rides-available-for-sisters’-centennial-motorcycle-ride-participants,,,skip,category 1
2013-08-07,"BMW FINANCIAL SERVICES RANKS HIGHEST IN DEALER SATISFACTION FOR RETAIL LEASING BY J.D. POWER, MARKING TENTH CONSECUTIVE YEAR OF RECOGNITION",https://www.press.bmwgroup.com/usa/article/detail/T0144626EN_US/bmw-financial-services-ranks-highest-in-dealer-satisfaction-for-retail-leasing-by-j-d-power-marking-tenth-consecutive-year-of-recognition,,,skip,category 1
2018-08-01,"BMW Financial Services Announces New Membership Tier, Program and  Pricing Updates for “Access by BMW” Vehicle Subscription Service",https://www.press.bmwgroup.com/usa/article/detail/T0283680EN_US/bmw-financial-services-announces-new-membership-tier-program-and-pricing-updates-for-“access-by-bmw”-vehicle-subscription-service,,,skip,category 1
2018-04-04,BMW Financial Services Launches Vehicle Subscription Service in the U.S.,https://www.press.bmwgroup.com/usa/article/detail/T0279811EN_US/bmw-financial-services-launches-vehicle-subscription-service-in-the-u-s,,,skip,category 1
2021-05-21,BMW Financial Services North America Announces CEO Appointment and Senior Management Changes.,https://www.press.bmwgroup.com/usa/article/detail/T0333258EN_US/bmw-financial-services-north-america-announces-ceo-appointment-and-senior-management-changes,,,skip,category 1
2022-04-01,BMW Financial Services North America Appoints New CEO.,https://www.press.bmwgroup.com/usa/article/detail/T0377853EN_US/bmw-financial-services-north-america-appoints-new-ceo,,,skip,category 1
2026-05-11,BMW Financial Services North America Recognized by JD Power for Highest Customer Satisfaction Among Premium Automotive Financing Providers.,https://www.press.bmwgroup.com/usa/article/detail/T0457748EN_US/bmw-financial-services-north-america-recognized-by-jd-power-for-highest-customer-satisfaction-among-premium-automotive-financing-providers,,,skip,category 1
2012-09-27,BMW Financial Services Partners with Manheim on the Brand’s First-Ever Simulcast Everywhere Sale,https://www.press.bmwgroup.com/usa/article/detail/T0132646EN_US/bmw-financial-services-partners-with-manheim-on-the-brand’s-first-ever-simulcast-everywhere-sale,,,skip,category 1
2012-07-31,"BMW Financial Services Ranks Highest In Dealer Satisfaction For Prime Retail Credit and Retail Leasing by J.D. Power and Associates, Marking Ninth Consecutive Year of Recognition",https://www.press.bmwgroup.com/usa/article/detail/T0128895EN_US/bmw-financial-services-ranks-highest-in-dealer-satisfaction-for-prime-retail-credit-and-retail-leasing-by-j-d-power-and-associates-marking-ninth-consecutive-year-of-recognition,,,skip,category 1
2016-08-08,BMW Financial Services Surprises Customer With Trip of a Lifetime,https://www.press.bmwgroup.com/usa/article/detail/T0262800EN_US/bmw-financial-services-surprises-customer-with-trip-of-a-lifetime,,,skip,category 1
2015-12-11,BMW Financial Services teams up with Spartanburg Regional Healthcare System’s Healing Arts Program to Brighten the Newly Renovated Pediatric Unit,https://www.press.bmwgroup.com/usa/article/detail/T0247131EN_US/bmw-financial-services-teams-up-with-spartanburg-regional-healthcare-system’s-healing-arts-program-to-brighten-the-newly-renovated-pediatric-unit,,,skip,category 1
2019-07-22,"BMW Financial Services, NA Enters into Co-Brand Agreement with U.S. Bank to Issue New Credit Cards with an Enhanced Digital Experience and Greater Value for Customers.",https://www.press.bmwgroup.com/usa/article/detail/T0298956EN_US/bmw-financial-services-na-enters-into-co-brand-agreement-with-u-s-bank-to-issue-new-credit-cards-with-an-enhanced-digital-experience-and-greater-value-for-customers,,,skip,category 1
2014-05-14,"BMW GINA Light Visionary Model to be part of “Dream Cars” Exhibition at High Museum of Art, Atlanta.",https://www.press.bmwgroup.com/usa/article/detail/T0180075EN_US/bmw-gina-light-visionary-model-to-be-part-of-“dream-cars”-exhibition-at-high-museum-of-art-atlanta,,,skip,category 1
2013-05-08,BMW GROUP FINANCIAL SERVICES ANNOUNCES EXECUTIVE CHANGES IN THE U.S.,https://www.press.bmwgroup.com/usa/article/detail/T0141561EN_US/bmw-group-financial-services-announces-executive-changes-in-the-u-s,,,skip,category 1
2014-08-07,"BMW GROUP FINANCIAL SERVICES HAS BEEN RECOGNIZED BY J.D. POWER, RANKING HIGHEST IN RETAIL LEASING FOR THE THIRD CONSECUTIVE YEAR",https://www.press.bmwgroup.com/usa/article/detail/T0191142EN_US/bmw-group-financial-services-has-been-recognized-by-j-d-power-ranking-highest-in-retail-leasing-for-the-third-consecutive-year,,,skip,category 1
2014-02-25,"BMW GROUP FINANCIAL SERVICES OFFERS ‘OWNERSCHOICE WITH FLEX’ FINANCING PRODUCT WITH PURCHASE OF NEW i3 -- PROVIDES END-OF-TERM OPTIONS SIMILAR TO LEASING, YET BENEFITS OF OWNERSHIP",https://www.press.bmwgroup.com/usa/article/detail/T0169207EN_US/bmw-group-financial-services-offers-ownerschoice-with-flex’-financing-product-with-purchase-of-new-i3-provides-end-of-term-options-similar-to-leasing-yet-benefits-of-ownership,,,skip,category 1
2016-06-13,BMW GROUP FINANCIAL SERVICES PARTNERS WITH COX AUTOMOTIVE TO DRIVE REMARKETNG EXCELLENCE,https://www.press.bmwgroup.com/usa/article/detail/T0261077EN_US/bmw-group-financial-services-partners-with-cox-automotive-to-drive-remarketng-excellence,,,skip,category 1
2013-12-10,BMW GROUP FINANCIAL SERVICES RECOGNIZED FOR THE 2ND YEAR IN A ROW AS ONE OF THE BEST PLACES TO WORK IN CENTRAL OHIO,https://www.press.bmwgroup.com/usa/article/detail/T0160445EN_US/bmw-group-financial-services-recognized-for-the-2nd-year-in-a-row-as-one-of-the-best-places-to-work-in-central-ohio,,,skip,category 1
2013-09-13,BMW GROUP FINANCIAL SERVICES iPad MARKETING TOOL ENHANCES CUSTOMER F&I EXPERIENCE.,https://www.press.bmwgroup.com/usa/article/detail/T0145742EN_US/bmw-group-financial-services-ipad-marketing-tool-enhances-customer-f-i-experience,,,skip,category 1
2013-10-08,BMW GROUP FINANCIALSERVICES TAKES CUSTOMER LOYALTY ‘BEYOND THE DRIVE™’,https://www.press.bmwgroup.com/usa/article/detail/T0149566EN_US/bmw-group-financialservices-takes-customer-loyalty-beyond-the-drive™’,,,skip,category 1
2014-01-27,"BMW GROUP OPENS NEW REGIONAL PARTS DISTRIBUTION CENTER IN LANCASTER, TEXAS.",https://www.press.bmwgroup.com/usa/article/detail/T0164951EN_US/bmw-group-opens-new-regional-parts-distribution-center-in-lancaster-texas,,,skip,category 1
2021-09-24,BMW Gives Iconic Ryder Cup Trophy “The Ultimate Journey” to the Opening Ceremony at Whistling Straits.,https://www.press.bmwgroup.com/usa/article/detail/T0345152EN_US/bmw-gives-iconic-ryder-cup-trophy-“the-ultimate-journey”-to-the-opening-ceremony-at-whistling-straits,,,skip,category 1
2013-01-03,BMW Group Achieves Best Sales Year Ever in the U.S.,https://www.press.bmwgroup.com/usa/article/detail/T0135755EN_US/bmw-group-achieves-best-sales-year-ever-in-the-u-s,,,skip,category 1
2022-10-19,BMW Group Announces $1.7 Billion (USD) Investment to Build Electric Vehicles in the U.S. and Signs Agreement with Envision AESC for the Supply of Battery Cells to Plant Spartanburg.,https://www.press.bmwgroup.com/usa/article/detail/T0404841EN_US/bmw-group-announces-1-7-billion-usd-investment-to-build-electric-vehicles-in-the-u-s-and-signs-agreement-with-envision-aesc-for-the-supply-of-battery-cells-to-plant-spartanburg,,,skip,category 1
2014-05-13,BMW Group Announces Changes in Management Team,https://www.press.bmwgroup.com/usa/article/detail/T0179964EN_US/bmw-group-announces-changes-in-management-team,,,skip,category 1
2013-02-22,BMW Group Announces Changes in Management Team,https://www.press.bmwgroup.com/usa/article/detail/T0137208EN_US/bmw-group-announces-changes-in-management-team,,,skip,category 1
2018-06-06,BMW Group Announces Cooperation with Los Angeles Cleantech Incubator.,https://www.press.bmwgroup.com/usa/article/detail/T0281760EN_US/bmw-group-announces-cooperation-with-los-angeles-cleantech-incubator,,,skip,category 1
2012-08-20,"BMW Group Announces Launch of ParkNow Mobile Parking Service and Details DriveNow Car-Sharing Service, Featuring 70 All-Electric BMW ActiveE Vehicles, in San Francisco",https://www.press.bmwgroup.com/usa/article/detail/T0130525EN_US/bmw-group-announces-launch-of-parknow-mobile-parking-service-and-details-drivenow-car-sharing-service-featuring-70-all-electric-bmw-activee-vehicles-in-san-francisco,,,skip,category 1
2026-02-23,BMW Group Announces New Executive Appointment for MINI in Americas Region.,https://www.press.bmwgroup.com/usa/article/detail/T0455755EN_US/bmw-group-announces-new-executive-appointment-for-mini-in-americas-region,,,skip,category 1
2015-07-27,BMW Group Announces the First Integration of EnLighten App,https://www.press.bmwgroup.com/usa/article/detail/T0227922EN_US/bmw-group-announces-the-first-integration-of-enlighten-app,,,skip,category 1
2025-07-30,BMW Group Appoints Stefan Gerhaeusser as Head of BMW Group Technology Office USA.,https://www.press.bmwgroup.com/usa/article/detail/T0451613EN_US/bmw-group-appoints-stefan-gerhaeusser-as-head-of-bmw-group-technology-office-usa,,,skip,category 1
2023-10-10,BMW Group Begins Building Construction at Plant Woodruff.,https://www.press.bmwgroup.com/usa/article/detail/T0437625EN_US/bmw-group-begins-building-construction-at-plant-woodruff,,,skip,category 1
2023-06-27,BMW Group Breaks Ground on New High-Voltage Battery Assembly Factory in South Carolina.,https://www.press.bmwgroup.com/usa/article/detail/T0422171EN_US/bmw-group-breaks-ground-on-new-high-voltage-battery-assembly-factory-in-south-carolina,,,skip,category 1
2015-04-21,"BMW Group Breaks Ground on New Port Facility in Galveston, TX.",https://www.press.bmwgroup.com/usa/article/detail/T0213985EN_US/bmw-group-breaks-ground-on-new-port-facility-in-galveston-tx,,,skip,category 1
2025-11-11,BMW Group Celebrates 50 Years of American Ingenuity at Designworks.,https://www.press.bmwgroup.com/usa/article/detail/T0453919EN_US/bmw-group-celebrates-50-years-of-american-ingenuity-at-designworks,,,skip,category 1
2021-04-21,BMW Group Celebrates Earth Day by Delivering More Clean Energy to California.,https://www.press.bmwgroup.com/usa/article/detail/T0330349EN_US/bmw-group-celebrates-earth-day-by-delivering-more-clean-energy-to-california,,,skip,category 1
2015-05-12,BMW Group Classic Celebrates 75th Anniversary of Mille Miglia Victory,https://www.press.bmwgroup.com/usa/article/detail/T0217543EN_US/bmw-group-classic-celebrates-75th-anniversary-of-mille-miglia-victory,,,skip,category 1
2014-02-26,BMW Group Classic: New location with historic roots.+++BMW AG acquires plot and buildings from Knorr-Bremse AG in the Milbertshofen district of Munich – Original BMW production site returns to company ownership.,https://www.press.bmwgroup.com/usa/article/detail/T0169508EN_US/bmw-group-classic:-new-location-with-historic-roots-bmw-ag-acquires-plot-and-buildings-from-knorr-bremse-ag-in-the-milbertshofen-district-of-munich-–-original-bmw-production-site-returns-to-company-ownership,,,skip,category 1
2012-11-02,BMW Group Contributes $1 million for Hurricane Relief,https://www.press.bmwgroup.com/usa/article/detail/T0134085EN_US/bmw-group-contributes-1-million-for-hurricane-relief,,,skip,category 1
2013-05-15,BMW Group Designworks USA and ADAIA embark on a Joint Adventure.,https://www.press.bmwgroup.com/usa/article/detail/T0141879EN_US/bmw-group-designworks-usa-and-adaia-embark-on-a-joint-adventure,,,skip,category 1
2013-03-20,BMW Group DesignworksUSA Designs Solutions for Hello Products,https://www.press.bmwgroup.com/usa/article/detail/T0138358EN_US/bmw-group-designworksusa-designs-solutions-for-hello-products,,,skip,category 1
2014-08-21,BMW Group DesignworksUSA and Hello Products Win Internationally Acclaimed Red Dot Design Award.,https://www.press.bmwgroup.com/usa/article/detail/T0192206EN_US/bmw-group-designworksusa-and-hello-products-win-internationally-acclaimed-red-dot-design-award,,,skip,category 1
2015-04-08,BMW Group DesignworksUSA announces corporate name change to Designworks.,https://www.press.bmwgroup.com/usa/article/detail/T0211784EN_US/bmw-group-designworksusa-announces-corporate-name-change-to-designworks,,,skip,category 1
2012-08-17,"BMW Group DesignworksUSA creates a unique experience for passengers traveling in First Class. Singapore Airlines chooses the BMW Group subsidiary for an exclusive project / “A quieter, more spacious and exclusive atmosphere”.",https://www.press.bmwgroup.com/usa/article/detail/T0130337EN_US/bmw-group-designworksusa-creates-a-unique-experience-for-passengers-traveling-in-first-class-singapore-airlines-chooses-the-bmw-group-subsidiary-for-an-exclusive-project-/-“a-quieter-more-spacious-and-exclusive-atmosphere”,,,skip,category 1
2014-07-15,BMW Group DesignworksUSA designs Mercury FourStroke engine.,https://www.press.bmwgroup.com/usa/article/detail/T0184182EN_US/bmw-group-designworksusa-designs-mercury-fourstroke-engine,,,skip,category 1
2014-01-16,BMW Group DesignworksUSA wins eight GOOD DESIGN™ Awards.,https://www.press.bmwgroup.com/usa/article/detail/T0164404EN_US/bmw-group-designworksusa-wins-eight-good-design™-awards,,,skip,category 1
2014-03-28,BMW Group Expands its Commitment in the USA,https://www.press.bmwgroup.com/usa/article/detail/T0174607EN_US/bmw-group-expands-its-commitment-in-the-usa,,,skip,category 1
2018-09-07,BMW Group Financial Services Announces Six Startups Selected to Join First U.S. Collaboration Lab.,https://www.press.bmwgroup.com/usa/article/detail/T0284774EN_US/bmw-group-financial-services-announces-six-startups-selected-to-join-first-u-s-collaboration-lab,,,skip,category 1
2018-05-08,BMW Group Financial Services Launches First U.S. Collaboration Lab for Technology Entrepreneurs.,https://www.press.bmwgroup.com/usa/article/detail/T0280896EN_US/bmw-group-financial-services-launches-first-u-s-collaboration-lab-for-technology-entrepreneurs,,,skip,category 1
2024-10-25,BMW Group Financial Services North America Announces Executive Changes.,https://www.press.bmwgroup.com/usa/article/detail/T0445956EN_US/bmw-group-financial-services-north-america-announces-executive-changes,,,skip,category 1
2025-05-27,BMW Group Financial Services North America Announces Executive Leadership Change.,https://www.press.bmwgroup.com/usa/article/detail/T0450439EN_US/bmw-group-financial-services-north-america-announces-executive-leadership-change,,,skip,category 1
2025-06-06,BMW Group Financial Services North America Appoints New President & CEO.,https://www.press.bmwgroup.com/usa/article/detail/T0450628EN_US/bmw-group-financial-services-north-america-appoints-new-president-ceo,,,skip,category 1
2012-11-14,BMW Group Financial Services Offers Assistance To Customers and Dealers Impacted by Hurricane Sandy,https://www.press.bmwgroup.com/usa/article/detail/T0134419EN_US/bmw-group-financial-services-offers-assistance-to-customers-and-dealers-impacted-by-hurricane-sandy,,,skip,category 1
2012-11-09,BMW Group Financial Services Regional Service Center Chosen as One of the Top Five Places to Work in Central Ohio,https://www.press.bmwgroup.com/usa/article/detail/T0134296EN_US/bmw-group-financial-services-regional-service-center-chosen-as-one-of-the-top-five-places-to-work-in-central-ohio,,,skip,category 1
2012-10-12,BMW Group Financial Services Releases “The Ultimate Drive” Facebook App for Driving Enthusiasts to Discover and Share The Best Roads.,https://www.press.bmwgroup.com/usa/article/detail/T0133261EN_US/bmw-group-financial-services-releases-“the-ultimate-drive”-facebook-app-for-driving-enthusiasts-to-discover-and-share-the-best-roads,,,skip,category 1
2013-05-30,"BMW Group Financial Services Retail and Lease Portfolio Exceeds 1,000,000 Retail Units For the First Time In Its 20 Year History.",https://www.press.bmwgroup.com/usa/article/detail/T0142374EN_US/bmw-group-financial-services-retail-and-lease-portfolio-exceeds-1-000-000-retail-units-for-the-first-time-in-its-20-year-history,,,skip,category 1
2017-02-03,BMW Group Financial Services Welcomes New Region Americas CEO,https://www.press.bmwgroup.com/usa/article/detail/T0267735EN_US/bmw-group-financial-services-welcomes-new-region-americas-ceo,,,skip,category 1
2012-11-08,BMW Group Financial Services expanded BMW Credit Card program offers enhanced benefits,https://www.press.bmwgroup.com/usa/article/detail/T0134233EN_US/bmw-group-financial-services-expanded-bmw-credit-card-program-offers-enhanced-benefits,,,skip,category 1
2017-02-10,BMW Group Global sales achieve best-ever start to the year,https://www.press.bmwgroup.com/usa/article/detail/T0267882EN_US/bmw-group-global-sales-achieve-best-ever-start-to-the-year,,,skip,category 1
2015-12-01,BMW Group Joins President Obama’s American Business Act on Climate Pledge.,https://www.press.bmwgroup.com/usa/article/detail/T0245302EN_US/bmw-group-joins-president-obama’s-american-business-act-on-climate-pledge,,,skip,category 1
2012-10-17,BMW Group Joins USC Center for Body Computing,https://www.press.bmwgroup.com/usa/article/detail/T0133650EN_US/bmw-group-joins-usc-center-for-body-computing,,,skip,category 1
2016-04-08,BMW Group Launches Car Sharing Service “ReachNow” in Seattle.,https://www.press.bmwgroup.com/usa/article/detail/T0258931EN_US/bmw-group-launches-car-sharing-service-“reachnow”-in-seattle,,,skip,category 1
2015-01-23,"BMW Group Opens New Regional Parts Distribution Center in Redlands, California",https://www.press.bmwgroup.com/usa/article/detail/T0201906EN_US/bmw-group-opens-new-regional-parts-distribution-center-in-redlands-california,,,skip,category 1
2016-04-20,"BMW Group Opens New Vehicle Distribution Center in Galveston, TX.",https://www.press.bmwgroup.com/usa/article/detail/T0259360EN_US/bmw-group-opens-new-vehicle-distribution-center-in-galveston-tx,,,skip,category 1
2018-05-08,BMW Group Presents: 200 Women Who Will Change the Way You See the World.,https://www.press.bmwgroup.com/usa/article/detail/T0280887EN_US/bmw-group-presents:-200-women-who-will-change-the-way-you-see-the-world,,,skip,category 1
2017-06-02,BMW Group Statement on U.S. Withdrawal from the Paris Climate Agreement,https://www.press.bmwgroup.com/usa/article/detail/T0271521EN_US/bmw-group-statement-on-u-s-withdrawal-from-the-paris-climate-agreement,,,skip,category 1
2021-05-03,BMW Group Strengthens Leadership Position in Battery Technology with Investment in Solid-State Innovator Solid Power,https://www.press.bmwgroup.com/usa/article/detail/T0331497EN_US/bmw-group-strengthens-leadership-position-in-battery-technology-with-investment-in-solid-state-innovator-solid-power,,,skip,category 1
2016-03-07,BMW Group THE NEXT 100 YEARS,https://www.press.bmwgroup.com/usa/article/detail/T0257885EN_US/bmw-group-the-next-100-years,,,skip,category 2
2016-10-11,BMW Group THE NEXT 100 YEARS.,https://www.press.bmwgroup.com/usa/article/detail/T0264797EN_US/bmw-group-the-next-100-years,,,skip,category 2
2023-12-08,BMW Group Technology Office USA Celebrates 25 Years in Silicon Valley with the North American Debut of the BMW Vision Neue Klasse Concept.,https://www.press.bmwgroup.com/usa/article/detail/T0438701EN_US/bmw-group-technology-office-usa-celebrates-25-years-in-silicon-valley-with-the-north-american-debut-of-the-bmw-vision-neue-klasse-concept,,,skip,category 1
2014-06-12,BMW Group Technology Office and GoPro Create First Automotive Sports Camera Integration,https://www.press.bmwgroup.com/usa/article/detail/T0183824EN_US/bmw-group-technology-office-and-gopro-create-first-automotive-sports-camera-integration,,,skip,category 1
2017-11-01,BMW Group U.S. Sales Reporting Delay,https://www.press.bmwgroup.com/usa/article/detail/T0275723EN_US/bmw-group-u-s-sales-reporting-delay,,,skip,category 1
2014-01-29,"BMW Group Welcomes Team USA to Munich, Bids Athletes “Good Luck” in Sochi",https://www.press.bmwgroup.com/usa/article/detail/T0165166EN_US/bmw-group-welcomes-team-usa-to-munich-bids-athletes-“good-luck”-in-sochi,,,skip,category 1
2015-03-31,BMW Group Welcomes iHeartRadio into BMW and MINI Vehicles.,https://www.press.bmwgroup.com/usa/article/detail/T0210945EN_US/bmw-group-welcomes-iheartradio-into-bmw-and-mini-vehicles,,,skip,category 1
2021-09-02,BMW Group accelerates CO2 reduction and focuses consistently on a circular economy with the Neue Klasse,https://www.press.bmwgroup.com/usa/article/detail/T0341639EN_US/bmw-group-accelerates-co2-reduction-and-focuses-consistently-on-a-circular-economy-with-the-neue-klasse,,,skip,category 1
2014-11-04,BMW Group achieves a strong third quarter,https://www.press.bmwgroup.com/usa/article/detail/T0195794EN_US/bmw-group-achieves-a-strong-third-quarter,,,skip,category 1
2016-09-13,BMW Group achieves best-ever August global sales,https://www.press.bmwgroup.com/usa/article/detail/T0263667EN_US/bmw-group-achieves-best-ever-august-global-sales,,,skip,category 1
2016-03-11,BMW Group achieves best-ever February global sales,https://www.press.bmwgroup.com/usa/article/detail/T0258213EN_US/bmw-group-achieves-best-ever-february-global-sales,,,skip,category 1
2023-05-04,BMW Group achieves healthy margins in volatile environment thanks to high demand,https://www.press.bmwgroup.com/usa/article/detail/T0415401EN_US/bmw-group-achieves-healthy-margins-in-volatile-environment-thanks-to-high-demand,,,skip,category 1
2015-11-03,BMW Group achieves new highs for revenues and profit,https://www.press.bmwgroup.com/usa/article/detail/T0241543EN_US/bmw-group-achieves-new-highs-for-revenues-and-profit,,,skip,category 1
2016-01-11,BMW Group achieves record global sales for the fifth consecutive year,https://www.press.bmwgroup.com/usa/article/detail/T0249806EN_US/bmw-group-achieves-record-global-sales-for-the-fifth-consecutive-year,,,skip,category 1
2017-01-09,BMW Group achieves sixth consecutive all-time global sales high and remains world’s leading premium car company,https://www.press.bmwgroup.com/usa/article/detail/T0267097EN_US/bmw-group-achieves-sixth-consecutive-all-time-global-sales-high-and-remains-world’s-leading-premium-car-company,,,skip,category 1
2013-08-01,BMW Group achieves strong second quarter,https://www.press.bmwgroup.com/usa/article/detail/T0144408EN_US/bmw-group-achieves-strong-second-quarter,,,skip,category 1
2023-03-09,BMW Group and AirConsole host joint Developer Competition for In-Car Games.,https://www.press.bmwgroup.com/usa/article/detail/T0410669EN_US/bmw-group-and-airconsole-host-joint-developer-competition-for-in-car-games,,,skip,category 1
2012-12-12,BMW Group and Boeing to collaborate on carbon fiber recycling,https://www.press.bmwgroup.com/usa/article/detail/T0135222EN_US/bmw-group-and-boeing-to-collaborate-on-carbon-fiber-recycling,,,skip,category 1
2018-03-28,BMW Group and Daimler AG agree to combine mobility services,https://www.press.bmwgroup.com/usa/article/detail/T0279676EN_US/bmw-group-and-daimler-ag-agree-to-combine-mobility-services,,,skip,category 1
2019-02-22,BMW Group and Daimler AG invest more than €1 billion in joint mobility services provider,https://www.press.bmwgroup.com/usa/article/detail/T0292223EN_US/bmw-group-and-daimler-ag-invest-more-than-€1-billion-in-joint-mobility-services-provider,,,skip,category 1
2018-12-19,BMW Group and Daimler AG plan next steps for joint mobility company. Competition authorities approve merger of mobility services.,https://www.press.bmwgroup.com/usa/article/detail/T0288905EN_US/bmw-group-and-daimler-ag-plan-next-steps-for-joint-mobility-company-competition-authorities-approve-merger-of-mobility-services,,,skip,category 1
2018-09-20,BMW Group and Daimler AG plan to headquarter joint mobility company in Berlin,https://www.press.bmwgroup.com/usa/article/detail/T0285223EN_US/bmw-group-and-daimler-ag-plan-to-headquarter-joint-mobility-company-in-berlin,,,skip,category 1
2019-02-28,BMW Group and Daimler AG to jointly develop next-generation technologies for automated driving,https://www.press.bmwgroup.com/usa/article/detail/T0292571EN_US/bmw-group-and-daimler-ag-to-jointly-develop-next-generation-technologies-for-automated-driving,,,skip,category 1
2023-05-17,BMW Group and Meta’s Reality Labs present joint research for interlinking extended reality devices with the digital vehicle ecosystem.,https://www.press.bmwgroup.com/usa/article/detail/T0417580EN_US/bmw-group-and-meta’s-reality-labs-present-joint-research-for-interlinking-extended-reality-devices-with-the-digital-vehicle-ecosystem,,,skip,category 1
2021-03-22,BMW Group and PG&E Plug-In to Leverage Renewable Energy and Sustainably Power Electric Vehicles.,https://www.press.bmwgroup.com/usa/article/detail/T0328209EN_US/bmw-group-and-pg-e-plug-in-to-leverage-renewable-energy-and-sustainably-power-electric-vehicles,,,skip,category 1
2026-04-07,BMW Group and Rimac Technology cooperate on innovative high-voltage battery for the BMW i7,https://www.press.bmwgroup.com/usa/article/detail/T0456945EN_US/bmw-group-and-rimac-technology-cooperate-on-innovative-high-voltage-battery-for-the-bmw-i7,,,skip,category 1
2014-05-09,BMW Group and SGL Group to triple production capacities at Moses Lake carbon fiber plant,https://www.press.bmwgroup.com/usa/article/detail/T0179619EN_US/bmw-group-and-sgl-group-to-triple-production-capacities-at-moses-lake-carbon-fiber-plant,,,skip,category 1
2014-07-15,BMW Group and Samsung SDI expand partnership,https://www.press.bmwgroup.com/usa/article/detail/T0187789EN_US/bmw-group-and-samsung-sdi-expand-partnership,,,skip,category 1
2023-01-20,BMW Group and Solid Power Deepen Joint Development Partnership.,https://www.press.bmwgroup.com/usa/article/detail/T0407724EN_US/bmw-group-and-solid-power-deepen-joint-development-partnership,,,skip,category 1
2025-05-20,BMW Group and Solid Power are testing all-solid-state battery cells in a BMW i7.,https://www.press.bmwgroup.com/usa/article/detail/T0450262EN_US/bmw-group-and-solid-power-are-testing-all-solid-state-battery-cells-in-a-bmw-i7,,,skip,category 1
2025-10-31,BMW Group and Solid Power take next step in ASSB development path: new partner Samsung SDI joins the effort,https://www.press.bmwgroup.com/usa/article/detail/T0453702EN_US/bmw-group-and-solid-power-take-next-step-in-assb-development-path:-new-partner-samsung-sdi-joins-the-effort,,,skip,category 1
2013-01-24,BMW Group and Toyota Motor Corporation Deepen Collaboration by Signing Binding Agreements,https://www.press.bmwgroup.com/usa/article/detail/T0136539EN_US/bmw-group-and-toyota-motor-corporation-deepen-collaboration-by-signing-binding-agreements,,,skip,category 1
2012-06-29,BMW Group and Toyota Motor Corporation agree to further strengthen collaboration,https://www.press.bmwgroup.com/usa/article/detail/T0128078EN_US/bmw-group-and-toyota-motor-corporation-agree-to-further-strengthen-collaboration,,,skip,category 1
2013-02-14,BMW Group and h&z establish The Retail Performance Company joint venture,https://www.press.bmwgroup.com/usa/article/detail/T0137166EN_US/bmw-group-and-h-z-establish-the-retail-performance-company-joint-venture,,,skip,category 1
2016-12-08,BMW Group and the Albanese Organization Launch ReachNow at the Solaire,https://www.press.bmwgroup.com/usa/article/detail/T0266519EN_US/bmw-group-and-the-albanese-organization-launch-reachnow-at-the-solaire,,,skip,category 1
2021-08-03,BMW Group boosts profitability and earnings in second quarter despite semiconductor shortage,https://www.press.bmwgroup.com/usa/article/detail/T0338981EN_US/bmw-group-boosts-profitability-and-earnings-in-second-quarter-despite-semiconductor-shortage,,,skip,category 1
2021-08-03,BMW Group boosts profitability and earnings in second quarter despite semiconductor shortage,https://www.press.bmwgroup.com/usa/article/detail/T0338976EN_US/bmw-group-boosts-profitability-and-earnings-in-second-quarter-despite-semiconductor-shortage,,,skip,category 1
2014-07-08,BMW Group breaks 1 million mark in first six months of year,https://www.press.bmwgroup.com/usa/article/detail/T0186902EN_US/bmw-group-breaks-1-million-mark-in-first-six-months-of-year,,,skip,category 1
2016-06-16,BMW Group celebrates ground-breaking for new plant in Mexico,https://www.press.bmwgroup.com/usa/article/detail/T0261117EN_US/bmw-group-celebrates-ground-breaking-for-new-plant-in-mexico,,,skip,category 1
2018-11-07,BMW Group clearly focused on mobility of the future,https://www.press.bmwgroup.com/usa/article/detail/T0286746EN_US/bmw-group-clearly-focused-on-mobility-of-the-future,,,skip,category 1
2016-11-04,BMW Group combines successful core business with future-focussed strategic decisions,https://www.press.bmwgroup.com/usa/article/detail/T0265648EN_US/bmw-group-combines-successful-core-business-with-future-focussed-strategic-decisions,,,skip,category 1
2024-11-06,BMW Group confirms adjusted full year guidance,https://www.press.bmwgroup.com/usa/article/detail/T0446219EN_US/bmw-group-confirms-adjusted-full-year-guidance,,,skip,category 1
2016-08-02,BMW Group continues its course of profitable growth,https://www.press.bmwgroup.com/usa/article/detail/T0262669EN_US/bmw-group-continues-its-course-of-profitable-growth,,,skip,category 1
2024-03-14,BMW Group continues on profitable growth course,https://www.press.bmwgroup.com/usa/article/detail/T0440335EN_US/bmw-group-continues-on-profitable-growth-course,,,skip,category 1
2024-08-01,BMW Group continues profitability course in a volatile environment,https://www.press.bmwgroup.com/usa/article/detail/T0444202EN_US/bmw-group-continues-profitability-course-in-a-volatile-environment,,,skip,category 1
2016-03-16,BMW Group driving the transformation of individual mobility with its Strategy NUMBER ONE > Next,https://www.press.bmwgroup.com/usa/article/detail/T0258317EN_US/bmw-group-driving-the-transformation-of-individual-mobility-with-its-strategy-number-one-next,,,skip,category 1
2017-10-13,"BMW Group electrified global sales top 10,000 in September",https://www.press.bmwgroup.com/usa/article/detail/T0275082EN_US/bmw-group-electrified-global-sales-top-10-000-in-september,,,skip,category 1
2012-05-24,BMW Group expands activities in China,https://www.press.bmwgroup.com/usa/article/detail/T0127116EN_US/bmw-group-expands-activities-in-china,,,skip,category 1
2014-03-13,BMW Group expands its Commitment in the USA,https://www.press.bmwgroup.com/usa/article/detail/T0171946EN_US/bmw-group-expands-its-commitment-in-the-usa,,,skip,category 1
2015-08-04,BMW Group firmly on track,https://www.press.bmwgroup.com/usa/article/detail/T0228983EN_US/bmw-group-firmly-on-track,,,skip,category 1
2018-02-13,BMW Group global achieves best-ever January,https://www.press.bmwgroup.com/usa/article/detail/T0278535EN_US/bmw-group-global-achieves-best-ever-january,,,skip,category 1
2015-04-14,BMW Group global achieves best-ever March sales,https://www.press.bmwgroup.com/usa/article/detail/T0212585EN_US/bmw-group-global-achieves-best-ever-march-sales,,,skip,category 1
2015-10-12,BMW Group global achieves record September sales,https://www.press.bmwgroup.com/usa/article/detail/T0238486EN_US/bmw-group-global-achieves-record-september-sales,,,skip,category 1
2015-08-12,BMW Group global deliveries higher than ever in July,https://www.press.bmwgroup.com/usa/article/detail/T0230004EN_US/bmw-group-global-deliveries-higher-than-ever-in-july,,,skip,category 1
2016-05-03,BMW Group global makes positive start to the year,https://www.press.bmwgroup.com/usa/article/detail/T0259733EN_US/bmw-group-global-makes-positive-start-to-the-year,,,skip,category 1
2017-07-12,BMW Group global sales achieve best-ever June and first half-year,https://www.press.bmwgroup.com/usa/article/detail/T0272656EN_US/bmw-group-global-sales-achieve-best-ever-june-and-first-half-year,,,skip,category 1
2016-07-12,BMW Group global sales achieve best-ever June result,https://www.press.bmwgroup.com/usa/article/detail/T0261905EN_US/bmw-group-global-sales-achieve-best-ever-june-result,,,skip,category 1
2015-12-10,BMW Group global sales achieve new high in November,https://www.press.bmwgroup.com/usa/article/detail/T0246884EN_US/bmw-group-global-sales-achieve-new-high-in-november,,,skip,category 1
2015-03-10,BMW Group global sales achieve new record in February,https://www.press.bmwgroup.com/usa/article/detail/T0207462EN_US/bmw-group-global-sales-achieve-new-record-in-february,,,skip,category 1
2016-05-13,BMW Group global sales continue to grow,https://www.press.bmwgroup.com/usa/article/detail/T0260063EN_US/bmw-group-global-sales-continue-to-grow,,,skip,category 1
2015-06-12,BMW Group global sales continue to grow in May,https://www.press.bmwgroup.com/usa/article/detail/T0221963EN_US/bmw-group-global-sales-continue-to-grow-in-may,,,skip,category 1
2015-09-10,BMW Group global sales growth continues for best August ever.,https://www.press.bmwgroup.com/usa/article/detail/T0233784EN_US/bmw-group-global-sales-growth-continues-for-best-august-ever,,,skip,category 1
2014-10-10,BMW Group global sales growth continues in September,https://www.press.bmwgroup.com/usa/article/detail/T0194638EN_US/bmw-group-global-sales-growth-continues-in-september,,,skip,category 1
2014-06-10,BMW Group global sales in May continue record year,https://www.press.bmwgroup.com/usa/article/detail/T0183443EN_US/bmw-group-global-sales-in-may-continue-record-year,,,skip,category 1
2015-11-11,BMW Group global sales in October higher than ever,https://www.press.bmwgroup.com/usa/article/detail/T0242602EN_US/bmw-group-global-sales-in-october-higher-than-ever,,,skip,category 1
2013-11-11,BMW Group global sales reach all-time high in October,https://www.press.bmwgroup.com/usa/article/detail/T0155167EN_US/bmw-group-global-sales-reach-all-time-high-in-october,,,skip,category 1
2015-02-10,BMW Group global sales reach new high for January,https://www.press.bmwgroup.com/usa/article/detail/T0203929EN_US/bmw-group-global-sales-reach-new-high-for-january,,,skip,category 1
2017-04-12,BMW Group global sales record best- ever March and first quarter,https://www.press.bmwgroup.com/usa/article/detail/T0269796EN_US/bmw-group-global-sales-record-best-ever-march-and-first-quarter,,,skip,category 1
2014-04-09,"BMW Group global sales top 200,000 for first time in single month",https://www.press.bmwgroup.com/usa/article/detail/T0177721EN_US/bmw-group-global-sales-top-200-000-for-first-time-in-single-month,,,skip,category 1
2024-10-16,BMW Group in the U.S. Donates $1 Million To American Red Cross  For Hurricane Relief.,https://www.press.bmwgroup.com/usa/article/detail/T0445740EN_US/bmw-group-in-the-u-s-donates-1-million-to-american-red-cross-for-hurricane-relief,,,skip,category 1
2025-01-23,BMW Group in the U.S. Donates $1 Million to the American Red Cross to Support Those Impacted by the Los Angeles Wildfires.,https://www.press.bmwgroup.com/usa/article/detail/T0447665EN_US/bmw-group-in-the-u-s-donates-1-million-to-the-american-red-cross-to-support-those-impacted-by-the-los-angeles-wildfires,,,skip,category 1
2019-11-06,"BMW Group increases deliveries, revenues and earnings",https://www.press.bmwgroup.com/usa/article/detail/T0302528EN_US/bmw-group-increases-deliveries-revenues-and-earnings,,,skip,category 1
2012-11-09,BMW Group increases sales by 13.2% in October,https://www.press.bmwgroup.com/usa/article/detail/T0134295EN_US/bmw-group-increases-sales-by-13-2-in-october,,,skip,category 1
2021-03-12,BMW Group invests in innovative method for CO2-free steel production,https://www.press.bmwgroup.com/usa/article/detail/T0327602EN_US/bmw-group-invests-in-innovative-method-for-co2-free-steel-production,,,skip,category 1
2021-10-06,BMW Group invests in innovative method for efficient and sustainable lithium extraction.,https://www.press.bmwgroup.com/usa/article/detail/T0347752EN_US/bmw-group-invests-in-innovative-method-for-efficient-and-sustainable-lithium-extraction,,,skip,category 1
2016-03-07,BMW Group is to enhance the work of its foundations: capital to be increased to €100 million,https://www.press.bmwgroup.com/usa/article/detail/T0258013EN_US/bmw-group-is-to-enhance-the-work-of-its-foundations:-capital-to-be-increased-to-€100-million,,,skip,category 1
2012-12-20,BMW Group joins Aluminium Stewardship Initiative,https://www.press.bmwgroup.com/usa/article/detail/T0135476EN_US/bmw-group-joins-aluminium-stewardship-initiative,,,skip,category 1
2022-01-27,BMW Group joins Leather Working Group – for responsible and sustainable leather sourcing.,https://www.press.bmwgroup.com/usa/article/detail/T0365873EN_US/bmw-group-joins-leather-working-group-–-for-responsible-and-sustainable-leather-sourcing,,,skip,category 1
2014-05-14,BMW Group launches race car for Gran Turismo® 6,https://www.press.bmwgroup.com/usa/article/detail/T0180066EN_US/bmw-group-launches-race-car-for-gran-turismo®-6,,,skip,category 1
2023-11-06,BMW Group maintains successful course,https://www.press.bmwgroup.com/usa/article/detail/T0438194EN_US/bmw-group-maintains-successful-course,,,skip,category 1
2012-06-21,BMW Group official sponsor of United Nations Rio+20 Conference,https://www.press.bmwgroup.com/usa/article/detail/T0127803EN_US/bmw-group-official-sponsor-of-united-nations-rio-20-conference,,,skip,category 1
2013-11-05,BMW Group on course after good third quarter,https://www.press.bmwgroup.com/usa/article/detail/T0154208EN_US/bmw-group-on-course-after-good-third-quarter,,,skip,category 1
2017-11-07,BMW Group on course for successful financial year,https://www.press.bmwgroup.com/usa/article/detail/T0275926EN_US/bmw-group-on-course-for-successful-financial-year,,,skip,category 1
2025-11-05,BMW Group on track to meet full-year targets,https://www.press.bmwgroup.com/usa/article/detail/T0453830EN_US/bmw-group-on-track-to-meet-full-year-targets,,,skip,category 1
2012-09-13,BMW Group once again sector leader in Dow Jones Sustainability Index,https://www.press.bmwgroup.com/usa/article/detail/T0131962EN_US/bmw-group-once-again-sector-leader-in-dow-jones-sustainability-index,,,skip,category 1
2019-06-06,"BMW Group opens plant in San Luis Potosi, Mexico",https://www.press.bmwgroup.com/usa/article/detail/T0296856EN_US/bmw-group-opens-plant-in-san-luis-potosi-mexico,,,skip,category 1
2020-11-18,BMW Group paves the way for production network of the future,https://www.press.bmwgroup.com/usa/article/detail/T0321053EN_US/bmw-group-paves-the-way-for-production-network-of-the-future,,,skip,category 1
2020-05-06,BMW Group plans for various scenarios and can react swiftly to new developments,https://www.press.bmwgroup.com/usa/article/detail/T0308227EN_US/bmw-group-plans-for-various-scenarios-and-can-react-swiftly-to-new-developments,,,skip,category 1
2012-10-22,BMW Group plans plant in Brazil,https://www.press.bmwgroup.com/usa/article/detail/T0133821EN_US/bmw-group-plans-plant-in-brazil,,,skip,category 1
2013-08-08,BMW Group posts all-time high for Global Sales in July,https://www.press.bmwgroup.com/usa/article/detail/T0144662EN_US/bmw-group-posts-all-time-high-for-global-sales-in-july,,,skip,category 1
2013-10-09,BMW Group posts all-time high for September global sales,https://www.press.bmwgroup.com/usa/article/detail/T0149795EN_US/bmw-group-posts-all-time-high-for-september-global-sales,,,skip,category 1
2013-05-13,BMW Group posts best ever April Global sales,https://www.press.bmwgroup.com/usa/article/detail/T0141722EN_US/bmw-group-posts-best-ever-april-global-sales,,,skip,category 1
2016-10-13,BMW Group posts new September Global sales record,https://www.press.bmwgroup.com/usa/article/detail/T0264915EN_US/bmw-group-posts-new-september-global-sales-record,,,skip,category 1
2014-02-11,BMW Group posts new global sales record for January,https://www.press.bmwgroup.com/usa/article/detail/T0166929EN_US/bmw-group-posts-new-global-sales-record-for-january,,,skip,category 1
2014-03-11,BMW Group posts record global sales for February,https://www.press.bmwgroup.com/usa/article/detail/T0171426EN_US/bmw-group-posts-record-global-sales-for-february,,,skip,category 1
2025-05-07,BMW Group profitability in line with expectations in first quarter,https://www.press.bmwgroup.com/usa/article/detail/T0450023EN_US/bmw-group-profitability-in-line-with-expectations-in-first-quarter,,,skip,category 1
2017-05-12,BMW Group records strong global sales growth in April,https://www.press.bmwgroup.com/usa/article/detail/T0270805EN_US/bmw-group-records-strong-global-sales-growth-in-april,,,skip,category 1
2017-08-03,BMW Group remains on course for sustained success,https://www.press.bmwgroup.com/usa/article/detail/T0273443EN_US/bmw-group-remains-on-course-for-sustained-success,,,skip,category 1
2012-08-01,BMW Group remains on successful course in second quarter,https://www.press.bmwgroup.com/usa/article/detail/T0128932EN_US/bmw-group-remains-on-successful-course-in-second-quarter,,,skip,category 1
2022-11-03,BMW Group remains on track for success as transformation continues,https://www.press.bmwgroup.com/usa/article/detail/T0405344EN_US/bmw-group-remains-on-track-for-success-as-transformation-continues,,,skip,category 1
2018-01-12,BMW Group remains world’s Number One premium automotive company,https://www.press.bmwgroup.com/usa/article/detail/T0277919EN_US/bmw-group-remains-world’s-number-one-premium-automotive-company,,,skip,category 1
2014-10-08,BMW Group renews partnership with Frieze Art Fair in London and New York,https://www.press.bmwgroup.com/usa/article/detail/T0194562EN_US/bmw-group-renews-partnership-with-frieze-art-fair-in-london-and-new-york,,,skip,category 1
2012-09-07,BMW Group reports best August sales ever,https://www.press.bmwgroup.com/usa/article/detail/T0131749EN_US/bmw-group-reports-best-august-sales-ever,,,skip,category 1
2013-03-08,BMW Group reports best February sales ever,https://www.press.bmwgroup.com/usa/article/detail/T0137555EN_US/bmw-group-reports-best-february-sales-ever,,,skip,category 1
2012-06-11,BMW Group reports best May sales ever,https://www.press.bmwgroup.com/usa/article/detail/T0127556EN_US/bmw-group-reports-best-may-sales-ever,,,skip,category 1
2013-12-10,BMW Group reports best November global sales ever,https://www.press.bmwgroup.com/usa/article/detail/T0160664EN_US/bmw-group-reports-best-november-global-sales-ever,,,skip,category 1
2013-06-10,BMW Group reports best worldwide May sales ever,https://www.press.bmwgroup.com/usa/article/detail/T0142705EN_US/bmw-group-reports-best-worldwide-may-sales-ever,,,skip,category 1
2012-10-09,BMW Group reports highest ever September sales,https://www.press.bmwgroup.com/usa/article/detail/T0133143EN_US/bmw-group-reports-highest-ever-september-sales,,,skip,category 1
2013-09-10,BMW Group reports highest global sales ever for August,https://www.press.bmwgroup.com/usa/article/detail/T0145616EN_US/bmw-group-reports-highest-global-sales-ever-for-august,,,skip,category 1
2013-07-08,BMW Group reports highest global sales ever in first six months,https://www.press.bmwgroup.com/usa/article/detail/T0143524EN_US/bmw-group-reports-highest-global-sales-ever-in-first-six-months,,,skip,category 1
2012-08-07,BMW Group reports record sales in July,https://www.press.bmwgroup.com/usa/article/detail/T0129549EN_US/bmw-group-reports-record-sales-in-july,,,skip,category 1
2012-07-06,BMW Group reports strongest first half year ever in sales,https://www.press.bmwgroup.com/usa/article/detail/T0128360EN_US/bmw-group-reports-strongest-first-half-year-ever-in-sales,,,skip,category 1
2012-12-10,BMW Group sales climb 23.0% in November,https://www.press.bmwgroup.com/usa/article/detail/T0135123EN_US/bmw-group-sales-climb-23-0-in-november,,,skip,category 1
2013-04-09,BMW Group sales reach all-time high in March,https://www.press.bmwgroup.com/usa/article/detail/T0139856EN_US/bmw-group-sales-reach-all-time-high-in-march,,,skip,category 1
2013-05-14,BMW Group sets course for a successful future,https://www.press.bmwgroup.com/usa/article/detail/T0141813EN_US/bmw-group-sets-course-for-a-successful-future,,,skip,category 1
2019-03-20,BMW Group sets strategic course for future,https://www.press.bmwgroup.com/usa/article/detail/T0293403EN_US/bmw-group-sets-strategic-course-for-future,,,skip,category 1
2019-03-15,BMW Group sets strategic course under challenging conditions.,https://www.press.bmwgroup.com/usa/article/detail/T0293178EN_US/bmw-group-sets-strategic-course-under-challenging-conditions,,,skip,category 1
2022-02-01,BMW Group significantly increases use of low-carbon steel at European plants.,https://www.press.bmwgroup.com/usa/article/detail/T0366413EN_US/bmw-group-significantly-increases-use-of-low-carbon-steel-at-european-plants,,,skip,category 1
2013-02-08,BMW Group starts the year with record sales,https://www.press.bmwgroup.com/usa/article/detail/T0136959EN_US/bmw-group-starts-the-year-with-record-sales,,,skip,category 1
2016-02-10,BMW Group starts year with global sales record January,https://www.press.bmwgroup.com/usa/article/detail/T0254843EN_US/bmw-group-starts-year-with-global-sales-record-january,,,skip,category 1
2015-09-25,BMW Group statement concerning the current discussion of diesel engines.,https://www.press.bmwgroup.com/usa/article/detail/T0235786EN_US/bmw-group-statement-concerning-the-current-discussion-of-diesel-engines,,,skip,category 1
2018-03-21,BMW Group stepping up the pace,https://www.press.bmwgroup.com/usa/article/detail/T0279442EN_US/bmw-group-stepping-up-the-pace,,,skip,category 1
2021-03-30,BMW Group steps up sustainable sourcing of lithium for battery cell production to ensure rapid e-mobility expansion.,https://www.press.bmwgroup.com/usa/article/detail/T0328874EN_US/bmw-group-steps-up-sustainable-sourcing-of-lithium-for-battery-cell-production-to-ensure-rapid-e-mobility-expansion,,,skip,category 1
2017-03-08,BMW Group subsidiary Designworks collaborates with John Deere on the Backhoe of the Future.,https://www.press.bmwgroup.com/usa/article/detail/T0268467EN_US/bmw-group-subsidiary-designworks-collaborates-with-john-deere-on-the-backhoe-of-the-future,,,skip,category 1
2017-04-12,BMW Group subsidiary Designworks collaborates with Layer3 TV to re-invent the cable TV experience.,https://www.press.bmwgroup.com/usa/article/detail/T0269792EN_US/bmw-group-subsidiary-designworks-collaborates-with-layer3-tv-to-re-invent-the-cable-tv-experience,,,skip,category 1
2014-08-05,BMW Group success continues in second quarter,https://www.press.bmwgroup.com/usa/article/detail/T0190782EN_US/bmw-group-success-continues-in-second-quarter,,,skip,category 1
2019-02-13,BMW Group to Produce Two Additional All-New Models at Plant Spartanburg.,https://www.press.bmwgroup.com/usa/article/detail/T0291914EN_US/bmw-group-to-produce-two-additional-all-new-models-at-plant-spartanburg,,,skip,category 1
2014-02-17,BMW Group to build new MINI Hatch also at VDL Nedcar,https://www.press.bmwgroup.com/usa/article/detail/T0168107EN_US/bmw-group-to-build-new-mini-hatch-also-at-vdl-nedcar,,,skip,category 1
2014-07-03,BMW Group to build new plant in the NAFTA region,https://www.press.bmwgroup.com/usa/article/detail/T0186063EN_US/bmw-group-to-build-new-plant-in-the-nafta-region,,,skip,category 1
2023-08-03,BMW Group upgrades FY guidance after strong first half-year,https://www.press.bmwgroup.com/usa/article/detail/T0427480EN_US/bmw-group-upgrades-fy-guidance-after-strong-first-half-year,,,skip,category 1
2019-11-12,BMW Group ushers in next Digital Key generation.,https://www.press.bmwgroup.com/usa/article/detail/T0302627EN_US/bmw-group-ushers-in-next-digital-key-generation,,,skip,category 1
2013-05-02,BMW Group with successful start to new financial year,https://www.press.bmwgroup.com/usa/article/detail/T0141258EN_US/bmw-group-with-successful-start-to-new-financial-year,,,skip,category 1
2019-05-07,BMW Group's operational performance on course,https://www.press.bmwgroup.com/usa/article/detail/T0295568EN_US/bmw-group-s-operational-performance-on-course,,,skip,category 1
2016-06-16,BMW Group. THE NEXT 100 YEARS.,https://www.press.bmwgroup.com/usa/article/detail/T0261116EN_US/bmw-group-the-next-100-years,,,skip,category 1
2015-03-12,BMW Group: Oliver Zipse to become new Board of Management Member for Production,https://www.press.bmwgroup.com/usa/article/detail/T0207905EN_US/bmw-group:-oliver-zipse-to-become-new-board-of-management-member-for-production,,,skip,category 1
2014-05-08,BMW Group’s DriveNow Car-Sharing Service Expands to Street Parking in San Francisco.,https://www.press.bmwgroup.com/usa/article/detail/T0179523EN_US/bmw-group’s-drivenow-car-sharing-service-expands-to-street-parking-in-san-francisco,,,skip,category 1
2018-12-10,"BMW Group’s Driver Assistance and Autonomous Driving Development department under new leadership. Alejandro Vukotich takes over at the helm, Elmar Frickenstein to retire after handover phase.",https://www.press.bmwgroup.com/usa/article/detail/T0288423EN_US/bmw-group’s-driver-assistance-and-autonomous-driving-development-department-under-new-leadership-alejandro-vukotich-takes-over-at-the-helm-elmar-frickenstein-to-retire-after-handover-phase,,,skip,category 1
2013-11-07,"BMW HOSTS SPECIAL EVENT IN WASHINGTON, D.C. TO INTRODUCE THE ALL-ELECTRIC BMW i3 AND HIGHLIGHT THE BMW GROUP’S COMMITMENT TO SUSTAINABLE MOBILITY",https://www.press.bmwgroup.com/usa/article/detail/T0154624EN_US/bmw-hosts-special-event-in-washington-d-c-to-introduce-the-all-electric-bmw-i3-and-highlight-the-bmw-group’s-commitment-to-sustainable-mobility,,,skip,category 1
2018-04-12,BMW HP4 Race Motorcycle Added To California Superbike School Tour,https://www.press.bmwgroup.com/usa/article/detail/T0280091EN_US/bmw-hp4-race-motorcycle-added-to-california-superbike-school-tour,,,skip,category 1
2014-06-06,BMW Individual 6 Series Gran Coupe “BANG & OLUFSEN” Edition.,https://www.press.bmwgroup.com/usa/article/detail/T0183082EN_US/bmw-individual-6-series-gran-coupe-“bang-olufsen”-edition,,,skip,category 1
2016-11-14,BMW Initiates Next Phase of its BMW ChargeForward Program with Pacific Gas and Electric Company to Study Advanced Electric Vehicle Charging.,https://www.press.bmwgroup.com/usa/article/detail/T0266020EN_US/bmw-initiates-next-phase-of-its-bmw-chargeforward-program-with-pacific-gas-and-electric-company-to-study-advanced-electric-vehicle-charging,,,skip,category 1
2022-03-02,BMW Investing More Than $200 Million to Add New Press Shop at South Carolina Plant.,https://www.press.bmwgroup.com/usa/article/detail/T0371713EN_US/bmw-investing-more-than-200-million-to-add-new-press-shop-at-south-carolina-plant,,,skip,category 1
2014-07-29,"BMW Joins Electric Power Research Institute, Other Auto Manufacturers and Utilities in Developing Next Step in Smart Charging: Technology to Manage When to Charge Plug-in Electric Vehicles",https://www.press.bmwgroup.com/usa/article/detail/T0190002EN_US/bmw-joins-electric-power-research-institute-other-auto-manufacturers-and-utilities-in-developing-next-step-in-smart-charging:-technology-to-manage-when-to-charge-plug-in-electric-vehicles,,,skip,category 1
2017-07-19,BMW K 1600 B Bagger Launch and Demo Rides At Sturgis Buffalo Chip®,https://www.press.bmwgroup.com/usa/article/detail/T0272890EN_US/bmw-k-1600-b-bagger-launch-and-demo-rides-at-sturgis-buffalo-chip®,,,skip,category 1
2017-03-07,BMW K 1600 B Bagger Makes Its East Coast Debut At Daytona Bike Week,https://www.press.bmwgroup.com/usa/article/detail/T0268436EN_US/bmw-k-1600-b-bagger-makes-its-east-coast-debut-at-daytona-bike-week,,,skip,category 1
2017-01-26,BMW K 1600 B Unveiled To U.S. Riders At Progressive International Motorcycle Show In Cleveland,https://www.press.bmwgroup.com/usa/article/detail/T0267566EN_US/bmw-k-1600-b-unveiled-to-u-s-riders-at-progressive-international-motorcycle-show-in-cleveland,,,skip,category 1
2014-09-04,BMW K 1600 GTL Exclusive Named Best Luxury Touring Motorcycle By Ultimate MotorCycling Editor Don Williams,https://www.press.bmwgroup.com/usa/article/detail/T0192709EN_US/bmw-k-1600-gtl-exclusive-named-best-luxury-touring-motorcycle-by-ultimate-motorcycling-editor-don-williams,,,skip,category 1
2022-02-18,BMW K 1600 models. Additional pictures.,https://www.press.bmwgroup.com/usa/article/detail/T0369113EN_US/bmw-k-1600-models-additional-pictures,,,skip,category 1
2016-05-24,BMW Kicks Off “Drive for a Cause” Campaign at Dealerships Nationwide.,https://www.press.bmwgroup.com/usa/article/detail/T0260419EN_US/bmw-kicks-off-“drive-for-a-cause”-campaign-at-dealerships-nationwide,,,skip,category 1
2014-06-09,BMW Launches First App to Automate the Home Charging Process for BMW i Electric Vehicles.,https://www.press.bmwgroup.com/usa/article/detail/T0183262EN_US/bmw-launches-first-app-to-automate-the-home-charging-process-for-bmw-i-electric-vehicles,,,skip,category 1
2013-04-11,"BMW Launches the “Electronaut Effect,” a New Digital Tool Offering Drivers Real-Life Data on BMW ActiveE Driving Performance and Benefits",https://www.press.bmwgroup.com/usa/article/detail/T0139953EN_US/bmw-launches-the-“electronaut-effect-”-a-new-digital-tool-offering-drivers-real-life-data-on-bmw-activee-driving-performance-and-benefits,,,skip,category 1
2016-03-30,BMW Legends at VIR: The Ultimate BMW Driving Program.,https://www.press.bmwgroup.com/usa/article/detail/T0258661EN_US/bmw-legends-at-vir:-the-ultimate-bmw-driving-program,,,skip,category 1
2015-09-11,BMW Loans i3 EV to Los Angeles Police Department for Evaluation,https://www.press.bmwgroup.com/usa/article/detail/T0233942EN_US/bmw-loans-i3-ev-to-los-angeles-police-department-for-evaluation,,,skip,category 1
2020-04-29,BMW M Customer Racing teams take to the virtual track in BMW race cars.,https://www.press.bmwgroup.com/usa/article/detail/T0307946EN_US/bmw-m-customer-racing-teams-take-to-the-virtual-track-in-bmw-race-cars,,,skip,category 1
2024-03-06,BMW M Motorsport and LEGO® celebrate passion for racing with a new model set.,https://www.press.bmwgroup.com/usa/article/detail/T0440122EN_US/bmw-m-motorsport-and-lego®-celebrate-passion-for-racing-with-a-new-model-set,,,skip,category 1
2022-03-16,BMW M Motorsport teams with a four-strong BMW M4 GT3 contingent at the Sebring 12 Hour endurance classic.,https://www.press.bmwgroup.com/usa/article/detail/T0374593EN_US/bmw-m-motorsport-teams-with-a-four-strong-bmw-m4-gt3-contingent-at-the-sebring-12-hour-endurance-classic,,,skip,category 1
2023-12-05,BMW M Motorsport thanks John Edwards.,https://www.press.bmwgroup.com/usa/article/detail/T0438658EN_US/bmw-m-motorsport-thanks-john-edwards,,,skip,category 1
2021-06-03,BMW M Motorsports presents the new BMW M4 GT3.,https://www.press.bmwgroup.com/usa/article/detail/T0334417EN_US/bmw-m-motorsports-presents-the-new-bmw-m4-gt3,,,skip,category 1
2024-12-09,BMW M Sports Trophy: BMW M Motorsport honours the most successful private teams and drivers of the season.,https://www.press.bmwgroup.com/usa/article/detail/T0446797EN_US/bmw-m-sports-trophy:-bmw-m-motorsport-honours-the-most-successful-private-teams-and-drivers-of-the-season,,,skip,category 1
2023-12-04,BMW M Sports Trophy: BMW M Motorsport honours the most successful private teams and drivers of the season.,https://www.press.bmwgroup.com/usa/article/detail/T0438660EN_US/bmw-m-sports-trophy:-bmw-m-motorsport-honours-the-most-successful-private-teams-and-drivers-of-the-season,,,skip,category 1
2022-05-01,BMW M Team RLL BMW M4 GT3 Qualifies P4 in GTD PRO At Laguna Seca. Turner Motorsport to Start P3; Paul Miller Racing Lines Up P6 in GTD.,https://www.press.bmwgroup.com/usa/article/detail/T0385193EN_US/bmw-m-team-rll-bmw-m4-gt3-qualifies-p4-in-gtd-pro-at-laguna-seca-turner-motorsport-to-start-p3;-paul-miller-racing-lines-up-p6-in-gtd,,,skip,category 1
2022-08-06,BMW M Team RLL BMW M4 GT3 to Start Fourth in GTD PRO at Road America. Robby Foley Scores GTD Pole for Turner Motorsport.,https://www.press.bmwgroup.com/usa/article/detail/T0402844EN_US/bmw-m-team-rll-bmw-m4-gt3-to-start-fourth-in-gtd-pro-at-road-america-robby-foley-scores-gtd-pole-for-turner-motorsport,,,skip,category 1
2022-08-27,"BMW M Team RLL BMW M4 GT3 will start Michelin GT Challenge Fourth in GTD PRO at VIRginia International Raceway. P3 for Paul Miller Racing, P7 for Turner Motorsport in GTD.",https://www.press.bmwgroup.com/usa/article/detail/T0403258EN_US/bmw-m-team-rll-bmw-m4-gt3-will-start-michelin-gt-challenge-fourth-in-gtd-pro-at-virginia-international-raceway-p3-for-paul-miller-racing-p7-for-turner-motorsport-in-gtd,,,skip,category 1
2023-07-05,BMW M Team RLL Brings Winning Momentum to Canadian Tire Motorsport Park; Eng and Yelloly Tune Up With Spa 24 Victory in BMW M4 GT3.,https://www.press.bmwgroup.com/usa/article/detail/T0422940EN_US/bmw-m-team-rll-brings-winning-momentum-to-canadian-tire-motorsport-park;-eng-and-yelloly-tune-up-with-spa-24-victory-in-bmw-m4-gt3,,,skip,category 1
2022-07-04,"BMW M Team RLL Finishes Fifth in GTD PRO at Canadian Tire Motorsport Park; Turner Motorsport P4, Paul Miller Racing P5 in GTD.",https://www.press.bmwgroup.com/usa/article/detail/T0402039EN_US/bmw-m-team-rll-finishes-fifth-in-gtd-pro-at-canadian-tire-motorsport-park;-turner-motorsport-p4-paul-miller-racing-p5-in-gtd,,,skip,category 1
2022-08-29,"BMW M Team RLL Finishes Fifth in GTD PRO at VIRginia International Raceway. Paul Miller Racing P3, Turner Motorsport P7 in GTD.",https://www.press.bmwgroup.com/usa/article/detail/T0403280EN_US/bmw-m-team-rll-finishes-fifth-in-gtd-pro-at-virginia-international-raceway-paul-miller-racing-p3-turner-motorsport-p7-in-gtd,,,skip,category 1
2023-08-06,BMW M Team RLL GTP Cars Qualify P5 and P8 at Road America.,https://www.press.bmwgroup.com/usa/article/detail/T0427778EN_US/bmw-m-team-rll-gtp-cars-qualify-p5-and-p8-at-road-america,,,skip,category 1
2023-08-07,BMW M Team RLL Has a Regrettable Day at Road America; Paul Miller Racing No. 1 BMW M4 GT3 Wins GTD Class.,https://www.press.bmwgroup.com/usa/article/detail/T0427858EN_US/bmw-m-team-rll-has-a-regrettable-day-at-road-america;-paul-miller-racing-no-1-bmw-m4-gt3-wins-gtd-class,,,skip,category 1
2022-08-23,BMW M Team RLL Heads to Michelin GT Challenge at Virginia International Raceway.,https://www.press.bmwgroup.com/usa/article/detail/T0403161EN_US/bmw-m-team-rll-heads-to-michelin-gt-challenge-at-virginia-international-raceway,,,skip,category 1
2023-09-12,BMW M Team RLL Looking To Make History at Indy.,https://www.press.bmwgroup.com/usa/article/detail/T0436954EN_US/bmw-m-team-rll-looking-to-make-history-at-indy,,,skip,category 1
2022-07-12,BMW M Team RLL Looking for a Turn Around at Lime Rock Park.,https://www.press.bmwgroup.com/usa/article/detail/T0402244EN_US/bmw-m-team-rll-looking-for-a-turn-around-at-lime-rock-park,,,skip,category 1
2023-05-08,BMW M Team RLL Looks to Continued Laguna Seca Success. BMW Standing Second in GTP Manufacturer Points after Three Races.,https://www.press.bmwgroup.com/usa/article/detail/T0415439EN_US/bmw-m-team-rll-looks-to-continued-laguna-seca-success-bmw-standing-second-in-gtp-manufacturer-points-after-three-races,,,skip,category 1
2022-06-27,BMW M Team RLL Loses Sahlen’s Six Hours of The Glen After Drive Time Violation; Turner Finishes Third in GTD.,https://www.press.bmwgroup.com/usa/article/detail/T0401869EN_US/bmw-m-team-rll-loses-sahlen’s-six-hours-of-the-glen-after-drive-time-violation;-turner-finishes-third-in-gtd,,,skip,category 1
2023-05-14,"BMW M Team RLL Qualifies Seventh and Eighth at Laguna Seca. BMW M4 GT4 Machines to Start P5, P7 and P12 in GT Daytona.",https://www.press.bmwgroup.com/usa/article/detail/T0416958EN_US/bmw-m-team-rll-qualifies-seventh-and-eighth-at-laguna-seca-bmw-m4-gt4-machines-to-start-p5-p7-and-p12-in-gt-daytona,,,skip,category 1
2022-07-02,"BMW M Team RLL Qualifies Third in GTD PRO at Canadian Tire Motorsport Park; Paul Miller Racing P3, Turner Motorsport P5 in GTD.",https://www.press.bmwgroup.com/usa/article/detail/T0402013EN_US/bmw-m-team-rll-qualifies-third-in-gtd-pro-at-canadian-tire-motorsport-park;-paul-miller-racing-p3-turner-motorsport-p5-in-gtd,,,skip,category 1
2023-04-15,"BMW M Team RLL Qualify P4 and P5 for Long Beach Grand Prix. BMW M4 GT3 Teams Post P3, P7, and P8 GTD Class Qualifying Efforts.",https://www.press.bmwgroup.com/usa/article/detail/T0413378EN_US/bmw-m-team-rll-qualify-p4-and-p5-for-long-beach-grand-prix-bmw-m4-gt3-teams-post-p3-p7-and-p8-gtd-class-qualifying-efforts,,,skip,category 1
2023-07-08,BMW M Team RLL Qualify P6 and P7 at Canadian Tire Motorsport Park.,https://www.press.bmwgroup.com/usa/article/detail/T0423358EN_US/bmw-m-team-rll-qualify-p6-and-p7-at-canadian-tire-motorsport-park,,,skip,category 1
2023-09-16,BMW M Team RLL Qualify Sixth and Seventh at Indy.,https://www.press.bmwgroup.com/usa/article/detail/T0437072EN_US/bmw-m-team-rll-qualify-sixth-and-seventh-at-indy,,,skip,category 1
2022-04-05,BMW M Team RLL Ready To Begin Sprint Season At Long Beach; Single BMW M4 GT3 Entry For Remainder of Season.,https://www.press.bmwgroup.com/usa/article/detail/T0378133EN_US/bmw-m-team-rll-ready-to-begin-sprint-season-at-long-beach;-single-bmw-m4-gt3-entry-for-remainder-of-season,,,skip,category 1
2023-08-01,BMW M Team RLL Ready for Road America;  BMW M Hybrid V8 Aiming For Third Consecutive GTP Podium.,https://www.press.bmwgroup.com/usa/article/detail/T0426318EN_US/bmw-m-team-rll-ready-for-road-america;-bmw-m-hybrid-v8-aiming-for-third-consecutive-gtp-podium,,,skip,category 1
2022-06-22,BMW M Team RLL Ready for Sahlen’s Six Hours of The Glen.,https://www.press.bmwgroup.com/usa/article/detail/T0401293EN_US/bmw-m-team-rll-ready-for-sahlen’s-six-hours-of-the-glen,,,skip,category 1
2022-08-02,BMW M Team RLL Ready to Return to GTD PRO Podium at Road America.,https://www.press.bmwgroup.com/usa/article/detail/T0402678EN_US/bmw-m-team-rll-ready-to-return-to-gtd-pro-podium-at-road-america,,,skip,category 1
2023-06-20,BMW M Team RLL Tested and Ready for Sahlen’s Six Hours at The Glen.,https://www.press.bmwgroup.com/usa/article/detail/T0421458EN_US/bmw-m-team-rll-tested-and-ready-for-sahlen’s-six-hours-at-the-glen,,,skip,category 1
2023-10-10,BMW M Team RLL to Close Inaugural GTP Season at Petit Le Mans. De Phillippi and Yelloly in Contention for Driver’s Title.,https://www.press.bmwgroup.com/usa/article/detail/T0437579EN_US/bmw-m-team-rll-to-close-inaugural-gtp-season-at-petit-le-mans-de-phillippi-and-yelloly-in-contention-for-driver’s-title,,,skip,category 1
2023-06-24,BMW M Team RLL to Start 5th and 7th in Sahlen’s Six Hours at The Glen; GTP Starting by Team Points After Qualifying Abandoned Due to Rain.,https://www.press.bmwgroup.com/usa/article/detail/T0422060EN_US/bmw-m-team-rll-to-start-5th-and-7th-in-sahlen’s-six-hours-at-the-glen;-gtp-starting-by-team-points-after-qualifying-abandoned-due-to-rain,,,skip,category 1
2026-03-23,BMW M Team WRT claimed sixth position in Sebring – Paul Miller Racing and Turner Motorsport both secured fifth-place finishes.,https://www.press.bmwgroup.com/usa/article/detail/T0456529EN_US/bmw-m-team-wrt-claimed-sixth-position-in-sebring-–-paul-miller-racing-and-turner-motorsport-both-secured-fifth-place-finishes,,,skip,category 1
2026-09-25,BMW M and BMW Motorrad celebrate 100 years of Nürburgring with six exclusive high-performance models.,https://www.press.bmwgroup.com/usa/article/detail/T0461026EN_US/bmw-m-and-bmw-motorrad-celebrate-100-years-of-nuerburgring-with-six-exclusive-high-performance-models,,,skip,category 1
2016-02-09,BMW M – OFFICIAL CAR OF MotoGP™. BMW M2 MotoGP SAFETY CAR.,https://www.press.bmwgroup.com/usa/article/detail/T0254645EN_US/bmw-m-–-official-car-of-motogp™-bmw-m2-motogp-safety-car,,,skip,category 2
2022-03-20,BMW M4 GT3 at the Sebring 12 Hours: Challenge for the podium ends with disappointing finish.,https://www.press.bmwgroup.com/usa/article/detail/T0375293EN_US/bmw-m4-gt3-at-the-sebring-12-hours:-challenge-for-the-podium-ends-with-disappointing-finish,,,skip,category 1
2021-08-16,BMW M4 GT3:  BMW M Motorsport Media Guide.,https://www.press.bmwgroup.com/usa/article/detail/T0339779EN_US/bmw-m4-gt3:-bmw-m-motorsport-media-guide,,,skip,category 2
2017-06-30,BMW M4 GT4 Makes North American Debut at Watkins Glen International During Sahlen’s Six Hours Of The Glen Weekend,https://www.press.bmwgroup.com/usa/article/detail/T0272279EN_US/bmw-m4-gt4-makes-north-american-debut-at-watkins-glen-international-during-sahlen’s-six-hours-of-the-glen-weekend,,,skip,category 1
2014-11-04,BMW M4 SAFETY CAR LAUNCHED FOR PLAYSTATION’S GRAN TURISMO®6,https://www.press.bmwgroup.com/usa/article/detail/T0195801EN_US/bmw-m4-safety-car-launched-for-playstation’s-gran-turismo®6,,,skip,category 1
2015-09-15,BMW M6 Coupe Competition Edition.,https://www.press.bmwgroup.com/usa/article/detail/T0234222EN_US/bmw-m6-coupe-competition-edition,,,skip,category 1
2017-07-03,BMW M6 GTLM Wins at Watkins Glen!;Auberlen and Sims Take Sahlen’s Six Hours of The Glen Victory,https://www.press.bmwgroup.com/usa/article/detail/T0272308EN_US/bmw-m6-gtlm-wins-at-watkins-glen-;auberlen-and-sims-take-sahlen’s-six-hours-of-the-glen-victory,,,skip,category 1
2016-01-31,BMW M6 GTLM and BMW M6 GT3 master the challenge of Daytona at their debut race.,https://www.press.bmwgroup.com/usa/article/detail/T0253042EN_US/bmw-m6-gtlm-and-bmw-m6-gt3-master-the-challenge-of-daytona-at-their-debut-race,,,skip,category 1
2018-10-15,BMW M8 GTE Completes Inaugural North American Season With Third and Fourth Place Finishes at Motul Petit Le Mans,https://www.press.bmwgroup.com/usa/article/detail/T0285955EN_US/bmw-m8-gte-completes-inaugural-north-american-season-with-third-and-fourth-place-finishes-at-motul-petit-le-mans,,,skip,category 1
2018-09-10,"BMW M8 GTE Earns Second Consecutive Season Victory and Third BMW Win in Four Years at Laguna Seca With Smart Strategy and Luck; De Phillippi, Sims - P1, Edwards, Krohn - P4",https://www.press.bmwgroup.com/usa/article/detail/T0284834EN_US/bmw-m8-gte-earns-second-consecutive-season-victory-and-third-bmw-win-in-four-years-at-laguna-seca-with-smart-strategy-and-luck;-de-phillippi-sims-p1-edwards-krohn-p4,,,skip,category 1
2018-10-13,BMW M8 GTE Scores GTLM Pole for Motul Petit Le Mans!,https://www.press.bmwgroup.com/usa/article/detail/T0285892EN_US/bmw-m8-gte-scores-gtlm-pole-for-motul-petit-le-mans,,,skip,category 1
2020-05-01,BMW M8 GTE extends winning run in the IMSA iRacing Pro Series at Mid-Ohio – first win of the season for Nick Catsburg.,https://www.press.bmwgroup.com/usa/article/detail/T0308026EN_US/bmw-m8-gte-extends-winning-run-in-the-imsa-iracing-pro-series-at-mid-ohio-–-first-win-of-the-season-for-nick-catsburg,,,skip,category 1
2018-04-11,BMW M8 GTE hits the streets of Long Beach.,https://www.press.bmwgroup.com/usa/article/detail/T0280036EN_US/bmw-m8-gte-hits-the-streets-of-long-beach,,,skip,category 1
2018-01-28,BMW M8 GTE masters debut race in Daytona.,https://www.press.bmwgroup.com/usa/article/detail/T0278274EN_US/bmw-m8-gte-masters-debut-race-in-daytona,,,skip,category 1
2013-04-05,BMW M: 15th season as “Official Car of MotoGP™”.,https://www.press.bmwgroup.com/usa/article/detail/T0139560EN_US/bmw-m:-15th-season-as-“official-car-of-motogp™”,,,skip,category 1
2023-08-29,BMW MANUFACTURING TO HOST 11TH ANNUAL SUPPLIER DIVERSITY XCHANGE..,https://www.press.bmwgroup.com/usa/article/detail/T0433998EN_US/bmw-manufacturing-to-host-11th-annual-supplier-diversity-xchange,,,skip,category 1
2017-01-09,BMW Manufacturing Achieves Record Production Year.,https://www.press.bmwgroup.com/usa/article/detail/T0267104EN_US/bmw-manufacturing-achieves-record-production-year,,,skip,category 1
2021-02-22,BMW Manufacturing Announces Construction of New Training Center.,https://www.press.bmwgroup.com/usa/article/detail/T0326551EN_US/bmw-manufacturing-announces-construction-of-new-training-center,,,skip,category 1
2012-10-23,BMW Manufacturing Announces Management Change.,https://www.press.bmwgroup.com/usa/article/detail/T0133856EN_US/bmw-manufacturing-announces-management-change,,,skip,category 1
2022-09-30,BMW Manufacturing Celebrates 6 Million BMWs and 30 Years.,https://www.press.bmwgroup.com/usa/article/detail/T0404263EN_US/bmw-manufacturing-celebrates-6-million-bmws-and-30-years,,,skip,category 1
2025-07-29,BMW Manufacturing Celebrates Award-Winning Vehicles As It Continues To Build A Sustainable Future.,https://www.press.bmwgroup.com/usa/article/detail/T0451590EN_US/bmw-manufacturing-celebrates-award-winning-vehicles-as-it-continues-to-build-a-sustainable-future,,,skip,category 1
2025-04-30,BMW Manufacturing Celebrates Seven Million BMWs Assembled in the United States.,https://www.press.bmwgroup.com/usa/article/detail/T0449904EN_US/bmw-manufacturing-celebrates-seven-million-bmws-assembled-in-the-united-states,,,skip,category 1
2019-03-08,BMW Manufacturing Continues as Largest U.S. Automotive Exporter by Value.,https://www.press.bmwgroup.com/usa/article/detail/T0292834EN_US/bmw-manufacturing-continues-as-largest-u-s-automotive-exporter-by-value,,,skip,category 1
2018-02-13,BMW Manufacturing Continues as Largest U.S. Automotive Exporter.,https://www.press.bmwgroup.com/usa/article/detail/T0278541EN_US/bmw-manufacturing-continues-as-largest-u-s-automotive-exporter,,,skip,category 1
2025-02-26,BMW Manufacturing Continues as the Largest Automotive Exporter by Value in the U.S.,https://www.press.bmwgroup.com/usa/article/detail/T0448358EN_US/bmw-manufacturing-continues-as-the-largest-automotive-exporter-by-value-in-the-u-s,,,skip,category 1
2018-01-31,BMW Manufacturing Doubles Size of BMW Scholars Program.,https://www.press.bmwgroup.com/usa/article/detail/T0278344EN_US/bmw-manufacturing-doubles-size-of-bmw-scholars-program,,,skip,category 1
2013-03-13,BMW Manufacturing Expands Use of Hydrogen Fuel Cells,https://www.press.bmwgroup.com/usa/article/detail/T0137758EN_US/bmw-manufacturing-expands-use-of-hydrogen-fuel-cells,,,skip,category 1
2021-02-11,BMW Manufacturing Is Largest U.S. Automotive Exporter by Value for 7th Consecutive Year.,https://www.press.bmwgroup.com/usa/article/detail/T0325969EN_US/bmw-manufacturing-is-largest-u-s-automotive-exporter-by-value-for-7th-consecutive-year,,,skip,category 1
2024-06-21,"BMW Manufacturing Opens First Press Shop in North America, Unveils Fourth-Generation BMW X3.",https://www.press.bmwgroup.com/usa/article/detail/T0443289EN_US/bmw-manufacturing-opens-first-press-shop-in-north-america-unveils-fourth-generation-bmw-x3,,,skip,category 1
2022-09-29,BMW Manufacturing Opens New Logistics Center.,https://www.press.bmwgroup.com/usa/article/detail/T0404223EN_US/bmw-manufacturing-opens-new-logistics-center,,,skip,category 1
2013-01-08,BMW Manufacturing Opens Onsite Family Health Center.,https://www.press.bmwgroup.com/usa/article/detail/T0135867EN_US/bmw-manufacturing-opens-onsite-family-health-center,,,skip,category 1
2013-03-20,BMW Manufacturing Receives Duke Energy Power Partner Award,https://www.press.bmwgroup.com/usa/article/detail/T0138461EN_US/bmw-manufacturing-receives-duke-energy-power-partner-award,,,skip,category 1
2012-09-20,BMW Manufacturing Recognized for Export Success at South Carolina Plant,https://www.press.bmwgroup.com/usa/article/detail/T0132272EN_US/bmw-manufacturing-recognized-for-export-success-at-south-carolina-plant,,,skip,category 1
2026-03-05,BMW Manufacturing Remains Largest Automotive Exporter By Value in the United States,https://www.press.bmwgroup.com/usa/article/detail/T0456008EN_US/bmw-manufacturing-remains-largest-automotive-exporter-by-value-in-the-united-states,,,skip,category 1
2020-03-02,BMW Manufacturing Remains Largest U.S. Automotive Exporter by Value.,https://www.press.bmwgroup.com/usa/article/detail/T0306189EN_US/bmw-manufacturing-remains-largest-u-s-automotive-exporter-by-value,,,skip,category 1
2013-01-10,BMW Manufacturing Reports Record Production Volume.,https://www.press.bmwgroup.com/usa/article/detail/T0136016EN_US/bmw-manufacturing-reports-record-production-volume,,,skip,category 1
2023-02-21,BMW Manufacturing is Largest Automotive Exporter by Value for Ninth Consecutive Year.,https://www.press.bmwgroup.com/usa/article/detail/T0409465EN_US/bmw-manufacturing-is-largest-automotive-exporter-by-value-for-ninth-consecutive-year,,,skip,category 1
2021-11-18,BMW Manufacturing to Expand Plant Logistics Operations.,https://www.press.bmwgroup.com/usa/article/detail/T0359892EN_US/bmw-manufacturing-to-expand-plant-logistics-operations,,,skip,category 1
2019-04-04,BMW Manufacturing to Host 8th Annual Supplier Diversity Conference.,https://www.press.bmwgroup.com/usa/article/detail/T0294154EN_US/bmw-manufacturing-to-host-8th-annual-supplier-diversity-conference,,,skip,category 1
2014-01-21,BMW Motorcycles Achieve Double Digit Growth in U.S.,https://www.press.bmwgroup.com/usa/article/detail/T0164727EN_US/bmw-motorcycles-achieve-double-digit-growth-in-u-s,,,skip,category 1
2017-10-20,BMW Motorcycles Of Daytona Showcases The New K 1600 B Bagger And Offers Demo Rides At Biketoberfest,https://www.press.bmwgroup.com/usa/article/detail/T0275247EN_US/bmw-motorcycles-of-daytona-showcases-the-new-k-1600-b-bagger-and-offers-demo-rides-at-biketoberfest,,,skip,category 1
2012-08-23,BMW Motorcycles Partners With Bloomingdale’s For Fall Fashion Campaign,https://www.press.bmwgroup.com/usa/article/detail/T0130707EN_US/bmw-motorcycles-partners-with-bloomingdale’s-for-fall-fashion-campaign,,,skip,category 1
2012-11-13,BMW Motorrad Announces New Boxer Model,https://www.press.bmwgroup.com/usa/article/detail/T0134353EN_US/bmw-motorrad-announces-new-boxer-model,,,skip,category 1
2021-09-01,BMW Motorrad Concept CE 02.,https://www.press.bmwgroup.com/usa/article/detail/T0341637EN_US/bmw-motorrad-concept-ce-02,,,skip,category 1
2019-05-24,BMW Motorrad Concept R18.,https://www.press.bmwgroup.com/usa/article/detail/T0296379EN_US/bmw-motorrad-concept-r18,,,skip,category 1
2020-03-06,BMW Motorrad Head of Region Americas Trudy Hardy Discusses “Make Life A Ride” On CNN,https://www.press.bmwgroup.com/usa/article/detail/T0306381EN_US/bmw-motorrad-head-of-region-americas-trudy-hardy-discusses-“make-life-a-ride”-on-cnn,,,skip,category 1
2018-11-16,BMW Motorrad Introduces M Options And Performance Parts For The New BMW S 1000 RR,https://www.press.bmwgroup.com/usa/article/detail/T0287138EN_US/bmw-motorrad-introduces-m-options-and-performance-parts-for-the-new-bmw-s-1000-rr,,,skip,category 1
2013-09-27,BMW Motorrad Introduces The Navigator V,https://www.press.bmwgroup.com/usa/article/detail/T0147185EN_US/bmw-motorrad-introduces-the-navigator-v,,,skip,category 1
2026-09-15,BMW Motorrad Motorsport and OrangeCat Racing Add Valuable Championship Points at Penultimate MotoAmerica Superbike Round.,https://www.press.bmwgroup.com/usa/article/detail/T0460777EN_US/bmw-motorrad-motorsport-and-orangecat-racing-add-valuable-championship-points-at-penultimate-motoamerica-superbike-round,,,skip,category 1
2022-03-28,BMW Motorrad Motorsport continues WorldSBK season preparations with two day of testing at Barcelona.,https://www.press.bmwgroup.com/usa/article/detail/T0376834EN_US/bmw-motorrad-motorsport-continues-worldsbk-season-preparations-with-two-day-of-testing-at-barcelona,,,skip,category 1
2024-03-12,BMW Motorrad Motorsport sets course for strategic realignment.,https://www.press.bmwgroup.com/usa/article/detail/T0440282EN_US/bmw-motorrad-motorsport-sets-course-for-strategic-realignment,,,skip,category 1
2026-08-17,"BMW Motorrad Motorsport, OrangeCat Racing, SDK and Jayson Uribe combine for three podium finishes at MotoAmerica VIR Triple Header Weekend.",https://www.press.bmwgroup.com/usa/article/detail/T0460140EN_US/bmw-motorrad-motorsport-orangecat-racing-sdk-and-jayson-uribe-combine-for-three-podium-finishes-at-motoamerica-vir-triple-header-weekend,,,skip,category 1
2023-04-25,BMW Motorrad Motorsports Customer Racing Teams and the BMW M 1000 RR capture six podium finishes during MotoAmerica’s Race Weekend at Michelin Raceway Road Atlanta.,https://www.press.bmwgroup.com/usa/article/detail/T0414399EN_US/bmw-motorrad-motorsports-customer-racing-teams-and-the-bmw-m-1000-rr-capture-six-podium-finishes-during-motoamerica’s-race-weekend-at-michelin-raceway-road-atlanta,,,skip,category 1
2023-01-12,BMW Motorrad Partners with Backcountry Discovery Routes on new Oregon BDR.,https://www.press.bmwgroup.com/usa/article/detail/T0407379EN_US/bmw-motorrad-partners-with-backcountry-discovery-routes-on-new-oregon-bdr,,,skip,category 1
2023-07-07,BMW Motorrad Presents ConnectedRide Smartglasses,https://www.press.bmwgroup.com/usa/article/detail/T0422978EN_US/bmw-motorrad-presents-connectedride-smartglasses,,,skip,category 1
2023-06-06,BMW Motorrad Presents the BMW M 1000 XR Prototype.,https://www.press.bmwgroup.com/usa/article/detail/T0420538EN_US/bmw-motorrad-presents-the-bmw-m-1000-xr-prototype,,,skip,category 1
2021-12-16,BMW Motorrad Presents the LEGO Technic BMW M 1000 RR,https://www.press.bmwgroup.com/usa/article/detail/T0362919EN_US/bmw-motorrad-presents-the-lego-technic-bmw-m-1000-rr,,,skip,category 1
2021-08-03,BMW Motorrad USA Announces DoubleRFest at COTA .,https://www.press.bmwgroup.com/usa/article/detail/T0338892EN_US/bmw-motorrad-usa-announces-doublerfest-at-cota,,,skip,category 1
2016-06-29,"BMW Motorrad USA Announces New Ownership, Facility Enhancements at BMW Motorcycles of Baton Rouge",https://www.press.bmwgroup.com/usa/article/detail/T0261535EN_US/bmw-motorrad-usa-announces-new-ownership-facility-enhancements-at-bmw-motorcycles-of-baton-rouge,,,skip,category 1
2018-06-19,BMW Motorrad USA Announces Opening Of BMW Motorcycles Of Concord.,https://www.press.bmwgroup.com/usa/article/detail/T0282312EN_US/bmw-motorrad-usa-announces-opening-of-bmw-motorcycles-of-concord,,,skip,category 1
2018-07-10,BMW Motorrad USA Announces Opening Of BMW Motorcycles Of New Orleans.,https://www.press.bmwgroup.com/usa/article/detail/T0283000EN_US/bmw-motorrad-usa-announces-opening-of-bmw-motorcycles-of-new-orleans,,,skip,category 1
2018-06-28,BMW Motorrad USA Announces Opening Of BMW Motorcycles Of Tyrone.,https://www.press.bmwgroup.com/usa/article/detail/T0282617EN_US/bmw-motorrad-usa-announces-opening-of-bmw-motorcycles-of-tyrone,,,skip,category 1
2017-03-20,BMW Motorrad USA Announces Pricing For Highly Anticipated K 1600 B Bagger,https://www.press.bmwgroup.com/usa/article/detail/T0268735EN_US/bmw-motorrad-usa-announces-pricing-for-highly-anticipated-k-1600-b-bagger,,,skip,category 1
2018-05-22,BMW Motorrad USA Appoints National Authority And Fleet Sales Manager,https://www.press.bmwgroup.com/usa/article/detail/T0281350EN_US/bmw-motorrad-usa-appoints-national-authority-and-fleet-sales-manager,,,skip,category 1
2015-02-04,BMW Motorrad USA Appoints National Marketing Manager,https://www.press.bmwgroup.com/usa/article/detail/T0203223EN_US/bmw-motorrad-usa-appoints-national-marketing-manager,,,skip,category 1
2017-04-19,BMW Motorrad USA Expands BMW S 1000 RR Racer Support and Contingency Programs To Include WERA Triple Crown in Conjunction with MotoAmerica Series,https://www.press.bmwgroup.com/usa/article/detail/T0269940EN_US/bmw-motorrad-usa-expands-bmw-s-1000-rr-racer-support-and-contingency-programs-to-include-wera-triple-crown-in-conjunction-with-motoamerica-series,,,skip,category 1
2017-09-19,"BMW Motorrad USA Goes Full Throttle At AIMExpo, September 21-24",https://www.press.bmwgroup.com/usa/article/detail/T0274625EN_US/bmw-motorrad-usa-goes-full-throttle-at-aimexpo-september-21-24,,,skip,category 1
2017-10-25,BMW Motorrad USA Heads To SEMA Show Looking For Adventure,https://www.press.bmwgroup.com/usa/article/detail/T0275518EN_US/bmw-motorrad-usa-heads-to-sema-show-looking-for-adventure,,,skip,category 1
2014-11-14,BMW Motorrad USA Introduces BMW Motorrad Rider’s Equipment,https://www.press.bmwgroup.com/usa/article/detail/T0196343EN_US/bmw-motorrad-usa-introduces-bmw-motorrad-rider’s-equipment,,,skip,category 1
2016-07-26,BMW Motorrad USA Introduces New On-Board Luggage System For Off-Road Riding,https://www.press.bmwgroup.com/usa/article/detail/T0262310EN_US/bmw-motorrad-usa-introduces-new-on-board-luggage-system-for-off-road-riding,,,skip,category 1
2017-04-03,BMW Motorrad USA Introduces The EnduroGuard Suit,https://www.press.bmwgroup.com/usa/article/detail/T0269479EN_US/bmw-motorrad-usa-introduces-the-enduroguard-suit,,,skip,category 1
2015-05-15,BMW Motorrad USA Launches $1 Million Contingency And Rider Support Programs,https://www.press.bmwgroup.com/usa/article/detail/T0218223EN_US/bmw-motorrad-usa-launches-1-million-contingency-and-rider-support-programs,,,skip,category 1
2018-10-17,"BMW Motorrad USA Launches E-Commerce Site For Parts, Accessories And Rider Gear",https://www.press.bmwgroup.com/usa/article/detail/T0286029EN_US/bmw-motorrad-usa-launches-e-commerce-site-for-parts-accessories-and-rider-gear,,,skip,category 1
2014-10-03,BMW Motorrad USA Launches National Parts and Accessories Website,https://www.press.bmwgroup.com/usa/article/detail/T0194389EN_US/bmw-motorrad-usa-launches-national-parts-and-accessories-website,,,skip,category 1
2013-02-28,BMW Motorrad USA Launches “Feed Your Restless” TV Ad Campaign,https://www.press.bmwgroup.com/usa/article/detail/T0137312EN_US/bmw-motorrad-usa-launches-“feed-your-restless”-tv-ad-campaign,,,skip,category 1
2019-11-06,BMW Motorrad USA Names Hill Holliday Creative Agency of Record,https://www.press.bmwgroup.com/usa/article/detail/T0302490EN_US/bmw-motorrad-usa-names-hill-holliday-creative-agency-of-record,,,skip,category 1
2016-09-15,BMW Motorrad USA Names M&C Saatchi LA Creative Agency of Record,https://www.press.bmwgroup.com/usa/article/detail/T0263763EN_US/bmw-motorrad-usa-names-m-c-saatchi-la-creative-agency-of-record,,,skip,category 1
2013-05-01,BMW Motorrad USA Offers Rear Comfort Armrests For K 1600 GTL,https://www.press.bmwgroup.com/usa/article/detail/T0141179EN_US/bmw-motorrad-usa-offers-rear-comfort-armrests-for-k-1600-gtl,,,skip,category 1
2019-12-03,"BMW Motorrad USA Press Conference – Friday, December 6 At Progressive International Motorcycle Show In Manhattan",https://www.press.bmwgroup.com/usa/article/detail/T0303383EN_US/bmw-motorrad-usa-press-conference-–-friday-december-6-at-progressive-international-motorcycle-show-in-manhattan,,,skip,category 1
2019-11-18,"BMW Motorrad USA Press Conference – Friday, November 22",https://www.press.bmwgroup.com/usa/article/detail/T0302774EN_US/bmw-motorrad-usa-press-conference-–-friday-november-22,,,skip,category 1
2017-04-20,"BMW Motorrad USA Returns As Title Sponsor Of Handbuilt Motorcycle Show, April 21-23, In Austin, TX",https://www.press.bmwgroup.com/usa/article/detail/T0269988EN_US/bmw-motorrad-usa-returns-as-title-sponsor-of-handbuilt-motorcycle-show-april-21-23-in-austin-tx,,,skip,category 1
2018-09-25,"BMW Motorrad USA Returns To 14th Annual Barber Vintage Festival With Demo Rides, Vintage And Current Bike Displays, October 5-7",https://www.press.bmwgroup.com/usa/article/detail/T0285366EN_US/bmw-motorrad-usa-returns-to-14th-annual-barber-vintage-festival-with-demo-rides-vintage-and-current-bike-displays-october-5-7,,,skip,category 1
2018-04-11,"BMW Motorrad USA Returns To MotoGP Red Bull Grand Prix Of The Americas Races, April 20-22, With Nate Kern, Steve Weir, Racing Hopefuls, & Apparel Display",https://www.press.bmwgroup.com/usa/article/detail/T0280042EN_US/bmw-motorrad-usa-returns-to-motogp-red-bull-grand-prix-of-the-americas-races-april-20-22-with-nate-kern-steve-weir-racing-hopefuls-apparel-display,,,skip,category 1
2018-06-13,"BMW Motorrad USA Revs Up BMW MOA International Rally, July 12-15, With Demo Truck And Apparel Display.",https://www.press.bmwgroup.com/usa/article/detail/T0282112EN_US/bmw-motorrad-usa-revs-up-bmw-moa-international-rally-july-12-15-with-demo-truck-and-apparel-display,,,skip,category 1
2016-12-07,BMW Motorrad USA Revs Up Manhattan This Weekend At The Progressive International Motorcycle Show,https://www.press.bmwgroup.com/usa/article/detail/T0266488EN_US/bmw-motorrad-usa-revs-up-manhattan-this-weekend-at-the-progressive-international-motorcycle-show,,,skip,category 1
2018-05-04,"BMW Motorrad USA Rolls Into Americade, June 6-9, With Demo Truck and Apparel Display.",https://www.press.bmwgroup.com/usa/article/detail/T0280774EN_US/bmw-motorrad-usa-rolls-into-americade-june-6-9-with-demo-truck-and-apparel-display,,,skip,category 1
2012-07-17,BMW Motorrad USA Teams Up With Kushitani To Create Second Generation Line Of Premier Motorsports Jackets,https://www.press.bmwgroup.com/usa/article/detail/T0128488EN_US/bmw-motorrad-usa-teams-up-with-kushitani-to-create-second-generation-line-of-premier-motorsports-jackets,,,skip,category 1
2016-07-29,BMW Motorrad USA To Join Celebrity Panel Supporting Women Riders At Sturgis Buffalo Chip®,https://www.press.bmwgroup.com/usa/article/detail/T0262543EN_US/bmw-motorrad-usa-to-join-celebrity-panel-supporting-women-riders-at-sturgis-buffalo-chip®,,,skip,category 1
2017-04-20,"BMW Motorrad USA To Offer Demo Rides, Display, And BMW S 1000 RR Racers On The Grid At MotoGP Races, April 21-23, Circuit Of The Americas",https://www.press.bmwgroup.com/usa/article/detail/T0269989EN_US/bmw-motorrad-usa-to-offer-demo-rides-display-and-bmw-s-1000-rr-racers-on-the-grid-at-motogp-races-april-21-23-circuit-of-the-americas,,,skip,category 1
2016-04-01,"BMW Motorrad USA To Offer Demo Rides, Display, And Bike Raffle At MotoGP Races, April 8-10, Circuit Of The Americas",https://www.press.bmwgroup.com/usa/article/detail/T0258756EN_US/bmw-motorrad-usa-to-offer-demo-rides-display-and-bike-raffle-at-motogp-races-april-8-10-circuit-of-the-americas,,,skip,category 1
2016-03-30,"BMW Motorrad USA To Sponsor Handbuilt Motorcycle Show, April 8-10, In Austin, TX",https://www.press.bmwgroup.com/usa/article/detail/T0258647EN_US/bmw-motorrad-usa-to-sponsor-handbuilt-motorcycle-show-april-8-10-in-austin-tx,,,skip,category 1
2019-09-19,BMW Motorrad USA Welcomes BMW Motorcycles Of Temecula,https://www.press.bmwgroup.com/usa/article/detail/T0300963EN_US/bmw-motorrad-usa-welcomes-bmw-motorcycles-of-temecula,,,skip,category 1
2016-02-24,BMW Motorrad USA Welcomes BMW Motorcycles Of The Woodlands,https://www.press.bmwgroup.com/usa/article/detail/T0257122EN_US/bmw-motorrad-usa-welcomes-bmw-motorcycles-of-the-woodlands,,,skip,category 1
2014-04-10,BMW Motorrad USA Welcomes BMW Motorcycles of Alcoa to Dealer Network,https://www.press.bmwgroup.com/usa/article/detail/T0177795EN_US/bmw-motorrad-usa-welcomes-bmw-motorcycles-of-alcoa-to-dealer-network,,,skip,category 1
2015-06-02,BMW Motorrad USA Welcomes BMW Motorcycles of Birmingham to Dealer Network,https://www.press.bmwgroup.com/usa/article/detail/T0220544EN_US/bmw-motorrad-usa-welcomes-bmw-motorcycles-of-birmingham-to-dealer-network,,,skip,category 1
2017-01-06,BMW Motorrad USA Welcomes BMW Motorcycles of Burbank,https://www.press.bmwgroup.com/usa/article/detail/T0267042EN_US/bmw-motorrad-usa-welcomes-bmw-motorcycles-of-burbank,,,skip,category 1
2014-11-07,BMW Motorrad USA Welcomes BMW Motorcycles of Denton to Dealer Network,https://www.press.bmwgroup.com/usa/article/detail/T0196058EN_US/bmw-motorrad-usa-welcomes-bmw-motorcycles-of-denton-to-dealer-network,,,skip,category 1
2015-04-22,BMW Motorrad USA Welcomes BMW Motorcycles of Dulles to Dealer Network,https://www.press.bmwgroup.com/usa/article/detail/T0214182EN_US/bmw-motorrad-usa-welcomes-bmw-motorcycles-of-dulles-to-dealer-network,,,skip,category 1
2013-06-06,BMW Motorrad USA Welcomes BMW Motorcycles of Ferndale to Dealer Network,https://www.press.bmwgroup.com/usa/article/detail/T0142624EN_US/bmw-motorrad-usa-welcomes-bmw-motorcycles-of-ferndale-to-dealer-network,,,skip,category 1
2015-06-03,BMW Motorrad USA Welcomes BMW Motorcycles of Hilliard to Dealer Network,https://www.press.bmwgroup.com/usa/article/detail/T0220842EN_US/bmw-motorrad-usa-welcomes-bmw-motorcycles-of-hilliard-to-dealer-network,,,skip,category 1
2014-11-07,BMW Motorrad USA Welcomes BMW Motorcycles of Huntsville to Dealer Network,https://www.press.bmwgroup.com/usa/article/detail/T0196060EN_US/bmw-motorrad-usa-welcomes-bmw-motorcycles-of-huntsville-to-dealer-network,,,skip,category 1
2015-03-23,BMW Motorrad USA Welcomes BMW Motorcycles of Lynnwood to Dealer Network,https://www.press.bmwgroup.com/usa/article/detail/T0209742EN_US/bmw-motorrad-usa-welcomes-bmw-motorcycles-of-lynnwood-to-dealer-network,,,skip,category 1
2014-12-22,BMW Motorrad USA Welcomes BMW Motorcycles of McDonough to Dealer Network,https://www.press.bmwgroup.com/usa/article/detail/T0199023EN_US/bmw-motorrad-usa-welcomes-bmw-motorcycles-of-mcdonough-to-dealer-network,,,skip,category 1
2014-01-27,BMW Motorrad USA Welcomes BMW Motorcycles of New Orleans to Dealer Network,https://www.press.bmwgroup.com/usa/article/detail/T0164956EN_US/bmw-motorrad-usa-welcomes-bmw-motorcycles-of-new-orleans-to-dealer-network,,,skip,category 1
2014-05-27,BMW Motorrad USA Welcomes BMW Motorcycles of Oklahoma City to Dealer Network,https://www.press.bmwgroup.com/usa/article/detail/T0181642EN_US/bmw-motorrad-usa-welcomes-bmw-motorcycles-of-oklahoma-city-to-dealer-network,,,skip,category 1
2017-07-18,BMW Motorrad USA Welcomes BMW Motorcycles of Palm Bay,https://www.press.bmwgroup.com/usa/article/detail/T0272823EN_US/bmw-motorrad-usa-welcomes-bmw-motorcycles-of-palm-bay,,,skip,category 1
2015-10-15,BMW Motorrad USA Welcomes BMW Motorcycles of Peoria to Dealer Network,https://www.press.bmwgroup.com/usa/article/detail/T0239082EN_US/bmw-motorrad-usa-welcomes-bmw-motorcycles-of-peoria-to-dealer-network,,,skip,category 1
2015-02-12,BMW Motorrad USA Welcomes BMW Motorcycles of Prosser to Dealer Network,https://www.press.bmwgroup.com/usa/article/detail/T0204362EN_US/bmw-motorrad-usa-welcomes-bmw-motorcycles-of-prosser-to-dealer-network,,,skip,category 1
2015-08-17,BMW Motorrad USA Welcomes BMW Motorcycles of Santa Clarita to Dealer Network,https://www.press.bmwgroup.com/usa/article/detail/T0230543EN_US/bmw-motorrad-usa-welcomes-bmw-motorcycles-of-santa-clarita-to-dealer-network,,,skip,category 1
2015-04-21,BMW Motorrad USA Welcomes BMW Motorcycles of Shreveport to Dealer Network,https://www.press.bmwgroup.com/usa/article/detail/T0214003EN_US/bmw-motorrad-usa-welcomes-bmw-motorcycles-of-shreveport-to-dealer-network,,,skip,category 1
2014-09-17,BMW Motorrad USA Welcomes BMW Motorcycles of West Palm Beach to Dealer Network,https://www.press.bmwgroup.com/usa/article/detail/T0193469EN_US/bmw-motorrad-usa-welcomes-bmw-motorcycles-of-west-palm-beach-to-dealer-network,,,skip,category 1
2016-05-18,BMW Motorrad USA Welcomes HP Race Support Engineer Steve Weir,https://www.press.bmwgroup.com/usa/article/detail/T0260208EN_US/bmw-motorrad-usa-welcomes-hp-race-support-engineer-steve-weir,,,skip,category 1
2016-03-17,BMW Motorrad USA Welcomes Spring With Season Start Weekend Campaign,https://www.press.bmwgroup.com/usa/article/detail/T0258394EN_US/bmw-motorrad-usa-welcomes-spring-with-season-start-weekend-campaign,,,skip,category 1
2024-09-16,BMW Motorrad USA and BDR present Chattahoochee BDR-X.,https://www.press.bmwgroup.com/usa/article/detail/T0444983EN_US/bmw-motorrad-usa-and-bdr-present-chattahoochee-bdr-x,,,skip,category 1
2024-02-08,BMW Motorrad USA and Backcountry Discover Routes Unveil New Northern California BDR Route.,https://www.press.bmwgroup.com/usa/article/detail/T0439649EN_US/bmw-motorrad-usa-and-backcountry-discover-routes-unveil-new-northern-california-bdr-route,,,skip,category 1
2022-01-18,BMW Motorrad USA and Backcountry Discovery Routes announce Wyoming Backcountry Discovery Route (WYBDR).,https://www.press.bmwgroup.com/usa/article/detail/T0364416EN_US/bmw-motorrad-usa-and-backcountry-discovery-routes-announce-wyoming-backcountry-discovery-route-wybdr,,,skip,category 1
2022-06-27,BMW Motorrad USA and California Superbike School Renew Relationship,https://www.press.bmwgroup.com/usa/article/detail/T0401868EN_US/bmw-motorrad-usa-and-california-superbike-school-renew-relationship,,,skip,category 1
2023-08-01,BMW Motorrad USA and the BMW U.S. Rider Academy Announce U.S. International GS Trophy Team Qualifiers.,https://www.press.bmwgroup.com/usa/article/detail/T0426398EN_US/bmw-motorrad-usa-and-the-bmw-u-s-rider-academy-announce-u-s-international-gs-trophy-team-qualifiers,,,skip,category 1
2024-02-02,BMW Motorrad USA and the Barber Vintage Festival Partner to Donate All Kids Bike Bicycles to Leeds Primary School in Alabama.,https://www.press.bmwgroup.com/usa/article/detail/T0439514EN_US/bmw-motorrad-usa-and-the-barber-vintage-festival-partner-to-donate-all-kids-bike-bicycles-to-leeds-primary-school-in-alabama,,,skip,category 1
2023-08-02,BMW Motorrad USA announces BMW Motorrad Days Americas.,https://www.press.bmwgroup.com/usa/article/detail/T0426738EN_US/bmw-motorrad-usa-announces-bmw-motorrad-days-americas,,,skip,category 1
2014-06-17,BMW Motorrad USA to Debut New R 1200 RT-P Police Motorcycle,https://www.press.bmwgroup.com/usa/article/detail/T0184122EN_US/bmw-motorrad-usa-to-debut-new-r-1200-rt-p-police-motorcycle,,,skip,category 1
2018-02-23,"BMW Motorrad USA, M&C Saatchi LA Team Up To Produce the Someday Ride",https://www.press.bmwgroup.com/usa/article/detail/T0278770EN_US/bmw-motorrad-usa-m-c-saatchi-la-team-up-to-produce-the-someday-ride,,,skip,category 1
2016-10-11,BMW Motorrad VISION NEXT 100: The Great Escape,https://www.press.bmwgroup.com/usa/article/detail/T0264772EN_US/bmw-motorrad-vision-next-100:-the-great-escape,,,skip,category 1
2021-09-06,BMW Motorrad Vision AMBY.,https://www.press.bmwgroup.com/usa/article/detail/T0341643EN_US/bmw-motorrad-vision-amby,,,skip,category 1
2015-03-16,"BMW Motorrad achieves 13.5% sales increase in February. Highest-ever February sales with 9,195 vehicles sold.",https://www.press.bmwgroup.com/usa/article/detail/T0208502EN_US/bmw-motorrad-achieves-13-5-sales-increase-in-february-highest-ever-february-sales-with-9-195-vehicles-sold,,,skip,category 1
2015-04-17,"BMW Motorrad achieves best quarterly results of all time. More than 30,000 units sold as per March for the first time.",https://www.press.bmwgroup.com/usa/article/detail/T0213382EN_US/bmw-motorrad-achieves-best-quarterly-results-of-all-time-more-than-30-000-units-sold-as-per-march-for-the-first-time,,,skip,category 1
2014-04-08,BMW Motorrad achieves new all-time high in March. Most successful month in the company's history.,https://www.press.bmwgroup.com/usa/article/detail/T0177731EN_US/bmw-motorrad-achieves-new-all-time-high-in-march-most-successful-month-in-the-company-s-history,,,skip,category 1
2015-10-08,"BMW Motorrad achieves new all-time high in the third quarter. Already more than 100,000 units sold as of August for the first time. Repositioning of the brand moves ahead.",https://www.press.bmwgroup.com/usa/article/detail/T0238122EN_US/bmw-motorrad-achieves-new-all-time-high-in-the-third-quarter-already-more-than-100-000-units-sold-as-of-august-for-the-first-time-repositioning-of-the-brand-moves-ahead,,,skip,category 1
2015-05-11,BMW Motorrad achieves new sales record in April. Deliveries continuously above previous year in the first four months.,https://www.press.bmwgroup.com/usa/article/detail/T0217279EN_US/bmw-motorrad-achieves-new-sales-record-in-april-deliveries-continuously-above-previous-year-in-the-first-four-months,,,skip,category 1
2023-01-20,BMW Motorrad achieves the best sales result in the company's history.,https://www.press.bmwgroup.com/usa/article/detail/T0407640EN_US/bmw-motorrad-achieves-the-best-sales-result-in-the-company-s-history,,,skip,category 1
2021-07-19,BMW Motorrad and Marshall announce strategic partnership.,https://www.press.bmwgroup.com/usa/article/detail/T0338214EN_US/bmw-motorrad-and-marshall-announce-strategic-partnership,,,skip,category 1
2024-01-02,BMW Motorrad and Metzeler climb the world's highest active volcano with series production BMW R 1300 GS models.,https://www.press.bmwgroup.com/usa/article/detail/T0438919EN_US/bmw-motorrad-and-metzeler-climb-the-world-s-highest-active-volcano-with-series-production-bmw-r-1300-gs-models,,,skip,category 1
2023-05-11,BMW Motorrad celebrates 100 years of success.  Major anniversary exhibition at the BMW Museum.,https://www.press.bmwgroup.com/usa/article/detail/T0416579EN_US/bmw-motorrad-celebrates-100-years-of-success-major-anniversary-exhibition-at-the-bmw-museum,,,skip,category 1
2013-10-17,BMW Motorrad celebrates its 90th anniversary in the BMW Museum. World premiere of the new BMW R nineT.,https://www.press.bmwgroup.com/usa/article/detail/T0151166EN_US/bmw-motorrad-celebrates-its-90th-anniversary-in-the-bmw-museum-world-premiere-of-the-new-bmw-r-ninet,,,skip,category 1
2023-06-21,BMW Motorrad celebrates one millionth GS with boxer engine.,https://www.press.bmwgroup.com/usa/article/detail/T0421799EN_US/bmw-motorrad-celebrates-one-millionth-gs-with-boxer-engine,,,skip,category 1
2023-02-27,BMW Motorrad celebrates the 21st BMW Motorrad Days and the Pure&Crafted Festival.,https://www.press.bmwgroup.com/usa/article/detail/T0409842EN_US/bmw-motorrad-celebrates-the-21st-bmw-motorrad-days-and-the-pure-crafted-festival,,,skip,category 1
2013-07-24,BMW Motorrad continues its strategic realignment in motorsport.,https://www.press.bmwgroup.com/usa/article/detail/T0144067EN_US/bmw-motorrad-continues-its-strategic-realignment-in-motorsport,,,skip,category 1
2024-01-22,BMW Motorrad crowns its 100th anniversary with the strongest sales result in the company's history.,https://www.press.bmwgroup.com/usa/article/detail/T0439232EN_US/bmw-motorrad-crowns-its-100th-anniversary-with-the-strongest-sales-result-in-the-company-s-history,,,skip,category 1
2018-04-01,BMW Motorrad iParts Revolutionizes Spare Parts Management,https://www.press.bmwgroup.com/usa/article/detail/T0279711EN_US/bmw-motorrad-iparts-revolutionizes-spare-parts-management,,,skip,category 1
2014-03-10,"BMW Motorrad increases sales by 18.3 % in February. Strongest February sales ever with 8,098 vehicles sold.",https://www.press.bmwgroup.com/usa/article/detail/T0171448EN_US/bmw-motorrad-increases-sales-by-18-3-in-february-strongest-february-sales-ever-with-8-098-vehicles-sold,,,skip,category 1
2014-07-10,BMW Motorrad on course for a new sales record half way into the year. Growth at 9.3% as of June.,https://www.press.bmwgroup.com/usa/article/detail/T0187263EN_US/bmw-motorrad-on-course-for-a-new-sales-record-half-way-into-the-year-growth-at-9-3-as-of-june,,,skip,category 1
2016-07-18,BMW Motorrad partners with mobile technology company Rever. Building up a global community of motorcycle riders to share the passion of motorcycling.,https://www.press.bmwgroup.com/usa/article/detail/T0262080EN_US/bmw-motorrad-partners-with-mobile-technology-company-rever-building-up-a-global-community-of-motorcycle-riders-to-share-the-passion-of-motorcycling,,,skip,category 1
2014-08-11,BMW Motorrad posts new all-time retail high in July. Sales at 8.5% above previous year as of July.,https://www.press.bmwgroup.com/usa/article/detail/T0191482EN_US/bmw-motorrad-posts-new-all-time-retail-high-in-july-sales-at-8-5-above-previous-year-as-of-july,,,skip,category 1
2022-09-20,BMW Motorrad presents Akrapovič rear silencers for the BMW R 18.,https://www.press.bmwgroup.com/usa/article/detail/T0403860EN_US/bmw-motorrad-presents-akrapovič-rear-silencers-for-the-bmw-r-18,,,skip,category 1
2023-04-01,BMW Motorrad presents BMW iFace.,https://www.press.bmwgroup.com/usa/article/detail/T0412004EN_US/bmw-motorrad-presents-bmw-iface,,,skip,category 1
2023-07-17,BMW Motorrad presents Customizing Championship.,https://www.press.bmwgroup.com/usa/article/detail/T0424339EN_US/bmw-motorrad-presents-customizing-championship,,,skip,category 1
2025-09-16,BMW Motorrad presents The Tracker accessories package for the BMW R 12 nineT.,https://www.press.bmwgroup.com/usa/article/detail/T0452768EN_US/bmw-motorrad-presents-the-tracker-accessories-package-for-the-bmw-r-12-ninet,,,skip,category 1
2025-08-16,BMW Motorrad presents The Tracker accessories package for the BMW R 12 nineT.,https://www.press.bmwgroup.com/usa/article/detail/T0452161EN_US/bmw-motorrad-presents-the-tracker-accessories-package-for-the-bmw-r-12-ninet,,,skip,category 1
2024-05-02,BMW Motorrad presents the Automated Shift Assistant (ASA).,https://www.press.bmwgroup.com/usa/article/detail/T0441532EN_US/bmw-motorrad-presents-the-automated-shift-assistant-asa,,,skip,category 1
2024-08-05,BMW Motorrad presents the BMW CE 02 x VAGABUND.,https://www.press.bmwgroup.com/usa/article/detail/T0444248EN_US/bmw-motorrad-presents-the-bmw-ce-02-x-vagabund,,,skip,category 1
2023-03-01,BMW Motorrad presents the BMW CE 04 Vagabund Moto Concept.,https://www.press.bmwgroup.com/usa/article/detail/T0409843EN_US/bmw-motorrad-presents-the-bmw-ce-04-vagabund-moto-concept,,,skip,category 1
2024-11-05,BMW Motorrad presents the BMW Concept F 450 GS.,https://www.press.bmwgroup.com/usa/article/detail/T0446165EN_US/bmw-motorrad-presents-the-bmw-concept-f-450-gs,,,skip,category 1
2025-11-04,BMW Motorrad presents the BMW F 450 GS.,https://www.press.bmwgroup.com/usa/article/detail/T0453699EN_US/bmw-motorrad-presents-the-bmw-f-450-gs,,,skip,category 1
2022-05-20,BMW Motorrad presents the BMW M 1000 RR as the anniversary model M RR 50 Years M.,https://www.press.bmwgroup.com/usa/article/detail/T0391614EN_US/bmw-motorrad-presents-the-bmw-m-1000-rr-as-the-anniversary-model-m-rr-50-years-m,,,skip,category 1
2026-03-02,BMW Motorrad presents the BMW R 1300 R Superhooligan.,https://www.press.bmwgroup.com/usa/article/detail/T0455879EN_US/bmw-motorrad-presents-the-bmw-r-1300-r-superhooligan,,,skip,category 1
2024-05-24,BMW Motorrad presents the BMW R20 concept.,https://www.press.bmwgroup.com/usa/article/detail/T0442359EN_US/bmw-motorrad-presents-the-bmw-r20-concept,,,skip,category 1
2022-06-24,BMW Motorrad presents the ConnectedRide Com U1 Communications System.,https://www.press.bmwgroup.com/usa/article/detail/T0401773EN_US/bmw-motorrad-presents-the-connectedride-com-u1-communications-system,,,skip,category 1
2026-07-14,BMW Motorrad presents the GS Trophy Competition Bike - the BMW R 12 G/S.,https://www.press.bmwgroup.com/usa/article/detail/T0459318EN_US/bmw-motorrad-presents-the-gs-trophy-competition-bike-the-bmw-r-12-g/s,,,skip,category 1
2023-03-13,BMW Motorrad presents the R 18 B HEAVY DUTY.,https://www.press.bmwgroup.com/usa/article/detail/T0410803EN_US/bmw-motorrad-presents-the-r-18-b-heavy-duty,,,skip,category 1
2024-01-19,BMW Motorrad presents the R 18 One Eight “C”.,https://www.press.bmwgroup.com/usa/article/detail/T0439206EN_US/bmw-motorrad-presents-the-r-18-one-eight-“c”,,,skip,category 1
2022-05-25,BMW Motorrad presents the Urban Collection.,https://www.press.bmwgroup.com/usa/article/detail/T0394273EN_US/bmw-motorrad-presents-the-urban-collection,,,skip,category 1
2012-11-26,"BMW Motorrad presents the judging panel for the “Ride of your Life” tour. Adrien Brody, Rick Yune, Charley Boorman and Jutta Kleinschmidt will choose which bikers go on the tour.",https://www.press.bmwgroup.com/usa/article/detail/T0134622EN_US/bmw-motorrad-presents-the-judging-panel-for-the-“ride-of-your-life”-tour-adrien-brody-rick-yune-charley-boorman-and-jutta-kleinschmidt-will-choose-which-bikers-go-on-the-tour,,,skip,category 1
2024-10-30,"BMW Motorrad presents the new BMW M 1000 RR, BMW S 1000 RR, BMW M 1000 R and BMW S 1000 R.",https://www.press.bmwgroup.com/usa/article/detail/T0446053EN_US/bmw-motorrad-presents-the-new-bmw-m-1000-rr-bmw-s-1000-rr-bmw-m-1000-r-and-bmw-s-1000-r,,,skip,category 1
2025-04-10,BMW Motorrad presents the new BMW R 1300 R.,https://www.press.bmwgroup.com/usa/article/detail/T0449524EN_US/bmw-motorrad-presents-the-new-bmw-r-1300-r,,,skip,category 2
2021-11-08,BMW Motorrad presents the next SoulFuel bike.,https://www.press.bmwgroup.com/usa/article/detail/T0355992EN_US/bmw-motorrad-presents-the-next-soulfuel-bike,,,skip,category 1
2025-01-17,BMW Motorrad presents the strongest sales result in company history.,https://www.press.bmwgroup.com/usa/article/detail/T0447547EN_US/bmw-motorrad-presents-the-strongest-sales-result-in-company-history,,,skip,category 1
2025-05-23,BMW Motorrad presents the „BMW Motorrad Concept RR“ at the Concorso d'Eleganza Villa d'Este.,https://www.press.bmwgroup.com/usa/article/detail/T0450268EN_US/bmw-motorrad-presents-the-„bmw-motorrad-concept-rr“-at-the-concorso-d-eleganza-villa-d-este,,,skip,category 1
2026-05-15,BMW Motorrad presents the „BMW Motorrad Vision K18“ at the Concorso d'Eleganza Villa d'Este.,https://www.press.bmwgroup.com/usa/article/detail/T0457827EN_US/bmw-motorrad-presents-the-„bmw-motorrad-vision-k18“-at-the-concorso-d-eleganza-villa-d-este,,,skip,category 1
2021-11-29,BMW Motorrad presents “The Great Getaway”,https://www.press.bmwgroup.com/usa/article/detail/T0361996EN_US/bmw-motorrad-presents-“the-great-getaway”,,,skip,category 1
2024-02-07,BMW Motorrad returns to Garmisch-Partenkirchen with the BMW Motorrad Days.,https://www.press.bmwgroup.com/usa/article/detail/T0439646EN_US/bmw-motorrad-returns-to-garmisch-partenkirchen-with-the-bmw-motorrad-days,,,skip,category 1
2012-11-08,BMW Motorrad sells 7.7 % more vehicles in October. Husqvarna Motorcycles vehicle supplies 22.9 % above previous year as of October.,https://www.press.bmwgroup.com/usa/article/detail/T0134187EN_US/bmw-motorrad-sells-7-7-more-vehicles-in-october-husqvarna-motorcycles-vehicle-supplies-22-9-above-previous-year-as-of-october,,,skip,category 1
2015-06-11,"BMW Motorrad sells more than 15,000 vehicles in May, achieving its best May result ever with an increase of 6.5%.The company remains well on course for growth.",https://www.press.bmwgroup.com/usa/article/detail/T0221766EN_US/bmw-motorrad-sells-more-than-15-000-vehicles-in-may-achieving-its-best-may-result-ever-with-an-increase-of-6-5-the-company-remains-well-on-course-for-growth,,,skip,category 1
2012-09-16,"BMW Motorsport News: Three questions for Spengler, Dienst wins Formula BMW Talent Cup.",https://www.press.bmwgroup.com/usa/article/detail/T0132131EN_US/bmw-motorsport-news:-three-questions-for-spengler-dienst-wins-formula-bmw-talent-cup,,,skip,category 1
2012-12-01,BMW Motorsport Season Review.,https://www.press.bmwgroup.com/usa/article/detail/T0134911EN_US/bmw-motorsport-season-review,,,skip,category 1
2015-10-02,BMW Motorsport announces plans for BMW M6 GTLM with BMW Team RLL in the IMSA WeatherTech SportsCar Championship.,https://www.press.bmwgroup.com/usa/article/detail/T0237142EN_US/bmw-motorsport-announces-plans-for-bmw-m6-gtlm-with-bmw-team-rll-in-the-imsa-weathertech-sportscar-championship,,,skip,category 1
2017-12-15,BMW Motorsport honours the top drivers and teams in the BMW Sports Trophy at the Season Review in Munich.,https://www.press.bmwgroup.com/usa/article/detail/T0277204EN_US/bmw-motorsport-honours-the-top-drivers-and-teams-in-the-bmw-sports-trophy-at-the-season-review-in-munich,,,skip,category 1
2025-03-10,BMW NA 50th Anniversary | 50 Stories for 50 Years  Chapter 10: “The BMW Gallery: A Showcase for The Brand and Art” .,https://www.press.bmwgroup.com/usa/article/detail/T0448726EN_US/bmw-na-50th-anniversary-|-50-stories-for-50-years-chapter-10:-“the-bmw-gallery:-a-showcase-for-the-brand-and-art”,,,skip,category 1
2025-03-17,BMW NA 50th Anniversary | 50 Stories for 50 Years  Chapter 11: “Woodcliff Lake: New Headquarters for a Growing Company.,https://www.press.bmwgroup.com/usa/article/detail/T0448963EN_US/bmw-na-50th-anniversary-|-50-stories-for-50-years-chapter-11:-“woodcliff-lake:-new-headquarters-for-a-growing-company,,,skip,category 1
2025-03-25,BMW NA 50th Anniversary | 50 Stories for 50 Years  Chapter 12: “New Luxury Competition from Japan”,https://www.press.bmwgroup.com/usa/article/detail/T0449097EN_US/bmw-na-50th-anniversary-|-50-stories-for-50-years-chapter-12:-“new-luxury-competition-from-japan”,,,skip,category 1
2025-04-01,BMW NA 50th Anniversary | 50 Stories for 50 Years  Chapter 13: “Rebuilding the brand after the Yuppies”.,https://www.press.bmwgroup.com/usa/article/detail/T0449318EN_US/bmw-na-50th-anniversary-|-50-stories-for-50-years-chapter-13:-“rebuilding-the-brand-after-the-yuppies”,,,skip,category 1
2025-04-14,BMW NA 50th Anniversary | 50 Stories for 50 Years  Chapter 15: “A Capital Investment: BMW Financial Services Stokes Growth”.,https://www.press.bmwgroup.com/usa/article/detail/T0449582EN_US/bmw-na-50th-anniversary-|-50-stories-for-50-years-chapter-15:-“a-capital-investment:-bmw-financial-services-stokes-growth”,,,skip,category 1
2025-04-21,BMW NA 50th Anniversary | 50 Stories for 50 Years  Chapter 16: “BMW Manufacturing: Commitment to America”.,https://www.press.bmwgroup.com/usa/article/detail/T0449693EN_US/bmw-na-50th-anniversary-|-50-stories-for-50-years-chapter-16:-“bmw-manufacturing:-commitment-to-america”,,,skip,category 1
2025-05-06,BMW NA 50th Anniversary | 50 Stories for 50 Years  Chapter 18: “The Olympic Spirit: BMW Sponsors the Torch Relay and Atlanta Olympic Games”,https://www.press.bmwgroup.com/usa/article/detail/T0449977EN_US/bmw-na-50th-anniversary-|-50-stories-for-50-years-chapter-18:-“the-olympic-spirit:-bmw-sponsors-the-torch-relay-and-atlanta-olympic-games”,,,skip,category 1
2025-05-14,BMW NA 50th Anniversary | 50 Stories for 50 Years  Chapter 19: “A New Era in Advertising: BMW and Fallon McElligot Expand the Boundaries”.,https://www.press.bmwgroup.com/usa/article/detail/T0450079EN_US/bmw-na-50th-anniversary-|-50-stories-for-50-years-chapter-19:-“a-new-era-in-advertising:-bmw-and-fallon-mcelligot-expand-the-boundaries”,,,skip,category 1
2025-05-21,BMW NA 50th Anniversary | 50 Stories for 50 Years  Chapter 20: “The Z3 Roadster Phenomenon: Freedom and Fun from Spartanburg”.,https://www.press.bmwgroup.com/usa/article/detail/T0450285EN_US/bmw-na-50th-anniversary-|-50-stories-for-50-years-chapter-20:-“the-z3-roadster-phenomenon:-freedom-and-fun-from-spartanburg”,,,skip,category 1
2025-05-27,BMW NA 50th Anniversary | 50 Stories for 50 Years  Chapter 21: “Motorcycles for the Police: BMW wins over the California Highway Patrol”,https://www.press.bmwgroup.com/usa/article/detail/T0450435EN_US/bmw-na-50th-anniversary-|-50-stories-for-50-years-chapter-21:-“motorcycles-for-the-police:-bmw-wins-over-the-california-highway-patrol”,,,skip,category 1
2025-06-02,BMW NA 50th Anniversary | 50 Stories for 50 Years  Chapter 22: “A BMW Motorcycle built for America: The R 1200 C”.,https://www.press.bmwgroup.com/usa/article/detail/T0450539EN_US/bmw-na-50th-anniversary-|-50-stories-for-50-years-chapter-22:-“a-bmw-motorcycle-built-for-america:-the-r-1200-c”,,,skip,category 1
2025-06-18,BMW NA 50th Anniversary | 50 Stories for 50 Years  Chapter 24: “The Ultimate Brand Experience: Getting up to Speed at the BMW Performance Center”,https://www.press.bmwgroup.com/usa/article/detail/T0450806EN_US/bmw-na-50th-anniversary-|-50-stories-for-50-years-chapter-24:-“the-ultimate-brand-experience:-getting-up-to-speed-at-the-bmw-performance-center”,,,skip,category 1
2025-06-24,"BMW NA 50th Anniversary | 50 Stories for 50 Years  Chapter 25: “The Silicon Valley Connection:  BMW Opens a Technology Office in Palo Alto, CA”.",https://www.press.bmwgroup.com/usa/article/detail/T0450957EN_US/bmw-na-50th-anniversary-|-50-stories-for-50-years-chapter-25:-“the-silicon-valley-connection:-bmw-opens-a-technology-office-in-palo-alto-ca”,,,skip,category 1
2025-07-07,BMW NA 50th Anniversary | 50 Stories for 50 Years  Chapter 26: “Preserving the Past for The Future: Saving The Products That Established BMW Group’s Brand Identities in the USA.”,https://www.press.bmwgroup.com/usa/article/detail/T0451225EN_US/bmw-na-50th-anniversary-|-50-stories-for-50-years-chapter-26:-“preserving-the-past-for-the-future:-saving-the-products-that-established-bmw-group’s-brand-identities-in-the-usa-”,,,skip,category 1
2025-07-07,BMW NA 50th Anniversary | 50 Stories for 50 Years  Chapter 27: “The Hire: BMW’s Revolutionary Brand Campaign”.,https://www.press.bmwgroup.com/usa/article/detail/T0451233EN_US/bmw-na-50th-anniversary-|-50-stories-for-50-years-chapter-27:-“the-hire:-bmw’s-revolutionary-brand-campaign”,,,skip,category 1
2025-07-15,BMW NA 50th Anniversary | 50 Stories for 50 Years  Chapter 28: “Sibling Rivalry: BMW NA Battles BMW Motorsport for the 2001 ALMS Title”.,https://www.press.bmwgroup.com/usa/article/detail/T0451396EN_US/bmw-na-50th-anniversary-|-50-stories-for-50-years-chapter-28:-“sibling-rivalry:-bmw-na-battles-bmw-motorsport-for-the-2001-alms-title”,,,skip,category 1
2025-01-22,BMW NA 50th Anniversary | 50 Stories for 50 Years  Chapter 2: “Before BMW of North America: The Max Hoffman Era” Written by: Jackie Jouret,https://www.press.bmwgroup.com/usa/article/detail/T0447509EN_US/bmw-na-50th-anniversary-|-50-stories-for-50-years-chapter-2:-“before-bmw-of-north-america:-the-max-hoffman-era”-written-by:-jackie-jouret,,,skip,category 1
2025-07-28,BMW NA 50th Anniversary | 50 Stories for 50 Years  Chapter 30: “The little car that could: MINI conquers the States”,https://www.press.bmwgroup.com/usa/article/detail/T0451577EN_US/bmw-na-50th-anniversary-|-50-stories-for-50-years-chapter-30:-“the-little-car-that-could:-mini-conquers-the-states”,,,skip,category 1
2025-08-04,BMW NA 50th Anniversary | 50 Stories for 50 Years  Chapter 31: “Formula-BMW USA: For the Future of Racing,https://www.press.bmwgroup.com/usa/article/detail/T0451751EN_US/bmw-na-50th-anniversary-|-50-stories-for-50-years-chapter-31:-“formula-bmw-usa:-for-the-future-of-racing,,,skip,category 1
2025-08-19,BMW NA 50th Anniversary | 50 Stories for 50 Years  Chapter 33: “Just for U.S.: BMW of North America Creates Special Models with Enhanced Enthusiast Appeal”,https://www.press.bmwgroup.com/usa/article/detail/T0451994EN_US/bmw-na-50th-anniversary-|-50-stories-for-50-years-chapter-33:-“just-for-u-s-:-bmw-of-north-america-creates-special-models-with-enhanced-enthusiast-appeal”,,,skip,category 1
2025-08-26,BMW NA 50th Anniversary | 50 Stories for 50 Years  Chapter 34: “Joy is BMW: BMW Brand Advertising Goes Global”,https://www.press.bmwgroup.com/usa/article/detail/T0452132EN_US/bmw-na-50th-anniversary-|-50-stories-for-50-years-chapter-34:-“joy-is-bmw:-bmw-brand-advertising-goes-global”,,,skip,category 1
2025-09-02,BMW NA 50th Anniversary | 50 Stories for 50 Years  Chapter 35: “BMW goes electric: From the 1602 to the ActiveE”.,https://www.press.bmwgroup.com/usa/article/detail/T0452308EN_US/bmw-na-50th-anniversary-|-50-stories-for-50-years-chapter-35:-“bmw-goes-electric:-from-the-1602-to-the-activee”,,,skip,category 1
2025-09-08,BMW NA 50th Anniversary | 50 Stories for 50 Years  Chapter 36: “Terrorism hits close to home: BMW of North America responds to 9/11”,https://www.press.bmwgroup.com/usa/article/detail/T0452475EN_US/bmw-na-50th-anniversary-|-50-stories-for-50-years-chapter-36:-“terrorism-hits-close-to-home:-bmw-of-north-america-responds-to-9/11”,,,skip,category 1
2025-09-15,BMW NA 50th Anniversary | 50 Stories for 50 Years  Chapter 37 “Project i: Urban Mobility of the Future”.,https://www.press.bmwgroup.com/usa/article/detail/T0452713EN_US/bmw-na-50th-anniversary-|-50-stories-for-50-years-chapter-37-“project-i:-urban-mobility-of-the-future”,,,skip,category 1
2025-09-22,BMW NA 50th Anniversary | 50 Stories for 50 Years  Chapter 38: “Black Gold: BMW Bets Big on Carbon Fiber”,https://www.press.bmwgroup.com/usa/article/detail/T0452906EN_US/bmw-na-50th-anniversary-|-50-stories-for-50-years-chapter-38:-“black-gold:-bmw-bets-big-on-carbon-fiber”,,,skip,category 1
2025-09-29,BMW NA 50th Anniversary | 50 Stories for 50 Years  Chapter 39: “From Sponsor to Partner: BMW of North America Lends Technology Expertise to the US Olympic Team”,https://www.press.bmwgroup.com/usa/article/detail/T0452990EN_US/bmw-na-50th-anniversary-|-50-stories-for-50-years-chapter-39:-“from-sponsor-to-partner:-bmw-of-north-america-lends-technology-expertise-to-the-us-olympic-team”,,,skip,category 1
2025-01-22,BMW NA 50th Anniversary | 50 Stories for 50 Years  Chapter 3: “Bob Lutz: The New BMW AG Board Member  Shakes up the Worldwide Distribution System”  Written by: Jackie Jouret,https://www.press.bmwgroup.com/usa/article/detail/T0447619EN_US/bmw-na-50th-anniversary-|-50-stories-for-50-years-chapter-3:-“bob-lutz:-the-new-bmw-ag-board-member-shakes-up-the-worldwide-distribution-system”-written-by:-jackie-jouret,,,skip,category 1
2025-10-28,"BMW NA 50th Anniversary | 50 Stories for 50 Years  Chapter 43: “Sustained Growth in the 21st Century"".",https://www.press.bmwgroup.com/usa/article/detail/T0453583EN_US/bmw-na-50th-anniversary-|-50-stories-for-50-years-chapter-43:-“sustained-growth-in-the-21st-century,,,skip,category 1
2025-11-05,BMW NA 50th Anniversary | 50 Stories for 50 Years  Chapter 44:” Continuity in a Crisis: BMW NA Survives and Thrives During the COVID-19 Pandemic”.,https://www.press.bmwgroup.com/usa/article/detail/T0453840EN_US/bmw-na-50th-anniversary-|-50-stories-for-50-years-chapter-44:”-continuity-in-a-crisis:-bmw-na-survives-and-thrives-during-the-covid-19-pandemic”,,,skip,category 1
2025-11-17,BMW NA 50th Anniversary | 50 Stories for 50 Years  Chapter 46: “BMW of North America Headquarters: Dynamically Adjusting to the Market and Associate Work Models.”,https://www.press.bmwgroup.com/usa/article/detail/T0453996EN_US/bmw-na-50th-anniversary-|-50-stories-for-50-years-chapter-46:-“bmw-of-north-america-headquarters:-dynamically-adjusting-to-the-market-and-associate-work-models-”,,,skip,category 1
2025-11-24,BMW NA 50th Anniversary | 50 Stories for 50 Years  Chapter 47: “BMW NA Associates: The People Make the Difference.”,https://www.press.bmwgroup.com/usa/article/detail/T0454101EN_US/bmw-na-50th-anniversary-|-50-stories-for-50-years-chapter-47:-“bmw-na-associates:-the-people-make-the-difference-”,,,skip,category 1
2025-01-27,BMW NA 50th Anniversary | 50 Stories for 50 Years  Chapter 4: “BMW of North America: Ready for Business”,https://www.press.bmwgroup.com/usa/article/detail/T0447718EN_US/bmw-na-50th-anniversary-|-50-stories-for-50-years-chapter-4:-“bmw-of-north-america:-ready-for-business”,,,skip,category 1
2025-02-03,BMW NA 50th Anniversary | 50 Stories for 50 Years  Chapter 5: “BMW Motorsport and the Mighty CSL Win The 1975 12 Hours of Sebring.,https://www.press.bmwgroup.com/usa/article/detail/T0447879EN_US/bmw-na-50th-anniversary-|-50-stories-for-50-years-chapter-5:-“bmw-motorsport-and-the-mighty-csl-win-the-1975-12-hours-of-sebring,,,skip,category 1
2025-02-24,BMW NA 50th Anniversary | 50 Stories for 50 Years  Chapter 8: “From Hoffman to BMW of North America: A Brand and its Dealer in Transition”,https://www.press.bmwgroup.com/usa/article/detail/T0448273EN_US/bmw-na-50th-anniversary-|-50-stories-for-50-years-chapter-8:-“from-hoffman-to-bmw-of-north-america:-a-brand-and-its-dealer-in-transition”,,,skip,category 1
2025-03-03,BMW NA 50th Anniversary | 50 Stories for 50 Years  Chapter 9: “A New Chapter for BMW Motorrad: BMW NA takes over from Butler & Smith”.,https://www.press.bmwgroup.com/usa/article/detail/T0448497EN_US/bmw-na-50th-anniversary-|-50-stories-for-50-years-chapter-9:-“a-new-chapter-for-bmw-motorrad:-bmw-na-takes-over-from-butler-smith”,,,skip,category 1
2025-01-22,BMW NA 50th Anniversary | 50 Stories for 50 Years Chapter 1: “Turn Your Hymnals to 2002”.,https://www.press.bmwgroup.com/usa/article/detail/T0447510EN_US/bmw-na-50th-anniversary-|-50-stories-for-50-years-chapter-1:-“turn-your-hymnals-to-2002”,,,skip,category 1
2014-09-18,BMW Opens its Newest Vehicle Distribution Center at the Port of Baltimore.,https://www.press.bmwgroup.com/usa/article/detail/T0193604EN_US/bmw-opens-its-newest-vehicle-distribution-center-at-the-port-of-baltimore,,,skip,category 1
2012-07-31,BMW Partners with Green Mountain Energy Company to Offer Renewable Energy Certificates to BMW ActiveE Drivers,https://www.press.bmwgroup.com/usa/article/detail/T0128866EN_US/bmw-partners-with-green-mountain-energy-company-to-offer-renewable-energy-certificates-to-bmw-activee-drivers,,,skip,category 1
2017-02-06,BMW Partners with the Directors Guild of America for the 69th Annual Directors Guild Awards.,https://www.press.bmwgroup.com/usa/article/detail/T0267775EN_US/bmw-partners-with-the-directors-guild-of-america-for-the-69th-annual-directors-guild-awards,,,skip,category 1
2018-02-08,BMW Partners with the Directors Guild of America for the 70th Annual Directors Guild Awards.,https://www.press.bmwgroup.com/usa/article/detail/T0278456EN_US/bmw-partners-with-the-directors-guild-of-america-for-the-70th-annual-directors-guild-awards,,,skip,category 1
2016-02-08,BMW Partners with the Directors Guild of America in Support of the 68th Annual Directors Guild Awards.,https://www.press.bmwgroup.com/usa/article/detail/T0254407EN_US/bmw-partners-with-the-directors-guild-of-america-in-support-of-the-68th-annual-directors-guild-awards,,,skip,category 1
2015-01-24,BMW Performance 200; Team TGM scores third in Street Tuner for team's best ever CTSCC finish,https://www.press.bmwgroup.com/usa/article/detail/T0202022EN_US/bmw-performance-200;-team-tgm-scores-third-in-street-tuner-for-team-s-best-ever-ctscc-finish,,,skip,category 1
2012-09-14,BMW Performance Center Announces the M Driver Training Experience at Lime Rock Park,https://www.press.bmwgroup.com/usa/article/detail/T0132067EN_US/bmw-performance-center-announces-the-m-driver-training-experience-at-lime-rock-park,,,skip,category 1
2016-10-04,BMW Performance Center West brings BMW Rocks the Desert event to attendees of the Desert Trip Festival,https://www.press.bmwgroup.com/usa/article/detail/T0264533EN_US/bmw-performance-center-west-brings-bmw-rocks-the-desert-event-to-attendees-of-the-desert-trip-festival,,,skip,category 1
2020-12-01,BMW Performance Center adds M4 GT4 Experience and Race Licensing School,https://www.press.bmwgroup.com/usa/article/detail/T0321646EN_US/bmw-performance-center-adds-m4-gt4-experience-and-race-licensing-school,,,skip,category 1
2013-05-24,BMW Pininfarina Gran Lusso Coupé.,https://www.press.bmwgroup.com/usa/article/detail/T0142174EN_US/bmw-pininfarina-gran-lusso-coupé,,,skip,category 1
2013-05-15,BMW Pininfarina Gran Lusso Coupé. Consummate elegance.,https://www.press.bmwgroup.com/usa/article/detail/T0141827EN_US/bmw-pininfarina-gran-lusso-coupé-consummate-elegance,,,skip,category 1
2013-07-27,"BMW Power 1-2 at Brickyard Grand Prix; Ganassi Wins North American Endurance Championship 1-3-4 Finish in Grand Sport, 1-2-3 Finish in Street Tuner",https://www.press.bmwgroup.com/usa/article/detail/T0144121EN_US/bmw-power-1-2-at-brickyard-grand-prix;-ganassi-wins-north-american-endurance-championship-1-3-4-finish-in-grand-sport-1-2-3-finish-in-street-tuner,,,skip,category 1
2013-08-11,BMW Power Rules at Road America.,https://www.press.bmwgroup.com/usa/article/detail/T0144704EN_US/bmw-power-rules-at-road-america,,,skip,category 1
2013-01-25,BMW Power Sweeps Top-Three Starting Positions for 51st Rolex 24 at Daytona,https://www.press.bmwgroup.com/usa/article/detail/T0136563EN_US/bmw-power-sweeps-top-three-starting-positions-for-51st-rolex-24-at-daytona,,,skip,category 1
2013-04-21,BMW Power Victorious at Road Atlanta; Wins in Rolex DP and Continental ST classes,https://www.press.bmwgroup.com/usa/article/detail/T0140558EN_US/bmw-power-victorious-at-road-atlanta;-wins-in-rolex-dp-and-continental-st-classes,,,skip,category 1
2013-01-27,BMW Powers Chip Ganassi Racing with Felix Sabates to Victory at Rolex 24 at Daytona,https://www.press.bmwgroup.com/usa/article/detail/T0136652EN_US/bmw-powers-chip-ganassi-racing-with-felix-sabates-to-victory-at-rolex-24-at-daytona,,,skip,category 1
2023-03-08,BMW Presents the New BMW iDrive.,https://www.press.bmwgroup.com/usa/article/detail/T0410518EN_US/bmw-presents-the-new-bmw-idrive,,,skip,category 1
2016-10-06,BMW Privateer Drivers Race for Pirelli World Challenge Championships at Laguna Seca,https://www.press.bmwgroup.com/usa/article/detail/T0264617EN_US/bmw-privateer-drivers-race-for-pirelli-world-challenge-championships-at-laguna-seca,,,skip,category 1
2016-10-12,BMW Privateer Drivers Victorious at Pirelli World Challenge Season Finale,https://www.press.bmwgroup.com/usa/article/detail/T0264875EN_US/bmw-privateer-drivers-victorious-at-pirelli-world-challenge-season-finale,,,skip,category 1
2023-09-26,BMW Proactive Care – the digital concierge for BMW Customer Service.,https://www.press.bmwgroup.com/usa/article/detail/T0437253EN_US/bmw-proactive-care-–-the-digital-concierge-for-bmw-customer-service,,,skip,category 1
2022-02-18,BMW R 18 Classic. Additional pictures.,https://www.press.bmwgroup.com/usa/article/detail/T0370333EN_US/bmw-r-18-classic-additional-pictures,,,skip,category 1
2016-02-12,BMW R nineT Scrambler Makes Its U.S. Debut At The One Motorcycle Show,https://www.press.bmwgroup.com/usa/article/detail/T0255382EN_US/bmw-r-ninet-scrambler-makes-its-u-s-debut-at-the-one-motorcycle-show,,,skip,category 1
2012-08-20,BMW R7 Motorcycle Wins Best-in-Class at Pebble Beach Concours,https://www.press.bmwgroup.com/usa/article/detail/T0130543EN_US/bmw-r7-motorcycle-wins-best-in-class-at-pebble-beach-concours,,,skip,category 1
2019-08-18,BMW Renews Partnership with PGA TOUR and Western Golf Association to Remain Title Sponsor of the BMW Championship.,https://www.press.bmwgroup.com/usa/article/detail/T0300025EN_US/bmw-renews-partnership-with-pga-tour-and-western-golf-association-to-remain-title-sponsor-of-the-bmw-championship,,,skip,category 1
2023-05-04,BMW Returns as Official Automotive Partner for the 76th Edition of the Cannes Film Festival.,https://www.press.bmwgroup.com/usa/article/detail/T0415405EN_US/bmw-returns-as-official-automotive-partner-for-the-76th-edition-of-the-cannes-film-festival,,,skip,category 1
2021-11-30,BMW Returns to Art Basel in Miami Beach as Official Partner.,https://www.press.bmwgroup.com/usa/article/detail/T0361832EN_US/bmw-returns-to-art-basel-in-miami-beach-as-official-partner,,,skip,category 1
2016-06-01,BMW Riders Who Register For Sisters’ Centennial Motorcycle Ride By June 15 To Receive Free Gift,https://www.press.bmwgroup.com/usa/article/detail/T0260703EN_US/bmw-riders-who-register-for-sisters’-centennial-motorcycle-ride-by-june-15-to-receive-free-gift,,,skip,category 1
2018-07-20,BMW Rolls Into Sturgis Buffalo Chip® With Full Lineup Of Demo Bikes.,https://www.press.bmwgroup.com/usa/article/detail/T0283366EN_US/bmw-rolls-into-sturgis-buffalo-chip®-with-full-lineup-of-demo-bikes,,,skip,category 1
2017-01-30,"BMW S 1000 XR Featured In The Latest Blockbuster Installment of the Resident Evil Franchise, Resident Evil: The Final Chapter",https://www.press.bmwgroup.com/usa/article/detail/T0267639EN_US/bmw-s-1000-xr-featured-in-the-latest-blockbuster-installment-of-the-resident-evil-franchise-resident-evil:-the-final-chapter,,,skip,category 1
2013-03-18,BMW Takes on Denver Weather; Showcases xDrive Intelligent All-Wheel-Drive System in One of America’s Snowiest Cities,https://www.press.bmwgroup.com/usa/article/detail/T0138143EN_US/bmw-takes-on-denver-weather;-showcases-xdrive-intelligent-all-wheel-drive-system-in-one-of-america’s-snowiest-cities,,,skip,category 1
2019-03-12,BMW Team MTEK and BMW Team RLL prepared for the “BMW M Motorsport Super Weekend” at Sebring.,https://www.press.bmwgroup.com/usa/article/detail/T0293030EN_US/bmw-team-mtek-and-bmw-team-rll-prepared-for-the-“bmw-m-motorsport-super-weekend”-at-sebring,,,skip,category 1
2017-03-14,BMW Team RLL - 12 Hours of Sebring Preview.,https://www.press.bmwgroup.com/usa/article/detail/T0268634EN_US/bmw-team-rll-12-hours-of-sebring-preview,,,skip,category 1
2016-03-14,BMW Team RLL - 12 Hours of Sebring Preview.,https://www.press.bmwgroup.com/usa/article/detail/T0258236EN_US/bmw-team-rll-12-hours-of-sebring-preview,,,skip,category 1
2016-01-31,BMW Team RLL - 54th Rolex 24 At Daytona - 10 Hour Report,https://www.press.bmwgroup.com/usa/article/detail/T0253002EN_US/bmw-team-rll-54th-rolex-24-at-daytona-10-hour-report,,,skip,category 1
2016-01-31,BMW Team RLL - 54th Rolex 24 At Daytona - 17 Hour Report,https://www.press.bmwgroup.com/usa/article/detail/T0253003EN_US/bmw-team-rll-54th-rolex-24-at-daytona-17-hour-report,,,skip,category 1
2016-01-31,BMW Team RLL - 54th Rolex 24 At Daytona - Four Hour Report,https://www.press.bmwgroup.com/usa/article/detail/T0252962EN_US/bmw-team-rll-54th-rolex-24-at-daytona-four-hour-report,,,skip,category 1
2017-05-02,BMW Team RLL - Advance Auto Parts SportsCar Showdown Preview.,https://www.press.bmwgroup.com/usa/article/detail/T0270277EN_US/bmw-team-rll-advance-auto-parts-sportscar-showdown-preview,,,skip,category 1
2016-04-11,BMW Team RLL - Bubba Burger Sports Car Grand Prix At Long Beach Preview.,https://www.press.bmwgroup.com/usa/article/detail/T0259057EN_US/bmw-team-rll-bubba-burger-sports-car-grand-prix-at-long-beach-preview,,,skip,category 1
2016-05-01,BMW Team RLL - Continental Monterey Grand Prix - Qualifying,https://www.press.bmwgroup.com/usa/article/detail/T0259592EN_US/bmw-team-rll-continental-monterey-grand-prix-qualifying,,,skip,category 1
2016-05-02,BMW Team RLL - Continental Monterey Grand Prix Post Race.,https://www.press.bmwgroup.com/usa/article/detail/T0259629EN_US/bmw-team-rll-continental-monterey-grand-prix-post-race,,,skip,category 1
2016-04-25,BMW Team RLL - Continental Monterey Grand Prix Preview.,https://www.press.bmwgroup.com/usa/article/detail/T0259472EN_US/bmw-team-rll-continental-monterey-grand-prix-preview,,,skip,category 1
2016-08-07,BMW Team RLL - Continental Tire Road Race Showcase - Qualifying,https://www.press.bmwgroup.com/usa/article/detail/T0262762EN_US/bmw-team-rll-continental-tire-road-race-showcase-qualifying,,,skip,category 1
2016-08-08,BMW Team RLL - Continental Tire Road Race Showcase - Race Final,https://www.press.bmwgroup.com/usa/article/detail/T0262784EN_US/bmw-team-rll-continental-tire-road-race-showcase-race-final,,,skip,category 1
2013-08-27,BMW Team RLL - Grand Prix of Baltimore Preview,https://www.press.bmwgroup.com/usa/article/detail/T0145171EN_US/bmw-team-rll-grand-prix-of-baltimore-preview,,,skip,category 1
2012-07-07,BMW Team RLL - Lime Rock Park - Qualifying,https://www.press.bmwgroup.com/usa/article/detail/T0128368EN_US/bmw-team-rll-lime-rock-park-qualifying,,,skip,category 1
2012-07-02,BMW Team RLL - Lime Rock Park ALMS Preview; Bill Auberlen Set to Make 100th ALMS Start,https://www.press.bmwgroup.com/usa/article/detail/T0128175EN_US/bmw-team-rll-lime-rock-park-alms-preview;-bill-auberlen-set-to-make-100th-alms-start,,,skip,category 1
2016-09-17,BMW Team RLL - Lone Star Le Mans - Qualifying,https://www.press.bmwgroup.com/usa/article/detail/T0263823EN_US/bmw-team-rll-lone-star-le-mans-qualifying,,,skip,category 1
2015-04-27,BMW Team RLL - Mazda Raceway Laguna Seca Preview,https://www.press.bmwgroup.com/usa/article/detail/T0214846EN_US/bmw-team-rll-mazda-raceway-laguna-seca-preview,,,skip,category 1
2016-07-10,"BMW Team RLL - Mobil 1 SportsCar Grand Prix - Qualifying - Luhr - P4, Auberlen - P5",https://www.press.bmwgroup.com/usa/article/detail/T0261841EN_US/bmw-team-rll-mobil-1-sportscar-grand-prix-qualifying-luhr-p4-auberlen-p5,,,skip,category 1
2016-07-11,BMW Team RLL - Mobil 1 Sportscar Grand Prix - Race Final,https://www.press.bmwgroup.com/usa/article/detail/T0261851EN_US/bmw-team-rll-mobil-1-sportscar-grand-prix-race-final,,,skip,category 1
2012-07-22,BMW Team RLL - Mosport ALMS - Qualifying,https://www.press.bmwgroup.com/usa/article/detail/T0128613EN_US/bmw-team-rll-mosport-alms-qualifying,,,skip,category 1
2012-07-17,BMW Team RLL - Mosport ALMS Preview,https://www.press.bmwgroup.com/usa/article/detail/T0128529EN_US/bmw-team-rll-mosport-alms-preview,,,skip,category 1
2016-07-23,BMW Team RLL - Northeast Grand Prix - Qualifying,https://www.press.bmwgroup.com/usa/article/detail/T0262315EN_US/bmw-team-rll-northeast-grand-prix-qualifying,,,skip,category 1
2016-07-24,BMW Team RLL - Northeast Grand Prix - Race Final,https://www.press.bmwgroup.com/usa/article/detail/T0262342EN_US/bmw-team-rll-northeast-grand-prix-race-final,,,skip,category 1
2016-09-27,BMW Team RLL - Petit Le Mans Preview.,https://www.press.bmwgroup.com/usa/article/detail/T0264183EN_US/bmw-team-rll-petit-le-mans-preview,,,skip,category 1
2016-08-02,BMW Team RLL - Road America - Preview,https://www.press.bmwgroup.com/usa/article/detail/T0262683EN_US/bmw-team-rll-road-america-preview,,,skip,category 1
2016-07-03,"BMW Team RLL - Sahlen’s Six Hours of the Glen - Qualifying - Werner - P2, Edwards - P3",https://www.press.bmwgroup.com/usa/article/detail/T0261679EN_US/bmw-team-rll-sahlen’s-six-hours-of-the-glen-qualifying-werner-p2-edwards-p3,,,skip,category 1
2016-07-04,BMW Team RLL - Sahlen’s Six Hours of the Glen - Race Final - Auberlen and Werner Finish Third.,https://www.press.bmwgroup.com/usa/article/detail/T0261686EN_US/bmw-team-rll-sahlen’s-six-hours-of-the-glen-race-final-auberlen-and-werner-finish-third,,,skip,category 1
2015-04-13,BMW Team RLL - Sports Car Showcase at Long Beach Preview,https://www.press.bmwgroup.com/usa/article/detail/T0212384EN_US/bmw-team-rll-sports-car-showcase-at-long-beach-preview,,,skip,category 1
2016-08-27,BMW Team RLL - VIRginia International Raceway - Qualifying,https://www.press.bmwgroup.com/usa/article/detail/T0263202EN_US/bmw-team-rll-virginia-international-raceway-qualifying,,,skip,category 1
2019-09-10,BMW Team RLL Aims For Three Victories in a Row at WeatherTech Raceway Laguna Seca; No. 24 BMW M8 GTE Back in Black.,https://www.press.bmwgroup.com/usa/article/detail/T0300728EN_US/bmw-team-rll-aims-for-three-victories-in-a-row-at-weathertech-raceway-laguna-seca;-no-24-bmw-m8-gte-back-in-black,,,skip,category 1
2020-08-02,"BMW Team RLL Back on Podium at Road America. Edwards/Krohn – P3, De Phillippi/Spengler – P6",https://www.press.bmwgroup.com/usa/article/detail/T0312791EN_US/bmw-team-rll-back-on-podium-at-road-america-edwards/krohn-–-p3-de-phillippi/spengler-–-p6,,,skip,category 1
2016-01-25,BMW Team RLL Begins New Chapter with the M6 GTLM at 54th Rolex 24 At Daytona.,https://www.press.bmwgroup.com/usa/article/detail/T0252162EN_US/bmw-team-rll-begins-new-chapter-with-the-m6-gtlm-at-54th-rolex-24-at-daytona,,,skip,category 1
2017-06-27,BMW Team RLL Carries Momentum of Double-Podium Finish at COTA to Watkins Glen and CTMP,https://www.press.bmwgroup.com/usa/article/detail/T0272133EN_US/bmw-team-rll-carries-momentum-of-double-podium-finish-at-cota-to-watkins-glen-and-ctmp,,,skip,category 1
2017-10-03,BMW Team RLL Carries Winning Momentum to Petit Le Mans; Bill Auberlen to Make Record 400th Start for BMW.,https://www.press.bmwgroup.com/usa/article/detail/T0274901EN_US/bmw-team-rll-carries-winning-momentum-to-petit-le-mans;-bill-auberlen-to-make-record-400th-start-for-bmw,,,skip,category 1
2018-10-09,"BMW Team RLL Carrying Two-Win Streak to Petit Le Mans; Bill Auberlen Returns, Chaz Mostert Added to Driver Lineup.",https://www.press.bmwgroup.com/usa/article/detail/T0285791EN_US/bmw-team-rll-carrying-two-win-streak-to-petit-le-mans;-bill-auberlen-returns-chaz-mostert-added-to-driver-lineup,,,skip,category 1
2017-08-22,BMW Team RLL Chases GTLM Championship Points at Michelin GT Challenge at VIR.,https://www.press.bmwgroup.com/usa/article/detail/T0273816EN_US/bmw-team-rll-chases-gtlm-championship-points-at-michelin-gt-challenge-at-vir,,,skip,category 1
2015-04-18,"BMW Team RLL Claims GTLM Class Front Row at Long Beach; Auberlen on Pole, Edwards P2 for Sports Car Showcase",https://www.press.bmwgroup.com/usa/article/detail/T0213402EN_US/bmw-team-rll-claims-gtlm-class-front-row-at-long-beach;-auberlen-on-pole-edwards-p2-for-sports-car-showcase,,,skip,category 1
2017-11-30,BMW Team RLL Completes First US Test of BMW M8 GTE; BMW of North America Enhances Driver Lineup as Bill Auberlen Adds New Role as BMW NA Brand Ambassador.,https://www.press.bmwgroup.com/usa/article/detail/T0276694EN_US/bmw-team-rll-completes-first-us-test-of-bmw-m8-gte;-bmw-of-north-america-enhances-driver-lineup-as-bill-auberlen-adds-new-role-as-bmw-na-brand-ambassador,,,skip,category 1
2018-08-20,BMW Team RLL Delivers First BMW M8 GTE Victory in Double Podium Performance in Michelin GT Challenge at VIR.,https://www.press.bmwgroup.com/usa/article/detail/T0284128EN_US/bmw-team-rll-delivers-first-bmw-m8-gte-victory-in-double-podium-performance-in-michelin-gt-challenge-at-vir,,,skip,category 1
2014-06-30,"BMW Team RLL Disappointed at Sahlen’s Six Hours of the Glen; Edwards and Müller Finish 6th, Auberlen and Priaulx 10th",https://www.press.bmwgroup.com/usa/article/detail/T0185602EN_US/bmw-team-rll-disappointed-at-sahlen’s-six-hours-of-the-glen;-edwards-and-mueller-finish-6th-auberlen-and-priaulx-10th,,,skip,category 1
2015-05-04,"BMW Team RLL Finish 1-2 at Laguna Seca; Edwards/Luhr First, Auberlen/Werner Second",https://www.press.bmwgroup.com/usa/article/detail/T0215822EN_US/bmw-team-rll-finish-1-2-at-laguna-seca;-edwards/luhr-first-auberlen/werner-second,,,skip,category 1
2014-08-11,BMW Team RLL Finish 2nd and 8th at Road America; Strong Drive by Dirk Müller Returns BMW to the Podium,https://www.press.bmwgroup.com/usa/article/detail/T0191383EN_US/bmw-team-rll-finish-2nd-and-8th-at-road-america;-strong-drive-by-dirk-mueller-returns-bmw-to-the-podium,,,skip,category 1
2012-10-21,BMW Team RLL Finish 3rd and 4th at Petit Le Mans,https://www.press.bmwgroup.com/usa/article/detail/T0133765EN_US/bmw-team-rll-finish-3rd-and-4th-at-petit-le-mans,,,skip,category 1
2014-07-14,BMW Team RLL Finish 4th and 6th at Canadian Tire Motorsport Park,https://www.press.bmwgroup.com/usa/article/detail/T0187602EN_US/bmw-team-rll-finish-4th-and-6th-at-canadian-tire-motorsport-park,,,skip,category 1
2017-04-09,BMW Team RLL Finish 4th and 7th in BUBBA burger SportsCar Grand Prix At Long Beach.,https://www.press.bmwgroup.com/usa/article/detail/T0269680EN_US/bmw-team-rll-finish-4th-and-7th-in-bubba-burger-sportscar-grand-prix-at-long-beach,,,skip,category 1
2012-09-16,BMW Team RLL Finish 4th and 9th at Virginia International Raceway,https://www.press.bmwgroup.com/usa/article/detail/T0132076EN_US/bmw-team-rll-finish-4th-and-9th-at-virginia-international-raceway,,,skip,category 1
2014-07-26,BMW Team RLL Finish 6th and 7th at the Brickyard Grand Prix,https://www.press.bmwgroup.com/usa/article/detail/T0189522EN_US/bmw-team-rll-finish-6th-and-7th-at-the-brickyard-grand-prix,,,skip,category 1
2017-08-07,BMW Team RLL Finish 6th and 8th After a Tough Day at Road America.,https://www.press.bmwgroup.com/usa/article/detail/T0273506EN_US/bmw-team-rll-finish-6th-and-8th-after-a-tough-day-at-road-america,,,skip,category 1
2012-07-08,BMW Team RLL Finish Fifth and Sixth at Lime Rock Park,https://www.press.bmwgroup.com/usa/article/detail/T0128370EN_US/bmw-team-rll-finish-fifth-and-sixth-at-lime-rock-park,,,skip,category 1
2012-07-23,BMW Team RLL Finish Fourth and Eighth at Grand Prix of Mosport,https://www.press.bmwgroup.com/usa/article/detail/T0128624EN_US/bmw-team-rll-finish-fourth-and-eighth-at-grand-prix-of-mosport,,,skip,category 1
2017-08-28,BMW Team RLL Finish Fourth and Ninth in Michelin GT Challenge at VIR.,https://www.press.bmwgroup.com/usa/article/detail/T0273905EN_US/bmw-team-rll-finish-fourth-and-ninth-in-michelin-gt-challenge-at-vir,,,skip,category 1
2019-04-14,BMW Team RLL Finish IMSA Sports Car Grand Prix at Long Beach in Seventh and Eighth Positions.,https://www.press.bmwgroup.com/usa/article/detail/T0294704EN_US/bmw-team-rll-finish-imsa-sports-car-grand-prix-at-long-beach-in-seventh-and-eighth-positions,,,skip,category 1
2020-09-28,BMW Team RLL Finish Third and Fourth at Mid-Ohio to Increase Podium Streak to Four Races.,https://www.press.bmwgroup.com/usa/article/detail/T0317869EN_US/bmw-team-rll-finish-third-and-fourth-at-mid-ohio-to-increase-podium-streak-to-four-races,,,skip,category 1
2013-04-21,BMW Team RLL Finishes 1-2 at Long Beach,https://www.press.bmwgroup.com/usa/article/detail/T0140458EN_US/bmw-team-rll-finishes-1-2-at-long-beach,,,skip,category 1
2015-01-25,BMW Team RLL Finishes 2nd  and 4th at 53rd Rolex 24 at Daytona; No. 25 BMW finishes only .478 seconds from victory.,https://www.press.bmwgroup.com/usa/article/detail/T0202102EN_US/bmw-team-rll-finishes-2nd-and-4th-at-53rd-rolex-24-at-daytona;-no-25-bmw-finishes-only-478-seconds-from-victory,,,skip,category 1
2014-05-05,BMW Team RLL Finishes 2nd and 10th at Laguna Seca; Auberlen and Priaulx Extend Championship Lead with Team’s Fourth Consecutive Podium,https://www.press.bmwgroup.com/usa/article/detail/T0178982EN_US/bmw-team-rll-finishes-2nd-and-10th-at-laguna-seca;-auberlen-and-priaulx-extend-championship-lead-with-team’s-fourth-consecutive-podium,,,skip,category 1
2014-04-13,BMW Team RLL Finishes 2nd and 6th at Long Beach; BMW Remains at the Front of the GTLM Driver and Team Points Standings,https://www.press.bmwgroup.com/usa/article/detail/T0177885EN_US/bmw-team-rll-finishes-2nd-and-6th-at-long-beach;-bmw-remains-at-the-front-of-the-gtlm-driver-and-team-points-standings,,,skip,category 1
2018-05-07,"BMW Team RLL Finishes 2nd and 7th at Mid-Ohio; Second Runner-Up Finish for De Phillippi and Sims, Edwards and Krohn P7.",https://www.press.bmwgroup.com/usa/article/detail/T0280809EN_US/bmw-team-rll-finishes-2nd-and-7th-at-mid-ohio;-second-runner-up-finish-for-de-phillippi-and-sims-edwards-and-krohn-p7,,,skip,category 1
2014-03-16,BMW Team RLL Finishes 3rd and 10th at the12 Hours of Sebring; No. 55 Z4 GTLM Drivers Move into Championship Points Lead,https://www.press.bmwgroup.com/usa/article/detail/T0172226EN_US/bmw-team-rll-finishes-3rd-and-10th-at-the12-hours-of-sebring;-no-55-z4-gtlm-drivers-move-into-championship-points-lead,,,skip,category 1
2013-09-01,BMW Team RLL Finishes 3rd and 4th at Baltimore,https://www.press.bmwgroup.com/usa/article/detail/T0145288EN_US/bmw-team-rll-finishes-3rd-and-4th-at-baltimore,,,skip,category 1
2014-08-25,BMW Team RLL Finishes 3rd and 4th at Virginia International Raceway; Edwards/Müller Race to 2nd Consecutive Podium Finish,https://www.press.bmwgroup.com/usa/article/detail/T0192292EN_US/bmw-team-rll-finishes-3rd-and-4th-at-virginia-international-raceway;-edwards/mueller-race-to-2nd-consecutive-podium-finish,,,skip,category 1
2013-07-21,BMW Team RLL Finishes 5th and 6th at Canadian Tire Motorsport Park; Müller Retains GT Drivers Points Lead,https://www.press.bmwgroup.com/usa/article/detail/T0143891EN_US/bmw-team-rll-finishes-5th-and-6th-at-canadian-tire-motorsport-park;-mueller-retains-gt-drivers-points-lead,,,skip,category 1
2014-09-21,BMW Team RLL Finishes 6th and 7th at Circuit of the Americas,https://www.press.bmwgroup.com/usa/article/detail/T0193685EN_US/bmw-team-rll-finishes-6th-and-7th-at-circuit-of-the-americas,,,skip,category 1
2013-08-12,BMW Team RLL Finishes 7th and 8th at Road America,https://www.press.bmwgroup.com/usa/article/detail/T0144724EN_US/bmw-team-rll-finishes-7th-and-8th-at-road-america,,,skip,category 1
2016-04-17,BMW Team RLL Finishes Bubba Burger Sports Car Grand Prix At Long Beach 5th and 10th.,https://www.press.bmwgroup.com/usa/article/detail/T0259247EN_US/bmw-team-rll-finishes-bubba-burger-sports-car-grand-prix-at-long-beach-5th-and-10th,,,skip,category 1
2019-08-05,"BMW Team RLL Finishes Fifth and Eighth at Road America; Blomqvist/De Phillippi - P5, Edwards/Krohn - P8 Turner Motorsport M6 GT3 Finishes Third in GT Daytona Class.",https://www.press.bmwgroup.com/usa/article/detail/T0299643EN_US/bmw-team-rll-finishes-fifth-and-eighth-at-road-america;-blomqvist/de-phillippi-p5-edwards/krohn-p8-turner-motorsport-m6-gt3-finishes-third-in-gt-daytona-class,,,skip,category 1
2015-08-10,BMW Team RLL Finishes Fifth and Sixth at Road America.,https://www.press.bmwgroup.com/usa/article/detail/T0229602EN_US/bmw-team-rll-finishes-fifth-and-sixth-at-road-america,,,skip,category 1
2012-09-02,BMW Team RLL Finishes Fourth and Eighth at Baltimore,https://www.press.bmwgroup.com/usa/article/detail/T0131243EN_US/bmw-team-rll-finishes-fourth-and-eighth-at-baltimore,,,skip,category 1
2020-07-19,BMW Team RLL Finishes Fourth and Fifth at Cadillac Grand Prix of Sebring; Turner Motorsport M6 GT3 Scores P3 Finish in GTD.,https://www.press.bmwgroup.com/usa/article/detail/T0311545EN_US/bmw-team-rll-finishes-fourth-and-fifth-at-cadillac-grand-prix-of-sebring;-turner-motorsport-m6-gt3-scores-p3-finish-in-gtd,,,skip,category 1
2015-08-23,BMW Team RLL Finishes Fourth and Fifth at VIRginia International Raceway.,https://www.press.bmwgroup.com/usa/article/detail/T0231222EN_US/bmw-team-rll-finishes-fourth-and-fifth-at-virginia-international-raceway,,,skip,category 1
2019-05-06,"BMW Team RLL Finishes Fourth and Sixth at Mid-Ohio. Blomqvist/DePhillippi - P4, Edwards/Krohn - P6",https://www.press.bmwgroup.com/usa/article/detail/T0295467EN_US/bmw-team-rll-finishes-fourth-and-sixth-at-mid-ohio-blomqvist/dephillippi-p4-edwards/krohn-p6,,,skip,category 1
2020-07-05,"BMW Team RLL Finishes Fourth and Sixth in IMSA WeatherTech 240 At Daytona; De Phillippi, Spengler -  P4, Edwards, Krohn - P6.",https://www.press.bmwgroup.com/usa/article/detail/T0310505EN_US/bmw-team-rll-finishes-fourth-and-sixth-in-imsa-weathertech-240-at-daytona;-de-phillippi-spengler-p4-edwards-krohn-p6,,,skip,category 1
2019-07-08,BMW Team RLL Finishes P2 and P4 at Canadian Tire Motorsport Park; Turner Motorsport BMW M6 GT3 Wins GT Daytona Class!,https://www.press.bmwgroup.com/usa/article/detail/T0298484EN_US/bmw-team-rll-finishes-p2-and-p4-at-canadian-tire-motorsport-park;-turner-motorsport-bmw-m6-gt3-wins-gt-daytona-class,,,skip,category 1
2016-09-18,BMW Team RLL Finishes P4 and P7 in Lone Star Le Mans Race,https://www.press.bmwgroup.com/usa/article/detail/T0263830EN_US/bmw-team-rll-finishes-p4-and-p7-in-lone-star-le-mans-race,,,skip,category 1
2019-07-01,BMW Team RLL Finishes P5 and P7 at Watkins Glen. No. 25 M8 GTE Damaged in Refueling Fire. CTMP in Seven Days. No Sleep Till Bowmanville!,https://www.press.bmwgroup.com/usa/article/detail/T0298005EN_US/bmw-team-rll-finishes-p5-and-p7-at-watkins-glen-no-25-m8-gte-damaged-in-refueling-fire-ctmp-in-seven-days-no-sleep-till-bowmanville,,,skip,category 1
2015-07-13,BMW Team RLL Finishes Second and Fourth at Canadian Tire Motorsport Park.,https://www.press.bmwgroup.com/usa/article/detail/T0226011EN_US/bmw-team-rll-finishes-second-and-fourth-at-canadian-tire-motorsport-park,,,skip,category 1
2020-08-23,BMW Team RLL Finishes Second in Michelin GT Challenge at VIR; Bill Auberlen makes IMSA History with 61st Win.,https://www.press.bmwgroup.com/usa/article/detail/T0314645EN_US/bmw-team-rll-finishes-second-in-michelin-gt-challenge-at-vir;-bill-auberlen-makes-imsa-history-with-61st-win,,,skip,category 1
2019-07-21,"BMW Team RLL Finishes Seventh and Eighth at Lime Rock Park; Blomqvist/De Phillippi - P7, Edwards/Krohn - P8. Turner Motorsport M6 GT3 Finishes Third in GT Daytona Class",https://www.press.bmwgroup.com/usa/article/detail/T0299003EN_US/bmw-team-rll-finishes-seventh-and-eighth-at-lime-rock-park;-blomqvist/de-phillippi-p7-edwards/krohn-p8-turner-motorsport-m6-gt3-finishes-third-in-gt-daytona-class,,,skip,category 1
2018-07-09,BMW Team RLL Finishes Seventh and Eighth at Mobil 1 SportsCar Grand Prix.,https://www.press.bmwgroup.com/usa/article/detail/T0282905EN_US/bmw-team-rll-finishes-seventh-and-eighth-at-mobil-1-sportscar-grand-prix,,,skip,category 1
2018-07-22,BMW Team RLL Finishes Seventh and Eighth at Northeast Grand Prix.,https://www.press.bmwgroup.com/usa/article/detail/T0283403EN_US/bmw-team-rll-finishes-seventh-and-eighth-at-northeast-grand-prix,,,skip,category 1
2018-07-02,BMW Team RLL Finishes Seventh and Eighth in Sahlen’s Six Hours of The Glen; Turner Motorsport BMW M6 GT3 scores GTD class win.,https://www.press.bmwgroup.com/usa/article/detail/T0282667EN_US/bmw-team-rll-finishes-seventh-and-eighth-in-sahlen’s-six-hours-of-the-glen;-turner-motorsport-bmw-m6-gt3-scores-gtd-class-win,,,skip,category 1
2013-09-22,BMW Team RLL Finishes Third and Fourth at Circuit of the Americas,https://www.press.bmwgroup.com/usa/article/detail/T0146264EN_US/bmw-team-rll-finishes-third-and-fourth-at-circuit-of-the-americas,,,skip,category 1
2013-05-12,BMW Team RLL Finishes Third at ALMS Monterey; Müller Takes GT Driver Points Lead,https://www.press.bmwgroup.com/usa/article/detail/T0141638EN_US/bmw-team-rll-finishes-third-at-alms-monterey;-mueller-takes-gt-driver-points-lead,,,skip,category 1
2018-05-02,BMW Team RLL Hopes for Home Field Advantage at Mid-Ohio; Auberlen to co-drive Turner Motorsport M6 GT3.,https://www.press.bmwgroup.com/usa/article/detail/T0280679EN_US/bmw-team-rll-hopes-for-home-field-advantage-at-mid-ohio;-auberlen-to-co-drive-turner-motorsport-m6-gt3,,,skip,category 1
2021-03-16,BMW Team RLL IMSA 12 Hours of Sebring Preview,https://www.press.bmwgroup.com/usa/article/detail/T0327746EN_US/bmw-team-rll-imsa-12-hours-of-sebring-preview,,,skip,category 1
2020-11-01,BMW Team RLL IMSA Hyundai Monterey Sports Car Championship Qualifying,https://www.press.bmwgroup.com/usa/article/detail/T0319850EN_US/bmw-team-rll-imsa-hyundai-monterey-sports-car-championship-qualifying,,,skip,category 1
2020-10-28,BMW Team RLL IMSA Hyundai Monterey Sports car Championship Preview,https://www.press.bmwgroup.com/usa/article/detail/T0319588EN_US/bmw-team-rll-imsa-hyundai-monterey-sports-car-championship-preview,,,skip,category 1
2020-11-13,BMW Team RLL IMSA Mobil 1 Twelve Hours of Sebring Qualifying,https://www.press.bmwgroup.com/usa/article/detail/T0320768EN_US/bmw-team-rll-imsa-mobil-1-twelve-hours-of-sebring-qualifying,,,skip,category 1
2020-11-15,BMW Team RLL IMSA Mobil 1 Twelve Hours of Sebring and Year End Results,https://www.press.bmwgroup.com/usa/article/detail/T0320790EN_US/bmw-team-rll-imsa-mobil-1-twelve-hours-of-sebring-and-year-end-results,,,skip,category 1
2020-10-07,BMW Team RLL IMSA Motul 100% Synthetic Grand Prix Preview.,https://www.press.bmwgroup.com/usa/article/detail/T0318347EN_US/bmw-team-rll-imsa-motul-100-synthetic-grand-prix-preview,,,skip,category 1
2020-10-10,BMW Team RLL IMSA Motul Grand Prix Charlotte Qualifying,https://www.press.bmwgroup.com/usa/article/detail/T0318607EN_US/bmw-team-rll-imsa-motul-grand-prix-charlotte-qualifying,,,skip,category 1
2020-10-11,BMW Team RLL IMSA Motul Grand Prix Charlotte Race Results,https://www.press.bmwgroup.com/usa/article/detail/T0318625EN_US/bmw-team-rll-imsa-motul-grand-prix-charlotte-race-results,,,skip,category 1
2020-10-14,BMW Team RLL IMSA Motul Petit Le Mans Preview,https://www.press.bmwgroup.com/usa/article/detail/T0318736EN_US/bmw-team-rll-imsa-motul-petit-le-mans-preview,,,skip,category 1
2020-10-16,BMW Team RLL IMSA Motul Petit Le Mans Qualifying,https://www.press.bmwgroup.com/usa/article/detail/T0318997EN_US/bmw-team-rll-imsa-motul-petit-le-mans-qualifying,,,skip,category 1
2020-10-18,BMW Team RLL IMSA Motul Petit Le Mans Race Results,https://www.press.bmwgroup.com/usa/article/detail/T0319045EN_US/bmw-team-rll-imsa-motul-petit-le-mans-race-results,,,skip,category 1
2021-01-19,BMW Team RLL IMSA Rolex 24 at Daytona Preview,https://www.press.bmwgroup.com/usa/article/detail/T0324588EN_US/bmw-team-rll-imsa-rolex-24-at-daytona-preview,,,skip,category 1
2017-08-01,BMW Team RLL Look to Continue Podium Finish Streak at Road America.,https://www.press.bmwgroup.com/usa/article/detail/T0273353EN_US/bmw-team-rll-look-to-continue-podium-finish-streak-at-road-america,,,skip,category 1
2019-08-21,BMW Team RLL Looking For Lightning To Strike Twice at Virginia International Raceway.,https://www.press.bmwgroup.com/usa/article/detail/T0300065EN_US/bmw-team-rll-looking-for-lightning-to-strike-twice-at-virginia-international-raceway,,,skip,category 1
2019-05-01,BMW Team RLL Looking Forward to Mid-Ohio and Home Field Advantage.,https://www.press.bmwgroup.com/usa/article/detail/T0295303EN_US/bmw-team-rll-looking-forward-to-mid-ohio-and-home-field-advantage,,,skip,category 1
2019-07-31,BMW Team RLL Looking Forward to Road America.,https://www.press.bmwgroup.com/usa/article/detail/T0299461EN_US/bmw-team-rll-looking-forward-to-road-america,,,skip,category 1
2018-08-01,BMW Team RLL Looking Forward to Road America; BMW Customer Racing Teams Highlight Weekend Undercard.,https://www.press.bmwgroup.com/usa/article/detail/T0283692EN_US/bmw-team-rll-looking-forward-to-road-america;-bmw-customer-racing-teams-highlight-weekend-undercard,,,skip,category 1
2018-09-05,BMW Team RLL Looking to Continue Winning Ways at WeatherTech Raceway Laguna Seca; BMW Customer Racing Drivers Jones and Galante Lead Street Tuner Battle.,https://www.press.bmwgroup.com/usa/article/detail/T0284658EN_US/bmw-team-rll-looking-to-continue-winning-ways-at-weathertech-raceway-laguna-seca;-bmw-customer-racing-drivers-jones-and-galante-lead-street-tuner-battle,,,skip,category 1
2021-06-22,BMW Team RLL Looking to Maintain Podium Streak at Watkins Glen.,https://www.press.bmwgroup.com/usa/article/detail/T0336104EN_US/bmw-team-rll-looking-to-maintain-podium-streak-at-watkins-glen,,,skip,category 1
2013-08-05,"BMW Team RLL Looks to Repeat Past Success at Road America with Z4 GTE; Auberlen to Mark 500th Professional Start, Edwards in for Hand",https://www.press.bmwgroup.com/usa/article/detail/T0144514EN_US/bmw-team-rll-looks-to-repeat-past-success-at-road-america-with-z4-gte;-auberlen-to-mark-500th-professional-start-edwards-in-for-hand,,,skip,category 1
2019-08-04,BMW Team RLL Loses P1 and P3 Qualifying Positions at Road America Following Post-Qualifying Inspection.,https://www.press.bmwgroup.com/usa/article/detail/T0299623EN_US/bmw-team-rll-loses-p1-and-p3-qualifying-positions-at-road-america-following-post-qualifying-inspection,,,skip,category 1
2020-11-11,BMW Team RLL Mobil 1 Twelve Hours of Sebring Preview,https://www.press.bmwgroup.com/usa/article/detail/T0320404EN_US/bmw-team-rll-mobil-1-twelve-hours-of-sebring-preview,,,skip,category 1
2020-09-23,BMW Team RLL Motivated for More at Mid-Ohio.,https://www.press.bmwgroup.com/usa/article/detail/T0317644EN_US/bmw-team-rll-motivated-for-more-at-mid-ohio,,,skip,category 1
2019-08-26,"BMW Team RLL Off the Pace at VIRginia International Raceway, Finishing Seventh and Eighth.",https://www.press.bmwgroup.com/usa/article/detail/T0300166EN_US/bmw-team-rll-off-the-pace-at-virginia-international-raceway-finishing-seventh-and-eighth,,,skip,category 1
2014-09-30,BMW Team RLL Petit Le Mans Preview,https://www.press.bmwgroup.com/usa/article/detail/T0194190EN_US/bmw-team-rll-petit-le-mans-preview,,,skip,category 1
2017-08-26,"BMW Team RLL Post Second and Third Place Starting Positions for Michelin GT Challenge at VIR; Sims - P2, Edwards - P3.",https://www.press.bmwgroup.com/usa/article/detail/T0273904EN_US/bmw-team-rll-post-second-and-third-place-starting-positions-for-michelin-gt-challenge-at-vir;-sims-p2-edwards-p3,,,skip,category 1
2017-07-08,"BMW Team RLL Posts Strong Qualifying Effort at CTMP; Bill Auberlen - P2, Martin Tomczyk - P4.",https://www.press.bmwgroup.com/usa/article/detail/T0272505EN_US/bmw-team-rll-posts-strong-qualifying-effort-at-ctmp;-bill-auberlen-p2-martin-tomczyk-p4,,,skip,category 1
2019-07-17,BMW Team RLL Prepared for Physics of Lime Rock Park.,https://www.press.bmwgroup.com/usa/article/detail/T0298823EN_US/bmw-team-rll-prepared-for-physics-of-lime-rock-park,,,skip,category 1
2013-10-05,BMW Team RLL Qualifies 1st and 3rd for Oak Tree Grand Prix at VIR,https://www.press.bmwgroup.com/usa/article/detail/T0148764EN_US/bmw-team-rll-qualifies-1st-and-3rd-for-oak-tree-grand-prix-at-vir,,,skip,category 1
2014-08-10,"BMW Team RLL Qualifies 1st and 4th at Road America; Edwards - Pole, Auberlen - 4th",https://www.press.bmwgroup.com/usa/article/detail/T0191342EN_US/bmw-team-rll-qualifies-1st-and-4th-at-road-america;-edwards-pole-auberlen-4th,,,skip,category 1
2014-08-23,"BMW Team RLL Qualifies 2nd and 4th at Virginia International Raceway: Auberlen P2, Müller P4",https://www.press.bmwgroup.com/usa/article/detail/T0192283EN_US/bmw-team-rll-qualifies-2nd-and-4th-at-virginia-international-raceway:-auberlen-p2-mueller-p4,,,skip,category 1
2014-05-04,BMW Team RLL Qualifies 2nd and 5th at Laguna Seca,https://www.press.bmwgroup.com/usa/article/detail/T0178943EN_US/bmw-team-rll-qualifies-2nd-and-5th-at-laguna-seca,,,skip,category 1
2014-07-25,"BMW Team RLL Qualifies 2nd and 5th for Brickyard Grand Prix; Edwards 2nd, Auberlen 5th",https://www.press.bmwgroup.com/usa/article/detail/T0189422EN_US/bmw-team-rll-qualifies-2nd-and-5th-for-brickyard-grand-prix;-edwards-2nd-auberlen-5th,,,skip,category 1
2013-07-21,BMW Team RLL Qualifies 4th and 5th at Canadian Tire Motorsport Park,https://www.press.bmwgroup.com/usa/article/detail/T0143886EN_US/bmw-team-rll-qualifies-4th-and-5th-at-canadian-tire-motorsport-park,,,skip,category 1
2015-01-23,"BMW Team RLL Qualifies 4th and 7th for 53rd Rolex 24 at Daytona; Edwards 4th, Auberlen 7th",https://www.press.bmwgroup.com/usa/article/detail/T0201942EN_US/bmw-team-rll-qualifies-4th-and-7th-for-53rd-rolex-24-at-daytona;-edwards-4th-auberlen-7th,,,skip,category 1
2014-07-13,BMW Team RLL Qualifies 5th and 10th for Sports Car Grand Prix at Canadian Tire Motorsport Park,https://www.press.bmwgroup.com/usa/article/detail/T0187249EN_US/bmw-team-rll-qualifies-5th-and-10th-for-sports-car-grand-prix-at-canadian-tire-motorsport-park,,,skip,category 1
2013-05-11,BMW Team RLL Qualifies 5th and 8th for ALMS Monterey,https://www.press.bmwgroup.com/usa/article/detail/T0141604EN_US/bmw-team-rll-qualifies-5th-and-8th-for-alms-monterey,,,skip,category 1
2013-10-18,BMW Team RLL Qualifies 5th and 9th for 16th Annual Petit Le Mans,https://www.press.bmwgroup.com/usa/article/detail/T0151325EN_US/bmw-team-rll-qualifies-5th-and-9th-for-16th-annual-petit-le-mans,,,skip,category 1
2014-09-20,"BMW Team RLL Qualifies 6th and 7th at Circuit of the Americas Edwards Sixth, Priaulx Seventh.",https://www.press.bmwgroup.com/usa/article/detail/T0193682EN_US/bmw-team-rll-qualifies-6th-and-7th-at-circuit-of-the-americas-edwards-sixth-priaulx-seventh,,,skip,category 1
2019-08-24,"BMW Team RLL Qualifies 7th and 8th for Michelin GT Challenge at VIRginia International Raceway. Edwards - P7, De Phillippi - P8",https://www.press.bmwgroup.com/usa/article/detail/T0300150EN_US/bmw-team-rll-qualifies-7th-and-8th-for-michelin-gt-challenge-at-virginia-international-raceway-edwards-p7-de-phillippi-p8,,,skip,category 1
2013-08-10,BMW Team RLL Qualifies 7th and 9th at Road America,https://www.press.bmwgroup.com/usa/article/detail/T0144684EN_US/bmw-team-rll-qualifies-7th-and-9th-at-road-america,,,skip,category 1
2018-09-09,"BMW Team RLL Qualifies Fifth and Eighth at WeatherTech Raceway Laguna Seca; Alexander Sims - P5, Jesse Krohn - P8.",https://www.press.bmwgroup.com/usa/article/detail/T0284791EN_US/bmw-team-rll-qualifies-fifth-and-eighth-at-weathertech-raceway-laguna-seca;-alexander-sims-p5-jesse-krohn-p8,,,skip,category 1
2019-09-15,"BMW Team RLL Qualifies First and Third at WeatherTech Raceway Laguna Seca; Krohn - Pole, Blomqvist - P3.",https://www.press.bmwgroup.com/usa/article/detail/T0300900EN_US/bmw-team-rll-qualifies-first-and-third-at-weathertech-raceway-laguna-seca;-krohn-pole-blomqvist-p3,,,skip,category 1
2014-06-29,BMW Team RLL Qualifies First and Third for Sahlen’s Six Hours of the Glen,https://www.press.bmwgroup.com/usa/article/detail/T0185522EN_US/bmw-team-rll-qualifies-first-and-third-for-sahlen’s-six-hours-of-the-glen,,,skip,category 1
2020-08-01,BMW Team RLL Qualifies Fourth and Fifth at Road America,https://www.press.bmwgroup.com/usa/article/detail/T0312709EN_US/bmw-team-rll-qualifies-fourth-and-fifth-at-road-america,,,skip,category 1
2019-06-30,"BMW Team RLL Qualifies Fourth and Sixth at Watkins Glen. Edwards - P4, DePhillippi - P6",https://www.press.bmwgroup.com/usa/article/detail/T0297983EN_US/bmw-team-rll-qualifies-fourth-and-sixth-at-watkins-glen-edwards-p4-dephillippi-p6,,,skip,category 1
2017-08-05,"BMW Team RLL Qualifies P3 and P5 at Road America; Sims - P3, Tomczyk - P5.",https://www.press.bmwgroup.com/usa/article/detail/T0273502EN_US/bmw-team-rll-qualifies-p3-and-p5-at-road-america;-sims-p3-tomczyk-p5,,,skip,category 1
2017-07-22,"BMW Team RLL Qualifies P4 and P8 for Northeast Grand Prix; Edwards - P4, Auberlen - P8.",https://www.press.bmwgroup.com/usa/article/detail/T0272989EN_US/bmw-team-rll-qualifies-p4-and-p8-for-northeast-grand-prix;-edwards-p4-auberlen-p8,,,skip,category 1
2020-09-27,BMW Team RLL Qualifies Second and Fourth at Mid-Ohio; Auberlen and Foley Lineup P5 in GTD BMW M6 GT3.,https://www.press.bmwgroup.com/usa/article/detail/T0317866EN_US/bmw-team-rll-qualifies-second-and-fourth-at-mid-ohio;-auberlen-and-foley-lineup-p5-in-gtd-bmw-m6-gt3,,,skip,category 1
2014-04-12,BMW Team RLL Qualifies Second and Third at Long Beach,https://www.press.bmwgroup.com/usa/article/detail/T0177851EN_US/bmw-team-rll-qualifies-second-and-third-at-long-beach,,,skip,category 1
2014-03-14,BMW Team RLL Qualifies Second and Third for 62nd 12 Hours of Sebring,https://www.press.bmwgroup.com/usa/article/detail/T0172088EN_US/bmw-team-rll-qualifies-second-and-third-for-62nd-12-hours-of-sebring,,,skip,category 1
2019-04-13,"BMW Team RLL Qualifies Seventh and Eighth For IMSA Long Beach Grand Prix; Blomqvist P7, Edwards P8.",https://www.press.bmwgroup.com/usa/article/detail/T0294703EN_US/bmw-team-rll-qualifies-seventh-and-eighth-for-imsa-long-beach-grand-prix;-blomqvist-p7-edwards-p8,,,skip,category 1
2018-07-01,"BMW Team RLL Qualifies Seventh and Eighth for Sahlen’s Six Hours of The Glen; Blomqvist P7, De Phillippi P8.",https://www.press.bmwgroup.com/usa/article/detail/T0282643EN_US/bmw-team-rll-qualifies-seventh-and-eighth-for-sahlen’s-six-hours-of-the-glen;-blomqvist-p7-de-phillippi-p8,,,skip,category 1
2018-04-14,"BMW Team RLL Qualifies Seventh and Eighth for the BUBBA burger Sports Car Grand Prix at Long Beach; DePhillippi P7, Krohn P8.",https://www.press.bmwgroup.com/usa/article/detail/T0280164EN_US/bmw-team-rll-qualifies-seventh-and-eighth-for-the-bubba-burger-sports-car-grand-prix-at-long-beach;-dephillippi-p7-krohn-p8,,,skip,category 1
2018-07-07,"BMW Team RLL Qualifies Sixth and Seventh For Mobil 1 SportsCar Grand Prix;  Krohn P6, Sims P7.",https://www.press.bmwgroup.com/usa/article/detail/T0282883EN_US/bmw-team-rll-qualifies-sixth-and-seventh-for-mobil-1-sportscar-grand-prix;-krohn-p6-sims-p7,,,skip,category 1
2018-08-05,"BMW Team RLL Qualifies Sixth and Seventh at Road America;  Krohn - P6, Sims - P7.",https://www.press.bmwgroup.com/usa/article/detail/T0283783EN_US/bmw-team-rll-qualifies-sixth-and-seventh-at-road-america;-krohn-p6-sims-p7,,,skip,category 1
2021-06-26,BMW Team RLL Qualifies Third and Fourth for Sahlen’s Six Hours of The Glen.,https://www.press.bmwgroup.com/usa/article/detail/T0336513EN_US/bmw-team-rll-qualifies-third-and-fourth-for-sahlen’s-six-hours-of-the-glen,,,skip,category 1
2019-05-04,"BMW Team RLL Qualifies Third and Sixth at Mid-Ohio. Krohn - P3, DePhillippi - P6",https://www.press.bmwgroup.com/usa/article/detail/T0295443EN_US/bmw-team-rll-qualifies-third-and-sixth-at-mid-ohio-krohn-p3-dephillippi-p6,,,skip,category 1
2013-09-21,"BMW Team RLL Qualifies on Top at Wet, Slippery Circuit of the Americas",https://www.press.bmwgroup.com/usa/article/detail/T0146244EN_US/bmw-team-rll-qualifies-on-top-at-wet-slippery-circuit-of-the-americas,,,skip,category 1
2020-09-04,BMW Team RLL Qualify Fifth and Sixth for Six Hours at Michelin Raceway Road Atlanta.,https://www.press.bmwgroup.com/usa/article/detail/T0315934EN_US/bmw-team-rll-qualify-fifth-and-sixth-for-six-hours-at-michelin-raceway-road-atlanta,,,skip,category 1
2016-01-29,BMW Team RLL Qualify New M6 GTLM Racing Cars 3rd and 6th for 54th Rolex 24 At Daytona.,https://www.press.bmwgroup.com/usa/article/detail/T0252802EN_US/bmw-team-rll-qualify-new-m6-gtlm-racing-cars-3rd-and-6th-for-54th-rolex-24-at-daytona,,,skip,category 1
2020-08-21,BMW Team RLL Qualify Third and Sixth For Michelin GT Challenge at VIR; Turner Motorsport BMW M6 GT3 Lines Up Second in GTD Class.,https://www.press.bmwgroup.com/usa/article/detail/T0314606EN_US/bmw-team-rll-qualify-third-and-sixth-for-michelin-gt-challenge-at-vir;-turner-motorsport-bmw-m6-gt3-lines-up-second-in-gtd-class,,,skip,category 1
2014-03-15,"BMW Team RLL Races in P3 and P10 at 12 Hours of Sebring Mid-Point; No. 55 Runs in Third, No. 56 Slowed by Crash Damage in Tenth",https://www.press.bmwgroup.com/usa/article/detail/T0172206EN_US/bmw-team-rll-races-in-p3-and-p10-at-12-hours-of-sebring-mid-point;-no-55-runs-in-third-no-56-slowed-by-crash-damage-in-tenth,,,skip,category 1
2017-07-18,BMW Team RLL Racing Returns to its Home Track at Lime Rock Park Northeast Grand Prix.,https://www.press.bmwgroup.com/usa/article/detail/T0272856EN_US/bmw-team-rll-racing-returns-to-its-home-track-at-lime-rock-park-northeast-grand-prix,,,skip,category 1
2020-09-02,BMW Team RLL Ready For Six Hours at Michelin Raceway Road Atlanta,https://www.press.bmwgroup.com/usa/article/detail/T0315633EN_US/bmw-team-rll-ready-for-six-hours-at-michelin-raceway-road-atlanta,,,skip,category 1
2019-06-26,BMW Team RLL Ready To Get Back On Winning Track At Watkins Glen.,https://www.press.bmwgroup.com/usa/article/detail/T0297743EN_US/bmw-team-rll-ready-to-get-back-on-winning-track-at-watkins-glen,,,skip,category 1
2018-08-14,BMW Team RLL Ready for Michelin GT Challenge at VIR After Near Miss at Road America. Five Car BMW M4 GT4 Entry Highlight BMW Customer Racing Effort.,https://www.press.bmwgroup.com/usa/article/detail/T0284044EN_US/bmw-team-rll-ready-for-michelin-gt-challenge-at-vir-after-near-miss-at-road-america-five-car-bmw-m4-gt4-entry-highlight-bmw-customer-racing-effort,,,skip,category 1
2013-05-06,BMW Team RLL Ready for the Next ALMS Round at Laguna Seca After Success at Long Beach,https://www.press.bmwgroup.com/usa/article/detail/T0141438EN_US/bmw-team-rll-ready-for-the-next-alms-round-at-laguna-seca-after-success-at-long-beach,,,skip,category 1
2019-04-10,BMW Team RLL Ready to Continue Strong Start to Season at Long Beach Grand Prix.,https://www.press.bmwgroup.com/usa/article/detail/T0294444EN_US/bmw-team-rll-ready-to-continue-strong-start-to-season-at-long-beach-grand-prix,,,skip,category 1
2013-07-01,BMW Team RLL Ready to Get Back On Track at Lime Rock Park,https://www.press.bmwgroup.com/usa/article/detail/T0143338EN_US/bmw-team-rll-ready-to-get-back-on-track-at-lime-rock-park,,,skip,category 1
2018-07-17,BMW Team RLL Ready to Rebound at Lime Rock Park; Mission 8 Supports Mission: Impossible - Fallout Film with Special Livery.,https://www.press.bmwgroup.com/usa/article/detail/T0283269EN_US/bmw-team-rll-ready-to-rebound-at-lime-rock-park;-mission-8-supports-mission:-impossible-fallout-film-with-special-livery,,,skip,category 1
2020-07-29,BMW Team RLL Recharged and Ready for Road America,https://www.press.bmwgroup.com/usa/article/detail/T0312424EN_US/bmw-team-rll-recharged-and-ready-for-road-america,,,skip,category 1
2013-10-20,BMW Team RLL Results at Petit Le Mans,https://www.press.bmwgroup.com/usa/article/detail/T0151424EN_US/bmw-team-rll-results-at-petit-le-mans,,,skip,category 1
2018-08-06,BMW Team RLL Results at Road America Don’t Match the Effort. Sixth and Eighth Place Finishes After Deserving Performances.,https://www.press.bmwgroup.com/usa/article/detail/T0283788EN_US/bmw-team-rll-results-at-road-america-don’t-match-the-effort-sixth-and-eighth-place-finishes-after-deserving-performances,,,skip,category 1
2013-10-06,BMW Team RLL Results from Oak Tree GP at VIR,https://www.press.bmwgroup.com/usa/article/detail/T0148844EN_US/bmw-team-rll-results-from-oak-tree-gp-at-vir,,,skip,category 1
2016-07-19,BMW Team RLL Returns To Lime Rock Park Where The Stars And Stripes Liveried No 25 Will Have One More Chance At A Podium.,https://www.press.bmwgroup.com/usa/article/detail/T0262159EN_US/bmw-team-rll-returns-to-lime-rock-park-where-the-stars-and-stripes-liveried-no-25-will-have-one-more-chance-at-a-podium,,,skip,category 1
2015-01-20,BMW Team RLL Returns to the Rolex 24 at Daytona as BMW Celebrates 40 Years of Sports Car Racing in the U.S.A.,https://www.press.bmwgroup.com/usa/article/detail/T0201562EN_US/bmw-team-rll-returns-to-the-rolex-24-at-daytona-as-bmw-celebrates-40-years-of-sports-car-racing-in-the-u-s-a,,,skip,category 1
2016-01-27,BMW Team RLL Reveals 100th Anniversary Livery for the BMW M6 GTLM Race Cars at the 54th Rolex 24 At Daytona.,https://www.press.bmwgroup.com/usa/article/detail/T0252479EN_US/bmw-team-rll-reveals-100th-anniversary-livery-for-the-bmw-m6-gtlm-race-cars-at-the-54th-rolex-24-at-daytona,,,skip,category 1
2017-07-01,BMW Team RLL Scores First and Second Row GTLM Class Starting Positions for Sahlen’s Six Hours of The Glen,https://www.press.bmwgroup.com/usa/article/detail/T0272284EN_US/bmw-team-rll-scores-first-and-second-row-gtlm-class-starting-positions-for-sahlen’s-six-hours-of-the-glen,,,skip,category 1
2017-09-24,"BMW Team RLL Split Seconds in Qualifying at Laguna Seca; Edwards - P3, Sims - P4 - one-thousandth of a second apart.",https://www.press.bmwgroup.com/usa/article/detail/T0274711EN_US/bmw-team-rll-split-seconds-in-qualifying-at-laguna-seca;-edwards-p3-sims-p4-one-thousandth-of-a-second-apart,,,skip,category 1
2017-09-20,BMW Team RLL Still in Title Hunt at Mazda Raceway Laguna Seca; No. 24 BMW M6 Back in Black.,https://www.press.bmwgroup.com/usa/article/detail/T0274657EN_US/bmw-team-rll-still-in-title-hunt-at-mazda-raceway-laguna-seca;-no-24-bmw-m6-back-in-black,,,skip,category 1
2015-06-29,BMW Team RLL Survives to Finish Third in Sahlen's Six Hours of the Glen,https://www.press.bmwgroup.com/usa/article/detail/T0224042EN_US/bmw-team-rll-survives-to-finish-third-in-sahlen-s-six-hours-of-the-glen,,,skip,category 1
2013-07-06,BMW Team RLL Sweeps Northeast Grand Prix GT Front Row; John Edwards drives to first pole of BMW Z4 GTE program,https://www.press.bmwgroup.com/usa/article/detail/T0143475EN_US/bmw-team-rll-sweeps-northeast-grand-prix-gt-front-row;-john-edwards-drives-to-first-pole-of-bmw-z4-gte-program,,,skip,category 1
2018-05-06,BMW Team RLL Uses Home Field Advantage to Score First and Third Starting Positions at Mid-Ohio.,https://www.press.bmwgroup.com/usa/article/detail/T0280803EN_US/bmw-team-rll-uses-home-field-advantage-to-score-first-and-third-starting-positions-at-mid-ohio,,,skip,category 1
2015-04-19,"BMW Team RLL Victory At Long Beach; Auberlen and Werner win from pole, Edwards and Luhr finish fifth.",https://www.press.bmwgroup.com/usa/article/detail/T0213482EN_US/bmw-team-rll-victory-at-long-beach;-auberlen-and-werner-win-from-pole-edwards-and-luhr-finish-fifth,,,skip,category 1
2012-08-19,BMW Team RLL Wins Road America for the Third Time in Four Years,https://www.press.bmwgroup.com/usa/article/detail/T0130404EN_US/bmw-team-rll-wins-road-america-for-the-third-time-in-four-years,,,skip,category 1
2013-04-20,BMW Team RLL Z4 Qualifies 5th and 7th at Long Beach,https://www.press.bmwgroup.com/usa/article/detail/T0140398EN_US/bmw-team-rll-z4-qualifies-5th-and-7th-at-long-beach,,,skip,category 1
2015-08-06,BMW Team RLL and Mission: Impossible - Rogue Nation Team Up at Road America.,https://www.press.bmwgroup.com/usa/article/detail/T0229222EN_US/bmw-team-rll-and-mission:-impossible-rogue-nation-team-up-at-road-america,,,skip,category 1
2019-07-15,"BMW Team RLL and the BMW Technician Race Crew Program Will Join Forces this Weekend at the IMSA Northeast Grand Prix at Lime Rock Park in Lakeville, Connecticut.",https://www.press.bmwgroup.com/usa/article/detail/T0298790EN_US/bmw-team-rll-and-the-bmw-technician-race-crew-program-will-join-forces-this-weekend-at-the-imsa-northeast-grand-prix-at-lime-rock-park-in-lakeville-connecticut,,,skip,category 1
2020-09-06,BMW Team RLL back on top with victory and double-podium finish at Tirerack.com Grand Prix at Michelin Raceway Road Atlanta.,https://www.press.bmwgroup.com/usa/article/detail/T0315935EN_US/bmw-team-rll-back-on-top-with-victory-and-double-podium-finish-at-tirerack-com-grand-prix-at-michelin-raceway-road-atlanta,,,skip,category 1
2017-10-09,BMW Team RLL celebrates victory at the Petit Le Mans – Bill Auberlen victorious in his 400th race for BMW.,https://www.press.bmwgroup.com/usa/article/detail/T0274966EN_US/bmw-team-rll-celebrates-victory-at-the-petit-le-mans-–-bill-auberlen-victorious-in-his-400th-race-for-bmw,,,skip,category 1
2017-03-17,BMW Team RLL claims eighth and ninth GTLM starting positions for 65th 12 Hours of Sebring.,https://www.press.bmwgroup.com/usa/article/detail/T0268770EN_US/bmw-team-rll-claims-eighth-and-ninth-gtlm-starting-positions-for-65th-12-hours-of-sebring,,,skip,category 1
2019-03-17,BMW Team RLL comes fourth and seventh in the GTLM class at the 12 Hours of Sebring.,https://www.press.bmwgroup.com/usa/article/detail/T0293227EN_US/bmw-team-rll-comes-fourth-and-seventh-in-the-gtlm-class-at-the-12-hours-of-sebring,,,skip,category 1
2016-10-01,BMW Team RLL drivers qualify sixth and ninth at Road Atlanta.,https://www.press.bmwgroup.com/usa/article/detail/T0264399EN_US/bmw-team-rll-drivers-qualify-sixth-and-ninth-at-road-atlanta,,,skip,category 1
2015-10-04,BMW Team RLL finishes second and fourth at Road Atlanta.,https://www.press.bmwgroup.com/usa/article/detail/T0237223EN_US/bmw-team-rll-finishes-second-and-fourth-at-road-atlanta,,,skip,category 1
2014-01-24,BMW Team RLL finishes seventh and eighth in Daytona 24 Hours GTLM qualifying session.,https://www.press.bmwgroup.com/usa/article/detail/T0164834EN_US/bmw-team-rll-finishes-seventh-and-eighth-in-daytona-24-hours-gtlm-qualifying-session,,,skip,category 1
2015-03-22,BMW Team RLL misses out on podium in Sebring – BMW Z4 GTLMs finish fourth and eighth at 63rd Twelve Hours of Sebring.,https://www.press.bmwgroup.com/usa/article/detail/T0209523EN_US/bmw-team-rll-misses-out-on-podium-in-sebring-–-bmw-z4-gtlms-finish-fourth-and-eighth-at-63rd-twelve-hours-of-sebring,,,skip,category 1
2013-03-15,BMW Team RLL qualifies eighth and ninth for Sebring 12 Hours.,https://www.press.bmwgroup.com/usa/article/detail/T0138139EN_US/bmw-team-rll-qualifies-eighth-and-ninth-for-sebring-12-hours,,,skip,category 1
2018-03-15,BMW Team RLL ready for Sebring – Special anniversary for Bill Auberlen.,https://www.press.bmwgroup.com/usa/article/detail/T0279195EN_US/bmw-team-rll-ready-for-sebring-–-special-anniversary-for-bill-auberlen,,,skip,category 1
2015-09-19,BMW Team RLL to Start 2nd and 6th in Lone Star Le Mans Race.,https://www.press.bmwgroup.com/usa/article/detail/T0235022EN_US/bmw-team-rll-to-start-2nd-and-6th-in-lone-star-le-mans-race,,,skip,category 1
2015-08-23,BMW Team RLL to Start 4th and 5th in Oak Tree Grand Prix at VIR.,https://www.press.bmwgroup.com/usa/article/detail/T0231162EN_US/bmw-team-rll-to-start-4th-and-5th-in-oak-tree-grand-prix-at-vir,,,skip,category 1
2015-08-09,BMW Team RLL to Start Fourth and Sixth in Continental Tire Road Race Showcase.,https://www.press.bmwgroup.com/usa/article/detail/T0229562EN_US/bmw-team-rll-to-start-fourth-and-sixth-in-continental-tire-road-race-showcase,,,skip,category 1
2015-06-28,BMW Team RLL to Start Second and Third at Watkins Glen International,https://www.press.bmwgroup.com/usa/article/detail/T0223942EN_US/bmw-team-rll-to-start-second-and-third-at-watkins-glen-international,,,skip,category 1
2015-07-12,BMW Team RLL to Start Second and Third in Mobil 1 SportsCar Grand Prix.,https://www.press.bmwgroup.com/usa/article/detail/T0225922EN_US/bmw-team-rll-to-start-second-and-third-in-mobil-1-sportscar-grand-prix,,,skip,category 1
2017-01-27,BMW Team RLL to start Rolex 24 At Daytona from 10th and 11th.,https://www.press.bmwgroup.com/usa/article/detail/T0267576EN_US/bmw-team-rll-to-start-rolex-24-at-daytona-from-10th-and-11th,,,skip,category 1
2020-01-27,BMW Team RLL wins Daytona thriller: Second GTLM consecutive triumph for the BMW M8 GTE at the IMSA season-opener.,https://www.press.bmwgroup.com/usa/article/detail/T0304948EN_US/bmw-team-rll-wins-daytona-thriller:-second-gtlm-consecutive-triumph-for-the-bmw-m8-gte-at-the-imsa-season-opener,,,skip,category 1
2012-08-29,BMW Team RLL – Baltimore ALMS Preview,https://www.press.bmwgroup.com/usa/article/detail/T0130932EN_US/bmw-team-rll-–-baltimore-alms-preview,,,skip,category 1
2012-09-01,BMW Team RLL – Baltimore ALMS Qualifying,https://www.press.bmwgroup.com/usa/article/detail/T0131203EN_US/bmw-team-rll-–-baltimore-alms-qualifying,,,skip,category 1
2014-07-22,BMW Team RLL – Brickyard Grand Prix Preview,https://www.press.bmwgroup.com/usa/article/detail/T0188842EN_US/bmw-team-rll-–-brickyard-grand-prix-preview,,,skip,category 1
2014-07-08,BMW Team RLL – Canadian Tire Motorsport Park Preview,https://www.press.bmwgroup.com/usa/article/detail/T0186865EN_US/bmw-team-rll-–-canadian-tire-motorsport-park-preview,,,skip,category 1
2013-09-16,BMW Team RLL – Circuit of the Americas Preview,https://www.press.bmwgroup.com/usa/article/detail/T0145798EN_US/bmw-team-rll-–-circuit-of-the-americas-preview,,,skip,category 1
2014-09-19,BMW Team RLL – Lone Star Le Mans Preview,https://www.press.bmwgroup.com/usa/article/detail/T0193662EN_US/bmw-team-rll-–-lone-star-le-mans-preview,,,skip,category 1
2016-08-29,BMW Team RLL – Michelin GT Challenge at VIR - Race Final,https://www.press.bmwgroup.com/usa/article/detail/T0263246EN_US/bmw-team-rll-–-michelin-gt-challenge-at-vir-race-final,,,skip,category 1
2016-08-24,BMW Team RLL – Michelin GT Challenge at Virginia International Raceway - Preview,https://www.press.bmwgroup.com/usa/article/detail/T0263156EN_US/bmw-team-rll-–-michelin-gt-challenge-at-virginia-international-raceway-preview,,,skip,category 1
2012-08-01,BMW Team RLL – Mid-Ohio ALMS Preview,https://www.press.bmwgroup.com/usa/article/detail/T0128943EN_US/bmw-team-rll-–-mid-ohio-alms-preview,,,skip,category 1
2012-08-03,BMW Team RLL – Mid-Ohio ALMS Qualifying,https://www.press.bmwgroup.com/usa/article/detail/T0129042EN_US/bmw-team-rll-–-mid-ohio-alms-qualifying,,,skip,category 1
2015-07-07,BMW Team RLL – Mobil 1 SportsCar Grand Prix Preview.,https://www.press.bmwgroup.com/usa/article/detail/T0225162EN_US/bmw-team-rll-–-mobil-1-sportscar-grand-prix-preview,,,skip,category 1
2014-04-29,BMW Team RLL – Monterey Grand Prix Preview,https://www.press.bmwgroup.com/usa/article/detail/T0178691EN_US/bmw-team-rll-–-monterey-grand-prix-preview,,,skip,category 1
2014-08-19,BMW Team RLL – Oak Tree Grand Prix at VIR Preview,https://www.press.bmwgroup.com/usa/article/detail/T0192062EN_US/bmw-team-rll-–-oak-tree-grand-prix-at-vir-preview,,,skip,category 1
2012-10-15,BMW Team RLL – Petit Le Mans ALMS Preview,https://www.press.bmwgroup.com/usa/article/detail/T0133483EN_US/bmw-team-rll-–-petit-le-mans-alms-preview,,,skip,category 1
2013-10-14,BMW Team RLL – Petit Le Mans Preview,https://www.press.bmwgroup.com/usa/article/detail/T0150544EN_US/bmw-team-rll-–-petit-le-mans-preview,,,skip,category 1
2012-10-19,BMW Team RLL – Petit Le Mans Qualifying,https://www.press.bmwgroup.com/usa/article/detail/T0133734EN_US/bmw-team-rll-–-petit-le-mans-qualifying,,,skip,category 1
2012-08-13,BMW Team RLL – Road America ALMS Preview,https://www.press.bmwgroup.com/usa/article/detail/T0130063EN_US/bmw-team-rll-–-road-america-alms-preview,,,skip,category 1
2012-08-18,BMW Team RLL – Road America ALMS Qualifying,https://www.press.bmwgroup.com/usa/article/detail/T0130364EN_US/bmw-team-rll-–-road-america-alms-qualifying,,,skip,category 1
2014-08-06,BMW Team RLL – Road America Road Race Showcase Preview,https://www.press.bmwgroup.com/usa/article/detail/T0190904EN_US/bmw-team-rll-–-road-america-road-race-showcase-preview,,,skip,category 1
2014-06-24,BMW Team RLL – Sahlen’s Six Hour of the Glen Preview,https://www.press.bmwgroup.com/usa/article/detail/T0184963EN_US/bmw-team-rll-–-sahlen’s-six-hour-of-the-glen-preview,,,skip,category 1
2015-06-23,BMW Team RLL – Sahlen’s Six Hour of the Glen Preview.,https://www.press.bmwgroup.com/usa/article/detail/T0223463EN_US/bmw-team-rll-–-sahlen’s-six-hour-of-the-glen-preview,,,skip,category 1
2014-04-07,BMW Team RLL – Sports Car Showcase At Long Beach Preview,https://www.press.bmwgroup.com/usa/article/detail/T0177066EN_US/bmw-team-rll-–-sports-car-showcase-at-long-beach-preview,,,skip,category 1
2014-03-12,BMW Team RLL – Twelve Hours of Sebring Preview,https://www.press.bmwgroup.com/usa/article/detail/T0171526EN_US/bmw-team-rll-–-twelve-hours-of-sebring-preview,,,skip,category 1
2012-09-11,BMW Team RLL – Virginia International Raceway ALMS Preview,https://www.press.bmwgroup.com/usa/article/detail/T0131854EN_US/bmw-team-rll-–-virginia-international-raceway-alms-preview,,,skip,category 1
2012-09-15,BMW Team RLL – Virginia International Raceway ALMS Qualifying,https://www.press.bmwgroup.com/usa/article/detail/T0132069EN_US/bmw-team-rll-–-virginia-international-raceway-alms-qualifying,,,skip,category 1
2013-10-01,BMW Team RLL – Virginia International Raceway Preview,https://www.press.bmwgroup.com/usa/article/detail/T0148084EN_US/bmw-team-rll-–-virginia-international-raceway-preview,,,skip,category 1
2015-01-25,BMW Team RLL: Rolex 24 at Daytona 18 Hour Report,https://www.press.bmwgroup.com/usa/article/detail/T0202062EN_US/bmw-team-rll:-rolex-24-at-daytona-18-hour-report,,,skip,category 1
2015-01-25,BMW Team RLL: Rolex 24 at Daytona Six Hour Report,https://www.press.bmwgroup.com/usa/article/detail/T0202042EN_US/bmw-team-rll:-rolex-24-at-daytona-six-hour-report,,,skip,category 1
2013-07-17,BMW Team RLL’s Season Speeds Up Beginning at CTMP; Hand Returns to Co-drive with Müller,https://www.press.bmwgroup.com/usa/article/detail/T0143779EN_US/bmw-team-rll’s-season-speeds-up-beginning-at-ctmp;-hand-returns-to-co-drive-with-mueller,,,skip,category 1
2014-05-27,BMW Teams Race to Strong Results at Lime Rock Park,https://www.press.bmwgroup.com/usa/article/detail/T0181632EN_US/bmw-teams-race-to-strong-results-at-lime-rock-park,,,skip,category 1
2013-01-22,BMW Teams Ready for 51st Annual Rolex 24 at Daytona weekend.,https://www.press.bmwgroup.com/usa/article/detail/T0136421EN_US/bmw-teams-ready-for-51st-annual-rolex-24-at-daytona-weekend,,,skip,category 1
2022-01-05,BMW Theatre Screen brings cinematic experience into the vehicle.,https://www.press.bmwgroup.com/usa/article/detail/T0363541EN_US/bmw-theatre-screen-brings-cinematic-experience-into-the-vehicle,,,skip,category 1
2026-06-30,"BMW Unveils New ""Home of X"" Sculpture at the BMW Zentrum in South Carolina.",https://www.press.bmwgroup.com/usa/article/detail/T0458903EN_US/bmw-unveils-new-home-of-x-sculpture-at-the-bmw-zentrum-in-south-carolina,,,skip,category 1
2015-03-14,BMW Unveils Tribute Livery for 40th Anniversary of First US Race Win at the 12 Hours of Sebring,https://www.press.bmwgroup.com/usa/article/detail/T0208202EN_US/bmw-unveils-tribute-livery-for-40th-anniversary-of-first-us-race-win-at-the-12-hours-of-sebring,,,skip,category 1
2017-08-17,BMW Unveils World Premiere of the BMW Concept Z4 and the North American Premiere of the BMW Concept 8 Series.,https://www.press.bmwgroup.com/usa/article/detail/T0273701EN_US/bmw-unveils-world-premiere-of-the-bmw-concept-z4-and-the-north-american-premiere-of-the-bmw-concept-8-series,,,skip,category 1
2014-12-18,"BMW Unveils the ConnectedDrive Store, Allowing U.S. Customers to Purchase Services through BMW Vehicles.",https://www.press.bmwgroup.com/usa/article/detail/T0198824EN_US/bmw-unveils-the-connecteddrive-store-allowing-u-s-customers-to-purchase-services-through-bmw-vehicles,,,skip,category 1
2019-06-25,BMW VISION M NEXT. Boost your moment - the future of driving dynamics at BMW.,https://www.press.bmwgroup.com/usa/article/detail/T0297620EN_US/bmw-vision-m-next-boost-your-moment-the-future-of-driving-dynamics-at-bmw,,,skip,category 1
2014-04-20,BMW Vision Future Luxury.,https://www.press.bmwgroup.com/usa/article/detail/T0178150EN_US/bmw-vision-future-luxury,,,skip,category 1
2018-09-05,BMW Vision iNEXT – coming soon.,https://www.press.bmwgroup.com/usa/article/detail/T0284651EN_US/bmw-vision-inext-–-coming-soon,,,skip,category 1
2018-09-04,BMW Vision iNEXT – coming soon.,https://www.press.bmwgroup.com/usa/article/detail/T0284603EN_US/bmw-vision-inext-–-coming-soon,,,skip,category 1
2018-08-31,BMW Vision iNEXT. Design Process.,https://www.press.bmwgroup.com/usa/article/detail/T0284499EN_US/bmw-vision-inext-design-process,,,skip,category 1
2012-07-24,BMW Voted World’s Best Car Manufacturer by Readers of Frequent Business Traveler,https://www.press.bmwgroup.com/usa/article/detail/T0128689EN_US/bmw-voted-world’s-best-car-manufacturer-by-readers-of-frequent-business-traveler,,,skip,category 1
2014-04-08,BMW WINS AUTOMOBILE MAGAZINE ALL-STARS AWARD.,https://www.press.bmwgroup.com/usa/article/detail/T0177166EN_US/bmw-wins-automobile-magazine-all-stars-award,,,skip,category 1
2013-06-06,BMW WINS AUTOMOBILE MAGAZINE ALL-STARS AWARD.,https://www.press.bmwgroup.com/usa/article/detail/T0142644EN_US/bmw-wins-automobile-magazine-all-stars-award,,,skip,category 1
2015-09-20,BMW Wins Texas Shootout at Circuit Of The Americas,https://www.press.bmwgroup.com/usa/article/detail/T0235042EN_US/bmw-wins-texas-shootout-at-circuit-of-the-americas,,,skip,category 1
2023-11-02,BMW XM Label Sets New Record for Hybrid Electric SUVs at Pikes Peak.,https://www.press.bmwgroup.com/usa/article/detail/T0438127EN_US/bmw-xm-label-sets-new-record-for-hybrid-electric-suvs-at-pikes-peak,,,skip,category 1
2013-03-13,BMW Z4 GTE race debut in Sebring – BMW Team RLL is ready for fifth ALMS season.,https://www.press.bmwgroup.com/usa/article/detail/T0137817EN_US/bmw-z4-gte-race-debut-in-sebring-–-bmw-team-rll-is-ready-for-fifth-alms-season,,,skip,category 1
2012-08-17,BMW Zagato Roadster,https://www.press.bmwgroup.com/usa/article/detail/T0130341EN_US/bmw-zagato-roadster,,,skip,category 1
2012-08-20,BMW and Green Mountain Energy Company Partner to Support Renewable Energy for DriveNow Program,https://www.press.bmwgroup.com/usa/article/detail/T0130544EN_US/bmw-and-green-mountain-energy-company-partner-to-support-renewable-energy-for-drivenow-program,,,skip,category 1
2022-02-17,"BMW and Jeff Koons Present THE 8 X JEFF KOONS, a Limited Edition BMW 8 Series Gran Coupe Customized by the Legendary American Artist.",https://www.press.bmwgroup.com/usa/article/detail/T0368453EN_US/bmw-and-jeff-koons-present-the-8-x-jeff-koons-a-limited-edition-bmw-8-series-gran-coupe-customized-by-the-legendary-american-artist,,,skip,category 1
2022-04-05,"BMW and Jeff Koons Raise $475,000 for the International Centre for Missing & Exploited Children via Charity Auction of Final THE 8 X JEFF KOONS Limited Edition.",https://www.press.bmwgroup.com/usa/article/detail/T0378534EN_US/bmw-and-jeff-koons-raise-475-000-for-the-international-centre-for-missing-exploited-children-via-charity-auction-of-final-the-8-x-jeff-koons-limited-edition,,,skip,category 1
2021-09-04,BMW and Jeff Koons Reunite for Limited Edition BMW M850i xDrive Gran Coupe.,https://www.press.bmwgroup.com/usa/article/detail/T0341652EN_US/bmw-and-jeff-koons-reunite-for-limited-edition-bmw-m850i-xdrive-gran-coupe,,,skip,category 1
2022-09-30,BMW and Kith Join Forces Once Again for New Electrified Special Edition BMW i4 M50 by Kith.,https://www.press.bmwgroup.com/usa/article/detail/T0404260EN_US/bmw-and-kith-join-forces-once-again-for-new-electrified-special-edition-bmw-i4-m50-by-kith,,,skip,category 1
2024-12-06,BMW and Kith continue their cooperation and present the BMW XM in an exclusive edition.,https://www.press.bmwgroup.com/usa/article/detail/T0446748EN_US/bmw-and-kith-continue-their-cooperation-and-present-the-bmw-xm-in-an-exclusive-edition,,,skip,category 1
2017-01-23,BMW and MINI Driving Experience relaunches in the USA.,https://www.press.bmwgroup.com/usa/article/detail/T0267490EN_US/bmw-and-mini-driving-experience-relaunches-in-the-usa,,,skip,category 1
2021-04-01,BMW and Milo Ventimiglia Harness the Power of M in the All-New BMW M4.,https://www.press.bmwgroup.com/usa/article/detail/T0328932EN_US/bmw-and-milo-ventimiglia-harness-the-power-of-m-in-the-all-new-bmw-m4,,,skip,category 1
2016-08-16,BMW and Montblanc launch the “Montblanc for BMW” Special Edition in the U.S. at Pebble Beach.,https://www.press.bmwgroup.com/usa/article/detail/T0262998EN_US/bmw-and-montblanc-launch-the-“montblanc-for-bmw”-special-edition-in-the-u-s-at-pebble-beach,,,skip,category 1
2013-04-22,BMW and Paris Photo celebrate the tenth anniversary of their partnership with Andy Warhol’s 1979 BMW Art Car at the inaugural Los Angeles Fair,https://www.press.bmwgroup.com/usa/article/detail/T0140361EN_US/bmw-and-paris-photo-celebrate-the-tenth-anniversary-of-their-partnership-with-andy-warhol’s-1979-bmw-art-car-at-the-inaugural-los-angeles-fair,,,skip,category 1
2018-02-09,"BMW and USA Bobsled/Skeleton Set Their Sights on XXIII Olympic Winter Games in Pyeongchang, South Korea.",https://www.press.bmwgroup.com/usa/article/detail/T0278478EN_US/bmw-and-usa-bobsled/skeleton-set-their-sights-on-xxiii-olympic-winter-games-in-pyeongchang-south-korea,,,skip,category 1
2023-01-05,"BMW announces a completely new Head-up Display for the ""Neue Klasse"".",https://www.press.bmwgroup.com/usa/article/detail/T0407239EN_US/bmw-announces-a-completely-new-head-up-display-for-the-neue-klasse,,,skip,category 1
2020-06-22,"BMW announces support for Digital Key for iPhone. A secure and easy way to use iPhone as a car key to lock, unlock, drive, and share keys with friends.",https://www.press.bmwgroup.com/usa/article/detail/T0309831EN_US/bmw-announces-support-for-digital-key-for-iphone-a-secure-and-easy-way-to-use-iphone-as-a-car-key-to-lock-unlock-drive-and-share-keys-with-friends,,,skip,category 1
2016-09-15,BMW announces two additional ChargeNow by EVgo public charging programs - with introductory pricing options available to drivers of BMW i and BMW iPerformance models in 25 markets.,https://www.press.bmwgroup.com/usa/article/detail/T0263741EN_US/bmw-announces-two-additional-chargenow-by-evgo-public-charging-programs-with-introductory-pricing-options-available-to-drivers-of-bmw-i-and-bmw-iperformance-models-in-25-markets,,,skip,category 1
2015-06-11,BMW as partner of Art Basel. Hong Kong artist Samson Young wins BMW Art Journey.,https://www.press.bmwgroup.com/usa/article/detail/T0221305EN_US/bmw-as-partner-of-art-basel-hong-kong-artist-samson-young-wins-bmw-art-journey,,,skip,category 1
2015-07-09,BMW becomes Global Partner of the 35th America’s Cup.,https://www.press.bmwgroup.com/usa/article/detail/T0225522EN_US/bmw-becomes-global-partner-of-the-35th-america’s-cup,,,skip,category 1
2018-11-29,BMW becomes Worldwide Partner of The Ryder Cup.,https://www.press.bmwgroup.com/usa/article/detail/T0287793EN_US/bmw-becomes-worldwide-partner-of-the-ryder-cup,,,skip,category 1
2026-07-28,BMW brings modern mobility to the Sony Pictures film “Spider-Man™: Brand New Day”.,https://www.press.bmwgroup.com/usa/article/detail/T0459681EN_US/bmw-brings-modern-mobility-to-the-sony-pictures-film-“spider-man™:-brand-new-day”,,,skip,category 1
2012-10-21,"BMW caps dream comeback with three titles: Spengler wins DTM drivers’ title, BMW Team Schnitzer tops the team standings and BMW wins the manufacturers’ title.",https://www.press.bmwgroup.com/usa/article/detail/T0133843EN_US/bmw-caps-dream-comeback-with-three-titles:-spengler-wins-dtm-drivers’-title-bmw-team-schnitzer-tops-the-team-standings-and-bmw-wins-the-manufacturers’-title,,,skip,category 1
2020-10-23,"BMW collaborates with New York lifestyle brand Kith on special limited-edition M4 Competition x Kith, highlighting design and apparel partnership.",https://www.press.bmwgroup.com/usa/article/detail/T0319242EN_US/bmw-collaborates-with-new-york-lifestyle-brand-kith-on-special-limited-edition-m4-competition-x-kith-highlighting-design-and-apparel-partnership,,,skip,category 1
2014-04-01,BMW congratulates Paul Rosche: The “father” of the Formula One World Championship engine turns 80 today.,https://www.press.bmwgroup.com/usa/article/detail/T0175570EN_US/bmw-congratulates-paul-rosche:-the-“father”-of-the-formula-one-world-championship-engine-turns-80-today,,,skip,category 1
2021-03-31,BMW connects customers with new My BMW App.,https://www.press.bmwgroup.com/usa/article/detail/T0328879EN_US/bmw-connects-customers-with-new-my-bmw-app,,,skip,category 1
2023-06-13,BMW driver Neil Verhagen to replace John Edwards for SRO Motorsport America weekend at VIRginia International Raceway.,https://www.press.bmwgroup.com/usa/article/detail/T0420963EN_US/bmw-driver-neil-verhagen-to-replace-john-edwards-for-sro-motorsport-america-weekend-at-virginia-international-raceway,,,skip,category 1
2022-01-05,BMW first to bring digital art into vehicles. Artist Cao Fei creates Digital Art Mode.,https://www.press.bmwgroup.com/usa/article/detail/T0363542EN_US/bmw-first-to-bring-digital-art-into-vehicles-artist-cao-fei-creates-digital-art-mode,,,skip,category 1
2014-04-11,"BMW hosted Munich Philharmonic Orchestra for concert in Vanderbilt Hall, Grand Central Terminal in New York City.",https://www.press.bmwgroup.com/usa/article/detail/T0177797EN_US/bmw-hosted-munich-philharmonic-orchestra-for-concert-in-vanderbilt-hall-grand-central-terminal-in-new-york-city,,,skip,category 1
2014-10-14,"BMW i & Soho House announce global partnership. Exploration of innovation, arts and design.",https://www.press.bmwgroup.com/usa/article/detail/T0194885EN_US/bmw-i-soho-house-announce-global-partnership-exploration-of-innovation-arts-and-design,,,skip,category 1
2012-06-22,BMW i Born Electric Tour makes first stop in Rome,https://www.press.bmwgroup.com/usa/article/detail/T0127831EN_US/bmw-i-born-electric-tour-makes-first-stop-in-rome,,,skip,category 1
2015-08-03,BMW i ChargeForward Pilot Launches in Bay Area,https://www.press.bmwgroup.com/usa/article/detail/T0228804EN_US/bmw-i-chargeforward-pilot-launches-in-bay-area,,,skip,category 1
2015-01-05,BMW i Home Charging Services unveiled at the CES Consumer Electronics Show in Las Vegas.Pioneering integrated charging solution for electric vehicles brings further reduction in charging costs and integrates home solar generating systems with the household electricity system.,https://www.press.bmwgroup.com/usa/article/detail/T0199224EN_US/bmw-i-home-charging-services-unveiled-at-the-ces-consumer-electronics-show-in-las-vegas-pioneering-integrated-charging-solution-for-electric-vehicles-brings-further-reduction-in-charging-costs-and-integrates-home-solar-generating-systems-with-the-household-electricity-system,,,skip,category 1
2026-04-29,BMW i Ventures Announces $300 Million Fund to Back AI Startups Reshaping the Automotive Ecosystem.,https://www.press.bmwgroup.com/usa/article/detail/T0457469EN_US/bmw-i-ventures-announces-300-million-fund-to-back-ai-startups-reshaping-the-automotive-ecosystem,,,skip,category 1
2020-01-14,BMW i Ventures Announces Investment in Alitheon.,https://www.press.bmwgroup.com/usa/article/detail/T0304543EN_US/bmw-i-ventures-announces-investment-in-alitheon,,,skip,category 1
2020-02-13,BMW i Ventures Announces Investment in AutoFi.,https://www.press.bmwgroup.com/usa/article/detail/T0305572EN_US/bmw-i-ventures-announces-investment-in-autofi,,,skip,category 1
2021-10-18,BMW i Ventures Announces Investment in Battery Startup Our Next Energy.,https://www.press.bmwgroup.com/usa/article/detail/T0350452EN_US/bmw-i-ventures-announces-investment-in-battery-startup-our-next-energy,,,skip,category 1
2018-03-20,"BMW i Ventures Announces Investment in Blackmore Sensors and Analytics, Inc.",https://www.press.bmwgroup.com/usa/article/detail/T0279345EN_US/bmw-i-ventures-announces-investment-in-blackmore-sensors-and-analytics-inc,,,skip,category 1
2019-03-14,BMW i Ventures Announces Investment in Bright Machines.,https://www.press.bmwgroup.com/usa/article/detail/T0293116EN_US/bmw-i-ventures-announces-investment-in-bright-machines,,,skip,category 1
2017-04-05,BMW i Ventures Announces Investment in Bus.com,https://www.press.bmwgroup.com/usa/article/detail/T0269575EN_US/bmw-i-ventures-announces-investment-in-bus-com,,,skip,category 1
2019-10-29,BMW i Ventures Announces Investment in CelLink.,https://www.press.bmwgroup.com/usa/article/detail/T0302199EN_US/bmw-i-ventures-announces-investment-in-cellink,,,skip,category 1
2019-11-04,BMW i Ventures Announces Investment in ELISE.,https://www.press.bmwgroup.com/usa/article/detail/T0302198EN_US/bmw-i-ventures-announces-investment-in-elise,,,skip,category 1
2023-11-15,BMW i Ventures Announces Investment in German Software Company Ascon Systems.,https://www.press.bmwgroup.com/usa/article/detail/T0438340EN_US/bmw-i-ventures-announces-investment-in-german-software-company-ascon-systems,,,skip,category 1
2023-01-18,BMW i Ventures Announces Investment in MacroFab.,https://www.press.bmwgroup.com/usa/article/detail/T0407599EN_US/bmw-i-ventures-announces-investment-in-macrofab,,,skip,category 1
2024-12-30,BMW i Ventures Announces Investment in Phoenix Tailings to Expand & Stabilize the Processing of Rare Earth Elements in the U.S.,https://www.press.bmwgroup.com/usa/article/detail/T0447225EN_US/bmw-i-ventures-announces-investment-in-phoenix-tailings-to-expand-stabilize-the-processing-of-rare-earth-elements-in-the-u-s,,,skip,category 1
2019-07-31,BMW i Ventures Announces Investment in Recogni.,https://www.press.bmwgroup.com/usa/article/detail/T0299462EN_US/bmw-i-ventures-announces-investment-in-recogni,,,skip,category 1
2024-09-17,BMW i Ventures Announces Investment in RunSafe Security to Bolster Cybersecurity for Critical Infrastructure.,https://www.press.bmwgroup.com/usa/article/detail/T0445104EN_US/bmw-i-ventures-announces-investment-in-runsafe-security-to-bolster-cybersecurity-for-critical-infrastructure,,,skip,category 1
2024-05-22,BMW i Ventures Announces Investment in Simr.,https://www.press.bmwgroup.com/usa/article/detail/T0442360EN_US/bmw-i-ventures-announces-investment-in-simr,,,skip,category 1
2020-01-22,BMW i Ventures Announces Investment in Software Motor Company.,https://www.press.bmwgroup.com/usa/article/detail/T0304834EN_US/bmw-i-ventures-announces-investment-in-software-motor-company,,,skip,category 1
2019-01-10,BMW i Ventures Announces Investment in Tekion.,https://www.press.bmwgroup.com/usa/article/detail/T0289764EN_US/bmw-i-ventures-announces-investment-in-tekion,,,skip,category 1
2019-09-12,BMW i Ventures Announces Investment in Trifacta.,https://www.press.bmwgroup.com/usa/article/detail/T0300729EN_US/bmw-i-ventures-announces-investment-in-trifacta,,,skip,category 1
2019-01-23,BMW i Ventures Announces Investment in Urgent.ly.,https://www.press.bmwgroup.com/usa/article/detail/T0290628EN_US/bmw-i-ventures-announces-investment-in-urgent-ly,,,skip,category 1
2019-02-28,BMW i Ventures Announces Investment in Zūm.,https://www.press.bmwgroup.com/usa/article/detail/T0292524EN_US/bmw-i-ventures-announces-investment-in-zūm,,,skip,category 1
2022-05-17,"BMW i Ventures Announces Lead Investment in Green Lithium Refining Technology, Mangrove Lithium.",https://www.press.bmwgroup.com/usa/article/detail/T0390994EN_US/bmw-i-ventures-announces-lead-investment-in-green-lithium-refining-technology-mangrove-lithium,,,skip,category 1
2021-06-30,"BMW i Ventures Announces New $300 Million Venture Capital Fund to Further Invest in Sustainability, Transportation, Manufacturing and Supply Chain",https://www.press.bmwgroup.com/usa/article/detail/T0336735EN_US/bmw-i-ventures-announces-new-300-million-venture-capital-fund-to-further-invest-in-sustainability-transportation-manufacturing-and-supply-chain,,,skip,category 1
2017-07-12,BMW i Ventures Announces Strategic Investment in Caroobi.,https://www.press.bmwgroup.com/usa/article/detail/T0272646EN_US/bmw-i-ventures-announces-strategic-investment-in-caroobi,,,skip,category 1
2018-12-12,BMW i Ventures Announces Strategic Investment in Claroty.,https://www.press.bmwgroup.com/usa/article/detail/T0288568EN_US/bmw-i-ventures-announces-strategic-investment-in-claroty,,,skip,category 1
2012-07-24,BMW i Ventures Announces Strategic Investment in Coulomb Technologies,https://www.press.bmwgroup.com/usa/article/detail/T0128652EN_US/bmw-i-ventures-announces-strategic-investment-in-coulomb-technologies,,,skip,category 1
2017-09-19,BMW i Ventures Announces Strategic Investment in DSP Concepts,https://www.press.bmwgroup.com/usa/article/detail/T0274609EN_US/bmw-i-ventures-announces-strategic-investment-in-dsp-concepts,,,skip,category 1
2017-02-06,BMW i Ventures Announces Strategic Investment in Desktop Metal.,https://www.press.bmwgroup.com/usa/article/detail/T0267766EN_US/bmw-i-ventures-announces-strategic-investment-in-desktop-metal,,,skip,category 1
2017-07-18,BMW i Ventures Announces Strategic Investment in GaN Systems.,https://www.press.bmwgroup.com/usa/article/detail/T0272858EN_US/bmw-i-ventures-announces-strategic-investment-in-gan-systems,,,skip,category 1
2018-12-18,BMW i Ventures Announces Strategic Investment in Graphcore.,https://www.press.bmwgroup.com/usa/article/detail/T0288804EN_US/bmw-i-ventures-announces-strategic-investment-in-graphcore,,,skip,category 1
2018-04-12,BMW i Ventures Announces Strategic Investment in Mapillary.,https://www.press.bmwgroup.com/usa/article/detail/T0280090EN_US/bmw-i-ventures-announces-strategic-investment-in-mapillary,,,skip,category 1
2018-02-28,BMW i Ventures Announces Strategic Investment in May Mobility,https://www.press.bmwgroup.com/usa/article/detail/T0278844EN_US/bmw-i-ventures-announces-strategic-investment-in-may-mobility,,,skip,category 1
2017-06-13,BMW i Ventures Announces Strategic Investment in Proterra,https://www.press.bmwgroup.com/usa/article/detail/T0271694EN_US/bmw-i-ventures-announces-strategic-investment-in-proterra,,,skip,category 1
2016-07-18,"BMW i Ventures Announces Strategic Investment in Rever Moto, Inc.",https://www.press.bmwgroup.com/usa/article/detail/T0262102EN_US/bmw-i-ventures-announces-strategic-investment-in-rever-moto-inc,,,skip,category 1
2016-04-06,BMW i Ventures Announces Strategic Investment in RideCell.,https://www.press.bmwgroup.com/usa/article/detail/T0258876EN_US/bmw-i-ventures-announces-strategic-investment-in-ridecell,,,skip,category 1
2016-12-14,BMW i Ventures Announces Strategic Investment in STRIVR,https://www.press.bmwgroup.com/usa/article/detail/T0266644EN_US/bmw-i-ventures-announces-strategic-investment-in-strivr,,,skip,category 1
2016-05-25,BMW i Ventures Announces Strategic Investment in Scoop,https://www.press.bmwgroup.com/usa/article/detail/T0260481EN_US/bmw-i-ventures-announces-strategic-investment-in-scoop,,,skip,category 1
2017-07-19,BMW i Ventures Announces Strategic Investment in Shift.,https://www.press.bmwgroup.com/usa/article/detail/T0272859EN_US/bmw-i-ventures-announces-strategic-investment-in-shift,,,skip,category 1
2018-08-31,BMW i Ventures Announces Strategic Investment in Vera,https://www.press.bmwgroup.com/usa/article/detail/T0284500EN_US/bmw-i-ventures-announces-strategic-investment-in-vera,,,skip,category 1
2017-06-28,BMW i Ventures Announces Strategic Investment in Xometry.,https://www.press.bmwgroup.com/usa/article/detail/T0272210EN_US/bmw-i-ventures-announces-strategic-investment-in-xometry,,,skip,category 1
2021-06-24,BMW i Ventures Announces an Investment in Kodiak Robotics.,https://www.press.bmwgroup.com/usa/article/detail/T0336376EN_US/bmw-i-ventures-announces-an-investment-in-kodiak-robotics,,,skip,category 1
2023-04-25,BMW i Ventures Co-Leads Investment in Circular Supply Chain Company Cyclic Materials.,https://www.press.bmwgroup.com/usa/article/detail/T0414218EN_US/bmw-i-ventures-co-leads-investment-in-circular-supply-chain-company-cyclic-materials,,,skip,category 1
2025-07-23,BMW i Ventures Co-Leads Investment in Estes Energy to Advance State-of-the-Art Battery Technology.,https://www.press.bmwgroup.com/usa/article/detail/T0451534EN_US/bmw-i-ventures-co-leads-investment-in-estes-energy-to-advance-state-of-the-art-battery-technology,,,skip,category 1
2023-03-21,BMW i Ventures Co-Leads Investment in New Electric Motor Technology: DeepDrive.,https://www.press.bmwgroup.com/usa/article/detail/T0411518EN_US/bmw-i-ventures-co-leads-investment-in-new-electric-motor-technology:-deepdrive,,,skip,category 1
2020-06-09,"BMW i Ventures Funds Prometheus Fuels, a Company Converting CO2 in Air to Carbon-Neutral Gasoline.",https://www.press.bmwgroup.com/usa/article/detail/T0309336EN_US/bmw-i-ventures-funds-prometheus-fuels-a-company-converting-co2-in-air-to-carbon-neutral-gasoline,,,skip,category 1
2021-02-03,BMW i Ventures Funds Vendia to Disrupt How Corporations Share Data.,https://www.press.bmwgroup.com/usa/article/detail/T0325449EN_US/bmw-i-ventures-funds-vendia-to-disrupt-how-corporations-share-data,,,skip,category 1
2025-01-30,BMW i Ventures Invests in Athenic AI to Democratize Data Analysis.,https://www.press.bmwgroup.com/usa/article/detail/T0447830EN_US/bmw-i-ventures-invests-in-athenic-ai-to-democratize-data-analysis,,,skip,category 1
2020-07-28,BMW i Ventures Invests in GenXComm to Increase Speed and Lower Cost of 5G Rollout.,https://www.press.bmwgroup.com/usa/article/detail/T0312335EN_US/bmw-i-ventures-invests-in-genxcomm-to-increase-speed-and-lower-cost-of-5g-rollout,,,skip,category 1
2025-02-07,BMW i Ventures Invests in GreenSpark Software to Digitize Metal Recycling.,https://www.press.bmwgroup.com/usa/article/detail/T0447947EN_US/bmw-i-ventures-invests-in-greenspark-software-to-digitize-metal-recycling,,,skip,category 1
2021-01-28,"BMW i Ventures Invests in Inventory Optimization Software Company Verusen to Fuel Intelligent, Connected Supply Chains.",https://www.press.bmwgroup.com/usa/article/detail/T0325154EN_US/bmw-i-ventures-invests-in-inventory-optimization-software-company-verusen-to-fuel-intelligent-connected-supply-chains,,,skip,category 1
2021-06-14,"BMW i Ventures Invests in Motorway, a UK-based Used Car Marketplace.",https://www.press.bmwgroup.com/usa/article/detail/T0335532EN_US/bmw-i-ventures-invests-in-motorway-a-uk-based-used-car-marketplace,,,skip,category 1
2021-07-13,"BMW i Ventures Invests in Natural Fiber Welding, a Company Revolutionizing the Materials Industry Through the Use of All-Natural and Fully Recyclable Ingredients, Closer Cooperation with BMW Group Underway.",https://www.press.bmwgroup.com/usa/article/detail/T0337929EN_US/bmw-i-ventures-invests-in-natural-fiber-welding-a-company-revolutionizing-the-materials-industry-through-the-use-of-all-natural-and-fully-recyclable-ingredients-closer-cooperation-with-bmw-group-underway,,,skip,category 1
2022-05-31,BMW i Ventures Invests in Next-Gen Blockchain Company Vendia.,https://www.press.bmwgroup.com/usa/article/detail/T0395613EN_US/bmw-i-ventures-invests-in-next-gen-blockchain-company-vendia,,,skip,category 1
2021-04-27,BMW i Ventures Invests in Plus One Robotics to Automate Supply Chain and Logistics.,https://www.press.bmwgroup.com/usa/article/detail/T0331065EN_US/bmw-i-ventures-invests-in-plus-one-robotics-to-automate-supply-chain-and-logistics,,,skip,category 1
2025-09-02,BMW i Ventures Invests in Rive to Transform How User Interfaces Are Built.,https://www.press.bmwgroup.com/usa/article/detail/T0452226EN_US/bmw-i-ventures-invests-in-rive-to-transform-how-user-interfaces-are-built,,,skip,category 1
2024-02-13,BMW i Ventures Invests in Skylo Technologies.,https://www.press.bmwgroup.com/usa/article/detail/T0439731EN_US/bmw-i-ventures-invests-in-skylo-technologies,,,skip,category 1
2021-11-09,BMW i Ventures Invests in Upstream Security to Accelerate the Development of Connected Vehicle Cybersecurity Solutions.,https://www.press.bmwgroup.com/usa/article/detail/T0356652EN_US/bmw-i-ventures-invests-in-upstream-security-to-accelerate-the-development-of-connected-vehicle-cybersecurity-solutions,,,skip,category 1
2025-03-20,BMW i Ventures Invests in VIA Science to Bring Next Generation Data Protection to Enterprise Security.,https://www.press.bmwgroup.com/usa/article/detail/T0449030EN_US/bmw-i-ventures-invests-in-via-science-to-bring-next-generation-data-protection-to-enterprise-security,,,skip,category 1
2022-01-12,BMW i Ventures Invests in Y Combinator Alum HeyCharge to Amplify EV Charging Rollout at Residential Locations.,https://www.press.bmwgroup.com/usa/article/detail/T0364153EN_US/bmw-i-ventures-invests-in-y-combinator-alum-heycharge-to-amplify-ev-charging-rollout-at-residential-locations,,,skip,category 2
2025-06-23,BMW i Ventures Leads $10 Million Series A Round in Qualytics to Meet Surging Demand for Automated Data Quality.,https://www.press.bmwgroup.com/usa/article/detail/T0450951EN_US/bmw-i-ventures-leads-10-million-series-a-round-in-qualytics-to-meet-surging-demand-for-automated-data-quality,,,skip,category 1
2022-10-27,"BMW i Ventures Leads Investment in Autonomous Forklift Company, Fox Robotics.",https://www.press.bmwgroup.com/usa/article/detail/T0405137EN_US/bmw-i-ventures-leads-investment-in-autonomous-forklift-company-fox-robotics,,,skip,category 1
2026-07-09,BMW i Ventures Leads Investment in KredosAi to Advance Behavioral Intelligence for Revenue Recovery.,https://www.press.bmwgroup.com/usa/article/detail/T0459182EN_US/bmw-i-ventures-leads-investment-in-kredosai-to-advance-behavioral-intelligence-for-revenue-recovery,,,skip,category 1
2023-10-11,"BMW i Ventures Leads Investment in Robotics Data and Operations Platform, Formant.",https://www.press.bmwgroup.com/usa/article/detail/T0437645EN_US/bmw-i-ventures-leads-investment-in-robotics-data-and-operations-platform-formant,,,skip,category 1
2022-09-20,"BMW i Ventures Leads Series A Investment in Optical AI Technology Company,  Alitheon®",https://www.press.bmwgroup.com/usa/article/detail/T0403861EN_US/bmw-i-ventures-leads-series-a-investment-in-optical-ai-technology-company-alitheon®,,,skip,category 1
2021-11-30,"BMW i Ventures Leads Series B Financing Round of Nanocoating Technology Company, actnano.",https://www.press.bmwgroup.com/usa/article/detail/T0362043EN_US/bmw-i-ventures-leads-series-b-financing-round-of-nanocoating-technology-company-actnano,,,skip,category 1
2021-12-07,"BMW i Ventures Leads the Seed Financing Round of 3D printing Company, Rapid Liquid Print.",https://www.press.bmwgroup.com/usa/article/detail/T0362398EN_US/bmw-i-ventures-leads-the-seed-financing-round-of-3d-printing-company-rapid-liquid-print,,,skip,category 1
2019-06-05,"BMW i Ventures Makes Investment in Yellowbrick Data, Inc.",https://www.press.bmwgroup.com/usa/article/detail/T0296723EN_US/bmw-i-ventures-makes-investment-in-yellowbrick-data-inc,,,skip,category 1
2015-09-02,BMW i Ventures Makes Strategic Investment in ZIRX,https://www.press.bmwgroup.com/usa/article/detail/T0232602EN_US/bmw-i-ventures-makes-strategic-investment-in-zirx,,,skip,category 1
2014-11-25,BMW i Ventures announces strategic investment in Zendrive.,https://www.press.bmwgroup.com/usa/article/detail/T0196902EN_US/bmw-i-ventures-announces-strategic-investment-in-zendrive,,,skip,category 1
2012-11-13,BMW i Ventures announces strategic investment in award winning mobility app company Embark. Further increasing freedom of individual mobility through innovative mobility services.,https://www.press.bmwgroup.com/usa/article/detail/T0134391EN_US/bmw-i-ventures-announces-strategic-investment-in-award-winning-mobility-app-company-embark-further-increasing-freedom-of-individual-mobility-through-innovative-mobility-services,,,skip,category 1
2013-03-07,BMW i Ventures announces strategic investment in the largest family mobile app company - Life360.,https://www.press.bmwgroup.com/usa/article/detail/T0137530EN_US/bmw-i-ventures-announces-strategic-investment-in-the-largest-family-mobile-app-company-life360,,,skip,category 1
2026-08-12,BMW i Ventures invests in CodeRabbit to Advance Independent AI Review in Software Development.,https://www.press.bmwgroup.com/usa/article/detail/T0460064EN_US/bmw-i-ventures-invests-in-coderabbit-to-advance-independent-ai-review-in-software-development,,,skip,category 1
2015-11-18,"BMW i announces ChargeNow DC Fast Expansion, supporting EVgo’s installation of 500 DC Fast chargers across the US and offering no-cost DC and Level 2 charging for BMW i3 drivers.",https://www.press.bmwgroup.com/usa/article/detail/T0243662EN_US/bmw-i-announces-chargenow-dc-fast-expansion-supporting-evgo’s-installation-of-500-dc-fast-chargers-across-the-us-and-offering-no-cost-dc-and-level-2-charging-for-bmw-i3-drivers,,,skip,category 1
2013-03-14,BMW i announces strategic partnership with NOW! Innovations. ParkNow to be extended: drivers will also be able to search and pay for on-street parking in future.,https://www.press.bmwgroup.com/usa/article/detail/T0137903EN_US/bmw-i-announces-strategic-partnership-with-now-innovations-parknow-to-be-extended:-drivers-will-also-be-able-to-search-and-pay-for-on-street-parking-in-future,,,skip,category 1
2017-04-26,BMW i joins forces with TED in search of visionaries with powerful new ideas about mobility.,https://www.press.bmwgroup.com/usa/article/detail/T0270076EN_US/bmw-i-joins-forces-with-ted-in-search-of-visionaries-with-powerful-new-ideas-about-mobility,,,skip,category 1
2012-06-13,BMW i premieres in London: New concepts mark the opening of the world’s first BMW i Store.,https://www.press.bmwgroup.com/usa/article/detail/T0127568EN_US/bmw-i-premieres-in-london:-new-concepts-mark-the-opening-of-the-world’s-first-bmw-i-store,,,skip,category 2
2012-10-25,BMW i “Born Electric” World Tour to Make Only U.S. Stop in New York City November from 13th – 18th,https://www.press.bmwgroup.com/usa/article/detail/T0133921EN_US/bmw-i-“born-electric”-world-tour-to-make-only-u-s-stop-in-new-york-city-november-from-13th-–-18th,,,skip,category 1
2013-07-22,BMW i3 Pricing Announced.,https://www.press.bmwgroup.com/usa/article/detail/T0143875EN_US/bmw-i3-pricing-announced,,,skip,category 1
2013-11-15,BMW i3 market launch,https://www.press.bmwgroup.com/usa/article/detail/T0156045EN_US/bmw-i3-market-launch,,,skip,category 1
2017-07-27,BMW i3 “Spaghetti Car” by artist Maurizio Cattelan sold at star-studded Leonardo DiCaprio Foundation Gala.,https://www.press.bmwgroup.com/usa/article/detail/T0273214EN_US/bmw-i3-“spaghetti-car”-by-artist-maurizio-cattelan-sold-at-star-studded-leonardo-dicaprio-foundation-gala,,,skip,category 1
2013-07-02,BMW i8 Roadster Wins North American Concept Car of the Year Award for Best Production Preview Vehicle.,https://www.press.bmwgroup.com/usa/article/detail/T0143394EN_US/bmw-i8-roadster-wins-north-american-concept-car-of-the-year-award-for-best-production-preview-vehicle,,,skip,category 1
2015-04-02,BMW i8 presented with the World Green Car Award.,https://www.press.bmwgroup.com/usa/article/detail/T0211302EN_US/bmw-i8-presented-with-the-world-green-car-award,,,skip,category 1
2022-04-07,"BMW is Back on the #RoadToCoachella, Returning as Official Partner of the Coachella Valley Music and Arts Festival.",https://www.press.bmwgroup.com/usa/article/detail/T0378913EN_US/bmw-is-back-on-the-roadtocoachella-returning-as-official-partner-of-the-coachella-valley-music-and-arts-festival,,,skip,category 1
2015-11-20,BMW is a Founding Member of Newly Formed ROEV Association,https://www.press.bmwgroup.com/usa/article/detail/T0244123EN_US/bmw-is-a-founding-member-of-newly-formed-roev-association,,,skip,category 1
2019-02-12,BMW is official partner of Frieze Los Angeles.,https://www.press.bmwgroup.com/usa/article/detail/T0291874EN_US/bmw-is-official-partner-of-frieze-los-angeles,,,skip,category 1
2012-06-12,"BMW is partner of Art Basel, the art show for modern and contemporary art.",https://www.press.bmwgroup.com/usa/article/detail/T0127569EN_US/bmw-is-partner-of-art-basel-the-art-show-for-modern-and-contemporary-art,,,skip,category 1
2024-02-05,BMW is “Talkin’ Like Walken” During This Year’s Super Bowl.,https://www.press.bmwgroup.com/usa/article/detail/T0439522EN_US/bmw-is-“talkin’-like-walken”-during-this-year’s-super-bowl,,,skip,category 1
2013-08-15,BMW launches Individual Consultation Program with BMW Group DesignworksUSA.,https://www.press.bmwgroup.com/usa/article/detail/T0144838EN_US/bmw-launches-individual-consultation-program-with-bmw-group-designworksusa,,,skip,category 1
2013-11-21,BMW launches new holiday gift ideas.,https://www.press.bmwgroup.com/usa/article/detail/T0157284EN_US/bmw-launches-new-holiday-gift-ideas,,,skip,category 1
2017-02-16,BMW of Denver Doubles Its Size At New Colorado Location,https://www.press.bmwgroup.com/usa/article/detail/T0267980EN_US/bmw-of-denver-doubles-its-size-at-new-colorado-location,,,skip,category 1
2021-11-08,BMW of North America And California Bioenergy Expand Partnership Utilizing Innovative Dairy Technology to Provide Clean Energy for EV Charging in California.,https://www.press.bmwgroup.com/usa/article/detail/T0356632EN_US/bmw-of-north-america-and-california-bioenergy-expand-partnership-utilizing-innovative-dairy-technology-to-provide-clean-energy-for-ev-charging-in-california,,,skip,category 1
2019-03-13,BMW of North America Announces Best Dealership Awards,https://www.press.bmwgroup.com/usa/article/detail/T0293088EN_US/bmw-of-north-america-announces-best-dealership-awards,,,skip,category 1
2018-03-13,BMW of North America Announces Best Dealership Awards,https://www.press.bmwgroup.com/usa/article/detail/T0279139EN_US/bmw-of-north-america-announces-best-dealership-awards,,,skip,category 1
2017-03-02,BMW of North America Announces Best Dealership Awards,https://www.press.bmwgroup.com/usa/article/detail/T0268294EN_US/bmw-of-north-america-announces-best-dealership-awards,,,skip,category 1
2016-03-02,BMW of North America Announces Best Dealership Awards,https://www.press.bmwgroup.com/usa/article/detail/T0257790EN_US/bmw-of-north-america-announces-best-dealership-awards,,,skip,category 1
2015-03-05,BMW of North America Announces Best Dealership Awards,https://www.press.bmwgroup.com/usa/article/detail/T0206983EN_US/bmw-of-north-america-announces-best-dealership-awards,,,skip,category 1
2014-02-28,BMW of North America Announces Best Dealership Awards,https://www.press.bmwgroup.com/usa/article/detail/T0170186EN_US/bmw-of-north-america-announces-best-dealership-awards,,,skip,category 1
2013-02-28,BMW of North America Announces Best Dealership Awards,https://www.press.bmwgroup.com/usa/article/detail/T0137346EN_US/bmw-of-north-america-announces-best-dealership-awards,,,skip,category 1
2020-02-28,BMW of North America Announces Best Dealership Awards.,https://www.press.bmwgroup.com/usa/article/detail/T0306114EN_US/bmw-of-north-america-announces-best-dealership-awards,,,skip,category 1
2013-12-18,BMW of North America Announces Corporate Communications Leadership Change,https://www.press.bmwgroup.com/usa/article/detail/T0162624EN_US/bmw-of-north-america-announces-corporate-communications-leadership-change,,,skip,category 1
2015-07-08,BMW of North America Announces Corporate Communications Personnel Changes,https://www.press.bmwgroup.com/usa/article/detail/T0225305EN_US/bmw-of-north-america-announces-corporate-communications-personnel-changes,,,skip,category 1
2015-04-29,BMW of North America Announces Corporate Communications Personnel Changes,https://www.press.bmwgroup.com/usa/article/detail/T0215303EN_US/bmw-of-north-america-announces-corporate-communications-personnel-changes,,,skip,category 1
2013-09-06,BMW of North America Announces Corporate Counsel Larry Klein is Retiring,https://www.press.bmwgroup.com/usa/article/detail/T0145499EN_US/bmw-of-north-america-announces-corporate-counsel-larry-klein-is-retiring,,,skip,category 1
2022-05-20,BMW of North America Announces Executive Appointments.,https://www.press.bmwgroup.com/usa/article/detail/T0392073EN_US/bmw-of-north-america-announces-executive-appointments,,,skip,category 1
2024-10-25,BMW of North America Announces Executive Changes.,https://www.press.bmwgroup.com/usa/article/detail/T0445954EN_US/bmw-of-north-america-announces-executive-changes,,,skip,category 1
2020-01-10,BMW of North America Announces Executive Changes.,https://www.press.bmwgroup.com/usa/article/detail/T0304273EN_US/bmw-of-north-america-announces-executive-changes,,,skip,category 1
2019-11-27,BMW of North America Announces Executive Changes.,https://www.press.bmwgroup.com/usa/article/detail/T0303145EN_US/bmw-of-north-america-announces-executive-changes,,,skip,category 1
2025-07-03,BMW of North America Announces Executive Leadership Change.,https://www.press.bmwgroup.com/usa/article/detail/T0451170EN_US/bmw-of-north-america-announces-executive-leadership-change,,,skip,category 1
2025-05-27,BMW of North America Announces Executive Leadership Change.,https://www.press.bmwgroup.com/usa/article/detail/T0450427EN_US/bmw-of-north-america-announces-executive-leadership-change,,,skip,category 1
2016-08-04,BMW of North America Announces Management Change,https://www.press.bmwgroup.com/usa/article/detail/T0262748EN_US/bmw-of-north-america-announces-management-change,,,skip,category 1
2017-06-23,BMW of North America Announces Management Team Change,https://www.press.bmwgroup.com/usa/article/detail/T0272036EN_US/bmw-of-north-america-announces-management-team-change,,,skip,category 2
2013-09-05,BMW of North America Announces Management Team Change,https://www.press.bmwgroup.com/usa/article/detail/T0145439EN_US/bmw-of-north-america-announces-management-team-change,,,skip,category 1
2017-05-19,BMW of North America Announces Management Team Changes,https://www.press.bmwgroup.com/usa/article/detail/T0271069EN_US/bmw-of-north-america-announces-management-team-changes,,,skip,category 1
2017-02-02,BMW of North America Announces Management Team Changes,https://www.press.bmwgroup.com/usa/article/detail/T0267712EN_US/bmw-of-north-america-announces-management-team-changes,,,skip,category 1
2016-04-26,BMW of North America Announces Management Team Changes,https://www.press.bmwgroup.com/usa/article/detail/T0259507EN_US/bmw-of-north-america-announces-management-team-changes,,,skip,category 1
2016-02-03,BMW of North America Announces Management Team Changes,https://www.press.bmwgroup.com/usa/article/detail/T0253822EN_US/bmw-of-north-america-announces-management-team-changes,,,skip,category 1
2015-09-11,BMW of North America Announces Management Team Changes,https://www.press.bmwgroup.com/usa/article/detail/T0233822EN_US/bmw-of-north-america-announces-management-team-changes,,,skip,category 1
2013-12-03,BMW of North America Announces Management Team Changes,https://www.press.bmwgroup.com/usa/article/detail/T0159184EN_US/bmw-of-north-america-announces-management-team-changes,,,skip,category 1
2013-07-24,BMW of North America Announces Management Team Changes,https://www.press.bmwgroup.com/usa/article/detail/T0144009EN_US/bmw-of-north-america-announces-management-team-changes,,,skip,category 1
2015-12-16,"BMW of North America Announces New Corporate Communications Manager, Arts, Culture and Design",https://www.press.bmwgroup.com/usa/article/detail/T0247522EN_US/bmw-of-north-america-announces-new-corporate-communications-manager-arts-culture-and-design,,,skip,category 1
2026-07-20,BMW of North America Announces New Executive Appointment.,https://www.press.bmwgroup.com/usa/article/detail/T0459470EN_US/bmw-of-north-america-announces-new-executive-appointment,,,skip,category 1
2024-06-28,BMW of North America Announces New Executive Appointment.,https://www.press.bmwgroup.com/usa/article/detail/T0443469EN_US/bmw-of-north-america-announces-new-executive-appointment,,,skip,category 1
2023-10-18,BMW of North America Announces New Executive Appointment.,https://www.press.bmwgroup.com/usa/article/detail/T0437778EN_US/bmw-of-north-america-announces-new-executive-appointment,,,skip,category 1
2016-04-14,BMW of North America Announces New Executive Appointments,https://www.press.bmwgroup.com/usa/article/detail/T0259196EN_US/bmw-of-north-america-announces-new-executive-appointments,,,skip,category 1
2016-07-22,BMW of North America Announces New Management Team Member,https://www.press.bmwgroup.com/usa/article/detail/T0262235EN_US/bmw-of-north-america-announces-new-management-team-member,,,skip,category 1
2021-05-21,BMW of North America Announces New Senior Executive Appointments.,https://www.press.bmwgroup.com/usa/article/detail/T0333253EN_US/bmw-of-north-america-announces-new-senior-executive-appointments,,,skip,category 1
2019-05-03,BMW of North America Announces Senior Manager Appointments.,https://www.press.bmwgroup.com/usa/article/detail/T0295401EN_US/bmw-of-north-america-announces-senior-manager-appointments,,,skip,category 1
2017-07-25,BMW of North America Announces the Retirement of Ludwig Willisch,https://www.press.bmwgroup.com/usa/article/detail/T0273135EN_US/bmw-of-north-america-announces-the-retirement-of-ludwig-willisch,,,skip,category 1
2016-09-20,BMW of North America Announces the Return of BMW Films with “The Escape.”,https://www.press.bmwgroup.com/usa/article/detail/T0263898EN_US/bmw-of-north-america-announces-the-return-of-bmw-films-with-“the-escape-”,,,skip,category 1
2019-01-25,"BMW of North America Appoints Claus Eberhart to Vice President, Aftersales.",https://www.press.bmwgroup.com/usa/article/detail/T0290848EN_US/bmw-of-north-america-appoints-claus-eberhart-to-vice-president-aftersales,,,skip,category 1
2019-05-29,"BMW of North America Appoints Uwe Dreher to Vice President, Marketing.",https://www.press.bmwgroup.com/usa/article/detail/T0296574EN_US/bmw-of-north-america-appoints-uwe-dreher-to-vice-president-marketing,,,skip,category 1
2023-10-04,BMW of North America Awards Media Planning and Buying Business to Omnicom in the Americas Region.,https://www.press.bmwgroup.com/usa/article/detail/T0437464EN_US/bmw-of-north-america-awards-media-planning-and-buying-business-to-omnicom-in-the-americas-region,,,skip,category 1
2014-08-06,BMW of North America CEO to Race Historic BMW 3.0 CSL at the Rolex Monterey Motorsport Reunion,https://www.press.bmwgroup.com/usa/article/detail/T0190942EN_US/bmw-of-north-america-ceo-to-race-historic-bmw-3-0-csl-at-the-rolex-monterey-motorsport-reunion,,,skip,category 1
2025-04-04,BMW of North America Celebrates 50 Years and the Opening of a New U.S. Headquarters.,https://www.press.bmwgroup.com/usa/article/detail/T0449389EN_US/bmw-of-north-america-celebrates-50-years-and-the-opening-of-a-new-u-s-headquarters,,,skip,category 1
2021-06-24,BMW of North America Celebrates Being Driven By Pride with LaQuan Smith and Shangela.,https://www.press.bmwgroup.com/usa/article/detail/T0336377EN_US/bmw-of-north-america-celebrates-being-driven-by-pride-with-laquan-smith-and-shangela,,,skip,category 1
2022-02-07,"BMW of North America Celebrates Grand Opening of New Vehicle Distribution Center at Tradepoint Atlantic Terminal in Baltimore, Maryland.",https://www.press.bmwgroup.com/usa/article/detail/T0367173EN_US/bmw-of-north-america-celebrates-grand-opening-of-new-vehicle-distribution-center-at-tradepoint-atlantic-terminal-in-baltimore-maryland,,,skip,category 1
2020-06-29,BMW of North America Celebrates Pride Month with “Driven By Pride” Campaign,https://www.press.bmwgroup.com/usa/article/detail/T0310170EN_US/bmw-of-north-america-celebrates-pride-month-with-“driven-by-pride”-campaign,,,skip,category 1
2023-12-21,BMW of North America Consolidates Marketing Activities Under Omnicom Group.,https://www.press.bmwgroup.com/usa/article/detail/T0438876EN_US/bmw-of-north-america-consolidates-marketing-activities-under-omnicom-group,,,skip,category 1
2023-12-21,BMW of North America Consolidates Marketing Activities Under Omnicom Group.,https://www.press.bmwgroup.com/usa/article/detail/T0438875EN_US/bmw-of-north-america-consolidates-marketing-activities-under-omnicom-group,,,skip,category 1
2024-09-30,BMW of North America Continues Partnership with The Nantucket Project.,https://www.press.bmwgroup.com/usa/article/detail/T0445347EN_US/bmw-of-north-america-continues-partnership-with-the-nantucket-project,,,skip,category 1
2023-01-28,BMW of North America Customer Racing programs kick off Rolex 24 at Daytona weekend with BMW M Endurance Challenge At Daytona.,https://www.press.bmwgroup.com/usa/article/detail/T0407998EN_US/bmw-of-north-america-customer-racing-programs-kick-off-rolex-24-at-daytona-weekend-with-bmw-m-endurance-challenge-at-daytona,,,skip,category 1
2022-03-01,"BMW of North America Debuts a Unique Digital Experience Bringing the All-New, Fully-Electric BMW iX and i4 to Life In Vivid Detail Through Augmented Reality.",https://www.press.bmwgroup.com/usa/article/detail/T0371413EN_US/bmw-of-north-america-debuts-a-unique-digital-experience-bringing-the-all-new-fully-electric-bmw-ix-and-i4-to-life-in-vivid-detail-through-augmented-reality,,,skip,category 1
2015-05-15,BMW of North America Employees Give Send-Off to Ride of Smiles Organizer Dr. Hans-Henning Buetzow,https://www.press.bmwgroup.com/usa/article/detail/T0218182EN_US/bmw-of-north-america-employees-give-send-off-to-ride-of-smiles-organizer-dr-hans-henning-buetzow,,,skip,category 1
2023-10-17,BMW of North America Expands Electric Vehicle Charging Options for Customers in the U.S. and Canada with Access to Tesla Supercharger Network.,https://www.press.bmwgroup.com/usa/article/detail/T0437767EN_US/bmw-of-north-america-expands-electric-vehicle-charging-options-for-customers-in-the-u-s-and-canada-with-access-to-tesla-supercharger-network,,,skip,category 1
2019-06-26,"BMW of North America Expands Investment in Technician Training with the Openings of Two New Facilities, Expansion of Two Others.",https://www.press.bmwgroup.com/usa/article/detail/T0297754EN_US/bmw-of-north-america-expands-investment-in-technician-training-with-the-openings-of-two-new-facilities-expansion-of-two-others,,,skip,category 1
2013-08-19,BMW of North America Increases Social Engagement with Facebook Fans by Launching a Social Lifestyle and Accessories Shopping Experience on the Social Network,https://www.press.bmwgroup.com/usa/article/detail/T0144864EN_US/bmw-of-north-america-increases-social-engagement-with-facebook-fans-by-launching-a-social-lifestyle-and-accessories-shopping-experience-on-the-social-network,,,skip,category 1
2026-05-14,BMW of North America Introduces Preferred Pricing at IONNA Charging Network.,https://www.press.bmwgroup.com/usa/article/detail/T0457848EN_US/bmw-of-north-america-introduces-preferred-pricing-at-ionna-charging-network,,,skip,category 1
2019-06-11,BMW of North America Introduces Smart Glasses and New Technician Communication Systems at U.S. Dealerships to Reduce Repair Times and Improve Customer Satisfaction.,https://www.press.bmwgroup.com/usa/article/detail/T0297030EN_US/bmw-of-north-america-introduces-smart-glasses-and-new-technician-communication-systems-at-u-s-dealerships-to-reduce-repair-times-and-improve-customer-satisfaction,,,skip,category 1
2019-06-24,BMW of North America Launches #GoWithPride in Support of WorldPride NYC and the LGBTQIA+ Community.,https://www.press.bmwgroup.com/usa/article/detail/T0297398EN_US/bmw-of-north-america-launches-gowithpride-in-support-of-worldpride-nyc-and-the-lgbtqia-community,,,skip,category 1
2022-04-07,BMW of North America Launches MLB All-Star Studded Campaign Featuring the Fully-Electric BMW iX Just in Time for Opening Day.,https://www.press.bmwgroup.com/usa/article/detail/T0378914EN_US/bmw-of-north-america-launches-mlb-all-star-studded-campaign-featuring-the-fully-electric-bmw-ix-just-in-time-for-opening-day,,,skip,category 1
2026-04-01,BMW of North America Makes Premium Driving More Affordable with    Enhanced Value Service Program for BMW And MINI Drivers in the United States.,https://www.press.bmwgroup.com/usa/article/detail/T0456823EN_US/bmw-of-north-america-makes-premium-driving-more-affordable-with-enhanced-value-service-program-for-bmw-and-mini-drivers-in-the-united-states,,,skip,category 1
2018-11-07,BMW of North America Names Cashmere Agency as Multicultural Marketing Agency of Record in the U.S.,https://www.press.bmwgroup.com/usa/article/detail/T0286747EN_US/bmw-of-north-america-names-cashmere-agency-as-multicultural-marketing-agency-of-record-in-the-u-s,,,skip,category 1
2018-05-04,BMW of North America Names DKC as Public Relations Agency of Record. in the U.S.,https://www.press.bmwgroup.com/usa/article/detail/T0280773EN_US/bmw-of-north-america-names-dkc-as-public-relations-agency-of-record-in-the-u-s,,,skip,category 1
2018-03-23,BMW of North America Names Goodby Silverstein & Partners as Lead Creative Agency in the U.S.,https://www.press.bmwgroup.com/usa/article/detail/T0279498EN_US/bmw-of-north-america-names-goodby-silverstein-partners-as-lead-creative-agency-in-the-u-s,,,skip,category 1
2015-11-03,BMW of North America Names The Community U.S. Hispanic Agency of Record.,https://www.press.bmwgroup.com/usa/article/detail/T0241576EN_US/bmw-of-north-america-names-the-community-u-s-hispanic-agency-of-record,,,skip,category 1
2012-06-12,BMW of North America Names The Winner of Their “0 to Desir3 in 5.9 Seconds” Contest,https://www.press.bmwgroup.com/usa/article/detail/T0127570EN_US/bmw-of-north-america-names-the-winner-of-their-“0-to-desir3-in-5-9-seconds”-contest,,,skip,category 1
2022-11-14,BMW of North America Opens New Vehicle Accessories Center In South Carolina.,https://www.press.bmwgroup.com/usa/article/detail/T0405691EN_US/bmw-of-north-america-opens-new-vehicle-accessories-center-in-south-carolina,,,skip,category 1
2021-09-07,BMW of North America Partners with Universal Technical Institute at Fort Bragg to Prepare Service Members for Civilian Careers as BMW Automotive Technicians.,https://www.press.bmwgroup.com/usa/article/detail/T0341874EN_US/bmw-of-north-america-partners-with-universal-technical-institute-at-fort-bragg-to-prepare-service-members-for-civilian-careers-as-bmw-automotive-technicians,,,skip,category 1
2017-04-19,"BMW of North America Partners with the National Park Foundation, National Park Service and Department of Energy To Install Up To 100 Electric Vehicle Charging Stations in and Around America’s National Parks.",https://www.press.bmwgroup.com/usa/article/detail/T0269896EN_US/bmw-of-north-america-partners-with-the-national-park-foundation-national-park-service-and-department-of-energy-to-install-up-to-100-electric-vehicle-charging-stations-in-and-around-america’s-national-parks,,,skip,category 1
2023-04-13,BMW of North America Plants Trees for Test Drives.,https://www.press.bmwgroup.com/usa/article/detail/T0413218EN_US/bmw-of-north-america-plants-trees-for-test-drives,,,skip,category 1
2015-12-21,BMW of North America Reaches Resolution With NHTSA on Investigation of Timeliness of a MINI Noncompliance Recall,https://www.press.bmwgroup.com/usa/article/detail/T0248222EN_US/bmw-of-north-america-reaches-resolution-with-nhtsa-on-investigation-of-timeliness-of-a-mini-noncompliance-recall,,,skip,category 1
2023-09-14,BMW of North America Responds to Mozilla Foundation’s “Privacy Not Included” Survey.,https://www.press.bmwgroup.com/usa/article/detail/T0437054EN_US/bmw-of-north-america-responds-to-mozilla-foundation’s-“privacy-not-included”-survey,,,skip,category 1
2024-03-11,BMW of North America Returns as Official Premium Automotive Partner of the BNP Paribas Open.,https://www.press.bmwgroup.com/usa/article/detail/T0440232EN_US/bmw-of-north-america-returns-as-official-premium-automotive-partner-of-the-bnp-paribas-open,,,skip,category 1
2025-03-11,BMW of North America Returns as Official Vehicle of the BNP Paribas Open.,https://www.press.bmwgroup.com/usa/article/detail/T0448762EN_US/bmw-of-north-america-returns-as-official-vehicle-of-the-bnp-paribas-open,,,skip,category 1
2026-03-05,BMW of North America Returns as the Official Vehicle of the BNP Paribas Open.,https://www.press.bmwgroup.com/usa/article/detail/T0456029EN_US/bmw-of-north-america-returns-as-the-official-vehicle-of-the-bnp-paribas-open,,,skip,category 1
2020-02-04,BMW of North America Returns for its Second Season as Official Automotive Partner of New York Fashion Week: The Shows to Celebrate the Road Less Traveled.,https://www.press.bmwgroup.com/usa/article/detail/T0305187EN_US/bmw-of-north-america-returns-for-its-second-season-as-official-automotive-partner-of-new-york-fashion-week:-the-shows-to-celebrate-the-road-less-traveled,,,skip,category 1
2021-02-11,BMW of North America Returns to New York Fashion Week as Official Automotive Partner.,https://www.press.bmwgroup.com/usa/article/detail/T0325831EN_US/bmw-of-north-america-returns-to-new-york-fashion-week-as-official-automotive-partner,,,skip,category 1
2021-09-08,BMW of North America Returns to New York Fashion Week’s Spring/Summer ’22 shows as Official Automotive Partner.,https://www.press.bmwgroup.com/usa/article/detail/T0342796EN_US/bmw-of-north-america-returns-to-new-york-fashion-week’s-spring/summer-’22-shows-as-official-automotive-partner,,,skip,category 1
2024-03-13,"BMW of North America Streamlines Electric Vehicle Charging Experience for Customers with Launch of BMW Charging, Powered by Shell Recharge Solutions.",https://www.press.bmwgroup.com/usa/article/detail/T0440307EN_US/bmw-of-north-america-streamlines-electric-vehicle-charging-experience-for-customers-with-launch-of-bmw-charging-powered-by-shell-recharge-solutions,,,skip,category 1
2024-06-05,BMW of North America U.S. Corporate Communications Changes.,https://www.press.bmwgroup.com/usa/article/detail/T0442870EN_US/bmw-of-north-america-u-s-corporate-communications-changes,,,skip,category 1
2016-06-08,BMW of North America Wins Bid to Supply the Los Angeles Police Department with 100 BMW i3 Electric Vehicles,https://www.press.bmwgroup.com/usa/article/detail/T0260946EN_US/bmw-of-north-america-wins-bid-to-supply-the-los-angeles-police-department-with-100-bmw-i3-electric-vehicles,,,skip,category 1
2022-02-04,BMW of North America and Electrify America Announce Collaboration Providing Two Years Complimentary 30-minute Charging for BMW EV Customers.,https://www.press.bmwgroup.com/usa/article/detail/T0366914EN_US/bmw-of-north-america-and-electrify-america-announce-collaboration-providing-two-years-complimentary-30-minute-charging-for-bmw-ev-customers,,,skip,category 1
2024-09-19,BMW of North America and Redwood Materials Establish Partnership to Recycle Lithium-Ion Batteries.,https://www.press.bmwgroup.com/usa/article/detail/T0445142EN_US/bmw-of-north-america-and-redwood-materials-establish-partnership-to-recycle-lithium-ion-batteries,,,skip,category 1
2026-08-19,BMW of North America and WGA Name Juliya Tabaka Newest BMW Hole-In-One Scholar,https://www.press.bmwgroup.com/usa/article/detail/T0460144EN_US/bmw-of-north-america-and-wga-name-juliya-tabaka-newest-bmw-hole-in-one-scholar,,,skip,category 1
2023-08-20,BMW of North America and Western Golf Association Name Diana Llamas the Newest BMW Hole-in-One Scholar.,https://www.press.bmwgroup.com/usa/article/detail/T0430058EN_US/bmw-of-north-america-and-western-golf-association-name-diana-llamas-the-newest-bmw-hole-in-one-scholar,,,skip,category 1
2016-09-08,"BMW of North America and the Western Golf Association Name Hayden Bauschka of Carmel, IN the BMW Hole-in-One Scholar.",https://www.press.bmwgroup.com/usa/article/detail/T0263518EN_US/bmw-of-north-america-and-the-western-golf-association-name-hayden-bauschka-of-carmel-in-the-bmw-hole-in-one-scholar,,,skip,category 1
2015-01-20,"BMW of North America congratulates the BMW CCA Foundation on its successful auction and thanks Rick Hendrick, Craig Jackson, and Bobby Rahal for their generosity and support at the Barrett-Jackson auction in Scottsdale AZ",https://www.press.bmwgroup.com/usa/article/detail/T0201542EN_US/bmw-of-north-america-congratulates-the-bmw-cca-foundation-on-its-successful-auction-and-thanks-rick-hendrick-craig-jackson-and-bobby-rahal-for-their-generosity-and-support-at-the-barrett-jackson-auction-in-scottsdale-az,,,skip,category 1
2024-10-09,BMW of North America is Back for the Rebelle Rally with the All-New BMW X3 M50 Following Last Year’s Podium Finish.,https://www.press.bmwgroup.com/usa/article/detail/T0445522EN_US/bmw-of-north-america-is-back-for-the-rebelle-rally-with-the-all-new-bmw-x3-m50-following-last-year’s-podium-finish,,,skip,category 1
2022-01-25,BMW of North America to Honor 50 Years of BMW M Both On and Off Track at 60th Rolex 24 At Daytona;  BMW M Endurance Challenge Begins IMSA Michelin Pilot Challenge Season on January 28.,https://www.press.bmwgroup.com/usa/article/detail/T0365373EN_US/bmw-of-north-america-to-honor-50-years-of-bmw-m-both-on-and-off-track-at-60th-rolex-24-at-daytona;-bmw-m-endurance-challenge-begins-imsa-michelin-pilot-challenge-season-on-january-28,,,skip,category 1
2021-02-22,"BMW of North America to Open New Vehicle Distribution Center at Tradepoint Atlantic Terminal in Baltimore, MD.",https://www.press.bmwgroup.com/usa/article/detail/T0326512EN_US/bmw-of-north-america-to-open-new-vehicle-distribution-center-at-tradepoint-atlantic-terminal-in-baltimore-md,,,skip,category 1
2022-04-26,BMW of North America to be the First-Ever Official Luxury Automotive Partner of the Kentucky Derby®.,https://www.press.bmwgroup.com/usa/article/detail/T0384433EN_US/bmw-of-north-america-to-be-the-first-ever-official-luxury-automotive-partner-of-the-kentucky-derby®,,,skip,category 1
2024-01-25,"BMW of North America, LLC at the 62nd Annual Rolex 24 At Daytona Weekend.",https://www.press.bmwgroup.com/usa/article/detail/T0439275EN_US/bmw-of-north-america-llc-at-the-62nd-annual-rolex-24-at-daytona-weekend,,,skip,category 1
2018-09-09,"BMW of North America, Western Golf Association Name Brooklyn Gabriel of Philadelphia, PA BMW Hole-in-One Scholar.",https://www.press.bmwgroup.com/usa/article/detail/T0284792EN_US/bmw-of-north-america-western-golf-association-name-brooklyn-gabriel-of-philadelphia-pa-bmw-hole-in-one-scholar,,,skip,category 1
2017-08-03,BMW of North America’s Ultimate Driving Experience and Turner Motorsport Team Up at Road America and Virginia International Raceway.,https://www.press.bmwgroup.com/usa/article/detail/T0273441EN_US/bmw-of-north-america’s-ultimate-driving-experience-and-turner-motorsport-team-up-at-road-america-and-virginia-international-raceway,,,skip,category 1
2017-02-09,BMW partners with QMerit to launch new BMW Installation Services digital platform offering convenient charging station install options for BMW i and BMW iPerformance drivers.,https://www.press.bmwgroup.com/usa/article/detail/T0267848EN_US/bmw-partners-with-qmerit-to-launch-new-bmw-installation-services-digital-platform-offering-convenient-charging-station-install-options-for-bmw-i-and-bmw-iperformance-drivers,,,skip,category 1
2014-03-19,"BMW plant Berlin manufactures 500,000th BMW GS motorcycle with boxer engine.",https://www.press.bmwgroup.com/usa/article/detail/T0173228EN_US/bmw-plant-berlin-manufactures-500-000th-bmw-gs-motorcycle-with-boxer-engine,,,skip,category 1
2013-05-06,BMW presents Frieze Sounds at the Frieze Art Fair New York. The program features three new specially commissioned audio works that will be played in the BMW VIP shuttle service cars.,https://www.press.bmwgroup.com/usa/article/detail/T0141332EN_US/bmw-presents-frieze-sounds-at-the-frieze-art-fair-new-york-the-program-features-three-new-specially-commissioned-audio-works-that-will-be-played-in-the-bmw-vip-shuttle-service-cars,,,skip,category 1
2023-09-02,BMW reinvents itself: The BMW Vision Neue Klasse.,https://www.press.bmwgroup.com/usa/article/detail/T0434078EN_US/bmw-reinvents-itself:-the-bmw-vision-neue-klasse,,,skip,category 2
2019-11-18,BMW returns to Art Basel in Miami Beach as an official partner. BMW i and Soho House continue partnership for Art Talks; BMW 8 Series provides luxurious mobility for street art tour of Miami.,https://www.press.bmwgroup.com/usa/article/detail/T0302789EN_US/bmw-returns-to-art-basel-in-miami-beach-as-an-official-partner-bmw-i-and-soho-house-continue-partnership-for-art-talks;-bmw-8-series-provides-luxurious-mobility-for-street-art-tour-of-miami,,,skip,category 1
2025-02-21,BMW reveals revolutionary electric drive concept with 800V technology for the Neue Klasse.,https://www.press.bmwgroup.com/usa/article/detail/T0448170EN_US/bmw-reveals-revolutionary-electric-drive-concept-with-800v-technology-for-the-neue-klasse,,,skip,category 1
2021-07-08,BMW teams up with Marvel Studios’ Black Widow for a spectacular cinema experience.,https://www.press.bmwgroup.com/usa/article/detail/T0337449EN_US/bmw-teams-up-with-marvel-studios’-black-widow-for-a-spectacular-cinema-experience,,,skip,category 1
2015-01-15,BMW to Advertise All-Electric BMW i3 during Super Bowl XLIX.,https://www.press.bmwgroup.com/usa/article/detail/T0200842EN_US/bmw-to-advertise-all-electric-bmw-i3-during-super-bowl-xlix,,,skip,category 1
2020-02-12,BMW to Debut Special BMW M2 Designed by International Contemporary Artist FUTURA 2000 at Frieze Los Angeles.,https://www.press.bmwgroup.com/usa/article/detail/T0305507EN_US/bmw-to-debut-special-bmw-m2-designed-by-international-contemporary-artist-futura-2000-at-frieze-los-angeles,,,skip,category 1
2022-02-09,"BMW to Debut a New Advertisement during the Super Bowl Starring Arnold Schwarzenegger, Salma Hayek Pinault and the All-New, Fully Electric BMW iX Sports Activity Vehicle.",https://www.press.bmwgroup.com/usa/article/detail/T0367335EN_US/bmw-to-debut-a-new-advertisement-during-the-super-bowl-starring-arnold-schwarzenegger-salma-hayek-pinault-and-the-all-new-fully-electric-bmw-ix-sports-activity-vehicle,,,skip,category 1
2014-02-10,BMW to Present David Hockney’s Art Car at Paris Photo Los Angeles as Official Partner of the Prestigious Art Fair.,https://www.press.bmwgroup.com/usa/article/detail/T0166706EN_US/bmw-to-present-david-hockney’s-art-car-at-paris-photo-los-angeles-as-official-partner-of-the-prestigious-art-fair,,,skip,category 1
2012-09-13,BMW to Present GRAND-AM Finale Weekend at Lime Rock Park,https://www.press.bmwgroup.com/usa/article/detail/T0131949EN_US/bmw-to-present-grand-am-finale-weekend-at-lime-rock-park,,,skip,category 1
2015-12-03,"BMW to Showcase the Intersection of Art, Design, and Cars in new Gallery at the Petersen Automotive Museum, the “Armand Hammer Foundation Gallery, presented by BMW of North America.”",https://www.press.bmwgroup.com/usa/article/detail/T0245562EN_US/bmw-to-showcase-the-intersection-of-art-design-and-cars-in-new-gallery-at-the-petersen-automotive-museum-the-“armand-hammer-foundation-gallery-presented-by-bmw-of-north-america-”,,,skip,category 1
2015-07-17,BMW to Unveil Two World Premier Concept Cars During Monterey Car Week.,https://www.press.bmwgroup.com/usa/article/detail/T0226863EN_US/bmw-to-unveil-two-world-premier-concept-cars-during-monterey-car-week,,,skip,category 1
2014-06-25,BMW to be Featured at Sahlen’s Six Hour of the Glen Weekend,https://www.press.bmwgroup.com/usa/article/detail/T0185165EN_US/bmw-to-be-featured-at-sahlen’s-six-hour-of-the-glen-weekend,,,skip,category 1
2013-03-08,BMW to be Featured at Saratoga Automotive Museum,https://www.press.bmwgroup.com/usa/article/detail/T0137563EN_US/bmw-to-be-featured-at-saratoga-automotive-museum,,,skip,category 1
2015-04-13,"BMW to exhibit “Wild Style” and new works by Mazaccio & Drowilal at Paris Photo Los Angeles, as Official Partner of the Prestigious Art Fair.",https://www.press.bmwgroup.com/usa/article/detail/T0212424EN_US/bmw-to-exhibit-“wild-style”-and-new-works-by-mazaccio-drowilal-at-paris-photo-los-angeles-as-official-partner-of-the-prestigious-art-fair,,,skip,category 1
2015-05-20,"BMW unveils the special edition BMW 435i ZHP Coupe, a factory-built performance vehicle that truly defines the Ultimate Driving Machine.",https://www.press.bmwgroup.com/usa/article/detail/T0218847EN_US/bmw-unveils-the-special-edition-bmw-435i-zhp-coupe-a-factory-built-performance-vehicle-that-truly-defines-the-ultimate-driving-machine,,,skip,category 1
2019-01-28,BMW wins the 24 Hours of Daytona and dedicates victory to Charly Lamm – Alex Zanardi makes inspirational appearance in the BMW M8 GTE.,https://www.press.bmwgroup.com/usa/article/detail/T0290905EN_US/bmw-wins-the-24-hours-of-daytona-and-dedicates-victory-to-charly-lamm-–-alex-zanardi-makes-inspirational-appearance-in-the-bmw-m8-gte,,,skip,category 1
2013-07-17,BMW wins the GlobeRunner Awards category for Best Automotive Manufacturer,https://www.press.bmwgroup.com/usa/article/detail/T0143794EN_US/bmw-wins-the-globerunner-awards-category-for-best-automotive-manufacturer,,,skip,category 1
2013-04-25,"BMW, ChargePoint and DriveNow Team for Bay Area Sustainability Hackathon for Electric Vehicles, EV Charging and Mobility Services",https://www.press.bmwgroup.com/usa/article/detail/T0140848EN_US/bmw-chargepoint-and-drivenow-team-for-bay-area-sustainability-hackathon-for-electric-vehicles-ev-charging-and-mobility-services,,,skip,category 1
2023-09-12,"BMW, Ford and Honda Agree to Create ChargeScape, a New Company Focused on Optimizing Electric Vehicle Grid Services.",https://www.press.bmwgroup.com/usa/article/detail/T0436953EN_US/bmw-ford-and-honda-agree-to-create-chargescape-a-new-company-focused-on-optimizing-electric-vehicle-grid-services,,,skip,category 1
2013-06-11,"BMW, GM Engineers Complete Testing on DC Fast Charge Station Usage",https://www.press.bmwgroup.com/usa/article/detail/T0142731EN_US/bmw-gm-engineers-complete-testing-on-dc-fast-charge-station-usage,,,skip,category 1
2020-08-20,"BMW, MINI and BMW Motorrad Enthusiasts Have a New Way to Display Their Brand Affinity, Earn Rewards with New Credit Cards from U.S. Bank.",https://www.press.bmwgroup.com/usa/article/detail/T0314505EN_US/bmw-mini-and-bmw-motorrad-enthusiasts-have-a-new-way-to-display-their-brand-affinity-earn-rewards-with-new-credit-cards-from-u-s-bank,,,skip,category 1
2026-08-04,"BMW, OrangeCat Racing and Sean Dylan Kelly capture their third win and third second place podium position of the season during MotoAmerica Superbikes at Mid-Ohio.",https://www.press.bmwgroup.com/usa/article/detail/T0459911EN_US/bmw-orangecat-racing-and-sean-dylan-kelly-capture-their-third-win-and-third-second-place-podium-position-of-the-season-during-motoamerica-superbikes-at-mid-ohio,,,skip,category 1
2026-07-13,"BMW, OrangeCat Racing and Sean Dylan Kelly extend their Championship lead after MotoAmerica Superbike Speedfest at Monterey Weekend.",https://www.press.bmwgroup.com/usa/article/detail/T0459312EN_US/bmw-orangecat-racing-and-sean-dylan-kelly-extend-their-championship-lead-after-motoamerica-superbike-speedfest-at-monterey-weekend,,,skip,category 1
2016-09-13,"BMW, Volkswagen and ChargePoint Announce Completion of Electric Vehicle Express Charging Corridors on the East and West Coasts.",https://www.press.bmwgroup.com/usa/article/detail/T0263666EN_US/bmw-volkswagen-and-chargepoint-announce-completion-of-electric-vehicle-express-charging-corridors-on-the-east-and-west-coasts,,,skip,category 1
2015-01-22,"BMW, Volkswagen and ChargePoint Announce Initiative to Create Electric Vehicle Express Charging Corridors on the East and West Coasts.",https://www.press.bmwgroup.com/usa/article/detail/T0201702EN_US/bmw-volkswagen-and-chargepoint-announce-initiative-to-create-electric-vehicle-express-charging-corridors-on-the-east-and-west-coasts,,,skip,category 1
2019-04-11,BMW’s Annual “Ultimate Driving Experience” Experiential Driving Event Returns to an Expanded List of U.S. Cities; new program components are added to select markets,https://www.press.bmwgroup.com/usa/article/detail/T0294497EN_US/bmw’s-annual-“ultimate-driving-experience”-experiential-driving-event-returns-to-an-expanded-list-of-u-s-cities;-new-program-components-are-added-to-select-markets,,,skip,category 1
2021-07-21,"BMW’s Art Cars go Digital for the First Time Ever in with Cutting Edge Art App, Acute Art.",https://www.press.bmwgroup.com/usa/article/detail/T0338341EN_US/bmw’s-art-cars-go-digital-for-the-first-time-ever-in-with-cutting-edge-art-app-acute-art,,,skip,category 1
2019-09-16,"BMW’s Bet On Black Comes Up One Position Short With Runner-Up Podium Finish At Laguna Seca; Edwards/Krohn - P2, Blomqvist/De Phillippi - P5.",https://www.press.bmwgroup.com/usa/article/detail/T0300902EN_US/bmw’s-bet-on-black-comes-up-one-position-short-with-runner-up-podium-finish-at-laguna-seca;-edwards/krohn-p2-blomqvist/de-phillippi-p5,,,skip,category 1
2024-09-20,BMW’s Pioneering Electromobility Innovations Showcased  in New Petersen Automotive Museum Exhibit.,https://www.press.bmwgroup.com/usa/article/detail/T0445167EN_US/bmw’s-pioneering-electromobility-innovations-showcased-in-new-petersen-automotive-museum-exhibit,,,skip,category 1
2018-04-16,BMW’s Ultimate Driving Experience Returns.,https://www.press.bmwgroup.com/usa/article/detail/T0280236EN_US/bmw’s-ultimate-driving-experience-returns,,,skip,category 1
2014-06-09,"BMW’s Ultimate Driving Experience, Offering Dynamic Behind-the-Wheel Driving Programs with over 80 BMW Vehicles, Launches June 14 in Boston, MA.",https://www.press.bmwgroup.com/usa/article/detail/T0183043EN_US/bmw’s-ultimate-driving-experience-offering-dynamic-behind-the-wheel-driving-programs-with-over-80-bmw-vehicles-launches-june-14-in-boston-ma,,,skip,category 1
2015-03-16,"BMW’s Ultimate Driving Experience, Offering Dynamic Behind-the-Wheel Driving Programs with over 90 BMW Vehicles, Launches March 21 in Atlanta, GA.",https://www.press.bmwgroup.com/usa/article/detail/T0208449EN_US/bmw’s-ultimate-driving-experience-offering-dynamic-behind-the-wheel-driving-programs-with-over-90-bmw-vehicles-launches-march-21-in-atlanta-ga,,,skip,category 1
2017-04-05,"BMW’s Ultimate Driving Experience, a Six-City Nationwide Driving Program to Kick-Off on April 13-23 at MetLife Stadium in East Rutherford, New Jersey.",https://www.press.bmwgroup.com/usa/article/detail/T0269581EN_US/bmw’s-ultimate-driving-experience-a-six-city-nationwide-driving-program-to-kick-off-on-april-13-23-at-metlife-stadium-in-east-rutherford-new-jersey,,,skip,category 1
2022-05-31,BRAVE EFFORT.,https://www.press.bmwgroup.com/usa/article/detail/T0395713EN_US/brave-effort,,,skip,category 1
2013-04-17,Back in stock after decades: BMW Group Classic offers faithful replica of the BMW 328 gearbox. Meticulous remanufacturing creates authentic replacement for the gearbox of the 1930s sports car classic – Reconstruction in consultation with FIVA and the FIA – Exclusively available through the BMW Classic Center.,https://www.press.bmwgroup.com/usa/article/detail/T0140155EN_US/back-in-stock-after-decades:-bmw-group-classic-offers-faithful-replica-of-the-bmw-328-gearbox-meticulous-remanufacturing-creates-authentic-replacement-for-the-gearbox-of-the-1930s-sports-car-classic-–-reconstruction-in-consultation-with-fiva-and-the-fia-–-exclusively-available-through-the-bmw-classic-center,,,skip,category 1
2012-06-06,Back to the future +++ 25 years of the BMW Z1,https://www.press.bmwgroup.com/usa/article/detail/T0127412EN_US/back-to-the-future-25-years-of-the-bmw-z1,,,skip,category 2
2016-06-21,Battery storage system electrified by BMW i announced at EVS29 in Montreal.,https://www.press.bmwgroup.com/usa/article/detail/T0261314EN_US/battery-storage-system-electrified-by-bmw-i-announced-at-evs29-in-montreal,,,skip,category 1
2016-10-07,"Best Global Brands: No top-100 premium automotive brand makes bigger gains than MINI. Brand value rises 18 per cent, climbs ten places in Interbrand ranking.",https://www.press.bmwgroup.com/usa/article/detail/T0264725EN_US/best-global-brands:-no-top-100-premium-automotive-brand-makes-bigger-gains-than-mini-brand-value-rises-18-per-cent-climbs-ten-places-in-interbrand-ranking,,,skip,category 1
2018-03-13,Best-ever February for BMW Group global sales,https://www.press.bmwgroup.com/usa/article/detail/T0279137EN_US/best-ever-february-for-bmw-group-global-sales,,,skip,category 1
2022-01-26,Big anniversary weekend: BMW M Motorsport celebrates 50 years of BMW M and the IMSA race debut of the BMW M4 GT3 at Daytona.,https://www.press.bmwgroup.com/usa/article/detail/T0365853EN_US/big-anniversary-weekend:-bmw-m-motorsport-celebrates-50-years-of-bmw-m-and-the-imsa-race-debut-of-the-bmw-m4-gt3-at-daytona,,,skip,category 1
2024-02-28,Bill Auberlen Begins New Multi-Year BMW Contract Racing with ST Racing in SRO GT World Challenge America; Varun Choksey to Co-Drive ST Racing No. 28 BMW M4 GT3.,https://www.press.bmwgroup.com/usa/article/detail/T0439912EN_US/bill-auberlen-begins-new-multi-year-bmw-contract-racing-with-st-racing-in-sro-gt-world-challenge-america;-varun-choksey-to-co-drive-st-racing-no-28-bmw-m4-gt3,,,skip,category 1
2022-06-02,Bill Auberlen Wins BMW M Legends Race at the Nurburgring.,https://www.press.bmwgroup.com/usa/article/detail/T0396274EN_US/bill-auberlen-wins-bmw-m-legends-race-at-the-nurburgring,,,skip,category 1
2013-08-07,Birthday Celebrations in Oxford: The new MINI will be presented on Sir Alec Issigonis’ 107th birthday.,https://www.press.bmwgroup.com/usa/article/detail/T0144568EN_US/birthday-celebrations-in-oxford:-the-new-mini-will-be-presented-on-sir-alec-issigonis’-107th-birthday,,,skip,category 1
2013-03-14,Board of Management changes at BMW AG,https://www.press.bmwgroup.com/usa/article/detail/T0137898EN_US/board-of-management-changes-at-bmw-ag,,,skip,category 1
2017-07-20,Board of Management changes at BMW AG.,https://www.press.bmwgroup.com/usa/article/detail/T0272948EN_US/board-of-management-changes-at-bmw-ag,,,skip,category 1
2013-10-01,Born Electric BMW i3 Charges at First Ever Public Charging Station with Combo-Charging DC Fast Charging System,https://www.press.bmwgroup.com/usa/article/detail/T0147948EN_US/born-electric-bmw-i3-charges-at-first-ever-public-charging-station-with-combo-charging-dc-fast-charging-system,,,skip,category 1
2021-06-28,Both MOTUL BMW M8 GTEs on the GTLM podium at Watkins Glen – Turner Motorsport wins the GTD class.,https://www.press.bmwgroup.com/usa/article/detail/T0336552EN_US/both-motul-bmw-m8-gtes-on-the-gtlm-podium-at-watkins-glen-–-turner-motorsport-wins-the-gtd-class,,,skip,category 1
2013-01-13,Breaking a record to mark an anniversary: MINI continues its success story in the USA.,https://www.press.bmwgroup.com/usa/article/detail/T0136132EN_US/breaking-a-record-to-mark-an-anniversary:-mini-continues-its-success-story-in-the-usa,,,skip,category 1
2026-01-21,British creativity meets MINI charm: The MINI Paul Smith Edition - from the runway to the roads.,https://www.press.bmwgroup.com/usa/article/detail/T0455165EN_US/british-creativity-meets-mini-charm:-the-mini-paul-smith-edition-from-the-runway-to-the-roads,,,skip,category 1
2025-10-29,British with a twist: The MINI Paul Smith Edition.,https://www.press.bmwgroup.com/usa/article/detail/T0453614EN_US/british-with-a-twist:-the-mini-paul-smith-edition,,,skip,category 1
2020-06-12,Bruno Spengler tops overall standings in the IMSA iRacing Pro Series – John Edwards on the podium at season finale.,https://www.press.bmwgroup.com/usa/article/detail/T0309432EN_US/bruno-spengler-tops-overall-standings-in-the-imsa-iracing-pro-series-–-john-edwards-on-the-podium-at-season-finale,,,skip,category 1
2016-04-16,"Bubba Burger Sports Car Grand Prix At Long Beach Qualifying; Auberlen on pole, Luhr sixth.",https://www.press.bmwgroup.com/usa/article/detail/T0259242EN_US/bubba-burger-sports-car-grand-prix-at-long-beach-qualifying;-auberlen-on-pole-luhr-sixth,,,skip,category 1
2014-08-12,Burton Racing BMW 128i Takes Street Tuner Victory at Road America; Edwards/Hindman 4th in Grand Sport to Keep Hindman 1st in GS Points,https://www.press.bmwgroup.com/usa/article/detail/T0191584EN_US/burton-racing-bmw-128i-takes-street-tuner-victory-at-road-america;-edwards/hindman-4th-in-grand-sport-to-keep-hindman-1st-in-gs-points,,,skip,category 1
2013-01-21,CAMPAIGN LAUNCH FOR NEW MINI PACEMAN.,https://www.press.bmwgroup.com/usa/article/detail/T0136427EN_US/campaign-launch-for-new-mini-paceman,,,skip,category 1
2017-08-08,CHANGE IN PERFORMER - Media Alert: BMW K 1600 B Bagger Takes Center Stage Prior to Gary Allan Concert At Sturgis Buffalo Chip®,https://www.press.bmwgroup.com/usa/article/detail/T0273521EN_US/change-in-performer-media-alert:-bmw-k-1600-b-bagger-takes-center-stage-prior-to-gary-allan-concert-at-sturgis-buffalo-chip®,,,skip,category 1
2025-08-12,CHAPTER THIRTY-TWO | “Upper Echelon: BMW Group revives Rolls-Royce Motor Cars for the modern era”.,https://www.press.bmwgroup.com/usa/article/detail/T0451873EN_US/chapter-thirty-two-|-“upper-echelon:-bmw-group-revives-rolls-royce-motor-cars-for-the-modern-era”,,,skip,category 1
2017-01-28,CTSC- BMW Endurance Challenge At Daytona,https://www.press.bmwgroup.com/usa/article/detail/T0267596EN_US/ctsc-bmw-endurance-challenge-at-daytona,,,skip,category 1
2013-03-14,"CV of Peter Schwarzenbauer, Member of the Board of Management of BMW AG, MINI, Rolls-Royce, BMW Motorrad, Customer Engagement and Digital Business Innovation BMW Group",https://www.press.bmwgroup.com/usa/article/detail/T0137899EN_US/cv-of-peter-schwarzenbauer-member-of-the-board-of-management-of-bmw-ag-mini-rolls-royce-bmw-motorrad-customer-engagement-and-digital-business-innovation-bmw-group,,,skip,category 1
2021-08-05,California Framework Automakers’ Joint Statement on New Federal Vehicle Emissions Standards.,https://www.press.bmwgroup.com/usa/article/detail/T0339099EN_US/california-framework-automakers’-joint-statement-on-new-federal-vehicle-emissions-standards,,,skip,category 1
2015-11-20,Cao Fei and John Baldessari to create the next BMW Art Cars,https://www.press.bmwgroup.com/usa/article/detail/T0243942EN_US/cao-fei-and-john-baldessari-to-create-the-next-bmw-art-cars,,,skip,category 1
2022-09-19,Chandler Hull to Record 100th BMW Race Start during SRO Sebring Weekend.,https://www.press.bmwgroup.com/usa/article/detail/T0403807EN_US/chandler-hull-to-record-100th-bmw-race-start-during-sro-sebring-weekend,,,skip,category 1
2012-11-08,Change as a constant. A portrait of Karim Habib.,https://www.press.bmwgroup.com/usa/article/detail/T0134256EN_US/change-as-a-constant-a-portrait-of-karim-habib,,,skip,category 1
2025-04-07,Chapter 14.  California Style: BMW acquires DesignworksUSA.,https://www.press.bmwgroup.com/usa/article/detail/T0449455EN_US/chapter-14-california-style:-bmw-acquires-designworksusa,,,skip,category 1
2025-10-07,Chapter 40.The Ultimate Driving Museum:The BMW CCA Foundation Brings History  to Life in South Carolina,https://www.press.bmwgroup.com/usa/article/detail/T0453205EN_US/chapter-40-the-ultimate-driving-museum:the-bmw-cca-foundation-brings-history-to-life-in-south-carolina,,,skip,category 1
2025-10-20,Chapter 42: “From Antagonist to Ally: The BMW Car Club of America and BMW of North America Work Together to Foster Enthusiasm for the Brand”.,https://www.press.bmwgroup.com/usa/article/detail/T0453456EN_US/chapter-42:-“from-antagonist-to-ally:-the-bmw-car-club-of-america-and-bmw-of-north-america-work-together-to-foster-enthusiasm-for-the-brand”,,,skip,category 1
2025-11-10,Chapter 45.  Customer Racing: BMW M Motorsport  Brings Factory-Built Race Cars to North America,https://www.press.bmwgroup.com/usa/article/detail/T0453883EN_US/chapter-45-customer-racing:-bmw-m-motorsport-brings-factory-built-race-cars-to-north-america,,,skip,category 1
2025-12-15,Chapter 50. The Second Revolution: A Neue Klasse for the 21st Century.,https://www.press.bmwgroup.com/usa/article/detail/T0454557EN_US/chapter-50-the-second-revolution:-a-neue-klasse-for-the-21st-century,,,skip,category 1
2025-02-10,Chapter 6: “The Ultimate Ad Slogan: BMW becomes the Ultimate Driving Machine”,https://www.press.bmwgroup.com/usa/article/detail/T0447993EN_US/chapter-6:-“the-ultimate-ad-slogan:-bmw-becomes-the-ultimate-driving-machine”,,,skip,category 1
2016-11-15,ChargeNow by EVgo Certified Pre-Owned (CPO) public charging program now available to drivers of CPO BMW i3 and i8 models,https://www.press.bmwgroup.com/usa/article/detail/T0266052EN_US/chargenow-by-evgo-certified-pre-owned-cpo-public-charging-program-now-available-to-drivers-of-cpo-bmw-i3-and-i8-models,,,skip,category 1
2017-01-26,ChargeNow by EVgo no-cost and specially priced public charging programs - exclusively for BMW i and iPerformance drivers - now available in more than 50 metro areas across the U.S.,https://www.press.bmwgroup.com/usa/article/detail/T0267547EN_US/chargenow-by-evgo-no-cost-and-specially-priced-public-charging-programs-exclusively-for-bmw-i-and-iperformance-drivers-now-available-in-more-than-50-metro-areas-across-the-u-s,,,skip,category 1
2024-10-07,ChargeScape Welcomes Nissan to its Alliance of Automakers Helping Drivers Save Money on EV Charging.,https://www.press.bmwgroup.com/usa/article/detail/T0445423EN_US/chargescape-welcomes-nissan-to-its-alliance-of-automakers-helping-drivers-save-money-on-ev-charging,,,skip,category 1
2025-07-22,ChargeScape and PSEG Long Island Partner to Enroll BMW and Ford Electric Vehicles in First-Ever Grid Reliability Program Participation.,https://www.press.bmwgroup.com/usa/article/detail/T0451519EN_US/chargescape-and-pseg-long-island-partner-to-enroll-bmw-and-ford-electric-vehicles-in-first-ever-grid-reliability-program-participation,,,skip,category 1
2016-10-16,Charging ahead – The MINI goes electric.,https://www.press.bmwgroup.com/usa/article/detail/T0264923EN_US/charging-ahead-–-the-mini-goes-electric,,,skip,category 1
2022-04-06,"Classic, sporty open-air fun: the MINI Cooper S Convertible in the Resolute Edition.",https://www.press.bmwgroup.com/usa/article/detail/T0378474EN_US/classic-sporty-open-air-fun:-the-mini-cooper-s-convertible-in-the-resolute-edition,,,skip,category 1
2013-07-07,"Clean, Fast and Efficient - BMW Z4 GTE Wins ALMS Northeast Grand Prix and Michelin Green X Challenge Award;Müller and Edwards First, Auberlen and Martin Fourth",https://www.press.bmwgroup.com/usa/article/detail/T0143485EN_US/clean-fast-and-efficient-bmw-z4-gte-wins-alms-northeast-grand-prix-and-michelin-green-x-challenge-award;mueller-and-edwards-first-auberlen-and-martin-fourth,,,skip,category 1
2026-08-06,"Clemson University unveils Deep Orange 17, a solar-integrated, energy-positive electric vehicle.",https://www.press.bmwgroup.com/usa/article/detail/T0459979EN_US/clemson-university-unveils-deep-orange-17-a-solar-integrated-energy-positive-electric-vehicle,,,skip,category 1
2022-09-15,Climate Technology Startup Platform URBAN-X by MINI Launches Newest Cohort.,https://www.press.bmwgroup.com/usa/article/detail/T0403784EN_US/climate-technology-startup-platform-urban-x-by-mini-launches-newest-cohort,,,skip,category 1
2012-09-14,Combines comfort and functionality with dynamic performance and style: the BMW Concept Active Tourer.,https://www.press.bmwgroup.com/usa/article/detail/T0131981EN_US/combines-comfort-and-functionality-with-dynamic-performance-and-style:-the-bmw-concept-active-tourer,,,skip,category 1
2022-03-08,Confident and inspiring: MINI celebrates the successes of strong women with the Pat Moss Edition.,https://www.press.bmwgroup.com/usa/article/detail/T0372215EN_US/confident-and-inspiring:-mini-celebrates-the-successes-of-strong-women-with-the-pat-moss-edition,,,skip,category 1
2025-06-11,Consumer Survey Commissioned by BMW Group in the U.S. Reveals Growing Consumer Optimism and Expectations Around Electric Vehicles,https://www.press.bmwgroup.com/usa/article/detail/T0450714EN_US/consumer-survey-commissioned-by-bmw-group-in-the-u-s-reveals-growing-consumer-optimism-and-expectations-around-electric-vehicles,,,skip,category 1
2025-06-11,Consumer Survey Commissioned by BMW Group in the U.S. Reveals Growing Consumer Optimism and Expectations Around Electric Vehicles,https://www.press.bmwgroup.com/usa/article/detail/T0450713EN_US/consumer-survey-commissioned-by-bmw-group-in-the-u-s-reveals-growing-consumer-optimism-and-expectations-around-electric-vehicles,,,skip,category 1
2015-08-04,Continental Tire Road Race Showcase at Road America Preview.,https://www.press.bmwgroup.com/usa/article/detail/T0229003EN_US/continental-tire-road-race-showcase-at-road-america-preview,,,skip,category 1
2016-07-10,Continental Tire SportsCar Challenge - Canadian Tire Motorsport Park,https://www.press.bmwgroup.com/usa/article/detail/T0261842EN_US/continental-tire-sportscar-challenge-canadian-tire-motorsport-park,,,skip,category 1
2016-04-30,Continental Tire SportsCar Challenge - Mazda Raceway Laguna Seca,https://www.press.bmwgroup.com/usa/article/detail/T0259661EN_US/continental-tire-sportscar-challenge-mazda-raceway-laguna-seca,,,skip,category 1
2016-07-03,Continental Tire SportsCar Challenge - Watkins Glen International,https://www.press.bmwgroup.com/usa/article/detail/T0261680EN_US/continental-tire-sportscar-challenge-watkins-glen-international,,,skip,category 1
2012-06-04,Countdown To BMW Championship Begins With Justin Rose Ceremonial Tee Shot At Crooked Stick Golf Club,https://www.press.bmwgroup.com/usa/article/detail/T0127366EN_US/countdown-to-bmw-championship-begins-with-justin-rose-ceremonial-tee-shot-at-crooked-stick-golf-club,,,skip,category 1
2023-02-15,Creating the Future: Designworks Opens New Studio in Santa Monica.,https://www.press.bmwgroup.com/usa/article/detail/T0409059EN_US/creating-the-future:-designworks-opens-new-studio-in-santa-monica,,,skip,category 1
2014-04-28,Creative visionaries: MINI Paceman Adventure.,https://www.press.bmwgroup.com/usa/article/detail/T0178605EN_US/creative-visionaries:-mini-paceman-adventure,,,skip,category 1
2014-10-05,Dane Cameron wins USCC GTD Driver title – Bad luck for BMW Team RLL in GTLM class at gripping season finale.,https://www.press.bmwgroup.com/usa/article/detail/T0194424EN_US/dane-cameron-wins-uscc-gtd-driver-title-–-bad-luck-for-bmw-team-rll-in-gtlm-class-at-gripping-season-finale,,,skip,category 1
2015-03-17,Dave Buchko Appointed to New Post of Corporate Communications Manager – West for BMW of North America,https://www.press.bmwgroup.com/usa/article/detail/T0208688EN_US/dave-buchko-appointed-to-new-post-of-corporate-communications-manager-–-west-for-bmw-of-north-america,,,skip,category 1
2019-07-08,Delivered as Promised: BMW of North America Donates 100 New Electric Vehicle Charging Stations for Visitors to America’s National Parks,https://www.press.bmwgroup.com/usa/article/detail/T0298485EN_US/delivered-as-promised:-bmw-of-north-america-donates-100-new-electric-vehicle-charging-stations-for-visitors-to-america’s-national-parks,,,skip,category 1
2016-06-15,Design concepts and race participation for 18th and 19th BMW Art Cars revealed,https://www.press.bmwgroup.com/usa/article/detail/T0261120EN_US/design-concepts-and-race-participation-for-18th-and-19th-bmw-art-cars-revealed,,,skip,category 1
2026-06-12,Design meets Performance: The BMW M Concept Neue Klasse – World premiere at the 24 Hours of Le Mans.,https://www.press.bmwgroup.com/usa/article/detail/T0458455EN_US/design-meets-performance:-the-bmw-m-concept-neue-klasse-–-world-premiere-at-the-24-hours-of-le-mans,,,skip,category 1
2019-01-08,Designworks Collaborates with The North Face to Imagine New Camper Concept,https://www.press.bmwgroup.com/usa/article/detail/T0289553EN_US/designworks-collaborates-with-the-north-face-to-imagine-new-camper-concept,,,skip,category 1
2021-10-29,"Designworks Launches MATERIA: The Garden of Possibilities, Exploring the Future of Biomaterials.",https://www.press.bmwgroup.com/usa/article/detail/T0353932EN_US/designworks-launches-materia:-the-garden-of-possibilities-exploring-the-future-of-biomaterials,,,skip,category 1
2018-04-26,Designworks Teams with Virgin Hyperloop One to Create Prototype Design for Dubai Hyperloop Passenger Capsule.,https://www.press.bmwgroup.com/usa/article/detail/T0280554EN_US/designworks-teams-with-virgin-hyperloop-one-to-create-prototype-design-for-dubai-hyperloop-passenger-capsule,,,skip,category 1
2017-09-01,Designworks Welcomes New President Holger Hampf.,https://www.press.bmwgroup.com/usa/article/detail/T0274079EN_US/designworks-welcomes-new-president-holger-hampf,,,skip,category 1
2018-09-26,Designworks partners with EVA Air to create new business class seat.,https://www.press.bmwgroup.com/usa/article/detail/T0285419EN_US/designworks-partners-with-eva-air-to-create-new-business-class-seat,,,skip,category 1
2021-02-18,"Designworks, A BMW Group Company, Collaborates with Sea Ray to Develop New Design Language.",https://www.press.bmwgroup.com/usa/article/detail/T0326329EN_US/designworks-a-bmw-group-company-collaborates-with-sea-ray-to-develop-new-design-language,,,skip,category 1
2014-09-15,DesignworksUSA partners with Panasonic Avionics to create flexible In-Flight Entertainment experience.,https://www.press.bmwgroup.com/usa/article/detail/T0193391EN_US/designworksusa-partners-with-panasonic-avionics-to-create-flexible-in-flight-entertainment-experience,,,skip,category 1
2016-10-02,Difficult season finale for BMW Team RLL at Road Atlanta.,https://www.press.bmwgroup.com/usa/article/detail/T0264424EN_US/difficult-season-finale-for-bmw-team-rll-at-road-atlanta,,,skip,category 1
2017-09-27,Digital lifestyle at the BMW Group: Seamless in-car integration of Amazon Alexa in BMW and MINI.,https://www.press.bmwgroup.com/usa/article/detail/T0274812EN_US/digital-lifestyle-at-the-bmw-group:-seamless-in-car-integration-of-amazon-alexa-in-bmw-and-mini,,,skip,category 1
2017-05-07,"Double M6 GTLM Podium Finish for BMW Team RLL at COTA; Auberlen/Sims P2, Edwards/Tomczyk P3",https://www.press.bmwgroup.com/usa/article/detail/T0270488EN_US/double-m6-gtlm-podium-finish-for-bmw-team-rll-at-cota;-auberlen/sims-p2-edwards/tomczyk-p3,,,skip,category 1
2021-03-21,Double podium for BMW Team RLL at the Twelve Hours of Sebring.,https://www.press.bmwgroup.com/usa/article/detail/T0328231EN_US/double-podium-for-bmw-team-rll-at-the-twelve-hours-of-sebring,,,skip,category 1
2014-09-09,Double reason to celebrate: two milestones for MINI in Oxford,https://www.press.bmwgroup.com/usa/article/detail/T0192996EN_US/double-reason-to-celebrate:-two-milestones-for-mini-in-oxford,,,skip,category 1
2025-01-27,Dramatic finale of the 24h Daytona deprives BMW M Hybrid V8 and BMW M4 GT3 EVO of chances to win.,https://www.press.bmwgroup.com/usa/article/detail/T0447715EN_US/dramatic-finale-of-the-24h-daytona-deprives-bmw-m-hybrid-v8-and-bmw-m4-gt3-evo-of-chances-to-win,,,skip,category 1
2015-12-03,"Duo Henning Fehr & Philipp Rühr, Dan Bayles and Fritzia Irizar nominated for second BMW Art Journey.",https://www.press.bmwgroup.com/usa/article/detail/T0245843EN_US/duo-henning-fehr-philipp-ruehr-dan-bayles-and-fritzia-irizar-nominated-for-second-bmw-art-journey,,,skip,category 1
2021-05-26,E-drive train production for the fully-electric models BMW iX and BMW i4 begins,https://www.press.bmwgroup.com/usa/article/detail/T0333497EN_US/e-drive-train-production-for-the-fully-electric-models-bmw-ix-and-bmw-i4-begins,,,skip,category 1
2013-01-14,"EXTREME SPORTS PERFORMANCE, INIMITABLE STYLE:THE MINI JOHN COOPER WORKS PACEMAN.",https://www.press.bmwgroup.com/usa/article/detail/T0136098EN_US/extreme-sports-performance-inimitable-style:the-mini-john-cooper-works-paceman,,,skip,category 1
2017-01-17,"EXTREMELY ATHLETIC, EXTREMELY VERSATILE: THE NEW MINI JOHN COOPER WORKS COUNTRYMAN",https://www.press.bmwgroup.com/usa/article/detail/T0267351EN_US/extremely-athletic-extremely-versatile:-the-new-mini-john-cooper-works-countryman,,,skip,category 1
2017-07-23,Edwards and Tomczyk Finish Third at Northeast Grand Prix;Fourth Consecutive Race with Podium Finish for BMW M6 GTLM.,https://www.press.bmwgroup.com/usa/article/detail/T0273091EN_US/edwards-and-tomczyk-finish-third-at-northeast-grand-prix;fourth-consecutive-race-with-podium-finish-for-bmw-m6-gtlm,,,skip,category 1
2017-09-25,Edwards and Tomczyk Race the No. 24 BMW M6 to a Thrilling Victory at Laguna Seca.,https://www.press.bmwgroup.com/usa/article/detail/T0274742EN_US/edwards-and-tomczyk-race-the-no-24-bmw-m6-to-a-thrilling-victory-at-laguna-seca,,,skip,category 1
2022-02-15,Eight Years in a Row: BMW Manufacturing is Largest Automotive Exporter in the United States.,https://www.press.bmwgroup.com/usa/article/detail/T0368614EN_US/eight-years-in-a-row:-bmw-manufacturing-is-largest-automotive-exporter-in-the-united-states,,,skip,category 1
2017-01-29,Eighth place in Daytona for the 19th BMW Art Car.,https://www.press.bmwgroup.com/usa/article/detail/T0267606EN_US/eighth-place-in-daytona-for-the-19th-bmw-art-car,,,skip,category 1
2020-10-28,Electromobility and the future of the MINI model range.,https://www.press.bmwgroup.com/usa/article/detail/T0319595EN_US/electromobility-and-the-future-of-the-mini-model-range,,,skip,category 1
2019-03-25,"Electromobility under extreme conditions: The BMW iX3, the BMW i4 and the BMW iNEXT undergo cold testing in the Arctic Circle.",https://www.press.bmwgroup.com/usa/article/detail/T0293550EN_US/electromobility-under-extreme-conditions:-the-bmw-ix3-the-bmw-i4-and-the-bmw-inext-undergo-cold-testing-in-the-arctic-circle,,,skip,category 1
2016-08-04,Elvis’ BMW 507 lives on: Comeback at the Concours d’Elegance in Pebble Beach.,https://www.press.bmwgroup.com/usa/article/detail/T0262760EN_US/elvis’-bmw-507-lives-on:-comeback-at-the-concours-d’elegance-in-pebble-beach,,,skip,category 1
2024-06-17,Emotional rollercoaster at Le Mans: #31 BMW M4 GT3 on the LMGT3 podium.,https://www.press.bmwgroup.com/usa/article/detail/T0443172EN_US/emotional-rollercoaster-at-le-mans:-31-bmw-m4-gt3-on-the-lmgt3-podium,,,skip,category 1
2025-02-17,Endurance Test for “Heart of Joy”: the BMW Vision Driving Experience.,https://www.press.bmwgroup.com/usa/article/detail/T0448060EN_US/endurance-test-for-“heart-of-joy”:-the-bmw-vision-driving-experience,,,skip,category 1
2021-12-01,Endurance test on ice and snow: The BMW i7 undergoes driving dynamics testing at the polar circle.,https://www.press.bmwgroup.com/usa/article/detail/T0361275EN_US/endurance-test-on-ice-and-snow:-the-bmw-i7-undergoes-driving-dynamics-testing-at-the-polar-circle,,,skip,category 1
2021-06-16,Everyday testing of BMW i Hydrogen NEXT with hydrogen fuel cell drive train begins.,https://www.press.bmwgroup.com/usa/article/detail/T0335649EN_US/everyday-testing-of-bmw-i-hydrogen-next-with-hydrogen-fuel-cell-drive-train-begins,,,skip,category 1
2018-04-26,Exclusive first look at “200 Women” Photo Exhibition in BMW Lounge at Frieze New York; Complementing Art and Design Talk in partnership with Soho House.,https://www.press.bmwgroup.com/usa/article/detail/T0280540EN_US/exclusive-first-look-at-“200-women”-photo-exhibition-in-bmw-lounge-at-frieze-new-york;-complementing-art-and-design-talk-in-partnership-with-soho-house,,,skip,category 1
2022-03-10,Expanding the portfolio: BMW Group acquires the ALPINA brand,https://www.press.bmwgroup.com/usa/article/detail/T0373035EN_US/expanding-the-portfolio:-bmw-group-acquires-the-alpina-brand,,,skip,category 1
2017-08-11,Expedition into the urban jungle for the new BMW X2.,https://www.press.bmwgroup.com/usa/article/detail/T0273599EN_US/expedition-into-the-urban-jungle-for-the-new-bmw-x2,,,skip,category 1
2016-10-28,Eye-catching and multi-faceted. The design of the new MINI Countryman.,https://www.press.bmwgroup.com/usa/article/detail/T0265382EN_US/eye-catching-and-multi-faceted-the-design-of-the-new-mini-countryman,,,skip,category 1
2024-08-27,FIA WEC at COTA: Texas is calling.,https://www.press.bmwgroup.com/usa/article/detail/T0444699EN_US/fia-wec-at-cota:-texas-is-calling,,,skip,category 1
2024-04-16,"FIA WEC at Imola, IMSA at Long Beach: BMW M Hybrid V8 faces an eventful double-header weekend.",https://www.press.bmwgroup.com/usa/article/detail/T0441192EN_US/fia-wec-at-imola-imsa-at-long-beach:-bmw-m-hybrid-v8-faces-an-eventful-double-header-weekend,,,skip,category 1
2024-05-07,"FIA WEC at Spa-Francorchamps, IMSA at Laguna Seca: Second consecutive double-header weekend.",https://www.press.bmwgroup.com/usa/article/detail/T0441746EN_US/fia-wec-at-spa-francorchamps-imsa-at-laguna-seca:-second-consecutive-double-header-weekend,,,skip,category 1
2024-09-02,FIA WEC: BMW M Team WRT shows strong pace in Austin with both BMW M Hybrid V8.,https://www.press.bmwgroup.com/usa/article/detail/T0444813EN_US/fia-wec:-bmw-m-team-wrt-shows-strong-pace-in-austin-with-both-bmw-m-hybrid-v8,,,skip,category 1
2025-09-08,FIA WEC: Podium for the BMW M4 GT3 EVO in Austin – Frustrating race for the BMW M Hybrid V8.,https://www.press.bmwgroup.com/usa/article/detail/T0452464EN_US/fia-wec:-podium-for-the-bmw-m4-gt3-evo-in-austin-–-frustrating-race-for-the-bmw-m-hybrid-v8,,,skip,category 1
2013-10-29,Fact Sheet: BMW Team USA Sponsorship: Driving Athlete Performance,https://www.press.bmwgroup.com/usa/article/detail/T0155529EN_US/fact-sheet:-bmw-team-usa-sponsorship:-driving-athlete-performance,,,skip,category 1
2012-07-10,"Fantastic weather, a great atmosphere and numerous world premiers at the 12th BMW Motorrad Days.",https://www.press.bmwgroup.com/usa/article/detail/T0128424EN_US/fantastic-weather-a-great-atmosphere-and-numerous-world-premiers-at-the-12th-bmw-motorrad-days,,,skip,category 1
2021-11-14,"Farewell, MOTUL BMW M8 GTE: Final IMSA weekend at Road Atlanta ends with pole position and a podium.",https://www.press.bmwgroup.com/usa/article/detail/T0358352EN_US/farewell-motul-bmw-m8-gte:-final-imsa-weekend-at-road-atlanta-ends-with-pole-position-and-a-podium,,,skip,category 1
2019-02-13,Faster and more powerful than ever before: the new MINI John Cooper Works GP.,https://www.press.bmwgroup.com/usa/article/detail/T0291950EN_US/faster-and-more-powerful-than-ever-before:-the-new-mini-john-cooper-works-gp,,,skip,category 1
2013-03-31,Feeling frisky? New MINI app Connect Us finds you the perfect partner for a hot date.,https://www.press.bmwgroup.com/usa/article/detail/T0139098EN_US/feeling-frisky-new-mini-app-connect-us-finds-you-the-perfect-partner-for-a-hot-date,,,skip,category 1
2017-08-16,"Fiat Chrysler Automobiles to Join BMW Group, Intel and Mobileye in Developing Autonomous Driving Platform",https://www.press.bmwgroup.com/usa/article/detail/T0273692EN_US/fiat-chrysler-automobiles-to-join-bmw-group-intel-and-mobileye-in-developing-autonomous-driving-platform,,,skip,category 1
2024-02-05,First Design Studies for Julie Mehretu's BMW Art Car Revealed.,https://www.press.bmwgroup.com/usa/article/detail/T0439567EN_US/first-design-studies-for-julie-mehretu-s-bmw-art-car-revealed,,,skip,category 1
2025-11-10,First IMSA test for the updated BMW M Hybrid V8: New headlights make their debut at Daytona.,https://www.press.bmwgroup.com/usa/article/detail/T0453881EN_US/first-imsa-test-for-the-updated-bmw-m-hybrid-v8:-new-headlights-make-their-debut-at-daytona,,,skip,category 1
2014-04-24,First comprehensive publication about the BMW Art Car Collection to launch in the US.,https://www.press.bmwgroup.com/usa/article/detail/T0178336EN_US/first-comprehensive-publication-about-the-bmw-art-car-collection-to-launch-in-the-us,,,skip,category 1
2026-07-27,First glimpse into production: BMW Group Plant Woodruff assembles high-voltage batteries for the new BMW iX5.,https://www.press.bmwgroup.com/usa/article/detail/T0459652EN_US/first-glimpse-into-production:-bmw-group-plant-woodruff-assembles-high-voltage-batteries-for-the-new-bmw-ix5,,,skip,category 1
2024-03-21,First look at Neue Klasse as SAV: The BMW Vision Neue Klasse X.,https://www.press.bmwgroup.com/usa/article/detail/T0440371EN_US/first-look-at-neue-klasse-as-sav:-the-bmw-vision-neue-klasse-x,,,skip,category 1
2018-03-16,First pole for the new BMW M8 GTE in IMSA competition – BMW Team RLL qualifies first and third in Sebring.,https://www.press.bmwgroup.com/usa/article/detail/T0279275EN_US/first-pole-for-the-new-bmw-m8-gte-in-imsa-competition-–-bmw-team-rll-qualifies-first-and-third-in-sebring,,,skip,category 1
2021-05-07,First quarter: Transformation accelerated – core business significantly strengthened,https://www.press.bmwgroup.com/usa/article/detail/T0331957EN_US/first-quarter:-transformation-accelerated-–-core-business-significantly-strengthened,,,skip,category 1
2020-06-11,Five Millionth BMW Built in the U.S.,https://www.press.bmwgroup.com/usa/article/detail/T0309393EN_US/five-millionth-bmw-built-in-the-u-s,,,skip,category 1
2019-05-31,Flagship for future technology: the MINI Electric is ready for take-off.,https://www.press.bmwgroup.com/usa/article/detail/T0296647EN_US/flagship-for-future-technology:-the-mini-electric-is-ready-for-take-off,,,skip,category 1
2013-05-06,For Those Who Prefer Roads Less-Traveled BMW Motorrad Introduces the Navigator Adventure,https://www.press.bmwgroup.com/usa/article/detail/T0141408EN_US/for-those-who-prefer-roads-less-traveled-bmw-motorrad-introduces-the-navigator-adventure,,,skip,category 1
2013-06-06,Forever young: The classic Mini congratulates the Porsche 911 on its 50th birthday.,https://www.press.bmwgroup.com/usa/article/detail/T0142637EN_US/forever-young:-the-classic-mini-congratulates-the-porsche-911-on-its-50th-birthday,,,skip,category 1
2012-12-03,Forty Years into the Future: Celebrating Four Decades of Creativity and a Culture Looking to the Future,https://www.press.bmwgroup.com/usa/article/detail/T0134897EN_US/forty-years-into-the-future:-celebrating-four-decades-of-creativity-and-a-culture-looking-to-the-future,,,skip,category 1
2016-04-06,Four MINI ALL4 Racing in the top five after Stage 3 of Abu Dhabi Desert Challenge. Vladimir Vasilyev in second place.,https://www.press.bmwgroup.com/usa/article/detail/T0258875EN_US/four-mini-all4-racing-in-the-top-five-after-stage-3-of-abu-dhabi-desert-challenge-vladimir-vasilyev-in-second-place,,,skip,category 1
2025-03-11,"Four Superbrains for the Neue Klasse: More intelligent, more efficient, more powerful.",https://www.press.bmwgroup.com/usa/article/detail/T0448737EN_US/four-superbrains-for-the-neue-klasse:-more-intelligent-more-efficient-more-powerful,,,skip,category 1
2018-01-09,"Fresh update for the original: the new MINI Hardtop 2 Door, the new MINI Hardtop 4 Door, the new MINI Convertible.",https://www.press.bmwgroup.com/usa/article/detail/T0277684EN_US/fresh-update-for-the-original:-the-new-mini-hardtop-2-door-the-new-mini-hardtop-4-door-the-new-mini-convertible,,,skip,category 1
2020-04-16,From Laguna Seca to the Nordschleife: full sim racing programme for BMW works drivers.,https://www.press.bmwgroup.com/usa/article/detail/T0307622EN_US/from-laguna-seca-to-the-nordschleife:-full-sim-racing-programme-for-bmw-works-drivers,,,skip,category 1
2021-12-15,"From MINI with BIG LOVE: ""Driving Home for Christmas"" video clip featuring the worldwide MINI community.",https://www.press.bmwgroup.com/usa/article/detail/T0362933EN_US/from-mini-with-big-love:-driving-home-for-christmas-video-clip-featuring-the-worldwide-mini-community,,,skip,category 1
2022-09-28,From a barren island to a trendy tourist destination: Discover Iceland's breathtaking nature with the MINI Cooper S Clubman ALL4.,https://www.press.bmwgroup.com/usa/article/detail/T0404172EN_US/from-a-barren-island-to-a-trendy-tourist-destination:-discover-iceland-s-breathtaking-nature-with-the-mini-cooper-s-clubman-all4,,,skip,category 1
2019-11-14,From material selection to prototype construction: The battery cell technology of the future is taking shape at the BMW Group Battery Cell Competence Centre,https://www.press.bmwgroup.com/usa/article/detail/T0302708EN_US/from-material-selection-to-prototype-construction:-the-battery-cell-technology-of-the-future-is-taking-shape-at-the-bmw-group-battery-cell-competence-centre,,,skip,category 1
2025-09-22,From pilot fleet to series production: the new BMW iX5 Hydrogen.,https://www.press.bmwgroup.com/usa/article/detail/T0452810EN_US/from-pilot-fleet-to-series-production:-the-new-bmw-ix5-hydrogen,,,skip,category 1
2021-06-23,From the Rambla to the race track: with the MINI John Cooper Works Clubman on Mallorca.,https://www.press.bmwgroup.com/usa/article/detail/T0336292EN_US/from-the-rambla-to-the-race-track:-with-the-mini-john-cooper-works-clubman-on-mallorca,,,skip,category 1
2023-04-05,Fully electric and made in Germany: The next generation MINI Countryman.,https://www.press.bmwgroup.com/usa/article/detail/T0412481EN_US/fully-electric-and-made-in-germany:-the-next-generation-mini-countryman,,,skip,category 1
2022-03-23,Fully electric and packed with driving fun: The new MINI 3-door on snow and ice.,https://www.press.bmwgroup.com/usa/article/detail/T0376213EN_US/fully-electric-and-packed-with-driving-fun:-the-new-mini-3-door-on-snow-and-ice,,,skip,category 1
2016-06-29,Functional style enters a new dimension: the innovative X-CAT DISC designed by Designworks.,https://www.press.bmwgroup.com/usa/article/detail/T0261575EN_US/functional-style-enters-a-new-dimension:-the-innovative-x-cat-disc-designed-by-designworks,,,skip,category 1
2019-03-15,Future-proof structures: BMW Group reorganizes Management Board divisions.,https://www.press.bmwgroup.com/usa/article/detail/T0293177EN_US/future-proof-structures:-bmw-group-reorganizes-management-board-divisions,,,skip,category 1
2012-11-28,GEARING UP FOR ITS NORTH AMERICAN PREMIERE: THE MINI JOHN COOPER WORKS GP.,https://www.press.bmwgroup.com/usa/article/detail/T0134694EN_US/gearing-up-for-its-north-american-premiere:-the-mini-john-cooper-works-gp,,,skip,category 1
2012-10-10,GO-KART HANDLING PAYS OFF ON THE TRACK FOR MINI,https://www.press.bmwgroup.com/usa/article/detail/T0133545EN_US/go-kart-handling-pays-off-on-the-track-for-mini,,,skip,category 1
2024-01-28,GTD PRO podium for the BMW M4 GT3 – Technical problems set back BMW M Hybrid V8s.,https://www.press.bmwgroup.com/usa/article/detail/T0439320EN_US/gtd-pro-podium-for-the-bmw-m4-gt3-–-technical-problems-set-back-bmw-m-hybrid-v8s,,,skip,category 1
2012-09-06,Gearing up for its world debut: The MINI John Cooper Works GP (European Specifications).,https://www.press.bmwgroup.com/usa/article/detail/T0131532EN_US/gearing-up-for-its-world-debut:-the-mini-john-cooper-works-gp-european-specifications,,,skip,category 2
2012-09-25,Gearing up for its world debut: The MINI John Cooper Works GP.,https://www.press.bmwgroup.com/usa/article/detail/T0132484EN_US/gearing-up-for-its-world-debut:-the-mini-john-cooper-works-gp,,,skip,category 2
2016-04-14,GoPro Integration for BMW M Laptimer App,https://www.press.bmwgroup.com/usa/article/detail/T0259201EN_US/gopro-integration-for-bmw-m-laptimer-app,,,skip,category 1
2019-05-22,Greater focus for the BMW Group’s international motorsport programme: future and customers in the centre.,https://www.press.bmwgroup.com/usa/article/detail/T0296218EN_US/greater-focus-for-the-bmw-group’s-international-motorsport-programme:-future-and-customers-in-the-centre,,,skip,category 1
2018-01-22,Green light for the new spearhead: BMW M8 GTE makes race debut at the “Rolex 24” in Daytona.,https://www.press.bmwgroup.com/usa/article/detail/T0278188EN_US/green-light-for-the-new-spearhead:-bmw-m8-gte-makes-race-debut-at-the-“rolex-24”-in-daytona,,,skip,category 1
2015-10-02,Grid positions four and six for BMW Team RLL in the rain at Road Atlanta.,https://www.press.bmwgroup.com/usa/article/detail/T0237185EN_US/grid-positions-four-and-six-for-bmw-team-rll-in-the-rain-at-road-atlanta,,,skip,category 2
2013-12-16,Groundbreaking ceremony for new BMW Group plant in Brazil,https://www.press.bmwgroup.com/usa/article/detail/T0161924EN_US/groundbreaking-ceremony-for-new-bmw-group-plant-in-brazil,,,skip,category 1
2021-09-29,"HALF OF AMERICANS EXPECT ELECTRIC AUTOMOTIVE MARKET TO OVERTAKE GAS-POWERED VEHICLES IN 15 YEARS, ACCORDING TO NEW MINI USA SURVEY .",https://www.press.bmwgroup.com/usa/article/detail/T0346294EN_US/half-of-americans-expect-electric-automotive-market-to-overtake-gas-powered-vehicles-in-15-years-according-to-new-mini-usa-survey,,,skip,category 1
2021-06-10,HRH The Prince of Wales celebrates 20 years of modern MINI production at Plant Oxford.,https://www.press.bmwgroup.com/usa/article/detail/T0335230EN_US/hrh-the-prince-of-wales-celebrates-20-years-of-modern-mini-production-at-plant-oxford,,,skip,category 1
2012-06-23,"Handle with care, deliver in style: the MINI Clubvan gets ready to roll up.",https://www.press.bmwgroup.com/usa/article/detail/T0127825EN_US/handle-with-care-deliver-in-style:-the-mini-clubvan-gets-ready-to-roll-up,,,skip,category 1
2018-08-14,Hands-on driving: a detailed look at the technical modifications to the BMW M4 DTM ahead of Alex Zanardi’s guest start.,https://www.press.bmwgroup.com/usa/article/detail/T0284052EN_US/hands-on-driving:-a-detailed-look-at-the-technical-modifications-to-the-bmw-m4-dtm-ahead-of-alex-zanardi’s-guest-start,,,skip,category 1
2025-08-26,"Happy birthday, MINI! 66 years of driving pleasure, style and individuality.",https://www.press.bmwgroup.com/usa/article/detail/T0452134EN_US/happy-birthday-mini-66-years-of-driving-pleasure-style-and-individuality,,,skip,category 1
2015-05-13,Harald Krüger new Chairman of the Board of Management,https://www.press.bmwgroup.com/usa/article/detail/T0217845EN_US/harald-krueger-new-chairman-of-the-board-of-management,,,skip,category 1
2019-07-05,Harald Krüger will not seek a second term of office as Chairman of the Board of Management of BMW AG,https://www.press.bmwgroup.com/usa/article/detail/T0298337EN_US/harald-krueger-will-not-seek-a-second-term-of-office-as-chairman-of-the-board-of-management-of-bmw-ag,,,skip,category 1
2018-05-11,Heroes of Bavaria: A Collection of BMW’s Most Iconic Race Cars Opens at the LeMay – America’s Car Museum,https://www.press.bmwgroup.com/usa/article/detail/T0280995EN_US/heroes-of-bavaria:-a-collection-of-bmw’s-most-iconic-race-cars-opens-at-the-lemay-–-america’s-car-museum,,,skip,category 1
2024-02-09,"High-Powered EV Charging Network, IONNA, Begins Operations in North America",https://www.press.bmwgroup.com/usa/article/detail/T0439696EN_US/high-powered-ev-charging-network-ionna-begins-operations-in-north-america,,,skip,category 1
2024-10-23,High-performance with motorsport DNA: The new MINI John Cooper Works and the new MINI John Cooper Works Convertible.,https://www.press.bmwgroup.com/usa/article/detail/T0445878EN_US/high-performance-with-motorsport-dna:-the-new-mini-john-cooper-works-and-the-new-mini-john-cooper-works-convertible,,,skip,category 1
2015-03-24,"High-speed, high-tech, high excitement",https://www.press.bmwgroup.com/usa/article/detail/T0210142EN_US/high-speed-high-tech-high-excitement,,,skip,category 1
2016-06-06,Highway safety expert Dr. Adrian Lund receives the “BMW Vehicle Safety Lifetime Achievement Award”.,https://www.press.bmwgroup.com/usa/article/detail/T0260866EN_US/highway-safety-expert-dr-adrian-lund-receives-the-“bmw-vehicle-safety-lifetime-achievement-award”,,,skip,category 1
2012-07-06,Home race: BMW Motorsport makes its debut at Munich’s Olympic Stadium.,https://www.press.bmwgroup.com/usa/article/detail/T0128354EN_US/home-race:-bmw-motorsport-makes-its-debut-at-munich’s-olympic-stadium,,,skip,category 1
2026-01-26,Huge cheers in Daytona! BMW M Team WRT takes first IMSA podium with the BMW M Hybrid V8 – Paul Miller Racing triumphs in the BMW M4 GT3 EVO.,https://www.press.bmwgroup.com/usa/article/detail/T0455269EN_US/huge-cheers-in-daytona-bmw-m-team-wrt-takes-first-imsa-podium-with-the-bmw-m-hybrid-v8-–-paul-miller-racing-triumphs-in-the-bmw-m4-gt3-evo,,,skip,category 1
2025-04-15,"Humanity, warmth, precision – BMW HypersonX creates unique soundscape for the Neue Klasse.",https://www.press.bmwgroup.com/usa/article/detail/T0449578EN_US/humanity-warmth-precision-–-bmw-hypersonx-creates-unique-soundscape-for-the-neue-klasse,,,skip,category 1
2024-09-05,Hydrogen Pioneers: BMW Group and Toyota Motor Corporation take collaboration to the next level to offer Fuel Cell Electric Vehicle (FCEV) options for passenger cars.,https://www.press.bmwgroup.com/usa/article/detail/T0444879EN_US/hydrogen-pioneers:-bmw-group-and-toyota-motor-corporation-take-collaboration-to-the-next-level-to-offer-fuel-cell-electric-vehicle-fcev-options-for-passenger-cars,,,skip,category 1
2024-09-23,IMSA Indianapolis: BMW M Team RLL breaks the spell – One-two finish for the BMW M Hybrid V8.,https://www.press.bmwgroup.com/usa/article/detail/T0445210EN_US/imsa-indianapolis:-bmw-m-team-rll-breaks-the-spell-–-one-two-finish-for-the-bmw-m-hybrid-v8,,,skip,category 1
2026-09-21,IMSA Indianapolis: First overall victory for BMW M Team WRT with the BMW M Hybrid V8 in North America.,https://www.press.bmwgroup.com/usa/article/detail/T0460909EN_US/imsa-indianapolis:-first-overall-victory-for-bmw-m-team-wrt-with-the-bmw-m-hybrid-v8-in-north-america,,,skip,category 1
2025-09-22,IMSA Indianapolis: Impressive fightback of the BMW M Hybrid V8 goes unrewarded.,https://www.press.bmwgroup.com/usa/article/detail/T0452902EN_US/imsa-indianapolis:-impressive-fightback-of-the-bmw-m-hybrid-v8-goes-unrewarded,,,skip,category 1
2024-05-13,IMSA Laguna Seca: Podium for Turner Motorsport at milestone race – BMW M Team RLL faces issues.,https://www.press.bmwgroup.com/usa/article/detail/T0441997EN_US/imsa-laguna-seca:-podium-for-turner-motorsport-at-milestone-race-–-bmw-m-team-rll-faces-issues,,,skip,category 1
2024-04-21,IMSA Long Beach: Strong pace of the BMW M Hybrid V8 goes unrewarded – Turner Motorsport on the GTD podium.,https://www.press.bmwgroup.com/usa/article/detail/T0441320EN_US/imsa-long-beach:-strong-pace-of-the-bmw-m-hybrid-v8-goes-unrewarded-–-turner-motorsport-on-the-gtd-podium,,,skip,category 1
2024-10-14,IMSA Petit Le Mans: #24 BMW M Hybrid V8 narrowly misses the podium after last-minute drama – Endurance title in the GTD PRO class for Paul Miller Racing.,https://www.press.bmwgroup.com/usa/article/detail/T0445661EN_US/imsa-petit-le-mans:-24-bmw-m-hybrid-v8-narrowly-misses-the-podium-after-last-minute-drama-–-endurance-title-in-the-gtd-pro-class-for-paul-miller-racing,,,skip,category 1
2024-08-05,IMSA Road America: Class victory and podium for the BMW M4 GT3 – BMW M Team RLL in seventh place.,https://www.press.bmwgroup.com/usa/article/detail/T0444252EN_US/imsa-road-america:-class-victory-and-podium-for-the-bmw-m4-gt3-–-bmw-m-team-rll-in-seventh-place,,,skip,category 1
2026-08-03,IMSA Road America: Strong performance by the BMW M Hybrid V8 goes unrewarded.,https://www.press.bmwgroup.com/usa/article/detail/T0459870EN_US/imsa-road-america:-strong-performance-by-the-bmw-m-hybrid-v8-goes-unrewarded,,,skip,category 1
2025-10-13,IMSA Road Atlanta: Paul Miller Racing triumphs at Petit Le Mans – BMW M Team RLL unlucky in farewell.,https://www.press.bmwgroup.com/usa/article/detail/T0453293EN_US/imsa-road-atlanta:-paul-miller-racing-triumphs-at-petit-le-mans-–-bmw-m-team-rll-unlucky-in-farewell,,,skip,category 1
2024-06-24,IMSA Watkins Glen: Turbulent weekend ends with fifth and sixth places for BMW M Team RLL.,https://www.press.bmwgroup.com/usa/article/detail/T0443332EN_US/imsa-watkins-glen:-turbulent-weekend-ends-with-fifth-and-sixth-places-for-bmw-m-team-rll,,,skip,category 1
2020-05-15,IMSA iRacing Pro Series: Bruno Spengler and Philipp Eng reach the podium in the BMW M8 GTE.,https://www.press.bmwgroup.com/usa/article/detail/T0308527EN_US/imsa-iracing-pro-series:-bruno-spengler-and-philipp-eng-reach-the-podium-in-the-bmw-m8-gte,,,skip,category 1
2020-05-29,"IMSA iRacing Pro Series: Five BMW M8 GTEs reach top ten in Virginia – Bruno Spengler fifth, extends overall lead.",https://www.press.bmwgroup.com/usa/article/detail/T0309089EN_US/imsa-iracing-pro-series:-five-bmw-m8-gtes-reach-top-ten-in-virginia-–-bruno-spengler-fifth-extends-overall-lead,,,skip,category 1
2025-08-04,IMSA triumph! BMW M Team RLL celebrates 1-2 finish at Road America with the BMW M Hybrid V8.,https://www.press.bmwgroup.com/usa/article/detail/T0451742EN_US/imsa-triumph-bmw-m-team-rll-celebrates-1-2-finish-at-road-america-with-the-bmw-m-hybrid-v8,,,skip,category 1
2024-01-22,IMSA: BMW M Team RLL kicks off second GTP season - 13 BMW M works drivers to start at 24 Hours of Daytona.,https://www.press.bmwgroup.com/usa/article/detail/T0439231EN_US/imsa:-bmw-m-team-rll-kicks-off-second-gtp-season-13-bmw-m-works-drivers-to-start-at-24-hours-of-daytona,,,skip,category 1
2026-06-29,IMSA: BMW M Team WRT narrowly misses another podium – second place for Paul Miller Racing.,https://www.press.bmwgroup.com/usa/article/detail/T0458858EN_US/imsa:-bmw-m-team-wrt-narrowly-misses-another-podium-–-second-place-for-paul-miller-racing,,,skip,category 1
2026-05-04,IMSA: BMW M Team WRT on the podium at Laguna Seca.,https://www.press.bmwgroup.com/usa/article/detail/T0457569EN_US/imsa:-bmw-m-team-wrt-on-the-podium-at-laguna-seca,,,skip,category 1
2025-06-23,IMSA: BMW M4 GT3 EVO celebrates its first win of the season at the Six Hours of the Glen.,https://www.press.bmwgroup.com/usa/article/detail/T0450954EN_US/imsa:-bmw-m4-gt3-evo-celebrates-its-first-win-of-the-season-at-the-six-hours-of-the-glen,,,skip,category 1
2024-06-02,IMSA: Disappointing race for BMW M Team RLL on the Detroit street circuit.,https://www.press.bmwgroup.com/usa/article/detail/T0442741EN_US/imsa:-disappointing-race-for-bmw-m-team-rll-on-the-detroit-street-circuit,,,skip,category 1
2023-06-26,IMSA: Dramatic battle for the win ends with a second-place finish for the BMW M Hybrid V8 in Watkins Glen.,https://www.press.bmwgroup.com/usa/article/detail/T0422119EN_US/imsa:-dramatic-battle-for-the-win-ends-with-a-second-place-finish-for-the-bmw-m-hybrid-v8-in-watkins-glen,,,skip,category 1
2025-05-12,IMSA: Pole position and podium finish for the BMW M Hybrid V8 again at Laguna Seca.,https://www.press.bmwgroup.com/usa/article/detail/T0450078EN_US/imsa:-pole-position-and-podium-finish-for-the-bmw-m-hybrid-v8-again-at-laguna-seca,,,skip,category 1
2025-04-14,IMSA: Third pole position and first podium of the season for the BMW M Hybrid V8 in Long Beach.,https://www.press.bmwgroup.com/usa/article/detail/T0449579EN_US/imsa:-third-pole-position-and-first-podium-of-the-season-for-the-bmw-m-hybrid-v8-in-long-beach,,,skip,category 1
2025-06-02,IMSA: Top-5 result for the BMW M Hybrid V8 on the streets of Detroit.,https://www.press.bmwgroup.com/usa/article/detail/T0450534EN_US/imsa:-top-5-result-for-the-bmw-m-hybrid-v8-on-the-streets-of-detroit,,,skip,category 1
2024-10-03,IONNA Breaks Ground on first ‘Rechargery’ and Announces New CTO,https://www.press.bmwgroup.com/usa/article/detail/T0445393EN_US/ionna-breaks-ground-on-first-rechargery’-and-announces-new-cto,,,skip,category 1
2026-03-18,IONNA Celebrates Second Anniversary with Bold Moves and Promises Filled.,https://www.press.bmwgroup.com/usa/article/detail/T0456457EN_US/ionna-celebrates-second-anniversary-with-bold-moves-and-promises-filled,,,skip,category 1
2025-02-04,IONNA Enters National Release Phase.,https://www.press.bmwgroup.com/usa/article/detail/T0447888EN_US/ionna-enters-national-release-phase,,,skip,category 1
2026-04-14,IONNA Partners with Circle K to Scale High Power EV Charging Nationwide.,https://www.press.bmwgroup.com/usa/article/detail/T0457066EN_US/ionna-partners-with-circle-k-to-scale-high-power-ev-charging-nationwide,,,skip,category 1
2024-06-11,"IONNA Selects Durham, North Carolina as Headquarters and Announces New Executive Leadership Team.",https://www.press.bmwgroup.com/usa/article/detail/T0443043EN_US/ionna-selects-durham-north-carolina-as-headquarters-and-announces-new-executive-leadership-team,,,skip,category 1
2025-11-20,IONNA announces over $250 million planned investment in California EV infrastructure.,https://www.press.bmwgroup.com/usa/article/detail/T0454058EN_US/ionna-announces-over-250-million-planned-investment-in-california-ev-infrastructure,,,skip,category 1
2017-03-22,IT WAS 15 YEARS AGO TODAY...,https://www.press.bmwgroup.com/usa/article/detail/T0269026EN_US/it-was-15-years-ago-today,,,skip,category 1
2017-08-24,IT’S NOT YOU. IT’S ME.,https://www.press.bmwgroup.com/usa/article/detail/T0273867EN_US/it’s-not-you-it’s-me,,,skip,category 1
2013-02-25,In his element at the top of his game. A portrait of Marcus Syring.,https://www.press.bmwgroup.com/usa/article/detail/T0137255EN_US/in-his-element-at-the-top-of-his-game-a-portrait-of-marcus-syring,,,skip,category 1
2020-09-02,In the tracks of a legend: with the MINI John Cooper Works in Monaco.,https://www.press.bmwgroup.com/usa/article/detail/T0315645EN_US/in-the-tracks-of-a-legend:-with-the-mini-john-cooper-works-in-monaco,,,skip,category 1
2014-05-07,In tune with nature – and with the BMW i design idiom: BMW Group DesignworksUSA develops a solar carport concept. Premium product for private solar-powered electricity generation – Green energy supply gives a further boost to vehicle life cycle assessment – Another building block in the holistic sustainability concept – World premiere to mark the BMW i8 presentation in Los Angeles.,https://www.press.bmwgroup.com/usa/article/detail/T0179442EN_US/in-tune-with-nature-–-and-with-the-bmw-i-design-idiom:-bmw-group-designworksusa-develops-a-solar-carport-concept-premium-product-for-private-solar-powered-electricity-generation-–-green-energy-supply-gives-a-further-boost-to-vehicle-life-cycle-assessment-–-another-building-block-in-the-holistic-sustainability-concept-–-world-premiere-to-mark-the-bmw-i8-presentation-in-los-angeles,,,skip,category 1
2021-12-17,"Inaugural Class of Fort Bragg BMW MSTEP Program, Taught by UTI, Celebrates Their Graduation and Prepares for New Civilian Careers as BMW Technicians.",https://www.press.bmwgroup.com/usa/article/detail/T0362935EN_US/inaugural-class-of-fort-bragg-bmw-mstep-program-taught-by-uti-celebrates-their-graduation-and-prepares-for-new-civilian-careers-as-bmw-technicians,,,skip,category 1
2025-10-20,Indianapolis 8 Hour: Kelvin van der Linde wins the IGTC Drivars’ Title – BMW M Motorsport secures Manufacturers’ Championship.,https://www.press.bmwgroup.com/usa/article/detail/T0453452EN_US/indianapolis-8-hour:-kelvin-van-der-linde-wins-the-igtc-drivars’-title-–-bmw-m-motorsport-secures-manufacturers’-championship,,,skip,category 1
2021-04-21,Individual style and performance reloaded: The MINI John Cooper Works and the  MINI John Cooper Works Convertible.,https://www.press.bmwgroup.com/usa/article/detail/T0330454EN_US/individual-style-and-performance-reloaded:-the-mini-john-cooper-works-and-the-mini-john-cooper-works-convertible,,,skip,category 1
2020-12-10,Industrial-scale 3D printing continues to advance at BMW Group,https://www.press.bmwgroup.com/usa/article/detail/T0322288EN_US/industrial-scale-3d-printing-continues-to-advance-at-bmw-group,,,skip,category 1
2021-04-28,Innovative ideas for more sustainability: BMW Group invites startups worldwide to collaborate,https://www.press.bmwgroup.com/usa/article/detail/T0331149EN_US/innovative-ideas-for-more-sustainability:-bmw-group-invites-startups-worldwide-to-collaborate,,,skip,category 1
2013-09-30,Innovative technology for typical MINI MOTORING pleasure,https://www.press.bmwgroup.com/usa/article/detail/T0147484EN_US/innovative-technology-for-typical-mini-motoring-pleasure,,,skip,category 2
2016-08-08,Intercontinental Hotel Group and IHG Rewards Club Join BMWUSA Classic as Supporting Partner,https://www.press.bmwgroup.com/usa/article/detail/T0262797EN_US/intercontinental-hotel-group-and-ihg-rewards-club-join-bmwusa-classic-as-supporting-partner,,,skip,category 1
2018-01-25,Interview with Jens Marquardt on the development of the new BMW M8 GTE: “The special team spirit will definitely stay with us for a long time”.,https://www.press.bmwgroup.com/usa/article/detail/T0278250EN_US/interview-with-jens-marquardt-on-the-development-of-the-new-bmw-m8-gte:-“the-special-team-spirit-will-definitely-stay-with-us-for-a-long-time”,,,skip,category 1
2021-01-15,"Interview with Pieter Nota, Member of the Board of Management of BMW AG, Customer, Brands, Sales, about realigning sales and marketing to create industry’s best customer experience",https://www.press.bmwgroup.com/usa/article/detail/T0324370EN_US/interview-with-pieter-nota-member-of-the-board-of-management-of-bmw-ag-customer-brands-sales-about-realigning-sales-and-marketing-to-create-industry’s-best-customer-experience,,,skip,category 1
2020-03-04,Introducing BMW’s new brand design for online and offline communication.,https://www.press.bmwgroup.com/usa/article/detail/T0306330EN_US/introducing-bmw’s-new-brand-design-for-online-and-offline-communication,,,skip,category 1
2012-12-12,Introducing the All-New BMW M6 Gran Coupe.,https://www.press.bmwgroup.com/usa/article/detail/T0135219EN_US/introducing-the-all-new-bmw-m6-gran-coupe,,,skip,category 2
2016-10-25,"Introducing the Biggest, Most Adventurous MINI Yet: The New MINI Countryman",https://www.press.bmwgroup.com/usa/article/detail/T0265226EN_US/introducing-the-biggest-most-adventurous-mini-yet:-the-new-mini-countryman,,,skip,category 2
2015-12-02,"Introducing the MINI Carbon Edition: The fastest, loudest, and most powerful MINI Hardtop 4 Door",https://www.press.bmwgroup.com/usa/article/detail/T0245723EN_US/introducing-the-mini-carbon-edition:-the-fastest-loudest-and-most-powerful-mini-hardtop-4-door,,,skip,category 1
2013-11-18,"Introducing the new mini, the new original",https://www.press.bmwgroup.com/usa/article/detail/T0157784EN_US/introducing-the-new-mini-the-new-original,,,skip,category 2
2024-01-19,January 1964: Historic victory for the classic Mini at the Monte Carlo Rally.,https://www.press.bmwgroup.com/usa/article/detail/T0439179EN_US/january-1964:-historic-victory-for-the-classic-mini-at-the-monte-carlo-rally,,,skip,category 1
2013-12-05,Jeff Koons Presented US Debut of his BMW Art Car at Art Basel in Miami Beach.,https://www.press.bmwgroup.com/usa/article/detail/T0159824EN_US/jeff-koons-presented-us-debut-of-his-bmw-art-car-at-art-basel-in-miami-beach,,,skip,category 1
2013-11-26,Jeff Koons’ BMW Art Car celebrates North American premiere,https://www.press.bmwgroup.com/usa/article/detail/T0157984EN_US/jeff-koons’-bmw-art-car-celebrates-north-american-premiere,,,skip,category 1
2017-05-05,John Edwards Scores GTLM Pole Position at COTA in No. 24 BMW M6 GTLM; Alexander Sims to Start P3 in No. 25 M6.,https://www.press.bmwgroup.com/usa/article/detail/T0270462EN_US/john-edwards-scores-gtlm-pole-position-at-cota-in-no-24-bmw-m6-gtlm;-alexander-sims-to-start-p3-in-no-25-m6,,,skip,category 1
2019-05-14,"Join BMW Motorrad At The MOTUL FIM Superbike World Championship GEICO Motorcycle U.S. Round, MotoAmerica Championship of Monterey",https://www.press.bmwgroup.com/usa/article/detail/T0295802EN_US/join-bmw-motorrad-at-the-motul-fim-superbike-world-championship-geico-motorcycle-u-s-round-motoamerica-championship-of-monterey,,,skip,category 1
2024-05-21,Julie Mehretu’s BMW Art Car Celebrates its World Premiere at the Centre Pompidou in Paris.,https://www.press.bmwgroup.com/usa/article/detail/T0442226EN_US/julie-mehretu’s-bmw-art-car-celebrates-its-world-premiere-at-the-centre-pompidou-in-paris,,,skip,category 1
2012-11-19,Kitted out for big adventures: The X-raid Team and the MINI Countryman with off-road design.,https://www.press.bmwgroup.com/usa/article/detail/T0134491EN_US/kitted-out-for-big-adventures:-the-x-raid-team-and-the-mini-countryman-with-off-road-design,,,skip,category 1
2014-06-24,"Kyle Arrington of the New England Patriots and Alan Anderson of the Brookyn Nets Attend BMW’s Ultimate Driving Experience at Gillette Stadium in Boston, MA.",https://www.press.bmwgroup.com/usa/article/detail/T0184927EN_US/kyle-arrington-of-the-new-england-patriots-and-alan-anderson-of-the-brookyn-nets-attend-bmw’s-ultimate-driving-experience-at-gillette-stadium-in-boston-ma,,,skip,category 1
2020-04-21,LEADING SMART CITIES ACCELERATOR URBAN-X BY MINI - GRADUATES SEVENTH STARTUP COHORT IN FIRST-EVER ONLINE DEMO DAY,https://www.press.bmwgroup.com/usa/article/detail/T0307727EN_US/leading-smart-cities-accelerator-urban-x-by-mini-graduates-seventh-startup-cohort-in-first-ever-online-demo-day,,,skip,category 1
2020-06-22,"LEADING URBANTECH ACCELERATOR URBAN-X BY MINI REVEALS EIGHTH STARTUP COHORT, LAUNCHES FIRST-EVER FULLY REMOTE PROGRAM",https://www.press.bmwgroup.com/usa/article/detail/T0309822EN_US/leading-urbantech-accelerator-urban-x-by-mini-reveals-eighth-startup-cohort-launches-first-ever-fully-remote-program,,,skip,category 1
2019-06-06,LEADING URBANTECH STARTUP ACCELERATOR - URBAN-X BY MINI AND URBAN US - LAUNCHES SIXTH COHORT,https://www.press.bmwgroup.com/usa/article/detail/T0296841EN_US/leading-urbantech-startup-accelerator-urban-x-by-mini-and-urban-us-launches-sixth-cohort,,,skip,category 1
2021-11-13,LMDh and IMSA GTD Pro: BMW Team RLL will continue to race for BMW M Motorsport in North America.,https://www.press.bmwgroup.com/usa/article/detail/T0358232EN_US/lmdh-and-imsa-gtd-pro:-bmw-team-rll-will-continue-to-race-for-bmw-m-motorsport-in-north-america,,,skip,category 1
2020-04-03,Large BMW Motorsport contingent in sim racing – Jens Marquardt: “A great addition to our motorsport involvement”.,https://www.press.bmwgroup.com/usa/article/detail/T0307307EN_US/large-bmw-motorsport-contingent-in-sim-racing-–-jens-marquardt:-“a-great-addition-to-our-motorsport-involvement”,,,skip,category 1
2021-09-14,Largest MINI Cooper SE fleet in Europe: One in four Deloitte employees chooses a MINI Electric.,https://www.press.bmwgroup.com/usa/article/detail/T0343592EN_US/largest-mini-cooper-se-fleet-in-europe:-one-in-four-deloitte-employees-chooses-a-mini-electric,,,skip,category 1
2016-10-28,Leadership Change at BMW’s South Carolina Plant.,https://www.press.bmwgroup.com/usa/article/detail/T0265380EN_US/leadership-change-at-bmw’s-south-carolina-plant,,,skip,category 1
2013-02-17,"Leap, land, lap up the plaudits: MINI shows snowboarders how it’s done with the perfect backflip.",https://www.press.bmwgroup.com/usa/article/detail/T0137143EN_US/leap-land-lap-up-the-plaudits:-mini-shows-snowboarders-how-it’s-done-with-the-perfect-backflip,,,skip,category 1
2020-05-14,"Learning from crises, mastering challenges.",https://www.press.bmwgroup.com/usa/article/detail/T0308480EN_US/learning-from-crises-mastering-challenges,,,skip,category 1
2015-06-19,Legends Parade at the Austrian Grand Prix: BMW Group Classic brings the Brabham BMW BT52 back to the race track.,https://www.press.bmwgroup.com/usa/article/detail/T0222943EN_US/legends-parade-at-the-austrian-grand-prix:-bmw-group-classic-brings-the-brabham-bmw-bt52-back-to-the-race-track,,,skip,category 1
2023-11-10,Leipzig loves MINI: BMW Group Plant Leipzig celebrates production launch of MINI Countryman,https://www.press.bmwgroup.com/usa/article/detail/T0438317EN_US/leipzig-loves-mini:-bmw-group-plant-leipzig-celebrates-production-launch-of-mini-countryman,,,skip,category 1
2022-08-31,Life is colourful: The new MINI Multitone Edition celebrates the diverse MINI community,https://www.press.bmwgroup.com/usa/article/detail/T0403325EN_US/life-is-colourful:-the-new-mini-multitone-edition-celebrates-the-diverse-mini-community,,,skip,category 1
2023-03-16,Lightning Bolt USA Custom Motorcycle Building Challenge presented by BMW Motorrad and by House of Machines NYC.,https://www.press.bmwgroup.com/usa/article/detail/T0411198EN_US/lightning-bolt-usa-custom-motorcycle-building-challenge-presented-by-bmw-motorrad-and-by-house-of-machines-nyc,,,skip,category 1
2014-03-26,"Live Stream Advisory & Link for Friday, March 28th: BMW Group expands its Commitment in the USA",https://www.press.bmwgroup.com/usa/article/detail/T0174307EN_US/live-stream-advisory-link-for-friday-march-28th:-bmw-group-expands-its-commitment-in-the-usa,,,skip,category 1
2017-06-22,"Livestream ""Built in the US: The All-New BMW X3"" Spartanburg, USA.",https://www.press.bmwgroup.com/usa/article/detail/T0271990EN_US/livestream-built-in-the-us:-the-all-new-bmw-x3-spartanburg-usa,,,skip,category 1
2023-10-16,Local for local: BMW Group relies on regional supply chain to expand e-mobility in North America,https://www.press.bmwgroup.com/usa/article/detail/T0437744EN_US/local-for-local:-bmw-group-relies-on-regional-supply-chain-to-expand-e-mobility-in-north-america,,,skip,category 1
2015-09-15,Lone Star Le Mans at Circuit Of The Americas Preview.,https://www.press.bmwgroup.com/usa/article/detail/T0234204EN_US/lone-star-le-mans-at-circuit-of-the-americas-preview,,,skip,category 1
2013-06-01,Lonely Planet teams up with MINI for start of a 40th anniversary epic adventure.,https://www.press.bmwgroup.com/usa/article/detail/T0142473EN_US/lonely-planet-teams-up-with-mini-for-start-of-a-40th-anniversary-epic-adventure,,,skip,category 1
2024-07-11,"Long Beach BMW Motorcycles Delivers 2,000th Authority Motorcycle.",https://www.press.bmwgroup.com/usa/article/detail/T0443752EN_US/long-beach-bmw-motorcycles-delivers-2-000th-authority-motorcycle,,,skip,category 1
2013-04-16,Long Beach Next for BMW Team RLL Z4 GTE Debut Season,https://www.press.bmwgroup.com/usa/article/detail/T0140112EN_US/long-beach-next-for-bmw-team-rll-z4-gte-debut-season,,,skip,category 1
2014-02-27,Louis Vuitton creates tailor-made luggage for the BMW i8. Forward-looking travel bags for progressive driving made from carbon fibre.,https://www.press.bmwgroup.com/usa/article/detail/T0169566EN_US/louis-vuitton-creates-tailor-made-luggage-for-the-bmw-i8-forward-looking-travel-bags-for-progressive-driving-made-from-carbon-fibre,,,skip,category 1
2026-03-02,M Performance Track Kit for the BMW M2: Road-legal with even sharper track performance.,https://www.press.bmwgroup.com/usa/article/detail/T0455880EN_US/m-performance-track-kit-for-the-bmw-m2:-road-legal-with-even-sharper-track-performance,,,skip,category 1
2019-04-12,"MAJORITY OF CONSUMERS ZEROING IN ON EXACTLY HOW THEY WANT TO USE AN ELECTRIC CAR, NEW SURVEY FROM MINI USA FINDS",https://www.press.bmwgroup.com/usa/article/detail/T0294695EN_US/majority-of-consumers-zeroing-in-on-exactly-how-they-want-to-use-an-electric-car-new-survey-from-mini-usa-finds,,,skip,category 1
2023-02-09,MANUAL TRANSMISSIONS ARE FUN TO DRIVE AND STILL “IN” WITH MOST CONSUMERS – MINI USA SURVEY REVEALS HIGH INTEREST.,https://www.press.bmwgroup.com/usa/article/detail/T0408665EN_US/manual-transmissions-are-fun-to-drive-and-still-“in”-with-most-consumers-–-mini-usa-survey-reveals-high-interest,,,skip,category 1
2020-04-03,"MEDIA ALERT - Virtual World Premier of BMW R 18 – Friday, April 3, 2:00 PM EDT",https://www.press.bmwgroup.com/usa/article/detail/T0307305EN_US/media-alert-virtual-world-premier-of-bmw-r-18-–-friday-april-3-2:00-pm-edt,,,skip,category 1
2019-01-04,MEDIA ALERT: BMW GROUP U.S. CORPORATE COMMUNICATIONS CHANGES,https://www.press.bmwgroup.com/usa/article/detail/T0289406EN_US/media-alert:-bmw-group-u-s-corporate-communications-changes,,,skip,category 1
2016-01-27,MEDIA ALERT: MINI USA MAKES ITS FIRST APPEARANCE AT BARRETT-JACKSON COLLECTOR CAR AUCTIONS,https://www.press.bmwgroup.com/usa/article/detail/T0252482EN_US/media-alert:-mini-usa-makes-its-first-appearance-at-barrett-jackson-collector-car-auctions,,,skip,category 1
2020-11-11,MINI - Urban Green Car of the Year,https://www.press.bmwgroup.com/usa/article/detail/T0320511EN_US/mini-urban-green-car-of-the-year,,,skip,category 1
2026-02-25,MINI 1965 Victory Edition: A Motorsport Legend for the Present Day.,https://www.press.bmwgroup.com/usa/article/detail/T0455809EN_US/mini-1965-victory-edition:-a-motorsport-legend-for-the-present-day,,,skip,category 1
2025-11-07,MINI ADDS VALUE-DRIVEN OXFORD EDITION COUNTRYMAN S ALL4 TO THE LINEUP,https://www.press.bmwgroup.com/usa/article/detail/T0453861EN_US/mini-adds-value-driven-oxford-edition-countryman-s-all4-to-the-lineup,,,skip,category 1
2016-04-25,MINI AND HAX ANNOUNCE COMPANIES IN FIRST COHORT FOR URBAN-X STARTUP ACCELERATOR,https://www.press.bmwgroup.com/usa/article/detail/T0259425EN_US/mini-and-hax-announce-companies-in-first-cohort-for-urban-x-startup-accelerator,,,skip,category 1
2016-01-15,MINI AND HAX JOIN FORCES TO INVEST IN THE FUTURE OF CITIES,https://www.press.bmwgroup.com/usa/article/detail/T0251447EN_US/mini-and-hax-join-forces-to-invest-in-the-future-of-cities,,,skip,category 1
2012-07-18,MINI AND PUMA SEAL A MULTI-YEAR LICENSE PARTNERSHIP.,https://www.press.bmwgroup.com/usa/article/detail/T0128550EN_US/mini-and-puma-seal-a-multi-year-license-partnership,,,skip,category 1
2012-07-09,MINI ANNOUNCES FURTHER £250M INVESTMENT IN UK MANUFACTURING,https://www.press.bmwgroup.com/usa/article/detail/T0128391EN_US/mini-announces-further-£250m-investment-in-uk-manufacturing,,,skip,category 1
2022-03-08,"MINI ANNOUNCES NEW PAT MOSS EDITION, CELEBRATES PIONEERING WOMAN MOTORSPORT COMPETITOR.",https://www.press.bmwgroup.com/usa/article/detail/T0372214EN_US/mini-announces-new-pat-moss-edition-celebrates-pioneering-woman-motorsport-competitor,,,skip,category 1
2015-04-10,MINI Augmented Vision: A revolutionary display concept offering enhanced comfort and safety. Exclusive prototype of augmented reality eyewear underlines the innovative flair and creativity of the MINI brand.,https://www.press.bmwgroup.com/usa/article/detail/T0212065EN_US/mini-augmented-vision:-a-revolutionary-display-concept-offering-enhanced-comfort-and-safety-exclusive-prototype-of-augmented-reality-eyewear-underlines-the-innovative-flair-and-creativity-of-the-mini-brand,,,skip,category 1
2015-01-12,MINI BRINGS MOTORSPORTS HERITAGE TO DETROIT FOR JOHN COOPER WORKS HARDTOP WORLD PREMIERE,https://www.press.bmwgroup.com/usa/article/detail/T0200046EN_US/mini-brings-motorsports-heritage-to-detroit-for-john-cooper-works-hardtop-world-premiere,,,skip,category 1
2012-11-08,"MINI BY PUMA: SMART TRAVEL COMPANIONS. MODERN DESIGN MEETS FUNCTIONALITY IN A SPORTY, URBAN COLLECTION.",https://www.press.bmwgroup.com/usa/article/detail/T0134219EN_US/mini-by-puma:-smart-travel-companions-modern-design-meets-functionality-in-a-sporty-urban-collection,,,skip,category 1
2026-03-20,"MINI CELEBRATES 25 YEARS OF THE MODERN MINI BRAND, WITH 24 YEARS IN AMERICA, SURPASSING 1 MILLION U.S. SALES.*",https://www.press.bmwgroup.com/usa/article/detail/T0456487EN_US/mini-celebrates-25-years-of-the-modern-mini-brand-with-24-years-in-america-surpassing-1-million-u-s-sales,,,skip,category 1
2013-04-02,"MINI CELEBRATES 500,000 VEHICLES SOLD IN AMERICA",https://www.press.bmwgroup.com/usa/article/detail/T0139171EN_US/mini-celebrates-500-000-vehicles-sold-in-america,,,skip,category 1
2021-10-05,MINI CELEBRATES 60 YEARS AT THE RACETRACK WITH LAUNCH OF NEW ANNIVERSARY EDITION.,https://www.press.bmwgroup.com/usa/article/detail/T0347432EN_US/mini-celebrates-60-years-at-the-racetrack-with-launch-of-new-anniversary-edition,,,skip,category 1
2019-08-26,MINI CELEBRATES 60 YEARS IN STYLE,https://www.press.bmwgroup.com/usa/article/detail/T0300156EN_US/mini-celebrates-60-years-in-style,,,skip,category 1
2012-10-19,MINI CELEBRATES MOTOR-TOBER: MOTORING ON THE CHARLES RIVER,https://www.press.bmwgroup.com/usa/article/detail/T0133691EN_US/mini-celebrates-motor-tober:-motoring-on-the-charles-river,,,skip,category 1
2016-03-22,MINI CLUBMAN ALL4 AND JOHN COOPER WORKS CONVERTIBLE MAKE WORLD PREMIERES AT NEW YORK INTERNATIONAL AUTO SHOW,https://www.press.bmwgroup.com/usa/article/detail/T0258464EN_US/mini-clubman-all4-and-john-cooper-works-convertible-make-world-premieres-at-new-york-international-auto-show,,,skip,category 1
2013-03-27,MINI CONNECTED APPS PORTFOLIO CONTINUES TO EXPAND.,https://www.press.bmwgroup.com/usa/article/detail/T0138719EN_US/mini-connected-apps-portfolio-continues-to-expand,,,skip,category 1
2013-05-08,MINI CONVERTIBLE BOAT TO JOIN DAD VAIL REGATTA,https://www.press.bmwgroup.com/usa/article/detail/T0141556EN_US/mini-convertible-boat-to-join-dad-vail-regatta,,,skip,category 1
2017-08-01,MINI COUNTRYMAN EARNS TOP SAFETY PICK AWARD BY THE INSURANCE INSTITUTE FOR HIGHWAY SAFETY,https://www.press.bmwgroup.com/usa/article/detail/T0273368EN_US/mini-countryman-earns-top-safety-pick-award-by-the-insurance-institute-for-highway-safety,,,skip,category 1
2020-10-23,MINI Cooper 1499GT and Countryman Oxford Edition Special Editions,https://www.press.bmwgroup.com/usa/article/detail/T0319392EN_US/mini-cooper-1499gt-and-countryman-oxford-edition-special-editions,,,skip,category 1
2016-02-01,MINI DECLARES DEFIANCE IN STAR-STUDDED GAME DAY AD,https://www.press.bmwgroup.com/usa/article/detail/T0253202EN_US/mini-declares-defiance-in-star-studded-game-day-ad,,,skip,category 1
2020-10-08,MINI Driving Experience - East Coast,https://www.press.bmwgroup.com/usa/article/detail/T0318417EN_US/mini-driving-experience-east-coast,,,skip,category 1
2021-07-08,"MINI ELECTRIC PACESETTER MAKES U.S. DEBUT AT FIA FORMULA E RACE WEEKEND IN BROOKLYN, NEW YORK.",https://www.press.bmwgroup.com/usa/article/detail/T0337650EN_US/mini-electric-pacesetter-makes-u-s-debut-at-fia-formula-e-race-weekend-in-brooklyn-new-york,,,skip,category 1
2021-04-09,"MINI ELECTRIC PACESETTER THE OFFICIAL FIA FORMULA E SAFETY CAR. TRACK DEBUT AT RACE WEEKEND IN ROME, APRIL 10-11.",https://www.press.bmwgroup.com/usa/article/detail/T0329429EN_US/mini-electric-pacesetter-the-official-fia-formula-e-safety-car-track-debut-at-race-weekend-in-rome-april-10-11,,,skip,category 1
2017-12-26,MINI ENHANCES PERSONALIZATION OPTIONS WITH MINI YOURS CUSTOMISED,https://www.press.bmwgroup.com/usa/article/detail/T0277451EN_US/mini-enhances-personalization-options-with-mini-yours-customised,,,skip,category 1
2013-02-27,MINI Extends Global Partnership with Burton Snowboards for Three More Years.,https://www.press.bmwgroup.com/usa/article/detail/T0137309EN_US/mini-extends-global-partnership-with-burton-snowboards-for-three-more-years,,,skip,category 1
2013-05-02,MINI FINANCIAL SERVICES FOCUSES ON DISTRACTED DRIVING WHILE BLENDING SAFETY WITH FUN FOR HILLIARD-AREA HIGH SCHOOL TEENS,https://www.press.bmwgroup.com/usa/article/detail/T0141182EN_US/mini-financial-services-focuses-on-distracted-driving-while-blending-safety-with-fun-for-hilliard-area-high-school-teens,,,skip,category 1
2025-08-18,MINI FINANCIAL SERVICES LAUNCHES “MINI EASYOWN”,https://www.press.bmwgroup.com/usa/article/detail/T0451980EN_US/mini-financial-services-launches-“mini-easyown”,,,skip,category 1
2012-11-06,MINI GOES TO SANTA CLAUS.,https://www.press.bmwgroup.com/usa/article/detail/T0134167EN_US/mini-goes-to-santa-claus,,,skip,category 1
2018-06-11,MINI HARDTOP 2 DOOR EARNS TOP SAFETY PICK AWARD BY THE INSURANCE INSTITUTE FOR HIGHWAY SAFETY,https://www.press.bmwgroup.com/usa/article/detail/T0282022EN_US/mini-hardtop-2-door-earns-top-safety-pick-award-by-the-insurance-institute-for-highway-safety,,,skip,category 1
2015-03-04,MINI HEADS TO VAIL ONCE AGAIN FOR THE BURTON US OPEN,https://www.press.bmwgroup.com/usa/article/detail/T0206762EN_US/mini-heads-to-vail-once-again-for-the-burton-us-open,,,skip,category 1
2019-10-24,MINI JCW Team Claims TC America Manufacturers’ Championship,https://www.press.bmwgroup.com/usa/article/detail/T0302086EN_US/mini-jcw-team-claims-tc-america-manufacturers’-championship,,,skip,category 1
2017-10-10,MINI JCW Team Closes Out Second Full Season in the Street Tuner Class of the Continental Tire SportsCar Challenge Series,https://www.press.bmwgroup.com/usa/article/detail/T0275009EN_US/mini-jcw-team-closes-out-second-full-season-in-the-street-tuner-class-of-the-continental-tire-sportscar-challenge-series,,,skip,category 1
2019-07-17,MINI JCW Team Dishes Out One-Two Punch During Portland Leg of SRO TC America Race Series,https://www.press.bmwgroup.com/usa/article/detail/T0298867EN_US/mini-jcw-team-dishes-out-one-two-punch-during-portland-leg-of-sro-tc-america-race-series,,,skip,category 1
2018-05-09,MINI JCW Team Finishes 1 - 2 in the Street Tuner Class of the Continental Tire SportsCar Challenge Series at Mid-Ohio,https://www.press.bmwgroup.com/usa/article/detail/T0280956EN_US/mini-jcw-team-finishes-1-2-in-the-street-tuner-class-of-the-continental-tire-sportscar-challenge-series-at-mid-ohio,,,skip,category 1
2018-03-16,MINI JCW Team Finishes 1 - 2 in the Street Tuner Class of the Continental Tire SportsCar Challenge Series at Sebring,https://www.press.bmwgroup.com/usa/article/detail/T0279284EN_US/mini-jcw-team-finishes-1-2-in-the-street-tuner-class-of-the-continental-tire-sportscar-challenge-series-at-sebring,,,skip,category 1
2018-09-07,"MINI JCW Team Focuses On Fight to the Finish, Street Fight For Street Tuner Manufacturer's Title in Final Two Races",https://www.press.bmwgroup.com/usa/article/detail/T0284775EN_US/mini-jcw-team-focuses-on-fight-to-the-finish-street-fight-for-street-tuner-manufacturer-s-title-in-final-two-races,,,skip,category 1
2018-10-04,MINI JCW Team Owner Luis Perocarpi to Drive #52 for Final Street Tuner Race in Continental Tire SportsCar Challenge Series,https://www.press.bmwgroup.com/usa/article/detail/T0285673EN_US/mini-jcw-team-owner-luis-perocarpi-to-drive-52-for-final-street-tuner-race-in-continental-tire-sportscar-challenge-series,,,skip,category 1
2018-01-24,MINI JCW Team Revs Up for Fourth Full Season in the Continental Tire SportsCar Challenge Series,https://www.press.bmwgroup.com/usa/article/detail/T0278243EN_US/mini-jcw-team-revs-up-for-fourth-full-season-in-the-continental-tire-sportscar-challenge-series,,,skip,category 1
2017-07-21,MINI JCW Team Revs Up for Lime Rock after Two Consecutive Commanding Performances at Watkins Glen and Mosport,https://www.press.bmwgroup.com/usa/article/detail/T0272982EN_US/mini-jcw-team-revs-up-for-lime-rock-after-two-consecutive-commanding-performances-at-watkins-glen-and-mosport,,,skip,category 1
2018-10-13,MINI JCW Team Takes the Manufacturers’ Championship in the Street Tuner Race of the Continental Tire SportsCar Challenge Series,https://www.press.bmwgroup.com/usa/article/detail/T0285891EN_US/mini-jcw-team-takes-the-manufacturers’-championship-in-the-street-tuner-race-of-the-continental-tire-sportscar-challenge-series,,,skip,category 1
2017-01-28,MINI JCW Team Wins Their First IMSA Continental Tire SportsCar Challenge Series Race,https://www.press.bmwgroup.com/usa/article/detail/T0267595EN_US/mini-jcw-team-wins-their-first-imsa-continental-tire-sportscar-challenge-series-race,,,skip,category 1
2021-04-30,MINI John Cooper Works Team Debuts Touring Car at Circuit of the Americas,https://www.press.bmwgroup.com/usa/article/detail/T0331412EN_US/mini-john-cooper-works-team-debuts-touring-car-at-circuit-of-the-americas,,,skip,category 1
2021-09-02,MINI John Cooper Works Team Lands Podium Finish at Road America.,https://www.press.bmwgroup.com/usa/article/detail/T0341646EN_US/mini-john-cooper-works-team-lands-podium-finish-at-road-america,,,skip,category 1
2020-10-01,MINI John Cooper Works Team Looking for a Strong Finish to the SRO TC America Season at Indianapolis Motor Speedway,https://www.press.bmwgroup.com/usa/article/detail/T0318083EN_US/mini-john-cooper-works-team-looking-for-a-strong-finish-to-the-sro-tc-america-season-at-indianapolis-motor-speedway,,,skip,category 1
2021-06-04,MINI John Cooper Works Team Ready to Put New Touring Car Back on Track at Virginia International Raceway.,https://www.press.bmwgroup.com/usa/article/detail/T0334569EN_US/mini-john-cooper-works-team-ready-to-put-new-touring-car-back-on-track-at-virginia-international-raceway,,,skip,category 1
2020-08-28,MINI John Cooper Works Team Ready to Roll at Road America,https://www.press.bmwgroup.com/usa/article/detail/T0315227EN_US/mini-john-cooper-works-team-ready-to-roll-at-road-america,,,skip,category 1
2020-09-18,MINI John Cooper Works Team Returns to Circuit of Americas,https://www.press.bmwgroup.com/usa/article/detail/T0317305EN_US/mini-john-cooper-works-team-returns-to-circuit-of-americas,,,skip,category 1
2020-07-10,MINI John Cooper Works Team Returns to Racing After Strong Season Opener,https://www.press.bmwgroup.com/usa/article/detail/T0311020EN_US/mini-john-cooper-works-team-returns-to-racing-after-strong-season-opener,,,skip,category 1
2021-08-26,MINI John Cooper Works Team Returns to Road America.,https://www.press.bmwgroup.com/usa/article/detail/T0340572EN_US/mini-john-cooper-works-team-returns-to-road-america,,,skip,category 1
2021-09-16,MINI John Cooper Works Team Returns to Watkins Glen.,https://www.press.bmwgroup.com/usa/article/detail/T0343952EN_US/mini-john-cooper-works-team-returns-to-watkins-glen,,,skip,category 1
2020-08-12,MINI John Cooper Works Team Takes Five Podium Spots at Sonoma,https://www.press.bmwgroup.com/usa/article/detail/T0313675EN_US/mini-john-cooper-works-team-takes-five-podium-spots-at-sonoma,,,skip,category 1
2019-09-05,MINI John Cooper Works Team Takes Two Wins at Watkins Glen,https://www.press.bmwgroup.com/usa/article/detail/T0300503EN_US/mini-john-cooper-works-team-takes-two-wins-at-watkins-glen,,,skip,category 1
2023-05-05,"MINI John Cooper Works with 6-speed manual transmission from Bulldog Racing will compete in the 51st edition of the 24-hour race at the Nürburgring, driven by Charlie Cooper (GBR).",https://www.press.bmwgroup.com/usa/article/detail/T0415479EN_US/mini-john-cooper-works-with-6-speed-manual-transmission-from-bulldog-racing-will-compete-in-the-51st-edition-of-the-24-hour-race-at-the-nuerburgring-driven-by-charlie-cooper-gbr,,,skip,category 1
2025-09-30,"MINI LAUNCHES CHARGEFORWARD PROGRAM, BUILDING ON BMW GROUP’S ELECTRIFICATION SUCCESS",https://www.press.bmwgroup.com/usa/article/detail/T0453082EN_US/mini-launches-chargeforward-program-building-on-bmw-group’s-electrification-success,,,skip,category 1
2017-10-05,MINI LIVING URBAN CABIN EXHIBIT OPENS AT A/D/O,https://www.press.bmwgroup.com/usa/article/detail/T0274936EN_US/mini-living-urban-cabin-exhibit-opens-at-a/d/o,,,skip,category 1
2018-06-07,MINI LIVING Urban Cabin: a micro-apartment concept travels the world.,https://www.press.bmwgroup.com/usa/article/detail/T0281933EN_US/mini-living-urban-cabin:-a-micro-apartment-concept-travels-the-world,,,skip,category 1
2018-04-16,MINI LIVING – BUILT BY ALL. MINI presents visionary living concept at Milan Design Week.,https://www.press.bmwgroup.com/usa/article/detail/T0280238EN_US/mini-living-–-built-by-all-mini-presents-visionary-living-concept-at-milan-design-week,,,skip,category 1
2014-11-19,MINI LOOKS TO FUTURE AS IT REDEFINES PREMIUM SMALL CAR MARKET WITH NORTH AMERICA PREMIERE OF MINI HARDTOP 4 DOOR AT LOS ANGELES INTERNATIONAL AUTO SHOW,https://www.press.bmwgroup.com/usa/article/detail/T0196623EN_US/mini-looks-to-future-as-it-redefines-premium-small-car-market-with-north-america-premiere-of-mini-hardtop-4-door-at-los-angeles-international-auto-show,,,skip,category 1
2021-12-14,MINI MOTORSPORT HERITAGE AND MODERN-DAY SUCCESS FEATURED IN NEW MOTORTREND DOCUMENTARY.,https://www.press.bmwgroup.com/usa/article/detail/T0362753EN_US/mini-motorsport-heritage-and-modern-day-success-featured-in-new-motortrend-documentary,,,skip,category 1
2021-10-06,MINI MOTORSPORTS HERITAGE SHOWS UNDERDOG SPIRIT AND DOMINANCE OVER BUSY RACE WEEKEND.,https://www.press.bmwgroup.com/usa/article/detail/T0348172EN_US/mini-motorsports-heritage-shows-underdog-spirit-and-dominance-over-busy-race-weekend,,,skip,category 1
2015-03-19,MINI ON THE MACK IS BACK FOR A SECOND ATTEMPT AT WORLD RECORD,https://www.press.bmwgroup.com/usa/article/detail/T0209283EN_US/mini-on-the-mack-is-back-for-a-second-attempt-at-world-record,,,skip,category 1
2015-08-03,MINI ON THE MACK RALLY DRAWS RECORD CROWD OF MINI OWNERS,https://www.press.bmwgroup.com/usa/article/detail/T0228803EN_US/mini-on-the-mack-rally-draws-record-crowd-of-mini-owners,,,skip,category 1
2016-02-12,MINI OPENS NOMINATIONS FOR THOSE WHO DEFY LABELS,https://www.press.bmwgroup.com/usa/article/detail/T0255349EN_US/mini-opens-nominations-for-those-who-defy-labels,,,skip,category 1
2013-11-20,MINI Owners Can Take Final Test Drives of New MINI Hardtop,https://www.press.bmwgroup.com/usa/article/detail/T0157244EN_US/mini-owners-can-take-final-test-drives-of-new-mini-hardtop,,,skip,category 1
2025-09-26,MINI PARTNERS WITH SMORGASBURG FOR IMMERSIVE FALL EVENT SERIES,https://www.press.bmwgroup.com/usa/article/detail/T0452978EN_US/mini-partners-with-smorgasburg-for-immersive-fall-event-series,,,skip,category 1
2013-03-27,MINI PLANT LEADS CELEBRATION OF 100 YEARS OF CAR-MAKING IN OXFORD,https://www.press.bmwgroup.com/usa/article/detail/T0138928EN_US/mini-plant-leads-celebration-of-100-years-of-car-making-in-oxford,,,skip,category 1
2023-09-11,MINI Plant Oxford goes Electric: £600m investment for all-electric MINI production in the UK.,https://www.press.bmwgroup.com/usa/article/detail/T0436952EN_US/mini-plant-oxford-goes-electric:-£600m-investment-for-all-electric-mini-production-in-the-uk,,,skip,category 1
2013-03-08,MINI Plant Oxford – A century of car-making.,https://www.press.bmwgroup.com/usa/article/detail/T0137560EN_US/mini-plant-oxford-–-a-century-of-car-making,,,skip,category 1
2026-05-21,MINI Premiers Paul Smith Editions in Los Angeles with Americas Debut at Paul Smith Melrose Flagship Store.,https://www.press.bmwgroup.com/usa/article/detail/T0457976EN_US/mini-premiers-paul-smith-editions-in-los-angeles-with-americas-debut-at-paul-smith-melrose-flagship-store,,,skip,category 1
2018-11-16,MINI Ranks Highest Among Mass Market Brands in J.D. Power’s U.S. Sales Satisfaction Index Study,https://www.press.bmwgroup.com/usa/article/detail/T0287140EN_US/mini-ranks-highest-among-mass-market-brands-in-j-d-power’s-u-s-sales-satisfaction-index-study,,,skip,category 1
2026-09-23,MINI Rebelle Rally Team Wraps Training as New Model Variant Nears Global Debut.,https://www.press.bmwgroup.com/usa/article/detail/T0460955EN_US/mini-rebelle-rally-team-wraps-training-as-new-model-variant-nears-global-debut,,,skip,category 1
2022-06-07,MINI Recharged & Paul Smith: An icon sustainably reinvented,https://www.press.bmwgroup.com/usa/article/detail/T0397833EN_US/mini-recharged-paul-smith:-an-icon-sustainably-reinvented,,,skip,category 1
2012-11-28,MINI SCORES 10 AWARDS IN 10 YEARS FOR ALG RESIDUAL VALUES,https://www.press.bmwgroup.com/usa/article/detail/T0134696EN_US/mini-scores-10-awards-in-10-years-for-alg-residual-values,,,skip,category 1
2019-12-10,"MINI SHOWCASES ITS COMMITMENT IN DESIGN, INNOVATION, AND STARTUPS TO CREATE A BRIGHTER URBAN FUTURE.",https://www.press.bmwgroup.com/usa/article/detail/T0303668EN_US/mini-showcases-its-commitment-in-design-innovation-and-startups-to-create-a-brighter-urban-future,,,skip,category 1
2021-08-12,"MINI STRIP. Sustainable design with a twist, by Paul Smith.",https://www.press.bmwgroup.com/usa/article/detail/T0339596EN_US/mini-strip-sustainable-design-with-a-twist-by-paul-smith,,,skip,category 1
2014-05-23,MINI Superleggera™ Vision – timeless beauty that blends the traditional with the modern.,https://www.press.bmwgroup.com/usa/article/detail/T0180923EN_US/mini-superleggera™-vision-–-timeless-beauty-that-blends-the-traditional-with-the-modern,,,skip,category 1
2012-06-13,MINI TAKES THE STATES (MTTS) INVITES PARTICIPANTS TO TRAIN WITH A PARALYMPIC ATHLETE.,https://www.press.bmwgroup.com/usa/article/detail/T0127606EN_US/mini-takes-the-states-mtts-invites-participants-to-train-with-a-paralympic-athlete,,,skip,category 1
2014-08-15,MINI TAKES THE STATES COMES TO A CLOSE AFTER AN EPIC CROSS-COUNTRY JOURNEY,https://www.press.bmwgroup.com/usa/article/detail/T0191889EN_US/mini-takes-the-states-comes-to-a-close-after-an-epic-cross-country-journey,,,skip,category 1
2014-07-28,MINI TAKES THE STATES MOTORS ACROSS THE COUNTRY WITH HIGH-FLYING SEND-OFF FROM TONY HAWK,https://www.press.bmwgroup.com/usa/article/detail/T0189667EN_US/mini-takes-the-states-motors-across-the-country-with-high-flying-send-off-from-tony-hawk,,,skip,category 1
2016-07-11,MINI TAKES THE STATES SHIFTS INTO GEAR AND MOTORS WITH A PURPOSE,https://www.press.bmwgroup.com/usa/article/detail/T0261871EN_US/mini-takes-the-states-shifts-into-gear-and-motors-with-a-purpose,,,skip,category 1
2013-07-09,MINI TO STAGE RECORD-BREAKING PARADE ‘ACROSS THE MACK’ IN MICHIGAN,https://www.press.bmwgroup.com/usa/article/detail/T0143590EN_US/mini-to-stage-record-breaking-parade-across-the-mack’-in-michigan,,,skip,category 1
2014-02-26,MINI TO UNVEIL CLUBMAN CONCEPT AT GENEVA AUTO SHOW,https://www.press.bmwgroup.com/usa/article/detail/T0169147EN_US/mini-to-unveil-clubman-concept-at-geneva-auto-show,,,skip,category 1
2022-02-17,MINI USA ADDS BRICK LANE EDITION TO ROBUST SPECIAL EDITION LINEUP,https://www.press.bmwgroup.com/usa/article/detail/T0369375EN_US/mini-usa-adds-brick-lane-edition-to-robust-special-edition-lineup,,,skip,category 1
2020-09-08,MINI USA AND AIRBNB TEAM UP TO OFFER THE ULTIMATE WEEKEND GETAWAY FOR CITY DWELLERS,https://www.press.bmwgroup.com/usa/article/detail/T0315847EN_US/mini-usa-and-airbnb-team-up-to-offer-the-ultimate-weekend-getaway-for-city-dwellers,,,skip,category 1
2025-07-29,MINI USA AND BARRY'S PARTNER TO CELEBRATE COMMUNITY AND INCLUSIVITY.,https://www.press.bmwgroup.com/usa/article/detail/T0451596EN_US/mini-usa-and-barry-s-partner-to-celebrate-community-and-inclusivity,,,skip,category 1
2019-10-21,MINI USA AND BEST FRIENDS ANIMAL SOCIETY CELEBRATE PARTNERSHIP WITH PUP-UP EVENT IN NEW YORK CITY TO CELEBRATE STRUT YOUR MUTT,https://www.press.bmwgroup.com/usa/article/detail/T0302012EN_US/mini-usa-and-best-friends-animal-society-celebrate-partnership-with-pup-up-event-in-new-york-city-to-celebrate-strut-your-mutt,,,skip,category 1
2015-03-18,MINI USA AND LAP MOTORSPORTS CONFIRM DRIVER LINE-UP FOR DEBUT IN CONTINENTAL TIRE SPORTSCAR CHALLENGE SERIES,https://www.press.bmwgroup.com/usa/article/detail/T0208942EN_US/mini-usa-and-lap-motorsports-confirm-driver-line-up-for-debut-in-continental-tire-sportscar-challenge-series,,,skip,category 1
2021-06-17,MINI USA AND MINI FINANCIAL SERVICES ENABLE DEALERS TO FACILITATE END-TO-END ONLINE SHOPPING EXPERIENCE WITH LAUNCH OF MINI ANYWHERE ONLINE RETAIL PLATFORM,https://www.press.bmwgroup.com/usa/article/detail/T0335889EN_US/mini-usa-and-mini-financial-services-enable-dealers-to-facilitate-end-to-end-online-shopping-experience-with-launch-of-mini-anywhere-online-retail-platform,,,skip,category 1
2019-10-23,"MINI USA AND MINI FINANCIAL SERVICES INTRODUCES FLIPPED FINANCING OFFERING ONE RATE, ZERO PRESSURE, AND NO NONSENSE.",https://www.press.bmwgroup.com/usa/article/detail/T0302040EN_US/mini-usa-and-mini-financial-services-introduces-flipped-financing-offering-one-rate-zero-pressure-and-no-nonsense,,,skip,category 1
2021-10-14,MINI USA AND MINI JOHN COOPER WORKS TEAM READY WITH THREE CARS FOR TC AMERICA SERIES FINALE AT INDIANAPOLIS.,https://www.press.bmwgroup.com/usa/article/detail/T0350252EN_US/mini-usa-and-mini-john-cooper-works-team-ready-with-three-cars-for-tc-america-series-finale-at-indianapolis,,,skip,category 1
2020-05-15,MINI USA AND PARAMOUNT PICTURES HOST VIRTUAL SCREENING OF THE ITALIAN JOB FOR MINI COMMUNITY,https://www.press.bmwgroup.com/usa/article/detail/T0308536EN_US/mini-usa-and-paramount-pictures-host-virtual-screening-of-the-italian-job-for-mini-community,,,skip,category 1
2018-10-03,MINI USA AND RAPHA NORTH AMERICA FORM PARTNERSHIP TO BRING TWO LIFESTYLE BRANDS TOGETHER.,https://www.press.bmwgroup.com/usa/article/detail/T0285633EN_US/mini-usa-and-rapha-north-america-form-partnership-to-bring-two-lifestyle-brands-together,,,skip,category 1
2020-03-06,MINI USA AND SIXT RENT A CAR ANNOUNCE PARTNERSHIP WITH GRAND OPENING OF EXCLUSIVE MINI EXPERIENCE AND RENTAL LOCATION IN SAN FRANCISCO.,https://www.press.bmwgroup.com/usa/article/detail/T0306377EN_US/mini-usa-and-sixt-rent-a-car-announce-partnership-with-grand-opening-of-exclusive-mini-experience-and-rental-location-in-san-francisco,,,skip,category 1
2022-04-14,MINI USA AND THE MINI JOHN COOPER RACE TEAM READY TO CHASE THE CHAMPIONSHIP IN THE SRO TC AMERICA SERIES.,https://www.press.bmwgroup.com/usa/article/detail/T0381773EN_US/mini-usa-and-the-mini-john-cooper-race-team-ready-to-chase-the-championship-in-the-sro-tc-america-series,,,skip,category 1
2022-05-24,MINI USA AND THE MINI JOHN COOPER WORKS RACE TEAM CAPTURE FIRST WIN IN TC SERIES WITH #60 MINI JCW PRO.,https://www.press.bmwgroup.com/usa/article/detail/T0393833EN_US/mini-usa-and-the-mini-john-cooper-works-race-team-capture-first-win-in-tc-series-with-60-mini-jcw-pro,,,skip,category 1
2022-07-26,MINI USA AND THE MINI JOHN COOPER WORKS RACE TEAM CELEBRATE THE LIFE OF LEGENDARY RALLY DRIVER PADDY HOPKIRK WITH TWO WINS AT WATKINS GLEN.,https://www.press.bmwgroup.com/usa/article/detail/T0402563EN_US/mini-usa-and-the-mini-john-cooper-works-race-team-celebrate-the-life-of-legendary-rally-driver-paddy-hopkirk-with-two-wins-at-watkins-glen,,,skip,category 1
2023-06-26,MINI USA AND THE MINI JOHN COOPER WORKS RACE TEAM EXCEL WITH THREE FIRST PLACE FINISHES AT VIRGINIA INTERNATIONAL RACEWAY.,https://www.press.bmwgroup.com/usa/article/detail/T0422176EN_US/mini-usa-and-the-mini-john-cooper-works-race-team-excel-with-three-first-place-finishes-at-virginia-international-raceway,,,skip,category 1
2023-09-26,MINI USA AND THE MINI JOHN COOPER WORKS RACE TEAM GRABS THREE PODIUMS AT SEBRING INTERNATIONAL RACEWAY.,https://www.press.bmwgroup.com/usa/article/detail/T0437278EN_US/mini-usa-and-the-mini-john-cooper-works-race-team-grabs-three-podiums-at-sebring-international-raceway,,,skip,category 1
2023-10-06,MINI USA AND THE MINI JOHN COOPER WORKS RACE TEAM HEAD INTO THE FINAL RACE WITH CHAMPIONSHIPS IN THEIR CROSSHAIRS,https://www.press.bmwgroup.com/usa/article/detail/T0437540EN_US/mini-usa-and-the-mini-john-cooper-works-race-team-head-into-the-final-race-with-championships-in-their-crosshairs,,,skip,category 1
2022-06-17,MINI USA AND THE MINI JOHN COOPER WORKS RACE TEAM HEAD INTO VIR AFTER CAPTURING FIRST WIN IN TC CLASS.,https://www.press.bmwgroup.com/usa/article/detail/T0400333EN_US/mini-usa-and-the-mini-john-cooper-works-race-team-head-into-vir-after-capturing-first-win-in-tc-class,,,skip,category 1
2024-09-06,MINI USA AND THE MINI JOHN COOPER WORKS RACE TEAM HEAD TO BARBER MOTORSPORTS PARK AFTER BACK-TO-BACK WINS  AT ROAD AMERICA.,https://www.press.bmwgroup.com/usa/article/detail/T0444904EN_US/mini-usa-and-the-mini-john-cooper-works-race-team-head-to-barber-motorsports-park-after-back-to-back-wins-at-road-america,,,skip,category 1
2024-05-17,MINI USA AND THE MINI JOHN COOPER WORKS RACE TEAM HEAD TO CIRCUIT OF THE AMERICAS AFTER TAKING FOUR PODIUMS AT SEBRING.,https://www.press.bmwgroup.com/usa/article/detail/T0442159EN_US/mini-usa-and-the-mini-john-cooper-works-race-team-head-to-circuit-of-the-americas-after-taking-four-podiums-at-sebring,,,skip,category 1
2022-05-20,MINI USA AND THE MINI JOHN COOPER WORKS RACE TEAM HEAD TO NEW ORLEANS MOTORSPORTS PARK RIDING MOMENTUM OF SEASON OPENER.,https://www.press.bmwgroup.com/usa/article/detail/T0392553EN_US/mini-usa-and-the-mini-john-cooper-works-race-team-head-to-new-orleans-motorsports-park-riding-momentum-of-season-opener,,,skip,category 1
2023-04-28,MINI USA AND THE MINI JOHN COOPER WORKS RACE TEAM HEAD TO NOLA MOTORSPORTS PARK AFTER TAKING THREE PODIUMS AT SONOMA KICKOFF WEEKEND.,https://www.press.bmwgroup.com/usa/article/detail/T0414838EN_US/mini-usa-and-the-mini-john-cooper-works-race-team-head-to-nola-motorsports-park-after-taking-three-podiums-at-sonoma-kickoff-weekend,,,skip,category 1
2024-08-16,MINI USA AND THE MINI JOHN COOPER WORKS RACE TEAM HEAD TO ROAD AMERICA AFTER SUCCESSFUL RUN AT VIR,https://www.press.bmwgroup.com/usa/article/detail/T0444478EN_US/mini-usa-and-the-mini-john-cooper-works-race-team-head-to-road-america-after-successful-run-at-vir,,,skip,category 1
2023-08-18,MINI USA AND THE MINI JOHN COOPER WORKS RACE TEAM HEAD TO ROAD AMERICA AFTER TAKING HOME THREE WINS AT VIRGINIA INTERNATIONAL RACEWAY.,https://www.press.bmwgroup.com/usa/article/detail/T0429918EN_US/mini-usa-and-the-mini-john-cooper-works-race-team-head-to-road-america-after-taking-home-three-wins-at-virginia-international-raceway,,,skip,category 1
2022-08-19,MINI USA AND THE MINI JOHN COOPER WORKS RACE TEAM HEAD TO ROAD AMERICA AFTER TWO WINS AT WATKINS GLEN.,https://www.press.bmwgroup.com/usa/article/detail/T0403134EN_US/mini-usa-and-the-mini-john-cooper-works-race-team-head-to-road-america-after-two-wins-at-watkins-glen,,,skip,category 1
2024-05-03,MINI USA AND THE MINI JOHN COOPER WORKS RACE TEAM HEAD TO SEBRING FOLLOWING AN ACTION PACKED SEASON OPENER AT SONOMA.,https://www.press.bmwgroup.com/usa/article/detail/T0441618EN_US/mini-usa-and-the-mini-john-cooper-works-race-team-head-to-sebring-following-an-action-packed-season-opener-at-sonoma,,,skip,category 1
2023-09-22,MINI USA AND THE MINI JOHN COOPER WORKS RACE TEAM HEAD TO SEBRING INTERNATIONAL RACEWAY AFTER A FOUR-PODIUM WEEKEND AT ROAD AMERICA,https://www.press.bmwgroup.com/usa/article/detail/T0437198EN_US/mini-usa-and-the-mini-john-cooper-works-race-team-head-to-sebring-international-raceway-after-a-four-podium-weekend-at-road-america,,,skip,category 1
2023-06-16,MINI USA AND THE MINI JOHN COOPER WORKS RACE TEAM HEAD TO VIRGINIA INTERNATIONAL RACEWAY AFTER TAKING THREE PODIUMS AT CIRCUIT OF THE AMERICAS.,https://www.press.bmwgroup.com/usa/article/detail/T0421438EN_US/mini-usa-and-the-mini-john-cooper-works-race-team-head-to-virginia-international-raceway-after-taking-three-podiums-at-circuit-of-the-americas,,,skip,category 1
2022-07-21,MINI USA AND THE MINI JOHN COOPER WORKS RACE TEAM HEAD TO WATKINS GLEN AFTER TWO PODIUM FINISHES AT VIR.,https://www.press.bmwgroup.com/usa/article/detail/T0402437EN_US/mini-usa-and-the-mini-john-cooper-works-race-team-head-to-watkins-glen-after-two-podium-finishes-at-vir,,,skip,category 1
2023-05-19,MINI USA AND THE MINI JOHN COOPER WORKS RACE TEAM HEADS TO CIRCUIT OF THE AMERICAS AFTER STRONG FINISH AT NOLA MOTORSPORTS PARK.,https://www.press.bmwgroup.com/usa/article/detail/T0418501EN_US/mini-usa-and-the-mini-john-cooper-works-race-team-heads-to-circuit-of-the-americas-after-strong-finish-at-nola-motorsports-park,,,skip,category 1
2022-04-19,MINI USA AND THE MINI JOHN COOPER WORKS RACE TEAM KICK OFF SRO TC AMERICA SERIES WITH A STRONG WEEKEND AT SONOMA.,https://www.press.bmwgroup.com/usa/article/detail/T0382593EN_US/mini-usa-and-the-mini-john-cooper-works-race-team-kick-off-sro-tc-america-series-with-a-strong-weekend-at-sonoma,,,skip,category 1
2022-10-06,MINI USA AND THE MINI JOHN COOPER WORKS RACE TEAM PREPARE FOR SEASON FINALE AT HOME TRACK.,https://www.press.bmwgroup.com/usa/article/detail/T0404429EN_US/mini-usa-and-the-mini-john-cooper-works-race-team-prepare-for-season-finale-at-home-track,,,skip,category 1
2024-04-05,MINI USA AND THE MINI JOHN COOPER WORKS RACE TEAM RETURN FOR ANOTHER SRO TC AMERICA SERIES SEASON,https://www.press.bmwgroup.com/usa/article/detail/T0440898EN_US/mini-usa-and-the-mini-john-cooper-works-race-team-return-for-another-sro-tc-america-series-season,,,skip,category 1
2023-08-24,MINI USA AND THE MINI JOHN COOPER WORKS RACE TEAM SECURE FOUR PODIUM FINISHES AT ROAD AMERICA.,https://www.press.bmwgroup.com/usa/article/detail/T0432098EN_US/mini-usa-and-the-mini-john-cooper-works-race-team-secure-four-podium-finishes-at-road-america,,,skip,category 1
2022-08-22,MINI USA AND THE MINI JOHN COOPER WORKS RACE TEAM SWEEP TC AND TCA CLASSES IN TC AMERCA SERIES AT ROAD AMERICA.,https://www.press.bmwgroup.com/usa/article/detail/T0403163EN_US/mini-usa-and-the-mini-john-cooper-works-race-team-sweep-tc-and-tca-classes-in-tc-amerca-series-at-road-america,,,skip,category 1
2023-05-26,MINI USA AND THE MINI JOHN COOPER WORKS RACE TEAM TAKE THREE PODIUMS AT CIRCUIT OF THE AMERICAS,https://www.press.bmwgroup.com/usa/article/detail/T0419600EN_US/mini-usa-and-the-mini-john-cooper-works-race-team-take-three-podiums-at-circuit-of-the-americas,,,skip,category 1
2022-09-27,MINI USA AND THE MINI JOHN COOPER WORKS RACE TEAM TAKE TWO MORE PODIUMS AT SEBRING.,https://www.press.bmwgroup.com/usa/article/detail/T0404115EN_US/mini-usa-and-the-mini-john-cooper-works-race-team-take-two-more-podiums-at-sebring,,,skip,category 1
2022-06-23,MINI USA AND THE MINI JOHN COOPER WORKS RACE TEAM TAKE TWO PODIUMS AT VIR.,https://www.press.bmwgroup.com/usa/article/detail/T0401774EN_US/mini-usa-and-the-mini-john-cooper-works-race-team-take-two-podiums-at-vir,,,skip,category 1
2023-05-04,MINI USA AND THE MINI JOHN COOPER WORKS RACE TEAM TAKES THREE PODIUMS AT NOLA MOTORSPORTS PARK.,https://www.press.bmwgroup.com/usa/article/detail/T0415418EN_US/mini-usa-and-the-mini-john-cooper-works-race-team-takes-three-podiums-at-nola-motorsports-park,,,skip,category 1
2022-09-23,MINI USA AND THE MINI JOHN COOPER WORKS RACE TEAM TO RUN FIVE CARS AT SEBRING FOLLOWING SWEEP AT ROAD AMERICA.,https://www.press.bmwgroup.com/usa/article/detail/T0403980EN_US/mini-usa-and-the-mini-john-cooper-works-race-team-to-run-five-cars-at-sebring-following-sweep-at-road-america,,,skip,category 1
2024-08-22,MINI USA AND THE MINI JOHN COOPER WORKS RACE TEAM WIN BACK-TO-BACK RACES AT ROAD AMERICA.,https://www.press.bmwgroup.com/usa/article/detail/T0444589EN_US/mini-usa-and-the-mini-john-cooper-works-race-team-win-back-to-back-races-at-road-america,,,skip,category 1
2021-10-19,MINI USA AND THE MINI JOHN COOPER WORKS TEAM CLOSE OUT TC AMERICA SEASON WITH STRONG PERFORMANCE AT INDIANAPOLIS FINALE.,https://www.press.bmwgroup.com/usa/article/detail/T0351252EN_US/mini-usa-and-the-mini-john-cooper-works-team-close-out-tc-america-season-with-strong-performance-at-indianapolis-finale,,,skip,category 1
2018-08-07,MINI USA ANNOUNCES CLAUDE BRUNI AS NEW HEAD OF SALES & OPERATIONS,https://www.press.bmwgroup.com/usa/article/detail/T0283854EN_US/mini-usa-announces-claude-bruni-as-new-head-of-sales-operations,,,skip,category 1
2018-12-18,MINI USA ANNOUNCES CROSSMEDIA TO MANAGE REGIONAL TIER 2 ADVERTISING BUSINESS,https://www.press.bmwgroup.com/usa/article/detail/T0288865EN_US/mini-usa-announces-crossmedia-to-manage-regional-tier-2-advertising-business,,,skip,category 1
2024-10-25,MINI USA ANNOUNCES EXECUTIVE CHANGES.,https://www.press.bmwgroup.com/usa/article/detail/T0445957EN_US/mini-usa-announces-executive-changes,,,skip,category 1
2019-01-25,MINI USA ANNOUNCES EXECUTIVE CHANGES.,https://www.press.bmwgroup.com/usa/article/detail/T0290853EN_US/mini-usa-announces-executive-changes,,,skip,category 1
2021-03-25,"MINI USA ANNOUNCES LAUNCH OF MINI COUNTRYMAN BOARDWALK EDITION, WITH U.S. CONTENT AND PRICING.",https://www.press.bmwgroup.com/usa/article/detail/T0328555EN_US/mini-usa-announces-launch-of-mini-countryman-boardwalk-edition-with-u-s-content-and-pricing,,,skip,category 1
2023-04-07,MINI USA ANNOUNCES MINI CLUBMAN FINAL EDITION FOR U.S. MARKET,https://www.press.bmwgroup.com/usa/article/detail/T0412758EN_US/mini-usa-announces-mini-clubman-final-edition-for-u-s-market,,,skip,category 1
2021-08-09,MINI USA ANNOUNCES NATIONAL MINI WTF DAY.,https://www.press.bmwgroup.com/usa/article/detail/T0339312EN_US/mini-usa-announces-national-mini-wtf-day,,,skip,category 1
2017-06-07,MINI USA ANNOUNCES NEW HEAD OF PRODUCT PLANNING & AFTERSALES,https://www.press.bmwgroup.com/usa/article/detail/T0271614EN_US/mini-usa-announces-new-head-of-product-planning-aftersales,,,skip,category 1
2014-01-30,MINI USA ANNOUNCES PRICING FOR THIRD GENERATION MINI HARDTOP,https://www.press.bmwgroup.com/usa/article/detail/T0165168EN_US/mini-usa-announces-pricing-for-third-generation-mini-hardtop,,,skip,category 1
2017-05-02,MINI USA ANNOUNCES SENIOR MANAGEMENT CHANGES,https://www.press.bmwgroup.com/usa/article/detail/T0270276EN_US/mini-usa-announces-senior-management-changes,,,skip,category 1
2020-03-26,MINI USA ANNOUNCES U.S. LAUNCH AND PRICING FOR MINI SIDEWALK EDITION,https://www.press.bmwgroup.com/usa/article/detail/T0307088EN_US/mini-usa-announces-u-s-launch-and-pricing-for-mini-sidewalk-edition,,,skip,category 1
2019-10-28,MINI USA ANNOUNCES U.S. MARKET PRICING FOR NEW BATTERY ELECTRIC MINI COOPER SE,https://www.press.bmwgroup.com/usa/article/detail/T0302163EN_US/mini-usa-announces-u-s-market-pricing-for-new-battery-electric-mini-cooper-se,,,skip,category 1
2016-12-05,MINI USA ANNOUNCES U.S. MARKET PRICING FOR NEW MINI COUNTRYMAN,https://www.press.bmwgroup.com/usa/article/detail/T0266464EN_US/mini-usa-announces-u-s-market-pricing-for-new-mini-countryman,,,skip,category 1
2015-09-25,MINI USA ANNOUNCES US MARKET PRICING FOR NEW MINI CLUBMAN,https://www.press.bmwgroup.com/usa/article/detail/T0235926EN_US/mini-usa-announces-us-market-pricing-for-new-mini-clubman,,,skip,category 1
2016-01-14,MINI USA ANNOUNCES US MARKET PRICING FOR NEW MINI CONVERTIBLE AND ADDITION OF JOHN COOPER WORKS VARIANT,https://www.press.bmwgroup.com/usa/article/detail/T0250523EN_US/mini-usa-announces-us-market-pricing-for-new-mini-convertible-and-addition-of-john-cooper-works-variant,,,skip,category 1
2014-04-08,MINI USA ANNOUNCES WINNER OF “MINI ORIGINALS” DESIGN PACKAGE AS PART OF FINAL TEST TEST DRIVES CONTEST,https://www.press.bmwgroup.com/usa/article/detail/T0177586EN_US/mini-usa-announces-winner-of-“mini-originals”-design-package-as-part-of-final-test-test-drives-contest,,,skip,category 1
2020-02-11,MINI USA ARTFULLY RECREATES ITS HERITAGE WITH “THE INNER DRIVE.”,https://www.press.bmwgroup.com/usa/article/detail/T0305425EN_US/mini-usa-artfully-recreates-its-heritage-with-“the-inner-drive-”,,,skip,category 1
2021-11-11,MINI USA ASKS COMMUNITY TO SHARE THEIR CUSTOMIZED MINI VEHICLES AND THEIR STORIES.,https://www.press.bmwgroup.com/usa/article/detail/T0357732EN_US/mini-usa-asks-community-to-share-their-customized-mini-vehicles-and-their-stories,,,skip,category 1
2025-10-17,MINI USA Activates in Austin with Sports Illustrated: Club SI at Turn 12 and a Fireside Chat with Charlie Cooper.,https://www.press.bmwgroup.com/usa/article/detail/T0453388EN_US/mini-usa-activates-in-austin-with-sports-illustrated:-club-si-at-turn-12-and-a-fireside-chat-with-charlie-cooper,,,skip,category 1
2026-09-15,MINI USA Announces Drop of New MINI 1998 GT Edition – A Legacy Revived. An Icon Reborn.,https://www.press.bmwgroup.com/usa/article/detail/T0460778EN_US/mini-usa-announces-drop-of-new-mini-1998-gt-edition-–-a-legacy-revived-an-icon-reborn,,,skip,category 1
2026-04-08,MINI USA Announces Drop of New MINI Red Line Edition.,https://www.press.bmwgroup.com/usa/article/detail/T0456992EN_US/mini-usa-announces-drop-of-new-mini-red-line-edition,,,skip,category 1
2026-08-17,MINI USA Announces Drop of New MINI Rooftop Edition – Two Color Combinations. Two Body Styles. One Iconic Twist.,https://www.press.bmwgroup.com/usa/article/detail/T0460137EN_US/mini-usa-announces-drop-of-new-mini-rooftop-edition-–-two-color-combinations-two-body-styles-one-iconic-twist,,,skip,category 1
2026-07-09,MINI USA Announces MINI Cooper Heritage Edition for US Market.,https://www.press.bmwgroup.com/usa/article/detail/T0459185EN_US/mini-usa-announces-mini-cooper-heritage-edition-for-us-market,,,skip,category 1
2015-07-28,MINI USA CALLING ON OWNERS TO RALLY FOR RECORD-BREAKING PARADE IN MICHIGAN,https://www.press.bmwgroup.com/usa/article/detail/T0228362EN_US/mini-usa-calling-on-owners-to-rally-for-record-breaking-parade-in-michigan,,,skip,category 1
2022-09-21,MINI USA CELEBRATES 20TH ANNIVERSARY IN THE U.S. WITH SPECIAL EDITION.,https://www.press.bmwgroup.com/usa/article/detail/T0403912EN_US/mini-usa-celebrates-20th-anniversary-in-the-u-s-with-special-edition,,,skip,category 1
2022-08-26,MINI USA CELEBRATES SECOND ANNIVERSARY OF ‘WTF’ DAY ON 63RD BIRTHDAY.,https://www.press.bmwgroup.com/usa/article/detail/T0403250EN_US/mini-usa-celebrates-second-anniversary-of-wtf’-day-on-63rd-birthday,,,skip,category 1
2021-10-28,MINI USA COLLABORATES WITH FIRST-GENERATION & IMMIGRANT ARTISTS TO TURN ICONIC MINI ROOFTOPS INTO WORKS OF ART.,https://www.press.bmwgroup.com/usa/article/detail/T0353372EN_US/mini-usa-collaborates-with-first-generation-immigrant-artists-to-turn-iconic-mini-rooftops-into-works-of-art,,,skip,category 1
2021-03-31,MINI USA CONNECTS CUSTOMERS WITH LAUNCH OF NEW MINI APP.,https://www.press.bmwgroup.com/usa/article/detail/T0328878EN_US/mini-usa-connects-customers-with-launch-of-new-mini-app,,,skip,category 1
2022-06-21,MINI USA CREATES VIRTUAL “MINIVERSE” RACING EXPERIENCE IN META HORIZON WORLDS.,https://www.press.bmwgroup.com/usa/article/detail/T0400313EN_US/mini-usa-creates-virtual-“miniverse”-racing-experience-in-meta-horizon-worlds,,,skip,category 1
2026-07-02,MINI USA Celebrates America’s 250th Birthday with a Cheeky British Salute to a Friendship 250 Years in the Making.,https://www.press.bmwgroup.com/usa/article/detail/T0459022EN_US/mini-usa-celebrates-america’s-250th-birthday-with-a-cheeky-british-salute-to-a-friendship-250-years-in-the-making,,,skip,category 1
2025-05-21,MINI USA Celebrates Brand Spirit and New Convertible Model at Miami Swim Week.,https://www.press.bmwgroup.com/usa/article/detail/T0450293EN_US/mini-usa-celebrates-brand-spirit-and-new-convertible-model-at-miami-swim-week,,,skip,category 1
2016-10-19,MINI USA Celebrates First Complete Season in IMSA Continental Tire SportsCar Challenge Series,https://www.press.bmwgroup.com/usa/article/detail/T0265103EN_US/mini-usa-celebrates-first-complete-season-in-imsa-continental-tire-sportscar-challenge-series,,,skip,category 1
2016-11-22,MINI USA Celebrates Longtime Owner’s Success on the Track,https://www.press.bmwgroup.com/usa/article/detail/T0266194EN_US/mini-usa-celebrates-longtime-owner’s-success-on-the-track,,,skip,category 1
2021-10-01,MINI USA Celebrates More than Two Dozen MINIs Racing This Weekend.,https://www.press.bmwgroup.com/usa/article/detail/T0346732EN_US/mini-usa-celebrates-more-than-two-dozen-minis-racing-this-weekend,,,skip,category 1
2013-12-03,MINI USA Celebrates Retirement of Chief Motorer Jim McDowell,https://www.press.bmwgroup.com/usa/article/detail/T0159185EN_US/mini-usa-celebrates-retirement-of-chief-motorer-jim-mcdowell,,,skip,category 1
2015-11-16,MINI USA DEBUTS ALL-NEW CLUBMAN AND CONVERTIBLE AT LOS ANGELES INTERNATIONAL AUTO SHOW,https://www.press.bmwgroup.com/usa/article/detail/T0243428EN_US/mini-usa-debuts-all-new-clubman-and-convertible-at-los-angeles-international-auto-show,,,skip,category 1
2021-06-02,MINI USA DECLARES JULY 24 AS NATIONAL DAY OF MOTORING.,https://www.press.bmwgroup.com/usa/article/detail/T0334416EN_US/mini-usa-declares-july-24-as-national-day-of-motoring,,,skip,category 1
2022-10-13,MINI USA ENHANCES SPECIAL EDITION LINE UP AND BRINGS BACK MANUAL TRANSMISSIONS FOR NOVEMBER PRODUCTION.,https://www.press.bmwgroup.com/usa/article/detail/T0404717EN_US/mini-usa-enhances-special-edition-line-up-and-brings-back-manual-transmissions-for-november-production,,,skip,category 1
2020-05-21,"MINI USA EXPANDS VALUE-ORIENTED MINI OXFORD EDITION TO ALL CUSTOMERS, & INTRODUCES MINI COUNTRYMAN OXFORD EDITION.",https://www.press.bmwgroup.com/usa/article/detail/T0308746EN_US/mini-usa-expands-value-oriented-mini-oxford-edition-to-all-customers-introduces-mini-countryman-oxford-edition,,,skip,category 1
2019-05-14,MINI USA EXTENDS OFFER OF LOW COST MINI OXFORD EDITION TO ACTIVE AND RETIRED MEMBERS OF THE U.S. MILITARY,https://www.press.bmwgroup.com/usa/article/detail/T0295831EN_US/mini-usa-extends-offer-of-low-cost-mini-oxford-edition-to-active-and-retired-members-of-the-u-s-military,,,skip,category 1
2025-07-04,"MINI USA GOES RED, WHITE, AND BLUE TO CELEBRATE HISTORIC SPIRIT OF REBELLION AND INDEPENDENCE THIS FOURTH OF JULY",https://www.press.bmwgroup.com/usa/article/detail/T0451187EN_US/mini-usa-goes-red-white-and-blue-to-celebrate-historic-spirit-of-rebellion-and-independence-this-fourth-of-july,,,skip,category 1
2018-09-12,MINI USA HIGHLIGHTS CARGO SPACE AND ROOM FOR ADVENTURE WITH INNOVATIVE NEW “CREATED IN A COUNTRYMAN” CAMPAIGN,https://www.press.bmwgroup.com/usa/article/detail/T0284869EN_US/mini-usa-highlights-cargo-space-and-room-for-adventure-with-innovative-new-“created-in-a-countryman”-campaign,,,skip,category 1
2021-04-06,MINI USA HIGHLIGHTS COUPLES WHO FOUND LOVE THROUGH MINI AS PART OF #MINILOVESTORIES INITIATIVE.,https://www.press.bmwgroup.com/usa/article/detail/T0329129EN_US/mini-usa-highlights-couples-who-found-love-through-mini-as-part-of-minilovestories-initiative,,,skip,category 1
2020-04-01,MINI USA HIGHLIGHTS PAST APRIL FOOLS’ MOMENTS TO HELP PEOPLE SMILE,https://www.press.bmwgroup.com/usa/article/detail/T0307247EN_US/mini-usa-highlights-past-april-fools’-moments-to-help-people-smile,,,skip,category 1
2016-08-01,"MINI USA HONORS ""THE DEFIANTS"" IN NEW OLYMPICS CAMPAIGN",https://www.press.bmwgroup.com/usa/article/detail/T0262599EN_US/mini-usa-honors-the-defiants-in-new-olympics-campaign,,,skip,category 1
2022-06-24,MINI USA INTRODUCES ‘NOT SO MINI’ PUZZLES FOR CUSTOMERS WAITING FOR THEIR NEW MINIS.,https://www.press.bmwgroup.com/usa/article/detail/T0401806EN_US/mini-usa-introduces-not-so-mini’-puzzles-for-customers-waiting-for-their-new-minis,,,skip,category 1
2026-06-03,MINI USA Kicks Off MINI Match Day — Nationwide Dealer Event Series Bringing Soccer Culture and Go-Kart Thrills.,https://www.press.bmwgroup.com/usa/article/detail/T0458296EN_US/mini-usa-kicks-off-mini-match-day-—-nationwide-dealer-event-series-bringing-soccer-culture-and-go-kart-thrills,,,skip,category 1
2020-07-28,MINI USA LAUNCHES DIGITAL GUIDE TO HELP CONSUMERS ENJOY THE DRIVE-IN MOVIE EXPERIENCE THIS SUMMER.,https://www.press.bmwgroup.com/usa/article/detail/T0312337EN_US/mini-usa-launches-digital-guide-to-help-consumers-enjoy-the-drive-in-movie-experience-this-summer,,,skip,category 1
2019-12-17,MINI USA LAUNCHES ORDERING SITE FOR ALL-NEW BATTERY ELECTRIC MINI COOPER SE,https://www.press.bmwgroup.com/usa/article/detail/T0303912EN_US/mini-usa-launches-ordering-site-for-all-new-battery-electric-mini-cooper-se,,,skip,category 1
2021-04-28,MINI USA LAUNCHES UPDATED WEBSITE WITH NEW BUILD-YOUR-OWN MINI CONFIGURATION EXPERIENCE,https://www.press.bmwgroup.com/usa/article/detail/T0331169EN_US/mini-usa-launches-updated-website-with-new-build-your-own-mini-configuration-experience,,,skip,category 1
2020-06-24,MINI USA LAUNCHES “MEET@MINI” VIRTUAL EVENT SERIES TO HELP MINI COMMUNITY OF OWNERS AND FANS STAY CONNECTED.,https://www.press.bmwgroup.com/usa/article/detail/T0309931EN_US/mini-usa-launches-“meet@mini”-virtual-event-series-to-help-mini-community-of-owners-and-fans-stay-connected,,,skip,category 1
2023-07-13,MINI USA LETS YOU HEAR YOUR INNER “MINI-LOGUE” WITH NEW AI EXPERIENCE.,https://www.press.bmwgroup.com/usa/article/detail/T0423858EN_US/mini-usa-lets-you-hear-your-inner-“mini-logue”-with-new-ai-experience,,,skip,category 1
2021-02-12,MINI USA LOOKING FOR #MINILOVESTORIES WITHIN MINI OWNER COMMUNITY,https://www.press.bmwgroup.com/usa/article/detail/T0326098EN_US/mini-usa-looking-for-minilovestories-within-mini-owner-community,,,skip,category 1
2017-10-30,MINI USA Launches New MINI John Cooper Works Tuning Kit for Countryman and Clubman at SEMA Show,https://www.press.bmwgroup.com/usa/article/detail/T0275672EN_US/mini-usa-launches-new-mini-john-cooper-works-tuning-kit-for-countryman-and-clubman-at-sema-show,,,skip,category 1
2013-11-08,MINI USA Launches Redesigned Website,https://www.press.bmwgroup.com/usa/article/detail/T0154864EN_US/mini-usa-launches-redesigned-website,,,skip,category 1
2026-06-04,"MINI USA Launches “MINI Icon Drops” Campaign, Treating Eight Special Edition Models Like Coveted Sneaker Releases",https://www.press.bmwgroup.com/usa/article/detail/T0458323EN_US/mini-usa-launches-“mini-icon-drops”-campaign-treating-eight-special-edition-models-like-coveted-sneaker-releases,,,skip,category 1
2024-05-15,MINI USA MAKES SIRIUSXM WITH 360L STANDARD EQUIPMENT.,https://www.press.bmwgroup.com/usa/article/detail/T0442067EN_US/mini-usa-makes-siriusxm-with-360l-standard-equipment,,,skip,category 1
2014-08-25,MINI USA MARKETING HEAD TOM SALKOWSKY APPOINTED TO INTERNATIONAL POSITION WITHIN GLOBAL MINI ORGANIZATION,https://www.press.bmwgroup.com/usa/article/detail/T0192327EN_US/mini-usa-marketing-head-tom-salkowsky-appointed-to-international-position-within-global-mini-organization,,,skip,category 1
2023-07-24,MINI USA MARKS NATIONAL DAY OF MOTORING.,https://www.press.bmwgroup.com/usa/article/detail/T0425298EN_US/mini-usa-marks-national-day-of-motoring,,,skip,category 1
2015-01-22,MINI USA NAMES MARK ORLANDO AS DEPARTMENT HEAD OF MINI SALES,https://www.press.bmwgroup.com/usa/article/detail/T0201905EN_US/mini-usa-names-mark-orlando-as-department-head-of-mini-sales,,,skip,category 1
2014-11-14,MINI USA NAMES TOM NOBLE AS DEPARTMENT HEAD OF MINI BRAND COMMUNICATIONS,https://www.press.bmwgroup.com/usa/article/detail/T0196335EN_US/mini-usa-names-tom-noble-as-department-head-of-mini-brand-communications,,,skip,category 1
2018-09-05,MINI USA OFFERS LOW COST MINI OXFORD EDITION FOR COLLEGE STUDENTS AND RECENT GRADUATES,https://www.press.bmwgroup.com/usa/article/detail/T0284661EN_US/mini-usa-offers-low-cost-mini-oxford-edition-for-college-students-and-recent-graduates,,,skip,category 1
2013-03-27,MINI USA PARTNERS WITH MILES AHEAD FOR ‘MINI PERFORMANCE MOTORING SCHOOL.',https://www.press.bmwgroup.com/usa/article/detail/T0138721EN_US/mini-usa-partners-with-miles-ahead-for-mini-performance-motoring-school,,,skip,category 1
2022-07-15,MINI USA PARTNERS WITH POLAR BEARS INTERNATIONAL ON NEW CAMPAIGN FOR THE ALL-ELECTRIC MINI COOPER SE.,https://www.press.bmwgroup.com/usa/article/detail/T0402289EN_US/mini-usa-partners-with-polar-bears-international-on-new-campaign-for-the-all-electric-mini-cooper-se,,,skip,category 1
2018-09-27,"MINI USA PARTNERS WITH THE LITTLE BLACK PEARL ART & DESIGN ACADEMY AND SAATCHI ART TO PROMOTE LITERACY IN CHICAGO, IL.",https://www.press.bmwgroup.com/usa/article/detail/T0285423EN_US/mini-usa-partners-with-the-little-black-pearl-art-design-academy-and-saatchi-art-to-promote-literacy-in-chicago-il,,,skip,category 1
2012-12-21,MINI USA PROMOTES BRAND EXPERIENCE WITH SPONTANEOUS CONCERT SERIES.,https://www.press.bmwgroup.com/usa/article/detail/T0135483EN_US/mini-usa-promotes-brand-experience-with-spontaneous-concert-series,,,skip,category 1
2012-05-29,MINI USA RETAINS BSSP AS THE AGENCY OF RECORD FOR ADVERTISING,https://www.press.bmwgroup.com/usa/article/detail/T0127252EN_US/mini-usa-retains-bssp-as-the-agency-of-record-for-advertising,,,skip,category 1
2014-01-28,"MINI USA SELECTS FINALISTS FOR “FINAL TEST TEST DRIVES""",https://www.press.bmwgroup.com/usa/article/detail/T0165129EN_US/mini-usa-selects-finalists-for-“final-test-test-drives,,,skip,category 1
2017-09-25,MINI USA SELECTS PEREIRA & O’DELL AND 360i AS AGENCY PARTNERS,https://www.press.bmwgroup.com/usa/article/detail/T0274745EN_US/mini-usa-selects-pereira-o’dell-and-360i-as-agency-partners,,,skip,category 1
2021-07-22,MINI USA SET TO CELEBRATE FIRST EVER NATIONAL DAY OF MOTORING WITH “MINI TOGETHER” OWNER EVENT.,https://www.press.bmwgroup.com/usa/article/detail/T0338472EN_US/mini-usa-set-to-celebrate-first-ever-national-day-of-motoring-with-“mini-together”-owner-event,,,skip,category 1
2022-04-28,MINI USA SHARES UNIQUE VEHICLE CUSTOMIZATION STORIES TO CELEBRATE COMMUNITY CREATIVITY.,https://www.press.bmwgroup.com/usa/article/detail/T0384573EN_US/mini-usa-shares-unique-vehicle-customization-stories-to-celebrate-community-creativity,,,skip,category 1
2022-11-18,MINI USA SHOCKS LOS ANGELES WITH GIANT RC CAR CONTROLLER THAT CAN CHARGE ELECTRIC VEHICLES.,https://www.press.bmwgroup.com/usa/article/detail/T0405778EN_US/mini-usa-shocks-los-angeles-with-giant-rc-car-controller-that-can-charge-electric-vehicles,,,skip,category 1
2015-04-19,MINI USA SHOWCASES THE FUTURE OF IN-CAR CONNECTIVITY AND DISPLAY WITH MINI AUGMENTED VISION POWERED BY MINI CONNECTED,https://www.press.bmwgroup.com/usa/article/detail/T0213362EN_US/mini-usa-showcases-the-future-of-in-car-connectivity-and-display-with-mini-augmented-vision-powered-by-mini-connected,,,skip,category 1
2022-12-08,MINI USA TEAMS UP WITH PHARRELL WILLIAMS & BBC ICECREAM TO HELP SAVE POLAR BEARS WITH EXCLUSIVE  MERCHANDISE ON NTWRK.,https://www.press.bmwgroup.com/usa/article/detail/T0406498EN_US/mini-usa-teams-up-with-pharrell-williams-bbc-icecream-to-help-save-polar-bears-with-exclusive-merchandise-on-ntwrk,,,skip,category 1
2021-12-07,MINI USA TO COVER ADOPTION FEES AT ALL BEST FRIENDS ANIMAL SOCIETY LOCATIONS DEC. 10 – DEC. 12 TO HELP INCREASE PET ADOPTIONS FOR THE HOLIDAYS.,https://www.press.bmwgroup.com/usa/article/detail/T0362389EN_US/mini-usa-to-cover-adoption-fees-at-all-best-friends-animal-society-locations-dec-10-–-dec-12-to-help-increase-pet-adoptions-for-the-holidays,,,skip,category 1
2018-07-10,MINI USA TO DEBUT NEW MINI JOHN COOPER WORKS HARDTOP INTERNATIONAL ORANGE EDITION ON MINI TAKES THE STATES.,https://www.press.bmwgroup.com/usa/article/detail/T0282999EN_US/mini-usa-to-debut-new-mini-john-cooper-works-hardtop-international-orange-edition-on-mini-takes-the-states,,,skip,category 1
2019-11-13,MINI USA TO DEBUT TWO NEW VEHICLES AT AUTOMOBILITY LA,https://www.press.bmwgroup.com/usa/article/detail/T0302656EN_US/mini-usa-to-debut-two-new-vehicles-at-automobility-la,,,skip,category 1
2017-01-25,MINI USA and MINI JCW Race Team Gear Up Second Full Season in IMSA Continental Tire SportsCar Challenge Series,https://www.press.bmwgroup.com/usa/article/detail/T0267546EN_US/mini-usa-and-mini-jcw-race-team-gear-up-second-full-season-in-imsa-continental-tire-sportscar-challenge-series,,,skip,category 1
2020-03-06,MINI USA and PAPER Magazine Partner to Celebrate International Women’s Day,https://www.press.bmwgroup.com/usa/article/detail/T0306486EN_US/mini-usa-and-paper-magazine-partner-to-celebrate-international-women’s-day,,,skip,category 1
2014-05-19,MINI USA partners with Tony Hawk,https://www.press.bmwgroup.com/usa/article/detail/T0180448EN_US/mini-usa-partners-with-tony-hawk,,,skip,category 1
2022-11-03,MINI USA to Launch Manual Driving School.,https://www.press.bmwgroup.com/usa/article/detail/T0405338EN_US/mini-usa-to-launch-manual-driving-school,,,skip,category 1
2018-10-30,MINI USA to Offer on-Demand Test Drive Deliveries for Car Shopping Consumers,https://www.press.bmwgroup.com/usa/article/detail/T0286436EN_US/mini-usa-to-offer-on-demand-test-drive-deliveries-for-car-shopping-consumers,,,skip,category 1
2021-11-16,MINI VISION URBANAUT CONCEPT MAKES IT WAY TO LOS ANGELES FOR NORTH AMERICAN DEBUT.,https://www.press.bmwgroup.com/usa/article/detail/T0359453EN_US/mini-vision-urbanaut-concept-makes-it-way-to-los-angeles-for-north-american-debut,,,skip,category 1
2020-11-17,MINI Vision Urbanaut.,https://www.press.bmwgroup.com/usa/article/detail/T0320872EN_US/mini-vision-urbanaut,,,skip,category 1
2021-06-30,MINI Vision Urbanaut. The virtual vision becomes a tangible reality.,https://www.press.bmwgroup.com/usa/article/detail/T0336749EN_US/mini-vision-urbanaut-the-virtual-vision-becomes-a-tangible-reality,,,skip,category 1
2013-07-25,MINI Vision. An exclusive look at MINI design of tomorrow.,https://www.press.bmwgroup.com/usa/article/detail/T0143937EN_US/mini-vision-an-exclusive-look-at-mini-design-of-tomorrow,,,skip,category 1
2014-03-06,MINI WELCOMES SNOWBOARDING'S ELITE TO THE BURTON U.S. OPEN SNOWBOARDING CHAMPIONSHIPS,https://www.press.bmwgroup.com/usa/article/detail/T0170906EN_US/mini-welcomes-snowboarding-s-elite-to-the-burton-u-s-open-snowboarding-championships,,,skip,category 1
2021-09-01,"MINI and URBAN-X present ""Love the City x Hate the City"": How can we make our cities more livable?",https://www.press.bmwgroup.com/usa/article/detail/T0341439EN_US/mini-and-urban-x-present-love-the-city-x-hate-the-city-:-how-can-we-make-our-cities-more-livable,,,skip,category 1
2012-10-03,MINI and Wool and the Gang form close-knit relationship. Limited-edition knitting sets in the exclusive MINI Countryman colour True Blue Metallic.,https://www.press.bmwgroup.com/usa/article/detail/T0132888EN_US/mini-and-wool-and-the-gang-form-close-knit-relationship-limited-edition-knitting-sets-in-the-exclusive-mini-countryman-colour-true-blue-metallic,,,skip,category 1
2012-10-12,MINI ceases works involvement in the WRC.,https://www.press.bmwgroup.com/usa/article/detail/T0133262EN_US/mini-ceases-works-involvement-in-the-wrc,,,skip,category 1
2016-04-26,MINI celebrates 15 years of premium driving fun - made in Oxford.,https://www.press.bmwgroup.com/usa/article/detail/T0259515EN_US/mini-celebrates-15-years-of-premium-driving-fun-made-in-oxford,,,skip,category 1
2026-04-23,MINI celebrates 25 years of modern MINI.,https://www.press.bmwgroup.com/usa/article/detail/T0457363EN_US/mini-celebrates-25-years-of-modern-mini,,,skip,category 1
2015-01-20,MINI celebrates its fourth consecutive overall win at the Dakar Rally // Nasser Al-Attiyah triumphs in the MINI ALL4 Racing // Four MINI ALL4 Racing cars among the five fastest cars.,https://www.press.bmwgroup.com/usa/article/detail/T0201505EN_US/mini-celebrates-its-fourth-consecutive-overall-win-at-the-dakar-rally-nasser-al-attiyah-triumphs-in-the-mini-all4-racing-four-mini-all4-racing-cars-among-the-five-fastest-cars,,,skip,category 1
2021-04-26,MINI celebrates production milestone - 20 years of the modern MINI.,https://www.press.bmwgroup.com/usa/article/detail/T0330769EN_US/mini-celebrates-production-milestone-20-years-of-the-modern-mini,,,skip,category 1
2020-12-02,MINI develops concepts for electric John Cooper Works models.,https://www.press.bmwgroup.com/usa/article/detail/T0321707EN_US/mini-develops-concepts-for-electric-john-cooper-works-models,,,skip,category 1
2022-12-19,"MINI expands its URBAN-X platform globally with the new MINI Impact program, strengthening its sustainability commitments.",https://www.press.bmwgroup.com/usa/article/detail/T0406864EN_US/mini-expands-its-urban-x-platform-globally-with-the-new-mini-impact-program-strengthening-its-sustainability-commitments,,,skip,category 1
2013-02-13,MINI goes Grammy. MINI makes its debut as official partner of the exclusive Warner Music Group after show party in Los Angeles.,https://www.press.bmwgroup.com/usa/article/detail/T0137052EN_US/mini-goes-grammy-mini-makes-its-debut-as-official-partner-of-the-exclusive-warner-music-group-after-show-party-in-los-angeles,,,skip,category 1
2015-02-26,MINI goes Gran Turismo®6. From today gamers can enjoy driving the virtual MINI Clubman Vision Gran Turismo.,https://www.press.bmwgroup.com/usa/article/detail/T0205922EN_US/mini-goes-gran-turismo®6-from-today-gamers-can-enjoy-driving-the-virtual-mini-clubman-vision-gran-turismo,,,skip,category 1
2019-08-19,MINI in Pebble Beach: High speed and high tension.,https://www.press.bmwgroup.com/usa/article/detail/T0300054EN_US/mini-in-pebble-beach:-high-speed-and-high-tension,,,skip,category 1
2013-03-27,MINI plant celebrates 100 years of automotive production in Oxford.,https://www.press.bmwgroup.com/usa/article/detail/T0139165EN_US/mini-plant-celebrates-100-years-of-automotive-production-in-oxford,,,skip,category 1
2023-04-10,"MINI presents Spike, the digital character for the new model family.",https://www.press.bmwgroup.com/usa/article/detail/T0412778EN_US/mini-presents-spike-the-digital-character-for-the-new-model-family,,,skip,category 1
2017-08-30,"MINI presents pure-electric design study at the IAA: the MINI Electric Concept, complete with iconic design and urban driving fun.",https://www.press.bmwgroup.com/usa/article/detail/T0273950EN_US/mini-presents-pure-electric-design-study-at-the-iaa:-the-mini-electric-concept-complete-with-iconic-design-and-urban-driving-fun,,,skip,category 1
2013-01-30,MINI provides creative highlights of the off-piste variety at the season’s curtain-raiser – the Burton European Open in Laax. The MINI Countryman takes a turn for the artistic.,https://www.press.bmwgroup.com/usa/article/detail/T0136742EN_US/mini-provides-creative-highlights-of-the-off-piste-variety-at-the-season’s-curtain-raiser-–-the-burton-european-open-in-laax-the-mini-countryman-takes-a-turn-for-the-artistic,,,skip,category 1
2024-04-24,MINI pulls an ace out of its sleeve with the first all-electric MINI Aceman. An interview with Oliver Heilmer.,https://www.press.bmwgroup.com/usa/article/detail/T0441428EN_US/mini-pulls-an-ace-out-of-its-sleeve-with-the-first-all-electric-mini-aceman-an-interview-with-oliver-heilmer,,,skip,category 1
2023-10-20,MINI says “Nice to Meet You Again”:  Global campaign for the launch of the New MINI Family.,https://www.press.bmwgroup.com/usa/article/detail/T0437845EN_US/mini-says-“nice-to-meet-you-again”:-global-campaign-for-the-launch-of-the-new-mini-family,,,skip,category 1
2012-12-05,MINI sets a world record approved by Guinness World Records™ for the longest wish list ever delivered to Santa Claus.,https://www.press.bmwgroup.com/usa/article/detail/T0134971EN_US/mini-sets-a-world-record-approved-by-guinness-world-records™-for-the-longest-wish-list-ever-delivered-to-santa-claus,,,skip,category 1
2014-03-31,MINI shoots and scores: The MINI Paceman GoalCooper.,https://www.press.bmwgroup.com/usa/article/detail/T0175646EN_US/mini-shoots-and-scores:-the-mini-paceman-goalcooper,,,skip,category 1
2013-01-11,MINI takes a look back over the most successful year in the brand’s history.,https://www.press.bmwgroup.com/usa/article/detail/T0136044EN_US/mini-takes-a-look-back-over-the-most-successful-year-in-the-brand’s-history,,,skip,category 1
2014-08-17,MINI turns 55: a small car with a great history.,https://www.press.bmwgroup.com/usa/article/detail/T0192048EN_US/mini-turns-55:-a-small-car-with-a-great-history,,,skip,category 1
2023-05-10,MINI unveils first design highlights of the future model family.,https://www.press.bmwgroup.com/usa/article/detail/T0416358EN_US/mini-unveils-first-design-highlights-of-the-future-model-family,,,skip,category 1
2026-04-15,MINI x Vagabund: Two One-Offs combining adventure attitude and sound culture.,https://www.press.bmwgroup.com/usa/article/detail/T0457153EN_US/mini-x-vagabund:-two-one-offs-combining-adventure-attitude-and-sound-culture,,,skip,category 1
2014-06-04,"MORE MINI, MORE POSSIBILITIES: THE NEW MINI HARDTOP 4 DOOR",https://www.press.bmwgroup.com/usa/article/detail/T0182482EN_US/more-mini-more-possibilities:-the-new-mini-hardtop-4-door,,,skip,category 1
2023-11-02,"MORE THAN 3,000 MINI OWNERS RALLY ON THE ROAD FOR NATIONWIDE MINI TOGETHER EVENT.",https://www.press.bmwgroup.com/usa/article/detail/T0438128EN_US/more-than-3-000-mini-owners-rally-on-the-road-for-nationwide-mini-together-event,,,skip,category 1
2015-06-24,"MOTORING GROWN UP, MEET THE NEW MINI CLUBMAN",https://www.press.bmwgroup.com/usa/article/detail/T0223557EN_US/motoring-grown-up-meet-the-new-mini-clubman,,,skip,category 1
2021-11-09,MOTUL Petit Le Mans at Road Atlanta: The BMW M8 GTE makes it farewell appearance in North America.,https://www.press.bmwgroup.com/usa/article/detail/T0356912EN_US/motul-petit-le-mans-at-road-atlanta:-the-bmw-m8-gte-makes-it-farewell-appearance-in-north-america,,,skip,category 1
2022-01-05,Magical exterior colour-change: The BMW iX Flow featuring E Ink.,https://www.press.bmwgroup.com/usa/article/detail/T0363540EN_US/magical-exterior-colour-change:-the-bmw-ix-flow-featuring-e-ink,,,skip,category 1
2012-06-03,Maiden DTM podium for BMW Team RMG: Martin Tomczyk finishes runner-up in Spielberg.,https://www.press.bmwgroup.com/usa/article/detail/T0127353EN_US/maiden-dtm-podium-for-bmw-team-rmg:-martin-tomczyk-finishes-runner-up-in-spielberg,,,skip,category 1
2016-03-18,Maiden pole position for the BMW M6 GTLM in Sebring – Auberlen and Edwards lock out front row for BMW Team RLL.,https://www.press.bmwgroup.com/usa/article/detail/T0258408EN_US/maiden-pole-position-for-the-bmw-m6-gtlm-in-sebring-–-auberlen-and-edwards-lock-out-front-row-for-bmw-team-rll,,,skip,category 1
2014-08-11,Management Changes Announced for BMW of North America,https://www.press.bmwgroup.com/usa/article/detail/T0191464EN_US/management-changes-announced-for-bmw-of-north-america,,,skip,category 1
2016-08-03,Management changes within BMW Group Communications.,https://www.press.bmwgroup.com/usa/article/detail/T0262703EN_US/management-changes-within-bmw-group-communications,,,skip,category 1
2015-06-02,Mark Buche Joins BMW Motorrad USA As Marketing Communications Manager,https://www.press.bmwgroup.com/usa/article/detail/T0220543EN_US/mark-buche-joins-bmw-motorrad-usa-as-marketing-communications-manager,,,skip,category 1
2024-08-15,"Mattel, AirConsole, and BMW Group Announce World Premiere of UNO® Car Party! for In-Car Gaming.",https://www.press.bmwgroup.com/usa/article/detail/T0444452EN_US/mattel-airconsole-and-bmw-group-announce-world-premiere-of-uno®-car-party-for-in-car-gaming,,,skip,category 1
2018-02-26,Media Advisory: Corporate Communications Personnel Changes,https://www.press.bmwgroup.com/usa/article/detail/T0278799EN_US/media-advisory:-corporate-communications-personnel-changes,,,skip,category 1
2016-07-19,Media Alert:  BMW Celebrates 100th Anniversary at Monterey Car Week.,https://www.press.bmwgroup.com/usa/article/detail/T0262158EN_US/media-alert:-bmw-celebrates-100th-anniversary-at-monterey-car-week,,,skip,category 1
2017-11-08,"Media Alert: BMW Group Electrifies the Los Angeles Auto Show with a to-be-Announced World Debut and the North American Premieres of the BMW i Vision Dynamics, MINI Electric Concept, and BMW i3s.",https://www.press.bmwgroup.com/usa/article/detail/T0275976EN_US/media-alert:-bmw-group-electrifies-the-los-angeles-auto-show-with-a-to-be-announced-world-debut-and-the-north-american-premieres-of-the-bmw-i-vision-dynamics-mini-electric-concept-and-bmw-i3s,,,skip,category 1
2018-02-21,Media Alert: BMW K 1600 Grand America And G 310 GS Added To Demo Lineup At Daytona,https://www.press.bmwgroup.com/usa/article/detail/T0278725EN_US/media-alert:-bmw-k-1600-grand-america-and-g-310-gs-added-to-demo-lineup-at-daytona,,,skip,category 1
2014-08-11,Media Alert: BMW Media Preview of Three Key Vehicles Prior to Public Unveilings During Rolex Monterey Motorsports Reunion and Pebble Beach Concours d’Elegance,https://www.press.bmwgroup.com/usa/article/detail/T0191466EN_US/media-alert:-bmw-media-preview-of-three-key-vehicles-prior-to-public-unveilings-during-rolex-monterey-motorsports-reunion-and-pebble-beach-concours-d’elegance,,,skip,category 1
2019-10-03,Media Alert: BMW Motorrad Press Conference At EICMA – November 5,https://www.press.bmwgroup.com/usa/article/detail/T0301446EN_US/media-alert:-bmw-motorrad-press-conference-at-eicma-–-november-5,,,skip,category 1
2018-11-13,"Media Alert: BMW Motorrad USA Press Conference – Friday, November 16 At Progressive International Motorcycle Show In Long Beach, CA",https://www.press.bmwgroup.com/usa/article/detail/T0286965EN_US/media-alert:-bmw-motorrad-usa-press-conference-–-friday-november-16-at-progressive-international-motorcycle-show-in-long-beach-ca,,,skip,category 1
2017-11-16,"Media Alert: BMW Motorrad USA Press Conference – Friday, November 17 At Progressive International Motorcycle Show In Long Beach, CA",https://www.press.bmwgroup.com/usa/article/detail/T0276221EN_US/media-alert:-bmw-motorrad-usa-press-conference-–-friday-november-17-at-progressive-international-motorcycle-show-in-long-beach-ca,,,skip,category 1
2019-01-03,Media Alert: BMW Motorrad USA Revs Up Dallas This Weekend At The Progressive International Motorcycle Show,https://www.press.bmwgroup.com/usa/article/detail/T0289346EN_US/media-alert:-bmw-motorrad-usa-revs-up-dallas-this-weekend-at-the-progressive-international-motorcycle-show,,,skip,category 1
2018-11-28,Media Alert: BMW Motorrad USA Revs Up Manhattan This Weekend At The Progressive International Motorcycle Show,https://www.press.bmwgroup.com/usa/article/detail/T0287710EN_US/media-alert:-bmw-motorrad-usa-revs-up-manhattan-this-weekend-at-the-progressive-international-motorcycle-show,,,skip,category 1
2017-11-30,Media Alert: BMW Motorrad USA Revs Up Manhattan This Weekend At The Progressive International Motorcycle Show,https://www.press.bmwgroup.com/usa/article/detail/T0276687EN_US/media-alert:-bmw-motorrad-usa-revs-up-manhattan-this-weekend-at-the-progressive-international-motorcycle-show,,,skip,category 1
2017-12-06,Media Alert: BMW Motorrad USA Revs Up Minneapolis This Weekend At The Progressive International Motorcycle Show,https://www.press.bmwgroup.com/usa/article/detail/T0276928EN_US/media-alert:-bmw-motorrad-usa-revs-up-minneapolis-this-weekend-at-the-progressive-international-motorcycle-show,,,skip,category 1
2018-07-25,Media Alert: BMW To Unveil World Premiere Production Car During Monterey Car Week.,https://www.press.bmwgroup.com/usa/article/detail/T0283545EN_US/media-alert:-bmw-to-unveil-world-premiere-production-car-during-monterey-car-week,,,skip,category 1
2017-08-15,Media Alert: BMW to unveil World Premiere of an all-new BMW Roadster Concept and the exclusive North American Premiere of the BMW Concept 8 Series.,https://www.press.bmwgroup.com/usa/article/detail/T0273668EN_US/media-alert:-bmw-to-unveil-world-premiere-of-an-all-new-bmw-roadster-concept-and-the-exclusive-north-american-premiere-of-the-bmw-concept-8-series,,,skip,category 1
2013-09-06,"Media Alert: PGA TOUR Golfers Rory McIlroy and Gary Woodland to Compete in Driving Challenge to Kick Off BMW Championship Week and to Award $100,000 Evans Scholarship",https://www.press.bmwgroup.com/usa/article/detail/T0145494EN_US/media-alert:-pga-tour-golfers-rory-mcilroy-and-gary-woodland-to-compete-in-driving-challenge-to-kick-off-bmw-championship-week-and-to-award-100-000-evans-scholarship,,,skip,category 1
2019-07-11,Media Alert: Promises Delivered: BMW Group To Unveil Several North American Premiere Vehicles during Monterey Car Week in August.,https://www.press.bmwgroup.com/usa/article/detail/T0298651EN_US/media-alert:-promises-delivered:-bmw-group-to-unveil-several-north-american-premiere-vehicles-during-monterey-car-week-in-august,,,skip,category 1
2023-09-01,Minimalist all-rounder: The new MINI Countryman.,https://www.press.bmwgroup.com/usa/article/detail/T0435358EN_US/minimalist-all-rounder:-the-new-mini-countryman,,,skip,category 1
2022-06-05,Mo Podium Finishes for BMW Customer Racing Teams in Mo Town; Paul Miller Racing BMW M4 GT3 Third in Detroit to Keep Lead in Sprint Standings.,https://www.press.bmwgroup.com/usa/article/detail/T0396833EN_US/mo-podium-finishes-for-bmw-customer-racing-teams-in-mo-town;-paul-miller-racing-bmw-m4-gt3-third-in-detroit-to-keep-lead-in-sprint-standings,,,skip,category 1
2012-11-13,Mobility Experts from Around the Country Help Kick-Off the BMW i “Born Electric” World Tour in New York City,https://www.press.bmwgroup.com/usa/article/detail/T0134384EN_US/mobility-experts-from-around-the-country-help-kick-off-the-bmw-i-“born-electric”-world-tour-in-new-york-city,,,skip,category 2
2012-11-12,"Mobility Experts from Around the Country Help Kick-Off the BMW i “Born Electric” World Tour on Tuesday, November 13",https://www.press.bmwgroup.com/usa/article/detail/T0134350EN_US/mobility-experts-from-around-the-country-help-kick-off-the-bmw-i-“born-electric”-world-tour-on-tuesday-november-13,,,skip,category 1
2019-08-12,Monterey Car Week. Promises Delivered.,https://www.press.bmwgroup.com/usa/article/detail/T0299915EN_US/monterey-car-week-promises-delivered,,,skip,category 1
2016-06-24,More Focus In The Open Workspace.  Designworks teams with Allsteel for new seating solutions in the open-plan office.,https://www.press.bmwgroup.com/usa/article/detail/T0261425EN_US/more-focus-in-the-open-workspace-designworks-teams-with-allsteel-for-new-seating-solutions-in-the-open-plan-office,,,skip,category 1
2023-05-16,More Power To You: BMW of North America and PG&E Start V2X Testing in California.,https://www.press.bmwgroup.com/usa/article/detail/T0417218EN_US/more-power-to-you:-bmw-of-north-america-and-pg-e-start-v2x-testing-in-california,,,skip,category 1
2016-09-21,More Space for Racing Passion: The New MINI John Cooper Works Clubman,https://www.press.bmwgroup.com/usa/article/detail/T0263910EN_US/more-space-for-racing-passion:-the-new-mini-john-cooper-works-clubman,,,skip,category 1
2013-03-11,"More models, more information: The John Cooper Works eBook 2.0.",https://www.press.bmwgroup.com/usa/article/detail/T0137632EN_US/more-models-more-information:-the-john-cooper-works-ebook-2-0,,,skip,category 1
2026-07-30,"More speed, more efficiency: BMW Group realigns for tougher competition",https://www.press.bmwgroup.com/usa/article/detail/T0459783EN_US/more-speed-more-efficiency:-bmw-group-realigns-for-tougher-competition,,,skip,category 1
2023-03-30,Most Powerful BMW Production Vehicle to Date Leaves MLB All-Stars “Speechless” in Latest Campaign from BMW of North America.,https://www.press.bmwgroup.com/usa/article/detail/T0412244EN_US/most-powerful-bmw-production-vehicle-to-date-leaves-mlb-all-stars-“speechless”-in-latest-campaign-from-bmw-of-north-america,,,skip,category 1
2013-07-01,"Motorcycle Land Speed Record Holder Valerie Thompson To Appear At BMW Motorrad Days In Garmisch-Partenkirchen, Germany",https://www.press.bmwgroup.com/usa/article/detail/T0143334EN_US/motorcycle-land-speed-record-holder-valerie-thompson-to-appear-at-bmw-motorrad-days-in-garmisch-partenkirchen-germany,,,skip,category 2
2014-09-15,Motorcycle Racer Valerie Thompson Pilots BMW S 1000 RR To New Land Speed Record At Bonneville Salt Flats World Of Speed Competition,https://www.press.bmwgroup.com/usa/article/detail/T0193371EN_US/motorcycle-racer-valerie-thompson-pilots-bmw-s-1000-rr-to-new-land-speed-record-at-bonneville-salt-flats-world-of-speed-competition,,,skip,category 1
2013-05-17,Mugello to become a hotspot for classic Mini fans.,https://www.press.bmwgroup.com/usa/article/detail/T0141988EN_US/mugello-to-become-a-hotspot-for-classic-mini-fans,,,skip,category 1
2019-12-11,Muslim-Jewish American Organization “Sisterhood of Salaam Shalom” Receives BMW Group-UNAOC Intercultural Innovation Award.,https://www.press.bmwgroup.com/usa/article/detail/T0303709EN_US/muslim-jewish-american-organization-“sisterhood-of-salaam-shalom”-receives-bmw-group-unaoc-intercultural-innovation-award,,,skip,category 1
2023-04-20,NEW CONSUMER SURVEY FROM MINI USA SHOWS ALMOST HALF OF AMERICANS READY TO BUY AN ELECTRIC VEHICLE IN THE NEXT FIVE YEARS.,https://www.press.bmwgroup.com/usa/article/detail/T0413878EN_US/new-consumer-survey-from-mini-usa-shows-almost-half-of-americans-ready-to-buy-an-electric-vehicle-in-the-next-five-years,,,skip,category 1
2022-04-21,NEW CONSUMER SURVEY FROM MINI USA SHOWS MORE AMERICANS VIEW ELECTRIC VEHICLES AS A PRIMARY CAR IN THE HOUSEHOLD AS AVERAGE DAILY DRIVING DISTANCES REMAIN WELL WITHIN EV RANGE.,https://www.press.bmwgroup.com/usa/article/detail/T0383394EN_US/new-consumer-survey-from-mini-usa-shows-more-americans-view-electric-vehicles-as-a-primary-car-in-the-household-as-average-daily-driving-distances-remain-well-within-ev-range,,,skip,category 1
2024-06-05,NEW CONSUMER SURVEY REVEALS MAJORITY OF AMERICANS ARE STILL OPEN TO BUYING ELECTRIC VEHICLES DESPITE CHANGING EV MARKET.,https://www.press.bmwgroup.com/usa/article/detail/T0442867EN_US/new-consumer-survey-reveals-majority-of-americans-are-still-open-to-buying-electric-vehicles-despite-changing-ev-market,,,skip,category 1
2024-03-26,NEXT GENERATION MINI COOPER S HARDTOP HITS THE STREETS OF NEW YORK FOR NORTH AMERICAN DEBUT.,https://www.press.bmwgroup.com/usa/article/detail/T0440706EN_US/next-generation-mini-cooper-s-hardtop-hits-the-streets-of-new-york-for-north-american-debut,,,skip,category 1
2024-04-10,NEXT GENERATION MINI COUNTRYMAN S ALL4 MAKES NORTH AMERICAN DEBUT ON CROSS-COUNTRY US ROADSHOW.,https://www.press.bmwgroup.com/usa/article/detail/T0441041EN_US/next-generation-mini-countryman-s-all4-makes-north-american-debut-on-cross-country-us-roadshow,,,skip,category 1
2020-09-21,NUMBER 37 IS BACK ON THE STARTING LINE:  THE MINI PADDY HOPKIRK EDITION,https://www.press.bmwgroup.com/usa/article/detail/T0317325EN_US/number-37-is-back-on-the-starting-line:-the-mini-paddy-hopkirk-edition,,,skip,category 1
2017-05-08,Nate Kern Earns Podium Finish In Round One Of WERA Triple Crown On Stock BMW S 1000 RR,https://www.press.bmwgroup.com/usa/article/detail/T0270527EN_US/nate-kern-earns-podium-finish-in-round-one-of-wera-triple-crown-on-stock-bmw-s-1000-rr,,,skip,category 1
2017-10-12,Nate Kern Grabs Two National Championships aboard a BMW R nineT In AHRMA Racing at 13th Annual Barber Vintage Festival,https://www.press.bmwgroup.com/usa/article/detail/T0275062EN_US/nate-kern-grabs-two-national-championships-aboard-a-bmw-r-ninet-in-ahrma-racing-at-13th-annual-barber-vintage-festival,,,skip,category 1
2013-05-17,"Neale Bayly Rides: Peru Takes Doctor, Entrepreneur & “Whiskey Priest” On Extreme Motorcycle Adventure With A Purpose",https://www.press.bmwgroup.com/usa/article/detail/T0141921EN_US/neale-bayly-rides:-peru-takes-doctor-entrepreneur-“whiskey-priest”-on-extreme-motorcycle-adventure-with-a-purpose,,,skip,category 1
2023-05-12,"New BMW Films Production ‘The Calm’, Starring Pom Klementieff, Uma Thurman, and the 100% Electric BMW i7 M70 xDrive to Make World Premiere in Cannes.",https://www.press.bmwgroup.com/usa/article/detail/T0416838EN_US/new-bmw-films-production-the-calm’-starring-pom-klementieff-uma-thurman-and-the-100-electric-bmw-i7-m70-xdrive-to-make-world-premiere-in-cannes,,,skip,category 1
2018-03-18,New BMW M8 GTE races to first podium finish at Sebring.,https://www.press.bmwgroup.com/usa/article/detail/T0279309EN_US/new-bmw-m8-gte-races-to-first-podium-finish-at-sebring,,,skip,category 1
2025-01-07,New BMW Panoramic iDrive Revolutionizes Vehicle Operation.,https://www.press.bmwgroup.com/usa/article/detail/T0447356EN_US/new-bmw-panoramic-idrive-revolutionizes-vehicle-operation,,,skip,category 1
2012-12-18,New BMW Z4 Roadster.,https://www.press.bmwgroup.com/usa/article/detail/T0135352EN_US/new-bmw-z4-roadster,,,skip,category 1
2018-02-16,New BMW and UTI Program Prepares Service Members for Civilian Careers as BMW Automotive Technicians,https://www.press.bmwgroup.com/usa/article/detail/T0278605EN_US/new-bmw-and-uti-program-prepares-service-members-for-civilian-careers-as-bmw-automotive-technicians,,,skip,category 1
2016-12-17,New Equipment Offerings for the MY18 BMW 6 Series.,https://www.press.bmwgroup.com/usa/article/detail/T0266686EN_US/new-equipment-offerings-for-the-my18-bmw-6-series,,,skip,category 1
2019-08-05,New Leadership for BMW Group Technology Office in Silicon Valley.,https://www.press.bmwgroup.com/usa/article/detail/T0299749EN_US/new-leadership-for-bmw-group-technology-office-in-silicon-valley,,,skip,category 1
2016-11-01,New MINI John Cooper Works Clubman Makes North American Premiere at SEMA Show,https://www.press.bmwgroup.com/usa/article/detail/T0265435EN_US/new-mini-john-cooper-works-clubman-makes-north-american-premiere-at-sema-show,,,skip,category 1
2024-05-22,New MINI John Cooper Works to Debut at 24 Hours of Nürburgring Ahead of its World Premiere.,https://www.press.bmwgroup.com/usa/article/detail/T0442361EN_US/new-mini-john-cooper-works-to-debut-at-24-hours-of-nuerburgring-ahead-of-its-world-premiere,,,skip,category 1
2023-07-27,"New MINI family takes digital quantum leap with cutting-edge technology stack, round OLED display and MINI Operating System 9.",https://www.press.bmwgroup.com/usa/article/detail/T0425698EN_US/new-mini-family-takes-digital-quantum-leap-with-cutting-edge-technology-stack-round-oled-display-and-mini-operating-system-9,,,skip,category 1
2023-03-21,New Study Shows That BMW Manufacturing Remains a Significant Economic Driver in South Carolina.,https://www.press.bmwgroup.com/usa/article/detail/T0411581EN_US/new-study-shows-that-bmw-manufacturing-remains-a-significant-economic-driver-in-south-carolina,,,skip,category 1
2024-09-18,"New Tech Firm Formed by Automakers to Help Manage Flow of Data, Energy Between EVs and Power Grid.",https://www.press.bmwgroup.com/usa/article/detail/T0445118EN_US/new-tech-firm-formed-by-automakers-to-help-manage-flow-of-data-energy-between-evs-and-power-grid,,,skip,category 1
2012-09-05,New World and National Records For BMW Motorcycles Andy Sills and Erin Hunter Pilot the BMW S 1000 RR to New Heights at Bonneville,https://www.press.bmwgroup.com/usa/article/detail/T0131528EN_US/new-world-and-national-records-for-bmw-motorcycles-andy-sills-and-erin-hunter-pilot-the-bmw-s-1000-rr-to-new-heights-at-bonneville,,,skip,category 1
2017-04-01,New accessories for the MINI Convertible: The John Cooker Works Package.,https://www.press.bmwgroup.com/usa/article/detail/T0269480EN_US/new-accessories-for-the-mini-convertible:-the-john-cooker-works-package,,,skip,category 1
2022-06-06,"New design, new name: exciting camouflage livery with traditional elements for the BMW M Hybrid V8.",https://www.press.bmwgroup.com/usa/article/detail/T0396593EN_US/new-design-new-name:-exciting-camouflage-livery-with-traditional-elements-for-the-bmw-m-hybrid-v8,,,skip,category 1
2013-07-09,New heights of luxury: DesignworksUSA brings a premium experience to airline passengers.,https://www.press.bmwgroup.com/usa/article/detail/T0143587EN_US/new-heights-of-luxury:-designworksusa-brings-a-premium-experience-to-airline-passengers,,,skip,category 1
2019-04-08,New leadership for MINI,https://www.press.bmwgroup.com/usa/article/detail/T0294307EN_US/new-leadership-for-mini,,,skip,category 1
2012-07-05,New record: Ten million visitors for BMW Welt,https://www.press.bmwgroup.com/usa/article/detail/T0128309EN_US/new-record:-ten-million-visitors-for-bmw-welt,,,skip,category 1
2022-01-05,New soundscapes for pure-electric driving pleasure: BMW IconicSounds Electric.,https://www.press.bmwgroup.com/usa/article/detail/T0363543EN_US/new-soundscapes-for-pure-electric-driving-pleasure:-bmw-iconicsounds-electric,,,skip,category 2
2012-08-06,Newest Personalized Radio App for BMW and MINI: Stitcher Smart Radio.,https://www.press.bmwgroup.com/usa/article/detail/T0129264EN_US/newest-personalized-radio-app-for-bmw-and-mini:-stitcher-smart-radio,,,skip,category 1
2022-09-28,Next generation BMW voice assistant to be based on Amazon Alexa technology.,https://www.press.bmwgroup.com/usa/article/detail/T0404171EN_US/next-generation-bmw-voice-assistant-to-be-based-on-amazon-alexa-technology,,,skip,category 1
2012-11-20,Night of the White Gloves at the BMW Museum. BMW history – a hands-on experience.,https://www.press.bmwgroup.com/usa/article/detail/T0134513EN_US/night-of-the-white-gloves-at-the-bmw-museum-bmw-history-–-a-hands-on-experience,,,skip,category 1
2023-05-15,No. 24 BMW M Hybrid V8 Finishes Fifth at Laguna Seca. Turner Motorsport BMW M4 GT3 Scores Runner-Up Finish in GTD.,https://www.press.bmwgroup.com/usa/article/detail/T0417058EN_US/no-24-bmw-m-hybrid-v8-finishes-fifth-at-laguna-seca-turner-motorsport-bmw-m4-gt3-scores-runner-up-finish-in-gtd,,,skip,category 1
2018-04-15,No. 24 BMW M8 GTE of Edwards and Krohn Finishes Fifth at Long Beach; No. 25 BMW M8 GTE Retired After Leading 9 Laps Early in Race.,https://www.press.bmwgroup.com/usa/article/detail/T0280186EN_US/no-24-bmw-m8-gte-of-edwards-and-krohn-finishes-fifth-at-long-beach;-no-25-bmw-m8-gte-retired-after-leading-9-laps-early-in-race,,,skip,category 1
2023-07-09,No. 25 BMW M Hybrid V8 Finishes Third at Canadian Tire Motorsport Park to Record BMW M Team RLL’s 100th Podium; No. 1 BMW M4 GT3 Wins GTD.,https://www.press.bmwgroup.com/usa/article/detail/T0423399EN_US/no-25-bmw-m-hybrid-v8-finishes-third-at-canadian-tire-motorsport-park-to-record-bmw-m-team-rll’s-100th-podium;-no-1-bmw-m4-gt3-wins-gtd,,,skip,category 1
2023-09-18,No. 25 BMW M Hybrid V8 Finishes Third at Indy. No. 1 Paul Miller Racing BMW M4 GT3 Clinches IMSA WeatherTech SportsCar GTD Championship With Third-Place Finish.,https://www.press.bmwgroup.com/usa/article/detail/T0437081EN_US/no-25-bmw-m-hybrid-v8-finishes-third-at-indy-no-1-paul-miller-racing-bmw-m4-gt3-clinches-imsa-weathertech-sportscar-gtd-championship-with-third-place-finish,,,skip,category 1
2023-04-16,No. 25 BMW M Hybrid V8 Scores Second Consecutive Runner-up Result with Second Place GTP Finish at Long Beach. No. 24 Finishes Fourth.  Paul Miller Racing BMW M4 GT3 Repeats Long Beach GTD Class Victory.,https://www.press.bmwgroup.com/usa/article/detail/T0413418EN_US/no-25-bmw-m-hybrid-v8-scores-second-consecutive-runner-up-result-with-second-place-gtp-finish-at-long-beach-no-24-finishes-fourth-paul-miller-racing-bmw-m4-gt3-repeats-long-beach-gtd-class-victory,,,skip,category 1
2012-12-03,North American Launch of the “BMW Art Guide by Independent Collectors” to Kick off at Art Basel Miami Beach,https://www.press.bmwgroup.com/usa/article/detail/T0134773EN_US/north-american-launch-of-the-“bmw-art-guide-by-independent-collectors”-to-kick-off-at-art-basel-miami-beach,,,skip,category 1
2021-02-17,Not even ice and snow can slow it down: The MINI John Cooper Works GP.,https://www.press.bmwgroup.com/usa/article/detail/T0326409EN_US/not-even-ice-and-snow-can-slow-it-down:-the-mini-john-cooper-works-gp,,,skip,category 1
2012-08-17,OFFICIAL PEBBLE BEACH RAFFLE PRIZE: MINI JOHN COOPER WORKS GP,https://www.press.bmwgroup.com/usa/article/detail/T0130344EN_US/official-pebble-beach-raffle-prize:-mini-john-cooper-works-gp,,,skip,category 1
2019-11-04,ON THE WAY TO THE STARTING LINE:  US MARKET PRICING ANNOUNCED FOR THE NEW HIGH-PERFORMANCE MINI JOHN COOPER WORKS GP.,https://www.press.bmwgroup.com/usa/article/detail/T0302317EN_US/on-the-way-to-the-starting-line:-us-market-pricing-announced-for-the-new-high-performance-mini-john-cooper-works-gp,,,skip,category 1
2015-08-19,Oak Tree Grand Prix at VIRginia International Raceway Preview.,https://www.press.bmwgroup.com/usa/article/detail/T0230882EN_US/oak-tree-grand-prix-at-virginia-international-raceway-preview,,,skip,category 1
2017-05-11,Offical Statement BMW of North America on ABC News Reporting.,https://www.press.bmwgroup.com/usa/article/detail/T0270678EN_US/offical-statement-bmw-of-north-america-on-abc-news-reporting,,,skip,category 1
2019-07-18,Oliver Zipse appointed new Chairman of the Board of Management of BMW AG,https://www.press.bmwgroup.com/usa/article/detail/T0298911EN_US/oliver-zipse-appointed-new-chairman-of-the-board-of-management-of-bmw-ag,,,skip,category 1
2013-07-29,"On Monday, July 29th BMW Unveiled the BMW i3 Production Model to the World at Simultaneous Events in New York City, London and Beijing, with Special Guest Mayor Michael R. Bloomberg",https://www.press.bmwgroup.com/usa/article/detail/T0144269EN_US/on-monday-july-29th-bmw-unveiled-the-bmw-i3-production-model-to-the-world-at-simultaneous-events-in-new-york-city-london-and-beijing-with-special-guest-mayor-michael-r-bloomberg,,,skip,category 1
2021-05-17,On the final straight to unique driving dynamics: The new BMW 2 Series Coupé.,https://www.press.bmwgroup.com/usa/article/detail/T0332529EN_US/on-the-final-straight-to-unique-driving-dynamics:-the-new-bmw-2-series-coupé,,,skip,category 1
2025-06-23,On the podium again! MINI JCW and Bulldog Racing in 2nd place in the SP3T-class at the 24 Hours of Nürburgring.,https://www.press.bmwgroup.com/usa/article/detail/T0450956EN_US/on-the-podium-again-mini-jcw-and-bulldog-racing-in-2nd-place-in-the-sp3t-class-at-the-24-hours-of-nuerburgring,,,skip,category 1
2014-06-04,One Million Vehicles on the Road with BMW AssistTM and Counting,https://www.press.bmwgroup.com/usa/article/detail/T0182647EN_US/one-million-vehicles-on-the-road-with-bmw-assisttm-and-counting,,,skip,category 1
2017-07-09,"One Week - Two Races, Two Countries, Two Wins; BMW M6 GTLM Finishes First and Second at Canadian Tire Motorsport Park!",https://www.press.bmwgroup.com/usa/article/detail/T0272526EN_US/one-week-two-races-two-countries-two-wins;-bmw-m6-gtlm-finishes-first-and-second-at-canadian-tire-motorsport-park,,,skip,category 1
2014-08-14,One-of-a-Kind BMW i8 Concours d’Elegance Edition to be Auctioned During Pebble Beach Concours d’Elegance Weekend,https://www.press.bmwgroup.com/usa/article/detail/T0189504EN_US/one-of-a-kind-bmw-i8-concours-d’elegance-edition-to-be-auctioned-during-pebble-beach-concours-d’elegance-weekend,,,skip,category 1
2014-01-07,One-two-three overall for MINI at the Dakar // Roma and Holowczyc taking the Andes’ first foothills by storm.,https://www.press.bmwgroup.com/usa/article/detail/T0163688EN_US/one-two-three-overall-for-mini-at-the-dakar-roma-and-holowczyc-taking-the-andes’-first-foothills-by-storm,,,skip,category 1
2015-10-23,Open Driving Excitement: Introducing the New MINI Convertible,https://www.press.bmwgroup.com/usa/article/detail/T0240122EN_US/open-driving-excitement:-introducing-the-new-mini-convertible,,,skip,category 1
2012-05-24,Opening of the production site Tiexi,https://www.press.bmwgroup.com/usa/article/detail/T0127117EN_US/opening-of-the-production-site-tiexi,,,skip,category 2
2026-04-20,OrangeCat Racing Kicks Off Season at MotoAmerica Superbikes at Road Atlanta with two podium finishes and a hard-earned fifth.,https://www.press.bmwgroup.com/usa/article/detail/T0457254EN_US/orangecat-racing-kicks-off-season-at-motoamerica-superbikes-at-road-atlanta-with-two-podium-finishes-and-a-hard-earned-fifth,,,skip,category 1
2026-05-18,OrangeCat Racing at MotoAmerica Superbikes at Barber Weekend. Sean Dylan Kelly and the BMW M 1000 RR capture 3rd podium finish of the season.,https://www.press.bmwgroup.com/usa/article/detail/T0457937EN_US/orangecat-racing-at-motoamerica-superbikes-at-barber-weekend-sean-dylan-kelly-and-the-bmw-m-1000-rr-capture-3rd-podium-finish-of-the-season,,,skip,category 1
2026-06-01,OrangeCat Racing at MotoAmerica Superbikes at Road America Weekend. Sean Dylan Kelly and the BMW M 1000 RR Capture their First Victory of the Season.,https://www.press.bmwgroup.com/usa/article/detail/T0458242EN_US/orangecat-racing-at-motoamerica-superbikes-at-road-america-weekend-sean-dylan-kelly-and-the-bmw-m-1000-rr-capture-their-first-victory-of-the-season,,,skip,category 1
2018-08-14,Out of the car in less than five seconds: Alessandro Zanardi well prepared in terms of safety.,https://www.press.bmwgroup.com/usa/article/detail/T0284049EN_US/out-of-the-car-in-less-than-five-seconds:-alessandro-zanardi-well-prepared-in-terms-of-safety,,,skip,category 1
2013-07-03,Outrageous! MINI secretly photographed at private getaway.,https://www.press.bmwgroup.com/usa/article/detail/T0143422EN_US/outrageous-mini-secretly-photographed-at-private-getaway,,,skip,category 1
2026-05-11,Outstanding safety: MINI sets new benchmarks in occupant protection.,https://www.press.bmwgroup.com/usa/article/detail/T0457747EN_US/outstanding-safety:-mini-sets-new-benchmarks-in-occupant-protection,,,skip,category 1
2013-09-11,PGA Golfer Rory McIlroy Challenged Gary Woodland in Driving Event To Kick Off BMW Championship Week.,https://www.press.bmwgroup.com/usa/article/detail/T0145628EN_US/pga-golfer-rory-mcilroy-challenged-gary-woodland-in-driving-event-to-kick-off-bmw-championship-week,,,skip,category 1
2015-03-18,PIXELS: The latest sci-fi comedy by Sony Pictures sees the MINI Cooper S come to the rescue of the world.,https://www.press.bmwgroup.com/usa/article/detail/T0208862EN_US/pixels:-the-latest-sci-fi-comedy-by-sony-pictures-sees-the-mini-cooper-s-come-to-the-rescue-of-the-world,,,skip,category 1
2022-10-18,POSTCARD STORY. MINI COOPER S CABRIO RESOLUTE EDITION.,https://www.press.bmwgroup.com/usa/article/detail/T0404843EN_US/postcard-story-mini-cooper-s-cabrio-resolute-edition,,,skip,category 1
2023-03-14,POSTCARD STORY. MINI COOPER S CLUBMAN UNTOLD EDITION.,https://www.press.bmwgroup.com/usa/article/detail/T0410805EN_US/postcard-story-mini-cooper-s-clubman-untold-edition,,,skip,category 1
2023-11-09,POWERFUL APPEARANCE AND MAXIMUM PERFORMANCE: THE NEW MINI JOHN COOPER WORKS COUNTRYMAN.,https://www.press.bmwgroup.com/usa/article/detail/T0438182EN_US/powerful-appearance-and-maximum-performance:-the-new-mini-john-cooper-works-countryman,,,skip,category 1
2013-10-10,PREMIUM DRIVER ASSISTANCE SYSTEMS COMING TO NEW MINI HARDTOP,https://www.press.bmwgroup.com/usa/article/detail/T0150025EN_US/premium-driver-assistance-systems-coming-to-new-mini-hardtop,,,skip,category 1
2013-04-03,PRESTIGE MINI TO BE FIRST MINI DEALERSHIP NATIONWIDE TO LAUNCH eCONTRACTING,https://www.press.bmwgroup.com/usa/article/detail/T0139246EN_US/prestige-mini-to-be-first-mini-dealership-nationwide-to-launch-econtracting,,,skip,category 1
2020-09-11,"Paddy Hopkirk: Gentleman, legend in the classic Mini and fifth Beatle.",https://www.press.bmwgroup.com/usa/article/detail/T0316507EN_US/paddy-hopkirk:-gentleman-legend-in-the-classic-mini-and-fifth-beatle,,,skip,category 1
2013-02-08,Paris Photo Los Angeles. BMW is extending its long-term partnership with Paris Photo art fair by supporting its first Los Angeles edition.,https://www.press.bmwgroup.com/usa/article/detail/T0136960EN_US/paris-photo-los-angeles-bmw-is-extending-its-long-term-partnership-with-paris-photo-art-fair-by-supporting-its-first-los-angeles-edition,,,skip,category 1
2012-09-27,Paris. Mondial de l'Automobile.,https://www.press.bmwgroup.com/usa/article/detail/T0132644EN_US/paris-mondial-de-l-automobile,,,skip,category 1
2013-10-11,Participatory City: 100 Urban Trends from the BMW Guggenheim Lab opens at the Guggenheim Museum. Exhibition examines themes and ideas about urban life drawn from the Lab’s global journey.,https://www.press.bmwgroup.com/usa/article/detail/T0150171EN_US/participatory-city:-100-urban-trends-from-the-bmw-guggenheim-lab-opens-at-the-guggenheim-museum-exhibition-examines-themes-and-ideas-about-urban-life-drawn-from-the-lab’s-global-journey,,,skip,category 1
2019-11-20,Partnership for the sound of the future: Hans Zimmer is now official composer and curator for BMW IconicSounds Electric,https://www.press.bmwgroup.com/usa/article/detail/T0302891EN_US/partnership-for-the-sound-of-the-future:-hans-zimmer-is-now-official-composer-and-curator-for-bmw-iconicsounds-electric,,,skip,category 1
2012-05-25,Passion in porcelain for the Concorso d’Eleganza Villa d’ Este.,https://www.press.bmwgroup.com/usa/article/detail/T0127166EN_US/passion-in-porcelain-for-the-concorso-d’eleganza-villa-d’-este,,,skip,category 1
2019-11-20,Pasture to Power: The BMW Group and Straus Organic Dairy Farm Deliver Clean Energy for California.,https://www.press.bmwgroup.com/usa/article/detail/T0302850EN_US/pasture-to-power:-the-bmw-group-and-straus-organic-dairy-farm-deliver-clean-energy-for-california,,,skip,category 1
2022-07-17,Paul Miller Racing BMW M4 GT3  Wins in GTD at Lime Rock Park!  Mechanical Issues Upend BMW M Team RLL and Turner Motorsport.,https://www.press.bmwgroup.com/usa/article/detail/T0402313EN_US/paul-miller-racing-bmw-m4-gt3-wins-in-gtd-at-lime-rock-park-mechanical-issues-upend-bmw-m-team-rll-and-turner-motorsport,,,skip,category 1
2022-08-07,Paul Miller Racing BMW M4 GT3 Clinches IMSA Sprint Cup Championship! BMW M Team RLL Posts a Fifth Place GTD PRO Finish at Road America.,https://www.press.bmwgroup.com/usa/article/detail/T0402860EN_US/paul-miller-racing-bmw-m4-gt3-clinches-imsa-sprint-cup-championship-bmw-m-team-rll-posts-a-fifth-place-gtd-pro-finish-at-road-america,,,skip,category 1
2022-04-11,Paul Miller Racing BMW M4 GT3 Rockets to First IMSA GT Daytona Class Victory at Long Beach; BMW M Team RLL finishes a disappointing sixth in GTD Pro Class.,https://www.press.bmwgroup.com/usa/article/detail/T0379993EN_US/paul-miller-racing-bmw-m4-gt3-rockets-to-first-imsa-gt-daytona-class-victory-at-long-beach;-bmw-m-team-rll-finishes-a-disappointing-sixth-in-gtd-pro-class,,,skip,category 1
2019-09-13,Personnel Realignment of BMW Group Corporate Communications management team.,https://www.press.bmwgroup.com/usa/article/detail/T0300831EN_US/personnel-realignment-of-bmw-group-corporate-communications-management-team,,,skip,category 1
2013-09-20,Personnel changes at BMW Group Design.,https://www.press.bmwgroup.com/usa/article/detail/T0146205EN_US/personnel-changes-at-bmw-group-design,,,skip,category 1
2015-01-21,Personnel changes at MINI and BMW Group sales,https://www.press.bmwgroup.com/usa/article/detail/T0201922EN_US/personnel-changes-at-mini-and-bmw-group-sales,,,skip,category 1
2021-05-25,Personnel changes in BMW Group's global production network,https://www.press.bmwgroup.com/usa/article/detail/T0334794EN_US/personnel-changes-in-bmw-group-s-global-production-network,,,skip,category 1
2013-09-06,Personnel changes in the BMW Group,https://www.press.bmwgroup.com/usa/article/detail/T0145578EN_US/personnel-changes-in-the-bmw-group,,,skip,category 1
2014-03-04,Peter Schwarzenbauer and Jochen Goller,https://www.press.bmwgroup.com/usa/article/detail/T0170589EN_US/peter-schwarzenbauer-and-jochen-goller,,,skip,category 5
2015-09-29,Petit Le Mans Preview.  Farfus and Klingmann added to driver lineup for title race.,https://www.press.bmwgroup.com/usa/article/detail/T0236502EN_US/petit-le-mans-preview-farfus-and-klingmann-added-to-driver-lineup-for-title-race,,,skip,category 1
2016-08-31,Photo Gallery: BMW Celebrates 100th Anniversary during Monterey Car Week,https://www.press.bmwgroup.com/usa/article/detail/T0263320EN_US/photo-gallery:-bmw-celebrates-100th-anniversary-during-monterey-car-week,,,skip,category 1
2014-03-04,Place of inspiration.,https://www.press.bmwgroup.com/usa/article/detail/T0170648EN_US/place-of-inspiration,,,skip,category 1
2022-08-23,Playful cooperation:  MINI is sponsor and mobility partner of gamescom for the first time and presents the  MINI Concept Aceman with Pokémon Mode.,https://www.press.bmwgroup.com/usa/article/detail/T0403202EN_US/playful-cooperation:-mini-is-sponsor-and-mobility-partner-of-gamescom-for-the-first-time-and-presents-the-mini-concept-aceman-with-pokémon-mode,,,skip,category 1
2021-02-01,Podium finish for BMW Team RLL at the Rolex 24 at Daytona.,https://www.press.bmwgroup.com/usa/article/detail/T0325370EN_US/podium-finish-for-bmw-team-rll-at-the-rolex-24-at-daytona,,,skip,category 1
2016-03-20,Podiums in the second race of the season: BMW M6 GTLM and BMW M6 GT3 both finished second at the 12 Hours of Sebring.,https://www.press.bmwgroup.com/usa/article/detail/T0258422EN_US/podiums-in-the-second-race-of-the-season:-bmw-m6-gtlm-and-bmw-m6-gt3-both-finished-second-at-the-12-hours-of-sebring,,,skip,category 1
2025-07-23,Postcard Story. From the city to the countryside with the MINI Countryman S ALL 4.,https://www.press.bmwgroup.com/usa/article/detail/T0451540EN_US/postcard-story-from-the-city-to-the-countryside-with-the-mini-countryman-s-all-4,,,skip,category 1
2026-03-11,Postcard Story. The MINI JCW Countryman in Asheville.,https://www.press.bmwgroup.com/usa/article/detail/T0456162EN_US/postcard-story-the-mini-jcw-countryman-in-asheville,,,skip,category 1
2024-04-18,"Precise, assured, versatile: The BMW X3 undergoing dynamic driving tests.",https://www.press.bmwgroup.com/usa/article/detail/T0441233EN_US/precise-assured-versatile:-the-bmw-x3-undergoing-dynamic-driving-tests,,,skip,category 1
2024-05-29,Presentation of the BMW M4 GT3 EVO at the Nürburgring: BMW M Motorsport makes the successful model even better.,https://www.press.bmwgroup.com/usa/article/detail/T0442653EN_US/presentation-of-the-bmw-m4-gt3-evo-at-the-nuerburgring:-bmw-m-motorsport-makes-the-successful-model-even-better,,,skip,category 1
2022-06-17,Presentation of the new BMW M4 GT4 with BMW M Motorsport design heralds sales phase.,https://www.press.bmwgroup.com/usa/article/detail/T0400375EN_US/presentation-of-the-new-bmw-m4-gt4-with-bmw-m-motorsport-design-heralds-sales-phase,,,skip,category 1
2013-09-18,Presskit BMW i3 Production.,https://www.press.bmwgroup.com/usa/article/detail/T0145871EN_US/presskit-bmw-i3-production,,,skip,category 2
2026-02-09,Production milestone for BMW Group Plant Hams Hall: British engine plant celebrates 25 years,https://www.press.bmwgroup.com/usa/article/detail/T0455545EN_US/production-milestone-for-bmw-group-plant-hams-hall:-british-engine-plant-celebrates-25-years,,,skip,category 1
2018-08-23,Promise Delivered:  The World Premiere of the All-New BMW Z4 in Pebble Beach.,https://www.press.bmwgroup.com/usa/article/detail/T0284067EN_US/promise-delivered:-the-world-premiere-of-the-all-new-bmw-z4-in-pebble-beach,,,skip,category 1
2013-03-17,Promising race debut: BMW Team RLL finishes fourth and seventh as BMW Z4 GTE makes first appearance at 12 Hours of Sebring.,https://www.press.bmwgroup.com/usa/article/detail/T0138140EN_US/promising-race-debut:-bmw-team-rll-finishes-fourth-and-seventh-as-bmw-z4-gte-makes-first-appearance-at-12-hours-of-sebring,,,skip,category 1
2014-12-10,"Pure driving fun, more extreme than ever: the new MINI John Cooper Works Hardtop",https://www.press.bmwgroup.com/usa/article/detail/T0198104EN_US/pure-driving-fun-more-extreme-than-ever:-the-new-mini-john-cooper-works-hardtop,,,skip,category 1
2026-03-25,Pure driving fun: the MINI JCW conquers the legendary “Tail of the Dragon”.,https://www.press.bmwgroup.com/usa/article/detail/T0456088EN_US/pure-driving-fun:-the-mini-jcw-conquers-the-legendary-“tail-of-the-dragon”,,,skip,category 1
2022-07-16,"Qualifying Was No Walk in the Park at Lime Rock for BMW M Team RLL. Third to Last Following Post-Qualifying Inspection Failure; Turner Motorsport P4, Paul Miller Racing P7 in GTD.",https://www.press.bmwgroup.com/usa/article/detail/T0402305EN_US/qualifying-was-no-walk-in-the-park-at-lime-rock-for-bmw-m-team-rll-third-to-last-following-post-qualifying-inspection-failure;-turner-motorsport-p4-paul-miller-racing-p7-in-gtd,,,skip,category 1
2018-07-17,REACHNOW LAUNCHES THE FIRST APP TO UNITE CAR SHARING AND RIDE HAILING INTO ONE USER EXPERIENCE.,https://www.press.bmwgroup.com/usa/article/detail/T0283262EN_US/reachnow-launches-the-first-app-to-unite-car-sharing-and-ride-hailing-into-one-user-experience,,,skip,category 1
2017-07-06,REACHNOW OPENS SERVICE TO PORTLAND INTERNATIONAL AIRPORT,https://www.press.bmwgroup.com/usa/article/detail/T0272439EN_US/reachnow-opens-service-to-portland-international-airport,,,skip,category 1
2017-05-15,REACHNOW TO INSTALL 100 ELECTRIC VEHICLE CHARGERS AT 20 NEW PUBLIC SITES ACROSS SEATTLE,https://www.press.bmwgroup.com/usa/article/detail/T0270889EN_US/reachnow-to-install-100-electric-vehicle-chargers-at-20-new-public-sites-across-seattle,,,skip,category 1
2023-02-28,REFLECTIONS OF A COASTAL DREAM: THE MINI COOPER S CONVERTIBLE SEASIDE EDITION NOW AVAILABLE IN THE U.S.,https://www.press.bmwgroup.com/usa/article/detail/T0409878EN_US/reflections-of-a-coastal-dream:-the-mini-cooper-s-convertible-seaside-edition-now-available-in-the-u-s,,,skip,category 1
2016-09-21,Race-inspired Performance Meets Grown-up Motoring: The New MINI John Cooper Works Clubman,https://www.press.bmwgroup.com/usa/article/detail/T0263895EN_US/race-inspired-performance-meets-grown-up-motoring:-the-new-mini-john-cooper-works-clubman,,,skip,category 1
2016-10-26,"Racer/Fabricator/TV Personality Jessi Combs And Real Deal Co-Founder Theresa Contreras To Unveil BMW R nineT Customization at SEMA, November 1-4.",https://www.press.bmwgroup.com/usa/article/detail/T0265325EN_US/racer/fabricator/tv-personality-jessi-combs-and-real-deal-co-founder-theresa-contreras-to-unveil-bmw-r-ninet-customization-at-sema-november-1-4,,,skip,category 1
2020-03-27,Racing simulator instead of DTM: BMW works driver Philipp Eng explains the sim racing phenomenon.,https://www.press.bmwgroup.com/usa/article/detail/T0307106EN_US/racing-simulator-instead-of-dtm:-bmw-works-driver-philipp-eng-explains-the-sim-racing-phenomenon,,,skip,category 1
2018-08-18,Rain Does Not Dampen BMW Team RLL Qualifying Effort at VIR. Third Starting Position for Edwards and Fifth for De Phillippi in Wet Conditions for Michelin GT Challenge.,https://www.press.bmwgroup.com/usa/article/detail/T0284103EN_US/rain-does-not-dampen-bmw-team-rll-qualifying-effort-at-vir-third-starting-position-for-edwards-and-fifth-for-de-phillippi-in-wet-conditions-for-michelin-gt-challenge,,,skip,category 1
2017-05-01,RawHyde Adventures and California Superbike School – Official Training Partners of BMW Motorrad USA – Offer Riders A Chance To Win the Ultimate Fast and Dirty Experience,https://www.press.bmwgroup.com/usa/article/detail/T0270226EN_US/rawhyde-adventures-and-california-superbike-school-–-official-training-partners-of-bmw-motorrad-usa-–-offer-riders-a-chance-to-win-the-ultimate-fast-and-dirty-experience,,,skip,category 1
2016-11-10,ReachNow Bolsters Executive Team with Appointments of Chief Customer Officer and Head of Marketing,https://www.press.bmwgroup.com/usa/article/detail/T0265941EN_US/reachnow-bolsters-executive-team-with-appointments-of-chief-customer-officer-and-head-of-marketing,,,skip,category 1
2016-06-28,"ReachNow Car Sharing Celebrates Growing Demand, Adds 150 More Cars and Expands to Southeast Seattle, West Seattle and Magnolia",https://www.press.bmwgroup.com/usa/article/detail/T0261482EN_US/reachnow-car-sharing-celebrates-growing-demand-adds-150-more-cars-and-expands-to-southeast-seattle-west-seattle-and-magnolia,,,skip,category 1
2016-08-09,"ReachNow Car Sharing Launches New Service for Sea-Tac Airport, Members Have New Way to “Park and Fly”",https://www.press.bmwgroup.com/usa/article/detail/T0262835EN_US/reachnow-car-sharing-launches-new-service-for-sea-tac-airport-members-have-new-way-to-“park-and-fly”,,,skip,category 1
2016-09-19,"ReachNow Car Sharing Officially Launches in Portland, OR",https://www.press.bmwgroup.com/usa/article/detail/T0263864EN_US/reachnow-car-sharing-officially-launches-in-portland-or,,,skip,category 1
2016-08-15,ReachNow Car Sharing Service Arrives in Portland on September 19; Exclusive Preview Announced,https://www.press.bmwgroup.com/usa/article/detail/T0263316EN_US/reachnow-car-sharing-service-arrives-in-portland-on-september-19;-exclusive-preview-announced,,,skip,category 1
2016-05-09,"ReachNow Car Sharing Service from BMW Group Welcomes More Than 13,000 New Members in First Month.",https://www.press.bmwgroup.com/usa/article/detail/T0259907EN_US/reachnow-car-sharing-service-from-bmw-group-welcomes-more-than-13-000-new-members-in-first-month,,,skip,category 1
2018-05-10,ReachNow Partners With Intel Corporation to Improve Mobility on the West Side of Portland,https://www.press.bmwgroup.com/usa/article/detail/T0280980EN_US/reachnow-partners-with-intel-corporation-to-improve-mobility-on-the-west-side-of-portland,,,skip,category 1
2016-11-15,"ReachNow, BMW Group’s Car Sharing Service, Expands to Brooklyn, Launches Pilot Programs for New Mobility Services.",https://www.press.bmwgroup.com/usa/article/detail/T0266021EN_US/reachnow-bmw-group’s-car-sharing-service-expands-to-brooklyn-launches-pilot-programs-for-new-mobility-services,,,skip,category 1
2020-05-29,Realistic down to the smallest detail: how the virtual version of the BMW M4 GT4 came about.,https://www.press.bmwgroup.com/usa/article/detail/T0309090EN_US/realistic-down-to-the-smallest-detail:-how-the-virtual-version-of-the-bmw-m4-gt4-came-about,,,skip,category 1
2022-01-25,Recharged and electrifying: the classic Mini launches into the future.,https://www.press.bmwgroup.com/usa/article/detail/T0365833EN_US/recharged-and-electrifying:-the-classic-mini-launches-into-the-future,,,skip,category 1
2020-01-15,Record Production Year for BMW Manufacturing.,https://www.press.bmwgroup.com/usa/article/detail/T0304576EN_US/record-production-year-for-bmw-manufacturing,,,skip,category 1
2014-05-13,Record year continues for BMW Group in April,https://www.press.bmwgroup.com/usa/article/detail/T0179990EN_US/record-year-continues-for-bmw-group-in-april,,,skip,category 1
2021-06-01,Remote Software Upgrade for 1.3 million BMW Vehicles.,https://www.press.bmwgroup.com/usa/article/detail/T0334224EN_US/remote-software-upgrade-for-1-3-million-bmw-vehicles,,,skip,category 1
2013-07-26,"Revolution of Urban Mobility. The new BMW i3 - World Premiere to be staged simultaneously in three continents. Board members will reveal the BMW Group’s first all-electric series-produced vehicle in New York, London and Beijing. Live stream on the internet.",https://www.press.bmwgroup.com/usa/article/detail/T0144071EN_US/revolution-of-urban-mobility-the-new-bmw-i3-world-premiere-to-be-staged-simultaneously-in-three-continents-board-members-will-reveal-the-bmw-group’s-first-all-electric-series-produced-vehicle-in-new-york-london-and-beijing-live-stream-on-the-internet,,,skip,category 1
2021-09-02,"Revolution, not evolution: BMW Group to reduce carbon footprint significantly by 2030 using innovative materials.",https://www.press.bmwgroup.com/usa/article/detail/T0341636EN_US/revolution-not-evolution:-bmw-group-to-reduce-carbon-footprint-significantly-by-2030-using-innovative-materials,,,skip,category 1
2016-09-14,Rigorous Testing Readies BMW Team RLL for Circuit of the Americas,https://www.press.bmwgroup.com/usa/article/detail/T0263678EN_US/rigorous-testing-readies-bmw-team-rll-for-circuit-of-the-americas,,,skip,category 1
2021-11-23,"Road Atlanta, Spartanburg, Sebring: BMW Junior Team concludes US tour with a 24-hour race in the BMW M4 GT3.",https://www.press.bmwgroup.com/usa/article/detail/T0361232EN_US/road-atlanta-spartanburg-sebring:-bmw-junior-team-concludes-us-tour-with-a-24-hour-race-in-the-bmw-m4-gt3,,,skip,category 1
2019-11-15,Road Trip with the MINI Cooper SE from Silicon Valley to Hollywood.,https://www.press.bmwgroup.com/usa/article/detail/T0302658EN_US/road-trip-with-the-mini-cooper-se-from-silicon-valley-to-hollywood,,,skip,category 1
2019-01-21,Road to Daytona: IMSA season kicks off with a highlight: BMW Team RLL ready for the 24 Hours of Daytona.,https://www.press.bmwgroup.com/usa/article/detail/T0290726EN_US/road-to-daytona:-imsa-season-kicks-off-with-a-highlight:-bmw-team-rll-ready-for-the-24-hours-of-daytona,,,skip,category 1
2018-11-09,Road to Daytona: Successful first test for Alessandro Zanardi in the BMW M8 GTE.,https://www.press.bmwgroup.com/usa/article/detail/T0286824EN_US/road-to-daytona:-successful-first-test-for-alessandro-zanardi-in-the-bmw-m8-gte,,,skip,category 1
2019-01-23,"Road to Daytona: Top-notch BMW engineering, know-how and passion: the development of Alessandro Zanardi’s driving systems, from 2003 to now.",https://www.press.bmwgroup.com/usa/article/detail/T0290727EN_US/road-to-daytona:-top-notch-bmw-engineering-know-how-and-passion:-the-development-of-alessandro-zanardi’s-driving-systems-from-2003-to-now,,,skip,category 1
2025-01-21,Roar before the 24: BMW M Motorsport teams and drivers intensively prepare for the 24h Daytona.,https://www.press.bmwgroup.com/usa/article/detail/T0447614EN_US/roar-before-the-24:-bmw-m-motorsport-teams-and-drivers-intensively-prepare-for-the-24h-daytona,,,skip,category 1
2021-09-02,Robert Engelhorn Becomes 8th President of BMW Manufacturing.,https://www.press.bmwgroup.com/usa/article/detail/T0341593EN_US/robert-engelhorn-becomes-8th-president-of-bmw-manufacturing,,,skip,category 1
2025-07-31,Robust business model – resilient performance: BMW Group on track to meet full-year targets,https://www.press.bmwgroup.com/usa/article/detail/T0451667EN_US/robust-business-model-–-resilient-performance:-bmw-group-on-track-to-meet-full-year-targets,,,skip,category 1
2018-03-16,SING FOR HOPE and MINI USA Partner for #DrivingHope Initiative During 8th Annual Sing for Hope Pianos (June 4-24),https://www.press.bmwgroup.com/usa/article/detail/T0279201EN_US/sing-for-hope-and-mini-usa-partner-for-drivinghope-initiative-during-8th-annual-sing-for-hope-pianos-june-4-24,,,skip,category 1
2019-03-04,SIZE DOESN’T MATTER…PERSONALIZATION AND DESIGN DRIVE AUTO PURCHASES OVER SIZE,https://www.press.bmwgroup.com/usa/article/detail/T0292683EN_US/size-doesn’t-matter…personalization-and-design-drive-auto-purchases-over-size,,,skip,category 1
2012-12-14,SPCA dogs take to the wheel of a MINI Countryman to drive adoptions.,https://www.press.bmwgroup.com/usa/article/detail/T0135301EN_US/spca-dogs-take-to-the-wheel-of-a-mini-countryman-to-drive-adoptions,,,skip,category 1
2023-06-21,SPECIAL MINI JOHN COOPER WORKS 1TO6 EDITION HIGHLIGHTS FUN OF MANUAL TRANSMISSION DRIVING FOR US CUSTOMERS.,https://www.press.bmwgroup.com/usa/article/detail/T0421798EN_US/special-mini-john-cooper-works-1to6-edition-highlights-fun-of-manual-transmission-driving-for-us-customers,,,skip,category 1
2014-11-20,SPONTANEOUS RIDING FUN - VERSATILE AND EMISSIONS-FREE: THE MINI CITYSURFER CONCEPT,https://www.press.bmwgroup.com/usa/article/detail/T0196645EN_US/spontaneous-riding-fun-versatile-and-emissions-free:-the-mini-citysurfer-concept,,,skip,category 1
2016-01-19,SUPREME DRIVING FUN IN EVERY SITUATION: THE NEW MINI CLUBMAN ALL4,https://www.press.bmwgroup.com/usa/article/detail/T0251464EN_US/supreme-driving-fun-in-every-situation:-the-new-mini-clubman-all4,,,skip,category 1
2017-05-25,Sales launch for the newly-developed BMW M4 GT4.,https://www.press.bmwgroup.com/usa/article/detail/T0271233EN_US/sales-launch-for-the-newly-developed-bmw-m4-gt4,,,skip,category 1
2013-08-30,San Diego BMW Motorcycles’ BMW S 1000 RR Tops 224 MPH At Bonneville’s SCTA Speedweek Event,https://www.press.bmwgroup.com/usa/article/detail/T0145244EN_US/san-diego-bmw-motorcycles’-bmw-s-1000-rr-tops-224-mph-at-bonneville’s-scta-speedweek-event,,,skip,category 1
2013-09-06,San Diego BMW Motorcycle’s BMW S 1000 RR Captures Five Records At The International Motorcycle Speed Trials By BUB Event At Bonneville,https://www.press.bmwgroup.com/usa/article/detail/T0145487EN_US/san-diego-bmw-motorcycle’s-bmw-s-1000-rr-captures-five-records-at-the-international-motorcycle-speed-trials-by-bub-event-at-bonneville,,,skip,category 1
2014-07-10,Santa Ana Resident is Lucky Winner of First SoCal BMW Motorcycle Dealer Group Sweepstakes,https://www.press.bmwgroup.com/usa/article/detail/T0187303EN_US/santa-ana-resident-is-lucky-winner-of-first-socal-bmw-motorcycle-dealer-group-sweepstakes,,,skip,category 1
2012-06-27,"Satellite data for the visit of Mr. Akio Toyoda, President of Toyota Motor Corporation, at the BMW Group.",https://www.press.bmwgroup.com/usa/article/detail/T0127957EN_US/satellite-data-for-the-visit-of-mr-akio-toyoda-president-of-toyota-motor-corporation-at-the-bmw-group,,,skip,category 1
2024-03-17,Sebring 12 Hours: BMW M Team RLL narrowly misses the podium.,https://www.press.bmwgroup.com/usa/article/detail/T0440400EN_US/sebring-12-hours:-bmw-m-team-rll-narrowly-misses-the-podium,,,skip,category 1
2020-07-15,Sebring Sprint Race Next For BMW Team RLL,https://www.press.bmwgroup.com/usa/article/detail/T0311271EN_US/sebring-sprint-race-next-for-bmw-team-rll,,,skip,category 1
2023-03-19,Second place at Sebring: BMW M Hybrid V8 celebrated its maiden IMSA podium – BMW M4 GT3 teams claim one-two in the GTD class.,https://www.press.bmwgroup.com/usa/article/detail/T0411438EN_US/second-place-at-sebring:-bmw-m-hybrid-v8-celebrated-its-maiden-imsa-podium-–-bmw-m4-gt3-teams-claim-one-two-in-the-gtd-class,,,skip,category 1
2013-12-17,Setting its sights on pole position: The MINI John Cooper Works Concept,https://www.press.bmwgroup.com/usa/article/detail/T0162004EN_US/setting-its-sights-on-pole-position:-the-mini-john-cooper-works-concept,,,skip,category 1
2023-07-26,Seven Automakers Unite to Create a Leading High-Powered Charging Network Across North America.,https://www.press.bmwgroup.com/usa/article/detail/T0425642EN_US/seven-automakers-unite-to-create-a-leading-high-powered-charging-network-across-north-america,,,skip,category 1
2020-10-12,Seven principles for AI: BMW Group sets out code of ethics for the use of artificial intelligence.,https://www.press.bmwgroup.com/usa/article/detail/T0318735EN_US/seven-principles-for-ai:-bmw-group-sets-out-code-of-ethics-for-the-use-of-artificial-intelligence,,,skip,category 2
2013-07-30,Sienna Miller and James Franco celebrate the world premiere of the BMW i3. Spectacular launch of the BMW Group’s first all-electric series production vehicle in London.,https://www.press.bmwgroup.com/usa/article/detail/T0144304EN_US/sienna-miller-and-james-franco-celebrate-the-world-premiere-of-the-bmw-i3-spectacular-launch-of-the-bmw-group’s-first-all-electric-series-production-vehicle-in-london,,,skip,category 1
2018-05-16,Site-specific installation by United Visual Artists opens at A/D/O. “Spirit of the City“ explores the physical and emotional response individuals experience when navigating through urban environments.,https://www.press.bmwgroup.com/usa/article/detail/T0281152EN_US/site-specific-installation-by-united-visual-artists-opens-at-a/d/o-“spirit-of-the-city“-explores-the-physical-and-emotional-response-individuals-experience-when-navigating-through-urban-environments,,,skip,category 1
2014-06-27,"Six-Time Motorcycle Land Speed Record Holder Valerie Thompson To Appear At BMW Motorrad Days In Garmisch-Partenkirchen, Germany.",https://www.press.bmwgroup.com/usa/article/detail/T0185447EN_US/six-time-motorcycle-land-speed-record-holder-valerie-thompson-to-appear-at-bmw-motorrad-days-in-garmisch-partenkirchen-germany,,,skip,category 1
2017-03-19,Sixth place for the no. 25 BMW M6 GTLM in the 65th running of the Twelve Hours of Sebring.,https://www.press.bmwgroup.com/usa/article/detail/T0268785EN_US/sixth-place-for-the-no-25-bmw-m6-gtlm-in-the-65th-running-of-the-twelve-hours-of-sebring,,,skip,category 1
2023-01-25,Software for Charging Point Operators: BMW i Ventures Leads an Investment Round in AMPECO.,https://www.press.bmwgroup.com/usa/article/detail/T0407861EN_US/software-for-charging-point-operators:-bmw-i-ventures-leads-an-investment-round-in-ampeco,,,skip,category 1
2026-05-06,Solid start to the year: BMW Group achieves Group EBT margin at previous full-year level,https://www.press.bmwgroup.com/usa/article/detail/T0457661EN_US/solid-start-to-the-year:-bmw-group-achieves-group-ebt-margin-at-previous-full-year-level,,,skip,category 1
2023-03-22,"Sophisticated, refined, limited: The MINI Clubman in the Final Edition.",https://www.press.bmwgroup.com/usa/article/detail/T0411584EN_US/sophisticated-refined-limited:-the-mini-clubman-in-the-final-edition,,,skip,category 1
2017-06-08,"Southern California BMW Motorcycle Dealers Turn Up The Heat To Offer Test Rides On Angeles Crest Highway And Auto Club Speedway, June 24-25",https://www.press.bmwgroup.com/usa/article/detail/T0271624EN_US/southern-california-bmw-motorcycle-dealers-turn-up-the-heat-to-offer-test-rides-on-angeles-crest-highway-and-auto-club-speedway-june-24-25,,,skip,category 1
2022-04-14,Spectacular BMW R 18 custom motorcycles from Canada.,https://www.press.bmwgroup.com/usa/article/detail/T0382193EN_US/spectacular-bmw-r-18-custom-motorcycles-from-canada,,,skip,category 1
2018-05-01,"Spectacular weekend for BMW M Motorsport with starts in the FIA WEC, DTM and the IMSA series.",https://www.press.bmwgroup.com/usa/article/detail/T0280643EN_US/spectacular-weekend-for-bmw-m-motorsport-with-starts-in-the-fia-wec-dtm-and-the-imsa-series,,,skip,category 1
2016-03-07,Speeches BMW Group Press Conference „100 Years BMW Group“,https://www.press.bmwgroup.com/usa/article/detail/T0258011EN_US/speeches-bmw-group-press-conference-„100-years-bmw-group“,,,skip,category 5
2013-09-10,"Speeches BMW Group press conference, 65th International Motor Show, Dr.-Ing. Dr.-Ing. E.h. Norbert Reithofer, Chairman of the Board of Management of BMW AG, Peter Schwarzenbauer, Member of the Board of Management of BMW AG, MINI, BMW Motorrad, Rolls-Royce, Aftersales BMW Group, Dr. Ian Robertson (HonDSc), Member of the Board of Management of BMW AG, Sales and Marketing BMW, Sales Channels BMW Group, Dr.-Ing. Herbert Diess, Member of the Board of Management of BMW AG, Development",https://www.press.bmwgroup.com/usa/article/detail/T0145610EN_US/speeches-bmw-group-press-conference-65th-international-motor-show-dr-ing-dr-ing-e-h-norbert-reithofer-chairman-of-the-board-of-management-of-bmw-ag-peter-schwarzenbauer-member-of-the-board-of-management-of-bmw-ag-mini-bmw-motorrad-rolls-royce-aftersales-bmw-group-dr-ian-robertson-hondsc-member-of-the-board-of-management-of-bmw-ag-sales-and-marketing-bmw-sales-channels-bmw-group-dr-ing-herbert-diess-member-of-the-board-of-management-of-bmw-ag-development,,,skip,category 5
2026-03-12,Stable Group earnings thanks to consistent strategy: BMW Group on track,https://www.press.bmwgroup.com/usa/article/detail/T0456226EN_US/stable-group-earnings-thanks-to-consistent-strategy:-bmw-group-on-track,,,skip,category 1
2013-09-16,Start Planning for Next Summer as MINI Heads East!,https://www.press.bmwgroup.com/usa/article/detail/T0145579EN_US/start-planning-for-next-summer-as-mini-heads-east,,,skip,category 1
2022-12-01,Start of Production Begins for First-Ever BMW XM at BMW Manufacturing.,https://www.press.bmwgroup.com/usa/article/detail/T0406194EN_US/start-of-production-begins-for-first-ever-bmw-xm-at-bmw-manufacturing,,,skip,category 1
2022-06-14,"Start of a new era: Charismatic Simplicity, the new design language for the MINI family of the future.",https://www.press.bmwgroup.com/usa/article/detail/T0399173EN_US/start-of-a-new-era:-charismatic-simplicity-the-new-design-language-for-the-mini-family-of-the-future,,,skip,category 1
2013-07-22,Starworks Motorsport Moves to BMW Power for Second Half of Rolex Season; Hand and Kanaan to drive No. 02 CGRFS BMW Riley at Indy,https://www.press.bmwgroup.com/usa/article/detail/T0143922EN_US/starworks-motorsport-moves-to-bmw-power-for-second-half-of-rolex-season;-hand-and-kanaan-to-drive-no-02-cgrfs-bmw-riley-at-indy,,,skip,category 1
2013-01-24,"Statement by Dr. Herbert Diess, Member of the Board of Management of BMW AG, Development, Joint Press Conference of BMW Group and Toyota Motor Corporation",https://www.press.bmwgroup.com/usa/article/detail/T0136540EN_US/statement-by-dr-herbert-diess-member-of-the-board-of-management-of-bmw-ag-development-joint-press-conference-of-bmw-group-and-toyota-motor-corporation,,,skip,category 5
2014-09-09,"Statement by Harald Krüger, Member of the Board of Management of BMW AG, Production; Production of the three-millionth MINI at Oxford Plant",https://www.press.bmwgroup.com/usa/article/detail/T0192998EN_US/statement-by-harald-krueger-member-of-the-board-of-management-of-bmw-ag-production;-production-of-the-three-millionth-mini-at-oxford-plant,,,skip,category 5
2014-09-09,"Statement by Peter Schwarzenbauer, Member of the Board of Management of BMW AG, MINI, BMW Motorrad, Rolls-Royce and Aftersales; Production of the three-millionth MINI at Oxford Plant",https://www.press.bmwgroup.com/usa/article/detail/T0192997EN_US/statement-by-peter-schwarzenbauer-member-of-the-board-of-management-of-bmw-ag-mini-bmw-motorrad-rolls-royce-and-aftersales;-production-of-the-three-millionth-mini-at-oxford-plant,,,skip,category 5
2013-03-22,Stephan Schaller appointed the new ACEM President.,https://www.press.bmwgroup.com/usa/article/detail/T0138622EN_US/stephan-schaller-appointed-the-new-acem-president,,,skip,category 1
2025-08-01,Steyr goes electric: BMW Group launches series production of electric engines for Neue Klasse,https://www.press.bmwgroup.com/usa/article/detail/T0451591EN_US/steyr-goes-electric:-bmw-group-launches-series-production-of-electric-engines-for-neue-klasse,,,skip,category 1
2013-01-31,Strategic realignment at BMW Motorrad,https://www.press.bmwgroup.com/usa/article/detail/T0136764EN_US/strategic-realignment-at-bmw-motorrad,,,skip,category 1
2019-12-11,Strong Brothers: BMW M GmbH and BMW M Motorsport present new BMW M2 CS and BMW M2 CS Racing.,https://www.press.bmwgroup.com/usa/article/detail/T0303705EN_US/strong-brothers:-bmw-m-gmbh-and-bmw-m-motorsport-present-new-bmw-m2-cs-and-bmw-m2-cs-racing,,,skip,category 1
2014-12-05,Strong Showing for North American BMW Drivers and Teams at 53rd Annual BMW Sports Trophy Presentation,https://www.press.bmwgroup.com/usa/article/detail/T0197749EN_US/strong-showing-for-north-american-bmw-drivers-and-teams-at-53rd-annual-bmw-sports-trophy-presentation,,,skip,category 1
2014-05-06,Strong start to new financial year for BMW Group,https://www.press.bmwgroup.com/usa/article/detail/T0179324EN_US/strong-start-to-new-financial-year-for-bmw-group,,,skip,category 1
2022-02-23,Stylish understatement and powerful sporty flair: the MINI John Cooper Works Clubman in the Untold Edition.,https://www.press.bmwgroup.com/usa/article/detail/T0369733EN_US/stylish-understatement-and-powerful-sporty-flair:-the-mini-john-cooper-works-clubman-in-the-untold-edition,,,skip,category 1
2017-06-26,Success story: BMW Group Plant Spartanburg in the US becomes largest production location within 25 years,https://www.press.bmwgroup.com/usa/article/detail/T0272130EN_US/success-story:-bmw-group-plant-spartanburg-in-the-us-becomes-largest-production-location-within-25-years,,,skip,category 1
2014-01-27,Successful USCC debut: BMW Team RLL comes second and fourth at the Daytona 24 Hours.,https://www.press.bmwgroup.com/usa/article/detail/T0164908EN_US/successful-uscc-debut:-bmw-team-rll-comes-second-and-fourth-at-the-daytona-24-hours,,,skip,category 1
2024-08-06,Successful test of humanoid robots at BMW Group Plant Spartanburg,https://www.press.bmwgroup.com/usa/article/detail/T0444268EN_US/successful-test-of-humanoid-robots-at-bmw-group-plant-spartanburg,,,skip,category 1
2023-10-23,Suitable for any terrain and fully electric: The MINI Countryman SE ALL4.,https://www.press.bmwgroup.com/usa/article/detail/T0437898EN_US/suitable-for-any-terrain-and-fully-electric:-the-mini-countryman-se-all4,,,skip,category 1
2020-03-12,Supervisory Board names Frank Weber to Board of Management of BMW AG,https://www.press.bmwgroup.com/usa/article/detail/T0306664EN_US/supervisory-board-names-frank-weber-to-board-of-management-of-bmw-ag,,,skip,category 1
2021-11-03,"Sustainability, diversity, innovation, profitability and optimism –  the MINI future strategy.",https://www.press.bmwgroup.com/usa/article/detail/T0354772EN_US/sustainability-diversity-innovation-profitability-and-optimism-–-the-mini-future-strategy,,,skip,category 1
2019-03-29,Sustainable structures for the future: Realignment of BMW Group Design.,https://www.press.bmwgroup.com/usa/article/detail/T0293944EN_US/sustainable-structures-for-the-future:-realignment-of-bmw-group-design,,,skip,category 1
2013-01-23,TAILOR-MADE FOR A CLASSY ENTRANCE: THE MINI CLUBMAN BOND STREET.,https://www.press.bmwgroup.com/usa/article/detail/T0136425EN_US/tailor-made-for-a-classy-entrance:-the-mini-clubman-bond-street,,,skip,category 1
2013-03-11,TEFAF Maastricht presents installation COLOUR ONE for MINI by Scholten & Baijings. A new milestone of the cooperation between the BMW Group and the international art and antique fair.,https://www.press.bmwgroup.com/usa/article/detail/T0137886EN_US/tefaf-maastricht-presents-installation-colour-one-for-mini-by-scholten-baijings-a-new-milestone-of-the-cooperation-between-the-bmw-group-and-the-international-art-and-antique-fair,,,skip,category 1
2023-11-22,THE ALL- NEW MINI COUNTRYMAN S ALL4 – A PROGRESSIVE PURIST.,https://www.press.bmwgroup.com/usa/article/detail/T0438448EN_US/the-all-new-mini-countryman-s-all4-–-a-progressive-purist,,,skip,category 1
2026-03-24,THE MINI COUNTRYMAN ACCESSORIZED FOR THE OUTDOOR ADVENTURIST – EXPANDED VEHICLE ACCESSORY OFFERING THROUGH SPECIAL PORT-INSTALLATION PROGRAM.,https://www.press.bmwgroup.com/usa/article/detail/T0456559EN_US/the-mini-countryman-accessorized-for-the-outdoor-adventurist-–-expanded-vehicle-accessory-offering-through-special-port-installation-program,,,skip,category 1
2022-03-14,THE MINI COUNTRYMAN UNTAMED EDITION BRINGS A TOUCH OF INDIVDUAL STYLE TO ANY ADVENTURE.,https://www.press.bmwgroup.com/usa/article/detail/T0373853EN_US/the-mini-countryman-untamed-edition-brings-a-touch-of-indivdual-style-to-any-adventure,,,skip,category 1
2012-11-28,THE MINI PACEMAN.,https://www.press.bmwgroup.com/usa/article/detail/T0134695EN_US/the-mini-paceman,,,skip,category 1
2015-06-24,THE NEW MINI CLUBMAN.,https://www.press.bmwgroup.com/usa/article/detail/T0223262EN_US/the-new-mini-clubman,,,skip,category 1
2019-05-15,"THE NEW MINI JOHN COOPER WORKS CLUBMAN AND THE NEW MINI JOHN COOPER WORKS COUNTRYMAN OFFER GREATER POWER, PERFORMANCE AND FUN.",https://www.press.bmwgroup.com/usa/article/detail/T0295803EN_US/the-new-mini-john-cooper-works-clubman-and-the-new-mini-john-cooper-works-countryman-offer-greater-power-performance-and-fun,,,skip,category 1
2016-03-07,THE NEXT 100 YEARS: BMW Group Vision Vehicles bring future mobility to life today,https://www.press.bmwgroup.com/usa/article/detail/T0258012EN_US/the-next-100-years:-bmw-group-vision-vehicles-bring-future-mobility-to-life-today,,,skip,category 1
2024-02-06,THE SPLIT DOORS CLOSE ON AN ICON: FAREWELL MINI CLUBMAN.,https://www.press.bmwgroup.com/usa/article/detail/T0439604EN_US/the-split-doors-close-on-an-icon:-farewell-mini-clubman,,,skip,category 1
2014-12-17,THREE-CYLINDER TURBO ENGINE OF NEW MINI COOPER HARDTOP RECEIVES WARD'S 10 BEST ENGINES AWARD,https://www.press.bmwgroup.com/usa/article/detail/T0198724EN_US/three-cylinder-turbo-engine-of-new-mini-cooper-hardtop-receives-ward-s-10-best-engines-award,,,skip,category 1
2019-04-30,TOP SMART CITIES STARTUP ACCELERATOR URBAN-X BY MINI AND URBAN US GRADUATES FIFTH COHORT,https://www.press.bmwgroup.com/usa/article/detail/T0295274EN_US/top-smart-cities-startup-accelerator-urban-x-by-mini-and-urban-us-graduates-fifth-cohort,,,skip,category 1
2019-09-26,"TOP SMART CITIES STARTUP ACCELERATOR, URBAN-X BY MINI GRADUATES SIXTH COHORT DURING CLIMATE WEEK NYC",https://www.press.bmwgroup.com/usa/article/detail/T0301217EN_US/top-smart-cities-startup-accelerator-urban-x-by-mini-graduates-sixth-cohort-during-climate-week-nyc,,,skip,category 1
2022-04-12,TRADITIONAL DRIVING FUN RE-INTERPRETED: THE MINI COOPER S HARDTOP 2 DOOR IN THE RESOLUTE EDITION.,https://www.press.bmwgroup.com/usa/article/detail/T0380313EN_US/traditional-driving-fun-re-interpreted:-the-mini-cooper-s-hardtop-2-door-in-the-resolute-edition,,,skip,category 1
2020-11-02,Team RLL IMSA Hyundai Monterey Sports Car Championship Results,https://www.press.bmwgroup.com/usa/article/detail/T0319868EN_US/team-rll-imsa-hyundai-monterey-sports-car-championship-results,,,skip,category 1
2021-01-28,Team RLL Rolex 24 At Daytona Notes and Quotes,https://www.press.bmwgroup.com/usa/article/detail/T0325137EN_US/team-rll-rolex-24-at-daytona-notes-and-quotes,,,skip,category 1
2013-06-03,Team Sahlen BMW Rileys have Season’s-Best Day at GRAND-AM 200,https://www.press.bmwgroup.com/usa/article/detail/T0142448EN_US/team-sahlen-bmw-rileys-have-season’s-best-day-at-grand-am-200,,,skip,category 1
2014-08-29,Team USA Preps for 4th GS Trophy Slated for September 6-13,https://www.press.bmwgroup.com/usa/article/detail/T0192503EN_US/team-usa-preps-for-4th-gs-trophy-slated-for-september-6-13,,,skip,category 1
2022-03-16,Technology and exclusivity in a new dimension.,https://www.press.bmwgroup.com/usa/article/detail/T0374555EN_US/technology-and-exclusivity-in-a-new-dimension,,,skip,category 1
2016-05-26,Technology warms up as BMW Group daughter company Designworks collaborates with ZTE to create the new AXON 7 smart phone.,https://www.press.bmwgroup.com/usa/article/detail/T0260501EN_US/technology-warms-up-as-bmw-group-daughter-company-designworks-collaborates-with-zte-to-create-the-new-axon-7-smart-phone,,,skip,category 1
2020-03-20,Ten BMW drivers will be on duty at “Super Sim Saturday” with races all around the virtual globe.,https://www.press.bmwgroup.com/usa/article/detail/T0306950EN_US/ten-bmw-drivers-will-be-on-duty-at-“super-sim-saturday”-with-races-all-around-the-virtual-globe,,,skip,category 1
2022-04-12,The 20th BMW Motorrad Days on 2 & 3 July in Berlin.,https://www.press.bmwgroup.com/usa/article/detail/T0380753EN_US/the-20th-bmw-motorrad-days-on-2-3-july-in-berlin,,,skip,category 1
2013-10-25,The All-New BMW 2 Series Coupe,https://www.press.bmwgroup.com/usa/article/detail/T0151907EN_US/the-all-new-bmw-2-series-coupe,,,skip,category 2
2013-10-13,The All-New BMW 4 Series Convertible,https://www.press.bmwgroup.com/usa/article/detail/T0149985EN_US/the-all-new-bmw-4-series-convertible,,,skip,category 2
2013-06-15,The All-New BMW 4 Series Coupe,https://www.press.bmwgroup.com/usa/article/detail/T0142773EN_US/the-all-new-bmw-4-series-coupe,,,skip,category 2
2013-04-05,The All-New BMW Concept X4.,https://www.press.bmwgroup.com/usa/article/detail/T0139247EN_US/the-all-new-bmw-concept-x4,,,skip,category 1
2022-10-12,"The All-New BMW M2: Purebred Driving Pleasure, Intensely Concentrated.",https://www.press.bmwgroup.com/usa/article/detail/T0404581EN_US/the-all-new-bmw-m2:-purebred-driving-pleasure-intensely-concentrated,,,skip,category 1
2015-06-03,The All-New BMW X1,https://www.press.bmwgroup.com/usa/article/detail/T0220582EN_US/the-all-new-bmw-x1,,,skip,category 1
2025-09-05,The All-New BMW iX3.,https://www.press.bmwgroup.com/usa/article/detail/T0452316EN_US/the-all-new-bmw-ix3,,,skip,category 1
2014-04-14,The BMW 228i Coupe with Track Handling Package,https://www.press.bmwgroup.com/usa/article/detail/T0177929EN_US/the-bmw-228i-coupe-with-track-handling-package,,,skip,category 1
2022-11-24,The BMW 3.0 CSL.,https://www.press.bmwgroup.com/usa/article/detail/T0405938EN_US/the-bmw-3-0-csl,,,skip,category 1
2017-09-08,The BMW ALPINA B6 xDrive Gran Coupe BMW CCA Edition – One Of A Kind.,https://www.press.bmwgroup.com/usa/article/detail/T0274302EN_US/the-bmw-alpina-b6-xdrive-gran-coupe-bmw-cca-edition-–-one-of-a-kind,,,skip,category 1
2014-12-03,The BMW Art Journey to send artists on journeys of creative discovery,https://www.press.bmwgroup.com/usa/article/detail/T0197502EN_US/the-bmw-art-journey-to-send-artists-on-journeys-of-creative-discovery,,,skip,category 1
2026-08-18,The BMW Championship Returns to St. Louis as the Top 50 Players on the PGA TOUR Compete at Bellerive Country Club.,https://www.press.bmwgroup.com/usa/article/detail/T0460143EN_US/the-bmw-championship-returns-to-st-louis-as-the-top-50-players-on-the-pga-tour-compete-at-bellerive-country-club,,,skip,category 1
2023-08-14,The BMW Championship Returns to the Chicago Area with the Top 50 Players on the PGA TOUR Set to Compete at Olympia Fields Country Club.,https://www.press.bmwgroup.com/usa/article/detail/T0429118EN_US/the-bmw-championship-returns-to-the-chicago-area-with-the-top-50-players-on-the-pga-tour-set-to-compete-at-olympia-fields-country-club,,,skip,category 1
2025-08-12,The BMW Championship is Back in Baltimore as the Top 50 Players on the PGA TOUR Compete at Caves Valley Golf Club in the FedExCup Playoffs.,https://www.press.bmwgroup.com/usa/article/detail/T0451906EN_US/the-bmw-championship-is-back-in-baltimore-as-the-top-50-players-on-the-pga-tour-compete-at-caves-valley-golf-club-in-the-fedexcup-playoffs,,,skip,category 1
2024-08-21,The BMW Championship is back in Colorado as the Top 50 Players on the PGA TOUR Compete at Castle Pines Golf Club in the FedExCup Playoffs.,https://www.press.bmwgroup.com/usa/article/detail/T0444568EN_US/the-bmw-championship-is-back-in-colorado-as-the-top-50-players-on-the-pga-tour-compete-at-castle-pines-golf-club-in-the-fedexcup-playoffs,,,skip,category 1
2012-12-06,"The BMW Concept 4 Series Coupe.  Aesthetics, dynamics, individuality.",https://www.press.bmwgroup.com/usa/article/detail/T0134895EN_US/the-bmw-concept-4-series-coupe-aesthetics-dynamics-individuality,,,skip,category 1
2017-05-25,The BMW Concept 8 Series. Unadulterated dynamics and modern luxury – the essence of a BMW coupe.,https://www.press.bmwgroup.com/usa/article/detail/T0271232EN_US/the-bmw-concept-8-series-unadulterated-dynamics-and-modern-luxury-–-the-essence-of-a-bmw-coupe,,,skip,category 1
2018-03-06,The BMW Concept M8 Gran Coupe showcases a new interpretation of luxury for the BMW brand.,https://www.press.bmwgroup.com/usa/article/detail/T0279001EN_US/the-bmw-concept-m8-gran-coupe-showcases-a-new-interpretation-of-luxury-for-the-bmw-brand,,,skip,category 1
2024-05-24,The BMW Concept Skytop.,https://www.press.bmwgroup.com/usa/article/detail/T0442406EN_US/the-bmw-concept-skytop,,,skip,category 1
2025-05-23,The BMW Concept Speedtop.,https://www.press.bmwgroup.com/usa/article/detail/T0450294EN_US/the-bmw-concept-speedtop,,,skip,category 1
2023-05-19,The BMW Concept Touring Coupé: A timeless symbol of freedom on four wheels.,https://www.press.bmwgroup.com/usa/article/detail/T0417864EN_US/the-bmw-concept-touring-coupé:-a-timeless-symbol-of-freedom-on-four-wheels,,,skip,category 1
2021-11-30,The BMW Concept XM – power and luxury beyond all conventions.,https://www.press.bmwgroup.com/usa/article/detail/T0362002EN_US/the-bmw-concept-xm-–-power-and-luxury-beyond-all-conventions,,,skip,category 1
2017-08-17,The BMW Concept Z4. Freedom on four wheels.,https://www.press.bmwgroup.com/usa/article/detail/T0273669EN_US/the-bmw-concept-z4-freedom-on-four-wheels,,,skip,category 1
2023-09-06,The BMW Group Selects AWS to Power Next-Generation Automated Driving Platform.,https://www.press.bmwgroup.com/usa/article/detail/T0436832EN_US/the-bmw-group-selects-aws-to-power-next-generation-automated-driving-platform,,,skip,category 1
2019-04-02,The BMW Group and Microsoft launch the Open Manufacturing Platform.,https://www.press.bmwgroup.com/usa/article/detail/T0294117EN_US/the-bmw-group-and-microsoft-launch-the-open-manufacturing-platform,,,skip,category 1
2013-03-21,The BMW Group is boosting its research expertise in Asia. The BMW Group Technology Office China opens for business.,https://www.press.bmwgroup.com/usa/article/detail/T0138521EN_US/the-bmw-group-is-boosting-its-research-expertise-in-asia-the-bmw-group-technology-office-china-opens-for-business,,,skip,category 1
2015-01-05,"The BMW Group, together with Pacific Gas & Electric Company, announces the BMW i ChargeForward Program.",https://www.press.bmwgroup.com/usa/article/detail/T0199502EN_US/the-bmw-group-together-with-pacific-gas-electric-company-announces-the-bmw-i-chargeforward-program,,,skip,category 1
2025-07-03,The BMW M2 CS sets a new record of 7:25.5 on the Nürburgring-Nordschleife.,https://www.press.bmwgroup.com/usa/article/detail/T0451163EN_US/the-bmw-m2-cs-sets-a-new-record-of-7:25-5-on-the-nuerburgring-nordschleife,,,skip,category 1
2022-05-20,The BMW M4 CSL.,https://www.press.bmwgroup.com/usa/article/detail/T0392153EN_US/the-bmw-m4-csl,,,skip,category 1
2017-05-27,The BMW M8 is the icing on the cake of the sporty BMW 8 Series line-up.,https://www.press.bmwgroup.com/usa/article/detail/T0271280EN_US/the-bmw-m8-is-the-icing-on-the-cake-of-the-sporty-bmw-8-series-line-up,,,skip,category 1
2026-09-25,The BMW Motorrad M 1000 RR Limited Edition Isle of Man TT.,https://www.press.bmwgroup.com/usa/article/detail/T0458044EN_US/the-bmw-motorrad-m-1000-rr-limited-edition-isle-of-man-tt,,,skip,category 1
2023-03-15,The BMW Panoramic Vision.,https://www.press.bmwgroup.com/usa/article/detail/T0411030EN_US/the-bmw-panoramic-vision,,,skip,category 1
2018-08-28,The BMW Vision iNEXT World Flight. Two companies – one mission.,https://www.press.bmwgroup.com/usa/article/detail/T0284344EN_US/the-bmw-vision-inext-world-flight-two-companies-–-one-mission,,,skip,category 1
2018-09-16,The BMW Vision iNEXT. Future focused.,https://www.press.bmwgroup.com/usa/article/detail/T0285142EN_US/the-bmw-vision-inext-future-focused,,,skip,category 1
2023-06-28,The BMW X1 M35i xDrive.,https://www.press.bmwgroup.com/usa/article/detail/T0422247EN_US/the-bmw-x1-m35i-xdrive,,,skip,category 1
2023-04-12,The BMW XM Label Red – The Most Powerful BMW M Model Ever Made.,https://www.press.bmwgroup.com/usa/article/detail/T0412959EN_US/the-bmw-xm-label-red-–-the-most-powerful-bmw-m-model-ever-made,,,skip,category 1
2025-11-26,The BMW Z4 Final Edition.,https://www.press.bmwgroup.com/usa/article/detail/T0454065EN_US/the-bmw-z4-final-edition,,,skip,category 1
2012-05-25,The BMW Zagato Coupé.,https://www.press.bmwgroup.com/usa/article/detail/T0127165EN_US/the-bmw-zagato-coupé,,,skip,category 1
2021-09-06,The BMW i Vision AMBY.,https://www.press.bmwgroup.com/usa/article/detail/T0341641EN_US/the-bmw-i-vision-amby,,,skip,category 2
2021-09-06,The BMW i Vision Circular.,https://www.press.bmwgroup.com/usa/article/detail/T0341640EN_US/the-bmw-i-vision-circular,,,skip,category 2
2017-09-12,The BMW i Vision Dynamics. A new form of electrifying driving pleasure.,https://www.press.bmwgroup.com/usa/article/detail/T0274461EN_US/the-bmw-i-vision-dynamics-a-new-form-of-electrifying-driving-pleasure,,,skip,category 1
2013-07-10,The BMW i3,https://www.press.bmwgroup.com/usa/article/detail/T0143611EN_US/the-bmw-i3,,,skip,category 1
2012-11-28,The BMW i3 Concept Coupe.,https://www.press.bmwgroup.com/usa/article/detail/T0134657EN_US/the-bmw-i3-concept-coupe,,,skip,category 2
2023-04-26,The BMW i5 in dynamic summer testing.,https://www.press.bmwgroup.com/usa/article/detail/T0414400EN_US/the-bmw-i5-in-dynamic-summer-testing,,,skip,category 1
2023-04-17,The BMW i7 M70 xDrive.,https://www.press.bmwgroup.com/usa/article/detail/T0413219EN_US/the-bmw-i7-m70-xdrive,,,skip,category 1
2013-08-07,"The BMW i8 – New Take on The Ultimate Driving MachineTM powertrain, lightweight design and driving experience.",https://www.press.bmwgroup.com/usa/article/detail/T0144543EN_US/the-bmw-i8-–-new-take-on-the-ultimate-driving-machinetm-powertrain-lightweight-design-and-driving-experience,,,skip,category 1
2013-09-10,"The BMW i8 – Ushering in a New Era of Sustainable Performance Priced from $135,700 in the US.",https://www.press.bmwgroup.com/usa/article/detail/T0145577EN_US/the-bmw-i8-–-ushering-in-a-new-era-of-sustainable-performance-priced-from-135-700-in-the-us,,,skip,category 1
2021-03-17,The BMW iX xDrive50 5th Generation eDrive and Sustainability,https://www.press.bmwgroup.com/usa/article/detail/T0327877EN_US/the-bmw-ix-xdrive50-5th-generation-edrive-and-sustainability,,,skip,category 2
2013-10-06,The Bulldog is back – the new MINI is coming.,https://www.press.bmwgroup.com/usa/article/detail/T0148786EN_US/the-bulldog-is-back-–-the-new-mini-is-coming,,,skip,category 1
2022-08-09,The Celebration of 50 Years of M Continues at Monterey Car Week.,https://www.press.bmwgroup.com/usa/article/detail/T0402879EN_US/the-celebration-of-50-years-of-m-continues-at-monterey-car-week,,,skip,category 1
2015-06-24,The Design of the new MINI Clubman – stylish (under)statement.,https://www.press.bmwgroup.com/usa/article/detail/T0223443EN_US/the-design-of-the-new-mini-clubman-–-stylish-under-statement,,,skip,category 1
2017-05-03,The Exclusive North American Premiere of the BMW i8 MemphisStyle at Frieze Art Fair New York.,https://www.press.bmwgroup.com/usa/article/detail/T0270321EN_US/the-exclusive-north-american-premiere-of-the-bmw-i8-memphisstyle-at-frieze-art-fair-new-york,,,skip,category 1
2026-07-29,The Final Challenge: A rugged MINI Countryman Edition takes on the Rocky Mountains.,https://www.press.bmwgroup.com/usa/article/detail/T0459724EN_US/the-final-challenge:-a-rugged-mini-countryman-edition-takes-on-the-rocky-mountains,,,skip,category 1
2017-04-19,"The First Ever BMW M4 CS: Sporting Appeal, High Performance for the Road and Track-Proven Dynamics.",https://www.press.bmwgroup.com/usa/article/detail/T0269939EN_US/the-first-ever-bmw-m4-cs:-sporting-appeal-high-performance-for-the-road-and-track-proven-dynamics,,,skip,category 2
2014-08-21,The First-Ever BMW M4 Races Through One-of-a-Kind Course Constructed from Fan-Sourced Current and Classic BMW M Vehicles.,https://www.press.bmwgroup.com/usa/article/detail/T0192205EN_US/the-first-ever-bmw-m4-races-through-one-of-a-kind-course-constructed-from-fan-sourced-current-and-classic-bmw-m-vehicles,,,skip,category 1
2022-09-28,The First-Ever BMW XM: A BMW M Original.,https://www.press.bmwgroup.com/usa/article/detail/T0404063EN_US/the-first-ever-bmw-xm:-a-bmw-m-original,,,skip,category 1
2018-12-11,The Japanese motorcycle customizer  CUSTOM WORKS ZON presents a spectacular custom bike based around the prototype of a new BMW Motorrad boxer engine.,https://www.press.bmwgroup.com/usa/article/detail/T0288523EN_US/the-japanese-motorcycle-customizer-custom-works-zon-presents-a-spectacular-custom-bike-based-around-the-prototype-of-a-new-bmw-motorrad-boxer-engine,,,skip,category 1
2013-05-16,"The M Sport Edition BMW 6 Series Coupe, Convertible, and Gran Coupe.",https://www.press.bmwgroup.com/usa/article/detail/T0141878EN_US/the-m-sport-edition-bmw-6-series-coupe-convertible-and-gran-coupe,,,skip,category 1
2012-06-04,"The MAK (Austrian Museum of Applied Art/Contemporary Art) opens design exhibition curated by Hartmut Esslinger, inviting BMW Group DesignworksUSA to showcase two recent projects",https://www.press.bmwgroup.com/usa/article/detail/T0127356EN_US/the-mak-austrian-museum-of-applied-art/contemporary-art-opens-design-exhibition-curated-by-hartmut-esslinger-inviting-bmw-group-designworksusa-to-showcase-two-recent-projects,,,skip,category 1
2022-07-27,The MINI Concept Aceman: the first all-electric crossover model in the new MINI family.,https://www.press.bmwgroup.com/usa/article/detail/T0402549EN_US/the-mini-concept-aceman:-the-first-all-electric-crossover-model-in-the-new-mini-family,,,skip,category 2
2021-05-12,The MINI Convertible: the future is ready for it.,https://www.press.bmwgroup.com/usa/article/detail/T0332238EN_US/the-mini-convertible:-the-future-is-ready-for-it,,,skip,category 1
2021-11-17,The MINI Cooper - the synonym for driving fun for over 60 years.,https://www.press.bmwgroup.com/usa/article/detail/T0359872EN_US/the-mini-cooper-the-synonym-for-driving-fun-for-over-60-years,,,skip,category 1
2015-02-12,The MINI Coupé and the MINI Roadster: two athletes turn into the final straight.,https://www.press.bmwgroup.com/usa/article/detail/T0204176EN_US/the-mini-coupé-and-the-mini-roadster:-two-athletes-turn-into-the-final-straight,,,skip,category 1
2021-03-30,The MINI Electric Pacesetter inspired by JCW. The first electric MINI as a FIA Formula E Safety Car.,https://www.press.bmwgroup.com/usa/article/detail/T0328736EN_US/the-mini-electric-pacesetter-inspired-by-jcw-the-first-electric-mini-as-a-fia-formula-e-safety-car,,,skip,category 1
2021-12-13,The MINI Electric alone in New York.,https://www.press.bmwgroup.com/usa/article/detail/T0362735EN_US/the-mini-electric-alone-in-new-york,,,skip,category 1
2021-07-28,The MINI Electric as a company car: Biogena takes over the largest MINI Cooper SE fleet.,https://www.press.bmwgroup.com/usa/article/detail/T0338706EN_US/the-mini-electric-as-a-company-car:-biogena-takes-over-the-largest-mini-cooper-se-fleet,,,skip,category 1
2012-09-25,The MINI John Cooper Works Countryman,https://www.press.bmwgroup.com/usa/article/detail/T0131748EN_US/the-mini-john-cooper-works-countryman,,,skip,category 2
2014-09-10,The New BMW 2 Series Convertible,https://www.press.bmwgroup.com/usa/article/detail/T0192883EN_US/the-new-bmw-2-series-convertible,,,skip,category 2
2014-02-02,The New BMW 4 Series Gran Coupe,https://www.press.bmwgroup.com/usa/article/detail/T0165322EN_US/the-new-bmw-4-series-gran-coupe,,,skip,category 2
2015-02-11,The New BMW ALPINA B6 xDrive Gran Coupe,https://www.press.bmwgroup.com/usa/article/detail/T0204170EN_US/the-new-bmw-alpina-b6-xdrive-gran-coupe,,,skip,category 1
2017-11-17,The New BMW C 400 X,https://www.press.bmwgroup.com/usa/article/detail/T0276933EN_US/the-new-bmw-c-400-x,,,skip,category 1
2015-11-20,The New BMW C 650 Sport and C 650 GT,https://www.press.bmwgroup.com/usa/article/detail/T0243963EN_US/the-new-bmw-c-650-sport-and-c-650-gt,,,skip,category 1
2018-11-16,The New BMW F 850 GS Adventure,https://www.press.bmwgroup.com/usa/article/detail/T0287136EN_US/the-new-bmw-f-850-gs-adventure,,,skip,category 1
2020-03-03,The New BMW F 900 R and F 900 XR,https://www.press.bmwgroup.com/usa/article/detail/T0306231EN_US/the-new-bmw-f-900-r-and-f-900-xr,,,skip,category 1
2019-11-22,The New BMW F 900 R and F 900 XR,https://www.press.bmwgroup.com/usa/article/detail/T0302947EN_US/the-new-bmw-f-900-r-and-f-900-xr,,,skip,category 1
2017-11-17,The New BMW G 310 GS,https://www.press.bmwgroup.com/usa/article/detail/T0276935EN_US/the-new-bmw-g-310-gs,,,skip,category 1
2016-11-18,The New BMW G 310 GS,https://www.press.bmwgroup.com/usa/article/detail/T0266147EN_US/the-new-bmw-g-310-gs,,,skip,category 1
2016-11-18,The New BMW G 310 R,https://www.press.bmwgroup.com/usa/article/detail/T0266145EN_US/the-new-bmw-g-310-r,,,skip,category 1
2015-11-20,The New BMW G 310 R,https://www.press.bmwgroup.com/usa/article/detail/T0243964EN_US/the-new-bmw-g-310-r,,,skip,category 1
2016-11-18,The New BMW K 1600 GT,https://www.press.bmwgroup.com/usa/article/detail/T0266146EN_US/the-new-bmw-k-1600-gt,,,skip,category 1
2013-11-20,The New BMW K 1600 GTL Exclusive,https://www.press.bmwgroup.com/usa/article/detail/T0156087EN_US/the-new-bmw-k-1600-gtl-exclusive,,,skip,category 2
2017-11-17,The New BMW K 1600 Grand America,https://www.press.bmwgroup.com/usa/article/detail/T0276936EN_US/the-new-bmw-k-1600-grand-america,,,skip,category 1
2016-02-17,"The New BMW M2 Coupe and the New BMW X4 M40i International Press Launch, Monterey, California.",https://www.press.bmwgroup.com/usa/article/detail/T0255843EN_US/the-new-bmw-m2-coupe-and-the-new-bmw-x4-m40i-international-press-launch-monterey-california,,,skip,category 1
2014-04-03,The New BMW M4 Convertible,https://www.press.bmwgroup.com/usa/article/detail/T0176487EN_US/the-new-bmw-m4-convertible,,,skip,category 2
2023-05-11,The New BMW R 12 nineT Teaser.,https://www.press.bmwgroup.com/usa/article/detail/T0415838EN_US/the-new-bmw-r-12-ninet-teaser,,,skip,category 1
2013-10-07,The New BMW R 1200 GS Adventure,https://www.press.bmwgroup.com/usa/article/detail/T0149264EN_US/the-new-bmw-r-1200-gs-adventure,,,skip,category 2
2018-10-10,The New BMW R 1250 GS And R 1250 RT,https://www.press.bmwgroup.com/usa/article/detail/T0285816EN_US/the-new-bmw-r-1250-gs-and-r-1250-rt,,,skip,category 1
2018-11-16,"The New BMW R 1250 R, R 1250 RS And R 1250 GS Adventure",https://www.press.bmwgroup.com/usa/article/detail/T0287137EN_US/the-new-bmw-r-1250-r-r-1250-rs-and-r-1250-gs-adventure,,,skip,category 1
2023-05-11,The New BMW R 18 Roctane.,https://www.press.bmwgroup.com/usa/article/detail/T0415839EN_US/the-new-bmw-r-18-roctane,,,skip,category 1
2013-10-16,The New BMW R nineT,https://www.press.bmwgroup.com/usa/article/detail/T0150745EN_US/the-new-bmw-r-ninet,,,skip,category 2
2016-11-18,The New BMW R nineT Racer and R nineT Pure,https://www.press.bmwgroup.com/usa/article/detail/T0266151EN_US/the-new-bmw-r-ninet-racer-and-r-ninet-pure,,,skip,category 1
2015-11-20,The New BMW R nineT Scrambler,https://www.press.bmwgroup.com/usa/article/detail/T0243965EN_US/the-new-bmw-r-ninet-scrambler,,,skip,category 1
2016-11-18,The New BMW R nineT and R nineT Urban G/S,https://www.press.bmwgroup.com/usa/article/detail/T0266150EN_US/the-new-bmw-r-ninet-and-r-ninet-urban-g/s,,,skip,category 1
2013-11-05,The New BMW S 1000 R,https://www.press.bmwgroup.com/usa/article/detail/T0154044EN_US/the-new-bmw-s-1000-r,,,skip,category 2
2018-11-16,The New BMW S 1000 RR,https://www.press.bmwgroup.com/usa/article/detail/T0287139EN_US/the-new-bmw-s-1000-rr,,,skip,category 1
2016-11-18,The New BMW S 1000 RR and BMW S 1000 R,https://www.press.bmwgroup.com/usa/article/detail/T0266152EN_US/the-new-bmw-s-1000-rr-and-bmw-s-1000-r,,,skip,category 1
2019-11-22,"The New BMW S 1000 XR – Lighter, Faster And More Versatile",https://www.press.bmwgroup.com/usa/article/detail/T0302946EN_US/the-new-bmw-s-1000-xr-–-lighter-faster-and-more-versatile,,,skip,category 1
2014-02-06,The New BMW X3 Sports Activity Vehicle®,https://www.press.bmwgroup.com/usa/article/detail/T0165887EN_US/the-new-bmw-x3-sports-activity-vehicle®,,,skip,category 2
2014-03-06,The New BMW X4 Sports Activity Coupe,https://www.press.bmwgroup.com/usa/article/detail/T0169870EN_US/the-new-bmw-x4-sports-activity-coupe,,,skip,category 1
2017-08-29,The New BMW i3 and First Ever BMW i3s.,https://www.press.bmwgroup.com/usa/article/detail/T0273869EN_US/the-new-bmw-i3-and-first-ever-bmw-i3s,,,skip,category 2
2020-11-11,The New BMW iX Design,https://www.press.bmwgroup.com/usa/article/detail/T0320510EN_US/the-new-bmw-ix-design,,,skip,category 1
2015-10-22,The New MINI Convertible. Profile.,https://www.press.bmwgroup.com/usa/article/detail/T0240123EN_US/the-new-mini-convertible-profile,,,skip,category 1
2019-07-09,The New MINI Cooper SE.  Electrified Performance,https://www.press.bmwgroup.com/usa/article/detail/T0298487EN_US/the-new-mini-cooper-se-electrified-performance,,,skip,category 1
2015-05-19,The New My BMW ConnectedDrive Portal and ConnectedDrive Store.  The exclusive portal for BMW ConnectedDrive customers.,https://www.press.bmwgroup.com/usa/article/detail/T0218751EN_US/the-new-my-bmw-connecteddrive-portal-and-connecteddrive-store-the-exclusive-portal-for-bmw-connecteddrive-customers,,,skip,category 1
2012-08-06,The Newest Personalized Radio App For BMW AND MINI Drivers: On-Demand Entertainment With Stitcher Smart Radio.,https://www.press.bmwgroup.com/usa/article/detail/T0129313EN_US/the-newest-personalized-radio-app-for-bmw-and-mini-drivers:-on-demand-entertainment-with-stitcher-smart-radio,,,skip,category 1
2023-09-01,The Reinvention of the Original: The all-electric MINI Cooper.,https://www.press.bmwgroup.com/usa/article/detail/T0435338EN_US/the-reinvention-of-the-original:-the-all-electric-mini-cooper,,,skip,category 1
2014-03-21,The all new MINI: Fresh choices for a touch of individual style.,https://www.press.bmwgroup.com/usa/article/detail/T0173507EN_US/the-all-new-mini:-fresh-choices-for-a-touch-of-individual-style,,,skip,category 1
2021-11-09,The all-new BMW 4 Series Gran Coupé.,https://www.press.bmwgroup.com/usa/article/detail/T0356892EN_US/the-all-new-bmw-4-series-gran-coupé,,,skip,category 1
2021-06-09,The all-new BMW 4 Series Gran Coupé.,https://www.press.bmwgroup.com/usa/article/detail/T0334889EN_US/the-all-new-bmw-4-series-gran-coupé,,,skip,category 1
2013-10-10,The all-new BMW i3.,https://www.press.bmwgroup.com/usa/article/detail/T0149790EN_US/the-all-new-bmw-i3,,,skip,category 1
2021-03-15,The all-new BMW iDrive.,https://www.press.bmwgroup.com/usa/article/detail/T0327734EN_US/the-all-new-bmw-idrive,,,skip,category 1
2026-01-14,The beginning of a new era: fully electric BMW M models set unrivalled high-performance standards.,https://www.press.bmwgroup.com/usa/article/detail/T0454999EN_US/the-beginning-of-a-new-era:-fully-electric-bmw-m-models-set-unrivalled-high-performance-standards,,,skip,category 1
2019-12-18,The efficient drivetrain for the purely electric BMW iX3.,https://www.press.bmwgroup.com/usa/article/detail/T0303910EN_US/the-efficient-drivetrain-for-the-purely-electric-bmw-ix3,,,skip,category 1
2023-03-01,"The first MINI ""Made in Germany"": BMW Group Plant Leipzig prepares production of the all-electric MINI Countryman.",https://www.press.bmwgroup.com/usa/article/detail/T0410079EN_US/the-first-mini-made-in-germany-:-bmw-group-plant-leipzig-prepares-production-of-the-all-electric-mini-countryman,,,skip,category 1
2015-06-24,The future belongs to MINI: BMW Group realigns MINI product and brand strategy,https://www.press.bmwgroup.com/usa/article/detail/T0223555EN_US/the-future-belongs-to-mini:-bmw-group-realigns-mini-product-and-brand-strategy,,,skip,category 1
2022-07-14,The heart of the BMW M Hybrid V8: P66/3 eight-cylinder hybrid turbo engine drives the LMDh prototype.,https://www.press.bmwgroup.com/usa/article/detail/T0402285EN_US/the-heart-of-the-bmw-m-hybrid-v8:-p66/3-eight-cylinder-hybrid-turbo-engine-drives-the-lmdh-prototype,,,skip,category 1
2016-03-03,The history of the BMW Group: 100 years of fascination for mobility.,https://www.press.bmwgroup.com/usa/article/detail/T0258828EN_US/the-history-of-the-bmw-group:-100-years-of-fascination-for-mobility,,,skip,category 2
2015-03-18,The new BMW 6 Series – additional pictures.,https://www.press.bmwgroup.com/usa/article/detail/T0209423EN_US/the-new-bmw-6-series-–-additional-pictures,,,skip,category 1
2014-12-11,The new BMW 6 Series: Three Body Styles Rejuvenated and Ready to Take on the Competition,https://www.press.bmwgroup.com/usa/article/detail/T0198105EN_US/the-new-bmw-6-series:-three-body-styles-rejuvenated-and-ready-to-take-on-the-competition,,,skip,category 1
2019-06-19,The new BMW 8 Series Gran Coupe.,https://www.press.bmwgroup.com/usa/article/detail/T0297281EN_US/the-new-bmw-8-series-gran-coupe,,,skip,category 1
2021-07-07,The new BMW CE 04.,https://www.press.bmwgroup.com/usa/article/detail/T0337286EN_US/the-new-bmw-ce-04,,,skip,category 2
2012-07-02,The new BMW F 700 GS and BMW F 800 GS.,https://www.press.bmwgroup.com/usa/article/detail/T0128179EN_US/the-new-bmw-f-700-gs-and-bmw-f-800-gs,,,skip,category 2
2012-11-13,The new BMW F 800 GT.,https://www.press.bmwgroup.com/usa/article/detail/T0134354EN_US/the-new-bmw-f-800-gt,,,skip,category 2
2026-04-02,"The new BMW Group Plant Munich: More efficient, more flexible and more digital for production of the Neue Klasse",https://www.press.bmwgroup.com/usa/article/detail/T0456784EN_US/the-new-bmw-group-plant-munich:-more-efficient-more-flexible-and-more-digital-for-production-of-the-neue-klasse,,,skip,category 1
2017-04-19,The new BMW HP4 RACE.,https://www.press.bmwgroup.com/usa/article/detail/T0269936EN_US/the-new-bmw-hp4-race,,,skip,category 2
2021-10-28,"The new BMW K 1600 GT, K 1600 GTL, K 1600 B and K 1600 Grand America.",https://www.press.bmwgroup.com/usa/article/detail/T0353312EN_US/the-new-bmw-k-1600-gt-k-1600-gtl-k-1600-b-and-k-1600-grand-america,,,skip,category 2
2022-10-12,The new BMW M 1000 R.,https://www.press.bmwgroup.com/usa/article/detail/T0404584EN_US/the-new-bmw-m-1000-r,,,skip,category 1
2026-06-03,The new BMW M2 with M xDrive.,https://www.press.bmwgroup.com/usa/article/detail/T0458269EN_US/the-new-bmw-m2-with-m-xdrive,,,skip,category 1
2021-05-26,The new BMW M4 Competition Convertible with M xDrive.,https://www.press.bmwgroup.com/usa/article/detail/T0333478EN_US/the-new-bmw-m4-competition-convertible-with-m-xdrive,,,skip,category 1
2012-10-02,The new BMW R 1200 GS.,https://www.press.bmwgroup.com/usa/article/detail/T0132810EN_US/the-new-bmw-r-1200-gs,,,skip,category 2
2013-11-05,The new BMW R 1200 RT.,https://www.press.bmwgroup.com/usa/article/detail/T0154024EN_US/the-new-bmw-r-1200-rt,,,skip,category 2
2022-11-10,The new BMW R 1250 RS.,https://www.press.bmwgroup.com/usa/article/detail/T0405531EN_US/the-new-bmw-r-1250-rs,,,skip,category 1
2024-10-11,The new BMW R 1300 GS Adventure.,https://www.press.bmwgroup.com/usa/article/detail/T0443557EN_US/the-new-bmw-r-1300-gs-adventure,,,skip,category 1
2020-04-03,The new BMW R 18.,https://www.press.bmwgroup.com/usa/article/detail/T0307310EN_US/the-new-bmw-r-18,,,skip,category 1
2022-09-29,The new BMW S 1000 RR.,https://www.press.bmwgroup.com/usa/article/detail/T0404178EN_US/the-new-bmw-s-1000-rr,,,skip,category 1
2015-05-06,The new BMW S 1000 XR.,https://www.press.bmwgroup.com/usa/article/detail/T0216763EN_US/the-new-bmw-s-1000-xr,,,skip,category 2
2021-06-09,The new BMW X3 M Competition and the new BMW X4 M Competition.,https://www.press.bmwgroup.com/usa/article/detail/T0334899EN_US/the-new-bmw-x3-m-competition-and-the-new-bmw-x4-m-competition,,,skip,category 1
2021-06-09,The new BMW X3 and the new BMW X4.,https://www.press.bmwgroup.com/usa/article/detail/T0334902EN_US/the-new-bmw-x3-and-the-new-bmw-x4,,,skip,category 1
2015-10-01,The new BMW X4 M40i.,https://www.press.bmwgroup.com/usa/article/detail/T0236562EN_US/the-new-bmw-x4-m40i,,,skip,category 2
2015-05-29,The new BMW Z4 in Estoril blue metallic – additional pictures.,https://www.press.bmwgroup.com/usa/article/detail/T0220565EN_US/the-new-bmw-z4-in-estoril-blue-metallic-–-additional-pictures,,,skip,category 1
2019-01-14,The new BMW Z4.,https://www.press.bmwgroup.com/usa/article/detail/T0285141EN_US/the-new-bmw-z4,,,skip,category 1
2026-03-18,The new BMW i3. Second model of the Neue Klasse.,https://www.press.bmwgroup.com/usa/article/detail/T0456286EN_US/the-new-bmw-i3-second-model-of-the-neue-klasse,,,skip,category 1
2019-11-18,The new BMW i4: the future of hallmark brand driving pleasure.,https://www.press.bmwgroup.com/usa/article/detail/T0302791EN_US/the-new-bmw-i4:-the-future-of-hallmark-brand-driving-pleasure,,,skip,category 1
2025-01-29,The new BMW iX.,https://www.press.bmwgroup.com/usa/article/detail/T0447721EN_US/the-new-bmw-ix,,,skip,category 1
2012-10-02,The new Husqvarna Nuda 900 ABS/Nuda 900R ABS.,https://www.press.bmwgroup.com/usa/article/detail/T0132812EN_US/the-new-husqvarna-nuda-900-abs/nuda-900r-abs,,,skip,category 2
2012-07-12,The new Husqvarna models TR 650 Terra and TR 650 Strada.,https://www.press.bmwgroup.com/usa/article/detail/T0128445EN_US/the-new-husqvarna-models-tr-650-terra-and-tr-650-strada,,,skip,category 2
2024-04-24,The new MINI Aceman.,https://www.press.bmwgroup.com/usa/article/detail/T0441393EN_US/the-new-mini-aceman,,,skip,category 1
2024-01-31,The new MINI Aceman: Final testing under extreme conditions successfully completed.,https://www.press.bmwgroup.com/usa/article/detail/T0439418EN_US/the-new-mini-aceman:-final-testing-under-extreme-conditions-successfully-completed,,,skip,category 1
2024-02-07,The new MINI Cooper and MINI Cooper S with gasoline engines.,https://www.press.bmwgroup.com/usa/article/detail/T0439621EN_US/the-new-mini-cooper-and-mini-cooper-s-with-gasoline-engines,,,skip,category 1
2016-12-15,The new MINI John Cooper Works Clubman.,https://www.press.bmwgroup.com/usa/article/detail/T0266974EN_US/the-new-mini-john-cooper-works-clubman,,,skip,category 2
2019-11-20,The new MINI John Cooper Works GP.,https://www.press.bmwgroup.com/usa/article/detail/T0302824EN_US/the-new-mini-john-cooper-works-gp,,,skip,category 1
2023-09-01,"The new MINI family is all-electric, digital and distinctive.",https://www.press.bmwgroup.com/usa/article/detail/T0435378EN_US/the-new-mini-family-is-all-electric-digital-and-distinctive,,,skip,category 1
2023-04-17,The original celebrates its anniversary: The one millionth MINI 3-door of the current generation.,https://www.press.bmwgroup.com/usa/article/detail/T0413559EN_US/the-original-celebrates-its-anniversary:-the-one-millionth-mini-3-door-of-the-current-generation,,,skip,category 1
2021-01-27,"The original – new every time: The MINI 3-door,  the MINI 5-door,  the MINI Convertible.",https://www.press.bmwgroup.com/usa/article/detail/T0324990EN_US/the-original-–-new-every-time:-the-mini-3-door-the-mini-5-door-the-mini-convertible,,,skip,category 1
2013-07-23,The passion is in the details. A profile of Oliver Sieghart.,https://www.press.bmwgroup.com/usa/article/detail/T0143936EN_US/the-passion-is-in-the-details-a-profile-of-oliver-sieghart,,,skip,category 1
2023-05-18,The pure essence of motorsport:  The MINI John Cooper Works in the limited  1to6 Edition.,https://www.press.bmwgroup.com/usa/article/detail/T0417258EN_US/the-pure-essence-of-motorsport:-the-mini-john-cooper-works-in-the-limited-1to6-edition,,,skip,category 1
2020-03-05,The sound of the BMW Concept i4.,https://www.press.bmwgroup.com/usa/article/detail/T0306576EN_US/the-sound-of-the-bmw-concept-i4,,,skip,category 1
2012-12-20,"The true prophecy of the Mayan calendar: The end of the world is not nigh, but the age of MINI is about to dawn.",https://www.press.bmwgroup.com/usa/article/detail/T0135430EN_US/the-true-prophecy-of-the-mayan-calendar:-the-end-of-the-world-is-not-nigh-but-the-age-of-mini-is-about-to-dawn,,,skip,category 1
2012-10-08,The ultimate go-kart feeling: The MINI Coupé.,https://www.press.bmwgroup.com/usa/article/detail/T0133041EN_US/the-ultimate-go-kart-feeling:-the-mini-coupé,,,skip,category 1
2022-07-27,"The world of motorsport is in mourning. MINI commemorates Paddy Hopkirk, one of the great sportsmen.",https://www.press.bmwgroup.com/usa/article/detail/T0402586EN_US/the-world-of-motorsport-is-in-mourning-mini-commemorates-paddy-hopkirk-one-of-the-great-sportsmen,,,skip,category 1
2014-05-04,Third Time’s a Charm for Edwards and Hindman; Duo Wins CTSCC Race at Laguna Seca to Increase Grand Sport Lead,https://www.press.bmwgroup.com/usa/article/detail/T0178942EN_US/third-time’s-a-charm-for-edwards-and-hindman;-duo-wins-ctscc-race-at-laguna-seca-to-increase-grand-sport-lead,,,skip,category 1
2022-07-15,This Toy is Electric. Electrified open-air fun of the future.,https://www.press.bmwgroup.com/usa/article/detail/T0402290EN_US/this-toy-is-electric-electrified-open-air-fun-of-the-future,,,skip,category 1
2016-12-02,Three million MINIs - Oxford plant hits major manufacturing milestone.,https://www.press.bmwgroup.com/usa/article/detail/T0266431EN_US/three-million-minis-oxford-plant-hits-major-manufacturing-milestone,,,skip,category 1
2014-06-03,Timelessly alluring: 25 years of the BMW 8 Series.,https://www.press.bmwgroup.com/usa/article/detail/T0182487EN_US/timelessly-alluring:-25-years-of-the-bmw-8-series,,,skip,category 1
2013-10-20,Timo Glock claims maiden DTM victory at the season finale – BMW defends Manufacturers’ title.,https://www.press.bmwgroup.com/usa/article/detail/T0151484EN_US/timo-glock-claims-maiden-dtm-victory-at-the-season-finale-–-bmw-defends-manufacturers’-title,,,skip,category 1
2018-09-27,"Top Smart Cities Tech Accelerator URBAN-X by MINI and Urban Us Graduates Fourth Cohort, Alumni Startups Hit New Funding Milestones",https://www.press.bmwgroup.com/usa/article/detail/T0285424EN_US/top-smart-cities-tech-accelerator-urban-x-by-mini-and-urban-us-graduates-fourth-cohort-alumni-startups-hit-new-funding-milestones,,,skip,category 1
2020-04-17,Top-three shut-out for the BMW M8 GTE in the second IMSA iRacing Pro Series race on the Laguna Seca virtual circuit.,https://www.press.bmwgroup.com/usa/article/detail/T0307658EN_US/top-three-shut-out-for-the-bmw-m8-gte-in-the-second-imsa-iracing-pro-series-race-on-the-laguna-seca-virtual-circuit,,,skip,category 1
2022-01-31,Tough test: BMW M Team RLL finishes the challenging 24 Hours of Daytona with both MOTUL BMW M4 GT3s.,https://www.press.bmwgroup.com/usa/article/detail/T0366213EN_US/tough-test:-bmw-m-team-rll-finishes-the-challenging-24-hours-of-daytona-with-both-motul-bmw-m4-gt3s,,,skip,category 1
2017-12-12,"Tradition-conscious, authentic, clear: The new MINI logo.",https://www.press.bmwgroup.com/usa/article/detail/T0277082EN_US/tradition-conscious-authentic-clear:-the-new-mini-logo,,,skip,category 1
2022-03-16,Transformation and responsibility: BMW Group steps up technological change for sustainable future,https://www.press.bmwgroup.com/usa/article/detail/T0374535EN_US/transformation-and-responsibility:-bmw-group-steps-up-technological-change-for-sustainable-future,,,skip,category 1
2013-07-24,Transmission Information for the World Premiere of the BMW i3:,https://www.press.bmwgroup.com/usa/article/detail/T0144005EN_US/transmission-information-for-the-world-premiere-of-the-bmw-i3:,,,skip,category 1
2018-04-23,Travis Wyman Earns BMW Its First MotoAmerica Win In Stock 1000 Class; Ludt And Helmbach Snag Podium Finishes At CCS/ASRA Team Challenge Racing At Carolina Motorsports Park,https://www.press.bmwgroup.com/usa/article/detail/T0280412EN_US/travis-wyman-earns-bmw-its-first-motoamerica-win-in-stock-1000-class;-ludt-and-helmbach-snag-podium-finishes-at-ccs/asra-team-challenge-racing-at-carolina-motorsports-park,,,skip,category 1
2015-07-27,Turner Motorsport Takes GTD Class Victory at Lime Rock Park Northeast Grand Prix,https://www.press.bmwgroup.com/usa/article/detail/T0227942EN_US/turner-motorsport-takes-gtd-class-victory-at-lime-rock-park-northeast-grand-prix,,,skip,category 1
2024-05-02,Turner Motorsport to Set a Record 557 Race Starts With BMW at Laguna Seca IMSA Event.,https://www.press.bmwgroup.com/usa/article/detail/T0441591EN_US/turner-motorsport-to-set-a-record-557-race-starts-with-bmw-at-laguna-seca-imsa-event,,,skip,category 1
2019-10-13,Turner Motorsport wins GTD class with BMW M6 GT3 at IMSA finale – Podium for BMW Team RLL.,https://www.press.bmwgroup.com/usa/article/detail/T0301773EN_US/turner-motorsport-wins-gtd-class-with-bmw-m6-gt3-at-imsa-finale-–-podium-for-bmw-team-rll,,,skip,category 1
2023-04-20,Twenty Year Anniversary: BMW Manufacturing’s Landfill Gas-to-Energy Project Continues to Power Factory.,https://www.press.bmwgroup.com/usa/article/detail/T0413862EN_US/twenty-year-anniversary:-bmw-manufacturing’s-landfill-gas-to-energy-project-continues-to-power-factory,,,skip,category 1
2021-01-11,Twenty Years of BMW iDrive,https://www.press.bmwgroup.com/usa/article/detail/T0323933EN_US/twenty-years-of-bmw-idrive,,,skip,category 1
2021-05-17,Two All-New BMW Electric Vehicles to Make North American Debuts in Los Angeles on June 1.,https://www.press.bmwgroup.com/usa/article/detail/T0332550EN_US/two-all-new-bmw-electric-vehicles-to-make-north-american-debuts-in-los-angeles-on-june-1,,,skip,category 1
2016-04-08,Two MINI ALL4 Racing crews on the podium at Abu Dhabi Desert Challenge. Four MINI ALL4 Racing finish in top five.,https://www.press.bmwgroup.com/usa/article/detail/T0258999EN_US/two-mini-all4-racing-crews-on-the-podium-at-abu-dhabi-desert-challenge-four-mini-all4-racing-finish-in-top-five,,,skip,category 1
2016-07-01,Two great circuits on consecutive weekends upcoming for BMW Team RLL.,https://www.press.bmwgroup.com/usa/article/detail/T0261672EN_US/two-great-circuits-on-consecutive-weekends-upcoming-for-bmw-team-rll,,,skip,category 1
2022-10-02,Two podiums for the BMW M4 GT3 at IMSA season finale.,https://www.press.bmwgroup.com/usa/article/detail/T0404301EN_US/two-podiums-for-the-bmw-m4-gt3-at-imsa-season-finale,,,skip,category 1
2014-06-03,Tyler Palmer finishes first and second in Pirelli World Challenge at New Jersey Motorsports Park,https://www.press.bmwgroup.com/usa/article/detail/T0182523EN_US/tyler-palmer-finishes-first-and-second-in-pirelli-world-challenge-at-new-jersey-motorsports-park,,,skip,category 1
2013-01-18,"U.S. Men’s Bobsled Team to Race BMW Bobsled for the First Time Tomorrow at the FIBT World Cup in Igls, Austria",https://www.press.bmwgroup.com/usa/article/detail/T0136317EN_US/u-s-men’s-bobsled-team-to-race-bmw-bobsled-for-the-first-time-tomorrow-at-the-fibt-world-cup-in-igls-austria,,,skip,category 1
2016-09-20,"U.S. Paralympics Track and Field Team Members Bring Home Gold, Silver and Bronze Medals with BMW Racing Wheelchair",https://www.press.bmwgroup.com/usa/article/detail/T0263892EN_US/u-s-paralympics-track-and-field-team-members-bring-home-gold-silver-and-bronze-medals-with-bmw-racing-wheelchair,,,skip,category 1
2015-08-11,U.S. Qualifiers Announced For BMW Motorrad International GS Trophy,https://www.press.bmwgroup.com/usa/article/detail/T0229807EN_US/u-s-qualifiers-announced-for-bmw-motorrad-international-gs-trophy,,,skip,category 1
2017-06-01,U.S. Sales Reporting Delayed,https://www.press.bmwgroup.com/usa/article/detail/T0271475EN_US/u-s-sales-reporting-delayed,,,skip,category 1
2013-09-30,UNAOC and BMW Group renew ground-breaking partnership,https://www.press.bmwgroup.com/usa/article/detail/T0147848EN_US/unaoc-and-bmw-group-renew-ground-breaking-partnership,,,skip,category 1
2013-02-27,UNITED NATIONS ALLIANCE OF CIVILIZATIONS (UNAOC) AND BMW GROUP ANNOUNCE WINNERS OF INTERCULTURAL INNOVATION AWARD,https://www.press.bmwgroup.com/usa/article/detail/T0137311EN_US/united-nations-alliance-of-civilizations-unaoc-and-bmw-group-announce-winners-of-intercultural-innovation-award,,,skip,category 1
2023-06-26,UPDATE: BMW M Hybrid V8 celebrates historic first victory at IMSA race in Watkins Glen.,https://www.press.bmwgroup.com/usa/article/detail/T0422166EN_US/update:-bmw-m-hybrid-v8-celebrates-historic-first-victory-at-imsa-race-in-watkins-glen,,,skip,category 1
2018-10-29,UPDATE: The New BMW F 750 GS and F 850 GS,https://www.press.bmwgroup.com/usa/article/detail/T0276934EN_US/update:-the-new-bmw-f-750-gs-and-f-850-gs,,,skip,category 1
2022-01-11,URBAN-X ACCELERATOR BY MINI GRADUATES TENTH COHORT IN FIFTH YEAR OF DRIVING URBAN INNOVATION.,https://www.press.bmwgroup.com/usa/article/detail/T0363893EN_US/urban-x-accelerator-by-mini-graduates-tenth-cohort-in-fifth-year-of-driving-urban-innovation,,,skip,category 1
2021-01-28,"URBAN-X ACCELERATOR BY MINI UNVEILS NINTH STARTUP COHORT TACKLING CLIMATE CHANGE, CONNECTIVITY, MOBILITY, AND CITY LIVING.",https://www.press.bmwgroup.com/usa/article/detail/T0325210EN_US/urban-x-accelerator-by-mini-unveils-ninth-startup-cohort-tackling-climate-change-connectivity-mobility-and-city-living,,,skip,category 1
2024-09-17,URBAN-X BY MINI ANNOUNCES COHORT 15 OF STARTUPS PIONEERING CLIMATE SOLUTIONS FOR RESILIENT COMMUNITIES.,https://www.press.bmwgroup.com/usa/article/detail/T0445109EN_US/urban-x-by-mini-announces-cohort-15-of-startups-pioneering-climate-solutions-for-resilient-communities,,,skip,category 1
2024-03-11,URBAN-X BY MINI ANNOUNCES NEWEST COHORT OF STARTUPS POINEERING CLIMATE SOLUTIONS,https://www.press.bmwgroup.com/usa/article/detail/T0440224EN_US/urban-x-by-mini-announces-newest-cohort-of-startups-poineering-climate-solutions,,,skip,category 1
2023-09-06,URBAN-X BY MINI IN PARTNERSHIP WITH JVP LAUNCHES NEW COHORT OF URBAN INNOVATORS BUILDING CRITICAL CLIMATE TECHNOLOGIES.,https://www.press.bmwgroup.com/usa/article/detail/T0436830EN_US/urban-x-by-mini-in-partnership-with-jvp-launches-new-cohort-of-urban-innovators-building-critical-climate-technologies,,,skip,category 1
2023-03-27,URBAN-X BY MINI WELCOMES PROMISING CLIMATE TECH INNOVATORS TO ITS NEWEST COHORT,https://www.press.bmwgroup.com/usa/article/detail/T0411859EN_US/urban-x-by-mini-welcomes-promising-climate-tech-innovators-to-its-newest-cohort,,,skip,category 1
2021-09-20,URBAN-X STARTUP ACCELERATOR BY MINI & URBAN US PRESENT TENTH STARTUP COHORT DRIVING URBAN INNOVATION & CLIMATE ACTION.,https://www.press.bmwgroup.com/usa/article/detail/T0344332EN_US/urban-x-startup-accelerator-by-mini-urban-us-present-tenth-startup-cohort-driving-urban-innovation-climate-action,,,skip,category 1
2021-06-01,URBAN-X STARTUP ACCELERATOR BY MINI AND URBAN US GRADUATES NINTH STARTUP COHORT WITH FIRST-EVER URBAN-X SUMMIT.,https://www.press.bmwgroup.com/usa/article/detail/T0334249EN_US/urban-x-startup-accelerator-by-mini-and-urban-us-graduates-ninth-startup-cohort-with-first-ever-urban-x-summit,,,skip,category 1
2021-04-13,URBAN-X STARTUP ACCELERATOR BY MINI AND URBAN US MOVES TO NEWLAB IN THE BROOKLYN NAVY YARD.,https://www.press.bmwgroup.com/usa/article/detail/T0329629EN_US/urban-x-startup-accelerator-by-mini-and-urban-us-moves-to-newlab-in-the-brooklyn-navy-yard,,,skip,category 1
2022-05-24,"URBAN-X, the platform by MINI for startups reimagining city life, announces JVP as its new venture partner.",https://www.press.bmwgroup.com/usa/article/detail/T0393253EN_US/urban-x-the-platform-by-mini-for-startups-reimagining-city-life-announces-jvp-as-its-new-venture-partner,,,skip,category 1
2021-08-18,URBAN-X: The venture accelerator founded by MINI.,https://www.press.bmwgroup.com/usa/article/detail/T0340112EN_US/urban-x:-the-venture-accelerator-founded-by-mini,,,skip,category 2
2017-02-07,USA Swimming Renews Longtime Partnership with BMW of North America,https://www.press.bmwgroup.com/usa/article/detail/T0267790EN_US/usa-swimming-renews-longtime-partnership-with-bmw-of-north-america,,,skip,category 1
2023-01-05,Ultimate companion – through real and virtual worlds:  BMW presents BMW i Vision Dee in Las Vegas.,https://www.press.bmwgroup.com/usa/article/detail/T0407190EN_US/ultimate-companion-–-through-real-and-virtual-worlds:-bmw-presents-bmw-i-vision-dee-in-las-vegas,,,skip,category 1
2017-05-17,United States Secretary of Labor Alexander Acosta visits BMW Group apprenticeship programs in Munich,https://www.press.bmwgroup.com/usa/article/detail/T0271003EN_US/united-states-secretary-of-labor-alexander-acosta-visits-bmw-group-apprenticeship-programs-in-munich,,,skip,category 1
2021-09-27,United States Wins 43rd Ryder Cup as BMW Debuts as a Worldwide Partner of the Legendary International Golf Competition.,https://www.press.bmwgroup.com/usa/article/detail/T0345474EN_US/united-states-wins-43rd-ryder-cup-as-bmw-debuts-as-a-worldwide-partner-of-the-legendary-international-golf-competition,,,skip,category 1
2013-03-19,Up for the vote: The classic Mini and 99 other “Great British Innovations”.,https://www.press.bmwgroup.com/usa/article/detail/T0138459EN_US/up-for-the-vote:-the-classic-mini-and-99-other-“great-british-innovations”,,,skip,category 1
2026-05-15,"VISION BMW ALPINA: SPEED, REFINED.",https://www.press.bmwgroup.com/usa/article/detail/T0457849EN_US/vision-bmw-alpina:-speed-refined,,,skip,category 1
2014-10-29,Valerie Thompson Pilots BMW S 1000 RR To New Personal Best Top Speed With 217 Mph Run At Texas Mile Speed Festival,https://www.press.bmwgroup.com/usa/article/detail/T0195495EN_US/valerie-thompson-pilots-bmw-s-1000-rr-to-new-personal-best-top-speed-with-217-mph-run-at-texas-mile-speed-festival,,,skip,category 1
2013-11-11,Verifiably sustainable: ISO certificate for environmental footprint of the BMW i3. The TÜV SÜD Technical Inspectorate confirms that the total life cycle potential of the BMW i3 for emitting greenhouse gases is around 30 to 50 percent less than in comparable conventional vehicles.,https://www.press.bmwgroup.com/usa/article/detail/T0155196EN_US/verifiably-sustainable:-iso-certificate-for-environmental-footprint-of-the-bmw-i3-the-tuev-sued-technical-inspectorate-confirms-that-the-total-life-cycle-potential-of-the-bmw-i3-for-emitting-greenhouse-gases-is-around-30-to-50-percent-less-than-in-comparable-conventional-vehicles,,,skip,category 1
2013-09-04,Very British: MINI makes fashion for wet and windy weather. Cool looks for chilly days with the new Lifestyle Collection.,https://www.press.bmwgroup.com/usa/article/detail/T0145409EN_US/very-british:-mini-makes-fashion-for-wet-and-windy-weather-cool-looks-for-chilly-days-with-the-new-lifestyle-collection,,,skip,category 1
2014-01-23,Voices: BMW Team RLL is Ready for the Rolex 24 at Daytona.,https://www.press.bmwgroup.com/usa/article/detail/T0164820EN_US/voices:-bmw-team-rll-is-ready-for-the-rolex-24-at-daytona,,,skip,category 1
2012-12-22,WE’RE ALL STILL HERE… LET’S MOTOR.,https://www.press.bmwgroup.com/usa/article/detail/T0135523EN_US/we’re-all-still-here…-let’s-motor,,,skip,category 1
2019-06-22,Warm-up on the Nordschleife: the new MINI John Cooper Works GP.,https://www.press.bmwgroup.com/usa/article/detail/T0297403EN_US/warm-up-on-the-nordschleife:-the-new-mini-john-cooper-works-gp,,,skip,category 1
2018-09-08,Warm-up on the Nürburgring: First official presentation of the BMW X3 M and the BMW X4 M.,https://www.press.bmwgroup.com/usa/article/detail/T0284785EN_US/warm-up-on-the-nuerburgring:-first-official-presentation-of-the-bmw-x3-m-and-the-bmw-x4-m,,,skip,category 1
2022-06-25,Watkins Glen GTD PRO Class Pole Position for De Phillippi’s BMW M Team RLL BMW M4 GT3. Turner Motorsport to Start P3; Paul Miller Racing Lines Up P5 in GTD.,https://www.press.bmwgroup.com/usa/article/detail/T0401822EN_US/watkins-glen-gtd-pro-class-pole-position-for-de-phillippi’s-bmw-m-team-rll-bmw-m4-gt3-turner-motorsport-to-start-p3;-paul-miller-racing-lines-up-p5-in-gtd,,,skip,category 1
2018-06-26,Watkins Glen International and Canadian Tire Motorsport Park  up next for BMW Team RLL; Bill Auberlen and Tom Blomqvist to drive at Watkins Glen.,https://www.press.bmwgroup.com/usa/article/detail/T0282551EN_US/watkins-glen-international-and-canadian-tire-motorsport-park-up-next-for-bmw-team-rll;-bill-auberlen-and-tom-blomqvist-to-drive-at-watkins-glen,,,skip,category 1
2015-03-21,Werner and Luhr Qualify Fourth and Sixth for BMW Team RLL at the 63rd Annual 12 Hours of Sebring,https://www.press.bmwgroup.com/usa/article/detail/T0209463EN_US/werner-and-luhr-qualify-fourth-and-sixth-for-bmw-team-rll-at-the-63rd-annual-12-hours-of-sebring,,,skip,category 1
2013-10-03,What makes MINI tick. Keep time stylishly with the new watches from the MINI Lifestyle Collection.,https://www.press.bmwgroup.com/usa/article/detail/T0148504EN_US/what-makes-mini-tick-keep-time-stylishly-with-the-new-watches-from-the-mini-lifestyle-collection,,,skip,category 1
2019-01-16,With traditional sporting spirit and British flair: the MINI 60 Years Edition.,https://www.press.bmwgroup.com/usa/article/detail/T0290163EN_US/with-traditional-sporting-spirit-and-british-flair:-the-mini-60-years-edition,,,skip,category 1
2021-07-17,With traditional sporting spirit in the name of John Cooper: The MINI Anniversary Edition.,https://www.press.bmwgroup.com/usa/article/detail/T0338222EN_US/with-traditional-sporting-spirit-in-the-name-of-john-cooper:-the-mini-anniversary-edition,,,skip,category 1
2023-05-17,World Premiere at the Port of Cannes: BMW and TYDE Unveil Fully Electric Watercraft THE ICON—a New Flagbearer for Sustainable Luxury.,https://www.press.bmwgroup.com/usa/article/detail/T0417898EN_US/world-premiere-at-the-port-of-cannes:-bmw-and-tyde-unveil-fully-electric-watercraft-the-icon—a-new-flagbearer-for-sustainable-luxury,,,skip,category 1
2024-10-21,World champion-worthy WorldSBK season finale.,https://www.press.bmwgroup.com/usa/article/detail/T0445834EN_US/world-champion-worthy-worldsbk-season-finale,,,skip,category 1
2017-12-07,World premiere of “FRANCHISE FREEDOM” has the ocean front night sky of Miami Beach abuzz with 300 flying drones. Studio Drift in partnership with BMW created an airborne sculpture illuminating the heavens during Art Basel in Miami Beach.,https://www.press.bmwgroup.com/usa/article/detail/T0276955EN_US/world-premiere-of-“franchise-freedom”-has-the-ocean-front-night-sky-of-miami-beach-abuzz-with-300-flying-drones-studio-drift-in-partnership-with-bmw-created-an-airborne-sculpture-illuminating-the-heavens-during-art-basel-in-miami-beach,,,skip,category 1
2013-07-29,Worldwide debut of the all-new BMW i3.,https://www.press.bmwgroup.com/usa/article/detail/T0144126EN_US/worldwide-debut-of-the-all-new-bmw-i3,,,skip,category 2
2018-12-18,Zanardi's Road to Daytona: Alessandro Zanardi completes first test with BMW Team RLL at the Daytona International Speedway.,https://www.press.bmwgroup.com/usa/article/detail/T0288803EN_US/zanardi-s-road-to-daytona:-alessandro-zanardi-completes-first-test-with-bmw-team-rll-at-the-daytona-international-speedway,,,skip,category 1
2019-01-10,Zanardi's Road to Daytona: Alessandro Zanardi conquers New York: Media marathon and special honour at the New York NASDAQ stock exchange.,https://www.press.bmwgroup.com/usa/article/detail/T0289763EN_US/zanardi-s-road-to-daytona:-alessandro-zanardi-conquers-new-york:-media-marathon-and-special-honour-at-the-new-york-nasdaq-stock-exchange,,,skip,category 1
2018-12-19,Zanardi's Road to Daytona: Five Questions with Alessandro Zanardi.,https://www.press.bmwgroup.com/usa/article/detail/T0288906EN_US/zanardi-s-road-to-daytona:-five-questions-with-alessandro-zanardi,,,skip,category 1
2018-12-20,Zanardi's Road to Daytona: “A bit like Jimi Hendrix”: virtuoso performance from Alessandro Zanardi behind the wheel of the BMW M8 GTE.,https://www.press.bmwgroup.com/usa/article/detail/T0288995EN_US/zanardi-s-road-to-daytona:-“a-bit-like-jimi-hendrix”:-virtuoso-performance-from-alessandro-zanardi-behind-the-wheel-of-the-bmw-m8-gte,,,skip,category 1
2019-01-11,Zanardi's Road to Daytona: “It’s a dance”: how Alessandro Zanardi’s driver changes will work at the 24 Hours of Daytona.,https://www.press.bmwgroup.com/usa/article/detail/T0289906EN_US/zanardi-s-road-to-daytona:-“it’s-a-dance”:-how-alessandro-zanardi’s-driver-changes-will-work-at-the-24-hours-of-daytona,,,skip,category 1
2019-01-15,"Zanardi's Road to Daytona: “Welcome back, Alex”: US companions talk about the phenomenon that is Alessandro Zanardi.",https://www.press.bmwgroup.com/usa/article/detail/T0290085EN_US/zanardi-s-road-to-daytona:-“welcome-back-alex”:-us-companions-talk-about-the-phenomenon-that-is-alessandro-zanardi,,,skip,category 1
2019-01-07,Zanardi’s Road to Daytona: An interview with Alessandro Zanardi: “I can’t wait to take on the 24-hour race weekend.”,https://www.press.bmwgroup.com/usa/article/detail/T0289554EN_US/zanardi’s-road-to-daytona:-an-interview-with-alessandro-zanardi:-“i-can’t-wait-to-take-on-the-24-hour-race-weekend-”,,,skip,category 1
2019-01-10,"Zanardi’s Road to Daytona: From Sprint to Marathon, from BMW M4 DTM to BMW M8 GTE.",https://www.press.bmwgroup.com/usa/article/detail/T0289848EN_US/zanardi’s-road-to-daytona:-from-sprint-to-marathon-from-bmw-m4-dtm-to-bmw-m8-gte,,,skip,category 1
2013-08-31,[UPDATED] BMW Team RLL Secures Pole Position at Grand Prix of Baltimore.,https://www.press.bmwgroup.com/usa/article/detail/T0145264EN_US/updated-bmw-team-rll-secures-pole-position-at-grand-prix-of-baltimore,,,skip,category 1
2019-03-15,“BMW M Motorsport Super Weekend” at Sebring: Countdown has started to the first of two races.,https://www.press.bmwgroup.com/usa/article/detail/T0293200EN_US/“bmw-m-motorsport-super-weekend”-at-sebring:-countdown-has-started-to-the-first-of-two-races,,,skip,category 1
2019-03-16,“BMW M Motorsport Super Weekend” – Part One: BMW Team MTEK claims podium finish at Sebring.,https://www.press.bmwgroup.com/usa/article/detail/T0293207EN_US/“bmw-m-motorsport-super-weekend”-–-part-one:-bmw-team-mtek-claims-podium-finish-at-sebring,,,skip,category 1
2023-06-29,“Dynamism within a form”: Internationally renowned artist Julie Mehretu will create the 20th BMW Art Car.,https://www.press.bmwgroup.com/usa/article/detail/T0422379EN_US/“dynamism-within-a-form”:-internationally-renowned-artist-julie-mehretu-will-create-the-20th-bmw-art-car,,,skip,category 1
2016-04-18,“Eyes on Gigi”. BMW presents interactive campaign for new BMW M2 Coupé. One-shot film directed by Marc Forster featuring spectacular vehicle choreography with supermodel Gigi Hadid.,https://www.press.bmwgroup.com/usa/article/detail/T0259278EN_US/“eyes-on-gigi”-bmw-presents-interactive-campaign-for-new-bmw-m2-coupé-one-shot-film-directed-by-marc-forster-featuring-spectacular-vehicle-choreography-with-supermodel-gigi-hadid,,,skip,category 1
2018-09-06,"“Hey BMW, now we’re talking!” BMWs Are About To Get a Personality with Introduction of New Sophisticated In-Car Intelligent Personal Assistant.",https://www.press.bmwgroup.com/usa/article/detail/T0284664EN_US/“hey-bmw-now-we’re-talking-”-bmws-are-about-to-get-a-personality-with-introduction-of-new-sophisticated-in-car-intelligent-personal-assistant,,,skip,category 1
2017-10-25,“Ready to race”: Newly developed BMW M4 GT4s delivered to customer teams for the first time.,https://www.press.bmwgroup.com/usa/article/detail/T0275519EN_US/“ready-to-race”:-newly-developed-bmw-m4-gt4s-delivered-to-customer-teams-for-the-first-time,,,skip,category 1
2015-04-23,“THE MINI” – the world’s first MINI designed surfboard. A collaboration with the legendary board builder Channel Islands Surfboards.,https://www.press.bmwgroup.com/usa/article/detail/T0214383EN_US/“the-mini”-–-the-world’s-first-mini-designed-surfboard-a-collaboration-with-the-legendary-board-builder-channel-islands-surfboards,,,skip,category 1
2019-12-04,“The E-talian Job”: Escape from everyday life the sustainable way in the new MINI Cooper SE.,https://www.press.bmwgroup.com/usa/article/detail/T0303406EN_US/“the-e-talian-job”:-escape-from-everyday-life-the-sustainable-way-in-the-new-mini-cooper-se,,,skip,category 1
2012-07-20,"ART DRIVE! The BMW Art Car Collection 1975-2010. Exhibition of Art Cars by Andy Warhol, Jeff Koons and David Hockney - On Show for First Time in the UK in East End Car Park.",https://www.press.bmwgroup.com/usa/article/detail/T0128592EN_US/art-drive-the-bmw-art-car-collection-1975-2010-exhibition-of-art-cars-by-andy-warhol-jeff-koons-and-david-hockney-on-show-for-first-time-in-the-uk-in-east-end-car-park,,2010,skip,category 1
2012-12-11,2012 BMW Championship Earns PGA TOUR’s Tournament of Year Honor,https://www.press.bmwgroup.com/usa/article/detail/T0135171EN_US/2012-bmw-championship-earns-pga-tour’s-tournament-of-year-honor,,2012,skip,category 1
2012-09-04,2012 BMW Championship Press Kit,https://www.press.bmwgroup.com/usa/article/detail/T0131459EN_US/2012-bmw-championship-press-kit,,2012,skip,category 2
2014-09-04,2012 BMW Championship Winner Rory McIlroy Takes a Different Kind of Drive in the All-New BMW i8 During the 2014 BMW Championship.,https://www.press.bmwgroup.com/usa/article/detail/T0192735EN_US/2012-bmw-championship-winner-rory-mcilroy-takes-a-different-kind-of-drive-in-the-all-new-bmw-i8-during-the-2014-bmw-championship,,2012,skip,category 1
2012-08-15,All-New BMW Zagato Makes World Debut at 2012 Pebble Beach Concours.,https://www.press.bmwgroup.com/usa/article/detail/T0130204EN_US/all-new-bmw-zagato-makes-world-debut-at-2012-pebble-beach-concours,,2012,skip,category 1
2012-08-14,Anniversary at the Nürburgring. BMW Classic celebrates 40 years of BMW M GmbH at the AvD Oldtimer Grand Prix 2012.,https://www.press.bmwgroup.com/usa/article/detail/T0130163EN_US/anniversary-at-the-nuerburgring-bmw-classic-celebrates-40-years-of-bmw-m-gmbh-at-the-avd-oldtimer-grand-prix-2012,,2012,skip,category 1
2012-11-29,Art Basel Miami Beach 2012. BMW is partner of the international art show for modern and contemporary art.,https://www.press.bmwgroup.com/usa/article/detail/T0134761EN_US/art-basel-miami-beach-2012-bmw-is-partner-of-the-international-art-show-for-modern-and-contemporary-art,,2012,skip,category 1
2012-07-13,BMW ConnectedDrive 2012,https://www.press.bmwgroup.com/usa/article/detail/T0128439EN_US/bmw-connecteddrive-2012,,2012,skip,category 1
2012-07-27,"BMW Debuts U.S. Olympic-themed Ad Featuring Olympians Natalie Coughlin, Sanya Richards-Ross and Evelyn Stevens during broadcast of the Opening Ceremony of the London 2012 Olympic Games",https://www.press.bmwgroup.com/usa/article/detail/T0128823EN_US/bmw-debuts-u-s-olympic-themed-ad-featuring-olympians-natalie-coughlin-sanya-richards-ross-and-evelyn-stevens-during-broadcast-of-the-opening-ceremony-of-the-london-2012-olympic-games,,2012,skip,category 1
2012-08-03,BMW Group Adds One More Model To Its Electric Vehicle Line Up For London 2012,https://www.press.bmwgroup.com/usa/article/detail/T0129038EN_US/bmw-group-adds-one-more-model-to-its-electric-vehicle-line-up-for-london-2012,,2012,skip,category 1
2013-03-19,BMW Group Annual Report 2012,https://www.press.bmwgroup.com/usa/article/detail/T0138301EN_US/bmw-group-annual-report-2012,,2012,skip,category 1
2012-08-29,BMW Group Classic at the Goodwood Revival 2012.,https://www.press.bmwgroup.com/usa/article/detail/T0130924EN_US/bmw-group-classic-at-the-goodwood-revival-2012,,2012,skip,category 1
2012-09-13,BMW Group Innovation Day 2012: Efficient Dynamics,https://www.press.bmwgroup.com/usa/article/detail/T0132047EN_US/bmw-group-innovation-day-2012:-efficient-dynamics,,2012,skip,category 2
2012-09-04,BMW Group U.S. Reports August 2012 Sales,https://www.press.bmwgroup.com/usa/article/detail/T0131467EN_US/bmw-group-u-s-reports-august-2012-sales,,2012,skip,category 1
2012-08-01,BMW Group U.S. Reports July 2012 Sales,https://www.press.bmwgroup.com/usa/article/detail/T0128948EN_US/bmw-group-u-s-reports-july-2012-sales,,2012,skip,category 1
2012-07-03,BMW Group U.S. Reports June 2012 Sales,https://www.press.bmwgroup.com/usa/article/detail/T0128215EN_US/bmw-group-u-s-reports-june-2012-sales,,2012,skip,category 1
2012-06-01,BMW Group U.S. Reports May 2012 Sales,https://www.press.bmwgroup.com/usa/article/detail/T0127306EN_US/bmw-group-u-s-reports-may-2012-sales,,2012,skip,category 1
2012-12-03,BMW Group U.S. Reports November 2012 Sales,https://www.press.bmwgroup.com/usa/article/detail/T0134891EN_US/bmw-group-u-s-reports-november-2012-sales,,2012,skip,category 1
2012-11-01,BMW Group U.S. Reports October 2012 Sales,https://www.press.bmwgroup.com/usa/article/detail/T0134074EN_US/bmw-group-u-s-reports-october-2012-sales,,2012,skip,category 1
2012-10-02,BMW Group U.S. Reports September 2012 Sales,https://www.press.bmwgroup.com/usa/article/detail/T0132853EN_US/bmw-group-u-s-reports-september-2012-sales,,2012,skip,category 1
2013-03-14,BMW Group continues on successful course in 2012,https://www.press.bmwgroup.com/usa/article/detail/T0137902EN_US/bmw-group-continues-on-successful-course-in-2012,,2012,skip,category 1
2013-01-10,BMW Group posts highest sales ever in 2012,https://www.press.bmwgroup.com/usa/article/detail/T0136005EN_US/bmw-group-posts-highest-sales-ever-in-2012,,2012,skip,category 1
2012-07-20,BMW Group unveils London 2012 Olympic Park Pavilion,https://www.press.bmwgroup.com/usa/article/detail/T0128591EN_US/bmw-group-unveils-london-2012-olympic-park-pavilion,,2012,skip,category 1
2012-06-01,BMW K 1600 GTL Clinches Rider’s 2012 Motorcycle of the Year Award,https://www.press.bmwgroup.com/usa/article/detail/T0127267EN_US/bmw-k-1600-gtl-clinches-rider’s-2012-motorcycle-of-the-year-award,,2012,skip,category 1
2013-01-08,BMW Motorcycle Sales Up 14 Percent In 2012,https://www.press.bmwgroup.com/usa/article/detail/T0135887EN_US/bmw-motorcycle-sales-up-14-percent-in-2012,,2012,skip,category 1
2013-01-09,BMW Motorrad achieves new sales record in 2012. Double-digit growth in December. Husqvarna Motorcycles 15.7 % above previous year.,https://www.press.bmwgroup.com/usa/article/detail/T0135943EN_US/bmw-motorrad-achieves-new-sales-record-in-2012-double-digit-growth-in-december-husqvarna-motorcycles-15-7-above-previous-year,,2012,skip,category 1
2012-08-30,BMW Motorrad press conference at INTERMOT 2012. Announcement of BMW R 1200 GS successor model world premiere.,https://www.press.bmwgroup.com/usa/article/detail/T0131468EN_US/bmw-motorrad-press-conference-at-intermot-2012-announcement-of-bmw-r-1200-gs-successor-model-world-premiere,,2012,skip,category 1
2012-07-06,"BMW Motorrad sells 59,189 motorcycles in the first half of 2012 and stays on track for another all-time retail high.Husqvarna Motorcycles vehicle supplies exceed previous year as of June 2012.",https://www.press.bmwgroup.com/usa/article/detail/T0128356EN_US/bmw-motorrad-sells-59-189-motorcycles-in-the-first-half-of-2012-and-stays-on-track-for-another-all-time-retail-high-husqvarna-motorcycles-vehicle-supplies-exceed-previous-year-as-of-june-2012,,2012,skip,category 1
2012-12-01,BMW Motorsport End of Season 2012.,https://www.press.bmwgroup.com/usa/article/detail/T0134912EN_US/bmw-motorsport-end-of-season-2012,,2012,skip,category 1
2012-10-08,BMW Power Wins Multiple 2012 GRAND-AM Championships at Lime Rock Park Finale,https://www.press.bmwgroup.com/usa/article/detail/T0133042EN_US/bmw-power-wins-multiple-2012-grand-am-championships-at-lime-rock-park-finale,,2012,skip,category 1
2012-06-25,"BMW Victories in Daytona Prototype, GT and Street Tuner Highlight First Half of 2012 Grand-Am Season",https://www.press.bmwgroup.com/usa/article/detail/T0127890EN_US/bmw-victories-in-daytona-prototype-gt-and-street-tuner-highlight-first-half-of-2012-grand-am-season,,2012,skip,category 1
2012-09-17,BMW at the 2012 Paris Motor Show.,https://www.press.bmwgroup.com/usa/article/detail/T0132077EN_US/bmw-at-the-2012-paris-motor-show,,2012,skip,category 2
2012-07-12,BMW i8 Wins Crown as the 2012 Concept Vehicle of the Year – the Ultimate Driving Machine of the Future.,https://www.press.bmwgroup.com/usa/article/detail/T0128458EN_US/bmw-i8-wins-crown-as-the-2012-concept-vehicle-of-the-year-–-the-ultimate-driving-machine-of-the-future,,2012,skip,category 1
2012-08-14,"Breathtaking motocross stunts thrill 30,000 spectators in Munich’s Olympic Stadium. MINI John Cooper Works is the sports partner of theR ed Bull X-Fighters World Tour 2012.",https://www.press.bmwgroup.com/usa/article/detail/T0130183EN_US/breathtaking-motocross-stunts-thrill-30-000-spectators-in-munich’s-olympic-stadium-mini-john-cooper-works-is-the-sports-partner-of-ther-ed-bull-x-fighters-world-tour-2012,,2012,skip,category 1
2012-06-13,"Engine of the Year Awards 2012: BMW Group scores with four, six and eight cylinders.",https://www.press.bmwgroup.com/usa/article/detail/T0127603EN_US/engine-of-the-year-awards-2012:-bmw-group-scores-with-four-six-and-eight-cylinders,,2012,skip,category 1
2012-07-04,Le Mans Classic 2012. BMW Motorsport icons return to the stage.,https://www.press.bmwgroup.com/usa/article/detail/T0128326EN_US/le-mans-classic-2012-bmw-motorsport-icons-return-to-the-stage,,2012,skip,category 1
2012-07-24,London 2012 Press Office,https://www.press.bmwgroup.com/usa/article/detail/T0128686EN_US/london-2012-press-office,,2012,skip,category 1
2017-10-20,Longtime MINI Owner and Amateur Racer Wraps Up Another Successful SCCA Season in 2012 MINI Cooper S Hardtop,https://www.press.bmwgroup.com/usa/article/detail/T0275244EN_US/longtime-mini-owner-and-amateur-racer-wraps-up-another-successful-scca-season-in-2012-mini-cooper-s-hardtop,,2012,skip,category 1
2012-07-04,MINI TAKES THE STATES 2012: The MINI Community in the US embarks on an epic road trip from New York to Los Angeles.,https://www.press.bmwgroup.com/usa/article/detail/T0128184EN_US/mini-takes-the-states-2012:-the-mini-community-in-the-us-embarks-on-an-epic-road-trip-from-new-york-to-los-angeles,,2012,skip,category 1
2012-08-07,MINI Takes The States Sweepstakes Winner Awarded A Trip To The London 2012 Olympic Games,https://www.press.bmwgroup.com/usa/article/detail/T0129315EN_US/mini-takes-the-states-sweepstakes-winner-awarded-a-trip-to-the-london-2012-olympic-games,,2012,skip,category 1
2012-10-04,MINI USA KICKS OFF MOTOR-TOBER 2012 WITH THE “NOT NORMAL SALES EVENT”,https://www.press.bmwgroup.com/usa/article/detail/T0132917EN_US/mini-usa-kicks-off-motor-tober-2012-with-the-“not-normal-sales-event”,,2012,skip,category 1
2012-09-25,MINI at the 2012 Paris Motor Show.,https://www.press.bmwgroup.com/usa/article/detail/T0132464EN_US/mini-at-the-2012-paris-motor-show,,2012,skip,category 2
2013-07-15,"Mark Abtahi of Niles, IL Named the Recipient of the 2012 BMW Hole-In-One Scholarship",https://www.press.bmwgroup.com/usa/article/detail/T0143735EN_US/mark-abtahi-of-niles-il-named-the-recipient-of-the-2012-bmw-hole-in-one-scholarship,,2012,skip,category 1
2012-09-04,"PGA TOUR Pro/Indiana Native Bo Van Pelt Will “Kick-Off” the 2012 BMW Championship by Attempting to Drive a Ball Through a Target Hung Between the Uprights at Lucas Oil Stadium to Award a $100,000 Scholarship for an Evans Scholar",https://www.press.bmwgroup.com/usa/article/detail/T0131460EN_US/pga-tour-pro/indiana-native-bo-van-pelt-will-“kick-off”-the-2012-bmw-championship-by-attempting-to-drive-a-ball-through-a-target-hung-between-the-uprights-at-lucas-oil-stadium-to-award-a-100-000-scholarship-for-an-evans-scholar,,2012,skip,category 1
2012-09-06,PGA TOUR Professionals Took to the Famed Indianapolis Motor Speedway Following the First Day of Play at the 2012 BMW Championship,https://www.press.bmwgroup.com/usa/article/detail/T0131746EN_US/pga-tour-professionals-took-to-the-famed-indianapolis-motor-speedway-following-the-first-day-of-play-at-the-2012-bmw-championship,,2012,skip,category 1
2012-08-01,Quarterly Report to 30 June 2012,https://www.press.bmwgroup.com/usa/article/detail/T0128933EN_US/quarterly-report-to-30-june-2012,,2012,skip,category 1
2012-11-06,Quarterly Report to 30 September 2012,https://www.press.bmwgroup.com/usa/article/detail/T0134164EN_US/quarterly-report-to-30-september-2012,,2012,skip,category 1
2012-09-16,Reactions after the eighth DTM race of 2012 in Oschersleben.,https://www.press.bmwgroup.com/usa/article/detail/T0132130EN_US/reactions-after-the-eighth-dtm-race-of-2012-in-oschersleben,,2012,skip,category 1
2012-09-10,Rory McIlroy Wins 2012 BMW Championship,https://www.press.bmwgroup.com/usa/article/detail/T0131789EN_US/rory-mcilroy-wins-2012-bmw-championship,,2012,skip,category 1
2012-09-24,Satellite Details 2012 Paris Motor Show.,https://www.press.bmwgroup.com/usa/article/detail/T0132586EN_US/satellite-details-2012-paris-motor-show,,2012,skip,category 1
2012-11-06,"Statement Dr. Norbert Reithofer, Chairman of the Board of Management of BMW AG, Conference Call Interim Report to 30 September 2012",https://www.press.bmwgroup.com/usa/article/detail/T0134163EN_US/statement-dr-norbert-reithofer-chairman-of-the-board-of-management-of-bmw-ag-conference-call-interim-report-to-30-september-2012,,2012,skip,category 5
2012-06-29,"Statement by Dr. Norbert Reithofer, Chairman of the Board of Management of BMW AG, Press Meeting BMW Group / Toyota Motor Corporation on 29 June 2012",https://www.press.bmwgroup.com/usa/article/detail/T0128079EN_US/statement-by-dr-norbert-reithofer-chairman-of-the-board-of-management-of-bmw-ag-press-meeting-bmw-group-/-toyota-motor-corporation-on-29-june-2012,,2012,skip,category 5
2012-09-07,"Steve Stricker’s Hole-in-One at the 2012 BMW Championship Earns a $100,000 Four-Year Scholarship for a College-Bound Evans Scholar",https://www.press.bmwgroup.com/usa/article/detail/T0131763EN_US/steve-stricker’s-hole-in-one-at-the-2012-bmw-championship-earns-a-100-000-four-year-scholarship-for-a-college-bound-evans-scholar,,2012,skip,category 1
2012-06-15,Sustainable Cultural Diversity: 2012 Intercultural Innovation Award Launched,https://www.press.bmwgroup.com/usa/article/detail/T0127696EN_US/sustainable-cultural-diversity:-2012-intercultural-innovation-award-launched,,2012,skip,category 1
2012-09-05,U.S. Table Tennis Olympian Timothy Wang Took On PGA TOUR Pros including Phil Mickelson and Matt Kuchar at the 2012 BMW Championship,https://www.press.bmwgroup.com/usa/article/detail/T0131534EN_US/u-s-table-tennis-olympian-timothy-wang-took-on-pga-tour-pros-including-phil-mickelson-and-matt-kuchar-at-the-2012-bmw-championship,,2012,skip,category 1
2013-12-10,2013 BMW Championship Earns PGA TOUR’s Tournament of the Year Honor,https://www.press.bmwgroup.com/usa/article/detail/T0160644EN_US/2013-bmw-championship-earns-pga-tour’s-tournament-of-the-year-honor,,2013,skip,category 1
2013-06-03,2013 BMW R 1200 GS Named “Best of the Best” By Robb Report,https://www.press.bmwgroup.com/usa/article/detail/T0142514EN_US/2013-bmw-r-1200-gs-named-“best-of-the-best”-by-robb-report,,2013,skip,category 1
2012-06-15,2013 MINI Lineup Pricing and Equipment Updates,https://www.press.bmwgroup.com/usa/article/detail/T0127703EN_US/2013-mini-lineup-pricing-and-equipment-updates,,2013,skip,category 1
2013-06-11,BMW CONNECTEDDRIVE WINS 2013 TELEMATICS UPDATE AWARD.,https://www.press.bmwgroup.com/usa/article/detail/T0142732EN_US/bmw-connecteddrive-wins-2013-telematics-update-award,,2013,skip,category 1
2013-07-29,BMW Clinches Four of Cycle World’s Ten Best Motorcycles of 2013,https://www.press.bmwgroup.com/usa/article/detail/T0144278EN_US/bmw-clinches-four-of-cycle-world’s-ten-best-motorcycles-of-2013,,2013,skip,category 1
2013-10-02,BMW Drivers Finish 2013 GRAND-AM Season at Lime Rock Park; Chip Ganassi Racing with Felix Sabates Wins DP Team Title; BMW Sweeps Continental Street Tuner Championships,https://www.press.bmwgroup.com/usa/article/detail/T0148287EN_US/bmw-drivers-finish-2013-grand-am-season-at-lime-rock-park;-chip-ganassi-racing-with-felix-sabates-wins-dp-team-title;-bmw-sweeps-continental-street-tuner-championships,,2013,skip,category 1
2013-08-30,BMW Earns Six 2013 “Best Of” Awards From Motorcycle.com,https://www.press.bmwgroup.com/usa/article/detail/T0145248EN_US/bmw-earns-six-2013-“best-of”-awards-from-motorcycle-com,,2013,skip,category 1
2013-02-12,BMW GROUP AND UNITED NATIONS ALLIANCE OF CIVILIZATIONS (UNAOC) ANNOUNCE 2013 FINALISTS FOR THE INTERCULTURAL INNOVATION AWARD,https://www.press.bmwgroup.com/usa/article/detail/T0137026EN_US/bmw-group-and-united-nations-alliance-of-civilizations-unaoc-announce-2013-finalists-for-the-intercultural-innovation-award,,2013,skip,category 1
2014-03-19,BMW Group Annual Report 2013,https://www.press.bmwgroup.com/usa/article/detail/T0172933EN_US/bmw-group-annual-report-2013,,2013,skip,category 1
2013-11-05,BMW Group Quarterly Report to 30 September 2013,https://www.press.bmwgroup.com/usa/article/detail/T0154209EN_US/bmw-group-quarterly-report-to-30-september-2013,,2013,skip,category 1
2013-05-02,BMW Group Quarterly Report to 31 March 2013,https://www.press.bmwgroup.com/usa/article/detail/T0141259EN_US/bmw-group-quarterly-report-to-31-march-2013,,2013,skip,category 1
2013-05-01,BMW Group U.S. Reports April 2013 Sales,https://www.press.bmwgroup.com/usa/article/detail/T0141180EN_US/bmw-group-u-s-reports-april-2013-sales,,2013,skip,category 1
2013-09-04,BMW Group U.S. Reports August 2013 Sales,https://www.press.bmwgroup.com/usa/article/detail/T0145408EN_US/bmw-group-u-s-reports-august-2013-sales,,2013,skip,category 1
2014-01-03,BMW Group U.S. Reports December and 2013 Sales,https://www.press.bmwgroup.com/usa/article/detail/T0163524EN_US/bmw-group-u-s-reports-december-and-2013-sales,,2013,skip,category 1
2013-03-01,BMW Group U.S. Reports February 2013 Sales,https://www.press.bmwgroup.com/usa/article/detail/T0137367EN_US/bmw-group-u-s-reports-february-2013-sales,,2013,skip,category 1
2013-02-01,BMW Group U.S. Reports January 2013 Sales,https://www.press.bmwgroup.com/usa/article/detail/T0136795EN_US/bmw-group-u-s-reports-january-2013-sales,,2013,skip,category 1
2013-08-01,BMW Group U.S. Reports July 2013 Sales,https://www.press.bmwgroup.com/usa/article/detail/T0144420EN_US/bmw-group-u-s-reports-july-2013-sales,,2013,skip,category 1
2013-07-02,BMW Group U.S. Reports June 2013 Sales,https://www.press.bmwgroup.com/usa/article/detail/T0143393EN_US/bmw-group-u-s-reports-june-2013-sales,,2013,skip,category 1
2013-04-02,BMW Group U.S. Reports March 2013 Sales,https://www.press.bmwgroup.com/usa/article/detail/T0139168EN_US/bmw-group-u-s-reports-march-2013-sales,,2013,skip,category 1
2013-06-03,BMW Group U.S. Reports May 2013 Sales,https://www.press.bmwgroup.com/usa/article/detail/T0142508EN_US/bmw-group-u-s-reports-may-2013-sales,,2013,skip,category 1
2013-12-03,BMW Group U.S. Reports November 2013 Sales,https://www.press.bmwgroup.com/usa/article/detail/T0159404EN_US/bmw-group-u-s-reports-november-2013-sales,,2013,skip,category 1
2013-11-01,BMW Group U.S. Reports October 2013 Sales,https://www.press.bmwgroup.com/usa/article/detail/T0153828EN_US/bmw-group-u-s-reports-october-2013-sales,,2013,skip,category 1
2013-10-01,BMW Group U.S. Reports September 2013 Sales,https://www.press.bmwgroup.com/usa/article/detail/T0148128EN_US/bmw-group-u-s-reports-september-2013-sales,,2013,skip,category 1
2013-01-14,BMW Group aims for further growth in the U.S. in 2013,https://www.press.bmwgroup.com/usa/article/detail/T0136114EN_US/bmw-group-aims-for-further-growth-in-the-u-s-in-2013,,2013,skip,category 1
2013-03-19,BMW Group cautiously optimistic for 2013,https://www.press.bmwgroup.com/usa/article/detail/T0138300EN_US/bmw-group-cautiously-optimistic-for-2013,,2013,skip,category 1
2013-06-20,BMW Group claims a total of 19 awards in the Automotive Brand Contest 2013.,https://www.press.bmwgroup.com/usa/article/detail/T0143025EN_US/bmw-group-claims-a-total-of-19-awards-in-the-automotive-brand-contest-2013,,2013,skip,category 1
2014-01-13,BMW Group posts record global sales for 2013,https://www.press.bmwgroup.com/usa/article/detail/T0163945EN_US/bmw-group-posts-record-global-sales-for-2013,,2013,skip,category 1
2014-03-13,BMW Group remains firmly on track in 2013,https://www.press.bmwgroup.com/usa/article/detail/T0171867EN_US/bmw-group-remains-firmly-on-track-in-2013,,2013,skip,category 1
2014-05-28,BMW Group’s Sustainability Report 2013,https://www.press.bmwgroup.com/usa/article/detail/T0181746EN_US/bmw-group’s-sustainability-report-2013,,2013,skip,category 1
2013-05-23,"BMW Guggenheim Lab Publishes New York and Mumbai Lab Editions of “100 Urban Trends: A Glossary of Urban Trends from the BMW Guggenheim Lab”.100 Urban Trends from New York, Berlin, and Mumbai Labs to Be Explored in BMW Guggenheim Lab Exhibition at the Solomon R. Guggenheim Museum, New York from October 11, 2013 to January 5, 2014. Related Blog Series Launches Today.",https://www.press.bmwgroup.com/usa/article/detail/T0143703EN_US/bmw-guggenheim-lab-publishes-new-york-and-mumbai-lab-editions-of-“100-urban-trends:-a-glossary-of-urban-trends-from-the-bmw-guggenheim-lab”-100-urban-trends-from-new-york-berlin-and-mumbai-labs-to-be-explored-in-bmw-guggenheim-lab-exhibition-at-the-solomon-r-guggenheim-museum-new-york-from-october-11-2013-to-january-5-2014-related-blog-series-launches-today,,2013,skip,category 1
2012-10-02,BMW Motorrad Announces Pricing For 2013 HP4,https://www.press.bmwgroup.com/usa/article/detail/T0132823EN_US/bmw-motorrad-announces-pricing-for-2013-hp4,,2013,skip,category 1
2013-02-20,"BMW Motorrad USA Announces Pricing For 2013 R 1200 GS All-New, Air/Liquid-Cooled Next Generation GS Offered in Three Packages",https://www.press.bmwgroup.com/usa/article/detail/T0137164EN_US/bmw-motorrad-usa-announces-pricing-for-2013-r-1200-gs-all-new-air/liquid-cooled-next-generation-gs-offered-in-three-packages,,2013,skip,category 1
2014-01-10,"BMW Motorrad achieves third all-time sales high in succession in 2013. Most successful year in the company's history with over 115,000 vehicles sold.",https://www.press.bmwgroup.com/usa/article/detail/T0164728EN_US/bmw-motorrad-achieves-third-all-time-sales-high-in-succession-in-2013-most-successful-year-in-the-company-s-history-with-over-115-000-vehicles-sold,,2013,skip,category 1
2012-07-16,BMW Motorrad realigns motor sports activities: commitment to the Superbike World Championship 2013.,https://www.press.bmwgroup.com/usa/article/detail/T0128521EN_US/bmw-motorrad-realigns-motor-sports-activities:-commitment-to-the-superbike-world-championship-2013,,2013,skip,category 1
2013-05-13,"BMW Motorrad sells 11.5 % more vehicles in April. April 2013 is the most successful month in the history of BMW Motorrad with 14,587 BMW motorcycles sold.",https://www.press.bmwgroup.com/usa/article/detail/T0141763EN_US/bmw-motorrad-sells-11-5-more-vehicles-in-april-april-2013-is-the-most-successful-month-in-the-history-of-bmw-motorrad-with-14-587-bmw-motorcycles-sold,,2013,skip,category 1
2013-08-07,BMW Motorrad shows two-digit growth in July 2013 and attains record sales level. Deliveries as of July 9.9 % above previous year.,https://www.press.bmwgroup.com/usa/article/detail/T0144668EN_US/bmw-motorrad-shows-two-digit-growth-in-july-2013-and-attains-record-sales-level-deliveries-as-of-july-9-9-above-previous-year,,2013,skip,category 1
2013-01-14,BMW Team RLL Returns to 2013 ALMS with New BMW Z4 GTE.,https://www.press.bmwgroup.com/usa/article/detail/T0136096EN_US/bmw-team-rll-returns-to-2013-alms-with-new-bmw-z4-gte,,2013,skip,category 1
2012-12-13,BMW TwinPower Turbo Technology Again Takes Two Spots on 2013 Ward’s 10 Best Engines List,https://www.press.bmwgroup.com/usa/article/detail/T0135261EN_US/bmw-twinpower-turbo-technology-again-takes-two-spots-on-2013-ward’s-10-best-engines-list,,2013,skip,category 1
2013-03-25,BMW Wins 2013 Kelley Blue Book Brand Image Award for Best Overall Luxury Brand,https://www.press.bmwgroup.com/usa/article/detail/T0138599EN_US/bmw-wins-2013-kelley-blue-book-brand-image-award-for-best-overall-luxury-brand,,2013,skip,category 1
2013-04-05,BMW at Auto Shanghai 2013.,https://www.press.bmwgroup.com/usa/article/detail/T0139248EN_US/bmw-at-auto-shanghai-2013,,2013,skip,category 2
2013-08-22,BMW at the 2013 Frankfurt International Motor Show (IAA).,https://www.press.bmwgroup.com/usa/article/detail/T0145051EN_US/bmw-at-the-2013-frankfurt-international-motor-show-iaa,,2013,skip,category 2
2013-02-07,BMW at the 83rd Geneva International Motor Show 2013.,https://www.press.bmwgroup.com/usa/article/detail/T0136918EN_US/bmw-at-the-83rd-geneva-international-motor-show-2013,,2013,skip,category 1
2013-03-28,BMW i and MINI at the Salone del Mobile 2013. BMW Group Design presents two installations during the world’s biggest furniture fair.,https://www.press.bmwgroup.com/usa/article/detail/T0138929EN_US/bmw-i-and-mini-at-the-salone-del-mobile-2013-bmw-group-design-presents-two-installations-during-the-world’s-biggest-furniture-fair,,2013,skip,category 1
2013-06-24,BMW presents a special edition of its Lifestyle catalogue featuring the 2013/2014 Sport Collections and Golf Collections.,https://www.press.bmwgroup.com/usa/article/detail/T0143086EN_US/bmw-presents-a-special-edition-of-its-lifestyle-catalogue-featuring-the-2013/2014-sport-collections-and-golf-collections,,2013,skip,category 1
2013-09-03,BMW to Showcase 1979 Andy Warhol M1 Art Car at ARTcetera 2013 in Boston.,https://www.press.bmwgroup.com/usa/article/detail/T0145369EN_US/bmw-to-showcase-1979-andy-warhol-m1-art-car-at-artcetera-2013-in-boston,,2013,skip,category 1
2013-09-19,"BMW to Take Part in Fleet Week at the Coronado Speed Festival on September 21-22, 2013 in San Diego, Ca.",https://www.press.bmwgroup.com/usa/article/detail/T0145985EN_US/bmw-to-take-part-in-fleet-week-at-the-coronado-speed-festival-on-september-21-22-2013-in-san-diego-ca,,2013,skip,category 1
2013-01-14,COMPLETE 2013 MINI LINEUP PRICING AND EQUIPMENT UPDATES,https://www.press.bmwgroup.com/usa/article/detail/T0136102EN_US/complete-2013-mini-lineup-pricing-and-equipment-updates,,2013,skip,category 1
2013-02-01,Concorso d’Eleganza Villa d’Este 2013 will take place from 24-26 May. Concorso di Motociclette to be held for the third time.,https://www.press.bmwgroup.com/usa/article/detail/T0136793EN_US/concorso-d’eleganza-villa-d’este-2013-will-take-place-from-24-26-may-concorso-di-motociclette-to-be-held-for-the-third-time,,2013,skip,category 1
2013-01-20,Dakar Rally 2013: MINI congratulates.,https://www.press.bmwgroup.com/usa/article/detail/T0136415EN_US/dakar-rally-2013:-mini-congratulates,,2013,skip,category 1
2013-02-12,Debut for the BMW Z4 GTE and the newly structured BMW Team RLL – Crowne Plaza Hotels & Resorts on board as Premium Partner again in 2013.,https://www.press.bmwgroup.com/usa/article/detail/T0137027EN_US/debut-for-the-bmw-z4-gte-and-the-newly-structured-bmw-team-rll-–-crowne-plaza-hotels-resorts-on-board-as-premium-partner-again-in-2013,,2013,skip,category 1
2013-03-22,Fashion designer Roberto Cavalli creates a one-off MINI for the 2013 Life Ball. MINI supports the Life Ball in Vienna for the 13th time.,https://www.press.bmwgroup.com/usa/article/detail/T0138562EN_US/fashion-designer-roberto-cavalli-creates-a-one-off-mini-for-the-2013-life-ball-mini-supports-the-life-ball-in-vienna-for-the-13th-time,,2013,skip,category 1
2013-09-15,"Hunter Mahan’s Hole-in-One at the 2013 BMW Championship Earns him a BMW i3 and a $100,000 Four-Year Scholarship for a College-Bound Evans Scholar.",https://www.press.bmwgroup.com/usa/article/detail/T0145752EN_US/hunter-mahan’s-hole-in-one-at-the-2013-bmw-championship-earns-him-a-bmw-i3-and-a-100-000-four-year-scholarship-for-a-college-bound-evans-scholar,,2013,skip,category 1
2013-05-08,Life Ball MINI 2013 – Roberto Cavalli adds his artistic signature to the MINI Paceman. MINI has been a partner of the AIDS charity event since 2001.,https://www.press.bmwgroup.com/usa/article/detail/T0141559EN_US/life-ball-mini-2013-–-roberto-cavalli-adds-his-artistic-signature-to-the-mini-paceman-mini-has-been-a-partner-of-the-aids-charity-event-since-2001,,2013,skip,category 1
2013-01-04,MINI ALL4 RACING CARS ENGAGE IN ULTIMATE CHALLENGE ON 2013 DAKAR RALLY,https://www.press.bmwgroup.com/usa/article/detail/T0135753EN_US/mini-all4-racing-cars-engage-in-ultimate-challenge-on-2013-dakar-rally,,2013,skip,category 1
2013-02-20,MINI AT THE 83RD GENEVA INTERNATIONAL MOTOR SHOW 2013.,https://www.press.bmwgroup.com/usa/article/detail/T0137165EN_US/mini-at-the-83rd-geneva-international-motor-show-2013,,2013,skip,category 1
2012-12-18,MINI AT THE NORTH AMERICA INTERNATIONAL AUTO SHOW 2013.,https://www.press.bmwgroup.com/usa/article/detail/T0135392EN_US/mini-at-the-north-america-international-auto-show-2013,,2013,skip,category 1
2013-05-24,MINI PARTNERS TO SPONSOR THE 2013 CHANNEL ISLANDS  DEMO TOUR.,https://www.press.bmwgroup.com/usa/article/detail/T0142208EN_US/mini-partners-to-sponsor-the-2013-channel-islands-demo-tour,,2013,skip,category 1
2013-04-09,MINI at the Salone del Mobile 2013.The MINI KAPOOOW! installation transports visitors into another dimension with its sheer dynamic power.,https://www.press.bmwgroup.com/usa/article/detail/T0139883EN_US/mini-at-the-salone-del-mobile-2013-the-mini-kapooow-installation-transports-visitors-into-another-dimension-with-its-sheer-dynamic-power,,2013,skip,category 1
2013-01-16,Mission title defence: MINI Countryman in the 2013 Dakar Rally.,https://www.press.bmwgroup.com/usa/article/detail/T0136268EN_US/mission-title-defence:-mini-countryman-in-the-2013-dakar-rally,,2013,skip,category 1
2012-10-02,ONE WORLD. ONE  R 1200 GS. The Ride of your Life.The most exciting motorcycle experience for 2013 - guaranteed.,https://www.press.bmwgroup.com/usa/article/detail/T0132850EN_US/one-world-one-r-1200-gs-the-ride-of-your-life-the-most-exciting-motorcycle-experience-for-2013-guaranteed,,2013,skip,category 1
2014-08-19,PGA TOUR Player Hunter Mahan Receives All-Electric BMW i3 After Scoring a Hole-in-One During the 2013 BMW Championship at Conway Farms Golf Club.,https://www.press.bmwgroup.com/usa/article/detail/T0192063EN_US/pga-tour-player-hunter-mahan-receives-all-electric-bmw-i3-after-scoring-a-hole-in-one-during-the-2013-bmw-championship-at-conway-farms-golf-club,,2013,skip,category 1
2013-08-01,Quarterly Report to 30 June 2013,https://www.press.bmwgroup.com/usa/article/detail/T0144409EN_US/quarterly-report-to-30-june-2013,,2013,skip,category 1
2013-03-18,Satellite Details for the BMW Group Annual Accounts Press Conference 2013 .,https://www.press.bmwgroup.com/usa/article/detail/T0137913EN_US/satellite-details-for-the-bmw-group-annual-accounts-press-conference-2013,,2013,skip,category 1
2013-01-14,"Speeches of Mr. Harald Krueger, Member of the Board of Management of BMW AG, MINI, Motorcycles, Rolls-Royce, and Aftersales and Dr. Kay Segler, Senior Vice President, MINI Business Coordination and Brand Management, MINI Press Conference, North American International Auto Show, Detroit, January 14, 2013",https://www.press.bmwgroup.com/usa/article/detail/T0136124EN_US/speeches-of-mr-harald-krueger-member-of-the-board-of-management-of-bmw-ag-mini-motorcycles-rolls-royce-and-aftersales-and-dr-kay-segler-senior-vice-president-mini-business-coordination-and-brand-management-mini-press-conference-north-american-international-auto-show-detroit-january-14-2013,,2013,skip,category 5
2013-08-01,"Statement Dr. Friedrich Eichiner, Member of the Board of Management of BMW AG, Finance, Conference Call Interim Report to 30 June 2013",https://www.press.bmwgroup.com/usa/article/detail/T0144410EN_US/statement-dr-friedrich-eichiner-member-of-the-board-of-management-of-bmw-ag-finance-conference-call-interim-report-to-30-june-2013,,2013,skip,category 5
2013-11-05,"Statement Dr. Friedrich Eichiner, Member of the Board of Management of BMW AG, Finance, Conference Call Interim Report to 30th September 2013",https://www.press.bmwgroup.com/usa/article/detail/T0154212EN_US/statement-dr-friedrich-eichiner-member-of-the-board-of-management-of-bmw-ag-finance-conference-call-interim-report-to-30th-september-2013,,2013,skip,category 5
2013-11-05,"Statement Dr. Norbert Reithofer, Chairman of the Board of Management of BMW AG, Conference Call Interim Report to 30 September 2013",https://www.press.bmwgroup.com/usa/article/detail/T0154213EN_US/statement-dr-norbert-reithofer-chairman-of-the-board-of-management-of-bmw-ag-conference-call-interim-report-to-30-september-2013,,2013,skip,category 5
2013-08-01,"Statement Dr. Norbert Reithofer, Chairman of the Board of Management of BMW AG, Conference Call Interim Report to 30th June 2013",https://www.press.bmwgroup.com/usa/article/detail/T0144411EN_US/statement-dr-norbert-reithofer-chairman-of-the-board-of-management-of-bmw-ag-conference-call-interim-report-to-30th-june-2013,,2013,skip,category 5
2013-03-19,"Statement and Presentation by Dr. Friedrich Eichiner, Member of the Board of Management of BMW AG, Finance, Annual Accounts Press Conference 2013",https://www.press.bmwgroup.com/usa/article/detail/T0138298EN_US/statement-and-presentation-by-dr-friedrich-eichiner-member-of-the-board-of-management-of-bmw-ag-finance-annual-accounts-press-conference-2013,,2013,skip,category 5
2013-03-19,"Statement and Presentation by Dr. Norbert Reithofer, Chairman of the Board of Management of BMW AG, Annual Accounts Press Conference 2013",https://www.press.bmwgroup.com/usa/article/detail/T0138299EN_US/statement-and-presentation-by-dr-norbert-reithofer-chairman-of-the-board-of-management-of-bmw-ag-annual-accounts-press-conference-2013,,2013,skip,category 5
2013-05-02,"Statement by Dr. Friedrich Eichiner, Member of the Board of Management of BMW AG, Finance, Conference Call Interim Report to 31 March 2013",https://www.press.bmwgroup.com/usa/article/detail/T0141260EN_US/statement-by-dr-friedrich-eichiner-member-of-the-board-of-management-of-bmw-ag-finance-conference-call-interim-report-to-31-march-2013,,2013,skip,category 5
2013-05-14,"Statement by Dr. Norbert Reithofer, Chairman of the Board of Management of BMW AG, 93rd Annual General Meeting of BMW AG in Munich on 14th May 2013",https://www.press.bmwgroup.com/usa/article/detail/T0141816EN_US/statement-by-dr-norbert-reithofer-chairman-of-the-board-of-management-of-bmw-ag-93rd-annual-general-meeting-of-bmw-ag-in-munich-on-14th-may-2013,,2013,skip,category 5
2013-05-02,"Statement by Dr. Norbert Reithofer, Chairman of the Board of Management of BMW AG, Conference Call Interim Report to 31 March 2013",https://www.press.bmwgroup.com/usa/article/detail/T0141261EN_US/statement-by-dr-norbert-reithofer-chairman-of-the-board-of-management-of-bmw-ag-conference-call-interim-report-to-31-march-2013,,2013,skip,category 5
2013-07-29,"Statement by Dr. Norbert Reithofer, Chairman of the Board of Management of BMW AG, World Premiere BMW i3, New York City, 29 July 2013",https://www.press.bmwgroup.com/usa/article/detail/T0144271EN_US/statement-by-dr-norbert-reithofer-chairman-of-the-board-of-management-of-bmw-ag-world-premiere-bmw-i3-new-york-city-29-july-2013,,2013,skip,category 5
2012-11-01,THE 2013 MINI COUNTRYMAN,https://www.press.bmwgroup.com/usa/article/detail/T0134072EN_US/the-2013-mini-countryman,,2013,skip,category 1
2012-08-01,The 2013 BMW HP4,https://www.press.bmwgroup.com/usa/article/detail/T0128897EN_US/the-2013-bmw-hp4,,2013,skip,category 2
2013-01-15,The BMW Group Press Conferences at the 2013 Detroit Motor Show.,https://www.press.bmwgroup.com/usa/article/detail/T0136176EN_US/the-bmw-group-press-conferences-at-the-2013-detroit-motor-show,,2013,skip,category 1
2013-05-28,The MINI designed by Roberto Cavalli achieves the biggest sum ever on behalf of AIDS LIFE at the 21st Life Ball in Vienna. Roberto Cavalli himself steers the Life Ball MINI 2013 along the Magenta Carpet.,https://www.press.bmwgroup.com/usa/article/detail/T0142291EN_US/the-mini-designed-by-roberto-cavalli-achieves-the-biggest-sum-ever-on-behalf-of-aids-life-at-the-21st-life-ball-in-vienna-roberto-cavalli-himself-steers-the-life-ball-mini-2013-along-the-magenta-carpet,,2013,skip,category 1
2014-01-16,Winning touch: BMW Group Design claims five prizes in the GOOD DESIGN™Award 2013.,https://www.press.bmwgroup.com/usa/article/detail/T0164367EN_US/winning-touch:-bmw-group-design-claims-five-prizes-in-the-good-design™award-2013,,2013,skip,category 1
2014-11-24,2014 BMW Championship Earns PGA TOUR’s Tournament of the Year Honor for 3rd Consecutive Year.,https://www.press.bmwgroup.com/usa/article/detail/T0196885EN_US/2014-bmw-championship-earns-pga-tour’s-tournament-of-the-year-honor-for-3rd-consecutive-year,,2014,skip,category 11
2014-01-07,"2014 Dakar Rally: Peterhansel claims day 2 victory in the MINI ALL4 Racing, takes the overall Dakar lead.",https://www.press.bmwgroup.com/usa/article/detail/T0163645EN_US/2014-dakar-rally:-peterhansel-claims-day-2-victory-in-the-mini-all4-racing-takes-the-overall-dakar-lead,,2014,skip,category 1
2014-01-17,"A MINI one-two on stage 11 at 2014 Dakar Rally // Orlando Terranova wins, overall leader Nani Roma 2nd.",https://www.press.bmwgroup.com/usa/article/detail/T0164479EN_US/a-mini-one-two-on-stage-11-at-2014-dakar-rally-orlando-terranova-wins-overall-leader-nani-roma-2nd,,2014,skip,category 1
2014-03-07,Alexander Calder BMW Art Car Highlights Class of BMW 3.0CSLs at 2014 Amelia Island Concours d’Elegance,https://www.press.bmwgroup.com/usa/article/detail/T0171046EN_US/alexander-calder-bmw-art-car-highlights-class-of-bmw-3-0csls-at-2014-amelia-island-concours-d’elegance,,2014,skip,category 1
2015-03-12,Another record year for BMW Group in 2014,https://www.press.bmwgroup.com/usa/article/detail/T0207904EN_US/another-record-year-for-bmw-group-in-2014,,2014,skip,category 1
2014-05-02,BMW Announces Participation In The 2014 One Lap Of America.,https://www.press.bmwgroup.com/usa/article/detail/T0178883EN_US/bmw-announces-participation-in-the-2014-one-lap-of-america,,2014,skip,category 1
2014-01-25,"BMW Drivers Begin the 2014 CTSCC Season with victory in the BMW Performance 200; 1-4 in Grand Sport, 1-2 in Street Tuner",https://www.press.bmwgroup.com/usa/article/detail/T0164874EN_US/bmw-drivers-begin-the-2014-ctscc-season-with-victory-in-the-bmw-performance-200;-1-4-in-grand-sport-1-2-in-street-tuner,,2014,skip,category 1
2014-08-06,BMW Enters Three Fan Favorite Race Cars at the 2014 Rolex Monterey Motorsports Reunion,https://www.press.bmwgroup.com/usa/article/detail/T0190962EN_US/bmw-enters-three-fan-favorite-race-cars-at-the-2014-rolex-monterey-motorsports-reunion,,2014,skip,category 1
2014-06-12,"BMW Featured at the 2014 Crystal + Lucy Awards in Support of Women In Film, Los Angeles.",https://www.press.bmwgroup.com/usa/article/detail/T0183862EN_US/bmw-featured-at-the-2014-crystal-lucy-awards-in-support-of-women-in-film-los-angeles,,2014,skip,category 1
2014-04-14,BMW Group DesignworksUSA in collaboration with Allsteel designs Architizer 2014 Award Winner,https://www.press.bmwgroup.com/usa/article/detail/T0177794EN_US/bmw-group-designworksusa-in-collaboration-with-allsteel-designs-architizer-2014-award-winner,,2014,skip,category 1
2014-08-05,BMW Group Quarterly Report to 30 June 2014,https://www.press.bmwgroup.com/usa/article/detail/T0190783EN_US/bmw-group-quarterly-report-to-30-june-2014,,2014,skip,category 1
2014-11-04,BMW Group Quarterly Report to 30 September 2014,https://www.press.bmwgroup.com/usa/article/detail/T0195792EN_US/bmw-group-quarterly-report-to-30-september-2014,,2014,skip,category 1
2014-05-01,BMW Group U.S. Reports April 2014 Sales,https://www.press.bmwgroup.com/usa/article/detail/T0178827EN_US/bmw-group-u-s-reports-april-2014-sales,,2014,skip,category 1
2014-09-03,BMW Group U.S. Reports August 2014 Sales,https://www.press.bmwgroup.com/usa/article/detail/T0192691EN_US/bmw-group-u-s-reports-august-2014-sales,,2014,skip,category 1
2015-01-05,BMW Group U.S. Reports December and 2014 Sales,https://www.press.bmwgroup.com/usa/article/detail/T0199508EN_US/bmw-group-u-s-reports-december-and-2014-sales,,2014,skip,category 1
2014-03-03,BMW Group U.S. Reports February 2014 Sales,https://www.press.bmwgroup.com/usa/article/detail/T0170446EN_US/bmw-group-u-s-reports-february-2014-sales,,2014,skip,category 1
2014-02-03,BMW Group U.S. Reports January 2014 Sales,https://www.press.bmwgroup.com/usa/article/detail/T0165588EN_US/bmw-group-u-s-reports-january-2014-sales,,2014,skip,category 1
2014-08-01,BMW Group U.S. Reports July 2014 Sales,https://www.press.bmwgroup.com/usa/article/detail/T0190405EN_US/bmw-group-u-s-reports-july-2014-sales,,2014,skip,category 1
2014-07-01,BMW Group U.S. Reports June 2014 Sales,https://www.press.bmwgroup.com/usa/article/detail/T0185962EN_US/bmw-group-u-s-reports-june-2014-sales,,2014,skip,category 1
2014-04-01,BMW Group U.S. Reports March 2014 Sales,https://www.press.bmwgroup.com/usa/article/detail/T0176010EN_US/bmw-group-u-s-reports-march-2014-sales,,2014,skip,category 1
2014-06-03,BMW Group U.S. Reports May 2014 Sales,https://www.press.bmwgroup.com/usa/article/detail/T0182542EN_US/bmw-group-u-s-reports-may-2014-sales,,2014,skip,category 1
2014-12-02,BMW Group U.S. Reports November 2014 Sales,https://www.press.bmwgroup.com/usa/article/detail/T0197463EN_US/bmw-group-u-s-reports-november-2014-sales,,2014,skip,category 1
2014-11-03,BMW Group U.S. Reports October 2014 Sales,https://www.press.bmwgroup.com/usa/article/detail/T0195716EN_US/bmw-group-u-s-reports-october-2014-sales,,2014,skip,category 1
2014-10-01,BMW Group U.S. Reports September 2014 Sales,https://www.press.bmwgroup.com/usa/article/detail/T0194223EN_US/bmw-group-u-s-reports-september-2014-sales,,2014,skip,category 1
2014-03-19,BMW Group looks ahead to 2014 with confidence,https://www.press.bmwgroup.com/usa/article/detail/T0172934EN_US/bmw-group-looks-ahead-to-2014-with-confidence,,2014,skip,category 1
2015-01-09,BMW Group sells more than 2 million vehicles globally in 2014,https://www.press.bmwgroup.com/usa/article/detail/T0200023EN_US/bmw-group-sells-more-than-2-million-vehicles-globally-in-2014,,2014,skip,category 1
2014-08-07,BMW Indulges Motorsport Theme At Legends Of The Autobahn 2014,https://www.press.bmwgroup.com/usa/article/detail/T0191123EN_US/bmw-indulges-motorsport-theme-at-legends-of-the-autobahn-2014,,2014,skip,category 1
2014-08-26,BMW Motorcycles Clinch 16 Best Bike Awards for 2014,https://www.press.bmwgroup.com/usa/article/detail/T0192383EN_US/bmw-motorcycles-clinch-16-best-bike-awards-for-2014,,2014,skip,category 1
2013-07-19,BMW Motorrad Announces Initial 2014 Model Product Update Information,https://www.press.bmwgroup.com/usa/article/detail/T0143873EN_US/bmw-motorrad-announces-initial-2014-model-product-update-information,,2014,skip,category 1
2013-11-05,BMW Motorrad Rider’s Equipment – 2014 Collection,https://www.press.bmwgroup.com/usa/article/detail/T0154064EN_US/bmw-motorrad-rider’s-equipment-–-2014-collection,,2014,skip,category 2
2014-01-29,BMW Motorrad USA Announces Pricing For Five Latest 2014 Models,https://www.press.bmwgroup.com/usa/article/detail/T0165109EN_US/bmw-motorrad-usa-announces-pricing-for-five-latest-2014-models,,2014,skip,category 2
2013-05-02,BMW Motorrad USA Introduces The 2014 F 800 GS Adventure,https://www.press.bmwgroup.com/usa/article/detail/T0141299EN_US/bmw-motorrad-usa-introduces-the-2014-f-800-gs-adventure,,2014,skip,category 1
2014-10-16,"BMW Motorrad achieves new all-time high in the third quarter of 2014. 100,000 units sold as of September for the first time.",https://www.press.bmwgroup.com/usa/article/detail/T0195022EN_US/bmw-motorrad-achieves-new-all-time-high-in-the-third-quarter-of-2014-100-000-units-sold-as-of-september-for-the-first-time,,2014,skip,category 1
2015-01-20,"BMW Motorrad achieves record sales in 2014. Sales increase by 7.2% to over 120,000 vehicles. Schaller: ""We can look back on a successful year.""",https://www.press.bmwgroup.com/usa/article/detail/T0201507EN_US/bmw-motorrad-achieves-record-sales-in-2014-sales-increase-by-7-2-to-over-120-000-vehicles-schaller:-we-can-look-back-on-a-successful-year,,2014,skip,category 1
2014-06-06,BMW Motorrad provides owners of 2014 model year BMW R 1200 RT with precautionary information concerning a potential problem with the rear suspension spring strut.,https://www.press.bmwgroup.com/usa/article/detail/T0183062EN_US/bmw-motorrad-provides-owners-of-2014-model-year-bmw-r-1200-rt-with-precautionary-information-concerning-a-potential-problem-with-the-rear-suspension-spring-strut,,2014,skip,category 1
2014-01-21,BMW Performance 200 to Launch 2014 Racing Season at Daytona International Speedway,https://www.press.bmwgroup.com/usa/article/detail/T0164733EN_US/bmw-performance-200-to-launch-2014-racing-season-at-daytona-international-speedway,,2014,skip,category 1
2014-07-28,BMW Unveils BMW i DC Fast Chargers and ChargeNow DC Fast program at Plug-In 2014.,https://www.press.bmwgroup.com/usa/article/detail/T0189823EN_US/bmw-unveils-bmw-i-dc-fast-chargers-and-chargenow-dc-fast-program-at-plug-in-2014,,2014,skip,category 1
2013-10-29,BMW Unveils ‘BMW Performance Team’ for Sochi 2014 Olympic and Paralympic Winter Games,https://www.press.bmwgroup.com/usa/article/detail/T0153324EN_US/bmw-unveils-bmw-performance-team’-for-sochi-2014-olympic-and-paralympic-winter-games,,2014,skip,category 1
2014-08-05,BMW Vision Future Luxury Makes North American Premiere at 2014 Pebble Beach Concours d’Elegance.,https://www.press.bmwgroup.com/usa/article/detail/T0190642EN_US/bmw-vision-future-luxury-makes-north-american-premiere-at-2014-pebble-beach-concours-d’elegance,,2014,skip,category 1
2014-01-07,BMW at the Consumer Electronics Show (CES) in Las Vegas 2014.,https://www.press.bmwgroup.com/usa/article/detail/T0163066EN_US/bmw-at-the-consumer-electronics-show-ces-in-las-vegas-2014,,2014,skip,category 2
2014-10-02,BMW at the Mondial de l' Automobile Paris 2014.,https://www.press.bmwgroup.com/usa/article/detail/T0194335EN_US/bmw-at-the-mondial-de-l-automobile-paris-2014,,2014,skip,category 1
2014-02-22,BMW congratulates the U.S. men and women’s two-man bobsled teams for their historic performance at the Sochi 2014 Olympic Winter Games,https://www.press.bmwgroup.com/usa/article/detail/T0168806EN_US/bmw-congratulates-the-u-s-men-and-women’s-two-man-bobsled-teams-for-their-historic-performance-at-the-sochi-2014-olympic-winter-games,,2014,skip,category 1
2014-01-22,"BMW of North America, LLC Announces 2014 CTSCC and TUSCC Contingency Program",https://www.press.bmwgroup.com/usa/article/detail/T0164790EN_US/bmw-of-north-america-llc-announces-2014-ctscc-and-tuscc-contingency-program,,2014,skip,category 1
2014-04-07,BMW to Present Frieze Sounds at the Frieze New York 2014 in 10th Year of Partnership with Frieze Art Fair.,https://www.press.bmwgroup.com/usa/article/detail/T0176766EN_US/bmw-to-present-frieze-sounds-at-the-frieze-new-york-2014-in-10th-year-of-partnership-with-frieze-art-fair,,2014,skip,category 1
2014-11-25,BMW to present BMW Art Cars by Roy Lichtenstein and Michael Jagamara Nelson at Art Basel in Miami Beach 2014,https://www.press.bmwgroup.com/usa/article/detail/T0196922EN_US/bmw-to-present-bmw-art-cars-by-roy-lichtenstein-and-michael-jagamara-nelson-at-art-basel-in-miami-beach-2014,,2014,skip,category 1
2014-05-20,BMW’s Un4gettable Test Drive Experience Kicks Off Today through October 2014.,https://www.press.bmwgroup.com/usa/article/detail/T0180478EN_US/bmw’s-un4gettable-test-drive-experience-kicks-off-today-through-october-2014,,2014,skip,category 1
2014-09-08,Billy Horschel Wins the 2014 BMW Championship at Cherry Hills Country Club.,https://www.press.bmwgroup.com/usa/article/detail/T0192862EN_US/billy-horschel-wins-the-2014-bmw-championship-at-cherry-hills-country-club,,2014,skip,category 1
2013-06-12,COMPLETE 2014 MINI LINEUP PRICING AND EQUIPMENT UPDATES,https://www.press.bmwgroup.com/usa/article/detail/T0142763EN_US/complete-2014-mini-lineup-pricing-and-equipment-updates,,2014,skip,category 1
2014-02-28,Concorso di Motociclette 2014: Beauty contest on two wheels.,https://www.press.bmwgroup.com/usa/article/detail/T0170389EN_US/concorso-di-motociclette-2014:-beauty-contest-on-two-wheels,,2014,skip,category 1
2014-01-31,Concorso d’Eleganza Villa d’Este 2014 celebrates the Spirit of Ecstasy.,https://www.press.bmwgroup.com/usa/article/detail/T0165323EN_US/concorso-d’eleganza-villa-d’este-2014-celebrates-the-spirit-of-ecstasy,,2014,skip,category 1
2014-03-27,LET'S GET READY TO MOTOR! REGISTRATION FOR MINI TAKES THE STATES 2014 IS NOW OPEN!,https://www.press.bmwgroup.com/usa/article/detail/T0174608EN_US/let-s-get-ready-to-motor-registration-for-mini-takes-the-states-2014-is-now-open,,2014,skip,category 1
2014-09-24,MINI AT THE PARIS MOTOR SHOW 2014,https://www.press.bmwgroup.com/usa/article/detail/T0193888EN_US/mini-at-the-paris-motor-show-2014,,2014,skip,category 1
2014-02-06,MINI USA Names Best Friends Animal Society as Charitable Partner for MINI TAKES THE STATES 2014,https://www.press.bmwgroup.com/usa/article/detail/T0166166EN_US/mini-usa-names-best-friends-animal-society-as-charitable-partner-for-mini-takes-the-states-2014,,2014,skip,category 1
2014-04-25,MINI USA to support Tyler Palmer in 2014 Pirelli World Challenge Series,https://www.press.bmwgroup.com/usa/article/detail/T0178460EN_US/mini-usa-to-support-tyler-palmer-in-2014-pirelli-world-challenge-series,,2014,skip,category 1
2014-04-07,MINI and United Visual Artists present PARALLELS inspired by MINI Connected at the Salone del Mobile 2014. The interactive light and sound installation opens a window into mobile connectivity.,https://www.press.bmwgroup.com/usa/article/detail/T0177046EN_US/mini-and-united-visual-artists-present-parallels-inspired-by-mini-connected-at-the-salone-del-mobile-2014-the-interactive-light-and-sound-installation-opens-a-window-into-mobile-connectivity,,2014,skip,category 1
2013-12-11,MINI and the X-raid Team will line up at the 2014 Rally Dakar with the MINI ALL4 Racing.,https://www.press.bmwgroup.com/usa/article/detail/T0160965EN_US/mini-and-the-x-raid-team-will-line-up-at-the-2014-rally-dakar-with-the-mini-all4-racing,,2014,skip,category 1
2013-12-19,MINI at the NAIAS Detroit 2014,https://www.press.bmwgroup.com/usa/article/detail/T0163064EN_US/mini-at-the-naias-detroit-2014,,2014,skip,category 1
2014-04-17,MINI at the New York International Auto Show 2014,https://www.press.bmwgroup.com/usa/article/detail/T0178107EN_US/mini-at-the-new-york-international-auto-show-2014,,2014,skip,category 1
2014-01-14,MINI dominates stage 9 at the 2014 Dakar Rally // Stéphane Peterhansel leads a pack of four MINI ALL4 Racing.,https://www.press.bmwgroup.com/usa/article/detail/T0164068EN_US/mini-dominates-stage-9-at-the-2014-dakar-rally-stéphane-peterhansel-leads-a-pack-of-four-mini-all4-racing,,2014,skip,category 1
2014-08-17,"One-of-a-Kind 2014 BMW i8 Concours d’Elegance Edition Sold For World Auction  Record Price of $825,000 During Gooding & Company’s Annual Pebble Beach Auctions.",https://www.press.bmwgroup.com/usa/article/detail/T0191982EN_US/one-of-a-kind-2014-bmw-i8-concours-d’elegance-edition-sold-for-world-auction-record-price-of-825-000-during-gooding-company’s-annual-pebble-beach-auctions,,2014,skip,category 1
2014-09-05,PGA TOUR Players Matt Kuchar and Freddie Jacobson Challenged Team USA Table Tennis Players Timothy Wang and Lily Zhang at the 2014 BMW Championship.,https://www.press.bmwgroup.com/usa/article/detail/T0192742EN_US/pga-tour-players-matt-kuchar-and-freddie-jacobson-challenged-team-usa-table-tennis-players-timothy-wang-and-lily-zhang-at-the-2014-bmw-championship,,2014,skip,category 1
2014-09-03,"Past BMW Championship winners Rory McIlroy, Zach Johnson and Camilo Villegas Attempted to Recreate Arnold Palmer’s Historic Drive Off the 1st Tee from the 1960 U.S. Open at Cherry Hills Country Club to Kick-Off the 2014 BMW Championship.",https://www.press.bmwgroup.com/usa/article/detail/T0192692EN_US/past-bmw-championship-winners-rory-mcilroy-zach-johnson-and-camilo-villegas-attempted-to-recreate-arnold-palmer’s-historic-drive-off-the-1st-tee-from-the-1960-u-s-open-at-cherry-hills-country-club-to-kick-off-the-2014-bmw-championship,,2014,skip,category 1
2013-12-18,Peak performers: MINI presents the MINI Paceman Urban Art Illustration on Crap Sogn Gion in Laax. Burton Global Event Series kicks off in January 2014.,https://www.press.bmwgroup.com/usa/article/detail/T0162667EN_US/peak-performers:-mini-presents-the-mini-paceman-urban-art-illustration-on-crap-sogn-gion-in-laax-burton-global-event-series-kicks-off-in-january-2014,,2014,skip,category 1
2014-08-05,Restored 1970 BMW ALPINA 2002ti Returns to the Track at 2014 Rolex Monterey Motorsport Reunion,https://www.press.bmwgroup.com/usa/article/detail/T0190826EN_US/restored-1970-bmw-alpina-2002ti-returns-to-the-track-at-2014-rolex-monterey-motorsport-reunion,,2014,skip,category 1
2014-03-19,Salone del Mobile 2014: MINI and United Visual Artists present their artistic interpretation of MINI Connected Technology. Light and sound installation „PARALLELS“.,https://www.press.bmwgroup.com/usa/article/detail/T0172986EN_US/salone-del-mobile-2014:-mini-and-united-visual-artists-present-their-artistic-interpretation-of-mini-connected-technology-light-and-sound-installation-„parallels“,,2014,skip,category 1
2014-01-10,Satellite Details Detroit Motor Show 2014.,https://www.press.bmwgroup.com/usa/article/detail/T0163845EN_US/satellite-details-detroit-motor-show-2014,,2014,skip,category 1
2014-08-05,"Statement Dr. Friedrich Eichiner, Member of the Board of Management of BMW AG, Finance, Conference Call Interim Report to 30 June 2014",https://www.press.bmwgroup.com/usa/article/detail/T0190785EN_US/statement-dr-friedrich-eichiner-member-of-the-board-of-management-of-bmw-ag-finance-conference-call-interim-report-to-30-june-2014,,2014,skip,category 5
2014-05-15,"Statement Dr. Norbert Reithofer, Chairman of the Board of Management of BMW AG, 94th Annual General Meeting of BMW AG in Munich on 15th May 2014",https://www.press.bmwgroup.com/usa/article/detail/T0180202EN_US/statement-dr-norbert-reithofer-chairman-of-the-board-of-management-of-bmw-ag-94th-annual-general-meeting-of-bmw-ag-in-munich-on-15th-may-2014,,2014,skip,category 5
2014-08-05,"Statement Dr. Norbert Reithofer, Chairman of the Board of Management of BMW AG, Conference Call Interim Report to 30 June 2014",https://www.press.bmwgroup.com/usa/article/detail/T0190784EN_US/statement-dr-norbert-reithofer-chairman-of-the-board-of-management-of-bmw-ag-conference-call-interim-report-to-30-june-2014,,2014,skip,category 5
2014-05-06,"Statement Dr. Norbert Reithofer, Chairman of the Board of Management of BMW AG, Conference Call Interim Report to 31 March 2014",https://www.press.bmwgroup.com/usa/article/detail/T0179325EN_US/statement-dr-norbert-reithofer-chairman-of-the-board-of-management-of-bmw-ag-conference-call-interim-report-to-31-march-2014,,2014,skip,category 5
2014-03-19,"Statement and presentation by Dr. Friedrich Eichiner, Member of the Board of Management of BMW AG, Finance, Annual Accounts Press Conference 2014",https://www.press.bmwgroup.com/usa/article/detail/T0172932EN_US/statement-and-presentation-by-dr-friedrich-eichiner-member-of-the-board-of-management-of-bmw-ag-finance-annual-accounts-press-conference-2014,,2014,skip,category 5
2014-03-19,"Statement and presentation by Dr. Norbert Reithofer, Chairman of the Board of Management of BMW AG, Annual Accounts Press Conference 2014",https://www.press.bmwgroup.com/usa/article/detail/T0172931EN_US/statement-and-presentation-by-dr-norbert-reithofer-chairman-of-the-board-of-management-of-bmw-ag-annual-accounts-press-conference-2014,,2014,skip,category 5
2014-03-28,"Statement by Dr. Norbert Reithofer, Chairman of the Board of Management of BMW AG, and Harald Kruger, Member of the Board of Management of BMW AG, Production, Commitment in the US at Plant Spartanburg 2014.",https://www.press.bmwgroup.com/usa/article/detail/T0175006EN_US/statement-by-dr-norbert-reithofer-chairman-of-the-board-of-management-of-bmw-ag-and-harald-kruger-member-of-the-board-of-management-of-bmw-ag-production-commitment-in-the-us-at-plant-spartanburg-2014,,2014,skip,category 5
2014-03-25,Striving for victory and perfection: BMW Group Classic at Techno Classica 2014.,https://www.press.bmwgroup.com/usa/article/detail/T0173986EN_US/striving-for-victory-and-perfection:-bmw-group-classic-at-techno-classica-2014,,2014,skip,category 1
2013-12-24,The BMW Group to Showcase ConnectedDrive and BMW i3 at 2014 Consumer Electronics Show in Las Vegas,https://www.press.bmwgroup.com/usa/article/detail/T0163384EN_US/the-bmw-group-to-showcase-connecteddrive-and-bmw-i3-at-2014-consumer-electronics-show-in-las-vegas,,2014,skip,category 1
2014-03-18,The Concorso d’Eleganza Villa d’Este 2014 celebrates the Roaring Twenties and some compelling landmarks.,https://www.press.bmwgroup.com/usa/article/detail/T0172727EN_US/the-concorso-d’eleganza-villa-d’este-2014-celebrates-the-roaring-twenties-and-some-compelling-landmarks,,2014,skip,category 1
2014-12-22,Vehicle delivery experience reaches new high in 2014,https://www.press.bmwgroup.com/usa/article/detail/T0199002EN_US/vehicle-delivery-experience-reaches-new-high-in-2014,,2014,skip,category 1
2015-01-08,2015 Dakar Rally: MINI clinches a one-two victory at stage four // Nasser Al-Attiyah extends his lead in the overall classification.,https://www.press.bmwgroup.com/usa/article/detail/T0199848EN_US/2015-dakar-rally:-mini-clinches-a-one-two-victory-at-stage-four-nasser-al-attiyah-extends-his-lead-in-the-overall-classification,,2015,skip,category 1
2015-01-14,A MINI one-two win on stage ten at the 2015 Dakar Rally // Nasser Al-Attiyah extends his lead in the overall classification to over 28 minutes.,https://www.press.bmwgroup.com/usa/article/detail/T0200805EN_US/a-mini-one-two-win-on-stage-ten-at-the-2015-dakar-rally-nasser-al-attiyah-extends-his-lead-in-the-overall-classification-to-over-28-minutes,,2015,skip,category 1
2015-01-16,Another MINI one-two win at the 2015 Dakar Rally // Nasser Al-Attiyah keeps opponents at bay // Three MINI ALL4 Racing within the top five in the overall classification.,https://www.press.bmwgroup.com/usa/article/detail/T0201022EN_US/another-mini-one-two-win-at-the-2015-dakar-rally-nasser-al-attiyah-keeps-opponents-at-bay-three-mini-all4-racing-within-the-top-five-in-the-overall-classification,,2015,skip,category 1
2015-08-18,BMW Captures Three Of Motorcyclist Magazine's 2015 MOTY Awards,https://www.press.bmwgroup.com/usa/article/detail/T0230582EN_US/bmw-captures-three-of-motorcyclist-magazine-s-2015-moty-awards,,2015,skip,category 1
2015-03-10,BMW Celebrates 40th Anniversary of First US Race Win at 2015 Amelia Island Concours d’Elegance,https://www.press.bmwgroup.com/usa/article/detail/T0207526EN_US/bmw-celebrates-40th-anniversary-of-first-us-race-win-at-2015-amelia-island-concours-d’elegance,,2015,skip,category 1
2015-05-19,BMW Donates 20 BMW i3 Vehicles to NYC Parks in Support of TreesCount! 2015 Census.,https://www.press.bmwgroup.com/usa/article/detail/T0218749EN_US/bmw-donates-20-bmw-i3-vehicles-to-nyc-parks-in-support-of-treescount-2015-census,,2015,skip,category 1
2015-08-04,BMW Enters Three Fan Favorite Race Cars at the 2015 Rolex Monterey Motorsports Reunion.,https://www.press.bmwgroup.com/usa/article/detail/T0229004EN_US/bmw-enters-three-fan-favorite-race-cars-at-the-2015-rolex-monterey-motorsports-reunion,,2015,skip,category 1
2016-03-16,BMW Group Annual Report 2015,https://www.press.bmwgroup.com/usa/article/detail/T0258319EN_US/bmw-group-annual-report-2015,,2015,skip,category 1
2015-11-03,BMW Group Quarterly Report to 30 September 2015,https://www.press.bmwgroup.com/usa/article/detail/T0241544EN_US/bmw-group-quarterly-report-to-30-september-2015,,2015,skip,category 1
2015-05-01,BMW Group U.S. Reports April 2015 Sales,https://www.press.bmwgroup.com/usa/article/detail/T0215622EN_US/bmw-group-u-s-reports-april-2015-sales,,2015,skip,category 1
2015-09-01,BMW Group U.S. Reports August 2015 Sales,https://www.press.bmwgroup.com/usa/article/detail/T0232425EN_US/bmw-group-u-s-reports-august-2015-sales,,2015,skip,category 1
2016-01-05,BMW Group U.S. Reports December and 2015 Sales,https://www.press.bmwgroup.com/usa/article/detail/T0249098EN_US/bmw-group-u-s-reports-december-and-2015-sales,,2015,skip,category 1
2015-03-03,BMW Group U.S. Reports February 2015 Sales,https://www.press.bmwgroup.com/usa/article/detail/T0206644EN_US/bmw-group-u-s-reports-february-2015-sales,,2015,skip,category 1
2015-02-03,BMW Group U.S. Reports January 2015 Sales,https://www.press.bmwgroup.com/usa/article/detail/T0203182EN_US/bmw-group-u-s-reports-january-2015-sales,,2015,skip,category 1
2015-08-03,BMW Group U.S. Reports July 2015 Sales,https://www.press.bmwgroup.com/usa/article/detail/T0228799EN_US/bmw-group-u-s-reports-july-2015-sales,,2015,skip,category 1
2015-07-01,BMW Group U.S. Reports June 2015 Sales,https://www.press.bmwgroup.com/usa/article/detail/T0224522EN_US/bmw-group-u-s-reports-june-2015-sales,,2015,skip,category 1
2015-04-01,BMW Group U.S. Reports March 2015 Sales,https://www.press.bmwgroup.com/usa/article/detail/T0211163EN_US/bmw-group-u-s-reports-march-2015-sales,,2015,skip,category 1
2015-06-02,BMW Group U.S. Reports May 2015 Sales,https://www.press.bmwgroup.com/usa/article/detail/T0220578EN_US/bmw-group-u-s-reports-may-2015-sales,,2015,skip,category 1
2015-12-01,BMW Group U.S. Reports November 2015 Sales,https://www.press.bmwgroup.com/usa/article/detail/T0245363EN_US/bmw-group-u-s-reports-november-2015-sales,,2015,skip,category 1
2015-11-03,BMW Group U.S. Reports October 2015 Sales,https://www.press.bmwgroup.com/usa/article/detail/T0241571EN_US/bmw-group-u-s-reports-october-2015-sales,,2015,skip,category 1
2015-10-01,BMW Group U.S. Reports September 2015 Sales,https://www.press.bmwgroup.com/usa/article/detail/T0236983EN_US/bmw-group-u-s-reports-september-2015-sales,,2015,skip,category 1
2016-03-09,BMW Group achieves record global earnings in 2015,https://www.press.bmwgroup.com/usa/article/detail/T0258111EN_US/bmw-group-achieves-record-global-earnings-in-2015,,2015,skip,category 1
2015-06-17,"BMW Group overall winner at the Engine of the Year Awards 2015. As well as being declared overall winner, the BMW Group picked up three class wins in the world’s leading engine competition.",https://www.press.bmwgroup.com/usa/article/detail/T0222483EN_US/bmw-group-overall-winner-at-the-engine-of-the-year-awards-2015-as-well-as-being-declared-overall-winner-the-bmw-group-picked-up-three-class-wins-in-the-world’s-leading-engine-competition,,2015,skip,category 1
2016-03-16,BMW Group publishes Sustainable Value Report 2015.,https://www.press.bmwgroup.com/usa/article/detail/T0258320EN_US/bmw-group-publishes-sustainable-value-report-2015,,2015,skip,category 1
2015-05-06,BMW Group starts well in 2015,https://www.press.bmwgroup.com/usa/article/detail/T0216402EN_US/bmw-group-starts-well-in-2015,,2015,skip,category 1
2015-03-18,BMW Group targets continuing success in 2015,https://www.press.bmwgroup.com/usa/article/detail/T0208882EN_US/bmw-group-targets-continuing-success-in-2015,,2015,skip,category 1
2015-04-22,BMW HONORED AS FEATURED MARQUE AT 2015 SPEEDFEST AT THE CLASSIC MOTORSPORTS MITTY,https://www.press.bmwgroup.com/usa/article/detail/T0214183EN_US/bmw-honored-as-featured-marque-at-2015-speedfest-at-the-classic-motorsports-mitty,,2015,skip,category 1
2014-12-15,BMW Innovations at the 2015 Consumer Electronics Show (CES) in Las Vegas. 360-degree collision avoidance and fully-automated parking in multi-storey car parks.,https://www.press.bmwgroup.com/usa/article/detail/T0198525EN_US/bmw-innovations-at-the-2015-consumer-electronics-show-ces-in-las-vegas-360-degree-collision-avoidance-and-fully-automated-parking-in-multi-storey-car-parks,,2015,skip,category 1
2015-06-17,BMW Models Rank in the 2015 J.D. Power IQS Study,https://www.press.bmwgroup.com/usa/article/detail/T0222522EN_US/bmw-models-rank-in-the-2015-j-d-power-iqs-study,,2015,skip,category 1
2014-11-14,"BMW Motorrad USA Announces 2015 Model Year Lineup, Pricing and Rider Equipment",https://www.press.bmwgroup.com/usa/article/detail/T0196337EN_US/bmw-motorrad-usa-announces-2015-model-year-lineup-pricing-and-rider-equipment,,2015,skip,category 1
2014-12-19,BMW Motorrad USA Announces Pricing and Equipment for Model Year 2015/2016 New Models,https://www.press.bmwgroup.com/usa/article/detail/T0198903EN_US/bmw-motorrad-usa-announces-pricing-and-equipment-for-model-year-2015/2016-new-models,,2015,skip,category 1
2014-11-14,BMW Motorrad USA Introduces The 2015 BMW F 800 R,https://www.press.bmwgroup.com/usa/article/detail/T0196338EN_US/bmw-motorrad-usa-introduces-the-2015-bmw-f-800-r,,2015,skip,category 1
2014-11-14,BMW Motorrad USA Introduces The 2015 BMW R 1200 R,https://www.press.bmwgroup.com/usa/article/detail/T0196339EN_US/bmw-motorrad-usa-introduces-the-2015-bmw-r-1200-r,,2015,skip,category 1
2014-11-14,BMW Motorrad USA Introduces The 2015 BMW R 1200 RS,https://www.press.bmwgroup.com/usa/article/detail/T0196340EN_US/bmw-motorrad-usa-introduces-the-2015-bmw-r-1200-rs,,2015,skip,category 1
2014-11-14,BMW Motorrad USA Introduces The 2015 BMW S 1000 RR,https://www.press.bmwgroup.com/usa/article/detail/T0196341EN_US/bmw-motorrad-usa-introduces-the-2015-bmw-s-1000-rr,,2015,skip,category 1
2014-11-14,BMW Motorrad USA Introduces The 2015 BMW S 1000 XR,https://www.press.bmwgroup.com/usa/article/detail/T0196342EN_US/bmw-motorrad-usa-introduces-the-2015-bmw-s-1000-xr,,2015,skip,category 1
2016-01-08,BMW Motorrad USA Posts Record Sales for 2015,https://www.press.bmwgroup.com/usa/article/detail/T0249562EN_US/bmw-motorrad-usa-posts-record-sales-for-2015,,2015,skip,category 1
2015-05-08,BMW Motorrad elected best motorcycle brand. Two victories and additional six rostrum places at PS magazine’s readers election ‘The Best Sport Motorcycles 2015’.,https://www.press.bmwgroup.com/usa/article/detail/T0216762EN_US/bmw-motorrad-elected-best-motorcycle-brand-two-victories-and-additional-six-rostrum-places-at-ps-magazine’s-readers-election-the-best-sport-motorcycles-2015’,,2015,skip,category 1
2015-09-29,"BMW Motorrad expands its ABS Pro range. ABS-supported braking when banking available as retrofit option from October 2015 for the S 1000 RR (model years 2012 – 2014), too.",https://www.press.bmwgroup.com/usa/article/detail/T0236362EN_US/bmw-motorrad-expands-its-abs-pro-range-abs-supported-braking-when-banking-available-as-retrofit-option-from-october-2015-for-the-s-1000-rr-model-years-2012-–-2014-too,,2015,skip,category 1
2015-01-09,BMW Performance 200 kicks off 2015 racing season at classic Daytona International Speedway,https://www.press.bmwgroup.com/usa/article/detail/T0199902EN_US/bmw-performance-200-kicks-off-2015-racing-season-at-classic-daytona-international-speedway,,2015,skip,category 1
2015-09-21,BMW R 1200 R Named One Of “10 Best 2015 Motorcycles” by Ultimate MotorCycling Editor,https://www.press.bmwgroup.com/usa/article/detail/T0235283EN_US/bmw-r-1200-r-named-one-of-“10-best-2015-motorcycles”-by-ultimate-motorcycling-editor,,2015,skip,category 1
2014-12-19,"BMW TO SHOWCASE INNOVATIONS INCLUDING HIGHLY & FULLY AUTOMATED DRIVING, DRIVER INTERFACE ADVANCEMENTS AND NEW LIGHTING TECHNOLOGIES AT THE LAS VEGAS CONVENTION CENTER SOUTH PLAZA DURING THE 2015 CONSUMER ELECTRONICS IN LAS VEGAS.",https://www.press.bmwgroup.com/usa/article/detail/T0198902EN_US/bmw-to-showcase-innovations-including-highly-fully-automated-driving-driver-interface-advancements-and-new-lighting-technologies-at-the-las-vegas-convention-center-south-plaza-during-the-2015-consumer-electronics-in-las-vegas,,2015,skip,category 1
2015-11-03,BMW at SEMA 2015.,https://www.press.bmwgroup.com/usa/article/detail/T0241623EN_US/bmw-at-sema-2015,,2015,skip,category 1
2015-01-06,BMW at the Consumer Electronics Show (CES) 2015 in Las Vegas.,https://www.press.bmwgroup.com/usa/article/detail/T0199522EN_US/bmw-at-the-consumer-electronics-show-ces-2015-in-las-vegas,,2015,skip,category 2
2015-05-26,BMW celebrates 40 years of BMW Art Cars. “Rolling sculptures” take to the stage around the world in 2015.,https://www.press.bmwgroup.com/usa/article/detail/T0219431EN_US/bmw-celebrates-40-years-of-bmw-art-cars-“rolling-sculptures”-take-to-the-stage-around-the-world-in-2015,,2015,skip,category 1
2015-10-15,BMW i ChargeForward Project Wins 2015 ESNA Innovation Award for Unique EV Battery Second Life Energy Storage System,https://www.press.bmwgroup.com/usa/article/detail/T0239042EN_US/bmw-i-chargeforward-project-wins-2015-esna-innovation-award-for-unique-ev-battery-second-life-energy-storage-system,,2015,skip,category 1
2014-11-21,BMW i3 wins Green Car of the Year Award 2015. Numerous accolades highlight the success of the BMW i3 in its first year on the market.,https://www.press.bmwgroup.com/usa/article/detail/T0196786EN_US/bmw-i3-wins-green-car-of-the-year-award-2015-numerous-accolades-highlight-the-success-of-the-bmw-i3-in-its-first-year-on-the-market,,2015,skip,category 1
2015-01-02,BMW innovations at the Consumer Electronics Show (CES) 2015.,https://www.press.bmwgroup.com/usa/article/detail/T0199223EN_US/bmw-innovations-at-the-consumer-electronics-show-ces-2015,,2015,skip,category 1
2015-11-25,BMW is partner of Art Basel in Miami Beach 2015. Presentation of BMW Art Journey and the BMW Art Car by César Manrique.,https://www.press.bmwgroup.com/usa/article/detail/T0244522EN_US/bmw-is-partner-of-art-basel-in-miami-beach-2015-presentation-of-bmw-art-journey-and-the-bmw-art-car-by-césar-manrique,,2015,skip,category 1
2014-06-02,COMPLETE 2015 MINI LINEUP PRICING AND EQUIPMENT UPDATES,https://www.press.bmwgroup.com/usa/article/detail/T0182827EN_US/complete-2015-mini-lineup-pricing-and-equipment-updates,,2015,skip,category 1
2015-05-26,Concorso d’Eleganza Villa d’Este 2015: Winners dazzle at the time-honoured Classic Weekend on Lake Como,https://www.press.bmwgroup.com/usa/article/detail/T0219444EN_US/concorso-d’eleganza-villa-d’este-2015:-winners-dazzle-at-the-time-honoured-classic-weekend-on-lake-como,,2015,skip,category 1
2015-12-29,"Distinctions, prizes and awards for BMW in 2015. Position confirmed as worldwide trendsetter in innovation, design, quality and sustainability.",https://www.press.bmwgroup.com/usa/article/detail/T0248722EN_US/distinctions-prizes-and-awards-for-bmw-in-2015-position-confirmed-as-worldwide-trendsetter-in-innovation-design-quality-and-sustainability,,2015,skip,category 1
2014-12-04,DriveNow launches in London - BMW i3 cars to be introduced to the fleet in 2015. Carsharing service continues to grow internationally - 25 additional cities planned.,https://www.press.bmwgroup.com/usa/article/detail/T0197683EN_US/drivenow-launches-in-london-bmw-i3-cars-to-be-introduced-to-the-fleet-in-2015-carsharing-service-continues-to-grow-internationally-25-additional-cities-planned,,2015,skip,category 1
2014-11-12,Eight MINI ALL4 Racing to compete in the 2015 Dakar Rally // Joan “Nani” Roma aiming to defend his Dakar title.,https://www.press.bmwgroup.com/usa/article/detail/T0196273EN_US/eight-mini-all4-racing-to-compete-in-the-2015-dakar-rally-joan-“nani”-roma-aiming-to-defend-his-dakar-title,,2015,skip,category 1
2015-01-09,Fifth stage win for MINI at the 2015 Dakar Rally // Vasilyev claims victory at stage five // Six MINI ALL4 Racing finish within the top ten.,https://www.press.bmwgroup.com/usa/article/detail/T0200024EN_US/fifth-stage-win-for-mini-at-the-2015-dakar-rally-vasilyev-claims-victory-at-stage-five-six-mini-all4-racing-finish-within-the-top-ten,,2015,skip,category 1
2015-09-17,"Iconic Actor Bill Murray and his five brothers played in the Gardner Heidrick Pro Am to kick off the 2015 BMW Championship at Conway Farms Golf Club in Lake Forest, IL.",https://www.press.bmwgroup.com/usa/article/detail/T0234642EN_US/iconic-actor-bill-murray-and-his-five-brothers-played-in-the-gardner-heidrick-pro-am-to-kick-off-the-2015-bmw-championship-at-conway-farms-golf-club-in-lake-forest-il,,2015,skip,category 1
2015-01-13,Impressive record after the first part of the 2015 Dakar Rally: MINI ALL4 Racing wins seven of eight stages // Nasser Al-Attiyah continues to lead the way // Five stages remaining before finish in Buenos Aires.,https://www.press.bmwgroup.com/usa/article/detail/T0200405EN_US/impressive-record-after-the-first-part-of-the-2015-dakar-rally:-mini-all4-racing-wins-seven-of-eight-stages-nasser-al-attiyah-continues-to-lead-the-way-five-stages-remaining-before-finish-in-buenos-aires,,2015,skip,category 1
2015-04-14,Jaime Hayon & MINI present the visionary installation “Urban Perspectives”. On display at the Salone del Mobile 2015 from today.,https://www.press.bmwgroup.com/usa/article/detail/T0212583EN_US/jaime-hayon-mini-present-the-visionary-installation-“urban-perspectives”-on-display-at-the-salone-del-mobile-2015-from-today,,2015,skip,category 1
2015-09-21,Jason Day Wins the 2015 BMW Championship at Conway Farms Golf Club.,https://www.press.bmwgroup.com/usa/article/detail/T0235122EN_US/jason-day-wins-the-2015-bmw-championship-at-conway-farms-golf-club,,2015,skip,category 1
2015-01-13,Joan “Nani” Roma claims his first stage win at the 2015 Dakar Rally // MINI one-two-three win on leg nine // MINI ALL4 Racing extends its lead in the overall classification to almost 24 minutes.,https://www.press.bmwgroup.com/usa/article/detail/T0200569EN_US/joan-“nani”-roma-claims-his-first-stage-win-at-the-2015-dakar-rally-mini-one-two-three-win-on-leg-nine-mini-all4-racing-extends-its-lead-in-the-overall-classification-to-almost-24-minutes,,2015,skip,category 1
2015-09-18,"Jordan Spieth’s Hole-in-One at the 2015 BMW Championship Results in BMW Donation of Full, Four-Year BMW Evans Scholarship Worth $100,000 in Spieth’s Name.",https://www.press.bmwgroup.com/usa/article/detail/T0235002EN_US/jordan-spieth’s-hole-in-one-at-the-2015-bmw-championship-results-in-bmw-donation-of-full-four-year-bmw-evans-scholarship-worth-100-000-in-spieth’s-name,,2015,skip,category 1
2014-11-17,MINI USA RECEIVES TWO 2015 ALG RESIDUAL VALUE AWARDS,https://www.press.bmwgroup.com/usa/article/detail/T0196402EN_US/mini-usa-receives-two-2015-alg-residual-value-awards,,2015,skip,category 1
2014-04-16,MINI USA Unveils 2015 MINI Countryman with World Premiere at New York International Auto Show,https://www.press.bmwgroup.com/usa/article/detail/T0178029EN_US/mini-usa-unveils-2015-mini-countryman-with-world-premiere-at-new-york-international-auto-show,,2015,skip,category 2
2014-04-21,MINI Unveils 2015 MINI Paceman with World Premiere at Beijing Motor Show,https://www.press.bmwgroup.com/usa/article/detail/T0178108EN_US/mini-unveils-2015-mini-paceman-with-world-premiere-at-beijing-motor-show,,2015,skip,category 1
2015-08-18,"MINI and MINI ALL4 Racing crew Nasser Al-Attiyah and Mathieu Baumel celebrate strong win at Hungarian Baja // Nasser Al-Attiyah pilots MINI ALL4 Racing to Hungarian Baja race win, MINI retains lead of 2015 FIA Cross Country Rally World Cup",https://www.press.bmwgroup.com/usa/article/detail/T0230703EN_US/mini-and-mini-all4-racing-crew-nasser-al-attiyah-and-mathieu-baumel-celebrate-strong-win-at-hungarian-baja-nasser-al-attiyah-pilots-mini-all4-racing-to-hungarian-baja-race-win-mini-retains-lead-of-2015-fia-cross-country-rally-world-cup,,2015,skip,category 1
2015-03-03,MINI at the 85th Geneva International Motor Show 2015.,https://www.press.bmwgroup.com/usa/article/detail/T0206443EN_US/mini-at-the-85th-geneva-international-motor-show-2015,,2015,skip,category 1
2015-01-16,Nasser Al-Attiyah in his MINI ALL4 Racing comfortably leading the overall classification with just one stage to go // Four MINI ALL4 Racing within the top five in the overall classification now // MINI scores its eleventh stage win at the 2015 Dakar Rally.,https://www.press.bmwgroup.com/usa/article/detail/T0201504EN_US/nasser-al-attiyah-in-his-mini-all4-racing-comfortably-leading-the-overall-classification-with-just-one-stage-to-go-four-mini-all4-racing-within-the-top-five-in-the-overall-classification-now-mini-scores-its-eleventh-stage-win-at-the-2015-dakar-rally,,2015,skip,category 1
2015-01-06,Orlando Terranova claims another stage win at the 2015 Dakar Rally and moves up to third place overall // MINI defends its lead in the overall classification.,https://www.press.bmwgroup.com/usa/article/detail/T0199702EN_US/orlando-terranova-claims-another-stage-win-at-the-2015-dakar-rally-and-moves-up-to-third-place-overall-mini-defends-its-lead-in-the-overall-classification,,2015,skip,category 1
2015-08-04,Quarterly Report to 30 June 2015,https://www.press.bmwgroup.com/usa/article/detail/T0228984EN_US/quarterly-report-to-30-june-2015,,2015,skip,category 1
2015-05-06,Quarterly Report to 31 March 2015,https://www.press.bmwgroup.com/usa/article/detail/T0216403EN_US/quarterly-report-to-31-march-2015,,2015,skip,category 1
2015-02-25,Salone del Mobile 2015: MINI and Jaime Hayon present ‘Urban Perspectives’. A fantastical installation on the future of urban mobility.,https://www.press.bmwgroup.com/usa/article/detail/T0205890EN_US/salone-del-mobile-2015:-mini-and-jaime-hayon-present-urban-perspectives’-a-fantastical-installation-on-the-future-of-urban-mobility,,2015,skip,category 1
2015-05-06,"Statement Dr. Friedrich Eichiner, Member of the Board of Management of BMW AG, Finance, Conference Call Interim Report to 31 March 2015",https://www.press.bmwgroup.com/usa/article/detail/T0216404EN_US/statement-dr-friedrich-eichiner-member-of-the-board-of-management-of-bmw-ag-finance-conference-call-interim-report-to-31-march-2015,,2015,skip,category 5
2015-11-03,"Statement Dr. Friedrich Eichiner, Member of the Board of Management of BMW AG, Finance, Conference Call Quarterly Report to 30 September 2015",https://www.press.bmwgroup.com/usa/article/detail/T0241545EN_US/statement-dr-friedrich-eichiner-member-of-the-board-of-management-of-bmw-ag-finance-conference-call-quarterly-report-to-30-september-2015,,2015,skip,category 5
2015-05-06,"Statement Dr. Norbert Reithofer, Chairman of the Board of Management of BMW AG, Conference Call Interim Report to 31 March 2015",https://www.press.bmwgroup.com/usa/article/detail/T0216405EN_US/statement-dr-norbert-reithofer-chairman-of-the-board-of-management-of-bmw-ag-conference-call-interim-report-to-31-march-2015,,2015,skip,category 5
2015-11-03,"Statement Harald Krüger, Chairman of the Board of Management of BMW AG, Conference Call Quarterly Report to 30 September 2015",https://www.press.bmwgroup.com/usa/article/detail/T0241546EN_US/statement-harald-krueger-chairman-of-the-board-of-management-of-bmw-ag-conference-call-quarterly-report-to-30-september-2015,,2015,skip,category 5
2015-03-18,"Statement and presentation by Dr. Norbert Reithofer, Chairman of the Board of Management of BMW AG, Annual Accounts Press Conference in Munich on 18 March 2015",https://www.press.bmwgroup.com/usa/article/detail/T0208883EN_US/statement-and-presentation-by-dr-norbert-reithofer-chairman-of-the-board-of-management-of-bmw-ag-annual-accounts-press-conference-in-munich-on-18-march-2015,,2015,skip,category 5
2015-08-04,"Statement by Harald Krüger, Chairman of the Board of Management of BMW AG, Conference Call Interim Report to 30 June 2015",https://www.press.bmwgroup.com/usa/article/detail/T0228986EN_US/statement-by-harald-krueger-chairman-of-the-board-of-management-of-bmw-ag-conference-call-interim-report-to-30-june-2015,,2015,skip,category 5
2014-03-04,The 2015 BMW ALPINA B6 xDrive Gran Coupe,https://www.press.bmwgroup.com/usa/article/detail/T0170646EN_US/the-2015-bmw-alpina-b6-xdrive-gran-coupe,,2015,skip,category 1
2016-11-30,2016 BMW Championship raises $2.8 million for Evans Scholars Foundation,https://www.press.bmwgroup.com/usa/article/detail/T0266355EN_US/2016-bmw-championship-raises-2-8-million-for-evans-scholars-foundation,,2016,skip,category 1
2015-11-13,2016 BMW M6 GTLM to Make US Public Debut at Nov. 17-18 IMSA Daytona Test,https://www.press.bmwgroup.com/usa/article/detail/T0243102EN_US/2016-bmw-m6-gtlm-to-make-us-public-debut-at-nov-17-18-imsa-daytona-test,,2016,skip,category 1
2016-05-26,2016 BMW X1 Earns “Top Safety Pick+” from IIHS,https://www.press.bmwgroup.com/usa/article/detail/T0260502EN_US/2016-bmw-x1-earns-“top-safety-pick-”-from-iihs,,2016,skip,category 1
2016-01-12,"2016 Dakar Rally – Day 10, Stage 8: MINI ALL4 Racing takes the win. Nasser Al-Attiyah and co-driver Mathieu Baumel celebrate first Special Stage victory of 2016 Dakar. Two MINI ALL4 Racing in top five overall.",https://www.press.bmwgroup.com/usa/article/detail/T0250062EN_US/2016-dakar-rally-–-day-10-stage-8:-mini-all4-racing-takes-the-win-nasser-al-attiyah-and-co-driver-mathieu-baumel-celebrate-first-special-stage-victory-of-2016-dakar-two-mini-all4-racing-in-top-five-overall,,2016,skip,category 1
2016-01-13,"2016 Dakar Rally – Day 11, Stage 9: MINI ALL4 Racing take second, third and fifth at end of a reduced Stage 9 with Erik van Loon, Mikko Hirvonen and Al-Attiyah respectively.",https://www.press.bmwgroup.com/usa/article/detail/T0250245EN_US/2016-dakar-rally-–-day-11-stage-9:-mini-all4-racing-take-second-third-and-fifth-at-end-of-a-reduced-stage-9-with-erik-van-loon-mikko-hirvonen-and-al-attiyah-respectively,,2016,skip,category 1
2016-01-14,"2016 Dakar Rally – Day 12, Stage 10: Al-Attiyah moves up to second overall. Four MINI ALL4 Racing now placed in the top ten.",https://www.press.bmwgroup.com/usa/article/detail/T0250522EN_US/2016-dakar-rally-–-day-12-stage-10:-al-attiyah-moves-up-to-second-overall-four-mini-all4-racing-now-placed-in-the-top-ten,,2016,skip,category 1
2016-01-14,"2016 Dakar Rally – Day 13, Stage 11: Al-Attiyah takes his second stage win to retain second overall. Hirvonen finishes third to place two MINI ALL4 Racing in the top five.",https://www.press.bmwgroup.com/usa/article/detail/T0250643EN_US/2016-dakar-rally-–-day-13-stage-11:-al-attiyah-takes-his-second-stage-win-to-retain-second-overall-hirvonen-finishes-third-to-place-two-mini-all4-racing-in-the-top-five,,2016,skip,category 1
2016-01-16,"2016 Dakar Rally – Day 14, Stage 12: Superb one-two for MINI ALL4 Racing. Hirvonen achieves first Dakar stage win. Al-Attiyah takes second.",https://www.press.bmwgroup.com/usa/article/detail/T0251462EN_US/2016-dakar-rally-–-day-14-stage-12:-superb-one-two-for-mini-all4-racing-hirvonen-achieves-first-dakar-stage-win-al-attiyah-takes-second,,2016,skip,category 1
2016-01-16,"2016 Dakar Rally – Day 15, Stage 13: MINI achieves another incredible Dakar result with MINI ALL4 Racing winner of the four-wheel drive ranking. Four MINI ALL4 Racing secure top ten positions overall.",https://www.press.bmwgroup.com/usa/article/detail/T0251463EN_US/2016-dakar-rally-–-day-15-stage-13:-mini-achieves-another-incredible-dakar-result-with-mini-all4-racing-winner-of-the-four-wheel-drive-ranking-four-mini-all4-racing-secure-top-ten-positions-overall,,2016,skip,category 1
2016-01-10,"2016 Dakar Rally – Day Eight, Stage 7: Two MINI ALL4 Racing in the top five. Top three finish for AL-Attiyah to hold fourth place overall, Hirvonen moves up to fifth.",https://www.press.bmwgroup.com/usa/article/detail/T0249790EN_US/2016-dakar-rally-–-day-eight-stage-7:-two-mini-all4-racing-in-the-top-five-top-three-finish-for-al-attiyah-to-hold-fourth-place-overall-hirvonen-moves-up-to-fifth,,2016,skip,category 1
2016-01-07,"2016 Dakar Rally – Day Five, Stage 4: MINI ALL4 Racing now in top three. A determined but consistent race reaps Al-Attiyah and Baumel third place overall",https://www.press.bmwgroup.com/usa/article/detail/T0249362EN_US/2016-dakar-rally-–-day-five-stage-4:-mini-all4-racing-now-in-top-three-a-determined-but-consistent-race-reaps-al-attiyah-and-baumel-third-place-overall,,2016,skip,category 1
2016-01-06,"2016 Dakar Rally – Day Four, Stage 3: Two MINI ALL4 Racing in the top five. Hirvonen and Al-Attiyah reel in the leading pack to place MINI fourth and fifth overall.",https://www.press.bmwgroup.com/usa/article/detail/T0249162EN_US/2016-dakar-rally-–-day-four-stage-3:-two-mini-all4-racing-in-the-top-five-hirvonen-and-al-attiyah-reel-in-the-leading-pack-to-place-mini-fourth-and-fifth-overall,,2016,skip,category 1
2016-01-10,"2016 Dakar Rally – Day Nine, Rest Day: First week of Dakar becomes a memory as the crews rest and prepare for the second week and, arguably, the most challenging stages.",https://www.press.bmwgroup.com/usa/article/detail/T0249807EN_US/2016-dakar-rally-–-day-nine-rest-day:-first-week-of-dakar-becomes-a-memory-as-the-crews-rest-and-prepare-for-the-second-week-and-arguably-the-most-challenging-stages,,2016,skip,category 1
2016-01-09,"2016 Dakar Rally – Day Seven, Stage 6: Two MINI ALL4 Racing in the top ten. AL-Attiyah continues to hold fourth place, Hirvonen moves up to sixth.",https://www.press.bmwgroup.com/usa/article/detail/T0249788EN_US/2016-dakar-rally-–-day-seven-stage-6:-two-mini-all4-racing-in-the-top-ten-al-attiyah-continues-to-hold-fourth-place-hirvonen-moves-up-to-sixth,,2016,skip,category 1
2016-01-08,"2016 Dakar Rally – Day Six, Stage 5: Al-Attiyah and Baumel charge across the mountains to Bolivia and sit comfortably in fourth place. Hirvonen maintains seventh place.",https://www.press.bmwgroup.com/usa/article/detail/T0249511EN_US/2016-dakar-rally-–-day-six-stage-5:-al-attiyah-and-baumel-charge-across-the-mountains-to-bolivia-and-sit-comfortably-in-fourth-place-hirvonen-maintains-seventh-place,,2016,skip,category 1
2016-01-05,"2016 Dakar Rally – Day Three, Stage 2: Hirvonen leads MINI ALL4 Racing charge despite difficult weather conditions.",https://www.press.bmwgroup.com/usa/article/detail/T0249085EN_US/2016-dakar-rally-–-day-three-stage-2:-hirvonen-leads-mini-all4-racing-charge-despite-difficult-weather-conditions,,2016,skip,category 1
2016-03-16,"Annual Accounts Press Conference 2016: Statements and presentation by Harald Krüger, Chairman of the Board of Management of BMW AG, Dr. Friedrich Eichiner, Member of the Board of Management of BMW AG, Finance, and Klaus Fröhlich, Member of the Board of Management of BMW AG, Development",https://www.press.bmwgroup.com/usa/article/detail/T0258318EN_US/annual-accounts-press-conference-2016:-statements-and-presentation-by-harald-krueger-chairman-of-the-board-of-management-of-bmw-ag-dr-friedrich-eichiner-member-of-the-board-of-management-of-bmw-ag-finance-and-klaus-froehlich-member-of-the-board-of-management-of-bmw-ag-development,,2016,skip,category 5
2016-08-08,BMW Celebrates Centenary Throughout Monterey Car Week 2016.,https://www.press.bmwgroup.com/usa/article/detail/T0262798EN_US/bmw-celebrates-centenary-throughout-monterey-car-week-2016,,2016,skip,category 1
2016-10-19,BMW Claims Two 2016 MOTY Awards From Motorcyclist Magazine BMW R 1200 GS Adventure And BMW R 1200 RT Are “Three-peat” Winners,https://www.press.bmwgroup.com/usa/article/detail/T0265102EN_US/bmw-claims-two-2016-moty-awards-from-motorcyclist-magazine-bmw-r-1200-gs-adventure-and-bmw-r-1200-rt-are-“three-peat”-winners,,2016,skip,category 1
2016-03-31,"BMW Connected North America – Your Personal Mobility Companion makes world debut at Microsoft Build 2016, powered by Open Mobility Cloud built on Microsoft Azure",https://www.press.bmwgroup.com/usa/article/detail/T0258699EN_US/bmw-connected-north-america-–-your-personal-mobility-companion-makes-world-debut-at-microsoft-build-2016-powered-by-open-mobility-cloud-built-on-microsoft-azure,,2016,skip,category 1
2016-10-21,"BMW Films “The Escape” premieres on Sunday, October 23, 2016 at 6:00 p.m. EST on BMWFilms.com.",https://www.press.bmwgroup.com/usa/article/detail/T0265162EN_US/bmw-films-“the-escape”-premieres-on-sunday-october-23-2016-at-6:00-p-m-est-on-bmwfilms-com,,2016,skip,category 1
2016-08-02,BMW Group Quarterly Report to 30 June 2016,https://www.press.bmwgroup.com/usa/article/detail/T0262670EN_US/bmw-group-quarterly-report-to-30-june-2016,,2016,skip,category 1
2016-11-04,BMW Group Quarterly Report to 30 September 2016,https://www.press.bmwgroup.com/usa/article/detail/T0265649EN_US/bmw-group-quarterly-report-to-30-september-2016,,2016,skip,category 1
2016-05-03,BMW Group U.S. Reports April 2016 Sales,https://www.press.bmwgroup.com/usa/article/detail/T0259729EN_US/bmw-group-u-s-reports-april-2016-sales,,2016,skip,category 1
2016-09-01,BMW Group U.S. Reports August 2016 Sales,https://www.press.bmwgroup.com/usa/article/detail/T0263352EN_US/bmw-group-u-s-reports-august-2016-sales,,2016,skip,category 1
2017-01-04,BMW Group U.S. Reports December and 2016 Sales,https://www.press.bmwgroup.com/usa/article/detail/T0266989EN_US/bmw-group-u-s-reports-december-and-2016-sales,,2016,skip,category 1
2016-03-01,BMW Group U.S. Reports February 2016 Sales,https://www.press.bmwgroup.com/usa/article/detail/T0257727EN_US/bmw-group-u-s-reports-february-2016-sales,,2016,skip,category 1
2016-02-02,BMW Group U.S. Reports January 2016 Sales,https://www.press.bmwgroup.com/usa/article/detail/T0253562EN_US/bmw-group-u-s-reports-january-2016-sales,,2016,skip,category 1
2016-08-02,BMW Group U.S. Reports July 2016 Sales,https://www.press.bmwgroup.com/usa/article/detail/T0262684EN_US/bmw-group-u-s-reports-july-2016-sales,,2016,skip,category 1
2016-07-01,BMW Group U.S. Reports June 2016 Sales,https://www.press.bmwgroup.com/usa/article/detail/T0261625EN_US/bmw-group-u-s-reports-june-2016-sales,,2016,skip,category 1
2016-04-01,BMW Group U.S. Reports March 2016 Sales,https://www.press.bmwgroup.com/usa/article/detail/T0258755EN_US/bmw-group-u-s-reports-march-2016-sales,,2016,skip,category 1
2016-06-01,BMW Group U.S. Reports May 2016 Sales,https://www.press.bmwgroup.com/usa/article/detail/T0260709EN_US/bmw-group-u-s-reports-may-2016-sales,,2016,skip,category 1
2016-12-01,BMW Group U.S. Reports November 2016 Sales,https://www.press.bmwgroup.com/usa/article/detail/T0266401EN_US/bmw-group-u-s-reports-november-2016-sales,,2016,skip,category 1
2016-11-01,BMW Group U.S. Reports October 2016 Sales,https://www.press.bmwgroup.com/usa/article/detail/T0265437EN_US/bmw-group-u-s-reports-october-2016-sales,,2016,skip,category 1
2016-10-03,BMW Group U.S. Reports September 2016 Sales,https://www.press.bmwgroup.com/usa/article/detail/T0264473EN_US/bmw-group-u-s-reports-september-2016-sales,,2016,skip,category 1
2016-04-12,BMW Group achieves best global sales month in March 2016,https://www.press.bmwgroup.com/usa/article/detail/T0259108EN_US/bmw-group-achieves-best-global-sales-month-in-march-2016,,2016,skip,category 1
2015-12-28,BMW Group at the CES 2016 in Las Vegas. BMW presents the principle of the contactless touchscreen with AirTouch.,https://www.press.bmwgroup.com/usa/article/detail/T0248702EN_US/bmw-group-at-the-ces-2016-in-las-vegas-bmw-presents-the-principle-of-the-contactless-touchscreen-with-airtouch,,2016,skip,category 2
2016-03-16,BMW Group set to remain on course in 2016,https://www.press.bmwgroup.com/usa/article/detail/T0258316EN_US/bmw-group-set-to-remain-on-course-in-2016,,2016,skip,category 1
2016-10-27,BMW M Performance Parts Teaser Pictures at 2016 SEMA Show.,https://www.press.bmwgroup.com/usa/article/detail/T0265345EN_US/bmw-m-performance-parts-teaser-pictures-at-2016-sema-show,,2016,skip,category 1
2016-10-28,BMW M Performance Parts and Original BMW Accessories at 2016 SEMA Show in Las Vegas.,https://www.press.bmwgroup.com/usa/article/detail/T0265381EN_US/bmw-m-performance-parts-and-original-bmw-accessories-at-2016-sema-show-in-las-vegas,,2016,skip,category 1
2016-03-15,BMW Motorrad International GS Trophy 2016. Spectacular Southeast Asia!,https://www.press.bmwgroup.com/usa/article/detail/T0258264EN_US/bmw-motorrad-international-gs-trophy-2016-spectacular-southeast-asia,,2016,skip,category 1
2015-09-16,"BMW Motorrad International GS Trophy Female Team selected after international qualifying event in South Africa. Stephanie Bouisson, France, Amy Harburg, Australia and Morag Campbell, South Africa, will form the first ever female team in Thailand in 2016.",https://www.press.bmwgroup.com/usa/article/detail/T0234767EN_US/bmw-motorrad-international-gs-trophy-female-team-selected-after-international-qualifying-event-in-south-africa-stephanie-bouisson-france-amy-harburg-australia-and-morag-campbell-south-africa-will-form-the-first-ever-female-team-in-thailand-in-2016,,2016,skip,category 1
2016-02-29,"BMW Motorrad International GS Trophy Southeast Asia 2016, Day 2.  Thailand reveals its natural splendour to the GS Trophy teams.",https://www.press.bmwgroup.com/usa/article/detail/T0257675EN_US/bmw-motorrad-international-gs-trophy-southeast-asia-2016-day-2-thailand-reveals-its-natural-splendour-to-the-gs-trophy-teams,,2016,skip,category 1
2016-03-01,"BMW Motorrad International GS Trophy Southeast Asia 2016, Day 3.  Memorable mountain motorcycling from Mae Hong Son to Mae Sariang.",https://www.press.bmwgroup.com/usa/article/detail/T0257733EN_US/bmw-motorrad-international-gs-trophy-southeast-asia-2016-day-3-memorable-mountain-motorcycling-from-mae-hong-son-to-mae-sariang,,2016,skip,category 1
2016-03-02,"BMW Motorrad International GS Trophy Southeast Asia 2016, Day 4. Thrilling day for #gstrophy competitors on the 'Salawin Loop'.",https://www.press.bmwgroup.com/usa/article/detail/T0257801EN_US/bmw-motorrad-international-gs-trophy-southeast-asia-2016-day-4-thrilling-day-for-gstrophy-competitors-on-the-salawin-loop,,2016,skip,category 1
2016-03-03,"BMW Motorrad International GS Trophy Southeast Asia 2016, Day 5.  The Trophy turns east…",https://www.press.bmwgroup.com/usa/article/detail/T0257839EN_US/bmw-motorrad-international-gs-trophy-southeast-asia-2016-day-5-the-trophy-turns-east…,,2016,skip,category 1
2016-03-04,"BMW Motorrad International GS Trophy Southeast Asia 2016, Day 6.  Toughest day yet brings the biggest smiles at #gstrophy 2016.",https://www.press.bmwgroup.com/usa/article/detail/T0257884EN_US/bmw-motorrad-international-gs-trophy-southeast-asia-2016-day-6-toughest-day-yet-brings-the-biggest-smiles-at-gstrophy-2016,,2016,skip,category 1
2016-03-05,"BMW Motorrad International GS Trophy Southeast Asia 2016, Day 7.  Team South Africa crowned 2016 GS Trophy champions!",https://www.press.bmwgroup.com/usa/article/detail/T0258025EN_US/bmw-motorrad-international-gs-trophy-southeast-asia-2016-day-7-team-south-africa-crowned-2016-gs-trophy-champions,,2016,skip,category 1
2015-11-20,BMW Motorrad USA Announces Pricing And Product Updates For Model Year 2016,https://www.press.bmwgroup.com/usa/article/detail/T0243966EN_US/bmw-motorrad-usa-announces-pricing-and-product-updates-for-model-year-2016,,2016,skip,category 1
2016-02-09,BMW Motorrad USA Enhances BMW S 1000 RR Rider Support and Contingency Programs for 2016,https://www.press.bmwgroup.com/usa/article/detail/T0254662EN_US/bmw-motorrad-usa-enhances-bmw-s-1000-rr-rider-support-and-contingency-programs-for-2016,,2016,skip,category 1
2016-03-15,BMW Motorrad achieves its best overall result so far in the MOTORRAD magazine readers’ vote “Motorcycle of the Year 2016”. Victory in five categories and a total of nine podium places.,https://www.press.bmwgroup.com/usa/article/detail/T0258240EN_US/bmw-motorrad-achieves-its-best-overall-result-so-far-in-the-motorrad-magazine-readers’-vote-“motorcycle-of-the-year-2016”-victory-in-five-categories-and-a-total-of-nine-podium-places,,2016,skip,category 1
2015-12-04,BMW Motorsport announces details of its 2016 programme – Continuity the key for drivers and teams in the DTM.,https://www.press.bmwgroup.com/usa/article/detail/T0246002EN_US/bmw-motorsport-announces-details-of-its-2016-programme-–-continuity-the-key-for-drivers-and-teams-in-the-dtm,,2016,skip,category 1
2016-01-28,BMW Performance 200 Begins 2016 Continental Tire SportsCar Challenge Championship; BMW M6 GT3 Debuts in North America,https://www.press.bmwgroup.com/usa/article/detail/T0252562EN_US/bmw-performance-200-begins-2016-continental-tire-sportscar-challenge-championship;-bmw-m6-gt3-debuts-in-north-america,,2016,skip,category 1
2015-09-16,BMW Signs On as Official Partner of USA GOLF Federation for Rio 2016 Olympic Games.,https://www.press.bmwgroup.com/usa/article/detail/T0234602EN_US/bmw-signs-on-as-official-partner-of-usa-golf-federation-for-rio-2016-olympic-games,,2016,skip,category 1
2016-01-07,BMW Team RLL to Race with Numbers 25 and 100 in 2016.,https://www.press.bmwgroup.com/usa/article/detail/T0249178EN_US/bmw-team-rll-to-race-with-numbers-25-and-100-in-2016,,2016,skip,category 1
2015-08-17,BMW To Be Honored As Featured Marque of 2016 Rolex Monterey Motorsports Reunion August 18-21,https://www.press.bmwgroup.com/usa/article/detail/T0230545EN_US/bmw-to-be-honored-as-featured-marque-of-2016-rolex-monterey-motorsports-reunion-august-18-21,,2016,skip,category 1
2016-04-05,"BMW To Sponsor Sisters’ Centennial Motorcycle Ride, July 3-23, 2016.",https://www.press.bmwgroup.com/usa/article/detail/T0258809EN_US/bmw-to-sponsor-sisters’-centennial-motorcycle-ride-july-3-23-2016,,2016,skip,category 1
2016-01-21,BMW TwinPower Turbo Technology once again Takes a Spot on 2016 Wards 10 Best Engines List,https://www.press.bmwgroup.com/usa/article/detail/T0251866EN_US/bmw-twinpower-turbo-technology-once-again-takes-a-spot-on-2016-wards-10-best-engines-list,,2016,skip,category 1
2015-10-27,BMW Unveils Roster of U.S. ‘Performance Team’ Athletes for Rio 2016 Olympic and Paralympic Games,https://www.press.bmwgroup.com/usa/article/detail/T0240609EN_US/bmw-unveils-roster-of-u-s-performance-team’-athletes-for-rio-2016-olympic-and-paralympic-games,,2016,skip,category 1
2016-04-27,BMW Unveils Team USA Racing Wheelchair for Rio 2016 Paralympic Games,https://www.press.bmwgroup.com/usa/article/detail/T0259516EN_US/bmw-unveils-team-usa-racing-wheelchair-for-rio-2016-paralympic-games,,2016,skip,category 1
2016-01-05,BMW at the Consumer Electronics Show (CES) 2016 in Las Vegas.,https://www.press.bmwgroup.com/usa/article/detail/T0248970EN_US/bmw-at-the-consumer-electronics-show-ces-2016-in-las-vegas,,2016,skip,category 1
2016-04-25,BMW i3 Takes Two Prizes in AAA 2016 Green Car Awards,https://www.press.bmwgroup.com/usa/article/detail/T0259477EN_US/bmw-i3-takes-two-prizes-in-aaa-2016-green-car-awards,,2016,skip,category 1
2016-10-06,BMW of North America Presents the New BMW Cruise e-Bike as Part of its 2016 Bicycle Collection.,https://www.press.bmwgroup.com/usa/article/detail/T0264578EN_US/bmw-of-north-america-presents-the-new-bmw-cruise-e-bike-as-part-of-its-2016-bicycle-collection,,2016,skip,category 1
2016-05-02,"BMW presents Frieze Sounds, VIP Shuttle Service, and Art + Design Talks at Frieze New York 2016",https://www.press.bmwgroup.com/usa/article/detail/T0259630EN_US/bmw-presents-frieze-sounds-vip-shuttle-service-and-art-design-talks-at-frieze-new-york-2016,,2016,skip,category 1
2016-08-09,BMWUSA Classic To Run Seven Classic Race Cars In Centenary Celebration At The Rolex Monterey Motorsports Reunion 2016.,https://www.press.bmwgroup.com/usa/article/detail/T0262831EN_US/bmwusa-classic-to-run-seven-classic-race-cars-in-centenary-celebration-at-the-rolex-monterey-motorsports-reunion-2016,,2016,skip,category 1
2016-01-04,Dakar is go: 12 MINI ALL4 Racing line up for the start of the 2016 Dakar Rally.,https://www.press.bmwgroup.com/usa/article/detail/T0248969EN_US/dakar-is-go:-12-mini-all4-racing-line-up-for-the-start-of-the-2016-dakar-rally,,2016,skip,category 1
2016-09-12,"Dustin Johnson Wins the 2016 BMW Championship at Crooked Stick Golf Club in Carmel, IN.",https://www.press.bmwgroup.com/usa/article/detail/T0263601EN_US/dustin-johnson-wins-the-2016-bmw-championship-at-crooked-stick-golf-club-in-carmel-in,,2016,skip,category 1
2017-03-09,Global record year 2016: BMW Group remains on course,https://www.press.bmwgroup.com/usa/article/detail/T0268835EN_US/global-record-year-2016:-bmw-group-remains-on-course,,2016,skip,category 1
2016-01-28,MINI JOHN COOPER WORKS TEAM GEARS UP FOR 2016 IMSA CONTINENTAL TIRE SPORTSCAR CHALLENGE SERIES,https://www.press.bmwgroup.com/usa/article/detail/T0252704EN_US/mini-john-cooper-works-team-gears-up-for-2016-imsa-continental-tire-sportscar-challenge-series,,2016,skip,category 1
2016-04-13,MINI LIVING – Do Disturb. MINI presents installation during Salone del Mobile 2016.,https://www.press.bmwgroup.com/usa/article/detail/T0259151EN_US/mini-living-–-do-disturb-mini-presents-installation-during-salone-del-mobile-2016,,2016,skip,category 1
2016-07-27,MINI TAKES THE STATES 2016 RALLYS TO A BITTERSWEET FINISH IN PALM SPRINGS,https://www.press.bmwgroup.com/usa/article/detail/T0262480EN_US/mini-takes-the-states-2016-rallys-to-a-bittersweet-finish-in-palm-springs,,2016,skip,category 1
2015-07-09,MINI USA ANNOUNCES OFFICIAL DATES FOR MINI TAKES THE STATES 2016,https://www.press.bmwgroup.com/usa/article/detail/T0225382EN_US/mini-usa-announces-official-dates-for-mini-takes-the-states-2016,,2016,skip,category 1
2015-12-24,MINI USA ANNOUNCES OFFICIAL ROUTE FOR MINI TAKES THE STATES 2016,https://www.press.bmwgroup.com/usa/article/detail/T0248502EN_US/mini-usa-announces-official-route-for-mini-takes-the-states-2016,,2016,skip,category 1
2016-05-09,MINI USA ANNOUNCES SPONSORS & PARTNERS FOR MINI TAKES THE STATES 2016,https://www.press.bmwgroup.com/usa/article/detail/T0259840EN_US/mini-usa-announces-sponsors-partners-for-mini-takes-the-states-2016,,2016,skip,category 1
2016-03-17,MINI USA OPENS REGISTRATION FOR MINI TAKES THE STATES 2016 AND ANNOUNCES OFFICIAL CHARITY PARTNER,https://www.press.bmwgroup.com/usa/article/detail/T0258339EN_US/mini-usa-opens-registration-for-mini-takes-the-states-2016-and-announces-official-charity-partner,,2016,skip,category 1
2016-09-05,MINI at the London Design Festival 2016. MINI LIVING “Forests” installation by Asif Khan.,https://www.press.bmwgroup.com/usa/article/detail/T0263461EN_US/mini-at-the-london-design-festival-2016-mini-living-“forests”-installation-by-asif-khan,,2016,skip,category 1
2015-12-17,"Media Alert: BMW GROUP TO PRESENT AUTOMOTIVE INNOVATIONS, INCLUDING INTERNET OF THINGS INTEGRATIONS, INTERIOR OF THE FUTURE, BMW CONNECTEDRIDE, AND FUTURE DRIVING EXPERIENCES AT THE LAS VEGAS CONVENTION CENTER SOUTH PLAZA DURING THE 2016 CONSUMER ELECTRONICS SHOW IN LAS VEGAS.",https://www.press.bmwgroup.com/usa/article/detail/T0247815EN_US/media-alert:-bmw-group-to-present-automotive-innovations-including-internet-of-things-integrations-interior-of-the-future-bmw-connectedride-and-future-driving-experiences-at-the-las-vegas-convention-center-south-plaza-during-the-2016-consumer-electronics-show-in-las-vegas,,2016,skip,category 1
2016-10-11,"Press Conference BMW Group: THE NEXT 100 YEARS Harald Krueger Chairman of the Board of Management of BMW AG Santa Monica Air Center, 10 October 2016, 10:00 a.m.",https://www.press.bmwgroup.com/usa/article/detail/T0264798EN_US/press-conference-bmw-group:-the-next-100-years-harald-krueger-chairman-of-the-board-of-management-of-bmw-ag-santa-monica-air-center-10-october-2016-10:00-a-m,,2016,skip,category 5
2016-08-02,"Statement by Dr. Friedrich Eichiner, Member of the Board of Management of BMW AG, Finance, Conference Call Interim Report to 30 June 2016",https://www.press.bmwgroup.com/usa/article/detail/T0262671EN_US/statement-by-dr-friedrich-eichiner-member-of-the-board-of-management-of-bmw-ag-finance-conference-call-interim-report-to-30-june-2016,,2016,skip,category 5
2016-11-04,"Statement by Dr. Friedrich Eichiner, Member of the Board of Management of BMW AG, Finance, Conference Call Interim Report to 30 September 2016",https://www.press.bmwgroup.com/usa/article/detail/T0265652EN_US/statement-by-dr-friedrich-eichiner-member-of-the-board-of-management-of-bmw-ag-finance-conference-call-interim-report-to-30-september-2016,,2016,skip,category 5
2016-08-02,"Statement by Harald Krüger, Chairman of the Board of Management of BMW AG, Conference Call Interim Report to 30 June 2016",https://www.press.bmwgroup.com/usa/article/detail/T0262672EN_US/statement-by-harald-krueger-chairman-of-the-board-of-management-of-bmw-ag-conference-call-interim-report-to-30-june-2016,,2016,skip,category 5
2016-11-04,"Statement by Harald Krüger, Chairman of the Board of Management of BMW AG, Conference Call Interim Report to 30 September 2016",https://www.press.bmwgroup.com/usa/article/detail/T0265651EN_US/statement-by-harald-krueger-chairman-of-the-board-of-management-of-bmw-ag-conference-call-interim-report-to-30-september-2016,,2016,skip,category 5
2016-02-18,Team USA Ready For BMW Motorrad International GS Trophy 2016,https://www.press.bmwgroup.com/usa/article/detail/T0256303EN_US/team-usa-ready-for-bmw-motorrad-international-gs-trophy-2016,,2016,skip,category 1
2016-09-06,The 2016 BMW Championship Kicks Off at the Indianapolis Motor Speedway with Bronze Medalist and PGA TOUR Player Matt Kuchar.,https://www.press.bmwgroup.com/usa/article/detail/T0263374EN_US/the-2016-bmw-championship-kicks-off-at-the-indianapolis-motor-speedway-with-bronze-medalist-and-pga-tour-player-matt-kuchar,,2016,skip,category 1
2015-10-14,The All-New 2016 BMW M2.,https://www.press.bmwgroup.com/usa/article/detail/T0238507EN_US/the-all-new-2016-bmw-m2,,2016,skip,category 2
2016-09-29,The BMW Group at the Mondial de l'Automobile Paris 2016.,https://www.press.bmwgroup.com/usa/article/detail/T0264269EN_US/the-bmw-group-at-the-mondial-de-l-automobile-paris-2016,,2016,skip,category 2
2016-04-29,The BMW Performance Center to contest the 2016 One Lap of America with all new BMW M2.,https://www.press.bmwgroup.com/usa/article/detail/T0259616EN_US/the-bmw-performance-center-to-contest-the-2016-one-lap-of-america-with-all-new-bmw-m2,,2016,skip,category 1
2016-04-14,"The new 2016 BMW M4 GTS International Press Launch, Barcelona, Spain.",https://www.press.bmwgroup.com/usa/article/detail/T0259163EN_US/the-new-2016-bmw-m4-gts-international-press-launch-barcelona-spain,,2016,skip,category 2
2015-10-07,The new 2016 BMW M4 GTS an exclusive high-performance special edition M4 available for the first time in the US.,https://www.press.bmwgroup.com/usa/article/detail/T0237582EN_US/the-new-2016-bmw-m4-gts-an-exclusive-high-performance-special-edition-m4-available-for-the-first-time-in-the-us,,2016,skip,category 2
2016-06-07,Turner Motorsport was the sole BMW privateer team racing in Round Four of the 2016 IMSA WeatherTech SportsCar Championship,https://www.press.bmwgroup.com/usa/article/detail/T0260949EN_US/turner-motorsport-was-the-sole-bmw-privateer-team-racing-in-round-four-of-the-2016-imsa-weathertech-sportscar-championship,,2016,skip,category 1
2016-02-12,Welcome to the BMW Motorrad International GS Trophy Southeast Asia 2016. Adventure and competition in Northern Thailand.,https://www.press.bmwgroup.com/usa/article/detail/T0255362EN_US/welcome-to-the-bmw-motorrad-international-gs-trophy-southeast-asia-2016-adventure-and-competition-in-northern-thailand,,2016,skip,category 1
2016-12-01,World premiere of BMW Art Car by John Baldessari at Art Basel in Miami Beach 2016. Art Car will race at Rolex 24 at DAYTONA.,https://www.press.bmwgroup.com/usa/article/detail/T0266365EN_US/world-premiere-of-bmw-art-car-by-john-baldessari-at-art-basel-in-miami-beach-2016-art-car-will-race-at-rolex-24-at-daytona,,2016,skip,category 1
2017-12-21,2017 BMW Championship raises $2.6 million for Evans Scholars Foundation,https://www.press.bmwgroup.com/usa/article/detail/T0277441EN_US/2017-bmw-championship-raises-2-6-million-for-evans-scholars-foundation,,2017,skip,category 1
2016-12-08,2017 BMW X1 and 2017 BMW 2 Series Earn IIHS “Top Safety Pick”.,https://www.press.bmwgroup.com/usa/article/detail/T0266520EN_US/2017-bmw-x1-and-2017-bmw-2-series-earn-iihs-“top-safety-pick”,,2017,skip,category 1
2017-01-13,"2017 Dakar Rally - Stage 10: Chilecito – San Juan, 751 km",https://www.press.bmwgroup.com/usa/article/detail/T0267227EN_US/2017-dakar-rally-stage-10:-chilecito-–-san-juan-751-km,,2017,skip,category 1
2017-01-14,"2017 Dakar Rally - Stage 11: San Juan – Rio Cuarto, 759 km",https://www.press.bmwgroup.com/usa/article/detail/T0267246EN_US/2017-dakar-rally-stage-11:-san-juan-–-rio-cuarto-759-km,,2017,skip,category 1
2017-01-09,"2017 Dakar Rally - Stage 5: Tupiza - Oruro, shortened from 692 km to 219km",https://www.press.bmwgroup.com/usa/article/detail/T0267086EN_US/2017-dakar-rally-stage-5:-tupiza-oruro-shortened-from-692-km-to-219km,,2017,skip,category 1
2017-01-09,"2017 Dakar Rally - Stage 7: La Paz - Uyuni, 622 km",https://www.press.bmwgroup.com/usa/article/detail/T0267108EN_US/2017-dakar-rally-stage-7:-la-paz-uyuni-622-km,,2017,skip,category 1
2017-01-11,2017 Dakar Rally - Stage 8: Uyuni – Salta,https://www.press.bmwgroup.com/usa/article/detail/T0267172EN_US/2017-dakar-rally-stage-8:-uyuni-–-salta,,2017,skip,category 1
2017-01-04,2017 Dakar Rally gets under way with 454 km Stage 1: Asunción - Resistencia,https://www.press.bmwgroup.com/usa/article/detail/T0266976EN_US/2017-dakar-rally-gets-under-way-with-454-km-stage-1:-asunción-resistencia,,2017,skip,category 1
2017-01-14,"2017 Dakar Rally – Leading MINI John Cooper Works rally car completes final stage (Stage 12): Rio Cuarto – Buenos Aires, 786 km in 6th overall",https://www.press.bmwgroup.com/usa/article/detail/T0267247EN_US/2017-dakar-rally-–-leading-mini-john-cooper-works-rally-car-completes-final-stage-stage-12-:-rio-cuarto-–-buenos-aires-786-km-in-6th-overall,,2017,skip,category 1
2017-01-04,"2017 Dakar Rally – Stage 2: Resistencia - San Miguel de Tucumán, 803 km",https://www.press.bmwgroup.com/usa/article/detail/T0266978EN_US/2017-dakar-rally-–-stage-2:-resistencia-san-miguel-de-tucumán-803-km,,2017,skip,category 1
2017-01-04,"2017 Dakar Rally – Stage 3: San Miguel de Tucumán – San Salvador de Jujuy, 780 km",https://www.press.bmwgroup.com/usa/article/detail/T0267024EN_US/2017-dakar-rally-–-stage-3:-san-miguel-de-tucumán-–-san-salvador-de-jujuy-780-km,,2017,skip,category 1
2017-01-06,"2017 Dakar Rally – Stage 4: San Salvador de Jujuy - Tupiza, 521 km",https://www.press.bmwgroup.com/usa/article/detail/T0267039EN_US/2017-dakar-rally-–-stage-4:-san-salvador-de-jujuy-tupiza-521-km,,2017,skip,category 1
2018-04-13,"2017 ECKART donation: BMW Group supports “ÉPICES” organisation. Cooking as a means of cross-generational integration, Dr. Peter: “At the BMW Group, we encourage innovation.”",https://www.press.bmwgroup.com/usa/article/detail/T0280149EN_US/2017-eckart-donation:-bmw-group-supports-“épices”-organisation-cooking-as-a-means-of-cross-generational-integration-dr-peter:-“at-the-bmw-group-we-encourage-innovation-”,,2017,skip,category 1
2017-01-13,BMW 6-cylinder inline M Performance TwinPower Turbo Technology Engine Takes a Spot on the 2017 Wards 10 Best Engines List,https://www.press.bmwgroup.com/usa/article/detail/T0267244EN_US/bmw-6-cylinder-inline-m-performance-twinpower-turbo-technology-engine-takes-a-spot-on-the-2017-wards-10-best-engines-list,,2017,skip,category 1
2018-03-21,BMW Group Annual Report 2017,https://www.press.bmwgroup.com/usa/article/detail/T0279432EN_US/bmw-group-annual-report-2017,,2017,skip,category 1
2017-08-03,BMW Group Quarterly Report to 30 June 2017,https://www.press.bmwgroup.com/usa/article/detail/T0273445EN_US/bmw-group-quarterly-report-to-30-june-2017,,2017,skip,category 1
2017-11-07,BMW Group Quarterly Report to 30 September 2017,https://www.press.bmwgroup.com/usa/article/detail/T0275927EN_US/bmw-group-quarterly-report-to-30-september-2017,,2017,skip,category 1
2017-05-04,BMW Group Quarterly Report to 31 March 2017,https://www.press.bmwgroup.com/usa/article/detail/T0270408EN_US/bmw-group-quarterly-report-to-31-march-2017,,2017,skip,category 1
2017-05-02,BMW Group U.S. Reports April 2017 Sales,https://www.press.bmwgroup.com/usa/article/detail/T0270275EN_US/bmw-group-u-s-reports-april-2017-sales,,2017,skip,category 1
2017-09-01,BMW Group U.S. Reports August 2017 Sales,https://www.press.bmwgroup.com/usa/article/detail/T0274086EN_US/bmw-group-u-s-reports-august-2017-sales,,2017,skip,category 1
2018-01-03,BMW Group U.S. Reports December 2017 and Year-End Sales.,https://www.press.bmwgroup.com/usa/article/detail/T0277617EN_US/bmw-group-u-s-reports-december-2017-and-year-end-sales,,2017,skip,category 1
2017-03-01,BMW Group U.S. Reports February 2017 Sales,https://www.press.bmwgroup.com/usa/article/detail/T0268244EN_US/bmw-group-u-s-reports-february-2017-sales,,2017,skip,category 1
2017-02-01,BMW Group U.S. Reports January 2017 Sales,https://www.press.bmwgroup.com/usa/article/detail/T0267697EN_US/bmw-group-u-s-reports-january-2017-sales,,2017,skip,category 1
2017-08-01,BMW Group U.S. Reports July 2017 Sales,https://www.press.bmwgroup.com/usa/article/detail/T0273372EN_US/bmw-group-u-s-reports-july-2017-sales,,2017,skip,category 1
2017-07-03,BMW Group U.S. Reports June 2017 Sales,https://www.press.bmwgroup.com/usa/article/detail/T0272341EN_US/bmw-group-u-s-reports-june-2017-sales,,2017,skip,category 1
2017-04-03,BMW Group U.S. Reports March 2017 Sales,https://www.press.bmwgroup.com/usa/article/detail/T0269514EN_US/bmw-group-u-s-reports-march-2017-sales,,2017,skip,category 1
2017-06-01,BMW Group U.S. Reports May 2017 Sales,https://www.press.bmwgroup.com/usa/article/detail/T0271476EN_US/bmw-group-u-s-reports-may-2017-sales,,2017,skip,category 1
2017-12-01,BMW Group U.S. Reports November 2017 Sales,https://www.press.bmwgroup.com/usa/article/detail/T0276727EN_US/bmw-group-u-s-reports-november-2017-sales,,2017,skip,category 1
2017-11-02,BMW Group U.S. Reports October 2017 Sales,https://www.press.bmwgroup.com/usa/article/detail/T0275768EN_US/bmw-group-u-s-reports-october-2017-sales,,2017,skip,category 1
2017-10-03,BMW Group U.S. Reports September 2017 Sales,https://www.press.bmwgroup.com/usa/article/detail/T0274898EN_US/bmw-group-u-s-reports-september-2017-sales,,2017,skip,category 1
2017-01-04,"BMW Group, Intel and Mobileye will have autonomous test vehicles on the roads by the second half of 2017",https://www.press.bmwgroup.com/usa/article/detail/T0266995EN_US/bmw-group-intel-and-mobileye-will-have-autonomous-test-vehicles-on-the-roads-by-the-second-half-of-2017,,2017,skip,category 1
2017-10-24,BMW HP4 Race Named Best Superbike Among Cycle World’s Ten Best Bikes For 2017,https://www.press.bmwgroup.com/usa/article/detail/T0275425EN_US/bmw-hp4-race-named-best-superbike-among-cycle-world’s-ten-best-bikes-for-2017,,2017,skip,category 1
2017-10-31,BMW M Performance Parts and Original BMW Accessories at 2017 SEMA Show in Las Vegas.,https://www.press.bmwgroup.com/usa/article/detail/T0275668EN_US/bmw-m-performance-parts-and-original-bmw-accessories-at-2017-sema-show-in-las-vegas,,2017,skip,category 1
2017-05-01,BMW M235i Racing Drivers Open 2017 Pirelli World Challenge Touring Car Championship with 2 Podium Finishes in Rounds 1 and a Victory in Round 2.,https://www.press.bmwgroup.com/usa/article/detail/T0270234EN_US/bmw-m235i-racing-drivers-open-2017-pirelli-world-challenge-touring-car-championship-with-2-podium-finishes-in-rounds-1-and-a-victory-in-round-2,,2017,skip,category 1
2017-05-09,BMW Motorcycle Dealers Ranked First In 2017 Pied Piper Prospect Satisfaction Index®,https://www.press.bmwgroup.com/usa/article/detail/T0270566EN_US/bmw-motorcycle-dealers-ranked-first-in-2017-pied-piper-prospect-satisfaction-index®,,2017,skip,category 1
2017-02-06,BMW Motorrad USA Announces BMW S 1000 RR Racer Support and Contingency Programs for 2017,https://www.press.bmwgroup.com/usa/article/detail/T0267774EN_US/bmw-motorrad-usa-announces-bmw-s-1000-rr-racer-support-and-contingency-programs-for-2017,,2017,skip,category 1
2016-11-18,BMW Motorrad USA Announces Model Year 2017 Pricing/Equipment Updates,https://www.press.bmwgroup.com/usa/article/detail/T0266144EN_US/bmw-motorrad-usa-announces-model-year-2017-pricing/equipment-updates,,2017,skip,category 1
2017-02-10,BMW Motorrad USA Announces Pricing And Equipment Updates For Select 2017 Models,https://www.press.bmwgroup.com/usa/article/detail/T0267887EN_US/bmw-motorrad-usa-announces-pricing-and-equipment-updates-for-select-2017-models,,2017,skip,category 1
2017-05-16,BMW Motorrad USA Announces Pricing and Product Updates For Select 2017 and 2018 Models,https://www.press.bmwgroup.com/usa/article/detail/T0270926EN_US/bmw-motorrad-usa-announces-pricing-and-product-updates-for-select-2017-and-2018-models,,2017,skip,category 1
2016-10-04,"BMW Motorrad USA Announces Product Highlights, Pricing For 2017 R NineT Scrambler",https://www.press.bmwgroup.com/usa/article/detail/T0263343EN_US/bmw-motorrad-usa-announces-product-highlights-pricing-for-2017-r-ninet-scrambler,,2017,skip,category 1
2018-01-10,BMW Motorrad USA Outperforms Industry In 2017,https://www.press.bmwgroup.com/usa/article/detail/T0277836EN_US/bmw-motorrad-usa-outperforms-industry-in-2017,,2017,skip,category 1
2017-02-02,BMW Motorrad USA Posts January 2017 Sales,https://www.press.bmwgroup.com/usa/article/detail/T0267725EN_US/bmw-motorrad-usa-posts-january-2017-sales,,2017,skip,category 1
2017-04-03,BMW Team RLL - 2017 Bubba Burger Sports Car Grand Prix At Long Beach Preview.,https://www.press.bmwgroup.com/usa/article/detail/T0269517EN_US/bmw-team-rll-2017-bubba-burger-sports-car-grand-prix-at-long-beach-preview,,2017,skip,category 1
2017-04-08,BMW Team RLL - 2017 Long Beach Qualifying Report;,https://www.press.bmwgroup.com/usa/article/detail/T0269679EN_US/bmw-team-rll-2017-long-beach-qualifying-report;,,2017,skip,category 1
2017-01-23,BMW Team RLL kicks off 2017 season in Daytona – The 19th BMW Art Car will feature in the 55th Rolex 24.,https://www.press.bmwgroup.com/usa/article/detail/T0267488EN_US/bmw-team-rll-kicks-off-2017-season-in-daytona-–-the-19th-bmw-art-car-will-feature-in-the-55th-rolex-24,,2017,skip,category 1
2017-10-17,BMW Wins 2017 Pirelli World Challenge Touring Car Manufacturer’s Championship With a Season of Record BMW M235i Racing Entries; Greg Liefooghe Finishes Second in TC Driver’s Championship.,https://www.press.bmwgroup.com/usa/article/detail/T0275162EN_US/bmw-wins-2017-pirelli-world-challenge-touring-car-manufacturer’s-championship-with-a-season-of-record-bmw-m235i-racing-entries;-greg-liefooghe-finishes-second-in-tc-driver’s-championship,,2017,skip,category 1
2017-01-04,BMW at the Consumer Electronics Show (CES) 2017 in Las Vegas.,https://www.press.bmwgroup.com/usa/article/detail/T0267025EN_US/bmw-at-the-consumer-electronics-show-ces-2017-in-las-vegas,,2017,skip,category 2
2017-04-11,Coachella 2017: BMW i debuts as an exclusive partner of the acclaimed music festival.,https://www.press.bmwgroup.com/usa/article/detail/T0269726EN_US/coachella-2017:-bmw-i-debuts-as-an-exclusive-partner-of-the-acclaimed-music-festival,,2017,skip,category 1
2017-12-18,"Delivered as promised: BMW Group meets pledge to deliver 100,000 electrified vehicles in 2017",https://www.press.bmwgroup.com/usa/article/detail/T0277284EN_US/delivered-as-promised:-bmw-group-meets-pledge-to-deliver-100-000-electrified-vehicles-in-2017,,2017,skip,category 1
2017-09-15,"Jason Day Hole-in-One at the 2017 BMW Championship Results in BMW’s Donation of Full, Four-Year $100,000 BMW Evans Scholarship in Day’s Name.",https://www.press.bmwgroup.com/usa/article/detail/T0274603EN_US/jason-day-hole-in-one-at-the-2017-bmw-championship-results-in-bmw’s-donation-of-full-four-year-100-000-bmw-evans-scholarship-in-day’s-name,,2017,skip,category 1
2017-01-04,MINI Family ready and waiting for the start of the 2017 Dakar Rally,https://www.press.bmwgroup.com/usa/article/detail/T0266975EN_US/mini-family-ready-and-waiting-for-the-start-of-the-2017-dakar-rally,,2017,skip,category 1
2016-11-09,MINI announces race crews to participate at 2017 Dakar Rally.,https://www.press.bmwgroup.com/usa/article/detail/T0265858EN_US/mini-announces-race-crews-to-participate-at-2017-dakar-rally,,2017,skip,category 1
2017-08-29,MINI at the 2017 Frankfurt Motor Show.,https://www.press.bmwgroup.com/usa/article/detail/T0273949EN_US/mini-at-the-2017-frankfurt-motor-show,,2017,skip,category 1
2017-09-18,"Marc Leishman Wins the 2017 BMW Championship at Conway Farms Golf Club in Lake Forest, IL.",https://www.press.bmwgroup.com/usa/article/detail/T0274584EN_US/marc-leishman-wins-the-2017-bmw-championship-at-conway-farms-golf-club-in-lake-forest-il,,2017,skip,category 1
2017-07-31,"Media Alert: BMW To Unveil World Premiere Concept Car at the Monterey Car Week 2017 Press Conference on Thursday, August 17th at The Lodge at Pebble Beach.¶",https://www.press.bmwgroup.com/usa/article/detail/T0273352EN_US/media-alert:-bmw-to-unveil-world-premiere-concept-car-at-the-monterey-car-week-2017-press-conference-on-thursday-august-17th-at-the-lodge-at-pebble-beach-¶,,2017,skip,category 1
2016-06-15,Model Year 2017 MINI Lineup Pricing and Equipment Updates,https://www.press.bmwgroup.com/usa/article/detail/T0261253EN_US/model-year-2017-mini-lineup-pricing-and-equipment-updates,,2017,skip,category 1
2017-08-21,Photo Gallery: World Premiere of the BMW Concept Z4 Roadster and North American premiere of the BMW Concept 8 Series during the 2017 Monterey Car Week.,https://www.press.bmwgroup.com/usa/article/detail/T0273792EN_US/photo-gallery:-world-premiere-of-the-bmw-concept-z4-roadster-and-north-american-premiere-of-the-bmw-concept-8-series-during-the-2017-monterey-car-week,,2017,skip,category 1
2017-01-03,SATELLITE and IFRAME Details Consumer Electronics Show Las Vegas 2017.,https://www.press.bmwgroup.com/usa/article/detail/T0266948EN_US/satellite-and-iframe-details-consumer-electronics-show-las-vegas-2017,,2017,skip,category 1
2017-05-04,Solid start to 2017 for BMW Group,https://www.press.bmwgroup.com/usa/article/detail/T0270406EN_US/solid-start-to-2017-for-bmw-group,,2017,skip,category 1
2017-08-03,"Statement Dr. Nicolas Peter, Member of the Board of Management of BMW AG, Finance, Conference Call Interim Report to 30 June 2017",https://www.press.bmwgroup.com/usa/article/detail/T0273446EN_US/statement-dr-nicolas-peter-member-of-the-board-of-management-of-bmw-ag-finance-conference-call-interim-report-to-30-june-2017,,2017,skip,category 5
2017-11-07,"Statement Dr. Nicolas Peter, Member of the Board of Management of BMW AG, Finance, Conference Call Interim Report to 30 September 2017",https://www.press.bmwgroup.com/usa/article/detail/T0275928EN_US/statement-dr-nicolas-peter-member-of-the-board-of-management-of-bmw-ag-finance-conference-call-interim-report-to-30-september-2017,,2017,skip,category 5
2017-08-03,"Statement Harald Krüger, Chairman of the Board of Management of BMW AG, Conference Call Interim Report to 30 June 2017",https://www.press.bmwgroup.com/usa/article/detail/T0273447EN_US/statement-harald-krueger-chairman-of-the-board-of-management-of-bmw-ag-conference-call-interim-report-to-30-june-2017,,2017,skip,category 5
2017-11-07,"Statement Harald Krüger, Chairman of the Board of Management of BMW AG, Conference Call Interim Report to 30 September 2017",https://www.press.bmwgroup.com/usa/article/detail/T0275930EN_US/statement-harald-krueger-chairman-of-the-board-of-management-of-bmw-ag-conference-call-interim-report-to-30-september-2017,,2017,skip,category 5
2017-03-21,"Statement and Presentation by Harald Krüger, Chairman of the Board of Management of BMW AG, Annual Accounts Press Conference 2017",https://www.press.bmwgroup.com/usa/article/detail/T0268921EN_US/statement-and-presentation-by-harald-krueger-chairman-of-the-board-of-management-of-bmw-ag-annual-accounts-press-conference-2017,,2017,skip,category 1
2017-05-04,"Statement by Dr. Nicolas Peter, Member of the Board of Management of BMW AG, Finance, Conference Call Interim Report to 31 March 2017",https://www.press.bmwgroup.com/usa/article/detail/T0270410EN_US/statement-by-dr-nicolas-peter-member-of-the-board-of-management-of-bmw-ag-finance-conference-call-interim-report-to-31-march-2017,,2017,skip,category 5
2017-05-04,"Statement by Harald Krüger, Chairman of the Board of Management of BMW AG, Conference Call Interim Report to 31 March 2017",https://www.press.bmwgroup.com/usa/article/detail/T0270411EN_US/statement-by-harald-krueger-chairman-of-the-board-of-management-of-bmw-ag-conference-call-interim-report-to-31-march-2017,,2017,skip,category 5
2017-11-21,Studio Drift partners with BMW for the world premiere of their sculpture “FRANCHISE FREEDOM” made of 300 drones flying as a flock above. Max Hooper Schneider presents his BMW Art Journey at the Collectors Lounge. BMW as official partner of Art Basel in Miami Beach 2017.,https://www.press.bmwgroup.com/usa/article/detail/T0276370EN_US/studio-drift-partners-with-bmw-for-the-world-premiere-of-their-sculpture-“franchise-freedom”-made-of-300-drones-flying-as-a-flock-above-max-hooper-schneider-presents-his-bmw-art-journey-at-the-collectors-lounge-bmw-as-official-partner-of-art-basel-in-miami-beach-2017,,2017,skip,category 1
2017-09-14,"The 2017 BMW Championship kicked off at Conway Farms Golf Club in Lake Forest, IL on Wednesday, September 13 with PGA TOUR Player and 2012 BMW Championship Winner Rory McIlroy making a special delivery of the BMW Championship and FedEx Cup trophies.",https://www.press.bmwgroup.com/usa/article/detail/T0274546EN_US/the-2017-bmw-championship-kicked-off-at-conway-farms-golf-club-in-lake-forest-il-on-wednesday-september-13-with-pga-tour-player-and-2012-bmw-championship-winner-rory-mcilroy-making-a-special-delivery-of-the-bmw-championship-and-fedex-cup-trophies,,2017,skip,category 1
2016-12-15,The BMW Group at CES 2017 in Las Vegas. BMW HoloActive Touch: An innovative operating concept for the interior of the future.,https://www.press.bmwgroup.com/usa/article/detail/T0266685EN_US/the-bmw-group-at-ces-2017-in-las-vegas-bmw-holoactive-touch:-an-innovative-operating-concept-for-the-interior-of-the-future,,2017,skip,category 1
2017-03-11,The BMW M2 wins AUTOMOBILE Magazine’s 2017 All-Stars Award at Amelia Island Concours d ‘Elegance.,https://www.press.bmwgroup.com/usa/article/detail/T0268562EN_US/the-bmw-m2-wins-automobile-magazine’s-2017-all-stars-award-at-amelia-island-concours-d-elegance,,2017,skip,category 1
2016-12-06,The BMW X1 wins Car and Driver’s 2017 10Best Truck and SUVs in the Subcompact Luxury SUV category. The BMW M2 and the BMW M240i win 10Best in the compact-sport sedan genre.,https://www.press.bmwgroup.com/usa/article/detail/T0266477EN_US/the-bmw-x1-wins-car-and-driver’s-2017-10best-truck-and-suvs-in-the-subcompact-luxury-suv-category-the-bmw-m2-and-the-bmw-m240i-win-10best-in-the-compact-sport-sedan-genre,,2017,skip,category 1
2017-09-06,The MINI John Cooper Works GP Concept: Racing without compromise. MINI presents design study at the IAA Cars 2017.,https://www.press.bmwgroup.com/usa/article/detail/T0274083EN_US/the-mini-john-cooper-works-gp-concept:-racing-without-compromise-mini-presents-design-study-at-the-iaa-cars-2017,,2017,skip,category 1
2016-05-17,The new 2017 BMW 2 Series now featuring the latest generation of BMW TwinPower Turbo engines.,https://www.press.bmwgroup.com/usa/article/detail/T0260117EN_US/the-new-2017-bmw-2-series-now-featuring-the-latest-generation-of-bmw-twinpower-turbo-engines,,2017,skip,category 1
2016-05-02,The new 2017 BMW i3 (94 Ah): More range paired to high-level dynamic performance,https://www.press.bmwgroup.com/usa/article/detail/T0259560EN_US/the-new-2017-bmw-i3-94-ah-:-more-range-paired-to-high-level-dynamic-performance,,2017,skip,category 1
2017-04-12,The new BMW i3 (94 Ah) Wins 2017 World Urban Car Award.,https://www.press.bmwgroup.com/usa/article/detail/T0269786EN_US/the-new-bmw-i3-94-ah-wins-2017-world-urban-car-award,,2017,skip,category 1
2017-10-05,2018 BMW HP4 Race Makes Its U.S. Debut At 13th Annual Barber Vintage Festival,https://www.press.bmwgroup.com/usa/article/detail/T0274933EN_US/2018-bmw-hp4-race-makes-its-u-s-debut-at-13th-annual-barber-vintage-festival,,2018,skip,category 1
2018-05-23,"An Exit, An Entry, And A New 2018 BMW G 310 R  Illinois Resident Wins BMW Motorrad’s National IMS Sweepstakes",https://www.press.bmwgroup.com/usa/article/detail/T0281371EN_US/an-exit-an-entry-and-a-new-2018-bmw-g-310-r-illinois-resident-wins-bmw-motorrad’s-national-ims-sweepstakes,,2018,skip,category 1
2015-03-05,BMW ANNOUNCES ARONIMINK GOLF CLUB TO HOST 2018 BMW CHAMPIONSHIP.,https://www.press.bmwgroup.com/usa/article/detail/T0207002EN_US/bmw-announces-aronimink-golf-club-to-host-2018-bmw-championship,,2018,skip,category 1
2017-05-11,BMW Announces the new 2018 BMW 2 Series Coupe and Convertible.,https://www.press.bmwgroup.com/usa/article/detail/T0270731EN_US/bmw-announces-the-new-2018-bmw-2-series-coupe-and-convertible,,2018,skip,category 1
2017-01-24,BMW Announces the new 2018 BMW 4 Series.,https://www.press.bmwgroup.com/usa/article/detail/T0267513EN_US/bmw-announces-the-new-2018-bmw-4-series,,2018,skip,category 1
2018-01-22,BMW Endurance Challenge At Daytona Begins 2018 IMSA Continental Tire SportsCar Challenge; BMW M4 GT4 Debuts in North America.,https://www.press.bmwgroup.com/usa/article/detail/T0278187EN_US/bmw-endurance-challenge-at-daytona-begins-2018-imsa-continental-tire-sportscar-challenge;-bmw-m4-gt4-debuts-in-north-america,,2018,skip,category 1
2019-03-20,BMW Group Annual Report 2018,https://www.press.bmwgroup.com/usa/article/detail/T0293406EN_US/bmw-group-annual-report-2018,,2018,skip,category 1
2018-12-04,"BMW Group Statement Following White House Meeting, December 4, 2018.",https://www.press.bmwgroup.com/usa/article/detail/T0288043EN_US/bmw-group-statement-following-white-house-meeting-december-4-2018,,2018,skip,category 1
2018-05-01,BMW Group U.S. Reports April 2018 Sales.,https://www.press.bmwgroup.com/usa/article/detail/T0280644EN_US/bmw-group-u-s-reports-april-2018-sales,,2018,skip,category 1
2018-09-04,BMW Group U.S. Reports August 2018 Sales.,https://www.press.bmwgroup.com/usa/article/detail/T0284604EN_US/bmw-group-u-s-reports-august-2018-sales,,2018,skip,category 1
2018-03-01,BMW Group U.S. Reports February 2018 Sales.,https://www.press.bmwgroup.com/usa/article/detail/T0278883EN_US/bmw-group-u-s-reports-february-2018-sales,,2018,skip,category 1
2018-02-01,BMW Group U.S. Reports January 2018 Sales.,https://www.press.bmwgroup.com/usa/article/detail/T0278357EN_US/bmw-group-u-s-reports-january-2018-sales,,2018,skip,category 1
2018-08-01,BMW Group U.S. Reports July 2018 Sales.,https://www.press.bmwgroup.com/usa/article/detail/T0283698EN_US/bmw-group-u-s-reports-july-2018-sales,,2018,skip,category 1
2018-07-03,BMW Group U.S. Reports June 2018 Sales.,https://www.press.bmwgroup.com/usa/article/detail/T0282748EN_US/bmw-group-u-s-reports-june-2018-sales,,2018,skip,category 1
2018-04-03,BMW Group U.S. Reports March 2018 Sales.,https://www.press.bmwgroup.com/usa/article/detail/T0279810EN_US/bmw-group-u-s-reports-march-2018-sales,,2018,skip,category 1
2018-06-01,BMW Group U.S. Reports May 2018 Sales.,https://www.press.bmwgroup.com/usa/article/detail/T0281646EN_US/bmw-group-u-s-reports-may-2018-sales,,2018,skip,category 1
2019-01-10,"BMW Group delivers over 140,000 electrified vehicles in 2018",https://www.press.bmwgroup.com/usa/article/detail/T0289909EN_US/bmw-group-delivers-over-140-000-electrified-vehicles-in-2018,,2018,skip,category 1
2018-10-12,BMW Group grows global sales in first three quarters of 2018,https://www.press.bmwgroup.com/usa/article/detail/T0285887EN_US/bmw-group-grows-global-sales-in-first-three-quarters-of-2018,,2018,skip,category 1
2019-01-11,BMW Group remains world’s leading premium automotive company in 2018,https://www.press.bmwgroup.com/usa/article/detail/T0289907EN_US/bmw-group-remains-world’s-leading-premium-automotive-company-in-2018,,2018,skip,category 1
2017-11-17,BMW Motorrad Rider Equipment – 2018 Collection,https://www.press.bmwgroup.com/usa/article/detail/T0276937EN_US/bmw-motorrad-rider-equipment-–-2018-collection,,2018,skip,category 1
2018-01-10,BMW Motorrad USA Announces 2018 Race Contingency Program,https://www.press.bmwgroup.com/usa/article/detail/T0277834EN_US/bmw-motorrad-usa-announces-2018-race-contingency-program,,2018,skip,category 1
2018-05-11,BMW Motorrad USA Announces Availability Of Black Edition Aluminum Cases For 2018 R 1200 GS And R 1200 GS Adventure Models,https://www.press.bmwgroup.com/usa/article/detail/T0280996EN_US/bmw-motorrad-usa-announces-availability-of-black-edition-aluminum-cases-for-2018-r-1200-gs-and-r-1200-gs-adventure-models,,2018,skip,category 1
2018-08-14,"BMW Motorrad USA Announces Nate Kern Double R Fest 2018 Coming To VIRginia International Raceway, September 15-16",https://www.press.bmwgroup.com/usa/article/detail/T0284054EN_US/bmw-motorrad-usa-announces-nate-kern-double-r-fest-2018-coming-to-virginia-international-raceway-september-15-16,,2018,skip,category 1
2017-07-31,BMW Motorrad USA Announces Pricing and Product Details for the All-New HP4 Race and C evolution; Option Updates For Select 2018 Models,https://www.press.bmwgroup.com/usa/article/detail/T0273264EN_US/bmw-motorrad-usa-announces-pricing-and-product-details-for-the-all-new-hp4-race-and-c-evolution;-option-updates-for-select-2018-models,,2018,skip,category 1
2017-05-02,BMW Motorrad USA Announces Pricing for 2018 R nineT Urban G/S,https://www.press.bmwgroup.com/usa/article/detail/T0270280EN_US/bmw-motorrad-usa-announces-pricing-for-2018-r-ninet-urban-g/s,,2018,skip,category 1
2018-02-23,BMW Motorsport Names Colton Herta to 2018 BMW Junior Program and Test and Reserve Role for BMW Team RLL; M8 GTE Receives Balance of Performance Adjustment for IMSA Sebring Test.,https://www.press.bmwgroup.com/usa/article/detail/T0278776EN_US/bmw-motorsport-names-colton-herta-to-2018-bmw-junior-program-and-test-and-reserve-role-for-bmw-team-rll;-m8-gte-receives-balance-of-performance-adjustment-for-imsa-sebring-test,,2018,skip,category 1
2019-01-03,BMW Reports December 2018 and Year-End U.S. Sales.,https://www.press.bmwgroup.com/usa/article/detail/T0289351EN_US/bmw-reports-december-2018-and-year-end-u-s-sales,,2018,skip,category 1
2018-12-03,BMW Reports November 2018 U.S. Sales.,https://www.press.bmwgroup.com/usa/article/detail/T0287906EN_US/bmw-reports-november-2018-u-s-sales,,2018,skip,category 1
2018-11-01,BMW Reports October 2018 U.S. Sales.,https://www.press.bmwgroup.com/usa/article/detail/T0286496EN_US/bmw-reports-october-2018-u-s-sales,,2018,skip,category 1
2018-10-02,BMW Reports September 2018 U.S. Sales.,https://www.press.bmwgroup.com/usa/article/detail/T0285610EN_US/bmw-reports-september-2018-u-s-sales,,2018,skip,category 1
2017-11-07,BMW Team RLL Prepares for 2018 IMSA Season; RLL Technicians in Munich to Assist With Build of First US-Bound BMW M8 GTE.,https://www.press.bmwgroup.com/usa/article/detail/T0275935EN_US/bmw-team-rll-prepares-for-2018-imsa-season;-rll-technicians-in-munich-to-assist-with-build-of-first-us-bound-bmw-m8-gte,,2018,skip,category 1
2018-08-21,BMW at Monterey Car Week 2018,https://www.press.bmwgroup.com/usa/article/detail/T0284159EN_US/bmw-at-monterey-car-week-2018,,2018,skip,category 1
2018-01-08,BMW at the Consumer Electronics Show (CES) 2018 in Las Vegas.,https://www.press.bmwgroup.com/usa/article/detail/T0277682EN_US/bmw-at-the-consumer-electronics-show-ces-2018-in-las-vegas,,2018,skip,category 1
2018-04-11,BMW i official partner of Coachella Valley Music and Arts Festival 2018,https://www.press.bmwgroup.com/usa/article/detail/T0280061EN_US/bmw-i-official-partner-of-coachella-valley-music-and-arts-festival-2018,,2018,skip,category 1
2018-06-15,ECKART 2018 award ceremony in New York,https://www.press.bmwgroup.com/usa/article/detail/T0282196EN_US/eckart-2018-award-ceremony-in-new-york,,2018,skip,category 1
2018-05-07,ECKART 2018 for Creative Responsibility goes to New York’s Union Square Greenmarket,https://www.press.bmwgroup.com/usa/article/detail/T0280838EN_US/eckart-2018-for-creative-responsibility-goes-to-new-york’s-union-square-greenmarket,,2018,skip,category 1
2018-05-24,ECKART 2018 for Innovation goes to Astrid Gutsche and Gastón Acurio,https://www.press.bmwgroup.com/usa/article/detail/T0281426EN_US/eckart-2018-for-innovation-goes-to-astrid-gutsche-and-gastón-acurio,,2018,skip,category 1
2018-06-05,ECKART 2018 for “Art of Cookery” goes to  Christopher Kostow.,https://www.press.bmwgroup.com/usa/article/detail/T0281769EN_US/eckart-2018-for-“art-of-cookery”-goes-to-christopher-kostow,,2018,skip,category 1
2018-04-18,ECKART 2018 for “Art of Living” goes to Suzanne Cupps and Danny Meyer,https://www.press.bmwgroup.com/usa/article/detail/T0280303EN_US/eckart-2018-for-“art-of-living”-goes-to-suzanne-cupps-and-danny-meyer,,2018,skip,category 1
2018-09-11,"Keegan Bradley Wins the 2018 BMW Championship at Aronimink Golf Club in Newtown Square, PA.",https://www.press.bmwgroup.com/usa/article/detail/T0284850EN_US/keegan-bradley-wins-the-2018-bmw-championship-at-aronimink-golf-club-in-newtown-square-pa,,2018,skip,category 1
2017-11-17,Links To Images And Video Footage For New 2018 Models And Rider Equipment,https://www.press.bmwgroup.com/usa/article/detail/T0276938EN_US/links-to-images-and-video-footage-for-new-2018-models-and-rider-equipment,,2018,skip,category 1
2018-11-20,MINI JOHN COOPER WORKS KNIGHTS EDITION TO MAKE NORTH AMERICAN PREMIERE AT LOS ANGELES INTERNATIONAL AUTO SHOW 2018,https://www.press.bmwgroup.com/usa/article/detail/T0287285EN_US/mini-john-cooper-works-knights-edition-to-make-north-american-premiere-at-los-angeles-international-auto-show-2018,,2018,skip,category 1
2018-03-15,MINI LIVING – BUILT BY ALL. MINI exhibits visionary living concept at the Salone del Mobile 2018.,https://www.press.bmwgroup.com/usa/article/detail/T0279170EN_US/mini-living-–-built-by-all-mini-exhibits-visionary-living-concept-at-the-salone-del-mobile-2018,,2018,skip,category 1
2018-07-16,MINI TAKES THE STATES 2018 SHIFTS INTO GEAR AND DRIVES FOR MORE.,https://www.press.bmwgroup.com/usa/article/detail/T0283236EN_US/mini-takes-the-states-2018-shifts-into-gear-and-drives-for-more,,2018,skip,category 1
2018-01-05,MINI USA ANNOUNCES OFFICIAL ROUTE FOR MINI TAKES THE STATES 2018,https://www.press.bmwgroup.com/usa/article/detail/T0277636EN_US/mini-usa-announces-official-route-for-mini-takes-the-states-2018,,2018,skip,category 1
2018-08-03,"MINI USA ATTRACTS MORE THAN 3,000 OWNERS TO MINI TAKES THE STATES 2018 FINALE AND RAISES MORE THAN ONE MILLION MEALS FOR FEEDING AMERICA",https://www.press.bmwgroup.com/usa/article/detail/T0283766EN_US/mini-usa-attracts-more-than-3-000-owners-to-mini-takes-the-states-2018-finale-and-raises-more-than-one-million-meals-for-feeding-america,,2018,skip,category 1
2018-02-26,MINI USA CONFIRMS CONTINUED PARTNERSHIP WITH FEEDING AMERICA® AS OFFICIAL CHARITY PARTNER FOR MINI TAKES THE STATES 2018,https://www.press.bmwgroup.com/usa/article/detail/T0278805EN_US/mini-usa-confirms-continued-partnership-with-feeding-america®-as-official-charity-partner-for-mini-takes-the-states-2018,,2018,skip,category 1
2018-05-22,MINI USA CONFIRMS SPONSORS FOR MINI TAKES THE STATES 2018,https://www.press.bmwgroup.com/usa/article/detail/T0281355EN_US/mini-usa-confirms-sponsors-for-mini-takes-the-states-2018,,2018,skip,category 1
2018-03-26,MINI at the New York International Auto Show 2018.,https://www.press.bmwgroup.com/usa/article/detail/T0279568EN_US/mini-at-the-new-york-international-auto-show-2018,,2018,skip,category 1
2017-06-06,Model Year 2018 MINI Lineup Pricing and Equipment Updates,https://www.press.bmwgroup.com/usa/article/detail/T0271590EN_US/model-year-2018-mini-lineup-pricing-and-equipment-updates,,2018,skip,category 1
2017-09-05,SAVE THE DATE: MINI TAKES THE STATES 2018,https://www.press.bmwgroup.com/usa/article/detail/T0274162EN_US/save-the-date:-mini-takes-the-states-2018,,2018,skip,category 1
2018-03-21,"Statements and Presentation by Harald Krüger, Chairman of the Board of Management of BMW AG, and Dr Nicolas Peter, Member of the Board of Management of BMW AG, Finance, Annual Accounts Press Conference 2018",https://www.press.bmwgroup.com/usa/article/detail/T0279433EN_US/statements-and-presentation-by-harald-krueger-chairman-of-the-board-of-management-of-bmw-ag-and-dr-nicolas-peter-member-of-the-board-of-management-of-bmw-ag-finance-annual-accounts-press-conference-2018,,2018,skip,category 1
2018-09-05,"The 2018 BMW Championship gets underway at Aronimink Golf Club in Newtown Square, PA with first-ever trip to Philadelphia market.",https://www.press.bmwgroup.com/usa/article/detail/T0284609EN_US/the-2018-bmw-championship-gets-underway-at-aronimink-golf-club-in-newtown-square-pa-with-first-ever-trip-to-philadelphia-market,,2018,skip,category 1
2017-06-14,The All-New 2018 BMW 6 Series Gran Turismo.,https://www.press.bmwgroup.com/usa/article/detail/T0271687EN_US/the-all-new-2018-bmw-6-series-gran-turismo,,2018,skip,category 1
2017-06-26,The All-New 2018 BMW X3.,https://www.press.bmwgroup.com/usa/article/detail/T0272041EN_US/the-all-new-2018-bmw-x3,,2018,skip,category 1
2017-10-25,The First-Ever 2018 BMW X2: powerful and agile,https://www.press.bmwgroup.com/usa/article/detail/T0275484EN_US/the-first-ever-2018-bmw-x2:-powerful-and-agile,,2018,skip,category 1
2019-12-17,2019 BMW Championship raises record $4.4 million for Evans Scholars Foundation.,https://www.press.bmwgroup.com/usa/article/detail/T0303856EN_US/2019-bmw-championship-raises-record-4-4-million-for-evans-scholars-foundation,,2019,skip,category 1
2014-05-27,BMW Extends Title Sponsorship of BMW Championship through 2019.,https://www.press.bmwgroup.com/usa/article/detail/T0181122EN_US/bmw-extends-title-sponsorship-of-bmw-championship-through-2019,,2019,skip,category 1
2020-03-18,BMW Group Annual Report 2019,https://www.press.bmwgroup.com/usa/article/detail/T0306879EN_US/bmw-group-annual-report-2019,,2019,skip,category 1
2019-08-01,BMW Group Global Quarterly Report to 30 June 2019,https://www.press.bmwgroup.com/usa/article/detail/T0299571EN_US/bmw-group-global-quarterly-report-to-30-june-2019,,2019,skip,category 1
2019-11-06,BMW Group Quarterly Statement to 30 September 2019,https://www.press.bmwgroup.com/usa/article/detail/T0302530EN_US/bmw-group-quarterly-statement-to-30-september-2019,,2019,skip,category 1
2019-05-07,BMW Group Quarterly Statement to 31 March 2019,https://www.press.bmwgroup.com/usa/article/detail/T0295570EN_US/bmw-group-quarterly-statement-to-31-march-2019,,2019,skip,category 1
2019-01-08,BMW Group at the 2019 Consumer Electronics Show (CES) in Las Vegas.,https://www.press.bmwgroup.com/usa/article/detail/T0289624EN_US/bmw-group-at-the-2019-consumer-electronics-show-ces-in-las-vegas,,2019,skip,category 1
2019-08-01,BMW Group firmly on course and confirms targets for 2019,https://www.press.bmwgroup.com/usa/article/detail/T0299570EN_US/bmw-group-firmly-on-course-and-confirms-targets-for-2019,,2019,skip,category 1
2020-03-12,BMW Group increases profitability and EBIT again in fourth quarter – targets for 2019 achieved,https://www.press.bmwgroup.com/usa/article/detail/T0306668EN_US/bmw-group-increases-profitability-and-ebit-again-in-fourth-quarter-–-targets-for-2019-achieved,,2019,skip,category 1
2019-02-20,BMW Group to expand global R&D network: Technology Office due to open in Tel Aviv in 2019,https://www.press.bmwgroup.com/usa/article/detail/T0292166EN_US/bmw-group-to-expand-global-r-d-network:-technology-office-due-to-open-in-tel-aviv-in-2019,,2019,skip,category 1
2018-11-16,BMW Motorrad USA - Model Year 2019 – Pricing and Equipment Updates,https://www.press.bmwgroup.com/usa/article/detail/T0287135EN_US/bmw-motorrad-usa-model-year-2019-–-pricing-and-equipment-updates,,2019,skip,category 1
2019-10-09,BMW Team RLL Looking To Finish 2019 IMSA Season As Strongly As It Started - With A Victory; Rolex 24 Winners Philipp Eng and Colton Herta Rejoin Team For Motul Petit Le Mans.,https://www.press.bmwgroup.com/usa/article/detail/T0301603EN_US/bmw-team-rll-looking-to-finish-2019-imsa-season-as-strongly-as-it-started-with-a-victory;-rolex-24-winners-philipp-eng-and-colton-herta-rejoin-team-for-motul-petit-le-mans,,2019,skip,category 1
2019-03-01,BMW at the 89th Geneva International Motor Show 2019.,https://www.press.bmwgroup.com/usa/article/detail/T0292635EN_US/bmw-at-the-89th-geneva-international-motor-show-2019,,2019,skip,category 1
2019-04-10,BMW i official partner of Coachella Valley Music and Arts Festival 2019.,https://www.press.bmwgroup.com/usa/article/detail/T0294423EN_US/bmw-i-official-partner-of-coachella-valley-music-and-arts-festival-2019,,2019,skip,category 1
2018-12-13,"BMW of North America Names Anchor as Social Media Agency of Record in the U.S. effective January 1, 2019.",https://www.press.bmwgroup.com/usa/article/detail/T0288644EN_US/bmw-of-north-america-names-anchor-as-social-media-agency-of-record-in-the-u-s-effective-january-1-2019,,2019,skip,category 1
2019-05-01,BMW of North America Reports April 2019 U.S. Sales.,https://www.press.bmwgroup.com/usa/article/detail/T0295305EN_US/bmw-of-north-america-reports-april-2019-u-s-sales,,2019,skip,category 1
2019-09-04,BMW of North America Reports August 2019 U.S. Sales.,https://www.press.bmwgroup.com/usa/article/detail/T0300475EN_US/bmw-of-north-america-reports-august-2019-u-s-sales,,2019,skip,category 1
2020-01-03,BMW of North America Reports December 2019 and Year-End U.S. Sales.,https://www.press.bmwgroup.com/usa/article/detail/T0304225EN_US/bmw-of-north-america-reports-december-2019-and-year-end-u-s-sales,,2019,skip,category 1
2019-03-01,BMW of North America Reports February 2019 U.S. Sales.,https://www.press.bmwgroup.com/usa/article/detail/T0292636EN_US/bmw-of-north-america-reports-february-2019-u-s-sales,,2019,skip,category 1
2019-02-01,BMW of North America Reports January 2019 U.S. Sales.,https://www.press.bmwgroup.com/usa/article/detail/T0291323EN_US/bmw-of-north-america-reports-january-2019-u-s-sales,,2019,skip,category 1
2019-08-01,BMW of North America Reports July 2019 U.S. Sales.,https://www.press.bmwgroup.com/usa/article/detail/T0299574EN_US/bmw-of-north-america-reports-july-2019-u-s-sales,,2019,skip,category 1
2019-07-02,BMW of North America Reports June 2019 U.S. Sales.,https://www.press.bmwgroup.com/usa/article/detail/T0298137EN_US/bmw-of-north-america-reports-june-2019-u-s-sales,,2019,skip,category 1
2019-04-02,BMW of North America Reports March 2019 U.S. Sales.,https://www.press.bmwgroup.com/usa/article/detail/T0294112EN_US/bmw-of-north-america-reports-march-2019-u-s-sales,,2019,skip,category 1
2019-06-03,BMW of North America Reports May 2019 U.S. Sales.,https://www.press.bmwgroup.com/usa/article/detail/T0296725EN_US/bmw-of-north-america-reports-may-2019-u-s-sales,,2019,skip,category 1
2019-12-03,BMW of North America Reports November 2019 U.S. Sales.,https://www.press.bmwgroup.com/usa/article/detail/T0303405EN_US/bmw-of-north-america-reports-november-2019-u-s-sales,,2019,skip,category 1
2019-11-01,BMW of North America Reports October 2019 U.S. Sales.,https://www.press.bmwgroup.com/usa/article/detail/T0302315EN_US/bmw-of-north-america-reports-october-2019-u-s-sales,,2019,skip,category 1
2019-10-01,BMW of North America Reports September 2019 U.S. Sales.,https://www.press.bmwgroup.com/usa/article/detail/T0301386EN_US/bmw-of-north-america-reports-september-2019-u-s-sales,,2019,skip,category 1
2019-01-25,BMW of North America at the 2019 Rolex 24 At Daytona Weekend; From A to Zanardi.,https://www.press.bmwgroup.com/usa/article/detail/T0290850EN_US/bmw-of-north-america-at-the-2019-rolex-24-at-daytona-weekend;-from-a-to-zanardi,,2019,skip,category 1
2019-01-17,Dakar Rally 2019 – Second place for Nani Roma,https://www.press.bmwgroup.com/usa/article/detail/T0290363EN_US/dakar-rally-2019-–-second-place-for-nani-roma,,2019,skip,category 1
2019-01-08,"Dakar Rally 2019 – Stage 01, Lima - Pisco",https://www.press.bmwgroup.com/usa/article/detail/T0289914EN_US/dakar-rally-2019-–-stage-01-lima-pisco,,2019,skip,category 1
2019-01-08,"Dakar Rally 2019 – Stage 02, Pisco - San Juan de Marcona",https://www.press.bmwgroup.com/usa/article/detail/T0289915EN_US/dakar-rally-2019-–-stage-02-pisco-san-juan-de-marcona,,2019,skip,category 1
2019-01-09,"Dakar Rally 2019 – Stage 03, San Juan de Marcona - Arequipa",https://www.press.bmwgroup.com/usa/article/detail/T0289916EN_US/dakar-rally-2019-–-stage-03-san-juan-de-marcona-arequipa,,2019,skip,category 1
2019-01-14,"Dakar Rally 2019 – Stage 06, Arequipa - San Juan de Marcona",https://www.press.bmwgroup.com/usa/article/detail/T0290032EN_US/dakar-rally-2019-–-stage-06-arequipa-san-juan-de-marcona,,2019,skip,category 1
2019-01-14,"Dakar Rally 2019 – Stage 07, San Juan de Marcona - San Juan de Marcona",https://www.press.bmwgroup.com/usa/article/detail/T0290038EN_US/dakar-rally-2019-–-stage-07-san-juan-de-marcona-san-juan-de-marcona,,2019,skip,category 1
2019-01-16,"Dakar Rally 2019 – Stage 08, San Juan de Marcona - Pisco",https://www.press.bmwgroup.com/usa/article/detail/T0290250EN_US/dakar-rally-2019-–-stage-08-san-juan-de-marcona-pisco,,2019,skip,category 1
2019-01-16,"Dakar Rally 2019 – Stage 09, Pisco - Pisco",https://www.press.bmwgroup.com/usa/article/detail/T0290251EN_US/dakar-rally-2019-–-stage-09-pisco-pisco,,2019,skip,category 1
2019-01-12,Day 6: The official rest day and halfway point of Dakar 2019.,https://www.press.bmwgroup.com/usa/article/detail/T0290031EN_US/day-6:-the-official-rest-day-and-halfway-point-of-dakar-2019,,2019,skip,category 1
2019-03-26,Global Superstar Khalid to Headline BMW i’s 2019 #RoadtoCoachella Campaign.,https://www.press.bmwgroup.com/usa/article/detail/T0293759EN_US/global-superstar-khalid-to-headline-bmw-i’s-2019-roadtocoachella-campaign,,2019,skip,category 1
2019-08-19,Justin Thomas Wins the 2019 BMW Championship at Medinah Country Club in Historic Fashion.,https://www.press.bmwgroup.com/usa/article/detail/T0300042EN_US/justin-thomas-wins-the-2019-bmw-championship-at-medinah-country-club-in-historic-fashion,,2019,skip,category 1
2019-03-08,MARK POMBO PILOTS #59 “STEP” MINI JCW TO TWO SECOND PLACE FINISHES IN FIRST RACE WEEKEND OF 2019 SRO TC AMERICA RACE SERIES,https://www.press.bmwgroup.com/usa/article/detail/T0292833EN_US/mark-pombo-pilots-59-“step”-mini-jcw-to-two-second-place-finishes-in-first-race-weekend-of-2019-sro-tc-america-race-series,,2019,skip,category 1
2019-01-31,MINI JOHN COOPER WORKS TEAM TO ENTER 2019 SRO TC AMERICA RACE SERIES,https://www.press.bmwgroup.com/usa/article/detail/T0291205EN_US/mini-john-cooper-works-team-to-enter-2019-sro-tc-america-race-series,,2019,skip,category 1
2019-08-12,MINI celebrates 60 years at the 2019 Monterey Car Week with preview of the MINI John Cooper Works GP and battery electric MINI Cooper SE,https://www.press.bmwgroup.com/usa/article/detail/T0299909EN_US/mini-celebrates-60-years-at-the-2019-monterey-car-week-with-preview-of-the-mini-john-cooper-works-gp-and-battery-electric-mini-cooper-se,,2019,skip,category 1
2019-01-08,Media Alert: BMW Motorrad to Showcase Riderless Motorcycle For The First Time In The U.S. At CES® 2019,https://www.press.bmwgroup.com/usa/article/detail/T0289552EN_US/media-alert:-bmw-motorrad-to-showcase-riderless-motorcycle-for-the-first-time-in-the-u-s-at-ces®-2019,,2019,skip,category 1
2019-02-25,Natural and fully multimodal interaction with the vehicle and its surroundings. BMW Group presents BMW Natural Interaction for the first time at Mobile World Congress 2019.,https://www.press.bmwgroup.com/usa/article/detail/T0292448EN_US/natural-and-fully-multimodal-interaction-with-the-vehicle-and-its-surroundings-bmw-group-presents-bmw-natural-interaction-for-the-first-time-at-mobile-world-congress-2019,,2019,skip,category 1
2020-01-10,New all-time high for BMW Group deliveries in 2019 confirms position as world’s leading premium car company,https://www.press.bmwgroup.com/usa/article/detail/T0304432EN_US/new-all-time-high-for-bmw-group-deliveries-in-2019-confirms-position-as-world’s-leading-premium-car-company,,2019,skip,category 1
2019-11-06,"Statement Dr Nicolas Peter, Member of the Board of Management of BMW AG, Finance, Conference Call Quarterly Report to 30 September 2019",https://www.press.bmwgroup.com/usa/article/detail/T0302532EN_US/statement-dr-nicolas-peter-member-of-the-board-of-management-of-bmw-ag-finance-conference-call-quarterly-report-to-30-september-2019,,2019,skip,category 5
2019-08-01,"Statement Dr. Nicolas Peter, Member of the Board of Management of BMW AG, Finance, Conference Call Interim Report to 30 June 2019",https://www.press.bmwgroup.com/usa/article/detail/T0299572EN_US/statement-dr-nicolas-peter-member-of-the-board-of-management-of-bmw-ag-finance-conference-call-interim-report-to-30-june-2019,,2019,skip,category 5
2019-08-01,"Statement Harald Krüger, Chairman of the Board of Management of BMW AG, Conference Call Interim Report to 30 June 2019",https://www.press.bmwgroup.com/usa/article/detail/T0299573EN_US/statement-harald-krueger-chairman-of-the-board-of-management-of-bmw-ag-conference-call-interim-report-to-30-june-2019,,2019,skip,category 5
2019-11-06,"Statement Oliver Zipse, Chairman of the Board of Management of BMW AG, Conference Call Quarterly Report to 30 September 2019",https://www.press.bmwgroup.com/usa/article/detail/T0302531EN_US/statement-oliver-zipse-chairman-of-the-board-of-management-of-bmw-ag-conference-call-quarterly-report-to-30-september-2019,,2019,skip,category 5
2019-03-20,"Statement and Presentation by Dr Nicolas Peter, Member of the Board of Management of BMW AG, Finance, BMW Group Annual Accounts Press Conference 2019",https://www.press.bmwgroup.com/usa/article/detail/T0293405EN_US/statement-and-presentation-by-dr-nicolas-peter-member-of-the-board-of-management-of-bmw-ag-finance-bmw-group-annual-accounts-press-conference-2019,,2019,skip,category 5
2019-03-20,"Statement and Presentation by Harald Krüger, Chairman of the Board of Management of BMW AG, BMW Group Annual Accounts Press Conference 2019",https://www.press.bmwgroup.com/usa/article/detail/T0293404EN_US/statement-and-presentation-by-harald-krueger-chairman-of-the-board-of-management-of-bmw-ag-bmw-group-annual-accounts-press-conference-2019,,2019,skip,category 5
2019-05-07,"Statement by Dr Nicolas Peter, Member of the Board of Management of BMW AG, Finance, Conference Call Interim Report to 31 March 2019",https://www.press.bmwgroup.com/usa/article/detail/T0295571EN_US/statement-by-dr-nicolas-peter-member-of-the-board-of-management-of-bmw-ag-finance-conference-call-interim-report-to-31-march-2019,,2019,skip,category 5
2019-05-07,"Statement by Harald Krüger, Chairman of the Board of Management of BMW AG, Conference Call Interim Report to 31 March 2019",https://www.press.bmwgroup.com/usa/article/detail/T0295572EN_US/statement-by-harald-krueger-chairman-of-the-board-of-management-of-bmw-ag-conference-call-interim-report-to-31-march-2019,,2019,skip,category 5
2019-08-14,"The 2019 BMW Championship gets underway at Medinah Country Club in Medinah, IL, marking return to Chicago market.",https://www.press.bmwgroup.com/usa/article/detail/T0299950EN_US/the-2019-bmw-championship-gets-underway-at-medinah-country-club-in-medinah-il-marking-return-to-chicago-market,,2019,skip,category 1
2018-06-15,The All-New 2019 BMW 8 Series Coupe.,https://www.press.bmwgroup.com/usa/article/detail/T0282198EN_US/the-all-new-2019-bmw-8-series-coupe,,2019,skip,category 1
2018-07-09,The All-New 2019 BMW M850i xDrive Pricing.,https://www.press.bmwgroup.com/usa/article/detail/T0282946EN_US/the-all-new-2019-bmw-m850i-xdrive-pricing,,2019,skip,category 1
2018-02-14,The All-New 2019 BMW X4. The eye-catching athlete.,https://www.press.bmwgroup.com/usa/article/detail/T0278479EN_US/the-all-new-2019-bmw-x4-the-eye-catching-athlete,,2019,skip,category 1
2018-12-20,The BMW Group at the 2019 Consumer Electronics Show in Las Vegas.,https://www.press.bmwgroup.com/usa/article/detail/T0288998EN_US/the-bmw-group-at-the-2019-consumer-electronics-show-in-las-vegas,,2019,skip,category 1
2018-04-18,The First Ever 2019 BMW M2 Competition.,https://www.press.bmwgroup.com/usa/article/detail/T0280302EN_US/the-first-ever-2019-bmw-m2-competition,,2019,skip,category 1
2018-11-02,The First-Ever 2019 BMW 8 Series Convertible.,https://www.press.bmwgroup.com/usa/article/detail/T0286437EN_US/the-first-ever-2019-bmw-8-series-convertible,,2019,skip,category 1
2017-11-29,The First-Ever 2019 BMW i8 Roadster and new 2019 BMW i8 Coupe.,https://www.press.bmwgroup.com/usa/article/detail/T0276421EN_US/the-first-ever-2019-bmw-i8-roadster-and-new-2019-bmw-i8-coupe,,2019,skip,category 1
2018-09-07,The all-new 2019 BMW X2 M35i: M DNA for the most powerful compact Sports Activity Coupe.,https://www.press.bmwgroup.com/usa/article/detail/T0284665EN_US/the-all-new-2019-bmw-x2-m35i:-m-dna-for-the-most-powerful-compact-sports-activity-coupe,,2019,skip,category 1
2018-09-28,The new 2019 BMW i3 120Ah and i3s 120Ah.,https://www.press.bmwgroup.com/usa/article/detail/T0285420EN_US/the-new-2019-bmw-i3-120ah-and-i3s-120ah,,2019,skip,category 1
2019-09-11,The new MINI Cooper SE: premiere run to the IAA Cars 2019.,https://www.press.bmwgroup.com/usa/article/detail/T0300746EN_US/the-new-mini-cooper-se:-premiere-run-to-the-iaa-cars-2019,,2019,skip,category 1
2020-06-30,#ForzaAlex; BMW Team RLL Restarts 2020 IMSA WeatherTech SportsCar Championship Season At Daytona.,https://www.press.bmwgroup.com/usa/article/detail/T0310185EN_US/forzaalex;-bmw-team-rll-restarts-2020-imsa-weathertech-sportscar-championship-season-at-daytona,,2020,skip,category 1
2020-07-13,2020 BMW CHAMPIONSHIP TO BE HELD WITHOUT SPECTATORS,https://www.press.bmwgroup.com/usa/article/detail/T0311107EN_US/2020-bmw-championship-to-be-held-without-spectators,,2020,skip,category 1
2019-12-11,Android Auto comes to BMW. BMW to offer wireless integration from mid-2020.,https://www.press.bmwgroup.com/usa/article/detail/T0303700EN_US/android-auto-comes-to-bmw-bmw-to-offer-wireless-integration-from-mid-2020,,2020,skip,category 1
2020-01-17,BMW 382 hp B58 TwinPower Turbo 3.0-Liter Inline Six-Cylinder Engine Named 2020 Wards 10 Best Engine and Powertrain Award Winner.,https://www.press.bmwgroup.com/usa/article/detail/T0304716EN_US/bmw-382-hp-b58-twinpower-turbo-3-0-liter-inline-six-cylinder-engine-named-2020-wards-10-best-engine-and-powertrain-award-winner,,2020,skip,category 1
2020-07-02,BMW Connected Car Beta Days 2020: July will bring a comprehensive software upgrade with numerous new services.,https://www.press.bmwgroup.com/usa/article/detail/T0310406EN_US/bmw-connected-car-beta-days-2020:-july-will-bring-a-comprehensive-software-upgrade-with-numerous-new-services,,2020,skip,category 1
2020-08-05,BMW Group Quarterly Report to 30 June 2020,https://www.press.bmwgroup.com/usa/article/detail/T0313053EN_US/bmw-group-quarterly-report-to-30-june-2020,,2020,skip,category 1
2020-11-04,BMW Group Quarterly Statement to 30 September 2020,https://www.press.bmwgroup.com/usa/article/detail/T0320052EN_US/bmw-group-quarterly-statement-to-30-september-2020,,2020,skip,category 1
2021-03-17,BMW Group Report 2020,https://www.press.bmwgroup.com/usa/article/detail/T0327998EN_US/bmw-group-report-2020,,2020,skip,category 1
2020-11-04,BMW Group confirms outlook for 2020 – significantly improved performance in third quarter,https://www.press.bmwgroup.com/usa/article/detail/T0320047EN_US/bmw-group-confirms-outlook-for-2020-–-significantly-improved-performance-in-third-quarter,,2020,skip,category 1
2020-08-05,BMW Group reaffirms outlook for full year 2020,https://www.press.bmwgroup.com/usa/article/detail/T0313048EN_US/bmw-group-reaffirms-outlook-for-full-year-2020,,2020,skip,category 1
2022-08-09,BMW M Motorsport to Offer 2020 Rolex 24 Winning BMW M8 GTE to the Collector Market.,https://www.press.bmwgroup.com/usa/article/detail/T0402884EN_US/bmw-m-motorsport-to-offer-2020-rolex-24-winning-bmw-m8-gte-to-the-collector-market,,2020,skip,category 1
2019-08-01,"BMW Motorrad USA Announces Pricing, Features, Packages and Options for 2020 BMW R 1250 R/RS Models",https://www.press.bmwgroup.com/usa/article/detail/T0299575EN_US/bmw-motorrad-usa-announces-pricing-features-packages-and-options-for-2020-bmw-r-1250-r/rs-models,,2020,skip,category 1
2019-07-26,"BMW Motorrad USA Rolls Into The Sturgis Buffalo Chip® With Full Lineup Of Demo Bikes, Visionary Custom Concepts And The 2020 BMW S 1000 RR",https://www.press.bmwgroup.com/usa/article/detail/T0299304EN_US/bmw-motorrad-usa-rolls-into-the-sturgis-buffalo-chip®-with-full-lineup-of-demo-bikes-visionary-custom-concepts-and-the-2020-bmw-s-1000-rr,,2020,skip,category 1
2019-04-09,"BMW Returns To The Circuit Of The Americas For MotoGP Red Bull Grand Prix Of The Americas Races, April 12-14, With Its Full Family Of M Vehicles, The 2020 BMW S 1000 RR With M Package, And BMW Motorcycle Demo Rides",https://www.press.bmwgroup.com/usa/article/detail/T0294326EN_US/bmw-returns-to-the-circuit-of-the-americas-for-motogp-red-bull-grand-prix-of-the-americas-races-april-12-14-with-its-full-family-of-m-vehicles-the-2020-bmw-s-1000-rr-with-m-package-and-bmw-motorcycle-demo-rides,,2020,skip,category 1
2019-09-25,"BMW launches #DRIVETOGLORY campaign to kick off one-year countdown to the 2020 Ryder Cup at Whistling Straits in Kohler, WI.",https://www.press.bmwgroup.com/usa/article/detail/T0301196EN_US/bmw-launches-drivetoglory-campaign-to-kick-off-one-year-countdown-to-the-2020-ryder-cup-at-whistling-straits-in-kohler-wi,,2020,skip,category 1
2020-04-01,BMW of North America Reports Q1 2020 Sales Results.,https://www.press.bmwgroup.com/usa/article/detail/T0307260EN_US/bmw-of-north-america-reports-q1-2020-sales-results,,2020,skip,category 1
2020-07-01,BMW of North America Reports Q2 2020 Sales Results.,https://www.press.bmwgroup.com/usa/article/detail/T0310327EN_US/bmw-of-north-america-reports-q2-2020-sales-results,,2020,skip,category 1
2020-10-01,BMW of North America Reports Q3 2020 Sales Results.,https://www.press.bmwgroup.com/usa/article/detail/T0318086EN_US/bmw-of-north-america-reports-q3-2020-sales-results,,2020,skip,category 1
2021-01-05,BMW of North America Reports Q4 2020 and Full Year 2020 U.S. Sales Results,https://www.press.bmwgroup.com/usa/article/detail/T0323568EN_US/bmw-of-north-america-reports-q4-2020-and-full-year-2020-u-s-sales-results,,2020,skip,category 1
2019-11-01,DATES ANNOUNCED FOR MINI TAKES THE STATES 2020 - MINI USA KICKS OFF THE NEXT 60 YEARS WITH ANOTHER EPIC ROAD RALLY.,https://www.press.bmwgroup.com/usa/article/detail/T0302284EN_US/dates-announced-for-mini-takes-the-states-2020-mini-usa-kicks-off-the-next-60-years-with-another-epic-road-rally,,2020,skip,category 1
2020-01-17,Dakar Rally 2020 – Carlos Sainz wins the Dakar for the third time and presents MINI with its fifth overall victory.,https://www.press.bmwgroup.com/usa/article/detail/T0304717EN_US/dakar-rally-2020-–-carlos-sainz-wins-the-dakar-for-the-third-time-and-presents-mini-with-its-fifth-overall-victory,,2020,skip,category 1
2019-02-01,Destination of the BMW Motorrad International GS Trophy 2020 revealed: Kia Ora – Welcome to New Zealand!,https://www.press.bmwgroup.com/usa/article/detail/T0291204EN_US/destination-of-the-bmw-motorrad-international-gs-trophy-2020-revealed:-kia-ora-–-welcome-to-new-zealand,,2020,skip,category 1
2019-12-17,"Driver line-up confirmed for the IMSA season: De Phillippi, Edwards, Krohn and Spengler start in the BMW M8 GTE for 2020.",https://www.press.bmwgroup.com/usa/article/detail/T0303950EN_US/driver-line-up-confirmed-for-the-imsa-season:-de-phillippi-edwards-krohn-and-spengler-start-in-the-bmw-m8-gte-for-2020,,2020,skip,category 1
2019-04-26,GS Trophy 2020 – Qualifier USA Registration Details Announced,https://www.press.bmwgroup.com/usa/article/detail/T0295170EN_US/gs-trophy-2020-–-qualifier-usa-registration-details-announced,,2020,skip,category 1
2019-02-14,GS Trophy 2020 – Qualifier USA To Be Held May 30 Through June 2,https://www.press.bmwgroup.com/usa/article/detail/T0292006EN_US/gs-trophy-2020-–-qualifier-usa-to-be-held-may-30-through-june-2,,2020,skip,category 1
2020-08-30,Jon Rahm Wins the 2020 BMW Championship at Olympia Fields Country Club in a Sudden Death Playoff.,https://www.press.bmwgroup.com/usa/article/detail/T0315360EN_US/jon-rahm-wins-the-2020-bmw-championship-at-olympia-fields-country-club-in-a-sudden-death-playoff,,2020,skip,category 1
2020-01-15,Large BMW M4 GT4 Entry Highlights 2020 BMW Endurance Challenge At Daytona; BMW Customer Racing Teams Bring Five BMW M4 GT4 Racing Cars to Season Opener.,https://www.press.bmwgroup.com/usa/article/detail/T0304577EN_US/large-bmw-m4-gt4-entry-highlights-2020-bmw-endurance-challenge-at-daytona;-bmw-customer-racing-teams-bring-five-bmw-m4-gt4-racing-cars-to-season-opener,,2020,skip,category 1
2020-10-05,MINI John Cooper Works Team Takes Back-to-Back Manufacturers’ Titles After Solid Performance in the 2020 SRO TC America Season,https://www.press.bmwgroup.com/usa/article/detail/T0318285EN_US/mini-john-cooper-works-team-takes-back-to-back-manufacturers’-titles-after-solid-performance-in-the-2020-sro-tc-america-season,,2020,skip,category 1
2019-07-01,Model Year 2020 MINI Lineup Pricing and Equipment Updates,https://www.press.bmwgroup.com/usa/article/detail/T0297926EN_US/model-year-2020-mini-lineup-pricing-and-equipment-updates,,2020,skip,category 1
2020-04-06,NEW DATES ANNOUNCED FOR 2020 BMW CHAMPIONSHIP AT OLYMPIA FIELDS,https://www.press.bmwgroup.com/usa/article/detail/T0307398EN_US/new-dates-announced-for-2020-bmw-championship-at-olympia-fields,,2020,skip,category 1
2020-05-06,Quarterly Statement to 31 March 2020,https://www.press.bmwgroup.com/usa/article/detail/T0308228EN_US/quarterly-statement-to-31-march-2020,,2020,skip,category 1
2020-08-05,"Rede Oliver Zipse, Vorsitzender des Vorstands der BMW AG, Telefonkonferenz Quartalsbericht zum 30. Juni 2020",https://www.press.bmwgroup.com/usa/article/detail/T0313049EN_US/rede-oliver-zipse-vorsitzender-des-vorstands-der-bmw-ag-telefonkonferenz-quartalsbericht-zum-30-juni-2020,,2020,skip,category 5
2020-01-20,Rolex 24 At Daytona: BMW M Motorsport and BMW Team RLL kick off the 2020 IMSA Season.,https://www.press.bmwgroup.com/usa/article/detail/T0304808EN_US/rolex-24-at-daytona:-bmw-m-motorsport-and-bmw-team-rll-kick-off-the-2020-imsa-season,,2020,skip,category 1
2020-03-16,SATELLITE DETAILS and Livestream / live webcast of the BMW Group Annual Accounts Press Conference 2020,https://www.press.bmwgroup.com/usa/article/detail/T0306757EN_US/satellite-details-and-livestream-/-live-webcast-of-the-bmw-group-annual-accounts-press-conference-2020,,2020,skip,category 1
2020-05-06,"Statement Dr Nicolas Peter, Member of the Board of Management of BMW AG, Finance, Conference Call Interim Report to  31 March 2020",https://www.press.bmwgroup.com/usa/article/detail/T0308229EN_US/statement-dr-nicolas-peter-member-of-the-board-of-management-of-bmw-ag-finance-conference-call-interim-report-to-31-march-2020,,2020,skip,category 5
2020-11-04,"Statement Dr Nicolas Peter, Member of the Board of Management of BMW AG, Finance, Conference Call Interim Report to 30 September 2020",https://www.press.bmwgroup.com/usa/article/detail/T0320050EN_US/statement-dr-nicolas-peter-member-of-the-board-of-management-of-bmw-ag-finance-conference-call-interim-report-to-30-september-2020,,2020,skip,category 5
2020-08-05,"Statement Dr Nicolas Peter, Member of the Board of Management of BMW AG, Finance, Conference Call Quarterly Report to 30 June 2020",https://www.press.bmwgroup.com/usa/article/detail/T0313052EN_US/statement-dr-nicolas-peter-member-of-the-board-of-management-of-bmw-ag-finance-conference-call-quarterly-report-to-30-june-2020,,2020,skip,category 5
2020-11-04,"Statement Oliver Zipse, Chairman of the Board of Management of BMW AG, Conference Call Interim Report to 30 September 2020",https://www.press.bmwgroup.com/usa/article/detail/T0320048EN_US/statement-oliver-zipse-chairman-of-the-board-of-management-of-bmw-ag-conference-call-interim-report-to-30-september-2020,,2020,skip,category 5
2020-05-06,"Statement Oliver Zipse, Chairman of the Board of Management of BMW AG, Conference Call Interim Report to 31 March 2020",https://www.press.bmwgroup.com/usa/article/detail/T0308230EN_US/statement-oliver-zipse-chairman-of-the-board-of-management-of-bmw-ag-conference-call-interim-report-to-31-march-2020,,2020,skip,category 5
2020-03-18,"Statement and Presentation by Dr Nicolas Peter, Member of the Board of Management of BMW AG, Finance, Annual Accounts Press Conference 2020",https://www.press.bmwgroup.com/usa/article/detail/T0306878EN_US/statement-and-presentation-by-dr-nicolas-peter-member-of-the-board-of-management-of-bmw-ag-finance-annual-accounts-press-conference-2020,,2020,skip,category 5
2020-05-14,"Statement and Presentation by Oliver Zipse, Chairman of the Board of Management of BMW AG, 100th Annual General Meeting in Munich on 14th May 2020",https://www.press.bmwgroup.com/usa/article/detail/T0308479EN_US/statement-and-presentation-by-oliver-zipse-chairman-of-the-board-of-management-of-bmw-ag-100th-annual-general-meeting-in-munich-on-14th-may-2020,,2020,skip,category 5
2020-03-18,"Statement and Presentation by Oliver Zipse, Chairman of the Board of Management of BMW AG, Annual Accounts Press Conference 2020",https://www.press.bmwgroup.com/usa/article/detail/T0306877EN_US/statement-and-presentation-by-oliver-zipse-chairman-of-the-board-of-management-of-bmw-ag-annual-accounts-press-conference-2020,,2020,skip,category 5
2019-07-10,The 2020 BMW 840i and 840i xDrive Coupe and Convertible,https://www.press.bmwgroup.com/usa/article/detail/T0298584EN_US/the-2020-bmw-840i-and-840i-xdrive-coupe-and-convertible,,2020,skip,category 1
2020-08-26,"The 2020 BMW Championship gets underway at Olympia Fields Country Club in Olympia Fields, IL, as PGA TOUR returns to Chicago.",https://www.press.bmwgroup.com/usa/article/detail/T0315009EN_US/the-2020-bmw-championship-gets-underway-at-olympia-fields-country-club-in-olympia-fields-il-as-pga-tour-returns-to-chicago,,2020,skip,category 1
2020-08-25,The 2020 BMW Championship to Host Nine-Hole Charity Match Featuring Four Top PGA TOUR Stars.,https://www.press.bmwgroup.com/usa/article/detail/T0314887EN_US/the-2020-bmw-championship-to-host-nine-hole-charity-match-featuring-four-top-pga-tour-stars,,2020,skip,category 1
2019-12-16,The 2020 BMW M2 CS Coupe.,https://www.press.bmwgroup.com/usa/article/detail/T0302373EN_US/the-2020-bmw-m2-cs-coupe,,2020,skip,category 1
2019-09-03,The 2020 BMW M4 Edition ///M Heritage,https://www.press.bmwgroup.com/usa/article/detail/T0300402EN_US/the-2020-bmw-m4-edition-/m-heritage,,2020,skip,category 1
2019-05-29,The 2020 BMW X1 Sports Activity Vehicle.,https://www.press.bmwgroup.com/usa/article/detail/T0296549EN_US/the-2020-bmw-x1-sports-activity-vehicle,,2020,skip,category 1
2019-11-04,The 2020 BMW X3 xDrive30e PHEV Sports Activity Vehicle,https://www.press.bmwgroup.com/usa/article/detail/T0302314EN_US/the-2020-bmw-x3-xdrive30e-phev-sports-activity-vehicle,,2020,skip,category 1
2019-09-02,The 2020 BMW i3s Edition RoadStyle and i8 Ultimate Sophisto Editions,https://www.press.bmwgroup.com/usa/article/detail/T0300401EN_US/the-2020-bmw-i3s-edition-roadstyle-and-i8-ultimate-sophisto-editions,,2020,skip,category 1
2020-01-07,The BMW Group at the Consumer Electronics Show (CES) 2020 in Las Vegas.,https://www.press.bmwgroup.com/usa/article/detail/T0304274EN_US/the-bmw-group-at-the-consumer-electronics-show-ces-2020-in-las-vegas,,2020,skip,category 1
2019-12-19,The BMW Group at the Consumer Electronics Show (CES) 2020 in Las Vegas.,https://www.press.bmwgroup.com/usa/article/detail/T0303948EN_US/the-bmw-group-at-the-consumer-electronics-show-ces-2020-in-las-vegas,,2020,skip,category 1
2019-12-03,The New 2020 BMW 2 Series Gran Coupe,https://www.press.bmwgroup.com/usa/article/detail/T0301808EN_US/the-new-2020-bmw-2-series-gran-coupe,,2020,skip,category 1
2019-06-05,The New 2020 BMW M8 Coupe and Convertible,https://www.press.bmwgroup.com/usa/article/detail/T0296777EN_US/the-new-2020-bmw-m8-coupe-and-convertible,,2020,skip,category 1
2019-03-19,"The New 2020 BMW S 1000 RR: Pricing, Features, Packages and Options.",https://www.press.bmwgroup.com/usa/article/detail/T0293269EN_US/the-new-2020-bmw-s-1000-rr:-pricing-features-packages-and-options,,2020,skip,category 1
2019-02-13,The first-ever 2020 BMW X3 M and BMW X4 M.,https://www.press.bmwgroup.com/usa/article/detail/T0291875EN_US/the-first-ever-2020-bmw-x3-m-and-bmw-x4-m,,2020,skip,category 1
2019-10-09,The new 2020 BMW M8 Gran Coupe and M8 Gran Coupe Competition,https://www.press.bmwgroup.com/usa/article/detail/T0301607EN_US/the-new-2020-bmw-m8-gran-coupe-and-m8-gran-coupe-competition,,2020,skip,category 1
2021-06-16,BMW Continues Annual “Ultimate Driving Experience” in Expanded List of U.S. Cities for 2021.,https://www.press.bmwgroup.com/usa/article/detail/T0335669EN_US/bmw-continues-annual-“ultimate-driving-experience”-in-expanded-list-of-u-s-cities-for-2021,,2021,skip,category 1
2021-03-03,BMW Customer Racing Teams Open 2021 SRO America Season at Sonoma Raceway This Weekend.,https://www.press.bmwgroup.com/usa/article/detail/T0326973EN_US/bmw-customer-racing-teams-open-2021-sro-america-season-at-sonoma-raceway-this-weekend,,2021,skip,category 1
2022-03-16,BMW Group Report 2021.,https://www.press.bmwgroup.com/usa/article/detail/T0374536EN_US/bmw-group-report-2021,,2021,skip,category 1
2016-07-01,"BMW Group, Intel and Mobileye Team Up to Bring Fully Autonomous Driving to Streets by 2021",https://www.press.bmwgroup.com/usa/article/detail/T0261732EN_US/bmw-group-intel-and-mobileye-team-up-to-bring-fully-autonomous-driving-to-streets-by-2021,,2021,skip,category 1
2022-01-18,BMW Manufacturing Sets Production Record in 2021.,https://www.press.bmwgroup.com/usa/article/detail/T0364454EN_US/bmw-manufacturing-sets-production-record-in-2021,,2021,skip,category 1
2021-03-19,BMW Team RLL qualifies third and fourth for 2021 Twelve Hours of Sebring.,https://www.press.bmwgroup.com/usa/article/detail/T0328191EN_US/bmw-team-rll-qualifies-third-and-fourth-for-2021-twelve-hours-of-sebring,,2021,skip,category 1
2020-07-16,BMW adds New SiriusXM with 360L Platform for 2021.,https://www.press.bmwgroup.com/usa/article/detail/T0311365EN_US/bmw-adds-new-siriusxm-with-360l-platform-for-2021,,2021,skip,category 1
2021-08-03,BMW at Pebble Beach Concours 2021.,https://www.press.bmwgroup.com/usa/article/detail/T0338912EN_US/bmw-at-pebble-beach-concours-2021,,2021,skip,category 1
2021-04-01,BMW of North America Reports Q1 2021 U.S. Sales Results.,https://www.press.bmwgroup.com/usa/article/detail/T0329005EN_US/bmw-of-north-america-reports-q1-2021-u-s-sales-results,,2021,skip,category 1
2021-07-01,BMW of North America Reports Q2 2021 U.S. Sales Results.,https://www.press.bmwgroup.com/usa/article/detail/T0337008EN_US/bmw-of-north-america-reports-q2-2021-u-s-sales-results,,2021,skip,category 1
2021-10-01,BMW of North America Reports Q3 2021 U.S. Sales Results.,https://www.press.bmwgroup.com/usa/article/detail/T0346972EN_US/bmw-of-north-america-reports-q3-2021-u-s-sales-results,,2021,skip,category 1
2022-01-04,BMW of North America Reports Q4 2021 and Full Year 2021 U.S. Sales Results.,https://www.press.bmwgroup.com/usa/article/detail/T0363602EN_US/bmw-of-north-america-reports-q4-2021-and-full-year-2021-u-s-sales-results,,2021,skip,category 1
2020-02-13,ICONIC CAVES VALLEY GOLF CLUB TO HOST 2021 BMW CHAMPIONSHIP AUGUST 17-22,https://www.press.bmwgroup.com/usa/article/detail/T0305527EN_US/iconic-caves-valley-golf-club-to-host-2021-bmw-championship-august-17-22,,2021,skip,category 1
2022-01-20,In 2021 BMW Motorrad achieves the best sales result in its history with an increase of 14.8 percent.,https://www.press.bmwgroup.com/usa/article/detail/T0366353EN_US/in-2021-bmw-motorrad-achieves-the-best-sales-result-in-its-history-with-an-increase-of-14-8-percent,,2021,skip,category 1
2021-05-21,MINI ELECTRIC FEATURED AT  2021 AMELIA ISLAND CONCOURS D’ELEGANCE,https://www.press.bmwgroup.com/usa/article/detail/T0333290EN_US/mini-electric-featured-at-2021-amelia-island-concours-d’elegance,,2021,skip,category 1
2021-03-04,MINI John Cooper Works Team Enters 2021 SRO TC America Season Following Back-To-Back Manufacturers Titles,https://www.press.bmwgroup.com/usa/article/detail/T0327112EN_US/mini-john-cooper-works-team-enters-2021-sro-tc-america-season-following-back-to-back-manufacturers-titles,,2021,skip,category 1
2021-03-11,MINI John Cooper Works Team Takes Three Podiums at the First Race of the 2021 SRO TC America Season Following Back-To-Back Manufacturers Titles,https://www.press.bmwgroup.com/usa/article/detail/T0327563EN_US/mini-john-cooper-works-team-takes-three-podiums-at-the-first-race-of-the-2021-sro-tc-america-season-following-back-to-back-manufacturers-titles,,2021,skip,category 1
2020-04-09,MINI USA CONFIRMS LATEST 2021 MODELS TO BE OFFERED WITH MANUAL TRANSMISSIONS.,https://www.press.bmwgroup.com/usa/article/detail/T0307497EN_US/mini-usa-confirms-latest-2021-models-to-be-offered-with-manual-transmissions,,2021,skip,category 1
2020-07-16,"MINI USA INTRODUCES NEW CORAL RED EDITION HARDTOPS, EXPANDING BRAND’S SPECIAL EDITION OFFERINGS FOR MODEL YEAR 2021.",https://www.press.bmwgroup.com/usa/article/detail/T0311387EN_US/mini-usa-introduces-new-coral-red-edition-hardtops-expanding-brand’s-special-edition-offerings-for-model-year-2021,,2021,skip,category 1
2020-04-06,MINI USA OFFICIALLY POSTPONES MINI TAKES THE STATES TO SUMMER 2021,https://www.press.bmwgroup.com/usa/article/detail/T0307392EN_US/mini-usa-officially-postpones-mini-takes-the-states-to-summer-2021,,2021,skip,category 1
2020-06-01,MINI USA PRESENTS NEW 2021 MINI JOHN COOPER WORKS GP #0001 TO BRAND’S “NUMBER ONE FAN”.,https://www.press.bmwgroup.com/usa/article/detail/T0309127EN_US/mini-usa-presents-new-2021-mini-john-cooper-works-gp-0001-to-brand’s-“number-one-fan”,,2021,skip,category 1
2021-09-03,MINI at IAA Mobility 2021 in Munich.,https://www.press.bmwgroup.com/usa/article/detail/T0341852EN_US/mini-at-iaa-mobility-2021-in-munich,,2021,skip,category 1
2020-06-10,Model Year 2021 MINI Lineup Pricing and Equipment Updates,https://www.press.bmwgroup.com/usa/article/detail/T0309374EN_US/model-year-2021-mini-lineup-pricing-and-equipment-updates,,2021,skip,category 1
2021-01-15,New sales and marketing strategy: BMW Group optimistic about 2021 after posting record Q4 sales,https://www.press.bmwgroup.com/usa/article/detail/T0324369EN_US/new-sales-and-marketing-strategy:-bmw-group-optimistic-about-2021-after-posting-record-q4-sales,,2021,skip,category 1
2021-08-30,Patrick Cantlay Wins the 2021 BMW Championship at Caves Valley Golf Club in Thrilling Six-Hole Playoff.,https://www.press.bmwgroup.com/usa/article/detail/T0341132EN_US/patrick-cantlay-wins-the-2021-bmw-championship-at-caves-valley-golf-club-in-thrilling-six-hole-playoff,,2021,skip,category 1
2021-01-15,Rally Dakar 2021 – Sixth overall win for MINI: Record winner Stéphane Peterhansel triumphs in his MINI JCW Buggy.,https://www.press.bmwgroup.com/usa/article/detail/T0324388EN_US/rally-dakar-2021-–-sixth-overall-win-for-mini:-record-winner-stéphane-peterhansel-triumphs-in-his-mini-jcw-buggy,,2021,skip,category 1
2020-10-14,SiriusXM with 1 year All Access Subscription Standard on all 2021 BMW Automobiles,https://www.press.bmwgroup.com/usa/article/detail/T0318738EN_US/siriusxm-with-1-year-all-access-subscription-standard-on-all-2021-bmw-automobiles,,2021,skip,category 1
2021-03-17,"Statement Dr Nicolas Peter, Member of the Board of Management of BMW AG, Finance, BMW Group Annual Conference  2021",https://www.press.bmwgroup.com/usa/article/detail/T0328000EN_US/statement-dr-nicolas-peter-member-of-the-board-of-management-of-bmw-ag-finance-bmw-group-annual-conference-2021,,2021,skip,category 5
2021-08-03,"Statement Dr Nicolas Peter, Member of the Board of Management of BMW AG, Finance, Conference Call Half-Year Report to 30th June 2021",https://www.press.bmwgroup.com/usa/article/detail/T0338980EN_US/statement-dr-nicolas-peter-member-of-the-board-of-management-of-bmw-ag-finance-conference-call-half-year-report-to-30th-june-2021,,2021,skip,category 5
2021-05-07,"Statement Dr Nicolas Peter, Member of the Board of Management of BMW AG, Finance, Conference Call Interim Report to 31 March 2021",https://www.press.bmwgroup.com/usa/article/detail/T0331959EN_US/statement-dr-nicolas-peter-member-of-the-board-of-management-of-bmw-ag-finance-conference-call-interim-report-to-31-march-2021,,2021,skip,category 5
2021-03-17,"Statement Oliver Zipse, Chairman of the Board of Management of BMW AG, BMW Group Annual Conference 2021",https://www.press.bmwgroup.com/usa/article/detail/T0327999EN_US/statement-oliver-zipse-chairman-of-the-board-of-management-of-bmw-ag-bmw-group-annual-conference-2021,,2021,skip,category 5
2021-08-03,"Statement Oliver Zipse, Chairman of the Board of Management of BMW AG, Conference Call Half-Year Report to 30th June 2021",https://www.press.bmwgroup.com/usa/article/detail/T0338978EN_US/statement-oliver-zipse-chairman-of-the-board-of-management-of-bmw-ag-conference-call-half-year-report-to-30th-june-2021,,2021,skip,category 5
2021-05-07,"Statement Oliver Zipse, Chairman of the Board of Management of BMW AG, Conference Call Interim Report to 31 March 2021",https://www.press.bmwgroup.com/usa/article/detail/T0331958EN_US/statement-oliver-zipse-chairman-of-the-board-of-management-of-bmw-ag-conference-call-interim-report-to-31-march-2021,,2021,skip,category 5
2020-05-27,THE NEW MINI COUNTRYMAN REVEALED FOR 2021 MODEL YEAR.,https://www.press.bmwgroup.com/usa/article/detail/T0308909EN_US/the-new-mini-countryman-revealed-for-2021-model-year,,2021,skip,category 1
2021-08-25,"The 2021 BMW Championship Gets Underway at Caves Valley Golf Club in Owings Mills, MD as the PGA TOUR Returns to Baltimore for First Time in Nearly 60 Years.",https://www.press.bmwgroup.com/usa/article/detail/T0340732EN_US/the-2021-bmw-championship-gets-underway-at-caves-valley-golf-club-in-owings-mills-md-as-the-pga-tour-returns-to-baltimore-for-first-time-in-nearly-60-years,,2021,skip,category 1
2020-09-30,The 2021 BMW X2 Edition M Mesh,https://www.press.bmwgroup.com/usa/article/detail/T0317977EN_US/the-2021-bmw-x2-edition-m-mesh,,2021,skip,category 1
2021-09-02,The BMW Group at the IAA Mobility 2021 in Munich.,https://www.press.bmwgroup.com/usa/article/detail/T0341633EN_US/the-bmw-group-at-the-iaa-mobility-2021-in-munich,,2021,skip,category 2
2020-09-30,The New 2021 BMW 4 Series Convertible,https://www.press.bmwgroup.com/usa/article/detail/T0317974EN_US/the-new-2021-bmw-4-series-convertible,,2021,skip,category 1
2020-06-02,The New 2021 BMW 4 Series Coupe,https://www.press.bmwgroup.com/usa/article/detail/T0309161EN_US/the-new-2021-bmw-4-series-coupe,,2021,skip,category 1
2022-12-14,2022 BMW Championship in Delaware Raises More Than $4.5 Million for Evans Scholars.,https://www.press.bmwgroup.com/usa/article/detail/T0406703EN_US/2022-bmw-championship-in-delaware-raises-more-than-4-5-million-for-evans-scholars,,2022,skip,category 1
2022-12-12,2022 BMW M Sports Trophy winners confirmed.,https://www.press.bmwgroup.com/usa/article/detail/T0406650EN_US/2022-bmw-m-sports-trophy-winners-confirmed,,2022,skip,category 1
2022-04-14,BMW Customer Racing Teams Post A 25 Car Strong Entry for 2022 SRO Opener at Sonoma Raceway.,https://www.press.bmwgroup.com/usa/article/detail/T0381754EN_US/bmw-customer-racing-teams-post-a-25-car-strong-entry-for-2022-sro-opener-at-sonoma-raceway,,2022,skip,category 1
2021-08-30,BMW Customer Racing Teams Win Big at Road America; 2022 BMW M4 GT3 Introduced to Teams.,https://www.press.bmwgroup.com/usa/article/detail/T0341172EN_US/bmw-customer-racing-teams-win-big-at-road-america;-2022-bmw-m4-gt3-introduced-to-teams,,2022,skip,category 1
2022-05-05,BMW Group Quarterly Statement to 31 March 2022,https://www.press.bmwgroup.com/usa/article/detail/T0387233EN_US/bmw-group-quarterly-statement-to-31-march-2022,,2022,skip,category 1
2021-12-30,BMW Group’s Consumer Electronics Show (CES) 2022 Press Conference Goes Digital.,https://www.press.bmwgroup.com/usa/article/detail/T0363453EN_US/bmw-group’s-consumer-electronics-show-ces-2022-press-conference-goes-digital,,2022,skip,category 1
2021-11-24,BMW M Prepares for 50th Anniversary Celebration in 2022.,https://www.press.bmwgroup.com/usa/article/detail/T0361274EN_US/bmw-m-prepares-for-50th-anniversary-celebration-in-2022,,2022,skip,category 1
2022-05-02,BMW M Team RLL BMW M4 GT3 Scores First Podium of 2022 with Third Place GTD PRO Finish at Laguna Seca.,https://www.press.bmwgroup.com/usa/article/detail/T0385333EN_US/bmw-m-team-rll-bmw-m4-gt3-scores-first-podium-of-2022-with-third-place-gtd-pro-finish-at-laguna-seca,,2022,skip,category 1
2022-09-27,BMW M Team RLL Closes Out 2022 IMSA Season and BMW M4 GT3 GTD PRO Campaign at Petit Le Mans; Jesse Krohn Returns.,https://www.press.bmwgroup.com/usa/article/detail/T0404098EN_US/bmw-m-team-rll-closes-out-2022-imsa-season-and-bmw-m4-gt3-gtd-pro-campaign-at-petit-le-mans;-jesse-krohn-returns,,2022,skip,category 1
2021-12-15,BMW Motorrad Rider Equipment Collection 2022.,https://www.press.bmwgroup.com/usa/article/detail/T0362391EN_US/bmw-motorrad-rider-equipment-collection-2022,,2022,skip,category 2
2022-11-10,BMW iX Flow named to TIME’s List of Best Inventions 2022.,https://www.press.bmwgroup.com/usa/article/detail/T0405598EN_US/bmw-ix-flow-named-to-time’s-list-of-best-inventions-2022,,2022,skip,category 1
2022-11-17,BMW is official partner of Art Basel in Miami Beach 2022. On the occasion Superblue and BMW i will present Rafael Lozano-Hemmer: “Pulse Topology”.,https://www.press.bmwgroup.com/usa/article/detail/T0405773EN_US/bmw-is-official-partner-of-art-basel-in-miami-beach-2022-on-the-occasion-superblue-and-bmw-i-will-present-rafael-lozano-hemmer:-“pulse-topology”,,2022,skip,category 1
2022-03-29,"BMW of North America Announces 2022 Center of Excellence Award Winners, Recognizing the Best BMW Dealerships in the U.S.",https://www.press.bmwgroup.com/usa/article/detail/T0376974EN_US/bmw-of-north-america-announces-2022-center-of-excellence-award-winners-recognizing-the-best-bmw-dealerships-in-the-u-s,,2022,skip,category 1
2022-04-01,BMW of North America Reports Q1 2022 U.S. Sales Results.,https://www.press.bmwgroup.com/usa/article/detail/T0377933EN_US/bmw-of-north-america-reports-q1-2022-u-s-sales-results,,2022,skip,category 1
2022-07-01,BMW of North America Reports Q2 2022 U.S. Sales Results.,https://www.press.bmwgroup.com/usa/article/detail/T0401998EN_US/bmw-of-north-america-reports-q2-2022-u-s-sales-results,,2022,skip,category 1
2022-10-03,BMW of North America Reports Q3 2022 U.S. Sales Results.,https://www.press.bmwgroup.com/usa/article/detail/T0404341EN_US/bmw-of-north-america-reports-q3-2022-u-s-sales-results,,2022,skip,category 1
2023-01-04,BMW of North America Reports Q4 2022 and Full Year 2022 U.S. Sales Results.,https://www.press.bmwgroup.com/usa/article/detail/T0407207EN_US/bmw-of-north-america-reports-q4-2022-and-full-year-2022-u-s-sales-results,,2022,skip,category 1
2021-10-28,BMW to Open BMW M Driving Experience Center at Indianapolis Motor Speedway in 2022.,https://www.press.bmwgroup.com/usa/article/detail/T0353352EN_US/bmw-to-open-bmw-m-driving-experience-center-at-indianapolis-motor-speedway-in-2022,,2022,skip,category 1
2022-04-21,"BMW’s Annual Ultimate Driving Experience Returns for 2022, Highlighting New “Ultimate Electric Driving Machines.”",https://www.press.bmwgroup.com/usa/article/detail/T0383373EN_US/bmw’s-annual-ultimate-driving-experience-returns-for-2022-highlighting-new-“ultimate-electric-driving-machines-”,,2022,skip,category 1
2022-03-08,Bill Auberlen To Start Race Number 500 For BMW at 2022 Sebring 12 Hour; IMSA All-Time Victory Leader Will Be Added To Motorsports Walk Of Fame in Long Beach on April 7th.,https://www.press.bmwgroup.com/usa/article/detail/T0372255EN_US/bill-auberlen-to-start-race-number-500-for-bmw-at-2022-sebring-12-hour;-imsa-all-time-victory-leader-will-be-added-to-motorsports-walk-of-fame-in-long-beach-on-april-7th,,2022,skip,category 1
2022-07-11,MINI TAKES THE STATES 2022 HITS THE ROAD FOR ANOTHER EPIC ADVENTURE.,https://www.press.bmwgroup.com/usa/article/detail/T0402226EN_US/mini-takes-the-states-2022-hits-the-road-for-another-epic-adventure,,2022,skip,category 1
2022-10-14,MINI USA AND THE MINI JOHN COOPER WORKS RACE TEAM FINISH 2022 SEASON AS RUNNER UP IN MANUFACTURERS CHAMPIONSHIP IN BOTH TC AND TCA CLASSES.,https://www.press.bmwgroup.com/usa/article/detail/T0404713EN_US/mini-usa-and-the-mini-john-cooper-works-race-team-finish-2022-season-as-runner-up-in-manufacturers-championship-in-both-tc-and-tca-classes,,2022,skip,category 1
2021-04-20,MINI USA ANNOUNCES LAUNCH OF 2022 MINI OXFORD EDITION HARDTOPS.  HOLDS MSRP AT ORIGINAL MODEL YEAR 2018 PRICING.,https://www.press.bmwgroup.com/usa/article/detail/T0330329EN_US/mini-usa-announces-launch-of-2022-mini-oxford-edition-hardtops-holds-msrp-at-original-model-year-2018-pricing,,2022,skip,category 1
2022-07-22,"MINI USA CELEBRATES NATIONAL DAY OF MOTORING, HIGHLIGHTING THE CONCLUSION OF EPIC MINI ROADTRIP, “MINI TAKES THE STATES 2022”.",https://www.press.bmwgroup.com/usa/article/detail/T0402461EN_US/mini-usa-celebrates-national-day-of-motoring-highlighting-the-conclusion-of-epic-mini-roadtrip-“mini-takes-the-states-2022”,,2022,skip,category 1
2021-07-29,"MINI USA CONFIRMS MINI TAKES THE STATES 2022 WILL TAKE PLACE FROM JULY 9 – 17, 2022.",https://www.press.bmwgroup.com/usa/article/detail/T0338707EN_US/mini-usa-confirms-mini-takes-the-states-2022-will-take-place-from-july-9-–-17-2022,,2022,skip,category 1
2022-01-20,"MINI USA CONFIRMS MINI TAKES THE STATES, ANNOUNCING OFFICIAL ROUTE FOR 2022 EVENT.",https://www.press.bmwgroup.com/usa/article/detail/T0365073EN_US/mini-usa-confirms-mini-takes-the-states-announcing-official-route-for-2022-event,,2022,skip,category 1
2022-07-06,MINI USA CONFIRMS SPONSORS FOR MINI TAKES THE STATES 2022.,https://www.press.bmwgroup.com/usa/article/detail/T0402121EN_US/mini-usa-confirms-sponsors-for-mini-takes-the-states-2022,,2022,skip,category 1
2021-06-29,MINI USA MAKES SIRIUSXM STANDARD FEATURE ON  FULL 2022 MODEL YEAR LINEUP.,https://www.press.bmwgroup.com/usa/article/detail/T0336703EN_US/mini-usa-makes-siriusxm-standard-feature-on-full-2022-model-year-lineup,,2022,skip,category 1
2022-04-13,MINI USA OFFICIALLY OPENS REGISTRATION FOR  MINI TAKES THE STATES 2022.,https://www.press.bmwgroup.com/usa/article/detail/T0381333EN_US/mini-usa-officially-opens-registration-for-mini-takes-the-states-2022,,2022,skip,category 1
2021-05-28,MINI USA SHOWCASES 2022 CONVERTIBLES AND HARDTOPS WITH AR EXPERIENCE AND “LOOKING GLASS BUS” IN NEW YORK CITY.,https://www.press.bmwgroup.com/usa/article/detail/T0333909EN_US/mini-usa-showcases-2022-convertibles-and-hardtops-with-ar-experience-and-“looking-glass-bus”-in-new-york-city,,2022,skip,category 1
2021-06-14,MODEL YEAR 2022 MINI LINEUP PRICING AND EQUIPMENT UPDATES.,https://www.press.bmwgroup.com/usa/article/detail/T0335389EN_US/model-year-2022-mini-lineup-pricing-and-equipment-updates,,2022,skip,category 2
2019-12-09,New icon for BMW M Customer Racing: BMW M4 GT3 to take to the track in 2022.,https://www.press.bmwgroup.com/usa/article/detail/T0303604EN_US/new-icon-for-bmw-m-customer-racing:-bmw-m4-gt3-to-take-to-the-track-in-2022,,2022,skip,category 1
2022-10-25,"On the occasion of Art Basel in Miami Beach 2022 Superblue and BMW i present Rafael Lozano-Hemmer: “Pulse Topology”.  3,000 lightbulbs to create an immersive chorus of heartbeats.",https://www.press.bmwgroup.com/usa/article/detail/T0405065EN_US/on-the-occasion-of-art-basel-in-miami-beach-2022-superblue-and-bmw-i-present-rafael-lozano-hemmer:-“pulse-topology”-3-000-lightbulbs-to-create-an-immersive-chorus-of-heartbeats,,2022,skip,category 1
2022-08-22,Patrick Cantlay Wins the 2022 BMW Championship at Wilmington Country Club to Become First Repeat Winner.,https://www.press.bmwgroup.com/usa/article/detail/T0403141EN_US/patrick-cantlay-wins-the-2022-bmw-championship-at-wilmington-country-club-to-become-first-repeat-winner,,2022,skip,category 1
2022-03-16,"Statement Dr Nicolas Peter, Member of the Board of Management of BMW AG, Finance, Annual Conference 2022",https://www.press.bmwgroup.com/usa/article/detail/T0374540EN_US/statement-dr-nicolas-peter-member-of-the-board-of-management-of-bmw-ag-finance-annual-conference-2022,,2022,skip,category 5
2022-11-03,"Statement Dr Nicolas Peter, Member of the Board of Management of BMW AG, Finance, Conference Call Quarterly Report to 30 September 2022",https://www.press.bmwgroup.com/usa/article/detail/T0405345EN_US/statement-dr-nicolas-peter-member-of-the-board-of-management-of-bmw-ag-finance-conference-call-quarterly-report-to-30-september-2022,,2022,skip,category 5
2022-05-05,"Statement Dr Nicolas Peter, Member of the Board of Management of BMW AG, Finance, Conference Call Quarterly Statement to 31 March 2022",https://www.press.bmwgroup.com/usa/article/detail/T0387235EN_US/statement-dr-nicolas-peter-member-of-the-board-of-management-of-bmw-ag-finance-conference-call-quarterly-statement-to-31-march-2022,,2022,skip,category 5
2022-03-16,"Statement Oliver Zipse, Chairman of the Board of Management of BMW AG, Annual Conference 2022",https://www.press.bmwgroup.com/usa/article/detail/T0374538EN_US/statement-oliver-zipse-chairman-of-the-board-of-management-of-bmw-ag-annual-conference-2022,,2022,skip,category 5
2022-05-05,"Statement Oliver Zipse, Chairman of the Board of Management of BMW AG, Conference Call Quarterly Statement to 31 March 2022",https://www.press.bmwgroup.com/usa/article/detail/T0387234EN_US/statement-oliver-zipse-chairman-of-the-board-of-management-of-bmw-ag-conference-call-quarterly-statement-to-31-march-2022,,2022,skip,category 5
2022-08-15,"The 2022 BMW Championship Kicks Off This Week at Wilmington Country Club in Wilmington, DE.",https://www.press.bmwgroup.com/usa/article/detail/T0402954EN_US/the-2022-bmw-championship-kicks-off-this-week-at-wilmington-country-club-in-wilmington-de,,2022,skip,category 1
2021-07-07,The New 2022 BMW 2 Series Coupe.,https://www.press.bmwgroup.com/usa/article/detail/T0337210EN_US/the-new-2022-bmw-2-series-coupe,,2022,skip,category 1
2021-03-24,The New 2022 BMW ALPINA B8 Gran Coupé,https://www.press.bmwgroup.com/usa/article/detail/T0328495EN_US/the-new-2022-bmw-alpina-b8-gran-coupé,,2022,skip,category 1
2021-12-23,The New 2022 BMW i4 eDrive40 and i4 M50.,https://www.press.bmwgroup.com/usa/article/detail/T0334247EN_US/the-new-2022-bmw-i4-edrive40-and-i4-m50,,2022,skip,category 2
2021-12-23,The New 2022 BMW iX xDrive50.,https://www.press.bmwgroup.com/usa/article/detail/T0334227EN_US/the-new-2022-bmw-ix-xdrive50,,2022,skip,category 2
2021-03-25,The new 2022 BMW C 400 GT.,https://www.press.bmwgroup.com/usa/article/detail/T0328511EN_US/the-new-2022-bmw-c-400-gt,,2022,skip,category 1
2021-07-29,The new 2022 BMW R 18 B and R 18 Transcontinental.,https://www.press.bmwgroup.com/usa/article/detail/T0338705EN_US/the-new-2022-bmw-r-18-b-and-r-18-transcontinental,,2022,skip,category 1
2022-08-21,"Viktor Hovland’s Hole-in-One at the 2022 BMW Championship Results in BMW’s Donation of Full, Four-Year Evans Scholarship in His Name.",https://www.press.bmwgroup.com/usa/article/detail/T0403138EN_US/viktor-hovland’s-hole-in-one-at-the-2022-bmw-championship-results-in-bmw’s-donation-of-full-four-year-evans-scholarship-in-his-name,,2022,skip,category 1
2020-11-17,WILMINGTON COUNTRY CLUB TO HOST 2022 BMW CHAMPIONSHIP,https://www.press.bmwgroup.com/usa/article/detail/T0320870EN_US/wilmington-country-club-to-host-2022-bmw-championship,,2022,skip,category 1
2023-12-14,2023 BMW Championship at Olympia Fields Country Club Raises $5.5 Million for Evans Scholars Foundation.,https://www.press.bmwgroup.com/usa/article/detail/T0438794EN_US/2023-bmw-championship-at-olympia-fields-country-club-raises-5-5-million-for-evans-scholars-foundation,,2023,skip,category 1
2022-01-26,2023 BMW M8 Competition.,https://www.press.bmwgroup.com/usa/article/detail/T0365595EN_US/2023-bmw-m8-competition,,2023,skip,category 1
2022-06-30,2023 BMW Motorrad USA Model Year Update Guide.,https://www.press.bmwgroup.com/usa/article/detail/T0401918EN_US/2023-bmw-motorrad-usa-model-year-update-guide,,2023,skip,category 1
2023-10-15,2023 IMSA season finale: BMW M Team RLL finishes seventh and eighth in eventful Petit Le Mans – GTD podium for Turner Motorsport.,https://www.press.bmwgroup.com/usa/article/detail/T0437708EN_US/2023-imsa-season-finale:-bmw-m-team-rll-finishes-seventh-and-eighth-in-eventful-petit-le-mans-–-gtd-podium-for-turner-motorsport,,2023,skip,category 1
2023-09-20,All roads lead to Rome: Watch the 2023 Ryder Cup Broadcast Live in Select BMW Models.,https://www.press.bmwgroup.com/usa/article/detail/T0437122EN_US/all-roads-lead-to-rome:-watch-the-2023-ryder-cup-broadcast-live-in-select-bmw-models,,2023,skip,category 1
2023-05-04,BMW Group Quarterly Statement to 31 March 2023,https://www.press.bmwgroup.com/usa/article/detail/T0415404EN_US/bmw-group-quarterly-statement-to-31-march-2023,,2023,skip,category 1
2023-03-15,BMW Group expects profitable growth in 2023 – through dynamic BEV ramp-up and high-end premium segment,https://www.press.bmwgroup.com/usa/article/detail/T0411002EN_US/bmw-group-expects-profitable-growth-in-2023-–-through-dynamic-bev-ramp-up-and-high-end-premium-segment,,2023,skip,category 1
2022-10-11,BMW Group partners with AirConsole to bring casual gaming into vehicles in 2023.,https://www.press.bmwgroup.com/usa/article/detail/T0404622EN_US/bmw-group-partners-with-airconsole-to-bring-casual-gaming-into-vehicles-in-2023,,2023,skip,category 1
2023-08-21,BMW Motorrad Motorsport Customer Racing Teams MotoAmerica Superbikes at Pittsburgh Weekend 2023.,https://www.press.bmwgroup.com/usa/article/detail/T0430519EN_US/bmw-motorrad-motorsport-customer-racing-teams-motoamerica-superbikes-at-pittsburgh-weekend-2023,,2023,skip,category 1
2023-03-30,BMW NA Customer Racing Teams Open 2023 SRO Season at Sonoma. Samantha Tan Named BMW M Motorsport Ambassador.,https://www.press.bmwgroup.com/usa/article/detail/T0412158EN_US/bmw-na-customer-racing-teams-open-2023-sro-season-at-sonoma-samantha-tan-named-bmw-m-motorsport-ambassador,,2023,skip,category 1
2023-11-29,BMW and Alex Israel to Unveil AI-Powered Installation “REMEMBR” at Art Basel Miami Beach 2023.,https://www.press.bmwgroup.com/usa/article/detail/T0438580EN_US/bmw-and-alex-israel-to-unveil-ai-powered-installation-“remembr”-at-art-basel-miami-beach-2023,,2023,skip,category 1
2023-03-02,"BMW of North America Announces 2023 Center of Excellence Award Winners, Recognizing the Best BMW Dealerships in the U.S.",https://www.press.bmwgroup.com/usa/article/detail/T0410080EN_US/bmw-of-north-america-announces-2023-center-of-excellence-award-winners-recognizing-the-best-bmw-dealerships-in-the-u-s,,2023,skip,category 1
2023-01-24,BMW of North America Customer Racing Programs Go from Strength to Strength in 2023.,https://www.press.bmwgroup.com/usa/article/detail/T0407802EN_US/bmw-of-north-america-customer-racing-programs-go-from-strength-to-strength-in-2023,,2023,skip,category 1
2023-03-10,BMW of North America Joins the 2023 BNP Paribas Open as Official Premium Automotive Partner.,https://www.press.bmwgroup.com/usa/article/detail/T0410678EN_US/bmw-of-north-america-joins-the-2023-bnp-paribas-open-as-official-premium-automotive-partner,,2023,skip,category 1
2023-04-03,BMW of North America Reports Q1 2023 U.S. Sales Results.,https://www.press.bmwgroup.com/usa/article/detail/T0412478EN_US/bmw-of-north-america-reports-q1-2023-u-s-sales-results,,2023,skip,category 1
2023-07-05,BMW of North America Reports Q2 2023 U.S. Sales Results.,https://www.press.bmwgroup.com/usa/article/detail/T0422961EN_US/bmw-of-north-america-reports-q2-2023-u-s-sales-results,,2023,skip,category 1
2023-10-04,BMW of North America Reports Q3 2023 U.S. Sales Results.,https://www.press.bmwgroup.com/usa/article/detail/T0437448EN_US/bmw-of-north-america-reports-q3-2023-u-s-sales-results,,2023,skip,category 1
2024-01-03,BMW of North America Reports Q4 2023 and Full Year 2023 U.S. Sales Results.,https://www.press.bmwgroup.com/usa/article/detail/T0438942EN_US/bmw-of-north-america-reports-q4-2023-and-full-year-2023-u-s-sales-results,,2023,skip,category 1
2023-03-23,BMW’s “Ultimate Driving Experience” Returns with Expanded List of U.S. Cities for 2023.,https://www.press.bmwgroup.com/usa/article/detail/T0411742EN_US/bmw’s-“ultimate-driving-experience”-returns-with-expanded-list-of-u-s-cities-for-2023,,2023,skip,category 1
2022-11-07,"CELEBRATING INTERNATIONAL POLAR BEAR WEEK,  MINI USA REVEALS 2023 MINI COOPER ELECTRIC SE IN NEW NANUQ WHITE COLOR INFLUENCED BY MINI FANS.",https://www.press.bmwgroup.com/usa/article/detail/T0405501EN_US/celebrating-international-polar-bear-week-mini-usa-reveals-2023-mini-cooper-electric-se-in-new-nanuq-white-color-influenced-by-mini-fans,,2023,skip,category 1
2023-10-13,CLAY WILLIAMS WINS DRIVER’S CHAMPIONSHIP IN THE TOURING CAR CLASS OF THE 2023 SRO TC AMERICA SERIES.,https://www.press.bmwgroup.com/usa/article/detail/T0437694EN_US/clay-williams-wins-driver’s-championship-in-the-touring-car-class-of-the-2023-sro-tc-america-series,,2023,skip,category 1
2022-09-15,Garrett Gerloff joins the BMW Motorrad Motorsport family in 2023.,https://www.press.bmwgroup.com/usa/article/detail/T0403771EN_US/garrett-gerloff-joins-the-bmw-motorrad-motorsport-family-in-2023,,2023,skip,category 1
2023-03-30,MINI USA AND THE MINI JOHN COOPER WORKS RACE TEAM GEARS UP FOR 2023 SRO TC AMERICA SEASON AS RUNNER UP IN MANUFACTURERS CHAMPIONSHIP IN BOTH TC AND TCA CLASSES.,https://www.press.bmwgroup.com/usa/article/detail/T0412246EN_US/mini-usa-and-the-mini-john-cooper-works-race-team-gears-up-for-2023-sro-tc-america-season-as-runner-up-in-manufacturers-championship-in-both-tc-and-tca-classes,,2023,skip,category 1
2023-03-02,"MINI USA ANNOUNCES SECOND ANNUAL 2023 GOLDEN BULLDOG AWARD WINNERS, HIGHLIGHTING THE BEST MINI DEALERSHIPS IN THE U.S.",https://www.press.bmwgroup.com/usa/article/detail/T0410126EN_US/mini-usa-announces-second-annual-2023-golden-bulldog-award-winners-highlighting-the-best-mini-dealerships-in-the-u-s,,2023,skip,category 1
2022-02-09,MINI USA ANNOUNCES THREE NEW UNIQUE SPECIAL EDITIONS  FOR MODEL YEAR 2023,https://www.press.bmwgroup.com/usa/article/detail/T0367193EN_US/mini-usa-announces-three-new-unique-special-editions-for-model-year-2023,,2023,skip,category 1
2022-02-24,MODEL YEAR 2023 MINI LINEUP PRICING AND EQUIPMENT UPDATES.,https://www.press.bmwgroup.com/usa/article/detail/T0370933EN_US/model-year-2023-mini-lineup-pricing-and-equipment-updates,,2023,skip,category 1
2022-09-07,On the market from 2023: BMW and MINI models with vegan interiors.,https://www.press.bmwgroup.com/usa/article/detail/T0403474EN_US/on-the-market-from-2023:-bmw-and-mini-models-with-vegan-interiors,,2023,skip,category 1
2023-04-10,Sebring Podium Propels BMW M Team RLL to Long Beach for Round Three of 2023 IMSA GTP Championship.,https://www.press.bmwgroup.com/usa/article/detail/T0412838EN_US/sebring-podium-propels-bmw-m-team-rll-to-long-beach-for-round-three-of-2023-imsa-gtp-championship,,2023,skip,category 1
2022-10-07,Sheldon van der Linde and Marco Wittmann to start at the Daytona and Sebring in the BMW M Hybrid V8 in 2023.,https://www.press.bmwgroup.com/usa/article/detail/T0404462EN_US/sheldon-van-der-linde-and-marco-wittmann-to-start-at-the-daytona-and-sebring-in-the-bmw-m-hybrid-v8-in-2023,,2023,skip,category 1
2023-08-03,"Statement  Walter Mertl Member of the Board of Management of BMW AG, Finance Conference Call Half-Year Report to 30 June 2023",https://www.press.bmwgroup.com/usa/article/detail/T0427479EN_US/statement-walter-mertl-member-of-the-board-of-management-of-bmw-ag-finance-conference-call-half-year-report-to-30-june-2023,,2023,skip,category 5
2023-08-03,"Statement Oliver Zipse, Chairman of the Board of Management of BMW AG, Conference Call Quarterly Statement to 30 June 2023",https://www.press.bmwgroup.com/usa/article/detail/T0427478EN_US/statement-oliver-zipse-chairman-of-the-board-of-management-of-bmw-ag-conference-call-quarterly-statement-to-30-june-2023,,2023,skip,category 5
2023-11-06,"Statement Oliver Zipse, Chairman of the Board of Management of BMW AG, Conference Call Quarterly Statement to 30 September 2023",https://www.press.bmwgroup.com/usa/article/detail/T0438195EN_US/statement-oliver-zipse-chairman-of-the-board-of-management-of-bmw-ag-conference-call-quarterly-statement-to-30-september-2023,,2023,skip,category 1
2023-05-04,"Statement Oliver Zipse, Chairman of the Board of Management of BMW AG, Conference Call Quarterly Statement to 31 March 2023",https://www.press.bmwgroup.com/usa/article/detail/T0415402EN_US/statement-oliver-zipse-chairman-of-the-board-of-management-of-bmw-ag-conference-call-quarterly-statement-to-31-march-2023,,2023,skip,category 1
2023-11-03,"Statement Walter Mertl Member of the Board of Management of BMW AG, Finance, Conference Call Quarterly Statement to 30 September 2023",https://www.press.bmwgroup.com/usa/article/detail/T0438197EN_US/statement-walter-mertl-member-of-the-board-of-management-of-bmw-ag-finance-conference-call-quarterly-statement-to-30-september-2023,,2023,skip,category 1
2023-03-15,"Statement and Presentation Dr Nicolas Peter, Member of the Board of Management of BMW AG, Finance, BMW Group Annual Conference 2023",https://www.press.bmwgroup.com/usa/article/detail/T0411005EN_US/statement-and-presentation-dr-nicolas-peter-member-of-the-board-of-management-of-bmw-ag-finance-bmw-group-annual-conference-2023,,2023,skip,category 5
2023-05-04,"Statement and Presentation Dr Nicolas Peter, Member of the Board of Management of BMW AG, Finance, Conference Call Quarterly Statement to 31 March 2023",https://www.press.bmwgroup.com/usa/article/detail/T0415403EN_US/statement-and-presentation-dr-nicolas-peter-member-of-the-board-of-management-of-bmw-ag-finance-conference-call-quarterly-statement-to-31-march-2023,,2023,skip,category 1
2023-03-15,"Statement and Presentation Oliver Zipse, Chairman of the Board of Management of BMW AG, BMW Group Annual Conference  2023",https://www.press.bmwgroup.com/usa/article/detail/T0411004EN_US/statement-and-presentation-oliver-zipse-chairman-of-the-board-of-management-of-bmw-ag-bmw-group-annual-conference-2023,,2023,skip,category 1
2024-03-21,"Strong today, strong tomorrow: BMW Group maintains course for successful future, building on strong 2023.",https://www.press.bmwgroup.com/usa/article/detail/T0440590EN_US/strong-today-strong-tomorrow:-bmw-group-maintains-course-for-successful-future-building-on-strong-2023,,2023,skip,category 1
2023-04-24,Successful sprint through the Green Hell: Bulldog Racing's MINI John Cooper Works at the second race of the Rundstrecken-Challenge Nürburgring 2023.,https://www.press.bmwgroup.com/usa/article/detail/T0414179EN_US/successful-sprint-through-the-green-hell:-bulldog-racing-s-mini-john-cooper-works-at-the-second-race-of-the-rundstrecken-challenge-nuerburgring-2023,,2023,skip,category 1
2022-02-16,TRADITION MEETS THE FUTURE:  THE 2023 MINI COOPER SE RESOLUTE EDITION.,https://www.press.bmwgroup.com/usa/article/detail/T0368733EN_US/tradition-meets-the-future:-the-2023-mini-cooper-se-resolute-edition,,2023,skip,category 1
2022-10-27,The 2023 BMW R 1250 R.,https://www.press.bmwgroup.com/usa/article/detail/T0405142EN_US/the-2023-bmw-r-1250-r,,2023,skip,category 1
2022-12-15,The 2023 BMW R nineT 100 Years and R 18 100 Years Editions.,https://www.press.bmwgroup.com/usa/article/detail/T0406705EN_US/the-2023-bmw-r-ninet-100-years-and-r-18-100-years-editions,,2023,skip,category 1
2022-01-26,The 2023 BMW X2 Edition GoldPlay,https://www.press.bmwgroup.com/usa/article/detail/T0365554EN_US/the-2023-bmw-x2-edition-goldplay,,2023,skip,category 1
2022-09-28,The 2023 BMW Z4 Roadster: Pure driving pleasure.,https://www.press.bmwgroup.com/usa/article/detail/T0404166EN_US/the-2023-bmw-z4-roadster:-pure-driving-pleasure,,2023,skip,category 1
2022-08-01,The 2023 BMW i4 eDrive35.,https://www.press.bmwgroup.com/usa/article/detail/T0402661EN_US/the-2023-bmw-i4-edrive35,,2023,skip,category 1
2022-01-05,"The 2023 BMW iX M60 – the best of three worlds: i, X, and M.",https://www.press.bmwgroup.com/usa/article/detail/T0363455EN_US/the-2023-bmw-ix-m60-–-the-best-of-three-worlds:-i-x-and-m,,2023,skip,category 1
2022-01-26,"The New 2023 8 Series Coupe, Convertible, and Gran Coupe.",https://www.press.bmwgroup.com/usa/article/detail/T0365413EN_US/the-new-2023-8-series-coupe-convertible-and-gran-coupe,,2023,skip,category 1
2022-06-01,The all-new 2023 BMW X1.,https://www.press.bmwgroup.com/usa/article/detail/T0394853EN_US/the-all-new-2023-bmw-x1,,2023,skip,category 1
2022-10-12,The new 2023 BMW M 1000 RR.,https://www.press.bmwgroup.com/usa/article/detail/T0404585EN_US/the-new-2023-bmw-m-1000-rr,,2023,skip,category 1
2023-08-21,Viktor Hovland Wins the 2023 BMW Championship at Olympia Fields Country Club after Shooting a Course-Record 61 in Final Round.,https://www.press.bmwgroup.com/usa/article/detail/T0430178EN_US/viktor-hovland-wins-the-2023-bmw-championship-at-olympia-fields-country-club-after-shooting-a-course-record-61-in-final-round,,2023,skip,category 1
2022-09-23,World Premiere in Los Angeles: BMW M Motorsport unveils the BMW M Hybrid V8 in its race livery and announces 2023 IMSA Season drivers.,https://www.press.bmwgroup.com/usa/article/detail/T0403956EN_US/world-premiere-in-los-angeles:-bmw-m-motorsport-unveils-the-bmw-m-hybrid-v8-in-its-race-livery-and-announces-2023-imsa-season-drivers,,2023,skip,category 1
2024-12-17,2024 BMW Championship at Castle Pines Golf Club Raises Record $10.2 Million for Evans Scholars Foundation.,https://www.press.bmwgroup.com/usa/article/detail/T0447055EN_US/2024-bmw-championship-at-castle-pines-golf-club-raises-record-10-2-million-for-evans-scholars-foundation,,2024,skip,category 1
2024-09-20,"BMW Group Returns as Official Partner of Climate Week NYC 2024, Announces Full Slate of Programming for September 24.",https://www.press.bmwgroup.com/usa/article/detail/T0445168EN_US/bmw-group-returns-as-official-partner-of-climate-week-nyc-2024-announces-full-slate-of-programming-for-september-24,,2024,skip,category 1
2024-08-26,"BMW M Motorsport News, 26th August 2024.",https://www.press.bmwgroup.com/usa/article/detail/T0444674EN_US/bmw-m-motorsport-news-26th-august-2024,,2024,skip,category 1
2022-07-26,BMW M Motorsport returns to Le Mans with the BMW M Hybrid V8: WEC involvement from 2024.,https://www.press.bmwgroup.com/usa/article/detail/T0402547EN_US/bmw-m-motorsport-returns-to-le-mans-with-the-bmw-m-hybrid-v8:-wec-involvement-from-2024,,2024,skip,category 1
2024-12-17,"BMW M Motorsport season review 2024: 215 wins, over 1,000 races, and over 1,000,000 kilometres.",https://www.press.bmwgroup.com/usa/article/detail/T0447063EN_US/bmw-m-motorsport-season-review-2024:-215-wins-over-1-000-races-and-over-1-000-000-kilometres,,2024,skip,category 1
2023-01-26,BMW Motorrad International GS Trophy 2024 Namibia.,https://www.press.bmwgroup.com/usa/article/detail/T0407975EN_US/bmw-motorrad-international-gs-trophy-2024-namibia,,2024,skip,category 1
2024-10-31,BMW Motorrad International GS Trophy 2024 Namibia. Recap.,https://www.press.bmwgroup.com/usa/article/detail/T0446077EN_US/bmw-motorrad-international-gs-trophy-2024-namibia-recap,,2024,skip,category 1
2023-06-30,BMW Motorrad USA 2024 Model Year Update.,https://www.press.bmwgroup.com/usa/article/detail/T0422499EN_US/bmw-motorrad-usa-2024-model-year-update,,2024,skip,category 1
2024-05-21,BMW Motorrad USA announces BMW Motorrad Days Americas 2024.,https://www.press.bmwgroup.com/usa/article/detail/T0440879EN_US/bmw-motorrad-usa-announces-bmw-motorrad-days-americas-2024,,2024,skip,category 1
2024-06-20,BMW Motorrad presents the R 1300 GS Trophy Competition and  F 900 GS Trophy Marshal Bikes for the BMW Motorrad International GS Trophy 2024 Namibia.,https://www.press.bmwgroup.com/usa/article/detail/T0443257EN_US/bmw-motorrad-presents-the-r-1300-gs-trophy-competition-and-f-900-gs-trophy-marshal-bikes-for-the-bmw-motorrad-international-gs-trophy-2024-namibia,,2024,skip,category 1
2024-01-08,BMW at the Consumer Electronics Show (CES) 2024.,https://www.press.bmwgroup.com/usa/article/detail/T0438991EN_US/bmw-at-the-consumer-electronics-show-ces-2024,,2024,skip,category 1
2024-03-27,"BMW of North America Announces 2024 Center of Excellence Award Winners, Recognizing the Best BMW Dealerships in the U.S.",https://www.press.bmwgroup.com/usa/article/detail/T0440719EN_US/bmw-of-north-america-announces-2024-center-of-excellence-award-winners-recognizing-the-best-bmw-dealerships-in-the-u-s,,2024,skip,category 1
2024-04-02,BMW of North America Reports Q1 2024 U.S. Sales Results,https://www.press.bmwgroup.com/usa/article/detail/T0440865EN_US/bmw-of-north-america-reports-q1-2024-u-s-sales-results,,2024,skip,category 1
2024-07-03,BMW of North America Reports Q2 2024 U.S. Sales Results,https://www.press.bmwgroup.com/usa/article/detail/T0443558EN_US/bmw-of-north-america-reports-q2-2024-u-s-sales-results,,2024,skip,category 1
2024-10-02,BMW of North America Reports Q3 2024 U.S. Sales Results.,https://www.press.bmwgroup.com/usa/article/detail/T0445371EN_US/bmw-of-north-america-reports-q3-2024-u-s-sales-results,,2024,skip,category 1
2025-01-03,"BMW of North America Reports Q4 2024 U.S. Sales Results, Sets New Benchmarks for Annual Sales and BEV Sales.",https://www.press.bmwgroup.com/usa/article/detail/T0447290EN_US/bmw-of-north-america-reports-q4-2024-u-s-sales-results-sets-new-benchmarks-for-annual-sales-and-bev-sales,,2024,skip,category 1
2024-03-20,BMW’s ‘Ultimate Driving Experience’ Returns with More Models and Activities for 2024.,https://www.press.bmwgroup.com/usa/article/detail/T0440496EN_US/bmw’s-ultimate-driving-experience’-returns-with-more-models-and-activities-for-2024,,2024,skip,category 1
2022-05-11,Castle Pines Golf Club to Host 2024 BMW Championship.,https://www.press.bmwgroup.com/usa/article/detail/T0389073EN_US/castle-pines-golf-club-to-host-2024-bmw-championship,,2024,skip,category 1
2024-01-10,IMSA: BMW M Team RLL driver line-up confirmed for the 2024 GTP season – Jesse Krohn is the new regular driver.,https://www.press.bmwgroup.com/usa/article/detail/T0439053EN_US/imsa:-bmw-m-team-rll-driver-line-up-confirmed-for-the-2024-gtp-season-–-jesse-krohn-is-the-new-regular-driver,,2024,skip,category 1
2024-11-27,Intercultural Innovation Hub 2024: United Nations Alliance of Civilizations and BMW Group honor United States of America’s Grassroots Initiative “Content Creation Lab” during the 10th UNAOC Global Forum.,https://www.press.bmwgroup.com/usa/article/detail/T0446575EN_US/intercultural-innovation-hub-2024:-united-nations-alliance-of-civilizations-and-bmw-group-honor-united-states-of-america’s-grassroots-initiative-“content-creation-lab”-during-the-10th-unaoc-global-forum,,2024,skip,category 1
2024-08-26,Keegan Bradley Wins the 2024 BMW Championship at Castle Pines Golf Club.,https://www.press.bmwgroup.com/usa/article/detail/T0444665EN_US/keegan-bradley-wins-the-2024-bmw-championship-at-castle-pines-golf-club,,2024,skip,category 1
2024-07-25,MINI TAKES THE STATES 2024 COMES TO AN END AFTER EPIC JOURNEY THROUGH THE WESTERN U.S.,https://www.press.bmwgroup.com/usa/article/detail/T0444031EN_US/mini-takes-the-states-2024-comes-to-an-end-after-epic-journey-through-the-western-u-s,,2024,skip,category 1
2024-10-21,MINI USA AND THE MINI JOHN COOPER WORKS RACE TEAM LOOK BACK AT A SUCCESSFUL 2024 SEASON IN THE SRO TC AMERICA SERIES,https://www.press.bmwgroup.com/usa/article/detail/T0445838EN_US/mini-usa-and-the-mini-john-cooper-works-race-team-look-back-at-a-successful-2024-season-in-the-sro-tc-america-series,,2024,skip,category 1
2024-01-05,"MINI USA CONFIRMS MINI TAKES THE STATES 2024, ANNOUNCING OFFICIAL ROUTE ACROSS WESTERN U.S.",https://www.press.bmwgroup.com/usa/article/detail/T0438966EN_US/mini-usa-confirms-mini-takes-the-states-2024-announcing-official-route-across-western-u-s,,2024,skip,category 1
2024-06-21,MINI USA CONFIRMS PARTNERS FOR MINI TAKES THE STATES 2024.,https://www.press.bmwgroup.com/usa/article/detail/T0443262EN_US/mini-usa-confirms-partners-for-mini-takes-the-states-2024,,2024,skip,category 1
2024-04-08,MINI USA OFFICIALLY OPENS REGISTRATION FOR MINI TAKES THE STATES 2024.,https://www.press.bmwgroup.com/usa/article/detail/T0440951EN_US/mini-usa-officially-opens-registration-for-mini-takes-the-states-2024,,2024,skip,category 1
2023-02-16,MODEL YEAR 2024 MINI LINEUP PRICING AND EQUIPMENT UPDATES.,https://www.press.bmwgroup.com/usa/article/detail/T0409118EN_US/model-year-2024-mini-lineup-pricing-and-equipment-updates,,2024,skip,category 1
2024-05-08,Robust results within full-year guidance: BMW Group has a successful start to 2024,https://www.press.bmwgroup.com/usa/article/detail/T0441853EN_US/robust-results-within-full-year-guidance:-bmw-group-has-a-successful-start-to-2024,,2024,skip,category 1
2024-02-26,Samantha Tan Returns as BMW M Motorsport Global Ambassador in 2024; Successful Racer and Team Owner to Race in SRO GT World Challenge Championship.,https://www.press.bmwgroup.com/usa/article/detail/T0439910EN_US/samantha-tan-returns-as-bmw-m-motorsport-global-ambassador-in-2024;-successful-racer-and-team-owner-to-race-in-sro-gt-world-challenge-championship,,2024,skip,category 1
2024-03-21,"Statement Oliver Zipse, Chairman of the Board of Management of BMW AG, BMW Group Annual Conference 2024",https://www.press.bmwgroup.com/usa/article/detail/T0440591EN_US/statement-oliver-zipse-chairman-of-the-board-of-management-of-bmw-ag-bmw-group-annual-conference-2024,,2024,skip,category 1
2024-08-01,"Statement Oliver Zipse, Chairman of the Board of Management of BMW AG, Conference Call Half-Year Report to 30 June 2024",https://www.press.bmwgroup.com/usa/article/detail/T0444203EN_US/statement-oliver-zipse-chairman-of-the-board-of-management-of-bmw-ag-conference-call-half-year-report-to-30-june-2024,,2024,skip,category 5
2024-11-06,"Statement Oliver Zipse, Chairman of the Board of Management of BMW AG, Conference Call Quarterly Statement to 30 September 2024",https://www.press.bmwgroup.com/usa/article/detail/T0446217EN_US/statement-oliver-zipse-chairman-of-the-board-of-management-of-bmw-ag-conference-call-quarterly-statement-to-30-september-2024,,2024,skip,category 5
2024-05-08,"Statement Oliver Zipse, Chairman of the Board of Management of BMW AG, Conference Call Quarterly Statement to 31 March 2024",https://www.press.bmwgroup.com/usa/article/detail/T0441855EN_US/statement-oliver-zipse-chairman-of-the-board-of-management-of-bmw-ag-conference-call-quarterly-statement-to-31-march-2024,,2024,skip,category 5
2024-05-15,"Statement Oliver Zipse, Chairman of the Board of Management of BMW AG,104th Annual General Meeting of BMW AG on 15th May 2024, Livestream from BMW Welt in Munich",https://www.press.bmwgroup.com/usa/article/detail/T0442068EN_US/statement-oliver-zipse-chairman-of-the-board-of-management-of-bmw-ag-104th-annual-general-meeting-of-bmw-ag-on-15th-may-2024-livestream-from-bmw-welt-in-munich,,2024,skip,category 5
2024-05-08,"Statement Walter Mertl Member of the Board of Management of BMW AG, Finance, Conference Call Quarterly Statement to 31 March 2024",https://www.press.bmwgroup.com/usa/article/detail/T0441856EN_US/statement-walter-mertl-member-of-the-board-of-management-of-bmw-ag-finance-conference-call-quarterly-statement-to-31-march-2024,,2024,skip,category 1
2024-08-01,"Statement Walter Mertl, Member of the Board of Management of BMW AG, Finance, Conference Call Half-Year Report to 30 June 2024",https://www.press.bmwgroup.com/usa/article/detail/T0444204EN_US/statement-walter-mertl-member-of-the-board-of-management-of-bmw-ag-finance-conference-call-half-year-report-to-30-june-2024,,2024,skip,category 5
2024-11-06,"Statement Walter Mertl, Member of the Board of Management of BMW AG, Finance, Conference Call Quarterly Statement to 30 September 2024",https://www.press.bmwgroup.com/usa/article/detail/T0446218EN_US/statement-walter-mertl-member-of-the-board-of-management-of-bmw-ag-finance-conference-call-quarterly-statement-to-30-september-2024,,2024,skip,category 5
2024-03-21,"Statement and Presentation Walter Mertl, Member of the Board of Management of BMW AG, Finance, BMW Group Annual Conference 2024",https://www.press.bmwgroup.com/usa/article/detail/T0440592EN_US/statement-and-presentation-walter-mertl-member-of-the-board-of-management-of-bmw-ag-finance-bmw-group-annual-conference-2024,,2024,skip,category 5
2023-10-11,The All-New 2024 BMW X2.,https://www.press.bmwgroup.com/usa/article/detail/T0437576EN_US/the-all-new-2024-bmw-x2,,2024,skip,category 1
2023-07-07,The new 2024 BMW CE 02.,https://www.press.bmwgroup.com/usa/article/detail/T0423129EN_US/the-new-2024-bmw-ce-02,,2024,skip,category 1
2024-01-23,"The new 2024 BMW F 800 GS, F 900 GS, and F 900 GS Adventure.",https://www.press.bmwgroup.com/usa/article/detail/T0439213EN_US/the-new-2024-bmw-f-800-gs-f-900-gs-and-f-900-gs-adventure,,2024,skip,category 1
2023-10-26,The new 2024 BMW M 1000 XR.,https://www.press.bmwgroup.com/usa/article/detail/T0437959EN_US/the-new-2024-bmw-m-1000-xr,,2024,skip,category 2
2024-02-29,The new 2024 BMW R 12 nineT and R 12.,https://www.press.bmwgroup.com/usa/article/detail/T0439977EN_US/the-new-2024-bmw-r-12-ninet-and-r-12,,2024,skip,category 1
2023-09-28,The new 2024 BMW R 1300 GS.,https://www.press.bmwgroup.com/usa/article/detail/T0437355EN_US/the-new-2024-bmw-r-1300-gs,,2024,skip,category 2
2023-10-26,The new 2024 BMW S 1000 XR.,https://www.press.bmwgroup.com/usa/article/detail/T0437960EN_US/the-new-2024-bmw-s-1000-xr,,2024,skip,category 1
2025-08-18,Akshay Bhatia’s Hole-in-One at the 2025 BMW Championship Results in Donation of Additional Full Four-Year Evans Scholarship and Wins New 100% Electric BMW iX M70 for the Pro.,https://www.press.bmwgroup.com/usa/article/detail/T0451965EN_US/akshay-bhatia’s-hole-in-one-at-the-2025-bmw-championship-results-in-donation-of-additional-full-four-year-evans-scholarship-and-wins-new-100-electric-bmw-ix-m70-for-the-pro,,2025,skip,category 1
2025-08-15,BMW Art Car World Tour Starts U.S. Leg This Week at the 2025 Pebble Beach Concours d’Elegance®.,https://www.press.bmwgroup.com/usa/article/detail/T0451954EN_US/bmw-art-car-world-tour-starts-u-s-leg-this-week-at-the-2025-pebble-beach-concours-d’elegance®,,2025,skip,category 1
2024-12-17,BMW Brings a “Little” Las Vegas Magic to CES 2025 for the Debut of the All-New UI/UX to the Neue Klasse.,https://www.press.bmwgroup.com/usa/article/detail/T0447005EN_US/bmw-brings-a-“little”-las-vegas-magic-to-ces-2025-for-the-debut-of-the-all-new-ui/ux-to-the-neue-klasse,,2025,skip,category 1
2025-09-26,BMW Drives Excellence as Worldwide Partner of the 2025 Ryder Cup at Bethpage Black.,https://www.press.bmwgroup.com/usa/article/detail/T0452986EN_US/bmw-drives-excellence-as-worldwide-partner-of-the-2025-ryder-cup-at-bethpage-black,,2025,skip,category 1
2025-10-30,BMW M Racing Academy: “Class of 2025” completes extensive customer racing development program.,https://www.press.bmwgroup.com/usa/article/detail/T0453665EN_US/bmw-m-racing-academy:-“class-of-2025”-completes-extensive-customer-racing-development-program,,2025,skip,category 1
2024-12-05,BMW Motorrad Days 2025 in Garmisch-Patenkirchen.,https://www.press.bmwgroup.com/usa/article/detail/T0446693EN_US/bmw-motorrad-days-2025-in-garmisch-patenkirchen,,2025,skip,category 1
2024-11-13,BMW Motorrad USA 2025 Model Year Update.,https://www.press.bmwgroup.com/usa/article/detail/T0446330EN_US/bmw-motorrad-usa-2025-model-year-update,,2025,skip,category 1
2025-04-17,BMW Motorrad USA Announces 2025 Customer Race Support  & Contingency Program.,https://www.press.bmwgroup.com/usa/article/detail/T0449646EN_US/bmw-motorrad-usa-announces-2025-customer-race-support-contingency-program,,2025,skip,category 1
2025-02-11,BMW Motorrad USA Announces BMW Motorrad Days Americas 2025.,https://www.press.bmwgroup.com/usa/article/detail/T0448024EN_US/bmw-motorrad-usa-announces-bmw-motorrad-days-americas-2025,,2025,skip,category 1
2025-12-04,BMW Returns to Art Basel Miami Beach 2025 with Acclaimed Artist Kennedy Yanko.,https://www.press.bmwgroup.com/usa/article/detail/T0454338EN_US/bmw-returns-to-art-basel-miami-beach-2025-with-acclaimed-artist-kennedy-yanko,,2025,skip,category 1
2025-04-11,"BMW of North America Recognizes 2025 Center of Excellence Award Winners, Celebrating the Top BMW Dealerships in the U.S.",https://www.press.bmwgroup.com/usa/article/detail/T0449550EN_US/bmw-of-north-america-recognizes-2025-center-of-excellence-award-winners-celebrating-the-top-bmw-dealerships-in-the-u-s,,2025,skip,category 1
2026-01-05,BMW of North America Reports Full Year 2025 U.S. Sales Results.,https://www.press.bmwgroup.com/usa/article/detail/T0454803EN_US/bmw-of-north-america-reports-full-year-2025-u-s-sales-results,,2025,skip,category 1
2025-04-01,BMW of North America Reports Q1 2025 U.S. Sales Results.,https://www.press.bmwgroup.com/usa/article/detail/T0449336EN_US/bmw-of-north-america-reports-q1-2025-u-s-sales-results,,2025,skip,category 1
2025-07-02,BMW of North America Reports Q2 2025 U.S. Sales Results.,https://www.press.bmwgroup.com/usa/article/detail/T0451089EN_US/bmw-of-north-america-reports-q2-2025-u-s-sales-results,,2025,skip,category 1
2025-10-01,BMW of North America Reports Q3 2025 U.S. Sales Results.,https://www.press.bmwgroup.com/usa/article/detail/T0453116EN_US/bmw-of-north-america-reports-q3-2025-u-s-sales-results,,2025,skip,category 1
2025-01-23,BMW of North America Takes Green Flag to Start 50th Anniversary at Daytona; BMW M Endurance Challenge Begins 2025 IMSA Season.,https://www.press.bmwgroup.com/usa/article/detail/T0447644EN_US/bmw-of-north-america-takes-green-flag-to-start-50th-anniversary-at-daytona;-bmw-m-endurance-challenge-begins-2025-imsa-season,,2025,skip,category 1
2025-04-10,BMW’s ‘Ultimate Driving Experience’ is back for 2025 with more models and exciting new activities.,https://www.press.bmwgroup.com/usa/article/detail/T0449523EN_US/bmw’s-ultimate-driving-experience’-is-back-for-2025-with-more-models-and-exciting-new-activities,,2025,skip,category 1
2024-12-12,Eight drivers for four cars: BMW M Motorsport announces the line-ups for its 2025 LMDh programme.,https://www.press.bmwgroup.com/usa/article/detail/T0446933EN_US/eight-drivers-for-four-cars:-bmw-m-motorsport-announces-the-line-ups-for-its-2025-lmdh-programme,,2025,skip,category 1
2025-03-14,"Forward momentum through technology openness, strong product line-up and NEUE KLASSE: BMW Group on track for growth in 2025",https://www.press.bmwgroup.com/usa/article/detail/T0448891EN_US/forward-momentum-through-technology-openness-strong-product-line-up-and-neue-klasse:-bmw-group-on-track-for-growth-in-2025,,2025,skip,category 1
2020-03-18,Innovation leadership: BMW Group plans over 30 billion euros on future-oriented technologies up to 2025,https://www.press.bmwgroup.com/usa/article/detail/T0306876EN_US/innovation-leadership:-bmw-group-plans-over-30-billion-euros-on-future-oriented-technologies-up-to-2025,,2025,skip,category 1
2025-02-20,MINI ANNOUNCES THE RETURN OF THE OXFORD EDITION FOR 2025.,https://www.press.bmwgroup.com/usa/article/detail/T0448194EN_US/mini-announces-the-return-of-the-oxford-edition-for-2025,,2025,skip,category 1
2024-08-26,MINI CELEBRATES 65 YEARS WITH THE ARRIVAL OF THE 2025 COUNTRYMAN SE ALL4 IN THE UNITED STATES.,https://www.press.bmwgroup.com/usa/article/detail/T0444675EN_US/mini-celebrates-65-years-with-the-arrival-of-the-2025-countryman-se-all4-in-the-united-states,,2025,skip,category 1
2025-10-10,MINI USA Partners with Red Bull to Drive Creativity and Culture at the 2025 Red Bull Dance Your Style World Final in Los Angeles.,https://www.press.bmwgroup.com/usa/article/detail/T0453256EN_US/mini-usa-partners-with-red-bull-to-drive-creativity-and-culture-at-the-2025-red-bull-dance-your-style-world-final-in-los-angeles,,2025,skip,category 1
2025-08-19,MINI at the IAA Mobility 2025: World premiere of two showcars and spectacular Open Space in Munich.,https://www.press.bmwgroup.com/usa/article/detail/T0451993EN_US/mini-at-the-iaa-mobility-2025:-world-premiere-of-two-showcars-and-spectacular-open-space-in-munich,,2025,skip,category 1
2022-08-16,"PGA TOUR, Western Golf Association, and BMW Announce BMW Championship Host Venues for 2025 and 2026.",https://www.press.bmwgroup.com/usa/article/detail/T0403024EN_US/pga-tour-western-golf-association-and-bmw-announce-bmw-championship-host-venues-for-2025-and-2026,,2025,skip,category 1
2025-05-07,Samantha Tan Extends BMW M Motorsport Global Ambassador role for 2025 and 2026.,https://www.press.bmwgroup.com/usa/article/detail/T0450020EN_US/samantha-tan-extends-bmw-m-motorsport-global-ambassador-role-for-2025-and-2026,,2025,skip,category 1
2025-08-18,Scottie Scheffler Wins the 2025 BMW Championship.,https://www.press.bmwgroup.com/usa/article/detail/T0451964EN_US/scottie-scheffler-wins-the-2025-bmw-championship,,2025,skip,category 1
2025-03-14,"Statement Oliver Zipse, Chairman of the Board of Management of BMW AG, Annual Conference 2025",https://www.press.bmwgroup.com/usa/article/detail/T0448893EN_US/statement-oliver-zipse-chairman-of-the-board-of-management-of-bmw-ag-annual-conference-2025,,2025,skip,category 5
2025-07-31,"Statement Oliver Zipse, Chairman of the Board of Management of BMW AG, Conference Call Half-Year Report to 30 June 2025",https://www.press.bmwgroup.com/usa/article/detail/T0451664EN_US/statement-oliver-zipse-chairman-of-the-board-of-management-of-bmw-ag-conference-call-half-year-report-to-30-june-2025,,2025,skip,category 5
2025-11-05,"Statement Oliver Zipse, Chairman of the Board of Management of BMW AG, Conference Call Quarterly Statement to 30 September 2025, Munich",https://www.press.bmwgroup.com/usa/article/detail/T0453831EN_US/statement-oliver-zipse-chairman-of-the-board-of-management-of-bmw-ag-conference-call-quarterly-statement-to-30-september-2025-munich,,2025,skip,category 5
2025-05-07,"Statement Oliver Zipse, Chairman of the Board of Management of BMW AG, Conference Call Quarterly Statement to 31 March 2025",https://www.press.bmwgroup.com/usa/article/detail/T0450024EN_US/statement-oliver-zipse-chairman-of-the-board-of-management-of-bmw-ag-conference-call-quarterly-statement-to-31-march-2025,,2025,skip,category 1
2025-03-14,"Statement Walter Mertl, Member of the Board of Management of BMW AG, Finance, Annual Conference 2025",https://www.press.bmwgroup.com/usa/article/detail/T0448897EN_US/statement-walter-mertl-member-of-the-board-of-management-of-bmw-ag-finance-annual-conference-2025,,2025,skip,category 5
2025-07-31,"Statement Walter Mertl, Member of the Board of Management of BMW AG, Finance, Conference Call Half-Year Report to 30 June 2025",https://www.press.bmwgroup.com/usa/article/detail/T0451665EN_US/statement-walter-mertl-member-of-the-board-of-management-of-bmw-ag-finance-conference-call-half-year-report-to-30-june-2025,,2025,skip,category 5
2025-11-05,"Statement Walter Mertl, Member of the Board of Management of BMW AG, Finance, Conference Call Quarterly Statement to 30 September 2025, Munich",https://www.press.bmwgroup.com/usa/article/detail/T0453832EN_US/statement-walter-mertl-member-of-the-board-of-management-of-bmw-ag-finance-conference-call-quarterly-statement-to-30-september-2025-munich,,2025,skip,category 1
2025-05-07,"Statement Walter Mertl, Member of the Board of Management of BMW AG, Finance, Conference Call Quarterly Statement to 31 March 2025",https://www.press.bmwgroup.com/usa/article/detail/T0450025EN_US/statement-walter-mertl-member-of-the-board-of-management-of-bmw-ag-finance-conference-call-quarterly-statement-to-31-march-2025,,2025,skip,category 1
2026-01-12,"Successful year for MINI: Strong sales increase in all regions – resulting in over 100,000 fully electric vehicles delivered in 2025.",https://www.press.bmwgroup.com/usa/article/detail/T0454953EN_US/successful-year-for-mini:-strong-sales-increase-in-all-regions-–-resulting-in-over-100-000-fully-electric-vehicles-delivered-in-2025,,2025,skip,category 1
2024-12-12,THE ALL NEW MINI CONVERTIBLE IN PANTONE 17-1230 MOCHA MOUSSE CELEBRATES THE PANTONE COLOR OF THE YEAR 2025  AT LAUNCH EVENT IN NEW YORK CITY.,https://www.press.bmwgroup.com/usa/article/detail/T0446900EN_US/the-all-new-mini-convertible-in-pantone-17-1230-mocha-mousse-celebrates-the-pantone-color-of-the-year-2025-at-launch-event-in-new-york-city,,2025,skip,category 1
2024-11-08,THE NEW MINI FAMILY – 11 NEW MODELS FOR 2025 MODEL YEAR.,https://www.press.bmwgroup.com/usa/article/detail/T0446265EN_US/the-new-mini-family-–-11-new-models-for-2025-model-year,,2025,skip,category 1
2025-02-25,The 2025 BMW M4 CS Edition VR46.,https://www.press.bmwgroup.com/usa/article/detail/T0448274EN_US/the-2025-bmw-m4-cs-edition-vr46,,2025,skip,category 1
2024-06-19,The All-New 2025 BMW X3.,https://www.press.bmwgroup.com/usa/article/detail/T0443207EN_US/the-all-new-2025-bmw-x3,,2025,skip,category 1
2024-06-13,The new 2025 BMW 2 Series Coupe.,https://www.press.bmwgroup.com/usa/article/detail/T0443107EN_US/the-new-2025-bmw-2-series-coupe,,2025,skip,category 1
2024-10-16,The new 2025 BMW 2 Series Gran Coupe.,https://www.press.bmwgroup.com/usa/article/detail/T0445698EN_US/the-new-2025-bmw-2-series-gran-coupe,,2025,skip,category 1
2024-01-31,The new 2025 BMW 4 Series Coupe and Convertible.,https://www.press.bmwgroup.com/usa/article/detail/T0439311EN_US/the-new-2025-bmw-4-series-coupe-and-convertible,,2025,skip,category 1
2024-12-19,The new 2025 BMW C 400 GT.,https://www.press.bmwgroup.com/usa/article/detail/T0447058EN_US/the-new-2025-bmw-c-400-gt,,2025,skip,category 1
2024-11-21,The new 2025 BMW F 900 R and F 900 XR.,https://www.press.bmwgroup.com/usa/article/detail/T0446472EN_US/the-new-2025-bmw-f-900-r-and-f-900-xr,,2025,skip,category 1
2024-05-08,The new 2025 BMW M4 CS.,https://www.press.bmwgroup.com/usa/article/detail/T0441789EN_US/the-new-2025-bmw-m4-cs,,2025,skip,category 1
2024-01-31,The new 2025 BMW M4 Coupe and M4 Convertible.,https://www.press.bmwgroup.com/usa/article/detail/T0439244EN_US/the-new-2025-bmw-m4-coupe-and-m4-convertible,,2025,skip,category 1
2024-11-28,The new 2025 BMW R 12 S.,https://www.press.bmwgroup.com/usa/article/detail/T0446576EN_US/the-new-2025-bmw-r-12-s,,2025,skip,category 1
2024-01-31,The new 2025 BMW Z4 M40i 6-speed manual,https://www.press.bmwgroup.com/usa/article/detail/T0439243EN_US/the-new-2025-bmw-z4-m40i-6-speed-manual,,2025,skip,category 1
2024-04-24,The new 2025 BMW i4 and 4 Series Gran Coupe.,https://www.press.bmwgroup.com/usa/article/detail/T0441360EN_US/the-new-2025-bmw-i4-and-4-series-gran-coupe,,2025,skip,category 1
2025-01-21,The updated 2025 BMW R 18.,https://www.press.bmwgroup.com/usa/article/detail/T0447559EN_US/the-updated-2025-bmw-r-18,,2025,skip,category 1
2012-11-19,ePatrol: BMW Group DesignworksUSA shows futuristic vision of police vehicle of the year 2025.,https://www.press.bmwgroup.com/usa/article/detail/T0134494EN_US/epatrol:-bmw-group-designworksusa-shows-futuristic-vision-of-police-vehicle-of-the-year-2025,,2025,skip,category 1
2024-06-13,new 2025 BMW M2.,https://www.press.bmwgroup.com/usa/article/detail/T0443102EN_US/new-2025-bmw-m2,,2025,skip,category 1
2025-11-27,2026 BMW Motorrad USA Model Year Update,https://www.press.bmwgroup.com/usa/article/detail/T0451231EN_US/2026-bmw-motorrad-usa-model-year-update,,2026,skip,category 1
2025-12-17,BMW Group to Showcase New BMW iX3 with its Key Innovations at Consumer Electronics Show (CES) 2026.,https://www.press.bmwgroup.com/usa/article/detail/T0454581EN_US/bmw-group-to-showcase-new-bmw-ix3-with-its-key-innovations-at-consumer-electronics-show-ces-2026,,2026,skip,category 1
2025-12-09,BMW MOTORRAD MOTORSPORT and OrangeCat Racing Announce the new OrangeCat BMW MOTORRAD Racing Team for the 2026 MotoAmerica Superbike Race Season.,https://www.press.bmwgroup.com/usa/article/detail/T0454365EN_US/bmw-motorrad-motorsport-and-orangecat-racing-announce-the-new-orangecat-bmw-motorrad-racing-team-for-the-2026-motoamerica-superbike-race-season,,2026,skip,category 1
2026-09-21,BMW Motorrad International GS Trophy 2026 Romania: The adventure in the Carpathians has been decided.,https://www.press.bmwgroup.com/usa/article/detail/T0460908EN_US/bmw-motorrad-international-gs-trophy-2026-romania:-the-adventure-in-the-carpathians-has-been-decided,,2026,skip,category 1
2026-01-27,"BMW Motorrad Motorsport 2026: The large, strong family is ready!",https://www.press.bmwgroup.com/usa/article/detail/T0455315EN_US/bmw-motorrad-motorsport-2026:-the-large-strong-family-is-ready,,2026,skip,category 1
2026-04-24,BMW Motorrad USA announces new 2026 Rider Gear and Clothing.,https://www.press.bmwgroup.com/usa/article/detail/T0457280EN_US/bmw-motorrad-usa-announces-new-2026-rider-gear-and-clothing,,2026,skip,category 1
2026-07-13,"BMW of North America Announces Executive Leadership Changes Effective September 1, 2026.",https://www.press.bmwgroup.com/usa/article/detail/T0459319EN_US/bmw-of-north-america-announces-executive-leadership-changes-effective-september-1-2026,,2026,skip,category 1
2026-04-02,BMW of North America Reports Q1 2026 U.S. Sales Results.,https://www.press.bmwgroup.com/usa/article/detail/T0456837EN_US/bmw-of-north-america-reports-q1-2026-u-s-sales-results,,2026,skip,category 1
2026-07-02,BMW of North America Reports Q2 2026 U.S. Sales Results.,https://www.press.bmwgroup.com/usa/article/detail/T0459010EN_US/bmw-of-north-america-reports-q2-2026-u-s-sales-results,,2026,skip,category 1
2026-10-01,BMW of North America Reports Q3 2026 U.S. Sales Results.,https://www.press.bmwgroup.com/usa/article/detail/T0461310EN_US/bmw-of-north-america-reports-q3-2026-u-s-sales-results,,2026,skip,category 1
2026-02-03,BMW tops Car and Driver Editors’ Choice awards for 2026 with 14 wins.,https://www.press.bmwgroup.com/usa/article/detail/T0455441EN_US/bmw-tops-car-and-driver-editors’-choice-awards-for-2026-with-14-wins,,2026,skip,category 1
2026-09-14,Carpathian Calling: The BMW Motorrad Int. GS Trophy 2026 Romania begins.,https://www.press.bmwgroup.com/usa/article/detail/T0460725EN_US/carpathian-calling:-the-bmw-motorrad-int-gs-trophy-2026-romania-begins,,2026,skip,category 1
2026-04-01,Double victory: BMW iX3 named “World Car of the Year” and   “World Electric Vehicle” 2026.,https://www.press.bmwgroup.com/usa/article/detail/T0456812EN_US/double-victory:-bmw-ix3-named-“world-car-of-the-year”-and-“world-electric-vehicle”-2026,,2026,skip,category 1
2026-02-24,"ICONIC BIENNIAL RALLY, “MINI TAKES THE STATES” RETURNS IN 2026 WITH THREE-WEEKEND, NINE-CITY ADVENTURE ACROSS THREE STATES.",https://www.press.bmwgroup.com/usa/article/detail/T0455796EN_US/iconic-biennial-rally-“mini-takes-the-states”-returns-in-2026-with-three-weekend-nine-city-adventure-across-three-states,,2026,skip,category 1
2026-09-30,IONNA Ranked #1 in JD Power Study as Network More than Doubles Size During 2026.,https://www.press.bmwgroup.com/usa/article/detail/T0461096EN_US/ionna-ranked-1-in-jd-power-study-as-network-more-than-doubles-size-during-2026,,2026,skip,category 1
2026-07-29,MINI Makes First-Ever Rebelle Rally Debut with New Model Variant at 2026 Competition.,https://www.press.bmwgroup.com/usa/article/detail/T0459492EN_US/mini-makes-first-ever-rebelle-rally-debut-with-new-model-variant-at-2026-competition,,2026,skip,category 1
2026-08-27,"MINI USA AND JOHN COOPER WORKS RACE TEAM COMPETE AT  “OJIBWE FOREST RALLY,” SIXTH ROUND IN THE 2026 ARA NATIONAL CHAMPIONSHIP.",https://www.press.bmwgroup.com/usa/article/detail/T0460335EN_US/mini-usa-and-john-cooper-works-race-team-compete-at-“ojibwe-forest-rally-”-sixth-round-in-the-2026-ara-national-championship,,2026,skip,category 1
2026-09-17,"MINI USA AND JOHN COOPER WORKS RACE TEAM COMPETE AT  “OVERMOUNTAIN RALLY,” SEVENTH ROUND IN THE 2026 ARA NATIONAL CHAMPIONSHIP.",https://www.press.bmwgroup.com/usa/article/detail/T0460840EN_US/mini-usa-and-john-cooper-works-race-team-compete-at-“overmountain-rally-”-seventh-round-in-the-2026-ara-national-championship,,2026,skip,category 1
2026-07-24,MINI USA AND JOHN COOPER WORKS RACE TEAM PODIUM AT “RALLY COLORADO” - FIFTH ROUND IN THE 2026 ARA NATIONAL CHAMPIONSHIP.,https://www.press.bmwgroup.com/usa/article/detail/T0459559EN_US/mini-usa-and-john-cooper-works-race-team-podium-at-“rally-colorado”-fifth-round-in-the-2026-ara-national-championship,,2026,skip,category 1
2026-02-03,MINI USA AND JOHN COOPER WORKS RACE TEAM ROAR INTO RALLYING FOR ALL-OUT 2026 ARA SEASON.,https://www.press.bmwgroup.com/usa/article/detail/T0455445EN_US/mini-usa-and-john-cooper-works-race-team-roar-into-rallying-for-all-out-2026-ara-season,,2026,skip,category 1
2026-04-16,"MINI USA AND JOHN COOPER WORKS RACE TEAM TAKE ON  “KUBOTA OLYMPUS RALLY,”  THIRD ROUND IN THE 2026 ARA NATIONAL CHAMPIONSHIP",https://www.press.bmwgroup.com/usa/article/detail/T0457171EN_US/mini-usa-and-john-cooper-works-race-team-take-on-“kubota-olympus-rally-”-third-round-in-the-2026-ara-national-championship,,2026,skip,category 1
2026-07-16,"MINI USA AND JOHN COOPER WORKS RACE TEAM TAKE ON  “RALLY COLORADO,” FIFTH ROUND IN THE 2026 ARA NATIONAL CHAMPIONSHIP.",https://www.press.bmwgroup.com/usa/article/detail/T0459424EN_US/mini-usa-and-john-cooper-works-race-team-take-on-“rally-colorado-”-fifth-round-in-the-2026-ara-national-championship,,2026,skip,category 1
2026-03-12,"MINI USA AND JOHN COOPER WORKS RACE TEAM TO TAKE ON  “RALLY IN THE 100 ACRE WOOD”, ROUND TWO IN THE 2026 ARA NATIONAL CHAMPIONSHIP.",https://www.press.bmwgroup.com/usa/article/detail/T0456238EN_US/mini-usa-and-john-cooper-works-race-team-to-take-on-“rally-in-the-100-acre-wood”-round-two-in-the-2026-ara-national-championship,,2026,skip,category 1
2026-01-28,"MINI USA OFFERS COMPELLING JOHN COOPER WORKS ACCESSORIES FOR 2026, HIGHLIGHTING RACE-INSPIRED LOOK OF PERFORMANCE.",https://www.press.bmwgroup.com/usa/article/detail/T0455342EN_US/mini-usa-offers-compelling-john-cooper-works-accessories-for-2026-highlighting-race-inspired-look-of-performance,,2026,skip,category 1
2026-04-24,MINI USA Officially Opens Registration for MINI Takes The States 2026.,https://www.press.bmwgroup.com/usa/article/detail/T0457374EN_US/mini-usa-officially-opens-registration-for-mini-takes-the-states-2026,,2026,skip,category 1
2025-06-05,MODEL YEAR 2026 MINI LINEUP PRICING AND EQUIPMENT UPDATES.,https://www.press.bmwgroup.com/usa/article/detail/T0450606EN_US/model-year-2026-mini-lineup-pricing-and-equipment-updates,,2026,skip,category 1
2026-09-29,OrangeCat Racing Secures Runner-Up Finish in 2026 MotoAmerica Quad Lock Superbike Championship at Rain-Soaked New Jersey Finale.,https://www.press.bmwgroup.com/usa/article/detail/T0461148EN_US/orangecat-racing-secures-runner-up-finish-in-2026-motoamerica-quad-lock-superbike-championship-at-rain-soaked-new-jersey-finale,,2026,skip,category 1
2026-06-29,OrangeCat Racing and Sean Dylan Kelly Make it Two Wins in Two Rounds of the 2026 MotoAmerica Quad-Lock Superbike Championship.,https://www.press.bmwgroup.com/usa/article/detail/T0458865EN_US/orangecat-racing-and-sean-dylan-kelly-make-it-two-wins-in-two-rounds-of-the-2026-motoamerica-quad-lock-superbike-championship,,2026,skip,category 1
2026-07-30,"Statement Dr. Milan Nedeljković, Chairman of the Board of Management of BMW AG, Conference Call Quarterly Report to 30 June 2026.",https://www.press.bmwgroup.com/usa/article/detail/T0459790EN_US/statement-dr-milan-nedeljković-chairman-of-the-board-of-management-of-bmw-ag-conference-call-quarterly-report-to-30-june-2026,,2026,skip,category 5
2026-03-12,"Statement Oliver Zipse, Chairman of the Board of Management of BMW AG, Annual Conference 2026",https://www.press.bmwgroup.com/usa/article/detail/T0456227EN_US/statement-oliver-zipse-chairman-of-the-board-of-management-of-bmw-ag-annual-conference-2026,,2026,skip,category 5
2026-05-06,"Statement Oliver Zipse, Chairman of the Board of Management of BMW AG, Conference Call Quarterly Statement to 31 March 2026",https://www.press.bmwgroup.com/usa/article/detail/T0457662EN_US/statement-oliver-zipse-chairman-of-the-board-of-management-of-bmw-ag-conference-call-quarterly-statement-to-31-march-2026,,2026,skip,category 5
2026-03-12,"Statement Walter Mertl, Member of the Board of Management of BMW AG, Finance, Annual Conference 2026",https://www.press.bmwgroup.com/usa/article/detail/T0456228EN_US/statement-walter-mertl-member-of-the-board-of-management-of-bmw-ag-finance-annual-conference-2026,,2026,skip,category 5
2026-07-30,"Statement Walter Mertl, Member of the Board of Management of BMW AG, Finance, Conference Call Quarterly Statement to 30 June 2026",https://www.press.bmwgroup.com/usa/article/detail/T0459789EN_US/statement-walter-mertl-member-of-the-board-of-management-of-bmw-ag-finance-conference-call-quarterly-statement-to-30-june-2026,,2026,skip,category 5
2026-05-06,"Statement Walter Mertl, Member of the Board of Management of BMW AG, Finance, Conference Call Quarterly Statement to 31 March 2026",https://www.press.bmwgroup.com/usa/article/detail/T0457663EN_US/statement-walter-mertl-member-of-the-board-of-management-of-bmw-ag-finance-conference-call-quarterly-statement-to-31-march-2026,,2026,skip,category 5
2025-10-10,The 2026 BMW M2 Turbo Design Edition.,https://www.press.bmwgroup.com/usa/article/detail/T0453254EN_US/the-2026-bmw-m2-turbo-design-edition,,2026,skip,category 1
2025-08-15,The 2026 BMW M850i Edition M Heritage.,https://www.press.bmwgroup.com/usa/article/detail/T0451944EN_US/the-2026-bmw-m850i-edition-m-heritage,,2026,skip,category 1
2025-06-12,The 2026 BMW XM Label.,https://www.press.bmwgroup.com/usa/article/detail/T0450677EN_US/the-2026-bmw-xm-label,,2026,skip,category 1
2026-01-05,The BMW iX3 Ushers in Next-Generation Innovations at CES 2026.,https://www.press.bmwgroup.com/usa/article/detail/T0454794EN_US/the-bmw-ix3-ushers-in-next-generation-innovations-at-ces-2026,,2026,skip,category 1
2025-05-28,The new 2026 BMW M2 CS.,https://www.press.bmwgroup.com/usa/article/detail/T0450429EN_US/the-new-2026-bmw-m2-cs,,2026,skip,category 1
2025-03-27,The new 2026 BMW R 12 G/S.,https://www.press.bmwgroup.com/usa/article/detail/T0449188EN_US/the-new-2026-bmw-r-12-g/s,,2026,skip,category 1
2025-04-29,The new 2026 BMW R 1300 RS.,https://www.press.bmwgroup.com/usa/article/detail/T0449847EN_US/the-new-2026-bmw-r-1300-rs,,2026,skip,category 1
2025-04-29,The new 2026 BMW R 1300 RT.,https://www.press.bmwgroup.com/usa/article/detail/T0449846EN_US/the-new-2026-bmw-r-1300-rt,,2026,skip,category 1
2026-02-11,USA AND JOHN COOPER WORKS RACE TEAM PODIUM AT AMERICAN RALLY ASSOCIATION 2026 NATIONAL SEASON OPENER.,https://www.press.bmwgroup.com/usa/article/detail/T0455599EN_US/usa-and-john-cooper-works-race-team-podium-at-american-rally-association-2026-national-season-opener,,2026,skip,category 1
2026-08-24,Wyndham Clark Earns Victory at the 2026 BMW Championship.,https://www.press.bmwgroup.com/usa/article/detail/T0460261EN_US/wyndham-clark-earns-victory-at-the-2026-bmw-championship,,2026,skip,category 1
2026-07-15,2027 MINI Cooper Model Updates - Include Return of Oxford Edition 2 Door and 4 Door Models.,https://www.press.bmwgroup.com/usa/article/detail/T0459349EN_US/2027-mini-cooper-model-updates-include-return-of-oxford-edition-2-door-and-4-door-models,,2027,skip,category 1
2021-11-22,BMW Announces Five-Year Agreement with the PGA TOUR and Western Golf Association to Remain Title Sponsor of the BMW Championship Through 2027.,https://www.press.bmwgroup.com/usa/article/detail/T0360772EN_US/bmw-announces-five-year-agreement-with-the-pga-tour-and-western-golf-association-to-remain-title-sponsor-of-the-bmw-championship-through-2027,,2027,skip,category 1
2026-07-02,BMW Motorrad USA 2027 Model Year Update.,https://www.press.bmwgroup.com/usa/article/detail/T0459007EN_US/bmw-motorrad-usa-2027-model-year-update,,2027,skip,category 1
2026-05-06,BMW Officially Announces Pricing and Range for 2027 BMW iX3 50 xDrive.,https://www.press.bmwgroup.com/usa/article/detail/T0457571EN_US/bmw-officially-announces-pricing-and-range-for-2027-bmw-ix3-50-xdrive,,2027,skip,category 1
2023-08-15,Liberty National Golf Club to Host 2027 BMW Championship.,https://www.press.bmwgroup.com/usa/article/detail/T0429278EN_US/liberty-national-golf-club-to-host-2027-bmw-championship,,2027,skip,category 1
2026-03-31,MINI USA Announces Return of Oxford Edition Countryman With 2027 Model Year Countryman Model Updates.,https://www.press.bmwgroup.com/usa/article/detail/T0456795EN_US/mini-usa-announces-return-of-oxford-edition-countryman-with-2027-model-year-countryman-model-updates,,2027,skip,category 1
2026-10-01,The new 2027 BMW F 450 GS.,https://www.press.bmwgroup.com/usa/article/detail/T0461245EN_US/the-new-2027-bmw-f-450-gs,,2027,skip,category 1
2012-06-12,30 years of the second-generation BMW 3 Series. BMW 3 Series Club to visit BMW Group on 16 June 2012 with more than 50 cars.,https://www.press.bmwgroup.com/usa/article/detail/T0127564EN_US/30-years-of-the-second-generation-bmw-3-series-bmw-3-series-club-to-visit-bmw-group-on-16-june-2012-with-more-than-50-cars,bmw/3-series,2012,skip,category 1
2012-05-25,New 2013 BMW 7 Series Once Again Raises The Bar,https://www.press.bmwgroup.com/usa/article/detail/T0127073EN_US/new-2013-bmw-7-series-once-again-raises-the-bar,bmw/7-series,2013,skip,category 2
2012-06-15,"The 2013 BMW ALPINA B7 super-high performance luxury sedan with enhanced features, efficiency, and individuality for discriminating customers.",https://www.press.bmwgroup.com/usa/article/detail/T0127642EN_US/the-2013-bmw-alpina-b7-super-high-performance-luxury-sedan-with-enhanced-features-efficiency-and-individuality-for-discriminating-customers,bmw/7-series,2013,skip,category 1
2018-10-02,The All-New 2019 BMW 3 Series.,https://www.press.bmwgroup.com/usa/article/detail/T0285572EN_US/the-all-new-2019-bmw-3-series,bmw/3-series,2019,spec,release text with specification table
2018-11-13,The All-New 2020 BMW M340i and M340i xDrive Sedans,https://www.press.bmwgroup.com/usa/article/detail/T0286917EN_US/the-all-new-2020-bmw-m340i-and-m340i-xdrive-sedans,bmw/3-series,2020,spec,release text with specification table
2020-03-26,The 2021 BMW 330e and 330e xDrive PHEV Sedans,https://www.press.bmwgroup.com/usa/article/detail/T0307067EN_US/the-2021-bmw-330e-and-330e-xdrive-phev-sedans,bmw/3-series,2021,spec,release text with specification table
2024-05-29,The new 2025 BMW 3 Series.,https://www.press.bmwgroup.com/usa/article/detail/T0442407EN_US/the-new-2025-bmw-3-series,bmw/3-series,2025,spec,release text with specification table
2025-11-16,The 2026 BMW M340i xDrive 50 Jahre Edition.,https://www.press.bmwgroup.com/usa/article/detail/T0453931EN_US/the-2026-bmw-m340i-xdrive-50-jahre-edition,bmw/3-series,2026,spec,release text with specification table
2016-10-13,"The All-New 2017 BMW 5 Series: Performance, Redefined.",https://www.press.bmwgroup.com/usa/article/detail/T0264802EN_US/the-all-new-2017-bmw-5-series:-performance-redefined,bmw/5-series,2017,spec,release text with specification table
2020-05-27,The New 2021 BMW 5 Series Sedan.,https://www.press.bmwgroup.com/usa/article/detail/T0308911EN_US/the-new-2021-bmw-5-series-sedan,bmw/5-series,2021,spec,release text with specification table
2023-05-24,The All-New 2024 BMW 5 Series.,https://www.press.bmwgroup.com/usa/article/detail/T0418778EN_US/the-all-new-2024-bmw-5-series,bmw/5-series,2024,spec,release text with specification table
2015-06-10,The All-New BMW 7 Series,https://www.press.bmwgroup.com/usa/article/detail/T0221442EN_US/the-all-new-bmw-7-series,bmw/7-series,2016,spec,release text with specification table
2016-08-11,The New 2017 BMW 740e xDrive iPerformance – BMW eDrive Technology And Carbon Core Body Structure Derived From The Development Of BMW i Models.,https://www.press.bmwgroup.com/usa/article/detail/T0262666EN_US/the-new-2017-bmw-740e-xdrive-iperformance-–-bmw-edrive-technology-and-carbon-core-body-structure-derived-from-the-development-of-bmw-i-models,bmw/7-series,2017,spec,release text with specification table
2019-02-11,"The new 2020 ALPINA B7 xDrive Sedan - Power, Dynamics and Luxury in a new contemporary Design.",https://www.press.bmwgroup.com/usa/article/detail/T0291804EN_US/the-new-2020-alpina-b7-xdrive-sedan-power-dynamics-and-luxury-in-a-new-contemporary-design,bmw/7-series,2020,spec,release text with specification table
2019-01-16,The new 2020 BMW 7 Series Sedan.,https://www.press.bmwgroup.com/usa/article/detail/T0290164EN_US/the-new-2020-bmw-7-series-sedan,bmw/7-series,2020,spec,release text with specification table
2017-11-08,The First-Ever BMW M3 CS.,https://www.press.bmwgroup.com/usa/article/detail/T0275824EN_US/the-first-ever-bmw-m3-cs,bmw/m3,2018,spec,release text with specification table
2020-09-23,The New 2021 BMW M3 Sedan and M4 Coupe,https://www.press.bmwgroup.com/usa/article/detail/T0317577EN_US/the-new-2021-bmw-m3-sedan-and-m4-coupe,bmw/m3,2021,spec,release text with specification table
2021-04-19,The New 2022 BMW M3 Competition xDrive Sedan and M4 Competition xDrive Coupe,https://www.press.bmwgroup.com/usa/article/detail/T0330025EN_US/the-new-2022-bmw-m3-competition-xdrive-sedan-and-m4-competition-xdrive-coupe,bmw/m3,2022,spec,release text with specification table
2023-01-25,"The BMW M3 CS: Lighter, Stronger, Faster.",https://www.press.bmwgroup.com/usa/article/detail/T0407854EN_US/the-bmw-m3-cs:-lighter-stronger-faster,bmw/m3,2024,spec,release text with specification table
2023-01-25,The all-new BMW M3 CS - Specifications,https://www.press.bmwgroup.com/usa/article/attachment/T0407854EN_US/594144,bmw/m3,2024,spec,https://www.press.bmwgroup.com/usa/article/detail/T0407854EN_US/the-bmw-m3-cs:-lighter-stronger-faster
2023-01-25,The all-new BMW M3 CS - Specifications,https://www.press.bmwgroup.com/usa/article/attachment/T0407854EN_US/594145,bmw/m3,2024,spec,https://www.press.bmwgroup.com/usa/article/detail/T0407854EN_US/the-bmw-m3-cs:-lighter-stronger-faster
2024-05-29,The new 2025 BMW M3.,https://www.press.bmwgroup.com/usa/article/detail/T0442408EN_US/the-new-2025-bmw-m3,bmw/m3,2025,spec,release text with specification table
2016-07-22,2016 BMW M5 Pure Metal Silver Limited Edition.,https://www.press.bmwgroup.com/usa/article/detail/T0262234EN_US/2016-bmw-m5-pure-metal-silver-limited-edition,bmw/m5,2016,spec,release text with specification table
2017-08-21,The All-New 2018 BMW M5: The Quintessential High-Performance Sedan.,https://www.press.bmwgroup.com/usa/article/detail/T0273727EN_US/the-all-new-2018-bmw-m5:-the-quintessential-high-performance-sedan,bmw/m5,2018,spec,release text with specification table
2018-05-09,The All-New 2019 BMW M5 Competition Sedan.,https://www.press.bmwgroup.com/usa/article/detail/T0280909EN_US/the-all-new-2019-bmw-m5-competition-sedan,bmw/m5,2019,spec,release text with specification table
2019-05-17,The 2020 BMW M5 Edition 35 Years.,https://www.press.bmwgroup.com/usa/article/detail/T0295843EN_US/the-2020-bmw-m5-edition-35-years,bmw/m5,2020,spec,release text with specification table
2020-06-17,The New 2021 BMW M5 Sedan,https://www.press.bmwgroup.com/usa/article/detail/T0309541EN_US/the-new-2021-bmw-m5-sedan,bmw/m5,2021,spec,release text with specification table
2024-08-15,The All-New 2025 BMW M5 Touring.,https://www.press.bmwgroup.com/usa/article/detail/T0444418EN_US/the-all-new-2025-bmw-m5-touring,bmw/m5,2025,spec,release text with specification table
2024-06-26,The All-New 2025 BMW M5.,https://www.press.bmwgroup.com/usa/article/detail/T0443395EN_US/the-all-new-2025-bmw-m5,bmw/m5,2025,spec,release text with specification table
2015-03-17,The BMW X5 xDrive40e Launches the Next Chapter of EfficientDynamics with its First Ever Plug-in Hybrid Sports Activity Vehicle,https://www.press.bmwgroup.com/usa/article/detail/T0208453EN_US/the-bmw-x5-xdrive40e-launches-the-next-chapter-of-efficientdynamics-with-its-first-ever-plug-in-hybrid-sports-activity-vehicle,bmw/x5,2016,spec,release text with specification table
2018-06-06,The All-New 2019 BMW X5 Sports Activity Vehicle.,https://www.press.bmwgroup.com/usa/article/detail/T0281821EN_US/the-all-new-2019-bmw-x5-sports-activity-vehicle,bmw/x5,2019,spec,release text with specification table
2020-06-10,The 2021 BMW X5 xDrive45e PHEV Sports Activity Vehicle.,https://www.press.bmwgroup.com/usa/article/detail/T0309345EN_US/the-2021-bmw-x5-xdrive45e-phev-sports-activity-vehicle,bmw/x5,2021,spec,release text with specification table
2014-10-30,The new BMW X5 M and X6 M ; the second generation of the BMW M GmbH Ultra High Performance Sports Activity Vehicle and Sports Activity Coupe.,https://www.press.bmwgroup.com/usa/article/detail/T0195517EN_US/the-new-bmw-x5-m-and-x6-m-;-the-second-generation-of-the-bmw-m-gmbh-ultra-high-performance-sports-activity-vehicle-and-sports-activity-coupe,bmw/x5-m;bmw/x6-m,2015,spec,release text with specification table
2019-10-02,The new 2020 BMW X5 M and X6 M.,https://www.press.bmwgroup.com/usa/article/detail/T0301383EN_US/the-new-2020-bmw-x5-m-and-x6-m,bmw/x5-m;bmw/x6-m,2020,spec,release text with specification table
2023-02-22,The 2024 BMW X5 M Competition and X6 M Competition.,https://www.press.bmwgroup.com/usa/article/detail/T0409477EN_US/the-2024-bmw-x5-m-competition-and-x6-m-competition,bmw/x5-m;bmw/x6-m,2024,spec,release text with specification table
2023-02-08,The 2024 BMW X5 and X6.,https://www.press.bmwgroup.com/usa/article/detail/T0408460EN_US/the-2024-bmw-x5-and-x6,bmw/x5;bmw/x6,2024,spec,release text with specification table
2019-05-22,The 2020 BMW X5 M50i and BMW X7 M50i Sports Activity Vehicles,https://www.press.bmwgroup.com/usa/article/detail/T0296174EN_US/the-2020-bmw-x5-m50i-and-bmw-x7-m50i-sports-activity-vehicles,bmw/x5;bmw/x7,2020,spec,release text with specification table
2019-07-03,The New 2020 BMW X6 Sports Activity Coupe.,https://www.press.bmwgroup.com/usa/article/detail/T0297890EN_US/the-new-2020-bmw-x6-sports-activity-coupe,bmw/x6,2020,spec,release text with specification table
2018-10-17,The First-Ever 2019 BMW X7 Sports Activity Vehicle.,https://www.press.bmwgroup.com/usa/article/detail/T0285888EN_US/the-first-ever-2019-bmw-x7-sports-activity-vehicle,bmw/x7,2019,spec,release text with specification table
2020-07-24,The 2021 BMW X7 Dark Shadow Edition,https://www.press.bmwgroup.com/usa/article/detail/T0312005EN_US/the-2021-bmw-x7-dark-shadow-edition,bmw/x7,2021,spec,release text with specification table
2020-05-19,The New 2021 BMW ALPINA XB7; First Class Adventures at Warp-Speed.,https://www.press.bmwgroup.com/usa/article/detail/T0308635EN_US/the-new-2021-bmw-alpina-xb7;-first-class-adventures-at-warp-speed,bmw/x7,2021,spec,release text with specification table
2022-09-20,The 2023 BMW ALPINA XB7: The Force of Emotions.,https://www.press.bmwgroup.com/usa/article/detail/T0403875EN_US/the-2023-bmw-alpina-xb7:-the-force-of-emotions,bmw/x7,2023,spec,release text with specification table
2013-02-07,2014 3 Series Gran Turismo Specs,https://www.press.bmwgroup.com/usa/article/attachment/T0136911EN_US/387793,bmw/3-series,2014,stored,https://www.press.bmwgroup.com/usa/article/detail/T0136911EN_US/the-all-new-bmw-3-series-gran-turismo
2013-01-14,2014 3 Series Sedan Specs,https://www.press.bmwgroup.com/usa/article/attachment/T0136050EN_US/356622,bmw/3-series,2014,stored,https://www.press.bmwgroup.com/usa/article/detail/T0136050EN_US/the-new-bmw-320i-sedan
2012-07-06,2014 3 Series Sports Wagon Specs,https://www.press.bmwgroup.com/usa/article/attachment/T0128324EN_US/282867,bmw/3-series,2014,stored,https://www.press.bmwgroup.com/usa/article/detail/T0128324EN_US/all-new-bmw-3-series-sports-wagon
2013-02-07,2015 3 Series Gran Turismo,https://www.press.bmwgroup.com/usa/article/attachment/T0136911EN_US/387794,bmw/3-series,2015,stored,https://www.press.bmwgroup.com/usa/article/detail/T0136911EN_US/the-all-new-bmw-3-series-gran-turismo
2012-07-06,2015 3 Series Sports Wagon Specs,https://www.press.bmwgroup.com/usa/article/attachment/T0128324EN_US/282868,bmw/3-series,2015,stored,https://www.press.bmwgroup.com/usa/article/detail/T0128324EN_US/all-new-bmw-3-series-sports-wagon
2013-02-07,2017 3 Series GT Specifications,https://www.press.bmwgroup.com/usa/article/attachment/T0136911EN_US/387797,bmw/3-series,2017,stored,https://www.press.bmwgroup.com/usa/article/detail/T0136911EN_US/the-all-new-bmw-3-series-gran-turismo
2015-05-07,2017 3 Series Sedan Specifications,https://www.press.bmwgroup.com/usa/article/attachment/T0216443EN_US/391755,bmw/3-series,2017,stored,https://www.press.bmwgroup.com/usa/article/detail/T0216443EN_US/the-new-bmw-3-series-sedan-and-sports-wagon
2015-05-07,2017 3 Series Sports Wagon Specifications,https://www.press.bmwgroup.com/usa/article/attachment/T0216443EN_US/391754,bmw/3-series,2017,stored,https://www.press.bmwgroup.com/usa/article/detail/T0216443EN_US/the-new-bmw-3-series-sedan-and-sports-wagon
2016-03-22,2017 330e Sedan Specifications,https://www.press.bmwgroup.com/usa/article/attachment/T0258500EN_US/391761,bmw/3-series,2017,stored,https://www.press.bmwgroup.com/usa/article/detail/T0258500EN_US/the-all-new-bmw-330e-iperformance
2013-02-07,MY18 3 Series GT Specifications,https://www.press.bmwgroup.com/usa/article/attachment/T0136911EN_US/387798,bmw/3-series,2018,stored,https://www.press.bmwgroup.com/usa/article/detail/T0136911EN_US/the-all-new-bmw-3-series-gran-turismo
2015-05-07,MY18 3 Series Sedan Specifications,https://www.press.bmwgroup.com/usa/article/attachment/T0216443EN_US/391756,bmw/3-series,2018,stored,https://www.press.bmwgroup.com/usa/article/detail/T0216443EN_US/the-new-bmw-3-series-sedan-and-sports-wagon
2023-05-24,5 Series Technical Specifications,https://www.press.bmwgroup.com/usa/article/attachment/T0418778EN_US/624323,bmw/5-series,,stored,https://www.press.bmwgroup.com/usa/article/detail/T0418778EN_US/the-all-new-2024-bmw-5-series
2013-05-19,2015 5 Series Gran Turismo Specs,https://www.press.bmwgroup.com/usa/article/attachment/T0141999EN_US/364260,bmw/5-series,2015,stored,https://www.press.bmwgroup.com/usa/article/detail/T0141999EN_US/the-new-bmw-5-series-sedan-and-bmw-5-series-gran-turismo
2013-05-19,2015 5 Series Sedan Specs,https://www.press.bmwgroup.com/usa/article/attachment/T0141999EN_US/364262,bmw/5-series,2015,stored,https://www.press.bmwgroup.com/usa/article/detail/T0141999EN_US/the-new-bmw-5-series-sedan-and-bmw-5-series-gran-turismo
2013-05-19,2017 5 Series GT Specifications,https://www.press.bmwgroup.com/usa/article/attachment/T0141999EN_US/364265,bmw/5-series,2017,stored,https://www.press.bmwgroup.com/usa/article/detail/T0141999EN_US/the-new-bmw-5-series-sedan-and-bmw-5-series-gran-turismo
2016-10-13,2018 BMW 5 Series Diesel Tech Sheet,https://www.press.bmwgroup.com/usa/article/attachment/T0264802EN_US/402279,bmw/5-series,2018,stored,https://www.press.bmwgroup.com/usa/article/detail/T0264802EN_US/the-all-new-2017-bmw-5-series:-performance-redefined
2016-10-13,MY18 5 Series Sedan Tech Specs,https://www.press.bmwgroup.com/usa/article/attachment/T0264802EN_US/402277,bmw/5-series,2018,stored,https://www.press.bmwgroup.com/usa/article/detail/T0264802EN_US/the-all-new-2017-bmw-5-series:-performance-redefined
2012-07-22,2015 7 Series (iL) Specs,https://www.press.bmwgroup.com/usa/article/attachment/T0128598EN_US/279885,bmw/7-series,2015,stored,https://www.press.bmwgroup.com/usa/article/detail/T0128598EN_US/new-2013-bmw-7-series-once-again-raises-the-bar
2012-07-22,2015 7 Series Specs,https://www.press.bmwgroup.com/usa/article/attachment/T0128598EN_US/279884,bmw/7-series,2015,stored,https://www.press.bmwgroup.com/usa/article/detail/T0128598EN_US/new-2013-bmw-7-series-once-again-raises-the-bar
2015-06-10,2017 7 Series Sedan Specifications,https://www.press.bmwgroup.com/usa/article/attachment/T0221442EN_US/387824,bmw/7-series,2017,stored,https://www.press.bmwgroup.com/usa/article/detail/T0221442EN_US/the-all-new-bmw-7-series
2016-02-11,MY17 BMW 7 Series Sedan Specs,https://www.press.bmwgroup.com/usa/article/attachment/T0253766EN_US/391865,bmw/7-series,2017,stored,https://www.press.bmwgroup.com/usa/article/detail/T0253766EN_US/the-all-new-2017-bmw-m760i-xdrive
2016-02-08,The All-New 2017 BMW ALPINA B7 xDrive - Technical Specifications,https://www.press.bmwgroup.com/usa/article/attachment/T0254062EN_US/403405,bmw/7-series,2017,stored,https://www.press.bmwgroup.com/usa/article/detail/T0254062EN_US/power-dynamics-and-luxury-combined-for-class-leading-performance-and-a-superior-driving-experience-–-the-all-new-2017-bmw-alpina-b7-xdrive
2015-06-10,MY18 7 Series Sedan Tech Specs,https://www.press.bmwgroup.com/usa/article/attachment/T0221442EN_US/387826,bmw/7-series,2018,stored,https://www.press.bmwgroup.com/usa/article/detail/T0221442EN_US/the-all-new-bmw-7-series
2016-02-08,MY18 ALPINA B7 Sedan Tech Specs,https://www.press.bmwgroup.com/usa/article/attachment/T0254062EN_US/403407,bmw/7-series,2018,stored,https://www.press.bmwgroup.com/usa/article/detail/T0254062EN_US/power-dynamics-and-luxury-combined-for-class-leading-performance-and-a-superior-driving-experience-–-the-all-new-2017-bmw-alpina-b7-xdrive
2013-12-12,2015 M3 Sedan Specs,https://www.press.bmwgroup.com/usa/article/attachment/T0160684EN_US/391902,bmw/m3,2015,stored,https://www.press.bmwgroup.com/usa/article/detail/T0160684EN_US/the-all-new-bmw-m3-sedan-and-bmw-m4-coupe
2016-08-02,2017 BMW “30 Jahre M3” Limited Edition Technical Data,https://www.press.bmwgroup.com/usa/article/attachment/T0262689EN_US/364737,bmw/m3,2017,stored,https://www.press.bmwgroup.com/usa/article/detail/T0262689EN_US/2017-bmw-“30-jahre-m3”-limited-edition
2016-01-14,2017 M3 Competition Specifications,https://www.press.bmwgroup.com/usa/article/attachment/T0250284EN_US/387872,bmw/m3,2017,stored,https://www.press.bmwgroup.com/usa/article/detail/T0250284EN_US/new-competition-package-amps-up-the-bmw-m3-and-m4
2013-12-12,2017 M3 Specifications,https://www.press.bmwgroup.com/usa/article/attachment/T0160684EN_US/391906,bmw/m3,2017,stored,https://www.press.bmwgroup.com/usa/article/detail/T0160684EN_US/the-all-new-bmw-m3-sedan-and-bmw-m4-coupe
2016-01-14,MY18 M3 Competition Tech Specs,https://www.press.bmwgroup.com/usa/article/attachment/T0250284EN_US/387876,bmw/m3,2018,stored,https://www.press.bmwgroup.com/usa/article/detail/T0250284EN_US/new-competition-package-amps-up-the-bmw-m3-and-m4
2013-12-12,MY18 M3 Tech Specs,https://www.press.bmwgroup.com/usa/article/attachment/T0160684EN_US/391907,bmw/m3,2018,stored,https://www.press.bmwgroup.com/usa/article/detail/T0160684EN_US/the-all-new-bmw-m3-sedan-and-bmw-m4-coupe
2013-05-19,2015 M5 Specs,https://www.press.bmwgroup.com/usa/article/attachment/T0141998EN_US/361020,bmw/m5,2015,stored,https://www.press.bmwgroup.com/usa/article/detail/T0141998EN_US/the-2014-bmw-m5-sedan
2017-08-21,The All-New 2018 BMW M5 Specs,https://www.press.bmwgroup.com/usa/article/attachment/T0273727EN_US/399717,bmw/m5,2018,stored,https://www.press.bmwgroup.com/usa/article/detail/T0273727EN_US/the-all-new-2018-bmw-m5:-the-quintessential-high-performance-sedan
2013-06-24,X5 SAV Specs,https://www.press.bmwgroup.com/usa/article/attachment/T0143179EN_US/391918,bmw/x5,,stored,https://www.press.bmwgroup.com/usa/article/detail/T0143179EN_US/bmw-announces-pricing-for-all-new-x5-sports-activity-vehicle
2013-05-30,2015 X5 Specs,https://www.press.bmwgroup.com/usa/article/attachment/T0142293EN_US/279422,bmw/x5,2015,stored,https://www.press.bmwgroup.com/usa/article/detail/T0142293EN_US/all-new-bmw-x5-sports-activity-vehicle
2015-03-17,2016 BMW X5 Technical Specifications,https://www.press.bmwgroup.com/usa/article/attachment/T0208453EN_US/387137,bmw/x5,2016,stored,https://www.press.bmwgroup.com/usa/article/detail/T0208453EN_US/the-bmw-x5-xdrive40e-launches-the-next-chapter-of-efficientdynamics-with-its-first-ever-plug-in-hybrid-sports-activity-vehicle
2013-08-01,2017 X5 Specifications,https://www.press.bmwgroup.com/usa/article/attachment/T0144413EN_US/365773,bmw/x5,2017,stored,https://www.press.bmwgroup.com/usa/article/detail/T0144413EN_US/production-of-the-third-generation-x5-sports-activity-vehicle-begins-at-bmw-manufacturing-co
2013-06-24,2018 BMW X5 Tech Specs,https://www.press.bmwgroup.com/usa/article/attachment/T0143179EN_US/391922,bmw/x5,2018,stored,https://www.press.bmwgroup.com/usa/article/detail/T0143179EN_US/bmw-announces-pricing-for-all-new-x5-sports-activity-vehicle
2014-10-30,X5 M 2015 Specs,https://www.press.bmwgroup.com/usa/article/attachment/T0195517EN_US/391934,bmw/x5-m,2015,stored,https://www.press.bmwgroup.com/usa/article/detail/T0195517EN_US/the-new-bmw-x5-m-and-x6-m-;-the-second-generation-of-the-bmw-m-gmbh-ultra-high-performance-sports-activity-vehicle-and-sports-activity-coupe
2014-10-30,2017 X5 M Specifications,https://www.press.bmwgroup.com/usa/article/attachment/T0195517EN_US/391937,bmw/x5-m,2017,stored,https://www.press.bmwgroup.com/usa/article/detail/T0195517EN_US/the-new-bmw-x5-m-and-x6-m-;-the-second-generation-of-the-bmw-m-gmbh-ultra-high-performance-sports-activity-vehicle-and-sports-activity-coupe
2014-10-30,2018 X5 M Specifications,https://www.press.bmwgroup.com/usa/article/attachment/T0195517EN_US/391940,bmw/x5-m,2018,stored,https://www.press.bmwgroup.com/usa/article/detail/T0195517EN_US/the-new-bmw-x5-m-and-x6-m-;-the-second-generation-of-the-bmw-m-gmbh-ultra-high-performance-sports-activity-vehicle-and-sports-activity-coupe
2014-06-06,2015 X6 Specs,https://www.press.bmwgroup.com/usa/article/attachment/T0182923EN_US/391926,bmw/x6,2015,stored,https://www.press.bmwgroup.com/usa/article/detail/T0182923EN_US/the-new-bmw-x6
2014-06-06,2017 X6 Specifications,https://www.press.bmwgroup.com/usa/article/attachment/T0182923EN_US/391928,bmw/x6,2017,stored,https://www.press.bmwgroup.com/usa/article/detail/T0182923EN_US/the-new-bmw-x6
2014-06-06,2018 X6 Specifications,https://www.press.bmwgroup.com/usa/article/attachment/T0182923EN_US/391930,bmw/x6,2018,stored,https://www.press.bmwgroup.com/usa/article/detail/T0182923EN_US/the-new-bmw-x6
2014-10-30,X6 M 2015 Specs,https://www.press.bmwgroup.com/usa/article/attachment/T0195517EN_US/391935,bmw/x6-m,2015,stored,https://www.press.bmwgroup.com/usa/article/detail/T0195517EN_US/the-new-bmw-x5-m-and-x6-m-;-the-second-generation-of-the-bmw-m-gmbh-ultra-high-performance-sports-activity-vehicle-and-sports-activity-coupe
2014-10-30,2017 X6 M Specifications,https://www.press.bmwgroup.com/usa/article/attachment/T0195517EN_US/391938,bmw/x6-m,2017,stored,https://www.press.bmwgroup.com/usa/article/detail/T0195517EN_US/the-new-bmw-x5-m-and-x6-m-;-the-second-generation-of-the-bmw-m-gmbh-ultra-high-performance-sports-activity-vehicle-and-sports-activity-coupe
2014-10-30,2018 X6 M Specifications,https://www.press.bmwgroup.com/usa/article/attachment/T0195517EN_US/391941,bmw/x6-m,2018,stored,https://www.press.bmwgroup.com/usa/article/detail/T0195517EN_US/the-new-bmw-x5-m-and-x6-m-;-the-second-generation-of-the-bmw-m-gmbh-ultra-high-performance-sports-activity-vehicle-and-sports-activity-coupe
