make,line,year,doc_type,title,url,http_status,bytes,sha256,retrieved_at,path,status,note
bmw,,,robots,robots.txt,https://www.press.bmwgroup.com/robots.txt,200,10705,1cd196761e4ddd9df38bc5d596d136e134066a5c8c3195c83f87b6e661795a98,2026-10-02T11:44:20+00:00,press/press.bmwgroup.com/discovery/robots.txt.gz,ok,
bmw,,,listing,article list page 1,https://www.press.bmwgroup.com/usa/article,200,108784,0826e26e62869fd650d23cba3323117bd679e30e0d6cffcf40569909da14fce5,2026-10-02T11:44:25+00:00,press/press.bmwgroup.com/discovery/list-0001.html.gz,ok,
bmw,,,listing,article list page 2,https://www.press.bmwgroup.com/usa/article?page=2&type=article,200,115388,dfa8902ae4c32c4dcd9ec82efa63ae858e18670bf1be0294a362a99025b3e196,2026-10-02T11:44:31+00:00,press/press.bmwgroup.com/discovery/list-0002.html.gz,ok,
bmw,,,listing,article list page 3,https://www.press.bmwgroup.com/usa/article?page=3&type=article,200,112171,727d01608f7307605cbec6ce77bb81b7a67543463d2a9a0b711c40b597a86137,2026-10-02T11:44:35+00:00,press/press.bmwgroup.com/discovery/list-0003.html.gz,ok,
bmw,,,listing,article list page 4,https://www.press.bmwgroup.com/usa/article?page=4&type=article,200,110943,d89329b284f025d6c65078d7407f94d3212a0e474fd20b4dc971fa1bdb108b35,2026-10-02T11:44:40+00:00,press/press.bmwgroup.com/discovery/list-0004.html.gz,ok,
bmw,,,listing,article list page 5,https://www.press.bmwgroup.com/usa/article?page=5&type=article,200,113678,a68e03055df2ee6f56ef07286b068871ba556b8c3b91746a3d3e0c12a4cd844c,2026-10-02T11:44:45+00:00,press/press.bmwgroup.com/discovery/list-0005.html.gz,ok,
bmw,,,listing,article list page 6,https://www.press.bmwgroup.com/usa/article?page=6&type=article,200,114020,7001ad3c57683b9fab67c170a4e9a969a3decafb0e233883c5ce210c6dc8d736,2026-10-02T11:44:50+00:00,press/press.bmwgroup.com/discovery/list-0006.html.gz,ok,
bmw,,,listing,article list page 7,https://www.press.bmwgroup.com/usa/article?page=7&type=article,200,112954,7b663478fa3bad7e954f8531a7438cba70e5e864fc6942d21faa2eb28aabbc5e,2026-10-02T11:44:53+00:00,press/press.bmwgroup.com/discovery/list-0007.html.gz,ok,
bmw,,,listing,article list page 8,https://www.press.bmwgroup.com/usa/article?page=8&type=article,200,112163,dd4b61f2f7e8f878a0e6e35f6e2f5e740d30d0fbdc697628ddd1db24cfcf1e78,2026-10-02T11:44:58+00:00,press/press.bmwgroup.com/discovery/list-0008.html.gz,ok,
bmw,,,listing,article list page 9,https://www.press.bmwgroup.com/usa/article?page=9&type=article,200,114710,1e990013f980501036c09e8fd9d5b4d1f4bd92a1defadc6c893f4f4c9c5d0cdc,2026-10-02T11:45:03+00:00,press/press.bmwgroup.com/discovery/list-0009.html.gz,ok,
bmw,,,listing,article list page 10,https://www.press.bmwgroup.com/usa/article?page=10&type=article,200,114638,9014a4532404163b5c07057d2d092841ef81c35a7bf20c656f119ef6e4af074e,2026-10-02T11:45:07+00:00,press/press.bmwgroup.com/discovery/list-0010.html.gz,ok,
bmw,,,listing,article list page 11,https://www.press.bmwgroup.com/usa/article?page=11&type=article,200,114319,23e7e7a8491f2c54cb7264e452aaf3aa7eeb2dd75426075ea46aa82d48b50371,2026-10-02T11:45:12+00:00,press/press.bmwgroup.com/discovery/list-0011.html.gz,ok,
bmw,,,listing,article list page 12,https://www.press.bmwgroup.com/usa/article?page=12&type=article,200,114820,31c943b3ba8dad3e06db5b80d5a26ce47c99b309a81c6c9f4144036a384555f5,2026-10-02T11:45:15+00:00,press/press.bmwgroup.com/discovery/list-0012.html.gz,ok,
bmw,,,listing,article list page 13,https://www.press.bmwgroup.com/usa/article?page=13&type=article,200,109815,151ff7bedeeca35f742b66595eef334b332db787beb73450d74751e4511b8825,2026-10-02T11:45:18+00:00,press/press.bmwgroup.com/discovery/list-0013.html.gz,ok,
bmw,,,listing,article list page 14,https://www.press.bmwgroup.com/usa/article?page=14&type=article,200,113822,880c1b46ffcd44314ec285e7f3fd8cd578b72454407d7abfb370a50115954986,2026-10-02T11:45:22+00:00,press/press.bmwgroup.com/discovery/list-0014.html.gz,ok,
bmw,,,listing,article list page 15,https://www.press.bmwgroup.com/usa/article?page=15&type=article,200,114270,f110a1775f6324fb7a1ee099f9381f7a14029710b7368cb54938c8a3c73a0e72,2026-10-02T11:45:28+00:00,press/press.bmwgroup.com/discovery/list-0015.html.gz,ok,
bmw,,,listing,article list page 16,https://www.press.bmwgroup.com/usa/article?page=16&type=article,200,107626,6ae661f9b1c8bc805c24294cbdf134212dff72b9e8664b33f222b32e574bf5e8,2026-10-02T11:45:33+00:00,press/press.bmwgroup.com/discovery/list-0016.html.gz,ok,
bmw,,,listing,article list page 17,https://www.press.bmwgroup.com/usa/article?page=17&type=article,200,114111,0e36e42ab19bc1f870b24d8ddcbe4a85a5cf1c007c6641f7425420d28efbe9f6,2026-10-02T11:45:37+00:00,press/press.bmwgroup.com/discovery/list-0017.html.gz,ok,
bmw,,,listing,article list page 18,https://www.press.bmwgroup.com/usa/article?page=18&type=article,200,114547,0560bca7e107335ed4b4e21fee64ac096d0e2916bdbf63672e72dec4069221df,2026-10-02T11:45:42+00:00,press/press.bmwgroup.com/discovery/list-0018.html.gz,ok,
bmw,,,listing,article list page 19,https://www.press.bmwgroup.com/usa/article?page=19&type=article,200,110023,71ab805c2431f5bdb751f265582d396c1043321aae4f67a59da4f472a37d5b13,2026-10-02T11:45:45+00:00,press/press.bmwgroup.com/discovery/list-0019.html.gz,ok,
bmw,,,listing,article list page 20,https://www.press.bmwgroup.com/usa/article?page=20&type=article,200,111786,ec09228eb8bd2ec07f67df75bc1b193c300ac15a48696a61642b3e693ff66462,2026-10-02T11:45:50+00:00,press/press.bmwgroup.com/discovery/list-0020.html.gz,ok,
bmw,,,listing,article list page 21,https://www.press.bmwgroup.com/usa/article?page=21&type=article,200,111612,9dc00274c50cbd50156efff06f8545f0f1e57638db8182dc946f5af6d70c80e9,2026-10-02T11:45:55+00:00,press/press.bmwgroup.com/discovery/list-0021.html.gz,ok,
bmw,,,listing,article list page 22,https://www.press.bmwgroup.com/usa/article?page=22&type=article,200,111734,5a5b837af8e8a909881ca247d0c013530011ac0f422261cf4290a71dd134b8b6,2026-10-02T11:45:57+00:00,press/press.bmwgroup.com/discovery/list-0022.html.gz,ok,
bmw,,,listing,article list page 23,https://www.press.bmwgroup.com/usa/article?page=23&type=article,200,109490,eab1daedefef0c01a109435554dd99824a32e3a4f566c8aa373697d388533251,2026-10-02T11:46:03+00:00,press/press.bmwgroup.com/discovery/list-0023.html.gz,ok,
bmw,,,listing,article list page 24,https://www.press.bmwgroup.com/usa/article?page=24&type=article,200,111215,ef665fc600f3eddaf1f292b06c3d3c66215bf57beac5e4eb86ba29999b85cb33,2026-10-02T11:46:08+00:00,press/press.bmwgroup.com/discovery/list-0024.html.gz,ok,
bmw,,,listing,article list page 25,https://www.press.bmwgroup.com/usa/article?page=25&type=article,200,111783,2af6cd0e6f06e1c0318401a8aed39e8a9372827a8634aa8a116d5ddbf300ed36,2026-10-02T11:46:11+00:00,press/press.bmwgroup.com/discovery/list-0025.html.gz,ok,
bmw,,,listing,article list page 26,https://www.press.bmwgroup.com/usa/article?page=26&type=article,200,111762,5143cf83eca13214aab5c964a083c2f0335043f9463d703c602c250b0c0cb4d4,2026-10-02T11:46:16+00:00,press/press.bmwgroup.com/discovery/list-0026.html.gz,ok,
bmw,,,listing,article list page 27,https://www.press.bmwgroup.com/usa/article?page=27&type=article,200,109112,513622fd1b423b663f98285f735cdd2e45a056d6f9453e6ffad220f53e13c6c1,2026-10-02T11:46:20+00:00,press/press.bmwgroup.com/discovery/list-0027.html.gz,ok,
bmw,,,listing,article list page 28,https://www.press.bmwgroup.com/usa/article?page=28&type=article,200,113354,2a0ee49fcd878427f09b440097b8dbdaba522bb02fb67377245cc0ed98001e1a,2026-10-02T11:46:23+00:00,press/press.bmwgroup.com/discovery/list-0028.html.gz,ok,
bmw,,,listing,article list page 29,https://www.press.bmwgroup.com/usa/article?page=29&type=article,200,114977,dea75fdd4c27d21b0aaf0205a33a7d28664e60d8e4f8a530565f0a0e5e3921f3,2026-10-02T11:46:29+00:00,press/press.bmwgroup.com/discovery/list-0029.html.gz,ok,
bmw,,,listing,article list page 30,https://www.press.bmwgroup.com/usa/article?page=30&type=article,200,114036,ae4de8a0e7f385bc895648f1f1f380f423ea0b16c2c6daeb14cea448707a6958,2026-10-02T11:46:35+00:00,press/press.bmwgroup.com/discovery/list-0030.html.gz,ok,
bmw,,,listing,article list page 31,https://www.press.bmwgroup.com/usa/article?page=31&type=article,200,113819,a254b156a426072a5db5b1a11686ce41531597175d582e8d6da12f55a4518b2d,2026-10-02T11:46:41+00:00,press/press.bmwgroup.com/discovery/list-0031.html.gz,ok,
bmw,,,listing,article list page 32,https://www.press.bmwgroup.com/usa/article?page=32&type=article,200,109647,443d7bf4c356001e9b9a34ff42d16730700803e06f7315201d6f885c6710b168,2026-10-02T11:46:45+00:00,press/press.bmwgroup.com/discovery/list-0032.html.gz,ok,
bmw,,,listing,article list page 33,https://www.press.bmwgroup.com/usa/article?page=33&type=article,200,108327,7db43740a2e8cc2305bcebe5e45c0324da4456b55d241e0f8abadd58f750f527,2026-10-02T11:46:48+00:00,press/press.bmwgroup.com/discovery/list-0033.html.gz,ok,
bmw,,,listing,article list page 34,https://www.press.bmwgroup.com/usa/article?page=34&type=article,200,113377,5efa19da845920434bba83fabd4db5fae9ac658f09aa70429dd9ca8e8ba68b14,2026-10-02T11:46:51+00:00,press/press.bmwgroup.com/discovery/list-0034.html.gz,ok,
bmw,,,listing,article list page 35,https://www.press.bmwgroup.com/usa/article?page=35&type=article,200,109826,21cfdaed0763c4131899e8aaaac2983c7180e1ecd7c577693f84a583e0fef315,2026-10-02T11:46:54+00:00,press/press.bmwgroup.com/discovery/list-0035.html.gz,ok,
bmw,,,listing,article list page 36,https://www.press.bmwgroup.com/usa/article?page=36&type=article,200,113385,b10ed6e700bbf7948af9b00e6d2ec7e09a4ed346705104f6ba3bb3a79b15e94f,2026-10-02T11:46:59+00:00,press/press.bmwgroup.com/discovery/list-0036.html.gz,ok,
bmw,,,listing,article list page 37,https://www.press.bmwgroup.com/usa/article?page=37&type=article,200,116279,67296d21e21c26208b1d717813c8e6b62ce6f37231c04973a73804ed0254dc81,2026-10-02T11:47:04+00:00,press/press.bmwgroup.com/discovery/list-0037.html.gz,ok,
bmw,,,listing,article list page 38,https://www.press.bmwgroup.com/usa/article?page=38&type=article,200,112138,2a72455182257492f9e1b4a107244eb2d1720f565c0d0d8631126eacb968fab3,2026-10-02T11:47:09+00:00,press/press.bmwgroup.com/discovery/list-0038.html.gz,ok,
bmw,,,listing,article list page 39,https://www.press.bmwgroup.com/usa/article?page=39&type=article,200,107587,420d99428348c0c314d3fdb2446ccc72023710f927ed97262439eb71c3066299,2026-10-02T11:47:13+00:00,press/press.bmwgroup.com/discovery/list-0039.html.gz,ok,
bmw,,,listing,article list page 40,https://www.press.bmwgroup.com/usa/article?page=40&type=article,200,111420,f8930f456d77d89a5bda3f15981768250e5879a9e04878e0dbb516d261342a8d,2026-10-02T11:47:18+00:00,press/press.bmwgroup.com/discovery/list-0040.html.gz,ok,
bmw,,,listing,article list page 41,https://www.press.bmwgroup.com/usa/article?page=41&type=article,200,110560,95e41b328ceb4de1bbb6faebccbd4ed03764e34616028b853f2fb819889c4a5b,2026-10-02T11:47:24+00:00,press/press.bmwgroup.com/discovery/list-0041.html.gz,ok,
bmw,,,listing,article list page 42,https://www.press.bmwgroup.com/usa/article?page=42&type=article,200,121479,b496e9e1b71c2a7632a36bec658faf9fe520ab4a3623080cacfb0c52747c8cf7,2026-10-02T11:47:28+00:00,press/press.bmwgroup.com/discovery/list-0042.html.gz,ok,
bmw,,,listing,article list page 43,https://www.press.bmwgroup.com/usa/article?page=43&type=article,200,109047,6519ea9015a060c0b55e549de66b4d0756a57bbec346b27f8a21a84c28f265e8,2026-10-02T11:47:34+00:00,press/press.bmwgroup.com/discovery/list-0043.html.gz,ok,
bmw,,,listing,article list page 44,https://www.press.bmwgroup.com/usa/article?page=44&type=article,200,106746,2e5f2f791c8927e917c216cde26c46af434da64289b7077a41b5fdb239012f93,2026-10-02T11:47:40+00:00,press/press.bmwgroup.com/discovery/list-0044.html.gz,ok,
bmw,,,listing,article list page 45,https://www.press.bmwgroup.com/usa/article?page=45&type=article,200,111713,44e572702c15b1aa6c0aa4f555617d6888507f48e877c2918a31bfd3ca0b470a,2026-10-02T11:47:44+00:00,press/press.bmwgroup.com/discovery/list-0045.html.gz,ok,
bmw,,,listing,article list page 46,https://www.press.bmwgroup.com/usa/article?page=46&type=article,200,112446,3274bf11e87878fe8a3ee73b5e90172e3496153288f7f000a7f57e616f9c168d,2026-10-02T11:47:50+00:00,press/press.bmwgroup.com/discovery/list-0046.html.gz,ok,
bmw,,,listing,article list page 47,https://www.press.bmwgroup.com/usa/article?page=47&type=article,200,107167,d94872c7f49a69ac28f13c1727b84bb1191c1dc238a16b86705ab493898aaebe,2026-10-02T11:47:55+00:00,press/press.bmwgroup.com/discovery/list-0047.html.gz,ok,
bmw,,,listing,article list page 48,https://www.press.bmwgroup.com/usa/article?page=48&type=article,200,110826,e7839b5060c190131ad21b6a420c126c2663bbc894ffcfb04be58adef10c9a5a,2026-10-02T11:48:01+00:00,press/press.bmwgroup.com/discovery/list-0048.html.gz,ok,
bmw,,,listing,article list page 49,https://www.press.bmwgroup.com/usa/article?page=49&type=article,200,112813,56f50001861e2f6a5bb3ffe338aa3ba8f76f0899a5d80c51fadf6b28a54c577a,2026-10-02T11:48:06+00:00,press/press.bmwgroup.com/discovery/list-0049.html.gz,ok,
bmw,,,listing,article list page 50,https://www.press.bmwgroup.com/usa/article?page=50&type=article,200,112239,a93d1e6e35c7a43c05cad52cdf8f7095e556be572296044d5a9db193d67ad44b,2026-10-02T11:48:10+00:00,press/press.bmwgroup.com/discovery/list-0050.html.gz,ok,
bmw,,,listing,article list page 51,https://www.press.bmwgroup.com/usa/article?page=51&type=article,200,111235,1d1f1a9f976256acfc1a679c353f2bc5c9af692d6d72ec5c794ecf119c5854d5,2026-10-02T11:48:15+00:00,press/press.bmwgroup.com/discovery/list-0051.html.gz,ok,
bmw,,,listing,article list page 52,https://www.press.bmwgroup.com/usa/article?page=52&type=article,200,112330,169a4f3fdf88c5a4c1ef48e821d0d6da94a61258f27efa2d7b1f97d0966330b0,2026-10-02T11:48:20+00:00,press/press.bmwgroup.com/discovery/list-0052.html.gz,ok,
bmw,,,listing,article list page 53,https://www.press.bmwgroup.com/usa/article?page=53&type=article,200,108167,ccef9c28e2ed2022b1a87f78b1fc50c13ff9bbbff76f16a980d943bcd3352979,2026-10-02T11:48:25+00:00,press/press.bmwgroup.com/discovery/list-0053.html.gz,ok,
bmw,,,listing,article list page 54,https://www.press.bmwgroup.com/usa/article?page=54&type=article,200,105778,ead1a1c2f1fb49f023c60e4c1b25259c6d0143dc0578e6bed4980124b43a0ee0,2026-10-02T11:48:29+00:00,press/press.bmwgroup.com/discovery/list-0054.html.gz,ok,
bmw,,,listing,article list page 55,https://www.press.bmwgroup.com/usa/article?page=55&type=article,200,110075,74744132cb00fde4db291d2dabf90539cbc7e06ce40e40ee858dbc57670da4ef,2026-10-02T11:48:33+00:00,press/press.bmwgroup.com/discovery/list-0055.html.gz,ok,
bmw,,,listing,article list page 56,https://www.press.bmwgroup.com/usa/article?page=56&type=article,200,107713,cbf87ed5ca1629a24ba36927e670a585bb817c1a3898099f31330c47de241cdb,2026-10-02T11:48:38+00:00,press/press.bmwgroup.com/discovery/list-0056.html.gz,ok,
bmw,,,listing,article list page 57,https://www.press.bmwgroup.com/usa/article?page=57&type=article,200,110518,fee5b2de84cafb95eb7614162f65fdaecedbfe5b0f101f0828c0b59a2a21564b,2026-10-02T11:48:41+00:00,press/press.bmwgroup.com/discovery/list-0057.html.gz,ok,
bmw,,,listing,article list page 58,https://www.press.bmwgroup.com/usa/article?page=58&type=article,200,111541,723c8add553ad700e34d075bc5391b95be33a6a9ea8d74bb0d4594e07207a892,2026-10-02T11:48:46+00:00,press/press.bmwgroup.com/discovery/list-0058.html.gz,ok,
bmw,,,listing,article list page 59,https://www.press.bmwgroup.com/usa/article?page=59&type=article,200,107214,8434504e865bac525c88d24d7f0ba23a8a3e8c507d3f455723d56c6ff9cf7957,2026-10-02T11:48:50+00:00,press/press.bmwgroup.com/discovery/list-0059.html.gz,ok,
bmw,,,listing,article list page 60,https://www.press.bmwgroup.com/usa/article?page=60&type=article,200,108145,f3c700567bf8b125003e0470b1412f557cebba77188e4dec9b333d43e3f8d229,2026-10-02T11:48:55+00:00,press/press.bmwgroup.com/discovery/list-0060.html.gz,ok,
bmw,,,listing,article list page 61,https://www.press.bmwgroup.com/usa/article?page=61&type=article,200,112032,d138d34ac704fa680740b201daa503d71237c3aa833c76774ea0efddd4aded54,2026-10-02T11:48:59+00:00,press/press.bmwgroup.com/discovery/list-0061.html.gz,ok,
bmw,,,listing,article list page 62,https://www.press.bmwgroup.com/usa/article?page=62&type=article,200,111307,887c32b7d250fbac8639821edd11f39b2a0072ae9bb9583b6d0458897f957137,2026-10-02T11:49:04+00:00,press/press.bmwgroup.com/discovery/list-0062.html.gz,ok,
bmw,,,listing,article list page 63,https://www.press.bmwgroup.com/usa/article?page=63&type=article,200,106073,7e2120d9a3dd0eabeb2ac893bf5d85c8d43a832488a384a9e9a07075aa5ea30d,2026-10-02T11:49:08+00:00,press/press.bmwgroup.com/discovery/list-0063.html.gz,ok,
bmw,,,listing,article list page 64,https://www.press.bmwgroup.com/usa/article?page=64&type=article,200,107869,790923c0a8ca9c19f122786f9f1752797f324dc76f99aaf57b45af69930daf68,2026-10-02T11:49:13+00:00,press/press.bmwgroup.com/discovery/list-0064.html.gz,ok,
bmw,,,listing,article list page 65,https://www.press.bmwgroup.com/usa/article?page=65&type=article,200,110178,9bee7411dc30349deb9389b38b1e752036a00492042b06deb38e5c7e05d75973,2026-10-02T11:49:17+00:00,press/press.bmwgroup.com/discovery/list-0065.html.gz,ok,
bmw,,,listing,article list page 66,https://www.press.bmwgroup.com/usa/article?page=66&type=article,200,110773,c7ffef681248117a56b05eb7f7c469460aa6a829a65d1011ae3e936525eff929,2026-10-02T11:49:20+00:00,press/press.bmwgroup.com/discovery/list-0066.html.gz,ok,
bmw,,,listing,article list page 67,https://www.press.bmwgroup.com/usa/article?page=67&type=article,200,111537,c6a64a11568d1c837e14b4cc28b25ec66116feda7f9abb716f5ddd8d5ec3e75a,2026-10-02T11:49:24+00:00,press/press.bmwgroup.com/discovery/list-0067.html.gz,ok,
bmw,,,listing,article list page 68,https://www.press.bmwgroup.com/usa/article?page=68&type=article,200,109737,d5789015ba793c580a789e8616748e41c01e252f13c9306f55f8cd93bee6152a,2026-10-02T11:49:28+00:00,press/press.bmwgroup.com/discovery/list-0068.html.gz,ok,
bmw,,,listing,article list page 69,https://www.press.bmwgroup.com/usa/article?page=69&type=article,200,110218,08333813ad2afcac4c104574d44fbde1e70ade5a2bd48d4f73290d5de6111c08,2026-10-02T11:49:33+00:00,press/press.bmwgroup.com/discovery/list-0069.html.gz,ok,
bmw,,,listing,article list page 70,https://www.press.bmwgroup.com/usa/article?page=70&type=article,200,112910,1e8af84b7f4069edfe1fa3a6288a72ed7d9d6349abb23785731eb67ba7408007,2026-10-02T11:49:38+00:00,press/press.bmwgroup.com/discovery/list-0070.html.gz,ok,
bmw,,,listing,article list page 71,https://www.press.bmwgroup.com/usa/article?page=71&type=article,200,109363,8f11933d8e992488efb265eedb5b55310c59ba3c8fdf4f3ca63a1c1e9b88b6fb,2026-10-02T11:49:44+00:00,press/press.bmwgroup.com/discovery/list-0071.html.gz,ok,
bmw,,,listing,article list page 72,https://www.press.bmwgroup.com/usa/article?page=72&type=article,200,113093,c120b141dcf1b932c27fc187c2a159263bed8232d764c6e35ffc923304180f6f,2026-10-02T11:49:48+00:00,press/press.bmwgroup.com/discovery/list-0072.html.gz,ok,
bmw,,,listing,article list page 73,https://www.press.bmwgroup.com/usa/article?page=73&type=article,200,109476,a495f500de40a48211e58499bfebfe28cf9894226b12296ec566fdcbcb30835a,2026-10-02T11:49:52+00:00,press/press.bmwgroup.com/discovery/list-0073.html.gz,ok,
bmw,,,listing,article list page 74,https://www.press.bmwgroup.com/usa/article?page=74&type=article,200,110882,2a70c67d2765fd6c073c01b08ff045b7e92aea49a35e4a3f09a7911702243873,2026-10-02T11:49:56+00:00,press/press.bmwgroup.com/discovery/list-0074.html.gz,ok,
bmw,,,listing,article list page 75,https://www.press.bmwgroup.com/usa/article?page=75&type=article,200,111878,36cf0f6a30d243171a0973c82211192dcb05710d3ce7d9ed036a47aa3ce67c23,2026-10-02T11:50:01+00:00,press/press.bmwgroup.com/discovery/list-0075.html.gz,ok,
bmw,,,listing,article list page 76,https://www.press.bmwgroup.com/usa/article?page=76&type=article,200,109489,d8cfe00e192b0ad4240a926b6483cca2c228511ad77a5be6fe0098ccf660854d,2026-10-02T11:50:06+00:00,press/press.bmwgroup.com/discovery/list-0076.html.gz,ok,
bmw,,,listing,article list page 77,https://www.press.bmwgroup.com/usa/article?page=77&type=article,200,109519,328c279e35edca4670501256bf1a758786ad8b5ff103b7eaf5cbd6b52728c7f2,2026-10-02T11:50:11+00:00,press/press.bmwgroup.com/discovery/list-0077.html.gz,ok,
bmw,,,listing,article list page 78,https://www.press.bmwgroup.com/usa/article?page=78&type=article,200,106568,9e414fbf3c5d57787104b0bc95dcd783bb35634dced5d4094e8c05827b0bff07,2026-10-02T11:50:14+00:00,press/press.bmwgroup.com/discovery/list-0078.html.gz,ok,
bmw,,,listing,article list page 79,https://www.press.bmwgroup.com/usa/article?page=79&type=article,200,106987,c0221e18e96fcbd3b41f8ebe947a5a6689a36ed7e6d7c383ed3d8f3802f3170d,2026-10-02T11:50:20+00:00,press/press.bmwgroup.com/discovery/list-0079.html.gz,ok,
bmw,,,listing,article list page 80,https://www.press.bmwgroup.com/usa/article?page=80&type=article,200,108366,53aada34b02a9894bcf31f10fffb5fdd412f59825b4fa3519af093e1696ba94b,2026-10-02T11:50:23+00:00,press/press.bmwgroup.com/discovery/list-0080.html.gz,ok,
bmw,,,listing,article list page 81,https://www.press.bmwgroup.com/usa/article?page=81&type=article,200,110238,9b66aac9413dc0b99af2727786807e46fe4a55c8520ebcf57146b2768417e391,2026-10-02T11:50:27+00:00,press/press.bmwgroup.com/discovery/list-0081.html.gz,ok,
bmw,,,listing,article list page 82,https://www.press.bmwgroup.com/usa/article?page=82&type=article,200,109401,3cb5d7d7664ffccf53e7a947cd3ba50374fb547b84c7008b3ea32ff77b601fd6,2026-10-02T11:50:31+00:00,press/press.bmwgroup.com/discovery/list-0082.html.gz,ok,
bmw,,,listing,article list page 83,https://www.press.bmwgroup.com/usa/article?page=83&type=article,200,113371,009abb8e0e046c51df74c5c8a54f5d078a6a4df1a43c96a477de49d814e290c5,2026-10-02T11:50:35+00:00,press/press.bmwgroup.com/discovery/list-0083.html.gz,ok,
bmw,,,listing,article list page 84,https://www.press.bmwgroup.com/usa/article?page=84&type=article,200,105518,d2e44cac2329c3bc0f40070be52f43cf9d717192126abc208aa69619421f15f4,2026-10-02T11:50:41+00:00,press/press.bmwgroup.com/discovery/list-0084.html.gz,ok,
bmw,,,listing,article list page 85,https://www.press.bmwgroup.com/usa/article?page=85&type=article,200,112916,275d8bada59509080931851ed0de25bb30394d5b1270b2fea1b980bc338cd6b5,2026-10-02T11:50:45+00:00,press/press.bmwgroup.com/discovery/list-0085.html.gz,ok,
bmw,,,listing,article list page 86,https://www.press.bmwgroup.com/usa/article?page=86&type=article,200,109998,3d1abd3eca73be61b3b47609787c852a50cdc2e31de6fbf08ce94f33457acb7b,2026-10-02T11:50:48+00:00,press/press.bmwgroup.com/discovery/list-0086.html.gz,ok,
bmw,,,listing,article list page 87,https://www.press.bmwgroup.com/usa/article?page=87&type=article,200,109184,1412f18bcf4f8e03fd6ae518a1c5083a9ebc026e344bf368b7ef12f5c1a6d96f,2026-10-02T11:50:54+00:00,press/press.bmwgroup.com/discovery/list-0087.html.gz,ok,
bmw,,,listing,article list page 88,https://www.press.bmwgroup.com/usa/article?page=88&type=article,200,108065,648a29163a96c03feaadbdf952f45e6a3f5e946e9fb5c034d693e7b436b5dafd,2026-10-02T11:50:58+00:00,press/press.bmwgroup.com/discovery/list-0088.html.gz,ok,
bmw,,,listing,article list page 89,https://www.press.bmwgroup.com/usa/article?page=89&type=article,200,104276,0abf841a3047bf533fe4abaa1f882d7322ab53c28a8808189c557e9792123f23,2026-10-02T11:51:02+00:00,press/press.bmwgroup.com/discovery/list-0089.html.gz,ok,
bmw,,,listing,article list page 90,https://www.press.bmwgroup.com/usa/article?page=90&type=article,200,109573,329ab8e3078be45307405a590b78e3b8bc55c1c54e65e57221d3c0735b42267a,2026-10-02T11:51:06+00:00,press/press.bmwgroup.com/discovery/list-0090.html.gz,ok,
bmw,,,listing,article list page 91,https://www.press.bmwgroup.com/usa/article?page=91&type=article,200,112355,adc91fac8e37f8620ef8d874d3b4b42b3902a2a7e07c147a371a112cb9646145,2026-10-02T11:51:10+00:00,press/press.bmwgroup.com/discovery/list-0091.html.gz,ok,
bmw,,,listing,article list page 92,https://www.press.bmwgroup.com/usa/article?page=92&type=article,200,111307,1a39c894aa5d6e6a23abef117be3d9d1876f73d7901b274db2fb43ad34423170,2026-10-02T11:51:13+00:00,press/press.bmwgroup.com/discovery/list-0092.html.gz,ok,
bmw,,,listing,article list page 93,https://www.press.bmwgroup.com/usa/article?page=93&type=article,200,106441,21b5b9d2aa636bf07feec01f6fbecc0e8ffdd8af724c871fc4e8a395fe2fdffe,2026-10-02T11:51:16+00:00,press/press.bmwgroup.com/discovery/list-0093.html.gz,ok,
bmw,,,listing,article list page 94,https://www.press.bmwgroup.com/usa/article?page=94&type=article,200,115647,75538eaeae82f97271e08d88e4ae0cc15f4cc4b98ffb029c7e19b5114de11245,2026-10-02T11:51:21+00:00,press/press.bmwgroup.com/discovery/list-0094.html.gz,ok,
bmw,,,listing,article list page 95,https://www.press.bmwgroup.com/usa/article?page=95&type=article,200,110989,24273015fb6cdb5ab6861b9a50957ee264dc6aafebc013aae2a38d8a94373b9a,2026-10-02T11:51:25+00:00,press/press.bmwgroup.com/discovery/list-0095.html.gz,ok,
bmw,,,listing,article list page 96,https://www.press.bmwgroup.com/usa/article?page=96&type=article,200,108032,cd73a9ffc4e7cb58364ed6563fd2e1b1fefcec24f9b182e6d827971acf3abee3,2026-10-02T11:51:29+00:00,press/press.bmwgroup.com/discovery/list-0096.html.gz,ok,
bmw,,,listing,article list page 97,https://www.press.bmwgroup.com/usa/article?page=97&type=article,200,109161,48482129c95392a45bf348addd8fe6a936b14eef9741a59780bdbe238fcb22d3,2026-10-02T11:51:32+00:00,press/press.bmwgroup.com/discovery/list-0097.html.gz,ok,
bmw,,,listing,article list page 98,https://www.press.bmwgroup.com/usa/article?page=98&type=article,200,114602,5941560b1d5204960ca8dac61afc622c9a081ef4b8d69c45fc6873b9722af864,2026-10-02T11:51:36+00:00,press/press.bmwgroup.com/discovery/list-0098.html.gz,ok,
bmw,,,listing,article list page 99,https://www.press.bmwgroup.com/usa/article?page=99&type=article,200,111479,dc57da66b3bb41b4847ee9bcc135f1371704f9e0367a3a9b680c4932363caf4f,2026-10-02T11:51:41+00:00,press/press.bmwgroup.com/discovery/list-0099.html.gz,ok,
bmw,,,listing,article list page 100,https://www.press.bmwgroup.com/usa/article?page=100&type=article,200,112197,127a4b80cd8063790917e12bd56dd509c7d5911580c904eb563e2bc203311476,2026-10-02T11:51:46+00:00,press/press.bmwgroup.com/discovery/list-0100.html.gz,ok,
bmw,,,listing,article list page 101,https://www.press.bmwgroup.com/usa/article?page=101&type=article,200,106328,d8ecd65e68003950106db601cbac9ce4461d0a358ee945e3b9a227ebdd9bd58a,2026-10-02T11:51:51+00:00,press/press.bmwgroup.com/discovery/list-0101.html.gz,ok,
bmw,,,listing,article list page 102,https://www.press.bmwgroup.com/usa/article?page=102&type=article,200,113421,89993fe2b391a85a1bc8f8152fbed5fd80a68f52a9ed25fc69b26bd7422ca560,2026-10-02T11:51:54+00:00,press/press.bmwgroup.com/discovery/list-0102.html.gz,ok,
bmw,,,listing,article list page 103,https://www.press.bmwgroup.com/usa/article?page=103&type=article,200,107330,4b722c0f2250cb2ac9b0734cfa9d9c7a737db3aa1c7b3108f7229139ecf4a21e,2026-10-02T11:51:59+00:00,press/press.bmwgroup.com/discovery/list-0103.html.gz,ok,
bmw,,,listing,article list page 104,https://www.press.bmwgroup.com/usa/article?page=104&type=article,200,112880,5c112f3a4fd5ec8462bda83640ed4a1187bdded440b77d511bfed84e120d9f27,2026-10-02T11:52:03+00:00,press/press.bmwgroup.com/discovery/list-0104.html.gz,ok,
bmw,,,listing,article list page 105,https://www.press.bmwgroup.com/usa/article?page=105&type=article,200,112392,d71700bb2133d1b9b4e8de04224af7a922a0bbeb09e4f94ca7bb0e3bf4dc6f8e,2026-10-02T11:52:06+00:00,press/press.bmwgroup.com/discovery/list-0105.html.gz,ok,
bmw,,,listing,article list page 106,https://www.press.bmwgroup.com/usa/article?page=106&type=article,200,114141,e03854396e67ed8d2fd0ba9b72442c347295a31361231031b22e34227e883a65,2026-10-02T11:52:09+00:00,press/press.bmwgroup.com/discovery/list-0106.html.gz,ok,
bmw,,,listing,article list page 107,https://www.press.bmwgroup.com/usa/article?page=107&type=article,200,115401,2388d7684d3b7c159703ef01c13c5654dde8b5a35cf040fae938d83ee36d0a1a,2026-10-02T11:52:15+00:00,press/press.bmwgroup.com/discovery/list-0107.html.gz,ok,
bmw,,,listing,article list page 108,https://www.press.bmwgroup.com/usa/article?page=108&type=article,200,111552,05896a592e7dbe3f2cc91e99d975ad09dd87fc406df76cdc3ccd39b0065b2f69,2026-10-02T11:52:19+00:00,press/press.bmwgroup.com/discovery/list-0108.html.gz,ok,
bmw,,,listing,article list page 109,https://www.press.bmwgroup.com/usa/article?page=109&type=article,200,120466,af12795fcdb77ac0140058e04e95b4303bc6a33113c5f1aa9190104b2e34e7cb,2026-10-02T11:52:22+00:00,press/press.bmwgroup.com/discovery/list-0109.html.gz,ok,
bmw,,,listing,article list page 110,https://www.press.bmwgroup.com/usa/article?page=110&type=article,200,113871,9a518dd0cb31b6dd06ab5278c4535388e0916ba04aecc9596e7eb3293683a4cd,2026-10-02T11:52:25+00:00,press/press.bmwgroup.com/discovery/list-0110.html.gz,ok,
bmw,,,listing,article list page 111,https://www.press.bmwgroup.com/usa/article?page=111&type=article,200,110582,0f6720756fb28d13ab9fd1bf520d4129711e194fabea3c250c8e415e8307feac,2026-10-02T11:52:30+00:00,press/press.bmwgroup.com/discovery/list-0111.html.gz,ok,
bmw,,,listing,article list page 112,https://www.press.bmwgroup.com/usa/article?page=112&type=article,200,113784,92aaff3cfb7030136c46f619ca2b5082d9b3ed39d9a1e339163ffd9daa882796,2026-10-02T11:52:35+00:00,press/press.bmwgroup.com/discovery/list-0112.html.gz,ok,
bmw,,,listing,article list page 113,https://www.press.bmwgroup.com/usa/article?page=113&type=article,200,114003,a12417ed965c8167d6b90558c0e9211628da930a28f813f58f7f54b7e7e151de,2026-10-02T11:52:39+00:00,press/press.bmwgroup.com/discovery/list-0113.html.gz,ok,
bmw,,,listing,article list page 114,https://www.press.bmwgroup.com/usa/article?page=114&type=article,200,106358,44ad7d840b50e207811f84cec55e1caf7a68c72e2f80e92571f5639c86f8ed44,2026-10-02T11:52:43+00:00,press/press.bmwgroup.com/discovery/list-0114.html.gz,ok,
bmw,,,listing,article list page 115,https://www.press.bmwgroup.com/usa/article?page=115&type=article,200,108529,3b825356ac372aef7f42ae29fe490fc9666d77b839b81e7ea1c6f21bc6677cb3,2026-10-02T11:52:48+00:00,press/press.bmwgroup.com/discovery/list-0115.html.gz,ok,
bmw,,,listing,article list page 116,https://www.press.bmwgroup.com/usa/article?page=116&type=article,200,112315,58e26bd877091a653608e0de5f0ccd2a5cd15bc301526c098e79327fcc9af08d,2026-10-02T11:52:53+00:00,press/press.bmwgroup.com/discovery/list-0116.html.gz,ok,
bmw,,,listing,article list page 117,https://www.press.bmwgroup.com/usa/article?page=117&type=article,200,113068,38bfa93f890f11a03fcf2c98a429702513600fa5fee5e89b685d689ba01fef9e,2026-10-02T11:52:58+00:00,press/press.bmwgroup.com/discovery/list-0117.html.gz,ok,
bmw,,,listing,article list page 118,https://www.press.bmwgroup.com/usa/article?page=118&type=article,200,114604,90e706938679952b074f056d2d7dbdd11992da827f5b5b48b0771350e835fddc,2026-10-02T11:53:03+00:00,press/press.bmwgroup.com/discovery/list-0118.html.gz,ok,
bmw,,,listing,article list page 119,https://www.press.bmwgroup.com/usa/article?page=119&type=article,200,113887,e5beb4183b50bfb291850751822251f5f2cc6dc256c7bb460f24854536db500b,2026-10-02T11:53:08+00:00,press/press.bmwgroup.com/discovery/list-0119.html.gz,ok,
bmw,,,listing,article list page 120,https://www.press.bmwgroup.com/usa/article?page=120&type=article,200,107069,cf62d48d0372270bcd5dbfaadf4b47f5ee146e4cd6b8487193a3d81d9db8117b,2026-10-02T11:53:12+00:00,press/press.bmwgroup.com/discovery/list-0120.html.gz,ok,
bmw,,,listing,article list page 121,https://www.press.bmwgroup.com/usa/article?page=121&type=article,200,116925,996b9cd86855c2df64f24034b72a0f1ce96bebd99f61675f311806c74283130c,2026-10-02T11:53:17+00:00,press/press.bmwgroup.com/discovery/list-0121.html.gz,ok,
bmw,,,listing,article list page 122,https://www.press.bmwgroup.com/usa/article?page=122&type=article,200,112856,f732f60d8bfbd23ed66a311099699b12247207ea388a8cf1de63d6525d3d0222,2026-10-02T11:53:22+00:00,press/press.bmwgroup.com/discovery/list-0122.html.gz,ok,
bmw,,,listing,article list page 123,https://www.press.bmwgroup.com/usa/article?page=123&type=article,200,114566,9c6b99c9d5b38810ce9a997f720bc32170fc75a337482421c0dd1d6329af3ff0,2026-10-02T11:53:27+00:00,press/press.bmwgroup.com/discovery/list-0123.html.gz,ok,
bmw,,,listing,article list page 124,https://www.press.bmwgroup.com/usa/article?page=124&type=article,200,111567,32ef2bdff7635d0fa5927eb6eee1c7c8ad4a5d2e30f6baee1e0ded5d76778154,2026-10-02T11:53:32+00:00,press/press.bmwgroup.com/discovery/list-0124.html.gz,ok,
bmw,,,listing,article list page 125,https://www.press.bmwgroup.com/usa/article?page=125&type=article,200,109455,1c8b16b7926f90b7509d2e841320131a1aa26a231ef4e9c18a8119629125b796,2026-10-02T11:53:37+00:00,press/press.bmwgroup.com/discovery/list-0125.html.gz,ok,
bmw,,,listing,article list page 126,https://www.press.bmwgroup.com/usa/article?page=126&type=article,200,113790,b2398f395fe7bd4eb8c2a1ddbaa0560a38b066b4f5ea2bc6f9a3dc03ab9b739e,2026-10-02T11:53:40+00:00,press/press.bmwgroup.com/discovery/list-0126.html.gz,ok,
bmw,,,listing,article list page 127,https://www.press.bmwgroup.com/usa/article?page=127&type=article,200,111114,60585e9ccf7899491ff468d26672831063091e8c4867bb2f813d613f7b6b8149,2026-10-02T11:53:45+00:00,press/press.bmwgroup.com/discovery/list-0127.html.gz,ok,
bmw,,,listing,article list page 128,https://www.press.bmwgroup.com/usa/article?page=128&type=article,200,105493,960f247a81b3d166315e855514f3aee19287282c7963fce99fa9d381afb0619a,2026-10-02T11:53:50+00:00,press/press.bmwgroup.com/discovery/list-0128.html.gz,ok,
bmw,,,listing,article list page 129,https://www.press.bmwgroup.com/usa/article?page=129&type=article,200,111600,a1200e62f888c3eb00838a3108f375b93c99b3a7ef8eaf34b281d4f1366f3f8d,2026-10-02T11:53:54+00:00,press/press.bmwgroup.com/discovery/list-0129.html.gz,ok,
bmw,,,listing,article list page 130,https://www.press.bmwgroup.com/usa/article?page=130&type=article,200,107200,09191659fe7a53ba131194e6ad6c5709eb2a74afe82a01abce27936cf5a3fb2f,2026-10-02T11:53:58+00:00,press/press.bmwgroup.com/discovery/list-0130.html.gz,ok,
bmw,,,listing,article list page 131,https://www.press.bmwgroup.com/usa/article?page=131&type=article,200,109844,9ff833cfbc0447725c43af9e5ead06a8377bade8c16a8b23c8e8de65d6921437,2026-10-02T11:54:03+00:00,press/press.bmwgroup.com/discovery/list-0131.html.gz,ok,
bmw,,,listing,article list page 132,https://www.press.bmwgroup.com/usa/article?page=132&type=article,200,114791,8aa1ccee7b0afcc6b02e290d9bb0921f3b577679a5dfc594d7b036aa970f7f07,2026-10-02T11:54:07+00:00,press/press.bmwgroup.com/discovery/list-0132.html.gz,ok,
bmw,,,listing,article list page 133,https://www.press.bmwgroup.com/usa/article?page=133&type=article,200,111750,e38b0b06e718059ae76d03b7e090b99ac8ae4d2a9bd28c09bd30820c0f8ab56a,2026-10-02T11:54:11+00:00,press/press.bmwgroup.com/discovery/list-0133.html.gz,ok,
bmw,,,listing,article list page 134,https://www.press.bmwgroup.com/usa/article?page=134&type=article,200,110669,ff71fab4def083a4539799338c02aa0632b30b8936ff2fcfd40da600c628ab59,2026-10-02T11:54:16+00:00,press/press.bmwgroup.com/discovery/list-0134.html.gz,ok,
bmw,,,listing,article list page 135,https://www.press.bmwgroup.com/usa/article?page=135&type=article,200,107627,da2cbd0cb7a7b433ab96a40423ec1cfe899d935285b240a01e6a6119404ed0bf,2026-10-02T11:54:20+00:00,press/press.bmwgroup.com/discovery/list-0135.html.gz,ok,
bmw,,,listing,article list page 136,https://www.press.bmwgroup.com/usa/article?page=136&type=article,200,105856,5d4272f23cbab7629498c369a199febc4515d1e3f4ca154c1ba5db4567c3a99a,2026-10-02T11:54:24+00:00,press/press.bmwgroup.com/discovery/list-0136.html.gz,ok,
bmw,,,listing,article list page 137,https://www.press.bmwgroup.com/usa/article?page=137&type=article,200,109659,5e98c6ea324973f66460d7c2ac937d632fe15abae8fee0c0ff9408b37d06c365,2026-10-02T11:54:27+00:00,press/press.bmwgroup.com/discovery/list-0137.html.gz,ok,
bmw,,,listing,article list page 138,https://www.press.bmwgroup.com/usa/article?page=138&type=article,200,113461,c3d25333fcd3da1eac2f4db0e27565cffd7fc422407aece8e3fc72af407331f2,2026-10-02T11:54:30+00:00,press/press.bmwgroup.com/discovery/list-0138.html.gz,ok,
bmw,,,listing,article list page 139,https://www.press.bmwgroup.com/usa/article?page=139&type=article,200,108343,9d7f690937fc76f14bc65f5bd56451d66ffd354107652eaa55bdafc8b238301d,2026-10-02T11:54:35+00:00,press/press.bmwgroup.com/discovery/list-0139.html.gz,ok,
bmw,,,listing,article list page 140,https://www.press.bmwgroup.com/usa/article?page=140&type=article,200,110161,1032c3426137e6527c8d6723a1813e61a97469f7acd875e58cb08fa44c06e854,2026-10-02T11:54:39+00:00,press/press.bmwgroup.com/discovery/list-0140.html.gz,ok,
bmw,,,listing,article list page 141,https://www.press.bmwgroup.com/usa/article?page=141&type=article,200,111778,29825047fd2dbbe9ff2ab5b29aeaf1d976331555aaf6afca59183a1f5c465ccf,2026-10-02T11:54:45+00:00,press/press.bmwgroup.com/discovery/list-0141.html.gz,ok,
bmw,,,listing,article list page 142,https://www.press.bmwgroup.com/usa/article?page=142&type=article,200,105676,aed585cf29b8553dba7a7e0241f81edd2f6b1232c2a45094be9467cc7907be0d,2026-10-02T11:54:49+00:00,press/press.bmwgroup.com/discovery/list-0142.html.gz,ok,
bmw,,,listing,article list page 143,https://www.press.bmwgroup.com/usa/article?page=143&type=article,200,105923,a420190801a121d5bccf280f34e8ccd065174116d655707002c1577a5ae38cf2,2026-10-02T11:54:53+00:00,press/press.bmwgroup.com/discovery/list-0143.html.gz,ok,
bmw,,,listing,article list page 144,https://www.press.bmwgroup.com/usa/article?page=144&type=article,200,107248,43c9121460c507bea908c2ca4405db1885079874d7b318281860dc2a009c9ffe,2026-10-02T11:54:57+00:00,press/press.bmwgroup.com/discovery/list-0144.html.gz,ok,
bmw,,,listing,article list page 145,https://www.press.bmwgroup.com/usa/article?page=145&type=article,200,107811,b96f9d47c33d9c676604a4bbd808e1e3a5e7196448ef0c4de2647a4373c5e78e,2026-10-02T11:55:01+00:00,press/press.bmwgroup.com/discovery/list-0145.html.gz,ok,
bmw,,,listing,article list page 146,https://www.press.bmwgroup.com/usa/article?page=146&type=article,200,110797,6a3f087dcc50fa68ba3e377be1214597924325fdbe3a6bc23a32ca3ab5ecbaf4,2026-10-02T11:55:05+00:00,press/press.bmwgroup.com/discovery/list-0146.html.gz,ok,
bmw,,,listing,article list page 147,https://www.press.bmwgroup.com/usa/article?page=147&type=article,200,107825,37445970ed2740fdc32fccfa7e82170927eb8c920bbcddb7f587d05fcfad2518,2026-10-02T11:55:09+00:00,press/press.bmwgroup.com/discovery/list-0147.html.gz,ok,
bmw,,,listing,article list page 148,https://www.press.bmwgroup.com/usa/article?page=148&type=article,200,107067,02240b59546866d87010106ea2dce4fa56af0d159155f35ab3ae044b2f2e62c4,2026-10-02T11:55:15+00:00,press/press.bmwgroup.com/discovery/list-0148.html.gz,ok,
bmw,,,listing,article list page 149,https://www.press.bmwgroup.com/usa/article?page=149&type=article,200,107060,a2289cfc31a0cee101628448e05ce79f6e486669ba9103ab92b21d684c6eab1d,2026-10-02T11:55:21+00:00,press/press.bmwgroup.com/discovery/list-0149.html.gz,ok,
bmw,,,listing,article list page 150,https://www.press.bmwgroup.com/usa/article?page=150&type=article,200,104249,780d13dcafe9a567c0403b4cdce4eed156981cebf1ca4c598d3468ae1673a9b4,2026-10-02T11:55:26+00:00,press/press.bmwgroup.com/discovery/list-0150.html.gz,ok,
bmw,,,listing,article list page 151,https://www.press.bmwgroup.com/usa/article?page=151&type=article,200,108684,f208a6d8806ebb31f9640ce2495f3d9e2211952a46cef518a4fdd05e9bf7e05c,2026-10-02T11:55:32+00:00,press/press.bmwgroup.com/discovery/list-0151.html.gz,ok,
bmw,,,listing,article list page 152,https://www.press.bmwgroup.com/usa/article?page=152&type=article,200,106832,8da6f26cbb33ad20648f402b5a6c6542037bec326126d422fd683db035713498,2026-10-02T11:55:37+00:00,press/press.bmwgroup.com/discovery/list-0152.html.gz,ok,
bmw,,,listing,article list page 153,https://www.press.bmwgroup.com/usa/article?page=153&type=article,200,104287,db18167b5fb51d6eed1f2ac806acfd33bb7b7124d6f9b204e453a5bf297c9671,2026-10-02T11:55:40+00:00,press/press.bmwgroup.com/discovery/list-0153.html.gz,ok,
bmw,,,listing,article list page 154,https://www.press.bmwgroup.com/usa/article?page=154&type=article,200,108550,74d97e5a8604b744dd3b5cb2b058dea7d6393507949b43afcc29871022d573bb,2026-10-02T11:56:11+00:00,press/press.bmwgroup.com/discovery/list-0154.html.gz,ok,
bmw,,,listing,article list page 155,https://www.press.bmwgroup.com/usa/article?page=155&type=article,200,102915,58e60905855f1a30f8c7eab857808f0d8074ab26989f1e651014da3213fb5db6,2026-10-02T11:56:16+00:00,press/press.bmwgroup.com/discovery/list-0155.html.gz,ok,
bmw,,,listing,article list page 156,https://www.press.bmwgroup.com/usa/article?page=156&type=article,200,103982,fd7f3e2061ea85eb27fc9d3cfc2f21e70ea3e28b46d93a81969b4a71de63a3f0,2026-10-02T11:56:22+00:00,press/press.bmwgroup.com/discovery/list-0156.html.gz,ok,
bmw,,,listing,article list page 157,https://www.press.bmwgroup.com/usa/article?page=157&type=article,200,107388,dfa93bf30f9dce54ce3649f0fabbeffa21eeec2539b67e11a206c402aca11456,2026-10-02T11:56:27+00:00,press/press.bmwgroup.com/discovery/list-0157.html.gz,ok,
bmw,,,listing,article list page 158,https://www.press.bmwgroup.com/usa/article?page=158&type=article,200,107086,9b2c7f666be426f4951ff31d7ce6ce35baf56f4fbcb39b52fd676a13b0ce0f66,2026-10-02T11:56:31+00:00,press/press.bmwgroup.com/discovery/list-0158.html.gz,ok,
bmw,,,listing,article list page 159,https://www.press.bmwgroup.com/usa/article?page=159&type=article,200,107909,7d242a2d2d590ef427c60d661651192385c2a404d51f6281f123d20ad1009c6d,2026-10-02T11:56:57+00:00,press/press.bmwgroup.com/discovery/list-0159.html.gz,ok,
bmw,,,listing,article list page 160,https://www.press.bmwgroup.com/usa/article?page=160&type=article,200,101712,19c42c03b7691eac957bd9ef11644245fb1f798506793984c4bf09d822c1d536,2026-10-02T11:57:00+00:00,press/press.bmwgroup.com/discovery/list-0160.html.gz,ok,
bmw,,,listing,article list page 161,https://www.press.bmwgroup.com/usa/article?page=161&type=article,200,105166,71246cae7bb3df163b7ea81d226bf654d0d067547772cb0590ae1d44953de333,2026-10-02T11:57:03+00:00,press/press.bmwgroup.com/discovery/list-0161.html.gz,ok,
bmw,,,listing,article list page 162,https://www.press.bmwgroup.com/usa/article?page=162&type=article,200,103976,f7bebb2f3e8ad02eaa9c171afcdc04cd5c01ad5985982c6cea29f6f1f140c930,2026-10-02T11:57:08+00:00,press/press.bmwgroup.com/discovery/list-0162.html.gz,ok,
bmw,,,listing,article list page 163,https://www.press.bmwgroup.com/usa/article?page=163&type=article,200,103298,2318af844bcc600ba2a3f271994431f6b185e2600adee361b2323dad82bd1300,2026-10-02T11:57:13+00:00,press/press.bmwgroup.com/discovery/list-0163.html.gz,ok,
bmw,,,press_release,The All-New BMW ActiveHybrid 3.,https://www.press.bmwgroup.com/usa/article/detail/T0128325EN_US/the-all-new-bmw-activehybrid-3,200,77815,b33911ab0f4d3637a056880018e953e64f3b03c169c9fd13b18aee28f4bab157,2026-10-02T11:59:22+00:00,press/press.bmwgroup.com/discovery/article-T0128325EN_US.html.gz,ok,
bmw,,,press_release,A Celebration of the Driving Spirit – The BMW M3 Coupe Lime Rock Park Edition.,https://www.press.bmwgroup.com/usa/article/detail/T0128364EN_US/a-celebration-of-the-driving-spirit-–-the-bmw-m3-coupe-lime-rock-park-edition,200,58220,5c9b507fadd699a671aa59b1f0b7802adbefbe35da6b4b42861dbcddc8f16b6c,2026-10-02T11:59:27+00:00,press/press.bmwgroup.com/discovery/article-T0128364EN_US.html.gz,ok,final_url=https://www.press.bmwgroup.com/usa/article/detail/T0128364EN_US/a-celebration-of-the-driving-spirit-%E2%80%93-the-bmw-m3-coupe-lime-rock-park-edition
bmw,,,press_release,All-New BMW 3 Series Sports Wagon,https://www.press.bmwgroup.com/usa/article/detail/T0128324EN_US/all-new-bmw-3-series-sports-wagon,200,97067,cc260dcb9f80b0d64c3d2231d0445e5b8c911ba93e106da5ca838cbfe163731c,2026-10-02T11:59:32+00:00,press/press.bmwgroup.com/discovery/article-T0128324EN_US.html.gz,ok,
bmw,,,press_release,New 2013 BMW 7 Series Once Again Raises The Bar,https://www.press.bmwgroup.com/usa/article/detail/T0128598EN_US/new-2013-bmw-7-series-once-again-raises-the-bar,200,101158,c94639b22827be219c56445117b6cc36346e4bcde9a708d23ce26c0d71b7dff5,2026-10-02T11:59:37+00:00,press/press.bmwgroup.com/discovery/article-T0128598EN_US.html.gz,ok,
bmw,,,press_release,BMW Team RLL Finish Third and Fifth at Mid-Ohio; No. 55 BMW M3 GT wins Michelin Green X Challenge,https://www.press.bmwgroup.com/usa/article/detail/T0129066EN_US/bmw-team-rll-finish-third-and-fifth-at-mid-ohio;-no-55-bmw-m3-gt-wins-michelin-green-x-challenge,200,56740,e709e8d2c948982c43a93ecd4f94931f9b4ce163ab8eb3b5d968b01e418ff405,2026-10-02T11:59:42+00:00,press/press.bmwgroup.com/discovery/article-T0129066EN_US.html.gz,ok,
bmw,,,press_release,"BMW X6, Z4 Roadster, and 1 Series Coupe Ranked #1 in Quality According to 2012 Strategic Vision Total Quality Index™ Study",https://www.press.bmwgroup.com/usa/article/detail/T0130933EN_US/bmw-x6-z4-roadster-and-1-series-coupe-ranked-1-in-quality-according-to-2012-strategic-vision-total-quality-index™-study,200,55264,a2fb74167f568e07fd05b5defe8bc408a41b1ac8cd0bf536808cc2826be324fb,2026-10-02T11:59:45+00:00,press/press.bmwgroup.com/discovery/article-T0130933EN_US.html.gz,ok,final_url=https://www.press.bmwgroup.com/usa/article/detail/T0130933EN_US/bmw-x6-z4-roadster-and-1-series-coupe-ranked-1-in-quality-according-to-2012-strategic-vision-total-quality-index%E2%84%A2-study
bmw,,,press_release,All-new BMW M5 Sedan and M6 Coupe Now in US Showrooms,https://www.press.bmwgroup.com/usa/article/detail/T0131186EN_US/all-new-bmw-m5-sedan-and-m6-coupe-now-in-us-showrooms,200,91809,48459ef9a07c8c8fcc6296972525fbd16de5f9e50a3ae009206e00ce3428a6df,2026-10-02T11:59:48+00:00,press/press.bmwgroup.com/discovery/article-T0131186EN_US.html.gz,ok,
bmw,,,press_release,2013 BMW 760Li: V-12 25 Years Anniversary Edition,https://www.press.bmwgroup.com/usa/article/detail/T0131765EN_US/2013-bmw-760li:-v-12-25-years-anniversary-edition,200,53328,97fc36be46b51838386769b0d8ed5250e30351745fe318d8b5d0c5ae0907dc19,2026-10-02T11:59:53+00:00,press/press.bmwgroup.com/discovery/article-T0131765EN_US.html.gz,ok,
bmw,,,press_release,2013 BMW 760Li: V-12 25 Years Anniversary Edition Sells Out,https://www.press.bmwgroup.com/usa/article/detail/T0131861EN_US/2013-bmw-760li:-v-12-25-years-anniversary-edition-sells-out,200,53176,a85fc5fb0b976383c6481d22bb3627547d4ceea04a4a79dd9abe6df92d316e3b,2026-10-02T11:59:58+00:00,press/press.bmwgroup.com/discovery/article-T0131861EN_US.html.gz,ok,
bmw,,,press_release,Spengler wins from pole in the BMW Bank M3 DTM – Werner and Farfus also claim top-five finishes in Oschersleben.,https://www.press.bmwgroup.com/usa/article/detail/T0132129EN_US/spengler-wins-from-pole-in-the-bmw-bank-m3-dtm-–-werner-and-farfus-also-claim-top-five-finishes-in-oschersleben,200,57052,e3764e33c3d3ce19fec23852e1fbea452938b38c6a531ee5dce4988a65d92bc2,2026-10-02T12:00:01+00:00,press/press.bmwgroup.com/discovery/article-T0132129EN_US.html.gz,ok,final_url=https://www.press.bmwgroup.com/usa/article/detail/T0132129EN_US/spengler-wins-from-pole-in-the-bmw-bank-m3-dtm-%E2%80%93-werner-and-farfus-also-claim-top-five-finishes-in-oschersleben
bmw,,,press_release,Experience a BMW 328i for a long weekend thanks to the new BMW on Demand USA service from BMW Group Financial Services,https://www.press.bmwgroup.com/usa/article/detail/T0132309EN_US/experience-a-bmw-328i-for-a-long-weekend-thanks-to-the-new-bmw-on-demand-usa-service-from-bmw-group-financial-services,200,53767,29f36ce555b7b39ce13e0962de4661a363eba53851dd832da12e5699dab34f34,2026-10-02T12:00:05+00:00,press/press.bmwgroup.com/discovery/article-T0132309EN_US.html.gz,ok,
bmw,,,press_release,2013 BMW Individual X6 Performance Edition and 6 Series Frozen Silver Edition Coupe.,https://www.press.bmwgroup.com/usa/article/detail/T0133663EN_US/2013-bmw-individual-x6-performance-edition-and-6-series-frozen-silver-edition-coupe,200,60728,ece9ffe5bfe7aa78ca961c39be1b74217e5bb147700f5db117b92845bf33ac68,2026-10-02T12:00:10+00:00,press/press.bmwgroup.com/discovery/article-T0133663EN_US.html.gz,ok,
bmw,,,press_release,2013 BMW M3 Coupe Frozen Limited Edition,https://www.press.bmwgroup.com/usa/article/detail/T0133944EN_US/2013-bmw-m3-coupe-frozen-limited-edition,200,58512,e542adfc0f5650c1997f4890e5137f01b2a876e0ea3b814f36c4ff99e538cdf6,2026-10-02T12:00:15+00:00,press/press.bmwgroup.com/discovery/article-T0133944EN_US.html.gz,ok,
bmw,,,press_release,BMW Highlights at the Los Angeles International Auto Show,https://www.press.bmwgroup.com/usa/article/detail/T0134493EN_US/bmw-highlights-at-the-los-angeles-international-auto-show,200,73586,d02029cd9afd4d10e596c2b2b8075c9e8156f554f0f9e76c3b420a778be43f45,2026-10-02T12:00:20+00:00,press/press.bmwgroup.com/discovery/article-T0134493EN_US.html.gz,ok,
bmw,,,press_release,A NEW BMW i CONCEPT VEHICLE WILL MAKE ITS WORLD DEBUT AND THE BMW i8 CONCEPT ROADSTER WILL MAKE NORTH AMERICAN AUTO SHOW DEBUT AT THE 2012 LOS ANGELES INTERNATIONAL AUTO SHOW,https://www.press.bmwgroup.com/usa/article/detail/T0134516EN_US/a-new-bmw-i-concept-vehicle-will-make-its-world-debut-and-the-bmw-i8-concept-roadster-will-make-north-american-auto-show-debut-at-the-2012-los-angeles-international-auto-show,200,59464,39f89f25bbb91e24053fbe4be65b4f56eaefd726323e907d88ea06de868fa913,2026-10-02T12:00:24+00:00,press/press.bmwgroup.com/discovery/article-T0134516EN_US.html.gz,ok,
bmw,,,press_release,BMW 3 Series Wins 22nd Consecutive Car and Driver 10Best Award.,https://www.press.bmwgroup.com/usa/article/detail/T0134923EN_US/bmw-3-series-wins-22nd-consecutive-car-and-driver-10best-award,200,56207,a9265561646b1ed03be4ce0c38d55c97ed15c7534c92f5236a3cd4a9d587a64b,2026-10-02T12:00:27+00:00,press/press.bmwgroup.com/discovery/article-T0134923EN_US.html.gz,ok,
bmw,,,press_release,BMW M celebrates DTM triumph with BMW M3 DTM Champion Edition model.,https://www.press.bmwgroup.com/usa/article/detail/T0134898EN_US/bmw-m-celebrates-dtm-triumph-with-bmw-m3-dtm-champion-edition-model,200,54627,371e9029aa1b28c84d3000a0c9e9028db580eac0dfed42b5f9c58a6753ae42ea,2026-10-02T12:00:32+00:00,press/press.bmwgroup.com/discovery/article-T0134898EN_US.html.gz,ok,
bmw,,,press_release,New BMW M Performance Parts for the new BMW 3 and 5 Series Sedans.,https://www.press.bmwgroup.com/usa/article/detail/T0135307EN_US/new-bmw-m-performance-parts-for-the-new-bmw-3-and-5-series-sedans,200,61395,3e9870d8baeb87bb0ef6004a9328294dcb0d5f83b32cf45cc8749d1d4f089256,2026-10-02T12:00:38+00:00,press/press.bmwgroup.com/discovery/article-T0135307EN_US.html.gz,ok,
bmw,,,press_release,BMW 4 SERIES CONCEPT COUPE TO MAKE WORLD DEBUT AT THE 2013 NORTH AMERICAN INTERNATIONAL AUTO SHOW IN DETROIT,https://www.press.bmwgroup.com/usa/article/detail/T0135364EN_US/bmw-4-series-concept-coupe-to-make-world-debut-at-the-2013-north-american-international-auto-show-in-detroit,200,62714,564ff36b96d7b552dbf9ef913e921c26c7b1fd51802d9b9ca385e66a95bd5905,2026-10-02T12:00:42+00:00,press/press.bmwgroup.com/discovery/article-T0135364EN_US.html.gz,ok,
bmw,,,press_release,"Speeches of Mr. Ludwig Willisch, President and CEO, BMW of North America, Dr. Herbert Diess, Member of the Board of Management of BMW AG, Development, Dr. Ian Robertson (HonDSc), Member of the Board of Management of BMW AG, Sales and Marketing, BMW Group Press Conference, North American International Auto Show, Detroit, January 14, 2013",https://www.press.bmwgroup.com/usa/article/detail/T0136108EN_US/speeches-of-mr-ludwig-willisch-president-and-ceo-bmw-of-north-america-dr-herbert-diess-member-of-the-board-of-management-of-bmw-ag-development-dr-ian-robertson-hondsc-member-of-the-board-of-management-of-bmw-ag-sales-and-marketing-bmw-group-press-conference-north-american-international-auto-show-detroit-january-14-2013,200,66649,39147b6cc16fe5bbffc8908236c23fb4fefad2d4d27849c1b8c63a8c592cedf9,2026-10-02T12:00:45+00:00,press/press.bmwgroup.com/discovery/article-T0136108EN_US.html.gz,ok,
bmw,,,press_release,The New BMW 320i Sedan.,https://www.press.bmwgroup.com/usa/article/detail/T0136050EN_US/the-new-bmw-320i-sedan,200,80431,8afd7a8def341453d5766d5926dd316a0940cc97c9010a12abf842da7805f325,2026-10-02T12:00:49+00:00,press/press.bmwgroup.com/discovery/article-T0136050EN_US.html.gz,ok,
bmw,,,press_release,The All-New BMW 3 Series Gran Turismo.,https://www.press.bmwgroup.com/usa/article/detail/T0136911EN_US/the-all-new-bmw-3-series-gran-turismo,200,109960,86c814b8086a1f76687040bf151eaf332f2fe2a97acedef4c1398ae813cf58b4,2026-10-02T12:00:53+00:00,press/press.bmwgroup.com/discovery/article-T0136911EN_US.html.gz,ok,
bmw,,,press_release,Speech Harald Krüger und Dr. Kay Segler at the 83rd International Geneva Auto Show,https://www.press.bmwgroup.com/usa/article/detail/T0137467EN_US/speech-harald-krueger-und-dr-kay-segler-at-the-83rd-international-geneva-auto-show,200,57033,afcdfdb034cee0d1ead1a2f386006fba366d20e0c051d92dfd18eb1c96097df6,2026-10-02T12:00:59+00:00,press/press.bmwgroup.com/discovery/article-T0137467EN_US.html.gz,ok,
bmw,,,press_release,Rede Dr. Norbert Reithofer and Dr. Herbert Diess at the 83rd International Geneva Auto Show,https://www.press.bmwgroup.com/usa/article/detail/T0137466EN_US/rede-dr-norbert-reithofer-and-dr-herbert-diess-at-the-83rd-international-geneva-auto-show,200,61277,0516d8f82ec4387c46ecc93782de5c14b8f35cf71bade3f83061379e7ad7f394,2026-10-02T12:01:02+00:00,press/press.bmwgroup.com/discovery/article-T0137466EN_US.html.gz,ok,
bmw,,,press_release,BMW Concept Active Tourer and BMW 3 Series Gran Turismo to Make North American Debuts; Diesel-Powered BMW 328d to Make U.S. Debut at the 2013 New York International Auto Show on March 27,https://www.press.bmwgroup.com/usa/article/detail/T0137888EN_US/bmw-concept-active-tourer-and-bmw-3-series-gran-turismo-to-make-north-american-debuts;-diesel-powered-bmw-328d-to-make-u-s-debut-at-the-2013-new-york-international-auto-show-on-march-27,200,66917,eda9c0759d0614b4fb50d789617a03bce0ee3da0296c706a2755662d1e735ac9,2026-10-02T12:01:07+00:00,press/press.bmwgroup.com/discovery/article-T0137888EN_US.html.gz,ok,
bmw,,,press_release,BMW 6 Series for Model Year 2014.,https://www.press.bmwgroup.com/usa/article/detail/T0138611EN_US/bmw-6-series-for-model-year-2014,200,65544,62e680038b3c402a4bff4af27881e664e939eb4ad1fb2a2a1167d60bf0504562,2026-10-02T12:01:11+00:00,press/press.bmwgroup.com/discovery/article-T0138611EN_US.html.gz,ok,
bmw,,,press_release,BMW M Performance Power Kit Now Available for 2012 and Later BMW 335i Sedan.,https://www.press.bmwgroup.com/usa/article/detail/T0138720EN_US/bmw-m-performance-power-kit-now-available-for-2012-and-later-bmw-335i-sedan,200,56372,8b4193a6583f62d0b39019dfe47e9cc6489a62a0b103a00be33c6a829f5ecc20,2026-10-02T12:01:14+00:00,press/press.bmwgroup.com/discovery/article-T0138720EN_US.html.gz,ok,
bmw,,,press_release,BMW 328d Sedan Debuts at New York International Auto Show,https://www.press.bmwgroup.com/usa/article/detail/T0138998EN_US/bmw-328d-sedan-debuts-at-new-york-international-auto-show,200,58088,963f705c4e329e3dbde7e4dbf42e1437c0f6f1c02c0acc6f621cba4341d1ac71,2026-10-02T12:01:18+00:00,press/press.bmwgroup.com/discovery/article-T0138998EN_US.html.gz,ok,
bmw,,,press_release,BMW 3 Series wins Cars.Com / USA Today Sport Sedan Challenge,https://www.press.bmwgroup.com/usa/article/detail/T0139805EN_US/bmw-3-series-wins-cars-com-/-usa-today-sport-sedan-challenge,200,55633,9c621b5a466562a2588c7d2991500bd94ccdac205c8311c8171240c6fcfab472,2026-10-02T12:01:21+00:00,press/press.bmwgroup.com/discovery/article-T0139805EN_US.html.gz,ok,
bmw,,,press_release,"BMW Motorsport opens DTM season with one-two – Farfus triumphs ahead of Werner, five BMW M3 DTMs in the points.",https://www.press.bmwgroup.com/usa/article/detail/T0141400EN_US/bmw-motorsport-opens-dtm-season-with-one-two-–-farfus-triumphs-ahead-of-werner-five-bmw-m3-dtms-in-the-points,200,63364,5292ff3b4f66b4000f715d06fa445b6f0d2d65873b18078122396f6cb8536a61,2026-10-02T12:01:26+00:00,press/press.bmwgroup.com/discovery/article-T0141400EN_US.html.gz,ok,final_url=https://www.press.bmwgroup.com/usa/article/detail/T0141400EN_US/bmw-motorsport-opens-dtm-season-with-one-two-%E2%80%93-farfus-triumphs-ahead-of-werner-five-bmw-m3-dtms-in-the-points
bmw,,,press_release,BMW Performance Driving School Sets Guinness World Drift Record With BMW M5 Sedan,https://www.press.bmwgroup.com/usa/article/detail/T0141820EN_US/bmw-performance-driving-school-sets-guinness-world-drift-record-with-bmw-m5-sedan,200,57255,612d0ab2557b95613e5f07bc4c4972713c238ac04c27cf6a03ea280b0071a405,2026-10-02T12:01:29+00:00,press/press.bmwgroup.com/discovery/article-T0141820EN_US.html.gz,ok,
bmw,,,press_release,The 2014 BMW M5 and BMW M6 Competition Package.,https://www.press.bmwgroup.com/usa/article/detail/T0142002EN_US/the-2014-bmw-m5-and-bmw-m6-competition-package,200,60978,38310bb353ab1365d96ed1dd32bfaa2b78876b08fd92c3e0a5c63a5eaf559131,2026-10-02T12:01:32+00:00,press/press.bmwgroup.com/discovery/article-T0142002EN_US.html.gz,ok,
bmw,,,press_release,The New BMW 5 Series Sedan and BMW 5 Series Gran Turismo,https://www.press.bmwgroup.com/usa/article/detail/T0141999EN_US/the-new-bmw-5-series-sedan-and-bmw-5-series-gran-turismo,200,92885,85ddf17780616d0882c8b62923e80c0252c7b22931c62e4b5ee28934519de776,2026-10-02T12:01:35+00:00,press/press.bmwgroup.com/discovery/article-T0141999EN_US.html.gz,ok,
bmw,,,press_release,The 2014 BMW M5 Sedan.,https://www.press.bmwgroup.com/usa/article/detail/T0141998EN_US/the-2014-bmw-m5-sedan,200,66463,d3a718dfc55cc6c0bafe05e01482f0d9677da55469c953870bf40419bb23f67b,2026-10-02T12:01:40+00:00,press/press.bmwgroup.com/discovery/article-T0141998EN_US.html.gz,ok,
bmw,,,press_release,All-New BMW X5 Sports Activity Vehicle,https://www.press.bmwgroup.com/usa/article/detail/T0142293EN_US/all-new-bmw-x5-sports-activity-vehicle,200,93650,610733aef6b1785567161175d6f1e0edcad380450035924a66ecf94abdf4c8b4,2026-10-02T12:01:44+00:00,press/press.bmwgroup.com/discovery/article-T0142293EN_US.html.gz,ok,
bmw,,,press_release,BMW 3 Series Coupe Earns Best Retained Value® for $35K-$45K Coupes According to Edmunds.com.,https://www.press.bmwgroup.com/usa/article/detail/T0142744EN_US/bmw-3-series-coupe-earns-best-retained-value®-for-35k-45k-coupes-according-to-edmunds-com,200,56035,6dc06c562b1260c9bdccea8c1744c5a2c00fd9324b797653fb50e55a0e9a7e21,2026-10-02T12:01:48+00:00,press/press.bmwgroup.com/discovery/article-T0142744EN_US.html.gz,ok,final_url=https://www.press.bmwgroup.com/usa/article/detail/T0142744EN_US/bmw-3-series-coupe-earns-best-retained-value%C2%AE-for-35k-45k-coupes-according-to-edmunds-com
bmw,,,press_release,BMW Announces Pricing for All-New X5 Sports Activity Vehicle,https://www.press.bmwgroup.com/usa/article/detail/T0143179EN_US/bmw-announces-pricing-for-all-new-x5-sports-activity-vehicle,200,94802,96f7e736f568a2eed1fd03315f622ba4359dc3ae1c85c71328ed42a009d43dce,2026-10-02T12:01:54+00:00,press/press.bmwgroup.com/discovery/article-T0143179EN_US.html.gz,ok,
bmw,,,press_release,BMW M3 Drivers Boden and Sellers Win Continental Tire 150 At The Glen; Pruett and Rojas Finish 7th in Sahlen’s Six Hours,https://www.press.bmwgroup.com/usa/article/detail/T0143337EN_US/bmw-m3-drivers-boden-and-sellers-win-continental-tire-150-at-the-glen;-pruett-and-rojas-finish-7th-in-sahlen’s-six-hours,200,58647,3e4370ded86140ef6a8ee78d0d07755ed8a60af5d92e9703abebb6ad8a014f48,2026-10-02T12:01:57+00:00,press/press.bmwgroup.com/discovery/article-T0143337EN_US.html.gz,ok,final_url=https://www.press.bmwgroup.com/usa/article/detail/T0143337EN_US/bmw-m3-drivers-boden-and-sellers-win-continental-tire-150-at-the-glen;-pruett-and-rojas-finish-7th-in-sahlen%E2%80%99s-six-hours
bmw,,,press_release,Approaching the Checkered Flag: The 4th Generation BMW M3 Ends Its Production Run While Its Racing Career Continues,https://www.press.bmwgroup.com/usa/article/detail/T0143476EN_US/approaching-the-checkered-flag:-the-4th-generation-bmw-m3-ends-its-production-run-while-its-racing-career-continues,200,66582,5078cb7e63ea6ed12f858ab1b723115de698dea8cae82ee7cce641b16ac4d0c9,2026-10-02T12:02:02+00:00,press/press.bmwgroup.com/discovery/article-T0143476EN_US.html.gz,ok,
bmw,,,press_release,Production of the Third-Generation X5 Sports Activity Vehicle Begins at BMW Manufacturing Co.,https://www.press.bmwgroup.com/usa/article/detail/T0144413EN_US/production-of-the-third-generation-x5-sports-activity-vehicle-begins-at-bmw-manufacturing-co,200,62421,0752610e90aede6b77f729fe3bb004f5cb3ca68280c2cce9299b3e2fa0de610e,2026-10-02T12:02:06+00:00,press/press.bmwgroup.com/discovery/article-T0144413EN_US.html.gz,ok,
bmw,,,press_release,BMW eDrive meets BMW xDrive – an innovative combination designed to deliver efficient driving pleasure: The BMW Concept5 X5 eDrive.,https://www.press.bmwgroup.com/usa/article/detail/T0145050EN_US/bmw-edrive-meets-bmw-xdrive-–-an-innovative-combination-designed-to-deliver-efficient-driving-pleasure:-the-bmw-concept5-x5-edrive,200,65698,9f6817be10aa80886935cda4e077714e961e254840d16267f1c67a1cc11110ff,2026-10-02T12:02:11+00:00,press/press.bmwgroup.com/discovery/article-T0145050EN_US.html.gz,ok,final_url=https://www.press.bmwgroup.com/usa/article/detail/T0145050EN_US/bmw-edrive-meets-bmw-xdrive-%E2%80%93-an-innovative-combination-designed-to-deliver-efficient-driving-pleasure:-the-bmw-concept5-x5-edrive
bmw,,,press_release,BMW M3 M4 Technology Days.,https://www.press.bmwgroup.com/usa/article/detail/T0146764EN_US/bmw-m3-m4-technology-days,200,56633,d0c0187406e6010c2f2ad885cf4ac43ed6d44ec81e66ccff8236f57f2b546c9a,2026-10-02T12:02:14+00:00,press/press.bmwgroup.com/discovery/article-T0146764EN_US.html.gz,ok,
bmw,,,press_release,2014 Model Year Changes,https://www.press.bmwgroup.com/usa/article/detail/T0151024EN_US/2014-model-year-changes,200,102289,0f544cb212bbdaf24e81a7dd53fdb96dedd2c1141382206c8d1509c729d9c787,2026-10-02T12:02:19+00:00,press/press.bmwgroup.com/discovery/article-T0151024EN_US.html.gz,ok,
bmw,,,press_release,"BMW M Performance Parts for the M5 Sedan, M6 Coupe, M6 Convertible and M6 Gran Coupe.",https://www.press.bmwgroup.com/usa/article/detail/T0152364EN_US/bmw-m-performance-parts-for-the-m5-sedan-m6-coupe-m6-convertible-and-m6-gran-coupe,200,63083,e97c962c9a8480c52bc695b30fa1b3ed434c52fa02e4788ddaf5cb5406752182,2026-10-02T12:02:24+00:00,press/press.bmwgroup.com/discovery/article-T0152364EN_US.html.gz,ok,
bmw,,,press_release,"Media Alert: BMW 4 SERIES CONVERTIBLE WILL MAKE ITS WORLD DEBUT AND THE BMW i8, BMW CONCEPT X4 AND BMW 5 SERIES GRAN TURISMO WILL MAKE NORTH AMERICAN AUTO SHOW DEBUTS AT THE 2013 LOS ANGELES INTERNATIONAL AUTO SHOW",https://www.press.bmwgroup.com/usa/article/detail/T0153164EN_US/media-alert:-bmw-4-series-convertible-will-make-its-world-debut-and-the-bmw-i8-bmw-concept-x4-and-bmw-5-series-gran-turismo-will-make-north-american-auto-show-debuts-at-the-2013-los-angeles-international-auto-show,200,79113,50d9d3c8375228067d2f673d3e11e7e77b52e2396759ecc63bfb7ac64c53d6ce,2026-10-02T12:02:27+00:00,press/press.bmwgroup.com/discovery/article-T0153164EN_US.html.gz,ok,
bmw,,,press_release,Media Alert: EARLY MEDIA TEST DRIVES OF THE BMW i3 TO TAKE PLACE DURING THE 2013 LOS ANGELES INTERNATIONAL AUTO SHOW,https://www.press.bmwgroup.com/usa/article/detail/T0153829EN_US/media-alert:-early-media-test-drives-of-the-bmw-i3-to-take-place-during-the-2013-los-angeles-international-auto-show,200,58534,adc1a5134d9ced48a4c29edf5aeaeb11e76cb6bfc0c6e83a9ca4febf9d11bac3,2026-10-02T12:02:33+00:00,press/press.bmwgroup.com/discovery/article-T0153829EN_US.html.gz,ok,
bmw,,,press_release,Endless Creativity: BMW Group DesignworksUSA submits two entries to 2013 LA Auto Show Design Challenge inspired by nature,https://www.press.bmwgroup.com/usa/article/detail/T0157230EN_US/endless-creativity:-bmw-group-designworksusa-submits-two-entries-to-2013-la-auto-show-design-challenge-inspired-by-nature,200,61212,60cf14b713867fc2b5c2f047e01549382b0fd124254440ac290ac415be0a1ffe,2026-10-02T12:02:37+00:00,press/press.bmwgroup.com/discovery/article-T0157230EN_US.html.gz,ok,
bmw,,,press_release,"BMW 2 SERIES COUPE, BMW M3 SEDAN AND BMW M4 COUPE TO MAKE WORLD DEBUTS AT THE 2014 NORTH AMERICAN INTERNATIONAL AUTO SHOW IN DETROIT",https://www.press.bmwgroup.com/usa/article/detail/T0161444EN_US/bmw-2-series-coupe-bmw-m3-sedan-and-bmw-m4-coupe-to-make-world-debuts-at-the-2014-north-american-international-auto-show-in-detroit,200,70337,3158081abcefda9738e1c5158e4a9696432d37a2363599c7fc2cf2ff47155e51,2026-10-02T12:02:41+00:00,press/press.bmwgroup.com/discovery/article-T0161444EN_US.html.gz,ok,
bmw,,,press_release,THE ALL-NEW BMW M3 SEDAN AND BMW M4 COUPE,https://www.press.bmwgroup.com/usa/article/detail/T0160684EN_US/the-all-new-bmw-m3-sedan-and-bmw-m4-coupe,200,117587,818ec9e10d51797485b07416ae5fa7751bb43382f2c444718e4ce478e1b4f284,2026-10-02T12:02:46+00:00,press/press.bmwgroup.com/discovery/article-T0160684EN_US.html.gz,ok,
bmw,,,press_release,Speech: Peter Schwarzenbauer at the NAIAS 2014,https://www.press.bmwgroup.com/usa/article/detail/T0164067EN_US/speech:-peter-schwarzenbauer-at-the-naias-2014,200,52669,ad07ac1bd39a1590dd771f2f73c66fdadf36412346245f49ce4c2c01f0f5165c,2026-10-02T12:02:51+00:00,press/press.bmwgroup.com/discovery/article-T0164067EN_US.html.gz,ok,
bmw,,,press_release,Speeches: Dr. Ian Robertson and Dr. Herbert Diess at the NAIAS 2014,https://www.press.bmwgroup.com/usa/article/detail/T0164066EN_US/speeches:-dr-ian-robertson-and-dr-herbert-diess-at-the-naias-2014,200,58196,fbb2bc390c41944c0344a8c0c752a24810a56f0b934061f986156d9790469795,2026-10-02T12:02:55+00:00,press/press.bmwgroup.com/discovery/article-T0164066EN_US.html.gz,ok,
bmw,,,press_release,BMW 328i wins Cars.com Lifestyle Award for the 2014 Luxury Car of the Year,https://www.press.bmwgroup.com/usa/article/detail/T0164224EN_US/bmw-328i-wins-cars-com-lifestyle-award-for-the-2014-luxury-car-of-the-year,200,53987,72f474525d2ed7e39572ba640aacff9006db17afe6df21abc54a8e194f264c6f,2026-10-02T12:02:59+00:00,press/press.bmwgroup.com/discovery/article-T0164224EN_US.html.gz,ok,
bmw,,,press_release,The 2014 BMW 740Ld xDrive,https://www.press.bmwgroup.com/usa/article/detail/T0164873EN_US/the-2014-bmw-740ld-xdrive,200,60808,e881655501a6e421867a8580b39554e3193da2528a4c2447a7622a1bdf0f5a61,2026-10-02T12:03:03+00:00,press/press.bmwgroup.com/discovery/article-T0164873EN_US.html.gz,ok,
bmw,,,press_release,BMW Debuts Television Commercial for the BMW 3 Series featuring Actress Brooklyn Decker.,https://www.press.bmwgroup.com/usa/article/detail/T0166787EN_US/bmw-debuts-television-commercial-for-the-bmw-3-series-featuring-actress-brooklyn-decker,200,59048,2ee448ba692ad7cc28877c8f2065ca8e0d3364cf3e0b28206d0fd0b11c7d9bad,2026-10-02T12:03:06+00:00,press/press.bmwgroup.com/discovery/article-T0166787EN_US.html.gz,ok,
bmw,,,press_release,BMW Performance Parts Now Available for X5 Sports Activity Vehicle®,https://www.press.bmwgroup.com/usa/article/detail/T0166967EN_US/bmw-performance-parts-now-available-for-x5-sports-activity-vehicle®,200,57980,1e3947c98129c7dc1f7131d14e487e3e9a70ab1af08cf0459af73075891e60c6,2026-10-02T12:03:10+00:00,press/press.bmwgroup.com/discovery/article-T0166967EN_US.html.gz,ok,final_url=https://www.press.bmwgroup.com/usa/article/detail/T0166967EN_US/bmw-performance-parts-now-available-for-x5-sports-activity-vehicle%C2%AE
bmw,,,press_release,2014 BMW 328i Sedan Wins Consumer Reports Top Picks 2014 Sport Sedan Award,https://www.press.bmwgroup.com/usa/article/detail/T0169510EN_US/2014-bmw-328i-sedan-wins-consumer-reports-top-picks-2014-sport-sedan-award,200,53567,98ac03141a734d86eb5ddae95f87c79aaf02fd2c3b00a4b0d8c195f38d62ffc7,2026-10-02T12:03:14+00:00,press/press.bmwgroup.com/discovery/article-T0169510EN_US.html.gz,ok,
bmw,,,press_release,Media Alert: BMW M4 Convertible to make world debut at New York International Auto Show.,https://www.press.bmwgroup.com/usa/article/detail/T0171707EN_US/media-alert:-bmw-m4-convertible-to-make-world-debut-at-new-york-international-auto-show,200,72154,bd900385a9fb3b9dd30d38b45824421a3ad45ec365d5d833fbdbc39289a07480,2026-10-02T12:03:20+00:00,press/press.bmwgroup.com/discovery/article-T0171707EN_US.html.gz,ok,
bmw,,,press_release,BMW X4 Sports Activity Coupe and M4 Convertible Make World Debut at 2014 New York International Auto Show,https://www.press.bmwgroup.com/usa/article/detail/T0176148EN_US/bmw-x4-sports-activity-coupe-and-m4-convertible-make-world-debut-at-2014-new-york-international-auto-show,200,100647,9b5b37fafb954f8d1f95277652b93d411e7c90cbb0ae39aae4c914a783408bdc,2026-10-02T12:03:23+00:00,press/press.bmwgroup.com/discovery/article-T0176148EN_US.html.gz,ok,
bmw,,,press_release,BMW eDrive meets BMW xDrive - a pioneering combination delivering efficient driving pleasure: The BMW Concept X5 eDrive.,https://www.press.bmwgroup.com/usa/article/detail/T0177775EN_US/bmw-edrive-meets-bmw-xdrive-a-pioneering-combination-delivering-efficient-driving-pleasure:-the-bmw-concept-x5-edrive,200,68588,0a3fde0842502ef2e03e6e308a22b2cfb51a16f8c9718403d3e7b89e73f81fcf,2026-10-02T12:03:26+00:00,press/press.bmwgroup.com/discovery/article-T0177775EN_US.html.gz,ok,
bmw,,,press_release,The 30th Anniversary Edition BMW M5,https://www.press.bmwgroup.com/usa/article/detail/T0179364EN_US/the-30th-anniversary-edition-bmw-m5,200,61859,7c6b54111139d053976b967a254ac5bc52755fee7d479a6150407b37dc9a845e,2026-10-02T12:03:30+00:00,press/press.bmwgroup.com/discovery/article-T0179364EN_US.html.gz,ok,
bmw,,,press_release,Model year 2015 Update information,https://www.press.bmwgroup.com/usa/article/detail/T0182709EN_US/model-year-2015-update-information,200,109324,6eab437c3d1a3c705b830aa14f00b84fb65967b872adba0bb9136b132075253e,2026-10-02T12:03:35+00:00,press/press.bmwgroup.com/discovery/article-T0182709EN_US.html.gz,ok,
bmw,,,press_release,The New BMW X6,https://www.press.bmwgroup.com/usa/article/detail/T0182923EN_US/the-new-bmw-x6,200,100192,666c5358cfd660a3c8320de9bd0e0d8e34d1e8526b20fe2eed97069d5d699801,2026-10-02T12:03:39+00:00,press/press.bmwgroup.com/discovery/article-T0182923EN_US.html.gz,ok,
bmw,,,press_release,"BMW 3 Series Ranks No.1 in Kelley Blue Book’s List of 10 Best Certified Pre-Owned Luxury Cars Under $30,000",https://www.press.bmwgroup.com/usa/article/detail/T0185346EN_US/bmw-3-series-ranks-no-1-in-kelley-blue-book’s-list-of-10-best-certified-pre-owned-luxury-cars-under-30-000,200,55937,e4c380ebb68e6910672cb1f61fc117695151680685f739fbcd43028939b361c6,2026-10-02T12:03:45+00:00,press/press.bmwgroup.com/discovery/article-T0185346EN_US.html.gz,ok,final_url=https://www.press.bmwgroup.com/usa/article/detail/T0185346EN_US/bmw-3-series-ranks-no-1-in-kelley-blue-book%E2%80%99s-list-of-10-best-certified-pre-owned-luxury-cars-under-30-000
bmw,,,press_release,"As a Precaution, BMW to Replace Passenger-side Front Airbags in Model Year 2000-06 3 Series Vehicles.",https://www.press.bmwgroup.com/usa/article/detail/T0188002EN_US/as-a-precaution-bmw-to-replace-passenger-side-front-airbags-in-model-year-2000-06-3-series-vehicles,200,58309,72b28979e1060301d04de971554008289250209944976b9e3f124086c50f7710,2026-10-02T12:03:48+00:00,press/press.bmwgroup.com/discovery/article-T0188002EN_US.html.gz,ok,
bmw,,,press_release,BMW M3 Finishes 1-2 at Circuit of the Americas to Extend Championship Lead,https://www.press.bmwgroup.com/usa/article/detail/T0193684EN_US/bmw-m3-finishes-1-2-at-circuit-of-the-americas-to-extend-championship-lead,200,58374,7983fce9a5c7adca9e9dc11dd25d64f0f3bfb877ba36a2d8729674392217a8ab,2026-10-02T12:03:51+00:00,press/press.bmwgroup.com/discovery/article-T0193684EN_US.html.gz,ok,
bmw,,,press_release,Difficult USCC qualifying for BMW Team RLL at Road Atlanta – Hindman secures CTSCC GS title in the BMW M3.,https://www.press.bmwgroup.com/usa/article/detail/T0194394EN_US/difficult-uscc-qualifying-for-bmw-team-rll-at-road-atlanta-–-hindman-secures-ctscc-gs-title-in-the-bmw-m3,200,58728,acfcb8c3eb9abdad1eff85ee3b9be208e523d437f5e7ad653a788ac25c1dc94f,2026-10-02T12:03:56+00:00,press/press.bmwgroup.com/discovery/article-T0194394EN_US.html.gz,ok,final_url=https://www.press.bmwgroup.com/usa/article/detail/T0194394EN_US/difficult-uscc-qualifying-for-bmw-team-rll-at-road-atlanta-%E2%80%93-hindman-secures-ctscc-gs-title-in-the-bmw-m3
bmw,,,press_release,BMW M3 Sweeps Grand Sport Championships with 2nd Place Finish at Road Atlanta,https://www.press.bmwgroup.com/usa/article/detail/T0194483EN_US/bmw-m3-sweeps-grand-sport-championships-with-2nd-place-finish-at-road-atlanta,200,59465,b8bbd2466523ea5252c5a2362efd11dd0e3727ebe903120d050c96ec46a50281,2026-10-02T12:04:00+00:00,press/press.bmwgroup.com/discovery/article-T0194483EN_US.html.gz,ok,
bmw,,,press_release,Media Alert: BMW X5 M AND BMW X6 M WILL MAKE THEIR WORLD PREMIERES AND THE BMW 2 SERIES CONVERTIBLE AND BMW X6 SPORTS ACTIVITY COUPE WILL MAKE THEIR NORTH AMERICAN AUTO SHOW DEBUTS AT THE 2014 LOS ANGELES AUTO SHOW.,https://www.press.bmwgroup.com/usa/article/detail/T0195562EN_US/media-alert:-bmw-x5-m-and-bmw-x6-m-will-make-their-world-premieres-and-the-bmw-2-series-convertible-and-bmw-x6-sports-activity-coupe-will-make-their-north-american-auto-show-debuts-at-the-2014-los-angeles-auto-show,200,75420,f95938948e03b9a12baddfa96d378a541271fc939055b0701dc09a46f7528d6b,2026-10-02T12:04:05+00:00,press/press.bmwgroup.com/discovery/article-T0195562EN_US.html.gz,ok,
bmw,,,press_release,The new BMW X5 M and X6 M ; the second generation of the BMW M GmbH Ultra High Performance Sports Activity Vehicle and Sports Activity Coupe.,https://www.press.bmwgroup.com/usa/article/detail/T0195517EN_US/the-new-bmw-x5-m-and-x6-m-;-the-second-generation-of-the-bmw-m-gmbh-ultra-high-performance-sports-activity-vehicle-and-sports-activity-coupe,200,134749,fae44bb9fbf16c06ec0ef08fe3a6a85b12d8788eccc6be40fc9a89900b9320d4,2026-10-02T12:04:10+00:00,press/press.bmwgroup.com/discovery/article-T0195517EN_US.html.gz,ok,
bmw,,,press_release,Model Year 2015 Motorcycles: Pricing and Equipment,https://www.press.bmwgroup.com/usa/article/detail/T0196344EN_US/model-year-2015-motorcycles:-pricing-and-equipment,200,197663,6aeaf52cab331e94b7f93f4d8058c71096e561cfd3d14a0fbf78dae734552b66,2026-10-02T12:04:14+00:00,press/press.bmwgroup.com/discovery/article-T0196344EN_US.html.gz,ok,
bmw,,,press_release,BMW 6 SERIES AND BMW M6 CONVERTIBLE TO MAKE WORLD DEBUTS AT THE 2015 NORTH AMERICAN INTERNATIONAL AUTO SHOW IN DETROIT.,https://www.press.bmwgroup.com/usa/article/detail/T0198614EN_US/bmw-6-series-and-bmw-m6-convertible-to-make-world-debuts-at-the-2015-north-american-international-auto-show-in-detroit,200,72292,ce639ac82fd38063e7202201f16e4113e793474908a5a50f770ac20f8b86d54b,2026-10-02T12:04:17+00:00,press/press.bmwgroup.com/discovery/article-T0198614EN_US.html.gz,ok,
bmw,,,press_release,BMW at the North American International Auto Show (NAIAS) 2015 in Detroit,https://www.press.bmwgroup.com/usa/article/detail/T0198613EN_US/bmw-at-the-north-american-international-auto-show-naias-2015-in-detroit,200,90899,d7503459611f4d838ed470136abc24808f6541b04cc8948e7e207b12b6f8c8c0,2026-10-02T12:04:20+00:00,press/press.bmwgroup.com/discovery/article-T0198613EN_US.html.gz,ok,
bmw,,,press_release,"Speeches BMW Group Press Conference, North American International Auto Show Detroit 2015",https://www.press.bmwgroup.com/usa/article/detail/T0200218EN_US/speeches-bmw-group-press-conference-north-american-international-auto-show-detroit-2015,200,58597,35bb2613490e8206557ffd0c65f13bf5f8d0904d4ec943a98dc3d3e8f0c984ef,2026-10-02T12:04:24+00:00,press/press.bmwgroup.com/discovery/article-T0200218EN_US.html.gz,ok,
bmw,,,press_release,BMW ALPINA B6 xDrive Gran Coupe to make North American debut at New York International Auto Show.,https://www.press.bmwgroup.com/usa/article/detail/T0206803EN_US/bmw-alpina-b6-xdrive-gran-coupe-to-make-north-american-debut-at-new-york-international-auto-show,200,65706,0fdf01a858dc5d107515d5092269dd2e4d30ae40e6503eb36997128e5fbc38d3,2026-10-02T12:04:28+00:00,press/press.bmwgroup.com/discovery/article-T0206803EN_US.html.gz,ok,
bmw,,,press_release,The BMW X5 xDrive40e Launches the Next Chapter of EfficientDynamics with its First Ever Plug-in Hybrid Sports Activity Vehicle,https://www.press.bmwgroup.com/usa/article/detail/T0208453EN_US/the-bmw-x5-xdrive40e-launches-the-next-chapter-of-efficientdynamics-with-its-first-ever-plug-in-hybrid-sports-activity-vehicle,200,100198,62d90d139563f1e1e8bd09ba04dbe6b8b0b39edb5bc706428b69c7200a181132,2026-10-02T12:04:31+00:00,press/press.bmwgroup.com/discovery/article-T0208453EN_US.html.gz,ok,
bmw,,,press_release,Technology and innovation workshop on the new BMW 7 Series model range. PreDrive Miramas.,https://www.press.bmwgroup.com/usa/article/detail/T0216062EN_US/technology-and-innovation-workshop-on-the-new-bmw-7-series-model-range-predrive-miramas,200,64498,81288494610f0ed95c8f4d215d52a2626851fe4b49926828ea052174cc7a0469,2026-10-02T12:04:37+00:00,press/press.bmwgroup.com/discovery/article-T0216062EN_US.html.gz,ok,
bmw,,,press_release,The BMW Performance Center to contest the 2015 One Lap Of America with new BMW X6 M.,https://www.press.bmwgroup.com/usa/article/detail/T0215030EN_US/the-bmw-performance-center-to-contest-the-2015-one-lap-of-america-with-new-bmw-x6-m,200,59922,09ebba0532927df40c8b74767f557a23fc0ea486744ddc5ebf736dca2177f976,2026-10-02T12:04:40+00:00,press/press.bmwgroup.com/discovery/article-T0215030EN_US.html.gz,ok,
bmw,,,press_release,"As official partner of Frieze Art Fair, BMW provides BMW 7 Series shuttle service to exhibit Frieze Sounds Program.",https://www.press.bmwgroup.com/usa/article/detail/T0215046EN_US/as-official-partner-of-frieze-art-fair-bmw-provides-bmw-7-series-shuttle-service-to-exhibit-frieze-sounds-program,200,61702,644e9b0097743f86772afa27dba72f1e5ac0662169b34a1bdc9e3b0279007bec,2026-10-02T12:06:01+00:00,press/press.bmwgroup.com/discovery/article-T0215046EN_US.html.gz,ok,
bmw,,,press_release,The New BMW 3 Series Sedan and Sports Wagon.,https://www.press.bmwgroup.com/usa/article/detail/T0216443EN_US/the-new-bmw-3-series-sedan-and-sports-wagon,200,191791,1b8dec6e9d9542a7b3a963c0c4cacee6d9b7c617d4640fef9e83bdffd859630b,2026-10-02T12:06:06+00:00,press/press.bmwgroup.com/discovery/article-T0216443EN_US.html.gz,ok,
bmw,,,press_release,SATELLITE and IFRAME Details World Premiere of the new BMW 7 Series,https://www.press.bmwgroup.com/usa/article/detail/T0220803EN_US/satellite-and-iframe-details-world-premiere-of-the-new-bmw-7-series,200,54297,f2871089b1bef2abe28cd1054f92a4d7a6b765772f479747ec54650a2a440d2f,2026-10-02T12:06:12+00:00,press/press.bmwgroup.com/discovery/article-T0220803EN_US.html.gz,ok,
bmw,,,press_release,Start of production of new BMW 7 Series at Plant Dingolfing,https://www.press.bmwgroup.com/usa/article/detail/T0221622EN_US/start-of-production-of-new-bmw-7-series-at-plant-dingolfing,200,63910,94296f749be4574255184dc9ef92fb8a958526d9f1403590578ded5dfe2c927d,2026-10-02T12:06:15+00:00,press/press.bmwgroup.com/discovery/article-T0221622EN_US.html.gz,ok,
bmw,,,press_release,"Statements Harald Krüger and Klaus Fröhlich: Presentation of the new BMW 7 Series, Munich, BMW Welt, 10 June 2015",https://www.press.bmwgroup.com/usa/article/detail/T0221443EN_US/statements-harald-krueger-and-klaus-froehlich:-presentation-of-the-new-bmw-7-series-munich-bmw-welt-10-june-2015,200,63014,94f0e579550d11e87149317148df6fff98dbd40c4121116e7d0b3f7523fcac0a,2026-10-02T12:06:18+00:00,press/press.bmwgroup.com/discovery/article-T0221443EN_US.html.gz,ok,
bmw,,,press_release,The All-New BMW 7 Series,https://www.press.bmwgroup.com/usa/article/detail/T0221442EN_US/the-all-new-bmw-7-series,200,136355,4a36a8895075fa32a5feda4afe1f1ef67fda61ec471c51cb487f8e7d0835f444,2026-10-02T12:06:22+00:00,press/press.bmwgroup.com/discovery/article-T0221442EN_US.html.gz,ok,
bmw,,,press_release,"Press Conference Pictures ""The new BMW 7 Series"".",https://www.press.bmwgroup.com/usa/article/detail/T0221768EN_US/press-conference-pictures-the-new-bmw-7-series,200,51913,025fdb1e506e23d61f437c05a421fa30cf290245a54fab6129d601d73901bcef,2026-10-02T12:06:24+00:00,press/press.bmwgroup.com/discovery/article-T0221768EN_US.html.gz,ok,
bmw,,,press_release,Model year 2016 Update information,https://www.press.bmwgroup.com/usa/article/detail/T0222782EN_US/model-year-2016-update-information,200,127970,a87893f2d07c3c82bd1262f53c33e668b589da30ab5bb6bbaac933392c0e3fc8,2026-10-02T12:06:28+00:00,press/press.bmwgroup.com/discovery/article-T0222782EN_US.html.gz,ok,
bmw,,,press_release,Continental Tire 150 at the Glen; Season's Best Second Place Finish for Fall-Line Motorsports BMW M3,https://www.press.bmwgroup.com/usa/article/detail/T0224162EN_US/continental-tire-150-at-the-glen;-season-s-best-second-place-finish-for-fall-line-motorsports-bmw-m3,200,58120,850b922a2e385a7e405461eda123f97071c127bbc83beb6643ee55cd10a6c3c3,2026-10-02T12:06:31+00:00,press/press.bmwgroup.com/discovery/article-T0224162EN_US.html.gz,ok,
bmw,,,press_release,"The All-New, Next-Generation BMW 7 Series Featured in the Highly-Anticipated Film “Mission: Impossible - Rogue Nation,” in Theaters Worldwide July 31.",https://www.press.bmwgroup.com/usa/article/detail/T0228584EN_US/the-all-new-next-generation-bmw-7-series-featured-in-the-highly-anticipated-film-“mission:-impossible-rogue-nation-”-in-theaters-worldwide-july-31,200,59479,98722fd71d597df2356ec73f731668e483fb8c4017f9c564f4d37705c4d39237,2026-10-02T12:06:34+00:00,press/press.bmwgroup.com/discovery/article-T0228584EN_US.html.gz,ok,final_url=https://www.press.bmwgroup.com/usa/article/detail/T0228584EN_US/the-all-new-next-generation-bmw-7-series-featured-in-the-highly-anticipated-film-%E2%80%9Cmission:-impossible-rogue-nation-%E2%80%9D-in-theaters-worldwide-july-31
bmw,,,press_release,2001 BMW M3 GTR Race and Road Cars To Be Presented at Legends of the Autobahn Concours D’Elegance,https://www.press.bmwgroup.com/usa/article/detail/T0229402EN_US/2001-bmw-m3-gtr-race-and-road-cars-to-be-presented-at-legends-of-the-autobahn-concours-d’elegance,200,60866,9e98d2f669b9010ca1d6aa5dcaabff2357f6d4719fdb6b2566368d5d268904b8,2026-10-02T12:06:37+00:00,press/press.bmwgroup.com/discovery/article-T0229402EN_US.html.gz,ok,final_url=https://www.press.bmwgroup.com/usa/article/detail/T0229402EN_US/2001-bmw-m3-gtr-race-and-road-cars-to-be-presented-at-legends-of-the-autobahn-concours-d%E2%80%99elegance
bmw,,,press_release,"All-new 7 Series International Press Launch, NYC & Monticello Motor Club",https://www.press.bmwgroup.com/usa/article/detail/T0234203EN_US/all-new-7-series-international-press-launch-nyc-monticello-motor-club,200,52780,0765c481179b83d0425050eebdf48a8f4ec39f7bd6b5ee3ad3b630feb36ca91f,2026-10-02T12:06:42+00:00,press/press.bmwgroup.com/discovery/article-T0234203EN_US.html.gz,ok,
bmw,,,press_release,30 Years of BMW all-wheel drive. From the BMW 325i “Allrad” to the BMW X5 xDrive40e.,https://www.press.bmwgroup.com/usa/article/detail/T0239223EN_US/30-years-of-bmw-all-wheel-drive-from-the-bmw-325i-“allrad”-to-the-bmw-x5-xdrive40e,200,69110,038061fedd628be4e64760122d6584005db5f3e3d1cc414ba8d0ba81761e6aab,2026-10-02T12:06:48+00:00,press/press.bmwgroup.com/discovery/article-T0239223EN_US.html.gz,ok,final_url=https://www.press.bmwgroup.com/usa/article/detail/T0239223EN_US/30-years-of-bmw-all-wheel-drive-from-the-bmw-325i-%E2%80%9Callrad%E2%80%9D-to-the-bmw-x5-xdrive40e
bmw,,,press_release,"All-New BMW X1 and New BMW 3 Series International Press Launch,  Copper Canyon, Mexico.",https://www.press.bmwgroup.com/usa/article/detail/T0239207EN_US/all-new-bmw-x1-and-new-bmw-3-series-international-press-launch-copper-canyon-mexico,200,52573,41a791af340a99e540fbf35a8f00b4998e990b7e081a97a7a481dc12b3717350,2026-10-02T12:06:53+00:00,press/press.bmwgroup.com/discovery/article-T0239207EN_US.html.gz,ok,
bmw,,,press_release,"BMW and Uber Partner to Offer Uber Users Complimentary Rides in the All-New BMW 7 Series for One Day Only in New York, Miami, Chicago and Los Angeles, Ahead of the Vehicle’s U.S. Retail Launch.",https://www.press.bmwgroup.com/usa/article/detail/T0239222EN_US/bmw-and-uber-partner-to-offer-uber-users-complimentary-rides-in-the-all-new-bmw-7-series-for-one-day-only-in-new-york-miami-chicago-and-los-angeles-ahead-of-the-vehicle’s-u-s-retail-launch,200,59590,180aa06316cb84a1566828aa91cc4d3135899288e540bfd1823781a2c3308084,2026-10-02T12:06:56+00:00,press/press.bmwgroup.com/discovery/article-T0239222EN_US.html.gz,ok,final_url=https://www.press.bmwgroup.com/usa/article/detail/T0239222EN_US/bmw-and-uber-partner-to-offer-uber-users-complimentary-rides-in-the-all-new-bmw-7-series-for-one-day-only-in-new-york-miami-chicago-and-los-angeles-ahead-of-the-vehicle%E2%80%99s-u-s-retail-launch
bmw,,,press_release,"eDrive BMW 330e, BMW M4 GTS, BMW X1 AND BMW 7 SERIES TO MAKE THEIR NORTH AMERICAN DEBUT AT THE 2015 LOS ANGELES AUTO SHOW.",https://www.press.bmwgroup.com/usa/article/detail/T0240502EN_US/edrive-bmw-330e-bmw-m4-gts-bmw-x1-and-bmw-7-series-to-make-their-north-american-debut-at-the-2015-los-angeles-auto-show,200,68599,434c27a8b737a7d7c3d6c7db6ff4a9023155fdaea0ee449df49dbda23d663add,2026-10-02T12:07:01+00:00,press/press.bmwgroup.com/discovery/article-T0240502EN_US.html.gz,ok,
bmw,,,press_release,EuroCarBody Award 2015 goes to the Carbon Core body of the new BMW 7 Series.,https://www.press.bmwgroup.com/usa/article/detail/T0242702EN_US/eurocarbody-award-2015-goes-to-the-carbon-core-body-of-the-new-bmw-7-series,200,56205,73fe7435991dc11046ff4b6f1b4b0b970ed83678df73f3dbe5f99c0392832128,2026-10-02T12:07:05+00:00,press/press.bmwgroup.com/discovery/article-T0242702EN_US.html.gz,ok,
bmw,,,press_release,BMW at the 2015 Los Angeles Auto Show,https://www.press.bmwgroup.com/usa/article/detail/T0243446EN_US/bmw-at-the-2015-los-angeles-auto-show,200,66783,4734592005f40117770a32a3e3d0c4e4964318a46ab9b208eb6c12ff69b0f3f5,2026-10-02T12:07:08+00:00,press/press.bmwgroup.com/discovery/article-T0243446EN_US.html.gz,ok,
bmw,,,press_release,Media Alert: BMW M2 AND BMW X4 M40i TO MAKE WORLD DEBUTS AT THE 2016 NORTH AMERICAN INTERNATIONAL AUTO SHOW IN DETROIT.,https://www.press.bmwgroup.com/usa/article/detail/T0247814EN_US/media-alert:-bmw-m2-and-bmw-x4-m40i-to-make-world-debuts-at-the-2016-north-american-international-auto-show-in-detroit,200,69493,93cc1b3b64e98e88710b8093d19ccc95dabcacc1bcae9c1fcd168a76b6b7e3e6,2026-10-02T12:07:13+00:00,press/press.bmwgroup.com/discovery/article-T0247814EN_US.html.gz,ok,
bmw,,,press_release,THE 2016 NORTH AMERICAN INTERNATIONAL AUTO SHOW IN DETROIT,https://www.press.bmwgroup.com/usa/article/detail/T0249786EN_US/the-2016-north-american-international-auto-show-in-detroit,200,57180,8f56e98c05abfb993f7a43d3541b82007bdfa8a74e5f6579694c7dd8ad92b343,2026-10-02T12:07:17+00:00,press/press.bmwgroup.com/discovery/article-T0249786EN_US.html.gz,ok,
bmw,,,press_release,New Competition Package Amps Up The BMW M3 And M4.,https://www.press.bmwgroup.com/usa/article/detail/T0250284EN_US/new-competition-package-amps-up-the-bmw-m3-and-m4,200,68183,41a59fcfd0065b411e74a9a3e22654bb63e33427205ae2c8e0946e36acba0815,2026-10-02T12:07:21+00:00,press/press.bmwgroup.com/discovery/article-T0250284EN_US.html.gz,ok,
bmw,,,press_release,"Power, Dynamics and Luxury combined for class-leading performance and a superior driving experience – the all-new 2017 BMW ALPINA B7 xDrive.",https://www.press.bmwgroup.com/usa/article/detail/T0254062EN_US/power-dynamics-and-luxury-combined-for-class-leading-performance-and-a-superior-driving-experience-–-the-all-new-2017-bmw-alpina-b7-xdrive,200,80733,67f22d0fa9c5abc043c2b8bdf43c55108fd5c87e5c7769a0d32d2c0780ac0d37,2026-10-02T12:07:26+00:00,press/press.bmwgroup.com/discovery/article-T0254062EN_US.html.gz,ok,final_url=https://www.press.bmwgroup.com/usa/article/detail/T0254062EN_US/power-dynamics-and-luxury-combined-for-class-leading-performance-and-a-superior-driving-experience-%E2%80%93-the-all-new-2017-bmw-alpina-b7-xdrive
bmw,,,press_release,The All-New 2017 BMW M760i xDrive.,https://www.press.bmwgroup.com/usa/article/detail/T0253766EN_US/the-all-new-2017-bmw-m760i-xdrive,200,82351,a59f647c6d345cea74cd78df198e2cdc09b66f25ce82ba873be077f189d46523,2026-10-02T12:07:30+00:00,press/press.bmwgroup.com/discovery/article-T0253766EN_US.html.gz,ok,
bmw,,,press_release,Media Alert: BMW M760i xDrive AND BMW ALPINA B7 xDrive TO MAKE NORTH AMERICAN DEBUTS AT THE 2016 NEW YORK INTERNATIONAL AUTO SHOW.,https://www.press.bmwgroup.com/usa/article/detail/T0256962EN_US/media-alert:-bmw-m760i-xdrive-and-bmw-alpina-b7-xdrive-to-make-north-american-debuts-at-the-2016-new-york-international-auto-show,200,72327,ee856455449e45640c582f91e2cd0fa934c2f650de3f45b7cbf121501b9f6a8b,2026-10-02T12:07:33+00:00,press/press.bmwgroup.com/discovery/article-T0256962EN_US.html.gz,ok,
bmw,,,press_release,The all-new BMW 330e iPerformance.,https://www.press.bmwgroup.com/usa/article/detail/T0258500EN_US/the-all-new-bmw-330e-iperformance,200,79567,80de5528d3bf6abfc39d6510b768ae042a5cec0ea2052549c47c107671ad6f1a,2026-10-02T12:07:37+00:00,press/press.bmwgroup.com/discovery/article-T0258500EN_US.html.gz,ok,
bmw,,,press_release,BMW 7 Series Wins 2016 World Luxury Car.,https://www.press.bmwgroup.com/usa/article/detail/T0258588EN_US/bmw-7-series-wins-2016-world-luxury-car,200,55355,c0c8729eb77b0b6e5cee5a0f37f511502b3127a9f6f30017827b269dbcaa0139,2026-10-02T12:07:43+00:00,press/press.bmwgroup.com/discovery/article-T0258588EN_US.html.gz,ok,
bmw,,,press_release,The BMW 7 Series centennial models “BMW Individual 7 Series THE NEXT 100 YEARS”.,https://www.press.bmwgroup.com/usa/article/detail/T0259324EN_US/the-bmw-7-series-centennial-models-“bmw-individual-7-series-the-next-100-years”,200,71218,f9c08ac12784420c1ed864971010f9cdd4888f342a07e90834e22a547140ef2e,2026-10-02T12:07:48+00:00,press/press.bmwgroup.com/discovery/article-T0259324EN_US.html.gz,ok,final_url=https://www.press.bmwgroup.com/usa/article/detail/T0259324EN_US/the-bmw-7-series-centennial-models-%E2%80%9Cbmw-individual-7-series-the-next-100-years%E2%80%9D
bmw,,,press_release,BMW Individual 7 Series meets Montblanc. BMW celebrates world premiere of centennial edition BMW Individual 7 Series THE NEXT 100 YEARS.,https://www.press.bmwgroup.com/usa/article/detail/T0259357EN_US/bmw-individual-7-series-meets-montblanc-bmw-celebrates-world-premiere-of-centennial-edition-bmw-individual-7-series-the-next-100-years,200,59073,f42a7877ed99b7ab0597884c2e04e3b7b59b5e0254bd54898985d5c98a8090b1,2026-10-02T12:07:51+00:00,press/press.bmwgroup.com/discovery/article-T0259357EN_US.html.gz,ok,
bmw,,,press_release,Model year 2017 Update information.,https://www.press.bmwgroup.com/usa/article/detail/T0261023EN_US/model-year-2017-update-information,200,101494,9c6ca93990a7792a41023f3d9e947623300b6ef2f07444277e2bd96750165df1,2026-10-02T12:07:54+00:00,press/press.bmwgroup.com/discovery/article-T0261023EN_US.html.gz,ok,
bmw,,,press_release,2016 BMW M5 Pure Metal Silver Limited Edition.,https://www.press.bmwgroup.com/usa/article/detail/T0262234EN_US/2016-bmw-m5-pure-metal-silver-limited-edition,200,76159,f2a0536e573aa4a8fe3cc29c95239b1ae35eeba4dbc8dd99f07b857454414e93,2026-10-02T12:07:59+00:00,press/press.bmwgroup.com/discovery/article-T0262234EN_US.html.gz,ok,
bmw,,,press_release,"The virtual new BMW 5 Series: High-precision, fully-automated measuring technology generates 3D data model of upcoming generation",https://www.press.bmwgroup.com/usa/article/detail/T0262484EN_US/the-virtual-new-bmw-5-series:-high-precision-fully-automated-measuring-technology-generates-3d-data-model-of-upcoming-generation,200,57338,ae5135fbd76bf33048d6a11864706ac385e9cae6a7e64d1dd843082f63b4fb1c,2026-10-02T12:08:05+00:00,press/press.bmwgroup.com/discovery/article-T0262484EN_US.html.gz,ok,
bmw,,,press_release,2017 BMW “30 Jahre M3” Limited Edition.,https://www.press.bmwgroup.com/usa/article/detail/T0262689EN_US/2017-bmw-“30-jahre-m3”-limited-edition,200,61802,e823ad089f096f3c298456fe0adc1d204104a2c75965010a0ab7ba8b38a0867b,2026-10-02T12:08:10+00:00,press/press.bmwgroup.com/discovery/article-T0262689EN_US.html.gz,ok,final_url=https://www.press.bmwgroup.com/usa/article/detail/T0262689EN_US/2017-bmw-%E2%80%9C30-jahre-m3%E2%80%9D-limited-edition
bmw,,,press_release,The New 2017 BMW 740e xDrive iPerformance – BMW eDrive Technology And Carbon Core Body Structure Derived From The Development Of BMW i Models.,https://www.press.bmwgroup.com/usa/article/detail/T0262666EN_US/the-new-2017-bmw-740e-xdrive-iperformance-–-bmw-edrive-technology-and-carbon-core-body-structure-derived-from-the-development-of-bmw-i-models,200,105624,a6ff554f3a41d9a332e2734c65ee605484513dde8c27b98613c6cf4e66cb2fa4,2026-10-02T12:08:15+00:00,press/press.bmwgroup.com/discovery/article-T0262666EN_US.html.gz,ok,final_url=https://www.press.bmwgroup.com/usa/article/detail/T0262666EN_US/the-new-2017-bmw-740e-xdrive-iperformance-%E2%80%93-bmw-edrive-technology-and-carbon-core-body-structure-derived-from-the-development-of-bmw-i-models
bmw,,,press_release,30 years of the BMW M3 – the story behind the legend.,https://www.press.bmwgroup.com/usa/article/detail/T0264196EN_US/30-years-of-the-bmw-m3-–-the-story-behind-the-legend,200,68228,a55d1e0132f6930ae40da1333350a068b9f92f7ffb28bf44eb6901eaf85d9ed7,2026-10-02T12:08:19+00:00,press/press.bmwgroup.com/discovery/article-T0264196EN_US.html.gz,ok,final_url=https://www.press.bmwgroup.com/usa/article/detail/T0264196EN_US/30-years-of-the-bmw-m3-%E2%80%93-the-story-behind-the-legend
bmw,,,press_release,The BMW 7 Series Earns A Winning Spot On The Inaugural 2016 Wards 10 Best UX,https://www.press.bmwgroup.com/usa/article/detail/T0264588EN_US/the-bmw-7-series-earns-a-winning-spot-on-the-inaugural-2016-wards-10-best-ux,200,62359,d11880415a487015b0695835da5f0a6fda017e531d559b5172f9806071631ab3,2026-10-02T12:08:22+00:00,press/press.bmwgroup.com/discovery/article-T0264588EN_US.html.gz,ok,
bmw,,,press_release,"The All-New 2017 BMW 5 Series: Performance, Redefined.",https://www.press.bmwgroup.com/usa/article/detail/T0264802EN_US/the-all-new-2017-bmw-5-series:-performance-redefined,200,137013,68bf4a59279011f9a5771507f8cba8f941be94ff9711db078504fb218596615d,2026-10-02T12:08:26+00:00,press/press.bmwgroup.com/discovery/article-T0264802EN_US.html.gz,ok,
bmw,,,press_release,Media Alert: BMW to Showcase iPerformance Family of Plug-In Hybrid Electric Vehicles at the 2016 Los Angeles Auto Show’s Automobility LA.,https://www.press.bmwgroup.com/usa/article/detail/T0265225EN_US/media-alert:-bmw-to-showcase-iperformance-family-of-plug-in-hybrid-electric-vehicles-at-the-2016-los-angeles-auto-show’s-automobility-la,200,69468,eea3491c834f7f6a5fed87e1aae891bb5e7228e26ce940cb42b6853fc4b4ff5a,2026-10-02T12:08:29+00:00,press/press.bmwgroup.com/discovery/article-T0265225EN_US.html.gz,ok,final_url=https://www.press.bmwgroup.com/usa/article/detail/T0265225EN_US/media-alert:-bmw-to-showcase-iperformance-family-of-plug-in-hybrid-electric-vehicles-at-the-2016-los-angeles-auto-show%E2%80%99s-automobility-la
bmw,,,press_release,The all-new BMW ALPINA B7 xDrive – additional pictures.,https://www.press.bmwgroup.com/usa/article/detail/T0265283EN_US/the-all-new-bmw-alpina-b7-xdrive-–-additional-pictures,200,53607,70c378c146fd7aa8662670e4740e6bf56c6795563bb15dd3cdab8d2482f4f056,2026-10-02T12:08:32+00:00,press/press.bmwgroup.com/discovery/article-T0265283EN_US.html.gz,ok,final_url=https://www.press.bmwgroup.com/usa/article/detail/T0265283EN_US/the-all-new-bmw-alpina-b7-xdrive-%E2%80%93-additional-pictures
bmw,,,press_release,BMW Announces Price for the All-New 2017 BMW M760i xDrive at the Automobility LA.,https://www.press.bmwgroup.com/usa/article/detail/T0266022EN_US/bmw-announces-price-for-the-all-new-2017-bmw-m760i-xdrive-at-the-automobility-la,200,60809,4dc42297a4c9d6190403e16b824743c83aea578410cd42ff9999f609af4a529b,2026-10-02T12:08:37+00:00,press/press.bmwgroup.com/discovery/article-T0266022EN_US.html.gz,ok,
bmw,,,press_release,All-new BMW 5 Series International Media Launch,https://www.press.bmwgroup.com/usa/article/detail/T0266334EN_US/all-new-bmw-5-series-international-media-launch,200,52053,d0ca4161016b0e495f292f8cefaa01bfc1db45985669eac0f7eb2af1619d2f21,2026-10-02T12:08:40+00:00,press/press.bmwgroup.com/discovery/article-T0266334EN_US.html.gz,ok,
bmw,,,press_release,BMW Announces the First Ever BMW M550i xDrive.,https://www.press.bmwgroup.com/usa/article/detail/T0266706EN_US/bmw-announces-the-first-ever-bmw-m550i-xdrive,200,66225,72bdb3415161b1a2285c00bd83cc36343633e3f01546a0a4a95935e7a97c6bf5,2026-10-02T12:08:45+00:00,press/press.bmwgroup.com/discovery/article-T0266706EN_US.html.gz,ok,
bmw,,,press_release,World premiere of the first ever BMW 530e iPerformance.,https://www.press.bmwgroup.com/usa/article/detail/T0266705EN_US/world-premiere-of-the-first-ever-bmw-530e-iperformance,200,71925,ff94ee8a43e90eebc769330f88c1de0c982e921f08882ca9b917b99ee7cdd444,2026-10-02T12:08:50+00:00,press/press.bmwgroup.com/discovery/article-T0266705EN_US.html.gz,ok,
bmw,,,press_release,All-New BMW 5 Series Sedan to Make World Debut Alongside M Performance & iPerformance Plug-In Hybrid Electric Variants at the 2017 North American International Auto Show in Detroit,https://www.press.bmwgroup.com/usa/article/detail/T0266760EN_US/all-new-bmw-5-series-sedan-to-make-world-debut-alongside-m-performance-iperformance-plug-in-hybrid-electric-variants-at-the-2017-north-american-international-auto-show-in-detroit,200,66301,5de51b4159dd5db45d4d1691609f0e22ac4e19d74336885d7e873ea96d24a830,2026-10-02T12:08:54+00:00,press/press.bmwgroup.com/discovery/article-T0266760EN_US.html.gz,ok,
bmw,,,press_release,BMW Announces Price for the All-New 2017 BMW 5 Series.,https://www.press.bmwgroup.com/usa/article/detail/T0266788EN_US/bmw-announces-price-for-the-all-new-2017-bmw-5-series,200,60896,ab2c7667d56bc52bb9c789180e07c31e28c2ffe6eed0865f05372e92dac82808,2026-10-02T12:08:59+00:00,press/press.bmwgroup.com/discovery/article-T0266788EN_US.html.gz,ok,
bmw,,,press_release,BMW Announces Price for first ever BMW 530e iPerformance Sedans and the first ever BMW M550i xDrive Sedan.,https://www.press.bmwgroup.com/usa/article/detail/T0267087EN_US/bmw-announces-price-for-first-ever-bmw-530e-iperformance-sedans-and-the-first-ever-bmw-m550i-xdrive-sedan,200,61220,8b57ba3473003924c9fda19fc1987fda34347319b2f7fa6f85a89d2040dd5795,2026-10-02T12:09:03+00:00,press/press.bmwgroup.com/discovery/article-T0267087EN_US.html.gz,ok,
bmw,,,press_release,The BMW 5 Series Wins EyesOnDesign Best Designed User Experience Award at 2017 North American International Auto Show in Detroit.,https://www.press.bmwgroup.com/usa/article/detail/T0267231EN_US/the-bmw-5-series-wins-eyesondesign-best-designed-user-experience-award-at-2017-north-american-international-auto-show-in-detroit,200,57690,9f34545c22cb0374c4fe18c4f419dc3cc27ceb6ce80e6ff69aae022b408c5f00,2026-10-02T12:09:07+00:00,press/press.bmwgroup.com/discovery/article-T0267231EN_US.html.gz,ok,
bmw,,,press_release,The 2017 BMW 2 Series Coupe and 2017 BMW 3 Series Sedan Earn IIHS “Top Safety Pick+”.,https://www.press.bmwgroup.com/usa/article/detail/T0267545EN_US/the-2017-bmw-2-series-coupe-and-2017-bmw-3-series-sedan-earn-iihs-“top-safety-pick-”,200,58686,42c88a689cee96c3f5b900fb9b6559c9d912a43ff6ab5a34dc637ca8bd3f5b6c,2026-10-02T12:09:12+00:00,press/press.bmwgroup.com/discovery/article-T0267545EN_US.html.gz,ok,final_url=https://www.press.bmwgroup.com/usa/article/detail/T0267545EN_US/the-2017-bmw-2-series-coupe-and-2017-bmw-3-series-sedan-earn-iihs-%E2%80%9Ctop-safety-pick-%E2%80%9D
bmw,,,press_release,"The new BMW M760i xDrive International Press Launch, Palm Springs & the BMW Performance Center West.",https://www.press.bmwgroup.com/usa/article/detail/T0267907EN_US/the-new-bmw-m760i-xdrive-international-press-launch-palm-springs-the-bmw-performance-center-west,200,53959,7afeb0f929b62dcc4562daa5fe460403ae0ae9343353c69bf96e041ff381a5c4,2026-10-02T12:09:16+00:00,press/press.bmwgroup.com/discovery/article-T0267907EN_US.html.gz,ok,
bmw,,,press_release,BMW to Showcase iPerformance Family of Plug-In Hybrid Electric Vehicles at the 2017 New York International Auto Show.,https://www.press.bmwgroup.com/usa/article/detail/T0268767EN_US/bmw-to-showcase-iperformance-family-of-plug-in-hybrid-electric-vehicles-at-the-2017-new-york-international-auto-show,200,66234,17d977637210daedc4027c80dfcfcfef20ad6fe7b4669ba503cf8f8945f967c9,2026-10-02T12:09:21+00:00,press/press.bmwgroup.com/discovery/article-T0268767EN_US.html.gz,ok,
bmw,,,press_release,"BMW HP4 Race Details Revealed Wednesday, April 19, During Live Stream Of BMW Group Press Conference at the 2017 Shanghai Auto Show",https://www.press.bmwgroup.com/usa/article/detail/T0269894EN_US/bmw-hp4-race-details-revealed-wednesday-april-19-during-live-stream-of-bmw-group-press-conference-at-the-2017-shanghai-auto-show,200,54459,7ce048a8d67f03d74e1f658cb6fe8a4f77b7ef4e88196eb0a42ca446f36dbb03,2026-10-02T12:09:25+00:00,press/press.bmwgroup.com/discovery/article-T0269894EN_US.html.gz,ok,
bmw,,,press_release,The BMW Performance Driving School Set to Contest 2017 One Lap of America with BMW M3 Competition Package.,https://www.press.bmwgroup.com/usa/article/detail/T0270403EN_US/the-bmw-performance-driving-school-set-to-contest-2017-one-lap-of-america-with-bmw-m3-competition-package,200,62180,4f7c22f307f57b26bc2a67923caf16c8d1adb2f113866299aea65d680409d8f3,2026-10-02T12:09:28+00:00,press/press.bmwgroup.com/discovery/article-T0270403EN_US.html.gz,ok,
bmw,,,press_release,2017 BMW 5 Series Earns IIHS “Top Safety Pick +”.,https://www.press.bmwgroup.com/usa/article/detail/T0270942EN_US/2017-bmw-5-series-earns-iihs-“top-safety-pick-”,200,57742,67630b400f31371a157fb2ed9dd38a1dc7d9712ff9a95a988315c2f7c2209516,2026-10-02T12:09:32+00:00,press/press.bmwgroup.com/discovery/article-T0270942EN_US.html.gz,ok,final_url=https://www.press.bmwgroup.com/usa/article/detail/T0270942EN_US/2017-bmw-5-series-earns-iihs-%E2%80%9Ctop-safety-pick-%E2%80%9D
bmw,,,press_release,The new BMW M5 with M xDrive.,https://www.press.bmwgroup.com/usa/article/detail/T0271002EN_US/the-new-bmw-m5-with-m-xdrive,200,67131,2ba5daa953cf9b464d435342830f487fc22b377a0d216ae95805516fa297b582,2026-10-02T12:09:35+00:00,press/press.bmwgroup.com/discovery/article-T0271002EN_US.html.gz,ok,
bmw,,,press_release,Model Year 2018 Update Information.,https://www.press.bmwgroup.com/usa/article/detail/T0271729EN_US/model-year-2018-update-information,200,87857,b6e0ff57ab8da5ee5241901ec50df2ba184b8cbde46cd29b5dcc820fadbccc76,2026-10-02T12:09:39+00:00,press/press.bmwgroup.com/discovery/article-T0271729EN_US.html.gz,ok,
bmw,,,press_release,BMW and EA Debut the All-new BMW M5 in Need for Speed Payback.,https://www.press.bmwgroup.com/usa/article/detail/T0273780EN_US/bmw-and-ea-debut-the-all-new-bmw-m5-in-need-for-speed-payback,200,63952,0b2ed0f4fee43b720fda7428914a61ac5cf30cb858098dbcd4c2170937688238,2026-10-02T12:09:43+00:00,press/press.bmwgroup.com/discovery/article-T0273780EN_US.html.gz,ok,
bmw,,,press_release,The All-New 2018 BMW M5: The Quintessential High-Performance Sedan.,https://www.press.bmwgroup.com/usa/article/detail/T0273727EN_US/the-all-new-2018-bmw-m5:-the-quintessential-high-performance-sedan,200,103815,e02ca34abde8e71e862f05cdde53603dd90bc0a9daac7866fb26e7b63166be70,2026-10-02T12:09:48+00:00,press/press.bmwgroup.com/discovery/article-T0273727EN_US.html.gz,ok,
bmw,,,press_release,BMW Concept X7 iPerformance. A new dimension in spaciousness.,https://www.press.bmwgroup.com/usa/article/detail/T0274169EN_US/bmw-concept-x7-iperformance-a-new-dimension-in-spaciousness,200,70468,fa1acc5443b0f1e3715fa2e64de492e4564373d06122d856f47ccd15414011c8,2026-10-02T12:09:52+00:00,press/press.bmwgroup.com/discovery/article-T0274169EN_US.html.gz,ok,
bmw,,,press_release,Media Alert: M PERFORMANCE PARTS FOR THE ALL-NEW BMW M5 TO MAKE WORLD DEBUT ALONGSIDE THE ONE OF A KIND (1/1) 2018 BMW M3 30 YEARS AMERICAN EDITION AT THE 2017 SEMA SHOW.,https://www.press.bmwgroup.com/usa/article/detail/T0275605EN_US/media-alert:-m-performance-parts-for-the-all-new-bmw-m5-to-make-world-debut-alongside-the-one-of-a-kind-1/1-2018-bmw-m3-30-years-american-edition-at-the-2017-sema-show,200,61936,18d2731f2ceea34b39fef4dc36c5521cfa21f644ee75d732912e8c9685e732ac,2026-10-02T12:09:57+00:00,press/press.bmwgroup.com/discovery/article-T0275605EN_US.html.gz,ok,
bmw,,,press_release,The First-Ever BMW M3 CS.,https://www.press.bmwgroup.com/usa/article/detail/T0275824EN_US/the-first-ever-bmw-m3-cs,200,90173,7831708ae4da61316fd28991a04685c2c7881dbbe21b6fea4b6350c560b65388,2026-10-02T12:10:01+00:00,press/press.bmwgroup.com/discovery/article-T0275824EN_US.html.gz,ok,
bmw,,,press_release,Model Year 2018 – Pricing and Equipment Updates,https://www.press.bmwgroup.com/usa/article/detail/T0276940EN_US/model-year-2018-–-pricing-and-equipment-updates,200,65510,83aff5b110b20be87c0ed294f903883c006e8e27a2b1b89946ba849006eb9206,2026-10-02T12:10:07+00:00,press/press.bmwgroup.com/discovery/article-T0276940EN_US.html.gz,ok,final_url=https://www.press.bmwgroup.com/usa/article/detail/T0276940EN_US/model-year-2018-%E2%80%93-pricing-and-equipment-updates
bmw,,,press_release,"Model Year 2018 – New Models, Equipment Updates And Pricing",https://www.press.bmwgroup.com/usa/article/detail/T0276939EN_US/model-year-2018-–-new-models-equipment-updates-and-pricing,200,60251,b7891b5162348b779318d0a23326fde692f8e9b00a737dccbdeca0d41ed43e5e,2026-10-02T12:10:11+00:00,press/press.bmwgroup.com/discovery/article-T0276939EN_US.html.gz,ok,final_url=https://www.press.bmwgroup.com/usa/article/detail/T0276939EN_US/model-year-2018-%E2%80%93-new-models-equipment-updates-and-pricing
bmw,,,press_release,BMW Announces Price for the all-new BMW M5 – The Quintessential High Performance Sedan.,https://www.press.bmwgroup.com/usa/article/detail/T0276423EN_US/bmw-announces-price-for-the-all-new-bmw-m5-–-the-quintessential-high-performance-sedan,200,57370,d12db7e52e782b8acd876a27bc8c3666067ad8e9599cc6b637edf436d43b5415,2026-10-02T12:10:14+00:00,press/press.bmwgroup.com/discovery/article-T0276423EN_US.html.gz,ok,final_url=https://www.press.bmwgroup.com/usa/article/detail/T0276423EN_US/bmw-announces-price-for-the-all-new-bmw-m5-%E2%80%93-the-quintessential-high-performance-sedan
bmw,,,press_release,Media Alert: BMW X2 and 2019 BMW i8 Coupe to make World Debuts at North American International Auto Show in Detroit.,https://www.press.bmwgroup.com/usa/article/detail/T0277268EN_US/media-alert:-bmw-x2-and-2019-bmw-i8-coupe-to-make-world-debuts-at-north-american-international-auto-show-in-detroit,200,71808,2dfa8ebf2f882f0897e72145f35768d9f6039e88497b3569a69e9d9841bca987,2026-10-02T12:10:19+00:00,press/press.bmwgroup.com/discovery/article-T0277268EN_US.html.gz,ok,
bmw,,,press_release,The countdown has begun: first BMW X7 pre-production models roll off the assembly line in the USA.,https://www.press.bmwgroup.com/usa/article/detail/T0277360EN_US/the-countdown-has-begun:-first-bmw-x7-pre-production-models-roll-off-the-assembly-line-in-the-usa,200,60709,0cd781fc0bb867b2978c45b6dfa03808ebdbd42cf58f7e4af2910040b0ae9ea0,2026-10-02T12:10:24+00:00,press/press.bmwgroup.com/discovery/article-T0277360EN_US.html.gz,ok,
bmw,,,press_release,BMW Sets Two GUINNESS WORLD RECORDS™ Titles for Drifting in the All-New 2018 BMW M5.,https://www.press.bmwgroup.com/usa/article/detail/T0277706EN_US/bmw-sets-two-guinness-world-records™-titles-for-drifting-in-the-all-new-2018-bmw-m5,200,59724,7346e62e105c072b4f41fb4ec6a903f4b9d9c078263a646e0a8065d2558fbd14,2026-10-02T12:10:29+00:00,press/press.bmwgroup.com/discovery/article-T0277706EN_US.html.gz,ok,final_url=https://www.press.bmwgroup.com/usa/article/detail/T0277706EN_US/bmw-sets-two-guinness-world-records%E2%84%A2-titles-for-drifting-in-the-all-new-2018-bmw-m5
bmw,,,press_release,Red Sparrow: BMW 7 Series makes iconic appearance in gripping new movie. BMW is exclusive automotive partner of the spy thriller from 20th Century Fox Film.,https://www.press.bmwgroup.com/usa/article/detail/T0278749EN_US/red-sparrow:-bmw-7-series-makes-iconic-appearance-in-gripping-new-movie-bmw-is-exclusive-automotive-partner-of-the-spy-thriller-from-20th-century-fox-film,200,63569,d82ab9b19a8868cb00492a17d8c6db00ab95ffbf05dfd4524ecbcb808dda7e17,2026-10-02T12:10:32+00:00,press/press.bmwgroup.com/discovery/article-T0278749EN_US.html.gz,ok,
bmw,,,press_release,Media Alert: BMW X4 M40i M Performance to make North American debut at 2018 New York International Auto Show.,https://www.press.bmwgroup.com/usa/article/detail/T0279060EN_US/media-alert:-bmw-x4-m40i-m-performance-to-make-north-american-debut-at-2018-new-york-international-auto-show,200,67386,922c34298ce9b164309440e4edf8ac3ede672f8c9d2b25cd7dfe09009c535904,2026-10-02T12:10:34+00:00,press/press.bmwgroup.com/discovery/article-T0279060EN_US.html.gz,ok,
bmw,,,press_release,The all-new BMW M5 Wins 2018 World Performance Car.,https://www.press.bmwgroup.com/usa/article/detail/T0279668EN_US/the-all-new-bmw-m5-wins-2018-world-performance-car,200,54510,9709b7783799a499f7d6800ed84689af937e3d246b671f3f29293fac4ba57e8c,2026-10-02T12:10:38+00:00,press/press.bmwgroup.com/discovery/article-T0279668EN_US.html.gz,ok,
bmw,,,press_release,The All-New 2019 BMW M5 Competition Sedan.,https://www.press.bmwgroup.com/usa/article/detail/T0280909EN_US/the-all-new-2019-bmw-m5-competition-sedan,200,81025,6f6cd412781b89aad72c46c8e96bfe038622adfdbcf7989eb6ccf7a881ec82ec,2026-10-02T12:10:41+00:00,press/press.bmwgroup.com/discovery/article-T0280909EN_US.html.gz,ok,
bmw,,,press_release,The All-New 2019 BMW X5 Sports Activity Vehicle.,https://www.press.bmwgroup.com/usa/article/detail/T0281821EN_US/the-all-new-2019-bmw-x5-sports-activity-vehicle,200,106154,fca9ffa5f4b7075bcf7b67e5a07ae6daabf6a51434ea86f4ed2eef5d99c450e8,2026-10-02T12:10:44+00:00,press/press.bmwgroup.com/discovery/article-T0281821EN_US.html.gz,ok,
bmw,,,press_release,"BMW teams up with Paramount Pictures’ new theatrical film, “Mission: Impossible – Fallout,” with the BMW M5 appearing alongside Tom Cruise as Ethan Hunt in the action-packed film with spectacular car chases and stunts.",https://www.press.bmwgroup.com/usa/article/detail/T0281968EN_US/bmw-teams-up-with-paramount-pictures’-new-theatrical-film-“mission:-impossible-–-fallout-”-with-the-bmw-m5-appearing-alongside-tom-cruise-as-ethan-hunt-in-the-action-packed-film-with-spectacular-car-chases-and-stunts,200,66522,7ca4948d4931671ddb471b2e721c743b32c067508a5c7eb2109896dacfa00b83,2026-10-02T12:10:48+00:00,press/press.bmwgroup.com/discovery/article-T0281968EN_US.html.gz,ok,final_url=https://www.press.bmwgroup.com/usa/article/detail/T0281968EN_US/bmw-teams-up-with-paramount-pictures%E2%80%99-new-theatrical-film-%E2%80%9Cmission:-impossible-%E2%80%93-fallout-%E2%80%9D-with-the-bmw-m5-appearing-alongside-tom-cruise-as-ethan-hunt-in-the-action-packed-film-with-spectacular-car-chases-and-stunts
bmw,,,press_release,The All-New 2019 BMW X5 Sports Activity Vehicle Pricing,https://www.press.bmwgroup.com/usa/article/detail/T0282750EN_US/the-all-new-2019-bmw-x5-sports-activity-vehicle-pricing,200,54766,bb512d560642b643f53c3dcdf0c21ea9430ca4a888ad6fd1b42c626d5c85fda9,2026-10-02T12:10:52+00:00,press/press.bmwgroup.com/discovery/article-T0282750EN_US.html.gz,ok,
bmw,,,press_release,Homecoming: BMW Plant Spartanburg making final preparations to begin production of all-new BMW X5.,https://www.press.bmwgroup.com/usa/article/detail/T0282860EN_US/homecoming:-bmw-plant-spartanburg-making-final-preparations-to-begin-production-of-all-new-bmw-x5,200,63838,b4f7b5cbe4bb2cc63bd9e22d8ab0be064969b531fde57d4d5f53940baf1b68c8,2026-10-02T12:10:57+00:00,press/press.bmwgroup.com/discovery/article-T0282860EN_US.html.gz,ok,
bmw,,,press_release,The new BMW X7 undergoes endurance tests under extreme conditions.,https://www.press.bmwgroup.com/usa/article/detail/T0284046EN_US/the-new-bmw-x7-undergoes-endurance-tests-under-extreme-conditions,200,54422,3ce838c58dd5627bddec4b60ea0e2a7cbc364195b52e94edf1697f27962f6b6a,2026-10-02T12:11:01+00:00,press/press.bmwgroup.com/discovery/article-T0284046EN_US.html.gz,ok,
bmw,,,press_release,The All-New BMW 3 Series Sedan: Test and Trial at the “Green Hell”,https://www.press.bmwgroup.com/usa/article/detail/T0284081EN_US/the-all-new-bmw-3-series-sedan:-test-and-trial-at-the-“green-hell”,200,62323,8691eca75da235802cff49d22b441af8b6e6231ed7b86eae815f2e3413093db1,2026-10-02T12:11:05+00:00,press/press.bmwgroup.com/discovery/article-T0284081EN_US.html.gz,ok,final_url=https://www.press.bmwgroup.com/usa/article/detail/T0284081EN_US/the-all-new-bmw-3-series-sedan:-test-and-trial-at-the-%E2%80%9Cgreen-hell%E2%80%9D
bmw,,,press_release,BMW 5 Series Sedan stars in “Tom Clancy’s Jack Ryan”,https://www.press.bmwgroup.com/usa/article/detail/T0284307EN_US/bmw-5-series-sedan-stars-in-“tom-clancy’s-jack-ryan”,200,63266,a24cf1ded7e66aab8a68a0c1d240075db97344e4c6a8b364e10d1197247194b5,2026-10-02T12:11:10+00:00,press/press.bmwgroup.com/discovery/article-T0284307EN_US.html.gz,ok,final_url=https://www.press.bmwgroup.com/usa/article/detail/T0284307EN_US/bmw-5-series-sedan-stars-in-%E2%80%9Ctom-clancy%E2%80%99s-jack-ryan%E2%80%9D
bmw,,,press_release,Electrifying power for supreme driving pleasure: the new BMW X5 xDrive45e iPerformance.,https://www.press.bmwgroup.com/usa/article/detail/T0284663EN_US/electrifying-power-for-supreme-driving-pleasure:-the-new-bmw-x5-xdrive45e-iperformance,200,56304,088173e04171c0bf8b06da15bef29104571640f14f2414809ac2c8b61a12d23c,2026-10-02T12:11:13+00:00,press/press.bmwgroup.com/discovery/article-T0284663EN_US.html.gz,ok,
bmw,,,press_release,The All-New 2019 BMW 3 Series.,https://www.press.bmwgroup.com/usa/article/detail/T0285572EN_US/the-all-new-2019-bmw-3-series,200,135121,d96bbe05830b88df090fe5113f981238f0e55c62a2ee1986f15cc4257675787a,2026-10-02T12:11:16+00:00,press/press.bmwgroup.com/discovery/article-T0285572EN_US.html.gz,ok,
bmw,,,press_release,The First-Ever 2019 BMW X7 Sports Activity Vehicle.,https://www.press.bmwgroup.com/usa/article/detail/T0285888EN_US/the-first-ever-2019-bmw-x7-sports-activity-vehicle,200,120656,26130d9832e5b3b741618e68cb63f7a81265907dd526fe6bb862e31e5072aa4e,2026-10-02T12:11:21+00:00,press/press.bmwgroup.com/discovery/article-T0285888EN_US.html.gz,ok,
bmw,,,press_release,"Media Alert: First-Ever BMW X7 Sports Activity Vehicle, BMW 8 Series Convertible, BMW M340i Sedan and BMW Vision iNEXT Concept to Debut at LA Auto Show’s AutoMobility LA 2018.",https://www.press.bmwgroup.com/usa/article/detail/T0286276EN_US/media-alert:-first-ever-bmw-x7-sports-activity-vehicle-bmw-8-series-convertible-bmw-m340i-sedan-and-bmw-vision-inext-concept-to-debut-at-la-auto-show’s-automobility-la-2018,200,69491,45a5806fde4a4af0d401d699063278c59f85a083a2bd2748ca802b93a6f9fd84,2026-10-02T12:11:25+00:00,press/press.bmwgroup.com/discovery/article-T0286276EN_US.html.gz,ok,final_url=https://www.press.bmwgroup.com/usa/article/detail/T0286276EN_US/media-alert:-first-ever-bmw-x7-sports-activity-vehicle-bmw-8-series-convertible-bmw-m340i-sedan-and-bmw-vision-inext-concept-to-debut-at-la-auto-show%E2%80%99s-automobility-la-2018
bmw,,,press_release,The new BMW X5 with M Performance Parts.,https://www.press.bmwgroup.com/usa/article/detail/T0286216EN_US/the-new-bmw-x5-with-m-performance-parts,200,60436,5fb23bea5ce9d6488a5f515ad502a73d9c8e6dffdec466388a4a587c4f0a91cd,2026-10-02T12:11:29+00:00,press/press.bmwgroup.com/discovery/article-T0286216EN_US.html.gz,ok,
bmw,,,press_release,The All-New 2020 BMW M340i and M340i xDrive Sedans,https://www.press.bmwgroup.com/usa/article/detail/T0286917EN_US/the-all-new-2020-bmw-m340i-and-m340i-xdrive-sedans,200,124695,e14a30ebc318078f467da7e71c2cc7f921f4481fad22171868e352cdc383c4ee,2026-10-02T12:11:34+00:00,press/press.bmwgroup.com/discovery/article-T0286917EN_US.html.gz,ok,
bmw,,,press_release,The new 2020 BMW 7 Series Sedan.,https://www.press.bmwgroup.com/usa/article/detail/T0290164EN_US/the-new-2020-bmw-7-series-sedan,200,135399,4df94d773d42d9cb704ff01a20c762940eddd5f94c90c154162d8ad785c8f53f,2026-10-02T12:11:37+00:00,press/press.bmwgroup.com/discovery/article-T0290164EN_US.html.gz,ok,
bmw,,,press_release,"The new 2020 ALPINA B7 xDrive Sedan - Power, Dynamics and Luxury in a new contemporary Design.",https://www.press.bmwgroup.com/usa/article/detail/T0291804EN_US/the-new-2020-alpina-b7-xdrive-sedan-power-dynamics-and-luxury-in-a-new-contemporary-design,200,101600,78ff73bbdd6304d46bc388835d562da42240bd168d0e55efc8bd59b6d392fc60,2026-10-02T12:11:42+00:00,press/press.bmwgroup.com/discovery/article-T0291804EN_US.html.gz,ok,
bmw,,,press_release,The 2020 BMW M5 Edition 35 Years.,https://www.press.bmwgroup.com/usa/article/detail/T0295843EN_US/the-2020-bmw-m5-edition-35-years,200,84066,318dbe984e92c46e8bce6a861d65831a5dacc4a2c52f28fe559b9307bc6e6d53,2026-10-02T12:11:45+00:00,press/press.bmwgroup.com/discovery/article-T0295843EN_US.html.gz,ok,
bmw,,,press_release,The 2020 BMW X5 M50i and BMW X7 M50i Sports Activity Vehicles,https://www.press.bmwgroup.com/usa/article/detail/T0296174EN_US/the-2020-bmw-x5-m50i-and-bmw-x7-m50i-sports-activity-vehicles,200,93208,f241f74b55eb97c9d5f781373089ebd4355690272656a87d7399d360b14976f4,2026-10-02T12:11:49+00:00,press/press.bmwgroup.com/discovery/article-T0296174EN_US.html.gz,ok,
bmw,,,press_release,The New 2020 BMW X6 Sports Activity Coupe.,https://www.press.bmwgroup.com/usa/article/detail/T0297890EN_US/the-new-2020-bmw-x6-sports-activity-coupe,200,106970,887ba676175d3366c0ba8d8af5b41e173826e4f815b2bd93e89968afecaaf273,2026-10-02T12:11:56+00:00,press/press.bmwgroup.com/discovery/article-T0297890EN_US.html.gz,ok,
bmw,,,press_release,"BMW Group Plant Spartanburg More than Doubles Capacity for Battery Assembly. 2020 BMW X5 xDrive45e Plug-In Hybrid Electric Vehicle Begins Production in Spartanburg, SC on August 1.",https://www.press.bmwgroup.com/usa/article/detail/T0299183EN_US/bmw-group-plant-spartanburg-more-than-doubles-capacity-for-battery-assembly-2020-bmw-x5-xdrive45e-plug-in-hybrid-electric-vehicle-begins-production-in-spartanburg-sc-on-august-1,200,62026,7c3b31a8750e84c709336327db872e4948a51d81628c35a3820ade1a4b25f11e,2026-10-02T12:12:01+00:00,press/press.bmwgroup.com/discovery/article-T0299183EN_US.html.gz,ok,
bmw,,,press_release,BMW Model Year 2020 Update Information.,https://www.press.bmwgroup.com/usa/article/detail/T0299940EN_US/bmw-model-year-2020-update-information,200,138478,3f202ec28beebee92e1bd4a91264481bb97fd913963c899ab71683c226a1eef1,2026-10-02T12:12:07+00:00,press/press.bmwgroup.com/discovery/article-T0299940EN_US.html.gz,ok,
bmw,,,press_release,BMW Expands 530e Sedan Inductive Charging Pilot Program to U.S.,https://www.press.bmwgroup.com/usa/article/detail/T0299828EN_US/bmw-expands-530e-sedan-inductive-charging-pilot-program-to-u-s,200,75028,47993ea49983b60ec280401d14e60a269e949ef013869ec1ee2c150345d5d09e,2026-10-02T12:12:11+00:00,press/press.bmwgroup.com/discovery/article-T0299828EN_US.html.gz,ok,
bmw,,,press_release,The new 2020 BMW X5 M and X6 M.,https://www.press.bmwgroup.com/usa/article/detail/T0301383EN_US/the-new-2020-bmw-x5-m-and-x6-m,200,100215,c9fdb92e8b035569217d2838afe73dfede732d12d4e25160ca1efcd73aa0500f,2026-10-02T12:12:17+00:00,press/press.bmwgroup.com/discovery/article-T0301383EN_US.html.gz,ok,
bmw,,,press_release,Three All-New BMW Vehicles to Make World Premieres at Automobility LA.,https://www.press.bmwgroup.com/usa/article/detail/T0302630EN_US/three-all-new-bmw-vehicles-to-make-world-premieres-at-automobility-la,200,65289,7fb2c1af716a4a40257928fdd50f68f1812487a6a34be0c584c420ee29a14894,2026-10-02T12:12:22+00:00,press/press.bmwgroup.com/discovery/article-T0302630EN_US.html.gz,ok,
bmw,,,press_release,Model Year 2020 – Pricing And Equipment Updates,https://www.press.bmwgroup.com/usa/article/detail/T0303024EN_US/model-year-2020-–-pricing-and-equipment-updates,200,72487,b181934640ce87096d3ccfa2a17b5a44d35ea3a86e6448ca5d71117d8408d5ca,2026-10-02T12:12:26+00:00,press/press.bmwgroup.com/discovery/article-T0303024EN_US.html.gz,ok,final_url=https://www.press.bmwgroup.com/usa/article/detail/T0303024EN_US/model-year-2020-%E2%80%93-pricing-and-equipment-updates
bmw,,,press_release,BMW 530e Inductive Charging Pilot Program Named Green Car Journal’s 2020 Green Car Technology of the Year.,https://www.press.bmwgroup.com/usa/article/detail/T0304927EN_US/bmw-530e-inductive-charging-pilot-program-named-green-car-journal’s-2020-green-car-technology-of-the-year,200,57897,d347e490cf710d4f030dcd61b7116e9b7bb3e5cebfe228d352018084f57161e5,2026-10-02T12:12:31+00:00,press/press.bmwgroup.com/discovery/article-T0304927EN_US.html.gz,ok,final_url=https://www.press.bmwgroup.com/usa/article/detail/T0304927EN_US/bmw-530e-inductive-charging-pilot-program-named-green-car-journal%E2%80%99s-2020-green-car-technology-of-the-year
bmw,,,press_release,The 2021 BMW 330e and 330e xDrive PHEV Sedans,https://www.press.bmwgroup.com/usa/article/detail/T0307067EN_US/the-2021-bmw-330e-and-330e-xdrive-phev-sedans,200,100783,c00ec7aa641a5165d6549da8f20905a79ddf737778e6527fa5e1682c40d3e6f6,2026-10-02T12:12:35+00:00,press/press.bmwgroup.com/discovery/article-T0307067EN_US.html.gz,ok,
bmw,,,press_release,The New 2021 BMW ALPINA XB7; First Class Adventures at Warp-Speed.,https://www.press.bmwgroup.com/usa/article/detail/T0308635EN_US/the-new-2021-bmw-alpina-xb7;-first-class-adventures-at-warp-speed,200,97050,2bb153e5856c9358c7aafd66716a86dc073655003f0ec87bf52ed00a001f5c0b,2026-10-02T12:12:39+00:00,press/press.bmwgroup.com/discovery/article-T0308635EN_US.html.gz,ok,
bmw,,,press_release,The New 2021 BMW 5 Series Sedan.,https://www.press.bmwgroup.com/usa/article/detail/T0308911EN_US/the-new-2021-bmw-5-series-sedan,200,153308,dfae6ab728639ec6ddb4dcdb99526e5515a8e7bd00e401eb1037b11634ef7492,2026-10-02T12:12:42+00:00,press/press.bmwgroup.com/discovery/article-T0308911EN_US.html.gz,ok,
bmw,,,press_release,The 2021 BMW X5 xDrive45e PHEV Sports Activity Vehicle.,https://www.press.bmwgroup.com/usa/article/detail/T0309345EN_US/the-2021-bmw-x5-xdrive45e-phev-sports-activity-vehicle,200,95012,6942a683cb43627a087e412d2d12cbe27fb8258589f1005e470d7cae17c5afed,2026-10-02T12:12:47+00:00,press/press.bmwgroup.com/discovery/article-T0309345EN_US.html.gz,ok,
bmw,,,press_release,The New 2021 BMW M5 Sedan,https://www.press.bmwgroup.com/usa/article/detail/T0309541EN_US/the-new-2021-bmw-m5-sedan,200,95158,9fa55a655c87d48133566626519c2873b3a45ea829fd83205c5fa9ab13100d13,2026-10-02T12:12:52+00:00,press/press.bmwgroup.com/discovery/article-T0309541EN_US.html.gz,ok,
bmw,,,press_release,The 2021 BMW X7 Dark Shadow Edition,https://www.press.bmwgroup.com/usa/article/detail/T0312005EN_US/the-2021-bmw-x7-dark-shadow-edition,200,80804,c52520ce0bc60372b073383b8c8d32f9f2cd0d6d21031ef15a0e2bf620518f3b,2026-10-02T12:12:54+00:00,press/press.bmwgroup.com/discovery/article-T0312005EN_US.html.gz,ok,
bmw,,,press_release,BMW X6 M and X7 Selected for two Wards 10 Best Awards for 2020.,https://www.press.bmwgroup.com/usa/article/detail/T0312570EN_US/bmw-x6-m-and-x7-selected-for-two-wards-10-best-awards-for-2020,200,59817,ac9c5f31fde11996333725f50c1071933017a9d2f37e2d141fe8359de64b061b,2026-10-02T12:12:59+00:00,press/press.bmwgroup.com/discovery/article-T0312570EN_US.html.gz,ok,
bmw,,,press_release,ALPINA XB7 BEGINS REGULAR PRODUCTION; 2020 POSITIONS SOLD OUT.,https://www.press.bmwgroup.com/usa/article/detail/T0313580EN_US/alpina-xb7-begins-regular-production;-2020-positions-sold-out,200,61102,eec864b9975fffea23506f50c66f62063eaa6b3a2f5307d78db9ac105542d2f9,2026-10-02T12:13:04+00:00,press/press.bmwgroup.com/discovery/article-T0313580EN_US.html.gz,ok,
bmw,,,press_release,BMW Model Year 2021 Update Information.,https://www.press.bmwgroup.com/usa/article/detail/T0313581EN_US/bmw-model-year-2021-update-information,200,143683,4d78806f904d73ee9e75b12ea4bb1464519ec4f6567548f56fcce24f9aa95db2,2026-10-02T12:13:07+00:00,press/press.bmwgroup.com/discovery/article-T0313581EN_US.html.gz,ok,
bmw,,,press_release,BMW Team RLL Looking to Maintain Podium Momentum at VIR; BMW X5 M to Serve as Safety and Pace Cars.,https://www.press.bmwgroup.com/usa/article/detail/T0314305EN_US/bmw-team-rll-looking-to-maintain-podium-momentum-at-vir;-bmw-x5-m-to-serve-as-safety-and-pace-cars,200,61564,fb4b2ca33417c44fc6519cffbe00dbb442fe83a5c4bf2bb65d14f062e182ee08,2026-10-02T12:13:13+00:00,press/press.bmwgroup.com/discovery/article-T0314305EN_US.html.gz,ok,
bmw,,,press_release,The New 2021 BMW M3 Sedan and M4 Coupe,https://www.press.bmwgroup.com/usa/article/detail/T0317577EN_US/the-new-2021-bmw-m3-sedan-and-m4-coupe,200,122188,04b0fe4fbf40d6a3bf9966c792b163338fff5331bef99e78ca55f21f90605a55,2026-10-02T12:13:19+00:00,press/press.bmwgroup.com/discovery/article-T0317577EN_US.html.gz,ok,
bmw,,,press_release,The new BMW M5 CS,https://www.press.bmwgroup.com/usa/article/detail/T0325006EN_US/the-new-bmw-m5-cs,200,86908,6d2726e72a9ea58872bf935086c516ddcce66a6e738f1125ff1b5f86a189699a,2026-10-02T12:13:23+00:00,press/press.bmwgroup.com/discovery/article-T0325006EN_US.html.gz,ok,
bmw,,,press_release,The New 2022 BMW M3 Competition xDrive Sedan and M4 Competition xDrive Coupe,https://www.press.bmwgroup.com/usa/article/detail/T0330025EN_US/the-new-2022-bmw-m3-competition-xdrive-sedan-and-m4-competition-xdrive-coupe,200,86328,191377217234916a57b08d4d1d2d498f6c0feaf071f7349c46fa4401b0e886be,2026-10-02T12:13:27+00:00,press/press.bmwgroup.com/discovery/article-T0330025EN_US.html.gz,ok,
bmw,,,press_release,Sustainable tires for BMW X5 Plug-in Hybrid: BMW Group becomes first automotive manufacturer to use new Pirelli tires containing FSC-certified natural rubber and rayon.,https://www.press.bmwgroup.com/usa/article/detail/T0332932EN_US/sustainable-tires-for-bmw-x5-plug-in-hybrid:-bmw-group-becomes-first-automotive-manufacturer-to-use-new-pirelli-tires-containing-fsc-certified-natural-rubber-and-rayon,200,68068,670a4592f5551e075c00c48b4238a8b627d554b4697ff1210d8106a20b0356fd,2026-10-02T12:13:32+00:00,press/press.bmwgroup.com/discovery/article-T0332932EN_US.html.gz,ok,
bmw,,,press_release,2022 Model Year BMW Motorcycle Update Guide,https://www.press.bmwgroup.com/usa/article/detail/T0336732EN_US/2022-model-year-bmw-motorcycle-update-guide,200,77172,60a6ebe7ee0708e6e72820d79b5728c52f2669159effa2ddd6339de614ec43ce,2026-10-02T12:13:37+00:00,press/press.bmwgroup.com/discovery/article-T0336732EN_US.html.gz,ok,
bmw,,,press_release,The 2022 BMW X5 Black Vermilion Edition.,https://www.press.bmwgroup.com/usa/article/detail/T0337749EN_US/the-2022-bmw-x5-black-vermilion-edition,200,58973,ec858d559b8a44d0c2ccd6012cadbf687ba3f8e1c8be75ea9f69f4c8ff5e8a74,2026-10-02T12:13:41+00:00,press/press.bmwgroup.com/discovery/article-T0337749EN_US.html.gz,ok,
bmw,,,press_release,2021 BMW Summer Technology Updates.,https://www.press.bmwgroup.com/usa/article/detail/T0344693EN_US/2021-bmw-summer-technology-updates,200,60278,0e9e658fb7aee3f6fbd1733e0e17af8feca4adbb4c94f247b16f4cdb7f9fdefa,2026-10-02T12:13:46+00:00,press/press.bmwgroup.com/discovery/article-T0344693EN_US.html.gz,ok,
bmw,,,press_release,2021 BMW Fall Technology Updates,https://www.press.bmwgroup.com/usa/article/detail/T0362920EN_US/2021-bmw-fall-technology-updates,200,59779,29de8732e4f8bdaaf0946c782d26b61d6ffd7e9d6d7ee62ba6086613636e890f,2026-10-02T12:13:50+00:00,press/press.bmwgroup.com/discovery/article-T0362920EN_US.html.gz,ok,
bmw,,,press_release,The 2022 BMW M760i Final V12.,https://www.press.bmwgroup.com/usa/article/detail/T0364453EN_US/the-2022-bmw-m760i-final-v12,200,59227,3633044ebab691da971b1b4f6b345d4216108e7c141f2c7666fbe124c19b9fa4,2026-10-02T12:13:55+00:00,press/press.bmwgroup.com/discovery/article-T0364453EN_US.html.gz,ok,
bmw,,,press_release,BMW Technology Updates for Spring 2022.,https://www.press.bmwgroup.com/usa/article/detail/T0374153EN_US/bmw-technology-updates-for-spring-2022,200,58191,bdf34ab8def265352797b6cc5f15f7f8575e5f182bcd44cd3781ae9a21a1b08d,2026-10-02T12:14:00+00:00,press/press.bmwgroup.com/discovery/article-T0374153EN_US.html.gz,ok,
bmw,,,press_release,The New BMW X7.,https://www.press.bmwgroup.com/usa/article/detail/T0380774EN_US/the-new-bmw-x7,200,95026,34b7eddb4f835fe32cbcf884ea2fa6d27c5777f71a35a44d19c28b50a739732b,2026-10-02T12:14:05+00:00,press/press.bmwgroup.com/discovery/article-T0380774EN_US.html.gz,ok,
bmw,,,press_release,The new BMW 7 Series.,https://www.press.bmwgroup.com/usa/article/detail/T0382613EN_US/the-new-bmw-7-series,200,167046,64625e2d7e681badd6dff5d2c59067d59876a626c22aea9dc8f3dd5cf5caf579,2026-10-02T12:14:09+00:00,press/press.bmwgroup.com/discovery/article-T0382613EN_US.html.gz,ok,
bmw,,,press_release,The new BMW 3 Series.,https://www.press.bmwgroup.com/usa/article/detail/T0390493EN_US/the-new-bmw-3-series,200,76212,1fee9f4435194a7db1fd69ffa603d9272aefa3d8fd6e93a2306ac6276ed1ccc4,2026-10-02T12:14:13+00:00,press/press.bmwgroup.com/discovery/article-T0390493EN_US.html.gz,ok,
bmw,,,press_release,The BMW M3 Edition 50 Jahre BMW M.,https://www.press.bmwgroup.com/usa/article/detail/T0393133EN_US/the-bmw-m3-edition-50-jahre-bmw-m,200,60058,77c250b829bdf3bc49fec1b4756454c9431c85c8b162fa0c6191c1a9f924a997,2026-10-02T12:14:16+00:00,press/press.bmwgroup.com/discovery/article-T0393133EN_US.html.gz,ok,
bmw,,,press_release,The 2023 BMW ALPINA XB7: The Force of Emotions.,https://www.press.bmwgroup.com/usa/article/detail/T0403875EN_US/the-2023-bmw-alpina-xb7:-the-force-of-emotions,200,88922,f21d5357e17fac311f80bd6870c55befd8e63be27c8d79e49cf78835530e75bd,2026-10-02T12:14:20+00:00,press/press.bmwgroup.com/discovery/article-T0403875EN_US.html.gz,ok,
bmw,,,press_release,HERE HD Live Map Powers hands-free driving and routing functionalities in the new BMW 7 Series.,https://www.press.bmwgroup.com/usa/article/detail/T0405508EN_US/here-hd-live-map-powers-hands-free-driving-and-routing-functionalities-in-the-new-bmw-7-series,200,59796,840ae1f8da7c9c04bd5989bc4e191a77a289542907c3cf14760c93002d423897,2026-10-02T12:14:23+00:00,press/press.bmwgroup.com/discovery/article-T0405508EN_US.html.gz,ok,
bmw,,,press_release,"The BMW M3 CS: Lighter, Stronger, Faster.",https://www.press.bmwgroup.com/usa/article/detail/T0407854EN_US/the-bmw-m3-cs:-lighter-stronger-faster,200,84563,64769eb5adf2fcf88b344e6260839adb92506d43949749e06ce91f0720644427,2026-10-02T12:14:27+00:00,press/press.bmwgroup.com/discovery/article-T0407854EN_US.html.gz,ok,
bmw,,,press_release,BMW Model Updates for Spring 2023.,https://www.press.bmwgroup.com/usa/article/detail/T0407990EN_US/bmw-model-updates-for-spring-2023,200,63172,200cd14c198b380e5e8bd905317d16f29319cda88d9c3051094b4902e8c13006,2026-10-02T12:14:33+00:00,press/press.bmwgroup.com/discovery/article-T0407990EN_US.html.gz,ok,
bmw,,,press_release,The 2024 BMW X5 and X6.,https://www.press.bmwgroup.com/usa/article/detail/T0408460EN_US/the-2024-bmw-x5-and-x6,200,131605,1d92d5e09ddf6f0b0a40340256a8215c0528563ea7341d7ff931304bf6dc7405,2026-10-02T12:14:38+00:00,press/press.bmwgroup.com/discovery/article-T0408460EN_US.html.gz,ok,
bmw,,,press_release,The 2024 BMW X5 M Competition and X6 M Competition.,https://www.press.bmwgroup.com/usa/article/detail/T0409477EN_US/the-2024-bmw-x5-m-competition-and-x6-m-competition,200,95531,4e5276939bc47aef795d791bc4a0fbbc1f3290cf25764ef955a57d30796a9acb,2026-10-02T12:14:42+00:00,press/press.bmwgroup.com/discovery/article-T0409477EN_US.html.gz,ok,
bmw,,,press_release,"Digital, dynamic, and now also fully electric:  the BMW 5 Series enters a new era.",https://www.press.bmwgroup.com/usa/article/detail/T0411032EN_US/digital-dynamic-and-now-also-fully-electric:-the-bmw-5-series-enters-a-new-era,200,60292,3a9cdc8ac20cb29518ff3725d3f397037e97d8cd3e0d20ef8a4195862eac9417,2026-10-02T12:14:46+00:00,press/press.bmwgroup.com/discovery/article-T0411032EN_US.html.gz,ok,
bmw,,,press_release,BMW Model Updates for Summer 2023.,https://www.press.bmwgroup.com/usa/article/detail/T0418502EN_US/bmw-model-updates-for-summer-2023,200,61662,bfa464df53dc4d6800bee914a105ebccbb454cffd61babd4575f91ed621c1c01,2026-10-02T12:14:50+00:00,press/press.bmwgroup.com/discovery/article-T0418502EN_US.html.gz,ok,
bmw,,,press_release,The All-New 2024 BMW 5 Series.,https://www.press.bmwgroup.com/usa/article/detail/T0418778EN_US/the-all-new-2024-bmw-5-series,200,128528,1d426816c96d9efefd8bc439491c75c883797e47cafd80c9b849a62716cc0626,2026-10-02T12:14:55+00:00,press/press.bmwgroup.com/discovery/article-T0418778EN_US.html.gz,ok,
bmw,,,press_release,New BMW 5 Series launches with AirConsole gaming platform.,https://www.press.bmwgroup.com/usa/article/detail/T0419599EN_US/new-bmw-5-series-launches-with-airconsole-gaming-platform,200,59808,ae80f615087a816ab68c7f696ba55d1d8fb50202b61d333425efe590dafef35f,2026-10-02T12:15:00+00:00,press/press.bmwgroup.com/discovery/article-T0419599EN_US.html.gz,ok,
bmw,,,press_release,The new BMW 5 Series - Additional Media Assets.,https://www.press.bmwgroup.com/usa/article/detail/T0437446EN_US/the-new-bmw-5-series-additional-media-assets,200,52059,2c8921bd651b49d2d6d53419a327b4c332877e32b8447b3bcde7feca537741d8,2026-10-02T12:15:02+00:00,press/press.bmwgroup.com/discovery/article-T0437446EN_US.html.gz,ok,
bmw,,,press_release,BMW model update measures for spring 2024.,https://www.press.bmwgroup.com/usa/article/detail/T0439355EN_US/bmw-model-update-measures-for-spring-2024,200,61896,4e38e2d31bf8f16ce0f4b03da2b354e0dd50a107f990f69ea30968d982012435,2026-10-02T12:15:07+00:00,press/press.bmwgroup.com/discovery/article-T0439355EN_US.html.gz,ok,
bmw,,,press_release,Access granted: The BMW M5 Touring comes to America for the first time.,https://www.press.bmwgroup.com/usa/article/detail/T0440863EN_US/access-granted:-the-bmw-m5-touring-comes-to-america-for-the-first-time,200,59383,90ecf68367a5efe9c3a646c8b767b09726f2d1c640f1c9736c64d3280bedf749,2026-10-02T12:15:11+00:00,press/press.bmwgroup.com/discovery/article-T0440863EN_US.html.gz,ok,
bmw,,,press_release,The new 2025 BMW 3 Series.,https://www.press.bmwgroup.com/usa/article/detail/T0442407EN_US/the-new-2025-bmw-3-series,200,99119,c4547df5f883d464a96894b5024424470b9abb67b264a38002f095ac65458d43,2026-10-02T12:15:15+00:00,press/press.bmwgroup.com/discovery/article-T0442407EN_US.html.gz,ok,
bmw,,,press_release,The new 2025 BMW M3.,https://www.press.bmwgroup.com/usa/article/detail/T0442408EN_US/the-new-2025-bmw-m3,200,95546,5324dbadad50cb4fcbd2cacd4e0083a882042d77a2111fba5ddd1aaa448bb7ba,2026-10-02T12:15:19+00:00,press/press.bmwgroup.com/discovery/article-T0442408EN_US.html.gz,ok,
bmw,,,press_release,BMW model update measures for summer 2024.,https://www.press.bmwgroup.com/usa/article/detail/T0442600EN_US/bmw-model-update-measures-for-summer-2024,200,59974,dda4d049c1c147e347c7cb0b3133af530f5fded2c2b59b08a63701aafcf2dfbb,2026-10-02T12:15:22+00:00,press/press.bmwgroup.com/discovery/article-T0442600EN_US.html.gz,ok,
bmw,,,press_release,The BMW X5 Silver Anniversary Edition: celebrating 25 years of the BMW X5.,https://www.press.bmwgroup.com/usa/article/detail/T0443261EN_US/the-bmw-x5-silver-anniversary-edition:-celebrating-25-years-of-the-bmw-x5,200,61545,1a50b1b1005130f3ffd52319ecb6350e755909ded605ce256f09b5cebfcaa3f9,2026-10-02T12:15:25+00:00,press/press.bmwgroup.com/discovery/article-T0443261EN_US.html.gz,ok,
bmw,,,press_release,The All-New 2025 BMW M5.,https://www.press.bmwgroup.com/usa/article/detail/T0443395EN_US/the-all-new-2025-bmw-m5,200,117943,268d39eaa803c52617f5c038e580b307e5c5cf265de47b6c7e42d28d931c33cd,2026-10-02T12:15:30+00:00,press/press.bmwgroup.com/discovery/article-T0443395EN_US.html.gz,ok,
bmw,,,press_release,2025 BMW M5 Pebble Beach Concours d’Elegance #1/1 to be Live Auctioned for Charity by Auction House Gooding & Company During Pebble Beach Automotive Week,https://www.press.bmwgroup.com/usa/article/detail/T0443990EN_US/2025-bmw-m5-pebble-beach-concours-d’elegance-1/1-to-be-live-auctioned-for-charity-by-auction-house-gooding-company-during-pebble-beach-automotive-week,200,63852,531a619c2f6209feb8bff7587a3c8b2f9aaf0d284d1b2698c4d87bf5e3fdc0ea,2026-10-02T12:15:33+00:00,press/press.bmwgroup.com/discovery/article-T0443990EN_US.html.gz,ok,final_url=https://www.press.bmwgroup.com/usa/article/detail/T0443990EN_US/2025-bmw-m5-pebble-beach-concours-d%E2%80%99elegance-1/1-to-be-live-auctioned-for-charity-by-auction-house-gooding-company-during-pebble-beach-automotive-week
bmw,,,press_release,The All-New 2025 BMW M5 Touring.,https://www.press.bmwgroup.com/usa/article/detail/T0444418EN_US/the-all-new-2025-bmw-m5-touring,200,122689,63af8e8abf6a176de20b77a74dbc539eaf02e0c4391bc385bc105ff905fac0b7,2026-10-02T12:15:36+00:00,press/press.bmwgroup.com/discovery/article-T0444418EN_US.html.gz,ok,
bmw,,,press_release,The all-new BMW M5 - Additional Media Assets.,https://www.press.bmwgroup.com/usa/article/detail/T0446021EN_US/the-all-new-bmw-m5-additional-media-assets,200,51761,455bb6b9820e086dd3278ea339f349f104a8565af8270bd4f956337d880e6a6b,2026-10-02T12:15:41+00:00,press/press.bmwgroup.com/discovery/article-T0446021EN_US.html.gz,ok,
bmw,,,press_release,The all-new BMW M5 Touring- Additional Media Assets,https://www.press.bmwgroup.com/usa/article/detail/T0446229EN_US/the-all-new-bmw-m5-touring-additional-media-assets,200,52041,3ea17ff41d35d47ae8976d0a69c436116332f7f139bb4547c6d7283fb1e522ac,2026-10-02T12:15:44+00:00,press/press.bmwgroup.com/discovery/article-T0446229EN_US.html.gz,ok,
bmw,,,press_release,The all-new BMW M5 Touring - Additional Media Assets.,https://www.press.bmwgroup.com/usa/article/detail/T0445955EN/the-all-new-bmw-m5-touring-additional-media-assets,200,55484,124347c30261a62e9da22e500ff1cc4c5ac3d071cd13050390b3052da8ea6eb2,2026-10-02T12:15:49+00:00,press/press.bmwgroup.com/discovery/article-587a5b6ac5ee.html.gz,ok,
bmw,,,press_release,BMW NA 50th Anniversary | 50 Stories for 50 Years  Chapter 7: “Replacing an Icon: The First 3 Series Arrives in the US”.,https://www.press.bmwgroup.com/usa/article/detail/T0448150EN_US/bmw-na-50th-anniversary-|-50-stories-for-50-years-chapter-7:-“replacing-an-icon:-the-first-3-series-arrives-in-the-us”,200,61315,d2593de50e9e657f936783217beef962dbdbe2b38991f750d1312f6f095b35e1,2026-10-02T12:15:54+00:00,press/press.bmwgroup.com/discovery/article-T0448150EN_US.html.gz,ok,final_url=https://www.press.bmwgroup.com/usa/article/detail/T0448150EN_US/bmw-na-50th-anniversary-|-50-stories-for-50-years-chapter-7:-%E2%80%9Creplacing-an-icon:-the-first-3-series-arrives-in-the-us%E2%80%9D
bmw,,,press_release,BMW model updates for spring 2025.,https://www.press.bmwgroup.com/usa/article/detail/T0449456EN_US/bmw-model-updates-for-spring-2025,200,58465,0b864f0e58e0feaace9a832042f44fbe8fae6e4dbb2834e98be20a9711686d1f,2026-10-02T12:15:58+00:00,press/press.bmwgroup.com/discovery/article-T0449456EN_US.html.gz,ok,
bmw,,,press_release,BMW NA 50th Anniversary | 50 Stories for 50 Years  Chapter 17: “BMW M Achieves Wide Appeal: Unique E36 M3 Models for the U.S.”,https://www.press.bmwgroup.com/usa/article/detail/T0449845EN_US/bmw-na-50th-anniversary-|-50-stories-for-50-years-chapter-17:-“bmw-m-achieves-wide-appeal:-unique-e36-m3-models-for-the-u-s-”,200,69853,658941fdb2c58c1dabe7929434bc155c63e8af18f0f6dd46bed0fe41daafe62d,2026-10-02T12:16:03+00:00,press/press.bmwgroup.com/discovery/article-T0449845EN_US.html.gz,ok,final_url=https://www.press.bmwgroup.com/usa/article/detail/T0449845EN_US/bmw-na-50th-anniversary-|-50-stories-for-50-years-chapter-17:-%E2%80%9Cbmw-m-achieves-wide-appeal:-unique-e36-m3-models-for-the-u-s-%E2%80%9D
bmw,,,press_release,"BMW NA 50th Anniversary | 50 Stories for 50 Years  Chapter 23: “Activity, Not Utility: The X5 is Born”.",https://www.press.bmwgroup.com/usa/article/detail/T0450673EN_US/bmw-na-50th-anniversary-|-50-stories-for-50-years-chapter-23:-“activity-not-utility:-the-x5-is-born”,200,73478,4d0e4856e2c9c0c6c13c261f5487c22f84ca1571ce066590a07874d67d46bca8,2026-10-02T12:16:06+00:00,press/press.bmwgroup.com/discovery/article-T0450673EN_US.html.gz,ok,final_url=https://www.press.bmwgroup.com/usa/article/detail/T0450673EN_US/bmw-na-50th-anniversary-|-50-stories-for-50-years-chapter-23:-%E2%80%9Cactivity-not-utility:-the-x5-is-born%E2%80%9D
bmw,,,press_release,BMW of North America and The Petersen Automotive Museum Celebrate 50 Years of the 3 Series in a New Exhibit.,https://www.press.bmwgroup.com/usa/article/detail/T0451411EN_US/bmw-of-north-america-and-the-petersen-automotive-museum-celebrate-50-years-of-the-3-series-in-a-new-exhibit,200,72178,f4602bdcec5c4eb991fc822ffb967a50855c2537e3b88559e7507daa9e209104,2026-10-02T12:16:11+00:00,press/press.bmwgroup.com/discovery/article-T0451411EN_US.html.gz,ok,
bmw,,,press_release,BMW NA 50th Anniversary | 50 Stories for 50 Years  Chapter 29: “The Third Generation BMW M5 [E39] V8 Power for the Executive Express,https://www.press.bmwgroup.com/usa/article/detail/T0451555EN_US/bmw-na-50th-anniversary-|-50-stories-for-50-years-chapter-29:-“the-third-generation-bmw-m5-e39-v8-power-for-the-executive-express,200,73522,73529d7da6474db687d804a33571c4555ef595e14c173d7979e61b4a9c6d393f,2026-10-02T12:16:14+00:00,press/press.bmwgroup.com/discovery/article-T0451555EN_US.html.gz,ok,final_url=https://www.press.bmwgroup.com/usa/article/detail/T0451555EN_US/bmw-na-50th-anniversary-|-50-stories-for-50-years-chapter-29:-%E2%80%9Cthe-third-generation-bmw-m5-e39-v8-power-for-the-executive-express
bmw,,,press_release,BMW of North America Returns for the 2025 Rebelle Rally in the BMW X5.,https://www.press.bmwgroup.com/usa/article/detail/T0453219EN_US/bmw-of-north-america-returns-for-the-2025-rebelle-rally-in-the-bmw-x5,200,60451,07f4505db194c3d6c5697eff586d1f4c78a712b2b8a5944dc4b7847c65f36732,2026-10-02T12:16:17+00:00,press/press.bmwgroup.com/discovery/article-T0453219EN_US.html.gz,ok,
bmw,,,press_release,BMW NA 50th Anniversary | 50 Stories for 50 Years  Chapter 41: “The BMW X7: The U.S. Market Always Wants More.”,https://www.press.bmwgroup.com/usa/article/detail/T0453296EN_US/bmw-na-50th-anniversary-|-50-stories-for-50-years-chapter-41:-“the-bmw-x7:-the-u-s-market-always-wants-more-”,200,70516,ad65c6aa3cf15d9f2d84ce4d4c1a2890a0728de42535c14cc295bc86378c0c22,2026-10-02T12:16:22+00:00,press/press.bmwgroup.com/discovery/article-T0453296EN_US.html.gz,ok,final_url=https://www.press.bmwgroup.com/usa/article/detail/T0453296EN_US/bmw-na-50th-anniversary-|-50-stories-for-50-years-chapter-41:-%E2%80%9Cthe-bmw-x7:-the-u-s-market-always-wants-more-%E2%80%9D
bmw,,,press_release,The BMW X5 Conquers the Rebelle Rally.,https://www.press.bmwgroup.com/usa/article/detail/T0453474EN_US/the-bmw-x5-conquers-the-rebelle-rally,200,58885,11bd76a2db4d6a567952a4045f5e09a2644ee8d4b69531aadf73fb2d16d8c03c,2026-10-02T12:16:26+00:00,press/press.bmwgroup.com/discovery/article-T0453474EN_US.html.gz,ok,
bmw,,,press_release,2026 BMW i4 update measures.,https://www.press.bmwgroup.com/usa/article/detail/T0453773EN_US/2026-bmw-i4-update-measures,200,59694,2c0310695b1bf6a62e29871bc0a09982857fe8f6ba6c4cdc8aa8585b1bb7c5ba,2026-10-02T12:16:30+00:00,press/press.bmwgroup.com/discovery/article-T0453773EN_US.html.gz,ok,
bmw,,,press_release,The 2026 BMW M340i xDrive 50 Jahre Edition.,https://www.press.bmwgroup.com/usa/article/detail/T0453931EN_US/the-2026-bmw-m340i-xdrive-50-jahre-edition,200,71615,ed0507848b6045b22929688e51aab77a3bdf9e27b44627495498d357e80a271d,2026-10-02T12:16:34+00:00,press/press.bmwgroup.com/discovery/article-T0453931EN_US.html.gz,ok,
bmw,,,press_release,"BMW Debuts Exclusive New ALPINA Model at the 31st Amelia Concours 2026, Alongside 40 Years of the BMW M3.",https://www.press.bmwgroup.com/usa/article/detail/T0455932EN_US/bmw-debuts-exclusive-new-alpina-model-at-the-31st-amelia-concours-2026-alongside-40-years-of-the-bmw-m3,200,64968,ed92c211745c5bbc9b1ff91125225657ce8e9865342450fa2baef7a56e4faca7,2026-10-02T12:16:38+00:00,press/press.bmwgroup.com/discovery/article-T0455932EN_US.html.gz,ok,
bmw,,,press_release,"2026 BMW ALPINA XB7 MANUFAKTUR: Limited to 120 Units, Marking the Close of a Chapter.",https://www.press.bmwgroup.com/usa/article/detail/T0456017EN_US/2026-bmw-alpina-xb7-manufaktur:-limited-to-120-units-marking-the-close-of-a-chapter,200,62355,95c1e1a85a3d76dcefd92e7de6e797bbb9436d3073209f5bd10969d8870cf4a4,2026-10-02T12:16:41+00:00,press/press.bmwgroup.com/discovery/article-T0456017EN_US.html.gz,ok,
bmw,,,press_release,From April Fools’ joke to the Nordschleife: The BMW M3 Touring 24H will compete in the 24h Nürburgring 2026.,https://www.press.bmwgroup.com/usa/article/detail/T0456355EN_US/from-april-fools’-joke-to-the-nordschleife:-the-bmw-m3-touring-24h-will-compete-in-the-24h-nuerburgring-2026,200,62741,a3db9f119b95d1d2ab4eef1568764c4562f3ad11d71a9d54bb760bbd6dc083da,2026-10-02T12:16:47+00:00,press/press.bmwgroup.com/discovery/article-T0456355EN_US.html.gz,ok,final_url=https://www.press.bmwgroup.com/usa/article/detail/T0456355EN_US/from-april-fools%E2%80%99-joke-to-the-nordschleife:-the-bmw-m3-touring-24h-will-compete-in-the-24h-nuerburgring-2026
bmw,,,press_release,A New Era of Luxury Arrives: The New BMW 7 Series to Make World Premiere at Grand Central Terminal in New York City.,https://www.press.bmwgroup.com/usa/article/detail/T0457283EN_US/a-new-era-of-luxury-arrives:-the-new-bmw-7-series-to-make-world-premiere-at-grand-central-terminal-in-new-york-city,200,57616,1511d1c9053c85d3c6d483a7b2c54f0544a8888857f2211becd0876be1192be0,2026-10-02T12:16:50+00:00,press/press.bmwgroup.com/discovery/article-T0457283EN_US.html.gz,ok,
bmw,,,press_release,The New BMW 7 Series.,https://www.press.bmwgroup.com/usa/article/detail/T0457293EN_US/the-new-bmw-7-series,200,121851,5d1c208049a30bdfb6d674fdede1772bb71b4713b0f563189607289edd234e99,2026-10-02T12:16:53+00:00,press/press.bmwgroup.com/discovery/article-T0457293EN_US.html.gz,ok,
bmw,,,press_release,"The BMW M3 CS Handschalter: A manual, rear-wheel-drive sendoff for the sixth-generation M3.",https://www.press.bmwgroup.com/usa/article/detail/T0457851EN_US/the-bmw-m3-cs-handschalter:-a-manual-rear-wheel-drive-sendoff-for-the-sixth-generation-m3,200,65586,d0abbd2746881ac0ca8ab5fc4f37257d3aa5c1029d5019926b1f050cfd821603,2026-10-02T12:16:57+00:00,press/press.bmwgroup.com/discovery/article-T0457851EN_US.html.gz,ok,
bmw,,,press_release,"BMW Group Completes $1.7 Billion U.S. Investment and Premieres All New BMW X5 at “Home of X” Event in Spartanburg, SC.",https://www.press.bmwgroup.com/usa/article/detail/T0458940EN_US/bmw-group-completes-1-7-billion-u-s-investment-and-premieres-all-new-bmw-x5-at-“home-of-x”-event-in-spartanburg-sc,200,67682,918a39729c3b489a9c0c29ef1bcfec18324f4279fd3beda51db65850b9edbd91,2026-10-02T12:17:02+00:00,press/press.bmwgroup.com/discovery/article-T0458940EN_US.html.gz,ok,final_url=https://www.press.bmwgroup.com/usa/article/detail/T0458940EN_US/bmw-group-completes-1-7-billion-u-s-investment-and-premieres-all-new-bmw-x5-at-%E2%80%9Chome-of-x%E2%80%9D-event-in-spartanburg-sc
bmw,,,press_release,The New BMW X5 and iX5.,https://www.press.bmwgroup.com/usa/article/detail/T0458814EN_US/the-new-bmw-x5-and-ix5,200,115618,fa1131f8832d7d354f83046a132bf25f07061b1e5f154686e12013f50424e554,2026-10-02T12:17:07+00:00,press/press.bmwgroup.com/discovery/article-T0458814EN_US.html.gz,ok,
bmw,,,press_release,"BMW Sets Monterey Car Week 2026 Program with the Debuts of the BMW M Concept Neue Klasse and Vison BMW ALPINA, M3 Milestones, and a New Chapter in the Kith for BMW Collaboration..",https://www.press.bmwgroup.com/usa/article/detail/T0459872EN_US/bmw-sets-monterey-car-week-2026-program-with-the-debuts-of-the-bmw-m-concept-neue-klasse-and-vison-bmw-alpina-m3-milestones-and-a-new-chapter-in-the-kith-for-bmw-collaboration,200,74831,b348692b49347da8dd97cd3f724176082af44f67d68a044b79bac6544700270a,2026-10-02T12:17:12+00:00,press/press.bmwgroup.com/discovery/article-T0459872EN_US.html.gz,ok,
bmw,,,press_release,"Cool as ICE, hot on the track: the new BMW 3 Series with four- and six-cylinder engines completes its final round of summer driving dynamics testing in Miramas.",https://www.press.bmwgroup.com/usa/article/detail/T0460558EN_US/cool-as-ice-hot-on-the-track:-the-new-bmw-3-series-with-four-and-six-cylinder-engines-completes-its-final-round-of-summer-driving-dynamics-testing-in-miramas,200,67303,834d226d4836121245e5aa7087c3fb337db4cedf7e2280bf5137e9cec0ca226b,2026-10-02T12:17:15+00:00,press/press.bmwgroup.com/discovery/article-T0460558EN_US.html.gz,ok,
bmw,,,press_release,BMW M Performance Parts and functional BMW accessories for the new BMW X5 and the first BMW iX5.,https://www.press.bmwgroup.com/usa/article/detail/T0460729EN_US/bmw-m-performance-parts-and-functional-bmw-accessories-for-the-new-bmw-x5-and-the-first-bmw-ix5,200,60935,3924124de20f5e8cbf6760f95dc18483effa3ed45209997e220b1e05b66341b4,2026-10-02T12:17:18+00:00,press/press.bmwgroup.com/discovery/article-T0460729EN_US.html.gz,ok,
bmw,,,press_release,The new BMW 3 Series.,https://www.press.bmwgroup.com/usa/article/detail/T0461093EN_US/the-new-bmw-3-series,200,144671,9abc1cafd9c459801df0e4c87bfa18c3865bdeb4114bebbeaf8c9d64db3f65ac,2026-10-02T12:17:23+00:00,press/press.bmwgroup.com/discovery/article-T0461093EN_US.html.gz,ok,
bmw,bmw/3-series,2016,attachment,MY16 320i,https://www.press.bmwgroup.com/usa/article/attachment/T0136050EN_US/356625,200,339669,4e4530686682be167b782f77a249844f399e5f00b1cb67fbb1b34f1d65fd7230,2026-10-02T12:17:52+00:00,press/press.bmwgroup.com/discovery/attachment-T0136050EN_US-356625.pdf,ok,not a specification sheet; article https://www.press.bmwgroup.com/usa/article/detail/T0136050EN_US/the-new-bmw-320i-sedan
bmw,bmw/3-series,2016,attachment,MY16 3 Series GT,https://www.press.bmwgroup.com/usa/article/attachment/T0136911EN_US/387796,200,550676,27f9c9c5b86e2a2d3309f483f610501948d8d7d5e424b464522b0846df80c3cc,2026-10-02T12:18:09+00:00,press/press.bmwgroup.com/discovery/attachment-T0136911EN_US-387796.pdf,ok,not a specification sheet; article https://www.press.bmwgroup.com/usa/article/detail/T0136911EN_US/the-all-new-bmw-3-series-gran-turismo
bmw,bmw/3-series,2016,attachment,MY16 BMW 3 Series Sedan,https://www.press.bmwgroup.com/usa/article/attachment/T0216443EN_US/391751,200,643067,d1f29636b09c71a90dc29a5ded332f0541b6cb0bae36fbf979a2cf6ef6721ec0,2026-10-02T12:20:00+00:00,press/press.bmwgroup.com/discovery/attachment-T0216443EN_US-391751.pdf,ok,not a specification sheet; article https://www.press.bmwgroup.com/usa/article/detail/T0216443EN_US/the-new-bmw-3-series-sedan-and-sports-wagon
bmw,bmw/3-series,2016,attachment,MY16 BMW 3 Series Sports Wagon,https://www.press.bmwgroup.com/usa/article/attachment/T0216443EN_US/391752,200,380046,51f3c0da2e417ec9ef2eb04ab67d5f48b3e5893ca009dec1524efc9774e083af,2026-10-02T12:20:05+00:00,press/press.bmwgroup.com/discovery/attachment-T0216443EN_US-391752.pdf,ok,not a specification sheet; article https://www.press.bmwgroup.com/usa/article/detail/T0216443EN_US/the-new-bmw-3-series-sedan-and-sports-wagon
bmw,bmw/3-series,2016,attachment,MY16 330e,https://www.press.bmwgroup.com/usa/article/attachment/T0258500EN_US/391760,200,359033,f1a28634bfc136515eed991c386793c0aec79107d94ddfe4233fc363853dc0f1,2026-10-02T12:20:57+00:00,press/press.bmwgroup.com/discovery/attachment-T0258500EN_US-391760.pdf,ok,not a specification sheet; article https://www.press.bmwgroup.com/usa/article/detail/T0258500EN_US/the-all-new-bmw-330e-iperformance
bmw,bmw/m5,2018,attachment,Firm Bayerische Motoren Werke Aktiengesellschaft  Postal Address BMW AG 80788 München  Telephone +49 89 382 39229  Internet: www.bmwgroup.com BMW teams up with Paramount Pictures_ new theatrical film_ “Mission: Impossible – Fallout_” with the BMW M5 appearing alongside Tom Cruise as Ethan Hunt in the action-packed film with spectacular car chases and stunts.,https://www.press.bmwgroup.com/usa/article/attachment/T0281968EN_US/409656,200,271527,7185ddff37132a7014f7786548e8a6a35c927e335418b457d2a8fa9305ecdf3d,2026-10-02T12:21:28+00:00,press/press.bmwgroup.com/discovery/attachment-T0281968EN_US-409656.pdf,ok,not a specification sheet; article https://www.press.bmwgroup.com/usa/article/detail/T0281968EN_US/bmw-teams-up-with-paramount-pictures’-new-theatrical-film-“mission:-impossible-–-fallout-”-with-the-bmw-m5-appearing-alongside-tom-cruise-as-ethan-hunt-in-the-action-packed-film-with-spectacular-car-chases-and-stunts; model year from PDF text
bmw,bmw/m3,,attachment,The all-new BMW M3 CS - Specifications,https://www.press.bmwgroup.com/usa/article/attachment/T0407854EN_US/594144,200,464762,228995503d4cb27009b463d73b01167d1fada38703f5685873a22cdbc1baa7c0,2026-10-02T12:21:32+00:00,press/press.bmwgroup.com/discovery/attachment-T0407854EN_US-594144.pdf,ok,model year not stated; article https://www.press.bmwgroup.com/usa/article/detail/T0407854EN_US/the-bmw-m3-cs:-lighter-stronger-faster
bmw,bmw/m3,,attachment,The all-new BMW M3 CS - Specifications,https://www.press.bmwgroup.com/usa/article/attachment/T0407854EN_US/594145,200,588212,641abc3106f4782367e80b634e8c3e8b133960e3bb4016fd796d715b66b343ac,2026-10-02T12:21:35+00:00,press/press.bmwgroup.com/discovery/attachment-T0407854EN_US-594145.pdf,ok,model year not stated; article https://www.press.bmwgroup.com/usa/article/detail/T0407854EN_US/the-bmw-m3-cs:-lighter-stronger-faster
